time,title,url,summary,source,overall_sentiment_score,overall_sentiment_label,ticker,ticker_relevance_score,ticker_sentiment_score,ticker_sentiment_label
2024-04-01 05:09:24,Flying cars - or eVTOLs - are becoming reality. Would you ride in one?,https://www.cnbc.com/2024/04/01/flying-cars-or-evtols-are-becoming-reality-what-next-for-the-tech.html,"Dozens of firms are working on electric vertical take-off and landing (eVTOL) vehicles, popularly called flying cars, hoping they will take flight this decade.",www.cnbc.com,0.133631,Neutral,BA,0.007441,0.021076,Neutral
2024-04-01 07:10:00,Is It Time to Buy the S&P 500's 3 Worst-Performing Stocks of March?,https://www.fool.com/investing/2024/04/01/time-to-buy-sp-500-worst-performing-stocks/,"The S&P 500 rose last month, but these stocks didn't.",www.fool.com,0.049187,Neutral,BA,0.20698,-0.043006,Neutral
2024-04-01 09:58:00,United flight to San Francisco diverted after odor fills cabin,https://www.foxbusiness.com/fox-news-travel/united-flight-to-san-francisco-diverted-after-odor-fills-cabin,"A United Airlines flight was forced to turn around when the contents of a broken toilet poured into the aircraft's cabin. United Flight 59 took off from Frankfurt, Germany, on Friday afternoon and was headed for San Francisco, California, before it had to reverse course a couple of hours into the ...",www.foxbusiness.com,-0.11557,Neutral,BA,0.535653,-0.207572,Somewhat-Bearish
2024-04-01 11:13:00,"A United Airlines flight had to turn around after one of the toilets started leaking into the cabin, report says",https://www.businessinsider.com/united-boeing-777-turned-around-after-toilet-overflowed-report-2024-4,United Boeing 777 turned around after toilet overflowed: Report - Business Insider ...,www.businessinsider.com,-0.007215,Neutral,BA,0.331765,0.014505,Neutral
2024-04-01 12:15:53,Daily: Inside The Downfall Of Stability AI Founder Emad Mostaque,https://www.forbes.com/sites/daniellechemtob/2024/04/01/forbes-daily-inside-the-downfall-of-stability-ai-founder-emad-mostaque/,"This is a published version of the Forbes Daily newsletter, you can sign-up to get Forbes Daily in your inbox here. We're one week away from a total solar eclipse in the U.S., and Niagara Falls is bracing for the ""largest influx of visitors"" the city has ever had.",www.forbes.com,0.038409,Neutral,BA,0.024622,-0.059173,Neutral
2024-04-01 13:15:00,Four-Day Workweeks Include 'You Do You' Days At This Company,https://www.forbes.com/sites/jenamcgregor/2024/04/01/four-day-workweeks-include-you-do-you-days-at-this-company/,"This is the published version of Forbes' Future of Work newsletter, which offers the latest news for chief human resources officers and other talent managers on disruptive technologies, managing the workforce and trends in the remote work debate. Click here to get it delivered to your inbox every ...",www.forbes.com,0.219286,Somewhat-Bullish,BA,0.024126,0.074593,Neutral
2024-04-01 13:40:10,Why Air Lease  ( AL )  is a Top Value Stock for the Long-Term,https://www.zacks.com/stock/news/2248369/why-air-lease-al-is-a-top-value-stock-for-the-long-term,The Zacks Style Scores offers investors a way to easily find top-rated stocks based on their investing style. Here's why you should take advantage.,www.zacks.com,0.418084,Bullish,BA,0.077343,0.133814,Neutral
2024-04-01 13:49:04,"United asks pilots to take unpaid time off, citing Boeing's delayed aircraft",https://www.cnbc.com/2024/04/01/united-asks-pilots-to-take-unpaid-time-off-citing-boeing-delays.html,United previously paused pilot hiring because of late-arriving aircraft from Boeing.,www.cnbc.com,0.014445,Neutral,BA,0.733479,0.031166,Neutral
2024-04-01 14:01:00,Lockheed  ( LMT )  Wins $96M Contract to Aid F-35 JSF Program,https://www.zacks.com/stock/news/2248482/lockheed-lmt-wins-96m-contract-to-aid-f-35-jsf-program,Lockheed (LMT) is set to provide continued infrastructure support for the F-35 Joint Strike Fighter program.,www.zacks.com,0.34309,Somewhat-Bullish,BA,0.201944,0.222261,Somewhat-Bullish
2024-04-01 15:37:50,Boeing Stock Down 25% Year-To-Date: Emergency Landing In Minnesota Worsens Turbulent Trajectory,https://markets.businessinsider.com/news/stocks/boeing-stock-down-25-year-to-date-emergency-landing-in-minnesota-worsens-turbulent-trajectory-1033211750,"Boeing Co ( NYSE:BA ) faces a challenging year, with its stock plummeting 25% year-to-date. The recent emergency landing of a Delta Air Lines flight at Minneapolis-St. Paul International Airport ( MSP ) further compounds the company's turbulent trajectory.",markets.businessinsider.com,-0.125122,Neutral,BA,0.8362,-0.180328,Somewhat-Bearish
2024-04-01 15:50:20,United Airlines is asking pilots to take time off in May because of a shortage of new Boeing planes,https://apnews.com/article/united-pilots-unpaid-leave-boeing-airplanes-573e059fa161c3f03de3a650dc2f98c5,"is asking its pilots to take time off in May because of delays in receiving new planes that the airline ordered from Boeing, which is struggling with production due to . A United spokesperson said Monday that the offer is voluntary.",apnews.com,0.021436,Neutral,BA,0.798255,-0.08019,Neutral
2024-04-01 16:32:00,United asks pilots to take unpaid time off as Boeing issues persist,https://www.foxbusiness.com/lifestyle/united-asks-pilots-take-unpaid-time-off-boeing-issues-persist,United Airlines pilots are being asked to take unpaid time off next month as the carrier contends with Boeing manufacturing delays.,www.foxbusiness.com,0.024105,Neutral,BA,0.71032,-0.034609,Neutral
2024-04-01 16:49:00,"I flew 2 European airlines across the Atlantic in economy. The seats were similar, but the food was night and day.",https://www.businessinsider.com/british-airways-vs-finnair-review-to-europe-winner-better-food-2024-3,"British Airways vs Finnair in economy to Europe: Similar seats, different food - Business Insider ...",www.businessinsider.com,0.098269,Neutral,BA,0.091509,0.008337,Neutral
2024-04-01 17:06:48,United Airlines Pilots Urged To Take Unpaid Leave Amid Boeing Woes: Report - United Airlines Holdings  ( NASDAQ:UAL ) ,https://www.benzinga.com/markets/equities/24/04/38028524/united-airlines-pilots-urged-to-take-unpaid-leave-amid-boeing-woes-report,"United Airlines Holdings Inc UAL is reportedly urging pilots to consider unpaid leave next month due to Boeing Company's BA delayed aircraft deliveries, as per a note to pilots.",www.benzinga.com,0.007222,Neutral,BA,0.699089,-0.139871,Neutral
2024-04-01 17:07:00,"People injured on the Latam Boeing 787 that dropped midair last month are being offered up to $7,650 in compensation, law firm says",https://www.businessinsider.com/latam-offering-compensation-passengers-hurt-in-midair-drop-2024-4,"Latam Airlines offering up to $7,650 to passengers hurt in midair drop - Business Insider ...",www.businessinsider.com,-0.080996,Neutral,BA,0.128135,-0.099665,Neutral
2024-04-01 17:46:00,United Airlines is asking pilots to take time off in May because of a shortage of new Boeing planes,https://apnews.com/article/united-pilots-unpaid-leave-boeing-airplanes-573e059fa161c3f03de3a650dc2f98c5,"is asking its pilots to take time off in May because of delays in receiving new planes that the airline ordered from Boeing, which is struggling with production due to . A United spokesperson said Monday that the offer is voluntary.",apnews.com,0.021436,Neutral,BA,0.798255,-0.08019,Neutral
2024-04-01 23:15:00,"U.S. Aerospace & Defense Top 5 OEMs 2024: Comparative SWOT & Strategy Focus of Boeing, General Dynamics, Lockheed Martin, Northrop Grumman, RTX",https://www.prnewswire.com/news-releases/us-aerospace--defense-top-5-oems-2024-comparative-swot--strategy-focus-of-boeing-general-dynamics-lockheed-martin-northrop-grumman-rtx-302103848.html,"U.S. Aerospace & Defense Top 5 OEMs 2024: Comparative SWOT & Strategy Focus of Boeing, General Dynamics ... PR ...",www.prnewswire.com,0.148585,Neutral,BA,0.029545,0.081622,Neutral
2024-04-01 23:45:00,"Strategic SWOT & Strategy Focus of the Top 7 Global Aerospace & Defense OEMs 2024-2027: Airbus, BAE Systems, Boeing, General Dynamics, Lockheed Martin, Northrop Grumman, RTX",https://www.prnewswire.com/news-releases/strategic-swot--strategy-focus-of-the-top-7-global-aerospace--defense-oems-2024-2027-airbus-bae-systems-boeing-general-dynamics-lockheed-martin-northrop-grumman-rtx-302103845.html,"Strategic SWOT & Strategy Focus of the Top 7 Global Aerospace & Defense OEMs 2024-2027: Airbus, BAE Systems ... PR ...",www.prnewswire.com,0.199509,Somewhat-Bullish,BA,0.040212,0.081378,Neutral
2024-04-02 00:06:00,United Airlines asks pilots to take voluntary unpaid leave because of Boeing delivery delay | Business,https://www.cnn.com/2024/04/01/business/united-airlines-pilots-voluntary-unpaid-leave-boeing-delivery-delay/index.html,United Airlines asks pilots to take voluntary unpaid leave because of Boeing delivery delay ...,www.cnn.com,-0.104845,Neutral,BA,0.70655,-0.126691,Neutral
2024-04-02 04:57:05,Vistara may see 70 more flight cancellations today amid crew shortage,https://www.business-standard.com/companies/news/vistara-may-see-70-more-flight-cancellations-today-amid-crew-shortage-124040200207_1.html,"Vistara may cancel some 70 flights on Tuesday after calling off nearly 50 a day before when several pilots took sick leave, news agency PTI reported quoting sources in the airline.",www.business-standard.com,-0.118211,Neutral,BA,0.128822,0.096938,Neutral
2024-04-02 08:18:00,How elite horses travel to one of the world's biggest racing events,https://www.cnn.com/sport/dubai-world-cup-racehorse-travel-hnk-spc/index.html,"On Saturday, 122 athletes awaited their turn to compete at one of the world's most prestigious tracks. Around two-thirds of them had flown in, from 14 countries across five continents, to attend one of the biggest racing events in their sport. These runners weren't wearing sneakers, though - ...",www.cnn.com,0.073091,Neutral,BA,0.030998,0.112817,Neutral
2024-04-02 11:00:01,Why streamers are shrinking their content libraries,https://www.cnbc.com/2024/04/02/streaming-platforms-are-shrinking-their-content-libraries.html,Data from Fandom suggests where the major streaming platforms are best poised to specialize based on current viewership.,www.cnbc.com,0.223532,Somewhat-Bullish,BA,0.037271,0.0,Neutral
2024-04-02 11:47:00,2024 Q1 Market Recap: Bullish Momentum Persists Despite Challenges,https://www.zacks.com/commentary/2248892/2024-q1-market-recap-bullish-momentum-persists-despite-challenges,"The first quarter of 2024 showcased remarkable resilience amidst various challenges. Despite concerns such as higher interest rates and geopolitical tensions, the major U.S. indices surged, with technology leading the charge.",www.zacks.com,0.20464,Somewhat-Bullish,BA,0.15347,-0.115342,Neutral
2024-04-02 12:00:02,How to avoid 'ghost preparers' and other tax scams as the April 15 federal filing deadline approaches,https://www.cnbc.com/2024/04/02/how-to-avoid-ghost-preparers-and-other-tax-scams-as-deadline-nears.html,"Fraud around tax season has been increasing. Last year, the IRS received nearly 300,000 complaints of reported identity theft. Here's how to avoid tax scams.",www.cnbc.com,0.002425,Neutral,BA,0.043738,0.0,Neutral
2024-04-02 12:03:34,"Bally's shareholders wage battle over ownership, 'unfunded development projects'",https://www.cnbc.com/2024/04/02/ballys-shareholders-wage-battle-over-ownership-development-projects.html,"Key investors are fighting back against Bally's Chairman Soo Kim, and his offer to buy the casino company and take it private.",www.cnbc.com,0.111631,Neutral,BA,0.044551,0.0,Neutral
2024-04-02 12:10:00,Boeing  ( BA )  Secures $116.7M Deal to Aid Apache Helicopter,https://www.zacks.com/stock/news/2249021/boeing-ba-secures-1167m-deal-to-aid-apache-helicopter,Boeing (BA) continues to expand its footprint in the military rotorcraft market with successful contract wins.,www.zacks.com,0.229202,Somewhat-Bullish,BA,0.34974,0.268219,Somewhat-Bullish
2024-04-02 12:15:00,Lockheed  ( LMT )  Secures Contract to Aid F-16 Jet Program,https://www.zacks.com/stock/news/2249029/lockheed-lmt-secures-contract-to-aid-f-16-jet-program,"Lockheed (LMT), with the latest contract win for its F-16 program, is set to expand its footprint in the fighter aircraft market.",www.zacks.com,0.31181,Somewhat-Bullish,BA,0.215415,0.186823,Somewhat-Bullish
2024-04-02 12:26:00,A United Airlines flight from Denver to London diverted to Chicago after a crack was discovered in the Boeing 787's windshield,https://www.businessinsider.com/united-boeing-787-flight-diverted-windshield-crack-latest-safety-issue-2024-4,United flight from Denver to London is diverted over windshield crack - Business Insider ...,www.businessinsider.com,-0.026441,Neutral,BA,0.485711,-0.065961,Neutral
2024-04-02 12:33:00,5 Profitable PEG-Based GARP Stocks for Investors,https://www.zacks.com/stock/news/2248924/5-profitable-peg-based-garp-stocks-for-investors,"Here are five stocks, AEO, JD, PDD, AL and TME, which fit our screening criteria.",www.zacks.com,0.36388,Bullish,BA,0.030878,0.129147,Neutral
2024-04-02 14:46:24,"RTX Stock Has 23% Upside, According to 1 Wall Street Analyst",https://www.fool.com/investing/2024/04/02/rtx-stock-has-23-upside-wall-street-analyst/,2024 could be a better year for this aerospace and defense company if the analyst's projections hold true.,www.fool.com,0.087513,Neutral,BA,0.119235,0.077763,Neutral
2024-04-02 17:14:51,Is Boeing Stock Going to $300? 1 Wall Street Analyst Thinks So.,https://www.fool.com/investing/2024/04/02/is-boeing-stock-going-to-300-1-wall-street-analyst/,"The company has notable promise with its 787 Dreamliner, according to the analyst.",www.fool.com,0.060812,Neutral,BA,0.488007,0.009687,Neutral
2024-04-02 17:54:39,Bankrupt Charter Airline iAero to Cease Operations - Synovus Finl  ( NYSE:SNV ) ,https://www.benzinga.com/news/24/04/38041519/bankrupt-charter-airline-iaero-to-cease-operations,"Headquartered in Greensboro, North Carolina, iAero operates several narrowbody cargo jets for DHL Express. Other customers include the National Hockey League and U.S. Immigration and Customs Enforcement. The airline's main flying base is at Miami International Airport.",www.benzinga.com,-0.083653,Neutral,BA,0.17879,0.04771,Neutral
2024-04-02 18:52:20,1 Wall Street Analyst Thinks Boeing Stock Is Going to $209. Is It a Sell?,https://www.fool.com/investing/2024/04/02/wall-street-analyst-thinks-boeing-stock-go-209-buy/,The market is growing more anxious over the company's mid-term targets.,www.fool.com,-0.109846,Neutral,BA,0.922387,-0.34014,Somewhat-Bearish
2024-04-02 19:10:50,Will GE do better as three companies than as one?,https://www.economist.com/business/2024/04/02/will-ge-do-better-as-three-companies-than-as-one,How to dismantle an industrial icon ...,www.economist.com,0.078624,Neutral,BA,0.068306,0.020257,Neutral
2024-04-02 19:23:13,"The dismantling of GE, once America's iconic everything company, is now complete | Business",https://www.cnn.com/2024/04/02/business/general-electric-split-explained/index.html,"The dismantling of GE, once America's iconic 'everything company,' is now complete ...",www.cnn.com,-0.036013,Neutral,BA,0.200134,0.036546,Neutral
2024-04-02 20:46:00,"After years in coach, I took my first long-haul flight in business class. Here are 10 surprising things about the most glamorous plane ride of my life.",https://www.businessinsider.com/business-class-first-time-flying-surprising-things-photos-2023-1,Surprising Things About Flying Business Class for the First Time - Business Insider ...,www.businessinsider.com,0.152315,Somewhat-Bullish,BA,0.042196,0.075902,Neutral
2024-04-03 10:27:11,FirstFT: End of the 'megafund' era for venture capital,https://www.ft.com/content/2d4f5199-45e0-48da-ab3b-11b223fb1550,"Also in today's newsletter, eurozone inflation drops to 2.4% and Nato ministers in talks to create $100bn fund for Ukraine ...",www.ft.com,-0.052878,Neutral,BA,0.036587,0.006846,Neutral
2024-04-03 11:51:00,Play Likely Earnings Beat With 5 Top-Ranked Stocks,https://www.zacks.com/stock/news/2249598/play-likely-earnings-beat-with-5-top-ranked-stocks,"Top-ranked stocks Deckers Outdoor (DECK), Five9 (FIVN), Openlane Inc (KAR), Air Lease (AL) and NVIDIA (NVDA) are likely to beat on the bottom line in their upcoming releases.",www.zacks.com,0.314918,Somewhat-Bullish,BA,0.03786,0.107055,Neutral
2024-04-03 12:19:59,Deepening India-Caribbean Relations: A Strategic Aircraft Sale and Regional Cooperation,https://www.financialexpress.com/business/defence-deepening-india-caribbean-relations-a-strategic-aircraft-sale-and-regional-cooperation-3445198/,"Facilitating a deeper bond between nations, India recently bolstered diplomatic relations by delivering two state-of-the-art Dornier 228 aircraft, manufactured by Hindustan Aeronautics Limited ( HAL ) , to Guyana on Sunday.",www.financialexpress.com,0.331723,Somewhat-Bullish,BA,0.058472,0.060977,Neutral
2024-04-03 13:11:00,Lockheed  ( LMT )  Secures a Contract to Support H-60 Helicopters,https://www.zacks.com/stock/news/2249831/lockheed-lmt-secures-a-contract-to-support-h-60-helicopters,Lockheed (LMT) is set to offer sustainment engineering and logistics services support for all types/models/series of H-60 helicopters.,www.zacks.com,0.301676,Somewhat-Bullish,BA,0.16099,0.156988,Somewhat-Bullish
2024-04-03 13:50:12,Are You a Momentum Investor? This 1 Stock Could Be the Perfect Pick,https://www.zacks.com/stock/news/2249792/are-you-a-momentum-investor-this-1-stock-could-be-the-perfect-pick,"Wondering how to pick strong, market-beating stocks for your investment portfolio? Look no further than the Zacks Style Scores.",www.zacks.com,0.321149,Somewhat-Bullish,BA,0.118064,0.148746,Neutral
2024-04-03 14:29:06,Navigating The Skies: Airbus' Q1 Deliveries Reportedly Surge 12% - Airbus  ( OTC:EADSY ) ,https://www.benzinga.com/markets/equities/24/04/38070897/navigating-the-skies-airbus-q1-deliveries-reportedly-surge-12,"Airbus SE EADSY reportedly saw a notable uptick in aircraft deliveries during the first quarter, with a 12% increase to 142 aircraft. This development marked a recovery, bringing deliveries back to the level observed in the initial quarter of 2022, following a sluggish start in 2023, Reuters ...",www.benzinga.com,0.088054,Neutral,BA,0.323078,-0.111118,Neutral
2024-04-03 14:34:00,Blinken grounded by problems with his Boeing jet | Business,https://www.cnn.com/2024/04/03/business/blinken-grounded-boeing-jet/index.html,Blinken grounded by problems with his Boeing jet ...,www.cnn.com,-0.137268,Neutral,BA,0.807885,-0.230498,Somewhat-Bearish
2024-04-03 15:34:37,Here's Why GE Aerospace  ( Formerly General Electric )  Soared in March,https://www.fool.com/investing/2024/04/03/heres-why-ge-aerospace-formerly-general-electric-s/,Investors warmed to the breakup of General Electric into two separate companies.,www.fool.com,0.333682,Somewhat-Bullish,BA,0.098659,0.0,Neutral
2024-04-03 16:30:59,Why Shares in GE Aerospace Surged Higher Today,https://www.fool.com/investing/2024/04/03/why-shares-in-ge-aerospace-surged-higher-today/,The aerospace and defense company received some positive updates from Wall Street analysts today.,www.fool.com,0.136025,Neutral,BA,0.119235,0.084829,Neutral
2024-04-03 16:54:00,"Alaska Airlines Boeing jet experiences flooding, turns around during flight from Hawaii to Anchorage",https://www.foxbusiness.com/lifestyle/alaska-airlines-boeing-jet-experiences-flooding-turns-around-flight-hawaii-anchorage,"An Alaska Airlines flight from Honolulu to Anchorage had to turn around after a malfunctioning bathroom sink flooded the cabin of the Boeing 737 Max 9 jet, according to reports. The flight took off at 10:16 p.m. Friday, according to FlightAware.",www.foxbusiness.com,-0.028264,Neutral,BA,0.274834,-0.105566,Neutral
2024-04-03 20:12:00,Intuitive Machines-led Moon RACER Team Awarded NASA Lunar Terrain Vehicle Contract to Support the Agency's Artemis Campaign,https://www.globenewswire.com/news-release/2024/04/03/2857367/0/en/Intuitive-Machines-led-Moon-RACER-Team-Awarded-NASA-Lunar-Terrain-Vehicle-Contract-to-Support-the-Agency-s-Artemis-Campaign.html,"HOUSTON, April 03, 2024 ( GLOBE NEWSWIRE ) -- NASA has awarded Intuitive Machines, Inc. ( Nasdaq: LUNR, LUNRW ) ( ""Intuitive Machines"" ) ( ""Company"" ) $30 million as a prime contractor to complete a Lunar Terrain Vehicle Services Feasibility Assessment.",www.globenewswire.com,0.114686,Neutral,BA,0.051999,0.190002,Somewhat-Bullish
2024-04-03 20:12:46,"Intuitive Machines-led Moon RACER Team Awarded NASA Lunar Terrain Vehicle Contract to Support the Agency's Artemis Campaign - Intuitive Machines  ( NASDAQ:LUNRW ) , Intuitive Machines  ( NASDAQ:LUNR ) ",https://www.benzinga.com/pressreleases/24/04/g38078096/intuitive-machines-led-moon-racer-team-awarded-nasa-lunar-terrain-vehicle-contract-to-support-the-,"HOUSTON, April 03, 2024 ( GLOBE NEWSWIRE ) -- NASA has awarded Intuitive Machines, Inc. LUNR LUNRW ) ) ) ( ""Intuitive Machines"" ) ( ""Company"" ) $30 million as a prime contractor to complete a Lunar Terrain Vehicle Services Feasibility Assessment.",www.benzinga.com,0.121769,Neutral,BA,0.05084,0.18599,Somewhat-Bullish
2024-04-03 20:57:59,Intuitive Machines Stock Lifts Off After The Bell: What's Going On? - Intuitive Machines  ( NASDAQ:LUNR ) ,https://www.benzinga.com/news/24/04/38079887/intuitive-machines-stock-lifts-off-after-the-bell-whats-going-on,Intuitive Machines Inc LUNR shares are rising in extended trading Wednesday after the company was awarded a Lunar Terrain Vehicle contract with NASA. What To Know: NASA awarded Intuitive Machines $30 million as a prime contractor to complete a Lunar Terrain Vehicle Services Feasibility Assessment.,www.benzinga.com,0.312643,Somewhat-Bullish,BA,0.111488,0.253401,Somewhat-Bullish
2024-04-03 21:25:59,This Billionaire-Backed Space Company Could Build The Next Moon Rover For NASA Astronauts,https://www.forbes.com/sites/mollybohannon/2024/04/03/this-billionaire-backed-space-company-could-build-the-next-moon-rover-for-nasa-astronauts/,Billionaire-Backed Intuitive Machines Gets NASA Contract For Moon Rover Forbes ...,www.forbes.com,0.284134,Somewhat-Bullish,BA,0.064449,0.112117,Neutral
2024-04-03 21:50:19,Boeing  ( BA )  Stock Sinks As Market Gains: What You Should Know,https://www.zacks.com/stock/news/2250097/boeing-ba-stock-sinks-as-market-gains-what-you-should-know,"In the most recent trading session, Boeing (BA) closed at $184.92, indicating a -1.66% shift from the previous trading day.",www.zacks.com,0.223171,Somewhat-Bullish,BA,0.545136,0.262516,Somewhat-Bullish
2024-04-03 23:05:21,"Passenger, flight attendant injured during severe turbulence on Southwest flight",https://www.cnn.com/travel/passenger-flight-attendant-injured-southwest-turbulence/index.html,"Two people were injured when a Southwest Airlines flight encountered severe turbulence on Wednesday morning and had to make an emergency landing in Tampa, Florida, according to a spokesperson for Tampa International Airport.",www.cnn.com,-0.195834,Somewhat-Bearish,BA,0.233556,-0.143084,Neutral
2024-04-04 03:18:43,Tata group's Vistara could cut flights amid pilot shortage: Report,https://www.business-standard.com/companies/news/tata-group-s-vistara-could-cut-flights-amid-pilot-shortage-report-124040301329_1.html,"The CEO of India's Vistara Airlines told employees at a meeting on Wednesday that it will revise crew rosters and may scale back flights to address ongoing disruption due to a sudden shortage of pilots, two people familiar with the discussions said.",www.business-standard.com,-0.278285,Somewhat-Bearish,BA,0.130217,-0.18266,Somewhat-Bearish
2024-04-04 09:57:00,JetZero: Groundbreaking 'blended-wing' demonstrator plane cleared to fly,https://www.cnn.com/travel/jetzero-pathfinder-subscale-demonstrator/index.html,"The basic design of commercial airplanes hasn't changed much in the past 60 years. Modern airliners like the Boeing 787 and the Airbus A350 have the same general shape as the Boeing 707 and the Douglas DC-8, which were built in the late 1950s and solidified the ""tube and wing"" form factor that is ...",www.cnn.com,0.20585,Somewhat-Bullish,BA,0.19182,0.055663,Neutral
2024-04-04 10:00:00,Is Virgin Galactic in Trouble?,https://www.fool.com/investing/2024/04/04/is-virgin-galactic-in-trouble/,"The stock is down, but is the news that bad at Virgin Galactic?",www.fool.com,-0.195632,Somewhat-Bearish,BA,0.817578,-0.174937,Somewhat-Bearish
2024-04-04 11:00:00,Air Canada Inaugurates Newest Pacific Route from Vancouver to Singapore,https://www.newswire.ca/news-releases/air-canada-inaugurates-newest-pacific-route-from-vancouver-to-singapore-896156089.html,"• The only non-stop flights linking and • Four times weekly, year-round flights facilitating connections across via YVR and to , and via • Route is nearly 13,000 km and is Air Canada's longest flight measured by distance",www.newswire.ca,0.353438,Bullish,BA,0.038717,0.167509,Somewhat-Bullish
2024-04-04 12:00:00,AAR announces exclusive commercial distribution agreement with TRIUMPH - AAR  ( NYSE:AIR ) ,https://www.benzinga.com/pressreleases/24/04/n38088395/aar-announces-exclusive-commercial-distribution-agreement-with-triumph,"WOOD DALE, Ill. , April 4, 2024 /PRNewswire/ -- AAR CORP. AIR, a leading provider of aviation services to commercial and government operators, MROs, and OEMs, has announced an exclusive multi-year commercial distribution agreement with TRIUMPH's Actuation Products & Services business unit.",www.benzinga.com,0.171365,Somewhat-Bullish,BA,0.134214,0.112883,Neutral
2024-04-04 12:27:27,Why Intuitive Machines Shares Are Soaring Today - Intuitive Machines  ( NASDAQ:LUNR ) ,https://www.benzinga.com/news/24/04/38089376/why-intuitive-machines-shares-are-soaring-today,Intuitive Machines Inc LUNR shares are trading higher after NASA awarded the company $30 million as a prime contractor to complete a Lunar Terrain Vehicle Services Feasibility Assessment.,www.benzinga.com,0.325825,Somewhat-Bullish,BA,0.275867,0.412626,Bullish
2024-04-04 12:36:00,"One of Wall Street's most powerful people is predicting that a 4-day workweek is coming, but there is a catch",https://www.businessinsider.com/four-day-workweek-wall-street-steve-cohen-aii-rise-pga-2024-3,Billionaire Steve Cohen predicts that a four-day workweek is coming - Business Insider ...,www.businessinsider.com,-0.041184,Neutral,BA,0.035241,-0.184517,Somewhat-Bearish
2024-04-04 12:40:00,Lockheed  ( LMT )  Wins $181M Contract to Aid F-35 Jet Program,https://www.zacks.com/stock/news/2250454/lockheed-lmt-wins-181m-contract-to-aid-f-35-jet-program,Lockheed (LMT) is set to procure various special tooling and test equipment to support the production of F-35 aircraft.,www.zacks.com,0.370792,Bullish,BA,0.21686,0.234508,Somewhat-Bullish
2024-04-04 12:47:25,"What Boeing, Disney and others can learn from General Electric",https://www.economist.com/leaders/2024/04/04/what-boeing-disney-and-others-can-learn-from-general-electric,"O are chief executives appointed with a mandate for dismemberment. Yet when Larry Culp assumed the top job at General Electric ( ) in October 2018, he was expected to sell parts of the 130-year-old conglomerate at a pace even faster than his empire-building predecessors had assembled them.",www.economist.com,0.094622,Neutral,BA,0.121959,0.017795,Neutral
2024-04-04 13:00:14,What's Next For General Electric Stock After A 35% Rise This Year?,https://www.forbes.com/sites/greatspeculations/2024/04/04/whats-next-for-general-electric-stock-after-a-35-rise-this-year/,"General Electric ( NYSE: GE ) completed the spin-off of its power and renewables energy businesses on April 2. The spinoff company - GE Vernova - is now the new standalone energy company, while GE Aerospace will be focused on the company's aviation technology products.",www.forbes.com,0.187925,Somewhat-Bullish,BA,0.089129,-0.007398,Neutral
2024-04-04 13:13:08,Boeing pays Alaska Airlines $160 million for 737 Max 9 grounding,https://www.cnbc.com/2024/04/04/boeing-pays-alaska-airlines-160-million-for-737-max-9-grounding.html,The FAA grounded the planes after a door panel blew out of an Alaska Airlines Boeing 737 Max 9 midflight.,www.cnbc.com,-0.011883,Neutral,BA,0.798255,-0.099425,Neutral
2024-04-04 13:36:00,"Airline Stock Roundup: AZUL Posts Loss in Q4, ALGT's February Traffic Improves",https://www.zacks.com/stock/news/2250435/airline-stock-roundup-azul-posts-loss-in-q4-algts-february-traffic-improves,JetBlue (JBLU) expands its international presence. Alaska Air (ALK) expects its long-term profitability to be hurt due to Boeing's woes.,www.zacks.com,0.169647,Somewhat-Bullish,BA,0.167322,0.068985,Neutral
2024-04-04 13:56:54,"Boeing paid $160 mn in compensation after MAX 9 grounding, says Alaska Air",https://www.business-standard.com/companies/news/boeing-paid-160-mn-in-compensation-after-max-9-grounding-says-alaska-air-124040400986_1.html,"Alaska Air Group said on Thursday that Boeing had paid about $160 million to the airline in the first quarter as initial compensation to address the hit from the temporary grounding of 737 MAX 9 jets. The payment is equivalent to lost profits in the quarter, the carrier said in a filing, adding ...",www.business-standard.com,-0.129133,Neutral,BA,0.669956,-0.356733,Bearish
2024-04-04 14:04:33,Boeing Pays Alaska Airlines $160 Million After Door Blowout Incident,https://www.forbes.com/sites/jamesfarrell/2024/04/04/boeing-pays-alaska-airlines-160-million-after-door-blowout-incident/,"Alaska Airlines announced in a filing Thursday it received a $160 million cash payment from Boeing in compensation for lost revenues stemming from the January mid-flight door plug blowout incident, which forced the grounding of Boeing 737 Max 9 planes, an FAA investigation into Boeing's safety ...",www.forbes.com,0.082754,Neutral,BA,0.76367,0.13585,Neutral
2024-04-04 14:05:55,5 largest airlines in Africa by fleet size in 2024,https://africa.businessinsider.com/local/lifestyle/5-largest-airlines-in-africa-by-fleet-size/pfhemdk,"There have been forecasts for a surge in intra-African passenger traffic over the next two decades, with numbers expected to skyrocket more than fourfold. The continent's air traffic growth has been projected to soar at a rate of 7.4%, ranking as the third highest among global regions.",africa.businessinsider.com,0.186646,Somewhat-Bullish,BA,0.28442,0.187801,Somewhat-Bullish
2024-04-04 14:07:00,Qatar Airways' Qsuite is one of the best business class seats in the sky - here's how to book it with points,https://www.cnn.com/cnn-underscored/travel/tips-to-book-qatar-qsuites-points-miles,Qatar Airways' Qsuite is one of the best business class seats in the sky - here's how to book it with miles CNN Underscored ...,www.cnn.com,0.301757,Somewhat-Bullish,BA,0.068764,-0.043189,Neutral
2024-04-04 15:04:15,"Boeing Faces Production Slowdown Amid Regulatory Scrutiny, Prompts Industry Ripples and Investor Concerns - Boeing  ( NYSE:BA ) ",https://www.benzinga.com/markets/equities/24/04/38093903/boeing-faces-production-slowdown-amid-regulatory-scrutiny-prompts-industry-ripples-and-investor-,Production of Boeing Company's BA 737 MAX jetliners has reportedly declined significantly in recent weeks due to increased factory inspections by U.S. regulators and a slowdown on the assembly line near Seattle as workers focus on completing remaining tasks.,www.benzinga.com,0.200892,Somewhat-Bullish,BA,0.608634,0.445001,Bullish
2024-04-04 15:08:37,Now Trains Must Have Two-Person Crews. Will That Continue For Airplanes?,https://www.forbes.com/sites/tedreed/2024/04/04/now-trains-must-have-two-person-crews-but-what-about-airplanes/,"Once the Department of Transportation on Tuesday unveiled new rules requiring two-member crews on board most freight trains, three U.S. pilot unions raised the question: Can the same policy continue for aircraft?",www.forbes.com,0.17988,Somewhat-Bullish,BA,0.200134,0.129886,Neutral
2024-04-04 16:20:23,Boeing pays Alaska Airlines $160 million in compensation for the blowout of a panel during flight,https://apnews.com/article/boeing-compensation-alaska-airlines-accident-5e969c05ac6e670f1a297fb14eee7ff0,"Alaska Airlines says Boeing has paid the carrier $160 million in ""initial compensation"" for a panel that blew out of an Alaska Boeing 737 Max 9 jetliner in January. The airline said Thursday that it expects additional compensation, the terms of which it said are confidential.",apnews.com,-0.079672,Neutral,BA,0.646507,-0.139554,Neutral
2024-04-04 16:45:08,Boeing paid $160M to Alaska Airline to compensate for door plug incident - .com,https://www.upi.com/Top_News/US/2024/04/04/Boeing-Alaska-Airline-FAA/3641712246829/,Boeing paid $160M to Alaska Airline to compensate for door plug incident UPI News ...,www.upi.com,0.049963,Neutral,BA,0.622414,-0.137873,Neutral
2024-04-04 17:29:25,"Compensation Package: Boeing Assists Alaska Air with $160M Amid Crisis - Alaska Air Gr  ( NYSE:ALK ) , Boeing  ( NYSE:BA ) ",https://www.benzinga.com/markets/equities/24/04/38097239/compensation-package-boeing-assists-alaska-air-with-160m-amid-crisis,Alaska Air Group Inc ALK stated that Boeing Co BA had disbursed approximately $160 million to the airline during the first quarter as initial compensation for the impact of the 737-9 MAX groundings.,www.benzinga.com,0.124484,Neutral,BA,0.512093,-0.051457,Neutral
2024-04-04 20:19:00,Pilot says brakes seemed less effective than usual before a United Airlines jet slid off a taxiway,https://apnews.com/article/united-airlines-boeing-jet-off-runway-db9f71e11962e01f149d634f1ad4baae,HOUSTON ( AP ) - The captain of a United Airlines jet said the brakes seemed less effective than normal and the plane and brake pedals shook violently just before the Boeing 737 Max slid off a taxiway in Houston last month.,apnews.com,-0.050471,Neutral,BA,0.154455,-0.072607,Neutral
2024-04-04 21:10:00,Best Credit Unions of 2024,https://www.businessinsider.com/personal-finance/best-credit-unions,Top Credit Unions of 2024: a Comprehensive Guide - Business Insider ...,www.businessinsider.com,0.474866,Bullish,BA,0.015197,0.251361,Somewhat-Bullish
2024-04-05 02:56:10,Boeing pays Alaska Airlines $160 million in cash in 'initial payment' following mid-air blowout,https://www.foxbusiness.com/markets/boeing-pays-alaska-airlines-160-million-cash-initial-payment-following-mid-air-blowout,Boeing has paid Alaska Airlines $160 million in cash Fox Business ...,www.foxbusiness.com,-0.175504,Somewhat-Bearish,BA,0.733479,-0.138885,Neutral
2024-04-05 05:01:43,"Alaska Airlines mid-air blowout incident: Boeing pays $160 million in compensation for blowout of panel during flight at 16,000 feet",https://www.financialexpress.com/business/airlines-aviation-alaska-airlines-mid-air-blowout-incident-boeing-pays-160-million-in-compensation-for-blowout-of-panel-during-flight-at-16000-feet-3447179/,"Alaska Airlines on Thursday ( April 4 ) revealed that Boeing has provided the carrier with USD 160 million in ""initial compensation"" for an incident involving a panel detachment from an Alaska Boeing 737 Max 9 aircraft in January.",www.financialexpress.com,-0.120552,Neutral,BA,0.535653,-0.311774,Somewhat-Bearish
2024-04-05 08:25:00,"GE Aerospace Stock Has 19% Upside, According to 1 Wall Street Analyst",https://www.fool.com/investing/2024/04/05/ge-aerospace-stock-upside-wall-street-analyst/,The new company's growth is just getting started.,www.fool.com,0.273393,Somewhat-Bullish,BA,0.109956,0.149204,Neutral
2024-04-05 09:04:50,"Boeing, Airbus Near Deal To Divide Operations Of Key Supplier Spirit AeroSystems: Report - Airbus  ( OTC:EADSY ) , Boeing  ( NYSE:BA ) ",https://www.benzinga.com/news/24/04/38105865/boeing-airbus-near-deal-to-divide-operations-of-key-supplier-spirit-aerosystems-report,"In a significant development within the aerospace sector, Boeing Co. BA and Airbus SE EADSY are reportedly on the verge of finalizing a deal that would see them split the operations of Spirit AeroSystems Holdings Inc. SPR, a major supplier to both companies.",www.benzinga.com,0.136047,Neutral,BA,0.644856,-0.022086,Neutral
2024-04-05 09:21:00,"2 Dow Stocks That Are No-Brainer Buys in April, and 1 to Avoid Like the Plague",https://www.fool.com/investing/2024/04/05/2-dow-stocks-no-brainer-buys-in-april-1-to-avoid/,"The Dow is comprised of 30 time-tested companies. Two of these top-notch businesses are begging to be bought by opportunistic long-term investors, while another fails to pass muster.",www.fool.com,0.103919,Neutral,BA,0.394568,-0.014069,Neutral
2024-04-05 10:30:00,3D Printed Satellite Market worth $487 million by 2030 - Exclusive Report by MarketsandMarkets™,https://www.prnewswire.com/news-releases/3d-printed-satellite-market-worth-487-million-by-2030---exclusive-report-by-marketsandmarkets-302109154.html,"CHICAGO, April 5, 2024 /PRNewswire/ -- The 3D printed satellite market is projected to grow from USD 112 million in 2024 to USD 487 million by 2030, at a CAGR of 27.7% from 2024 to 2030 according to a new report by MarketsandMarkets™.",www.prnewswire.com,0.287966,Somewhat-Bullish,BA,0.078354,0.064841,Neutral
2024-04-05 12:08:52,"Safety Saga: Investigators Reportedly Scrutinize United Pilot's Braking Technique Following Runway Skid - United Airlines Holdings  ( NASDAQ:UAL ) , Boeing  ( NYSE:BA ) ",https://www.benzinga.com/markets/equities/24/04/38108255/safety-saga-investigators-reportedly-scrutinize-united-pilots-braking-technique-following-runway,Investigators are reportedly probing actions taken by the United Airlines Holdings Inc's UAL flight crew before a plane veered off the runway at George Bush Intercontinental Airport in Houston last month.,www.benzinga.com,0.117573,Neutral,BA,0.459624,0.069241,Neutral
2024-04-05 13:32:00,Boeing's new chairman is trying to repair broken trust with some of its biggest customers,https://www.businessinsider.com/boeing-new-chairman-trying-to-win-back-airlines-trust-2024-4,Boeing's new chairman is trying to win back airlines' trust - Business Insider ...,www.businessinsider.com,-0.038193,Neutral,BA,0.570165,0.095887,Neutral
2024-04-05 13:50:38,"Boeing, Nvidia, Starbucks: BD8 Capital Partners CIO Reveals Her Top Stock Picks - NVIDIA  ( NASDAQ:NVDA ) , Boeing  ( NYSE:BA ) ",https://www.benzinga.com/analyst-ratings/analyst-color/24/04/38110374/boeing-nvidia-starbucks-bd8-capital-partners-cio-reveals-her-top-stock-picks,"Barbara Doran, BD8 Capital Partners' Chief Investment Officer, and Senior Portfolio Manager has divulged her top stock picks, demonstrating a bullish outlook on the wider stock market. What Happened: Doran's selections include Boeing Co. BA, Nvidia Corp. NVDA, and Starbucks Corp.",www.benzinga.com,0.38643,Bullish,BA,0.294682,-0.101394,Neutral
2024-04-05 13:52:00,"Airline pilots at Delta, American, and United can make more than $500k a year - here's how their pay compares",https://www.businessinsider.com/airline-pilot-pay-salary-american-delta-united-captain-first-officer-2024-4,"How Much Pilots Are Paid at American, Delta, and United Airlines - Business Insider ...",www.businessinsider.com,0.121964,Neutral,BA,0.118647,0.0,Neutral
2024-04-05 15:15:14,Why Spirit AeroSystems Stock Took Off in March,https://www.fool.com/investing/2024/04/05/why-spirit-aerosystems-stock-took-off-in-march/,A failed experiment might soon be coming to a close.,www.fool.com,0.139517,Neutral,BA,0.878814,0.215652,Somewhat-Bullish
2024-04-05 15:22:00,Alaska Air  ( ALK )  Gets Initial $160 M Compensation From Boeing,https://www.zacks.com/stock/news/2251277/alaska-air-alk-gets-initial-160-m-compensation-from-boeing,Boeing's (BA) initial compensation of $160 million to Alaska Air (ALK) covers ALK's pretax loss pertaining to the Jan 5 accident.,www.zacks.com,0.086221,Neutral,BA,0.379435,-0.206765,Somewhat-Bearish
2024-04-05 15:34:47,Why GE Aerospace Stock Is Up Today,https://www.fool.com/investing/2024/04/05/why-ge-aerospace-stock-is-up-today/,"Freed from its baggage, this aerospace stock is positioned to soar.",www.fool.com,0.144344,Neutral,BA,0.22595,0.247767,Somewhat-Bullish
2024-04-05 16:00:57,AI-Driven Chats With Virtual World War II Veterans Bring History To Life,https://www.forbes.com/sites/lesliekatz/2024/04/05/ai-driven-chats-with-virtual-world-war-ii-veterans-bring-history-to-life/,"Hershel Woodrow ""Woody"" Williams was the last living World War II Medal of Honor recipient when he died in 2022. Two years later, a virtual version of the U.S. marine sits tall in a chair at the National World War II Museum, his medal hanging from his neck and military decorations bedecking his ...",www.forbes.com,0.074299,Neutral,BA,0.058759,0.104994,Neutral
2024-04-05 16:12:38,An engine on a Southwest Airlines jet caught fire before taking off from Texas,https://apnews.com/article/southwest-airlines-plane-engine-fire-texas-c8ef3fdf15f431bfaa16f5aa6f061457,"DALLAS ( AP ) - Federal officials are investigating a reported engine fire that forced a Southwest Airlines plane to cancel takeoff and return to the gate at the Lubbock, Texas, airport on Thursday.",apnews.com,-0.199303,Somewhat-Bearish,BA,0.472338,-0.104621,Neutral
2024-04-05 17:17:40,Why Shares in This Aerospace Supplier Soared in March,https://www.fool.com/investing/2024/04/05/why-shares-in-this-aerospace-supplier-soared-in-ma/,An upbeat assessment from a leading industry player encouraged investors to be bullish on this supplier's prospects.,www.fool.com,0.302579,Somewhat-Bullish,BA,0.09402,0.049843,Neutral
2024-04-05 17:33:36,"Meet Stephanie Pope, The Woman Trying To Clean Up Boeing's 737 MAX Mess",https://www.forbes.com/sites/jeremybogaisky/2024/04/05/boeing-737-max-stephanie-pope/,Industry observers are skeptical the finance specialist has the right skills to fix Boeing's troubled airliner division. Former co-workers tell Forbes why management is putting its faith in her.,www.forbes.com,0.114964,Neutral,BA,0.47672,0.132037,Neutral
2024-04-05 20:43:49,Why Southwest Airlines Stock Lost Altitude in March,https://www.fool.com/investing/2024/04/05/why-southwest-airlines-stock-lost-altitude-in-marc/,Issues at Boeing are impacting the airline's growth plans.,www.fool.com,0.012184,Neutral,BA,0.48268,-0.06302,Neutral
2024-04-05 20:54:00,"Boeing CEO Calhoun took home $5 million last year, compensation package hit by Max crisis",https://www.cnbc.com/2024/04/05/boeing-ceo-calhoun-took-home-5-million-last-year-ahead-of-737-max-crisis.html,"Boeing's CEO declined to be considered for his 2023 annual bonus, which had a target of $2.8 million the company said.",www.cnbc.com,-0.098897,Neutral,BA,0.769861,-0.064446,Neutral
2024-04-05 20:54:01,Boeing CEO Dave Calhoun was paid $32.8 million in 2023 | Business,https://www.cnn.com/2024/04/05/business/boeing-ceo-pay/index.html,Boeing CEO Dave Calhoun was paid $32.8 million in ...,www.cnn.com,-0.062426,Neutral,BA,0.608634,-0.118296,Neutral
2024-04-05 21:45:16,Boeing  ( BA )  Stock Drops Despite Market Gains: Important Facts to Note,https://www.zacks.com/stock/news/2251450/boeing-ba-stock-drops-despite-market-gains-important-facts-to-note,"In the closing of the recent trading day, Boeing (BA) stood at $183.14, denoting a -0.08% change from the preceding trading day.",www.zacks.com,0.21614,Somewhat-Bullish,BA,0.537213,0.29929,Somewhat-Bullish
2024-04-05 22:15:00,"Air India transformation in final leg, CEO tells staff",https://www.financialexpress.com/business/airlines-aviation-air-india-transformation-in-final-leg-ceo-tells-staff-3448182/,"Air India managing director and CEO Campbell Wilson on Friday said the airline has entered the final leg of its evolution after spending 18 months under transformation plan called Vihaan.AI, that was launched in September 2022.",www.financialexpress.com,0.15171,Somewhat-Bullish,BA,0.098659,0.0,Neutral
2024-04-05 22:47:46,Boeing's CEO got compensation worth nearly $33 million last year but lost a $3 million bonus,https://apnews.com/article/boeing-ceo-compensation-max-blowout-3947f238f49487cec7f766a501a67c09,"Boeing CEO David Calhoun received compensation valued at $33 million last year, nearly all of it in stock awards, but his stock payout for this year will be cut by nearly one-fourth because of the drop in Boeing's share price since the January on one of its planes in midflight.",apnews.com,0.103942,Neutral,BA,0.812724,0.122652,Neutral
2024-04-06 01:40:16,Boeing's CEO David Calhoun got compensation worth $33 mn last year,https://www.business-standard.com/world-news/boeing-s-ceo-david-calhoun-got-compensation-worth-33-mn-last-year-124040600030_1.html,"Boeing CEO David Calhoun received compensation valued at $33 million last year, nearly all of it in stock awards, but his stock payout for this year will be cut by nearly one-fourth because of the drop in Boeing's share price since the January blowout of a panel on one of its planes in midflight.",www.business-standard.com,0.203027,Somewhat-Bullish,BA,0.71174,0.271641,Somewhat-Bullish
2024-04-06 06:26:30,Elon Musk Reacts As Boeing CEO David Calhoun Receives $33M Compensation In 2023 Despite Airplane-Maker's Security Woes - Boeing  ( NYSE:BA ) ,https://www.benzinga.com/news/24/04/38130210/elon-musk-reacts-as-boeing-ceo-david-calhoun-receives-33m-compensation-in-2023-despite-airplane-make,Planemaker Boeing Co BA said on Friday that the company paid its outgoing CEO David Calhoun $32.8 million as total compensation in 2023.,www.benzinga.com,0.091558,Neutral,BA,0.560594,0.134282,Neutral
2024-04-06 07:00:00,These plane crash survivors and victims' loved ones are becoming scared to fly again after years of travel. They're not alone,https://www.cnn.com/travel/plane-crash-survivors-fear-of-flying/index.html,A sickening sense of deja vu flooded over Barb Handley and her siblings as news of the midflight blowout of an Alaska Airlines plug door - and the gaping hole it left behind - emerged in January.,www.cnn.com,-0.104306,Neutral,BA,0.328391,-0.147793,Neutral
2024-04-06 07:33:01,Boeing CEO got nearly $33 million compensation in 2023; this year his stock payout will be cut down by 25%,https://www.financialexpress.com/business/airlines-aviation-boeing-ceo-got-nearly-33-million-compensation-in-2023-this-year-his-stock-payout-will-be-cut-down-by-25-3448440/,Boeing CEO got nearly $33 million compensation in 2023. this year his stock payout will be cut down by 25% The Financial Express ...,www.financialexpress.com,0.144124,Neutral,BA,0.7887,0.20413,Somewhat-Bullish
2024-04-06 09:48:48,Boeing Crisis Could Slow Airline Growth For Years,https://www.forbes.com/sites/marisagarcia/2024/04/06/boeing-crisis-could-slow-airline-growth-for-years/,"A new analysis by Morningstar DBRS suggests that Boeing's current safety issues and production limitations could ""persist for years,"" complicating airline operations and leading to higher airfares for travelers.",www.forbes.com,-0.009766,Neutral,BA,0.419153,-0.03754,Neutral
2024-04-06 10:00:00,Are We Headed for a Resurgence of Dividend Investing?,https://www.fool.com/investing/2024/04/06/are-we-headed-for-a-resurgence-of-dividend-investi/,"For decades, dividends have been out of style. History suggests that may soon change.",www.fool.com,0.158879,Somewhat-Bullish,BA,0.009372,0.109222,Neutral
2024-04-06 10:30:00,Boeing's Leadership Shake-Up,https://www.fool.com/investing/2024/04/06/boeings-leadership-shake-up/,And IWG CEO Mark Dixon talks with us about the global shift toward hybrid work.,www.fool.com,0.193841,Somewhat-Bullish,BA,0.070517,0.018216,Neutral
2024-04-06 10:58:00,This new 'blended-wing' plane looks like a military stealth bomber and just got the green light to fly after decades of development,https://www.businessinsider.com/new-widebody-plane-blended-wing-body-jetzero-pathfinder-2024-4,See the new spaceship-like plane that a startup wants to certify by 2030 - Business Insider ...,www.businessinsider.com,0.179472,Somewhat-Bullish,BA,0.233556,0.102473,Neutral
2024-04-06 12:00:01,Why the Boeing 737 Max has been so problematic,https://www.cnbc.com/2024/04/06/why-the-boeing-737-max-has-been-so-problematic.html,CNBC explores how Boeing's 737 Max crisis unfolded and what the future holds for Boeing's best-selling jet.,www.cnbc.com,-0.322689,Somewhat-Bearish,BA,0.689185,-0.498041,Bearish
2024-04-06 12:15:00,Can a New CEO Fix Boeing?,https://www.fool.com/investing/2024/04/06/can-a-new-ceo-fix-boeing/,We also talk with e.l.f. Beauty CEO Tarang Amin about how the company is succeeding.,www.fool.com,0.187821,Somewhat-Bullish,BA,0.066567,0.024171,Neutral
2024-04-06 14:08:00,Can a New CEO Save Boeing?,https://www.fool.com/investing/2024/04/06/can-a-new-ceo-save-boeing/,"Despite all the doom and gloom, the stock still has a value case, and the company's strategy makes sense.",www.fool.com,0.24435,Somewhat-Bullish,BA,0.625937,0.369875,Bullish
2024-04-06 15:26:00,A Virgin Atlantic plane clipped a BA jet at Heathrow but no injuries were reported,https://apnews.com/article/heathrow-virgin-atlantic-british-airways-collision-planes-fb60a9c42624b9fb61d312d346b34614,"LONDON ( AP ) - A Virgin Atlantic jet collided with another plane while it was being towed at Heathrow Airport on Saturday, aviation authorities said. There were no reports of injuries.",apnews.com,-0.121992,Neutral,BA,0.524949,-0.233583,Somewhat-Bearish
2024-04-06 17:29:27,Virgin Atlantic jet collides with another plane at Heathrow; no injuries,https://www.business-standard.com/companies/news/virgin-atlantic-jet-collides-with-another-plane-at-heathrow-no-injuries-124040600674_1.html,Virgin Atlantic jet collides with another plane at Heathrow. no injuries Business Standard ...,www.business-standard.com,-0.156267,Somewhat-Bearish,BA,0.535653,-0.236306,Somewhat-Bearish
2024-04-06 20:00:00,Opinion: NASA was America's crown jewel. After the Columbia disaster it was never quite the same,https://www.cnn.com/2024/04/06/opinions/nasa-columbia-disaster-never-quite-the-same-brinkley/index.html,"Editor's Note: Douglas Brinkley is the Katherine Tsanoff Brown Chair in Humanities and Professor of History at Rice University. He is the author of ""American Moonshot: John F. Kennedy and the Great Space Race."" The CNN Original Series ""Space Shuttle Columbia: The Final Flight"" uncovers the events ...",www.cnn.com,0.033487,Neutral,BA,0.018355,0.078334,Neutral
2024-04-07 03:01:21,Virgin Atlantic aircraft and British Airways plane suffer ground collision at London's Heathrow Airport,https://www.financialexpress.com/business/airlines-aviation-virgin-atlantic-aircraft-and-british-airways-plane-suffer-ground-collision-at-londons-heathrow-airport-3448937/,"An empty Virgin Atlantic aircraft's wingtip collided with a stationary British Airways plane while being towed from a stand at London's Heathrow Airport on Saturday ( April 6 ) , as confirmed by both airlines.",www.financialexpress.com,-0.072963,Neutral,BA,0.231332,-0.090046,Neutral
2024-04-07 12:01:43,"More Risks, More Opportunities: What's Next For Employers In Healthcare?",https://www.forbes.com/sites/gebai/2024/04/07/more-risks-more-opportunities-whats-next-for-employers-in-healthcare/,"More Risks, More Opportunities For Employers In Healthcare Forbes ...",www.forbes.com,0.201602,Somewhat-Bullish,BA,0.056674,0.261002,Somewhat-Bullish
2024-04-07 18:30:25,"Boeing engine part fell off during Southwest flight takeoff, FAA says",https://www.cnbc.com/2024/04/07/boeing-engine-part-fell-off-during-southwest-flight-takeoff-faa.html,Boeing is still under regulatory scrutiny for a January incident on an Alaska Airlines flight where a door panel blew off in the air.,www.cnbc.com,-0.12739,Neutral,BA,0.760593,-0.21886,Somewhat-Bearish
2024-04-07 19:09:00,"An engine cover rips off a Southwest Airlines Boeing 737, forcing an emergency landing",https://www.businessinsider.com/southwest-airlines-boeing-737-engine-cover-rips-off-denver-2024-4,Southwest Airlines Boeing 737 engine cover rips off mid-flight - Business Insider ...,www.businessinsider.com,-0.045008,Neutral,BA,0.644033,-0.109116,Neutral
2024-04-07 19:09:31,"An engine cover on a Southwest Airlines plane rips off, forcing the flight to return to Denver",https://apnews.com/article/boeing-airplane-denver-engine-cover-southwest-7fd2b99e38f5552cfe48b513f72afbb3,"DENVER ( AP ) - A Southwest Airlines jet returned to Denver Sunday morning after the engine cover fell off and struck the wing flap during takeoff, according to the Federal Aviation Administration.",apnews.com,-0.167994,Somewhat-Bearish,BA,0.519739,0.274401,Somewhat-Bullish
2024-04-07 19:22:00,"Southwest Boeing 737-800 flight from Denver loses engine cover, FAA investigating | Business",https://www.cnn.com/2024/04/07/business/southwest-boeing-737-800-engine/index.html,"Southwest Boeing 737-800 flight from Denver loses engine cover, FAA investigating ...",www.cnn.com,-0.139913,Neutral,BA,0.554365,-0.266217,Somewhat-Bearish
2024-04-07 19:35:36,Southwest Emergency Landing Follows Engine Cover Ripping Off Plane  ( Watch ) ,https://www.forbes.com/sites/anafaguy/2024/04/07/southwest-emergency-landing-follows-engine-cover-ripping-off-plane-watch/,Engine Cover Rips Off Southwest Plane Forcing Flight's Return Forbes ...,www.forbes.com,-0.100989,Neutral,BA,0.628066,-0.139477,Neutral
2024-04-07 20:47:00,Southwest Airlines flight makes emergency landing in Denver after engine part falls off Boeing 737 plane,https://www.foxbusiness.com/fox-news-travel/southwest-airlines-flight-makes-emergency-landing-denver-engine-part-falls-boeing-737-plane,A Southwest Airlines flight had to make an emergency stop after an engine part fell off during takeoff from Denver International Airport on Sunday morning. The Boeing 737-800 plane was headed for William P.,www.foxbusiness.com,-0.122091,Neutral,BA,0.805739,-0.20557,Somewhat-Bearish
2024-04-08 00:30:51,"Boeing 737-800 Loses Engine Cover During Takeoff, Southwest Airlines Says Its Maintenance Teams Are 'Reviewing The Aircraft' - Boeing  ( NYSE:BA ) ",https://www.benzinga.com/news/24/04/38135202/boeing-737-800-loses-engine-cover-during-takeoff-southwest-airlines-says-its-maintenance-teams-are-r,"In a recent incident at Denver International Airport, a Boeing Co BA aircraft lost its engine cover during takeoff, officials reported on Sunday. What Happened: The engine cowling of a Boeing 737-800 detached during takeoff.",www.benzinga.com,0.095972,Neutral,BA,0.610572,0.082774,Neutral
2024-04-08 00:33:00,"An engine cover on a Southwest Airlines plane rips off, forcing the flight to return to Denver",https://apnews.com/article/boeing-airplane-denver-engine-cover-southwest-7fd2b99e38f5552cfe48b513f72afbb3,Boeing engine cover on Southwest plane bound for Houston rips off The Associated Press ...,apnews.com,-0.167994,Somewhat-Bearish,BA,0.519739,0.274401,Somewhat-Bullish
2024-04-08 04:32:59,Engine cover falls off Boeing plane during takeoff in US city of Denver,https://www.aljazeera.com/economy/2024/4/8/engine-cover-falls-off-boeing-plane-during-takeoff-in-us-city-of-denver,"The Houston-bound Boeing 737-800 operated by Southwest Airlines landed safely after the incident. An engine cover fell off a Boeing plane and hit the plane's wing flap during takeoff in Denver, the United States, officials have said, in the latest safety incident involving the beleaguered ...",www.aljazeera.com,-0.069808,Neutral,BA,0.747404,-0.071588,Neutral
2024-04-08 05:11:08,Vistara cuts daily flights by 25-30; domestic network to see 10 per cent capacity dip,https://www.financialexpress.com/business/airlines-aviation-vistara-cuts-daily-flights-by-25-30-domestic-network-to-see-10-per-cent-capacity-dip-3449723/,Vistara cuts daily flights by 25-30. domestic network to see 10 per cent capacity dip The Financial Express ...,www.financialexpress.com,-0.127302,Neutral,BA,0.120431,0.065019,Neutral
2024-04-08 09:01:00,"Tesla, Boeing, United Airlines, MicroStrategy, Taiwan Semi, JPMorgan, and More Stock Market Movers",https://www.barrons.com/amp/articles/stock-market-movers-6d279de8,"Tesla, Boeing, United Airlines, JPMorgan Chase, and More Stock Market Movers ...",www.barrons.com,0.097225,Neutral,BA,0.346884,-0.090575,Neutral
2024-04-08 10:35:00,"5 things to know for April 8: Eclipse, Gaza, Ukraine, Congress, Boeing",https://www.cnn.com/2024/04/08/us/5-things-to-know-for-april-8-eclipse-gaza-ukraine-congress-boeing/index.html,Huge swaths of North America today will suddenly darken and the clouds will eerily vanish - a cue for sky-watchers that the total solar eclipse is about to begin.,www.cnn.com,-0.068074,Neutral,BA,0.110632,-0.059489,Neutral
2024-04-08 12:13:00,Futures Dip After Stock Market Rally,https://www.investors.com/market-trend/stock-market-today/dow-jones-sp500-nasdaq-boeing-ba-stock-tesla-tsla-elon-musk/,Stock Market Today: Dow Jones Flat As Boeing Slides. Tesla Rallies On Musk Robotaxi Comment Investor's Business Daily ...,www.investors.com,0.171083,Somewhat-Bullish,BA,0.152018,-0.068498,Neutral
2024-04-08 12:31:44,Daily: Monday's Eclipse Could Bring A $1 Billion Windfall,https://www.forbes.com/sites/daniellechemtob/2024/04/08/forbes-daily-mondays-eclipse-could-bring-a-1-billion-windfall/,"This is a published version of the Forbes Daily newsletter, you can sign-up to get Forbes Daily in your inbox here. Make sure to look up at the skies today, because if you live in the contiguous U.S., you won't have a chance to witness another total solar eclipse for 20 years.",www.forbes.com,0.009685,Neutral,BA,0.229582,0.049062,Neutral
2024-04-08 13:11:00,"A United flight had to divert because a dog pooped in the aisle, and staff spent 2 hours cleaning it up",https://www.businessinsider.com/united-airlines-flight-diverted-after-dog-pooped-in-aisle-2024-4,United Airlines flight diverted after dog pooped in aisle - Business Insider ...,www.businessinsider.com,0.087887,Neutral,BA,0.126784,0.0,Neutral
2024-04-08 13:11:03,"A United flight had to divert because a dog pooped in the aisle, and staff spent 2 hours cleaning it up",https://africa.businessinsider.com/news/a-united-flight-had-to-divert-because-a-dog-pooped-in-the-aisle-and-staff-spent-2/fh6wjkx,"Reddit user ""gig_wizard"" said they were on Flight 422 from Houston to Seattle on Friday when the incident occurred. Data from Flightradar24 shows the Boeing 737 diverted to Dallas less than an hour after takeoff.",africa.businessinsider.com,0.026425,Neutral,BA,0.179788,0.0,Neutral
2024-04-08 14:46:00,Nasdaq Inches Higher; Tesla Gets A Lift On Taxi News,https://www.investors.com/market-trend/stock-market-today/dow-jones-sp500-nasdaq-tesla-stock-tsla-bitcoin/,"Stock Market Today: Stocks Mixed To Start Week. Tesla Pops, Bitcoin Stocks Jump Then Fade Investor's Business Daily ...",www.investors.com,0.113214,Neutral,BA,0.124164,-0.02972,Neutral
2024-04-08 18:37:24,"Delta Air Lines Q1 Earnings Preview: Bright Forecast With A Dash Of Boeing Drama, Solar Eclipse Spotlight",https://markets.businessinsider.com/news/stocks/delta-air-lines-q1-earnings-preview-bright-forecast-with-a-dash-of-boeing-drama-solar-eclipse-spotlight-1033230946,"Leading airline company Delta Air Lines Inc ( NYSE:DAL ) is set to report first-quarter financial results before market open Wednesday, April 10, 2024. Here's a look at the key earnings estimates, analyst ratings and key items to watch.",markets.businessinsider.com,0.198889,Somewhat-Bullish,BA,0.229872,-0.134472,Neutral
2024-04-08 18:56:03,Spirit Airlines Defers Airbus A320s-Why That Is Bad News For Boeing,https://www.forbes.com/sites/marisagarcia/2024/04/08/spirit-airlines-defers-airbus-a320s-why-that-is-bad-news-for-boeing/,"Spirit Airlines and Airbus have reached an agreement which allows the low-cost airline to defer deliveries of A320 aircraft scheduled for the second quarter of 2025 through 2026 by five years, from 2030-2031. This deferral will improve the airline's liquidity by around $340 million over the next ...",www.forbes.com,0.280457,Somewhat-Bullish,BA,0.238718,0.268304,Somewhat-Bullish
2024-04-08 20:22:00,QuoteMedia Announces 8% Revenue Growth for 2023,https://www.globenewswire.com/news-release/2024/04/08/2859587/24049/en/QuoteMedia-Announces-8-Revenue-Growth-for-2023.html,"PHOENIX, April 08, 2024 ( GLOBE NEWSWIRE ) -- QuoteMedia, Inc. ( OTCQB: QMCI ) , a leading provider of market data and financial applications, announced financial results for the fiscal year ended December 31, 2023.",www.globenewswire.com,0.309431,Somewhat-Bullish,BA,0.038717,0.15167,Somewhat-Bullish
2024-04-08 20:22:58,QuoteMedia Announces 8% Revenue Growth for 2023 - QuoteMedia  ( OTC:QMCI ) ,https://www.benzinga.com/pressreleases/24/04/g38150434/quotemedia-announces-8-revenue-growth-for-2023,"PHOENIX, April 08, 2024 ( GLOBE NEWSWIRE ) -- QuoteMedia, Inc. QMCI, a leading provider of market data and financial applications, announced financial results for the fiscal year ended December 31, 2023.",www.benzinga.com,0.304745,Somewhat-Bullish,BA,0.03804,0.14446,Neutral
2024-04-09 08:33:00,1 Wall Street Analyst Thinks Boeing Stock Is Going to $240. Is It a Buy?,https://www.fool.com/investing/2024/04/09/wall-street-analyst-boeing-stock-going-240-buy/,"The aerospace giant received another price target cut recently, but analysts remain bullish on the stock.",www.fool.com,0.033975,Neutral,BA,0.797189,-0.02851,Neutral
2024-04-09 11:00:00,Nolinor offers major salary increases to its pilots - Canada NewsWire,https://www.newswire.ca/news-releases/nolinor-offers-major-salary-increases-to-its-pilots-800658121.html,Nolinor offers major salary increases to its pilots Canada ...,www.newswire.ca,0.465374,Bullish,BA,0.155954,0.205857,Somewhat-Bullish
2024-04-09 11:08:59,How 'shareholder value' became a Wall Street mantra,https://www.moneycontrol.com/news/opinion/how-shareholder-value-became-a-wall-street-mantra-12607481.html,Harvard Business School's Michael Jensen was at the heart of the intellectual revolution that transformed capitalism from the 1970s onwards. Was he hero or villain?,www.moneycontrol.com,0.129876,Neutral,BA,0.02164,-0.025626,Neutral
2024-04-09 12:13:00,Lockheed  ( LMT )  Wins Contract for H-60 Helicopter Support,https://www.zacks.com/stock/news/2252488/lockheed-lmt-wins-contract-for-h-60-helicopter-support,"Lockheed Martin (LMT) is set to provide support equipment for its H-60 helicopter program, thereby serving the U.S. Navy and three other U.S. allies.",www.zacks.com,0.21559,Somewhat-Bullish,BA,0.162802,0.113363,Neutral
2024-04-09 13:00:15,Investors Heavily Search The Boeing Company  ( BA ) : Here is What You Need to Know,https://www.zacks.com/stock/news/2252446/investors-heavily-search-the-boeing-company-ba-here-is-what-you-need-to-know,"Boeing (BA) has received quite a bit of attention from Zacks.com users lately. Therefore, it is wise to be aware of the facts that can impact the stock's prospects.",www.zacks.com,0.220499,Somewhat-Bullish,BA,0.531716,0.091312,Neutral
2024-04-09 13:15:00,AAR  ( AIR )  Begins MRO Facility Expansion in Oklahoma City,https://www.zacks.com/stock/news/2252697/aar-air-begins-mro-facility-expansion-in-oklahoma-city,AAR's (AIR) recent facility expansion in Oklahoma City enables it to boost its footprint in the commercial aircraft MRO market.,www.zacks.com,0.322452,Somewhat-Bullish,BA,0.061631,0.047001,Neutral
2024-04-09 13:21:45,"Air Lease Delivers 14 New Aircraft In Q1, Investments Fall - Air Lease  ( NYSE:AL ) ",https://www.benzinga.com/markets/equities/24/04/38162615/air-lease-delivers-14-new-aircraft-in-q1-investments-fall,"Air Lease Corporation AL on Tuesday said it delivered 14 new aircraft in the first quarter of 2024, lower than 22 aircraft in the year-ago period. As of March 31, 2024, the company's fleet was comprised of 472 owned aircraft and 73 managed aircraft, with 320 new aircraft on order from Boeing ...",www.benzinga.com,0.108439,Neutral,BA,0.27432,0.0,Neutral
2024-04-09 13:51:06,How's AT&T Handling Things?,https://www.fool.com/investing/2024/04/09/hows-att-handling-things/,"We've also got a look at 3M's spinoff, gold prices, and the beef industry.",www.fool.com,0.158747,Somewhat-Bullish,BA,0.007751,0.073734,Neutral
2024-04-09 14:55:44,Do We Really Want a Food Cartel?,https://www.theatlantic.com/ideas/archive/2024/04/food-industry-monopoly-power/678005/,The Cartel on Your Dinner Plate The Atlantic ...,www.theatlantic.com,-0.029216,Neutral,BA,0.018285,-0.140686,Neutral
2024-04-09 15:00:01,Boeing's quarterly airplane deliveries drop to 83 amid safety crisis,https://www.cnbc.com/2024/04/09/boeing-airplane-deliveries-drop-during-q1-amid-safety-crisis.html,Boeing's major airline customers have complained that delivery delays have forced them to rethink their growth plans.,www.cnbc.com,-0.089519,Neutral,BA,0.774013,-0.149326,Neutral
2024-04-09 15:01:00,Boeing orders bounce back on demand for a plane it can't deliver yet | Business,https://www.cnn.com/2024/04/09/business/boeing-orders-deliveries/index.html,Boeing orders bounce back on demand for a plane it can't deliver yet ...,www.cnn.com,-0.077882,Neutral,BA,0.661191,-0.107047,Neutral
2024-04-09 15:47:07,"Boeing's First Quarter Delivery Drama - Commercial Aircraft Numbers Drop Amid Industry Turbulence - Airbus  ( OTC:EADSY ) , Boeing  ( NYSE:BA ) ",https://www.benzinga.com/markets/equities/24/04/38166995/boeings-first-quarter-delivery-drama-commercial-aircraft-numbers-drop-amid-industry-turbulence,"Boeing Company BA on Tuesday declared its major program deliveries for the first quarter of 2024, delivering 97 planes across its commercial and defense, space & security programs. Boeing delivered a total of 83 commercial aircraft for the quarter, significantly lower than 130 in the year-ago ...",www.benzinga.com,0.133997,Neutral,BA,0.779232,0.139874,Neutral
2024-04-09 16:33:00,AIP Capital Announces the Formation of Phoenix Aviation Capital USA - English - USA - English - PR Newswire,https://www.prnewswire.com/news-releases/aip-capital-announces-the-formation-of-phoenix-aviation-capital-302112041.html,AIP Capital Announces the Formation of Phoenix Aviation Capital USA - English - USA - English PR ...,www.prnewswire.com,0.281002,Somewhat-Bullish,BA,0.075635,0.0,Neutral
2024-04-09 16:44:26,"ABX Air Pilots Choose Cooperation Over Confrontation - Air Transport Services Gr  ( NASDAQ:ATSG ) , FedEx  ( NYSE:FDX ) ",https://www.benzinga.com/news/24/04/38157230/abx-air-pilots-choose-cooperation-over-confrontation,"Pilots never attend air logistics conferences, let alone rent space for a display. Why would they? They don't have anything to sell. They fly the planes. But here they were selling a precious commodity: good will. Friction is common between unionized labor and employers.",www.benzinga.com,0.145939,Neutral,BA,0.075874,0.114259,Neutral
2024-04-09 16:47:00,Ryanair  ( RYAAY )  March Traffic Increases From 2024 Levels,https://www.zacks.com/stock/news/2252879/ryanair-ryaay-march-traffic-increases-from-2024-levels,Ryanair (RYAAY) reports a load factor of 93% in March 2024.,www.zacks.com,0.282191,Somewhat-Bullish,BA,0.116348,0.019259,Neutral
2024-04-09 18:10:34,Boeing Stock Under Pressure Amidst FAA Investigations | Bitcoin...,https://moneymorning.com/2024/04/09/three-stocks-boeing-bitcoin-and-alphabet/,"Three Stocks: Boeing, Bitcoin, and AlphabetBoeing Boeing ( BA ) shares are once again dropping to a critical price support level as the stock is seeing yet another round of bad news in the headlines. First, it has been reported that the FAA is investigating another incident with one of the ...",moneymorning.com,0.016807,Neutral,BA,0.411848,0.048675,Neutral
2024-04-09 18:39:52,Boeing Falls Far Behind Airbus On Deliveries Amidst 737 MAX Crisis,https://www.forbes.com/sites/marisagarcia/2024/04/09/boeing-falls-far-behind-airbus-on-deliveries-amidst-737-max-crisis/,"Boeing has published its deliveries for the first quarter of 2024, showing a sharp decline in commercial aircraft. The company has slowed production to address the Alaska Airlines mid-exit door plug blowout.",www.forbes.com,-0.026203,Neutral,BA,0.457274,-0.009047,Neutral
2024-04-09 18:53:00,A whistleblower claims that Boeing's 787 Dreamliner is flawed. The FAA is investigating | Business,https://www.cnn.com/2024/04/09/business/boeing-787-whistleblower/index.html,A whistleblower claims that Boeing's 787 Dreamliner is flawed. The FAA is investigating ...,www.cnn.com,-0.119874,Neutral,BA,0.627549,-0.113203,Neutral
2024-04-09 19:10:03,"Boeing's Flight Plan In Question: Stock Drops As Deliveries Stall, Valuation Concerns Mount - Boeing  ( NYSE:BA ) ",https://www.benzinga.com/trading-ideas/long-ideas/24/04/38170797/boeings-flight-plan-in-question-stock-drops-as-deliveries-stall-valuation-concerns-mount,"Boeing Co BA investors are closely monitoring recent developments as the aerospace giant navigates through a series of challenges. The stock was trading lower by 1.87% on Tuesday afternoon, after the company reported Q1 deliveries of 97 planes.",www.benzinga.com,-0.093699,Neutral,BA,0.442082,-0.017771,Neutral
2024-04-09 19:28:00,"Another Boeing whistleblower has come forward, this time alleging safety lapses on the 777 and 787 widebodies",https://www.businessinsider.com/boeing-whistleblower-777-787-plane-safety-production-2024-4,Another Boeing whistleblower comes forward about 777 and 787 safety - Business Insider ...,www.businessinsider.com,-0.058217,Neutral,BA,0.753715,-0.123253,Neutral
2024-04-09 20:05:00,AAR awarded Supplier of the Year by Atlas Air Worldwide - AAR  ( NYSE:AIR ) ,https://www.benzinga.com/pressreleases/24/04/n38171616/aar-awarded-supplier-of-the-year-by-atlas-air-worldwide,"WOOD DALE, Ill., April 9, 2024 /PRNewswire/ -- AAR CORP. AIR, a leading provider of aviation services to commercial and government operators, MROs, and OEMs, was awarded the 2023 Component Repair Supplier of the Year - Large Volume Category by Atlas Air Worldwide ( Atlas Air ) .",www.benzinga.com,0.149557,Neutral,BA,0.060848,0.023999,Neutral
2024-04-09 20:10:32,Stock Market Today: Stocks End Mixed Ahead of Key Inflation Reading,https://www.kiplinger.com/investing/stocks/stock-market-today-stocks-end-mixed-ahead-of-key-inflation-reading,Stocks sagged and bond yields rose ahead of a key reading on inflation due out Wednesday morning. The unofficial start of earnings season later this week - money center banks such as JPMorgan Chase ( JPM ) and Citigroup ( C ) are set to report - also helped keep a lid on equities.,www.kiplinger.com,0.088812,Neutral,BA,0.364053,0.005162,Neutral
2024-04-10 02:04:03,Congress summons Boeing's CEO to testify on its jetliner safety following new whistleblower charges,https://apnews.com/article/boeing-whistleblower-congress-safety-fuselage-c406e90b087ca45f4fd8d426d1eadae1,SAN FRANCISCO ( AP ) - A Senate subcommittee has summoned to testify about the company's jetliners in an inquiry prompted by new safety-related charges from a whistleblower.,apnews.com,-0.067569,Neutral,BA,0.538084,0.060641,Neutral
2024-04-10 02:55:12,Boeing 787 Dreamliner Safety Claims To Get Senate Grilling After Engineer's Warning - Boeing  ( NYSE:BA ) ,https://www.benzinga.com/markets/equities/24/04/38175874/boeing-787-dreamliner-safety-claims-to-get-senate-grilling-after-engineers-warning,The Boeing Company BA 787 Dreamliner is under new scrutiny as a Senate subcommittee prepares to investigate fresh safety allegations next week. What Happened: The Permanent Subcommittee on Investigations will hold a hearing next Wednesday to examine Boeing's safety culture.,www.benzinga.com,0.036426,Neutral,BA,0.662172,-0.045145,Neutral
2024-04-10 05:24:52,US officials probe new whistleblower claims against Boeing,https://www.aljazeera.com/news/2024/4/10/us-officials-probe-new-whistleblower-claims-against-boeing,"Engineer alleges that aircraft giant took unsafe shortcuts in the production of the 787 Dreamliner. US aviation authorities have begun investigating new whistleblower claims accusing Boeing of poor safety standards, the latest in a series of safety-related controversies at the beleaguered ...",www.aljazeera.com,-0.1042,Neutral,BA,0.797616,-0.302902,Somewhat-Bearish
2024-04-10 05:50:52,5 Ways A Growing City Can Define Their Brand,https://www.forbes.com/sites/goldiechan/2024/04/10/5-ways-a-growing-city-can-define-their-brand/,"There's no one-size-fits-all approach to building momentum, growth and a cohesive narrative. Austin didn't solely grow because of SXSW, Seattle first had Boeing before a tech boom. Raleigh and Durham attracted second headquarters for more space and research triangle graduates.",www.forbes.com,0.418989,Bullish,BA,0.037271,0.095324,Neutral
2024-04-10 06:36:55,'Airplanes Are Not Like Ikea Furniture': American Airlines Pilot Sounds Alarm On Boeing 'Mess' - Boeing  ( NYSE:BA ) ,https://www.benzinga.com/markets/equities/24/04/38176772/airplanes-are-not-like-ikea-furniture-american-airlines-pilot-sounds-alarm-on-boeing-mess,American Airlines pilot and spokesperson for the Allied Pilots Association Capt. Dennis Tajer has voiced serious concerns regarding new safety allegations about Boeing Co. BA 787 aircraft.,www.benzinga.com,0.116808,Neutral,BA,0.501398,-0.009848,Neutral
2024-04-10 07:24:43,Alaska Air Group  ( NYSE:ALK )  Rating Lowered to Sell at StockNews.com,https://www.defenseworld.net/2024/04/10/alaska-air-group-nysealk-rating-lowered-to-sell-at-stocknews-com.html,StockNews.com downgraded shares of Alaska Air Group ( NYSE:ALK - Free Report ) from a hold rating to a sell rating in a research report released on Tuesday morning. Other research analysts have also issued reports about the company.,www.defenseworld.net,0.223508,Somewhat-Bullish,BA,0.05133,0.116435,Neutral
2024-04-10 07:36:52,"Japan seeks investment in AI, semiconductors from American companies | Business",https://www.cnn.com/2024/04/10/tech/japan-seeks-us-investment-ai-semiconductors-intl-hnk/index.html,"Japan seeks investment in AI, semiconductors from American companies ...",www.cnn.com,0.135609,Neutral,BA,0.099066,-0.094341,Neutral
2024-04-10 09:24:58,"PM Fumio Kishida Urges US Tech Giants To Invest In Japan: 'I'm Strongly Promoting Policies Toward The Next Economic Stage' - IBM  ( NYSE:IBM ) , Boeing  ( NYSE:BA ) ",https://www.benzinga.com/news/24/04/38177846/pm-fumio-kishida-urges-us-tech-giants-to-invest-in-japan-im-strongly-promoting-policies-toward-the-n,"In a strategic move to strengthen economic ties, Japanese Prime Minister Fumio Kishida has reached out to American business leaders, advocating for an uptick in technology investments within Japan.",www.benzinga.com,0.303912,Somewhat-Bullish,BA,0.136499,0.0,Neutral
2024-04-10 10:40:58,"Why S&P 500, Nasdaq Futures Are Muted Today - Invesco QQQ Trust, Series 1  ( NASDAQ:QQQ ) , SPDR S&P 500  ( ARCA:SPY ) ",https://www.benzinga.com/news/earnings/24/04/38178705/us-stock-futures-muted-hours-before-inflation-data-release-analyst-sees-s-p-500-likely-retesting-hi,"Stock futures are all in the green early Wednesday as traders factor in tame March inflation data. A hotter-than-expected number may not result in a big pullback, given the recent consolidation, said value investor and New York University Professor Aswath Damodaran.",www.benzinga.com,0.019177,Neutral,BA,0.099476,-0.00657,Neutral
2024-04-10 10:44:00,Analysis: Boeing somehow managed to get itself into even bigger trouble | Business,https://www.cnn.com/2024/04/10/investing/boeing-safety-problems/index.html,Boeing somehow managed to get itself into even bigger trouble ...,www.cnn.com,-0.208485,Somewhat-Bearish,BA,0.721578,-0.303319,Somewhat-Bearish
2024-04-10 11:11:00,Delta posts strong earnings in tough quarter for US airlines | Business,https://www.cnn.com/2024/04/10/business/delta-earnings/index.html,Delta posts strong earnings ...,www.cnn.com,0.114126,Neutral,BA,0.405963,-0.174761,Somewhat-Bearish
2024-04-10 11:22:36,Air India plans to send narrow body A320 pilots on deputation to Vistara,https://www.business-standard.com/companies/news/air-india-plans-to-send-narrow-body-a320-pilots-on-deputation-to-vistara-124041000674_1.html,"Tata Group-owned Air India is planning to send a set of first officers who can operate the narrow body A320 family planes to Vistara, which is grappling with pilot woes, according to multiple sources. The pilots will be send to Vistara on deputation, subject to getting necessary regulatory ...",www.business-standard.com,-0.113411,Neutral,BA,0.21686,0.0,Neutral
2024-04-10 13:20:03,IndiGo pips Southwest to become world's 3rd most valuable airline by mcap,https://www.business-standard.com/companies/news/indigo-pips-southwest-to-become-world-s-3rd-most-valuable-airline-by-mcap-124041000905_1.html,"IndiGo, India's largest airline, on Wednesday pipped US-based Southwest Airlines in terms of market capitalisation to become the world's third most valuable airline, according to Bloomberg data. IndiGo's share price jumped by 4.73 per cent to Rs 3,806 on Wednesday.",www.business-standard.com,0.154417,Somewhat-Bullish,BA,0.1331,0.0,Neutral
2024-04-10 13:23:00,"Boeing's  ( BA )  Q1 Commercial Deliveries Drop 36% Y/Y, Lag Airbus",https://www.zacks.com/stock/news/2253428/boeings-ba-q1-commercial-deliveries-drop-36-yy-lag-airbus,Boeing's (BA) first-quarter 2024 commercial deliveries decline 36.2% from the previous year's number. Defense shipments indicate a decrease of 66.7% year over year.,www.zacks.com,0.002368,Neutral,BA,0.576851,-0.031046,Neutral
2024-04-10 13:41:39,"Spirit Airlines Stock Has 18% Downside, According to 1 Wall Street Analyst",https://www.fool.com/investing/2024/04/10/spirit-airlines-stock-downside-analyst/,Strong travel demand won't help the struggling budget airline.,www.fool.com,0.061179,Neutral,BA,0.124164,-0.02508,Neutral
2024-04-10 13:49:10,"Bitcoin, Ethereum, Dogecoin Fall Amid $250M in Crypto Liquidations, Fed Rate Cut Fears Loom; Apple Eyes Latin American Growth with New Coral Gables Office - Top Headlines Today While US Slept",https://www.benzinga.com/news/24/04/38183473/bitcoin-ethereum-dogecoin-fall-amid-250m-in-crypto-liquidations-fed-rate-cut-fears-loom-apple-eyes-l,"Crypto Analyst Says Shiba Inu Expected To Surge 155% As Meme Coin Establishes Strong Support Levels Solana-Based Shadow Token Surges Over 20% Ahead Of Coinbase Listing Bitcoin, Ethereum, Dogecoin Dip As $250M Crypto Liquidations Strike - Analyst Cautions Fed Rate Cuts Could Fuel Downturn",www.benzinga.com,0.137177,Neutral,BA,0.049732,-0.307501,Somewhat-Bearish
2024-04-10 14:48:14,Why Hexcel Stock Is Down Today,https://www.fool.com/investing/2024/04/10/why-hexcel-stock-is-down-today/,An imminent change at the top caught investors off guard ...,www.fool.com,0.214344,Somewhat-Bullish,BA,0.10607,-0.024291,Neutral
2024-04-10 14:51:13,Delta Q1 earnings tops Wall Street estimates on buoyant travel demand,https://www.business-standard.com/world-news/delta-q1-earnings-tops-wall-street-estimates-on-buoyant-travel-demand-124041001042_1.html,"United Airlines climbed about 1.5%, while American Airlines and Southwest Airlines were marginally lower. Photo courtesy: Wikimedia Commons Delta Air Lines offered an upbeat forecast for the current quarter on Wednesday after its first-quarter earnings topped Wall Street estimates on buoyant ...",www.business-standard.com,0.29748,Somewhat-Bullish,BA,0.132733,0.171273,Somewhat-Bullish
2024-04-10 15:21:00,Boeing whistleblower raises concerns over safety of 787 Dreamliner jets,https://www.foxbusiness.com/lifestyle/boeing-whistleblower-raises-concerns-over-safety-787-dreamliner-jets,The Federal Aviation Administration ( FAA ) launched another investigation into Boeing after a whistleblower claimed the airplane manufacturer took shortcuts with its Dreamliner jets.,www.foxbusiness.com,-0.081446,Neutral,BA,0.655626,-0.204241,Somewhat-Bearish
2024-04-10 16:19:00,Delta Air Lines posts a narrow Q1 profit and says travel demand remains strong despite flight scares,https://apnews.com/article/delta-profit-first-quarter-premium-passengers-1abcb821642074825d0af2f7aabe90de,"Delta Air Lines eked out a narrow first-quarter profit and said Wednesday that demand for travel is strong heading into the summer vacation season, with travelers seemingly unfazed by recent incidents in the industry that ranged from a panel in flight to a another plane during takeoff.",apnews.com,0.071519,Neutral,BA,0.197011,-0.139713,Neutral
2024-04-10 16:22:51,What's Going On With Boeing Stock Now? - Boeing  ( NYSE:BA ) ,https://www.benzinga.com/news/24/04/38187272/whats-going-on-with-boeing-stock-now,"Boeing Company BA shares are trading lower Wednesday, and the stock is down more than 5% over the past five days. Here's a look at what to know. Boeing's troubles continued Tuesday as new safety concerns came to light from whistleblower and Boeing engineer, Sam Salehpour.",www.benzinga.com,0.062601,Neutral,BA,0.859898,0.004176,Neutral
2024-04-10 18:10:28,"Boeing Faces Delivery Downturn, But Analyst Sees Bright Spots In Orders - Boeing  ( NYSE:BA ) ",https://www.benzinga.com/analyst-ratings/analyst-color/24/04/38189353/boeing-faces-delivery-downturn-but-analyst-sees-bright-spots-in-orders,Stifel analyst Bert W. Subin lowered the price target on The Boeing Company BA shares to $260 from $270 and maintained a Buy rating. The price target reduction came after the company reported lower deliveries.,www.benzinga.com,0.221014,Somewhat-Bullish,BA,0.769861,0.265369,Somewhat-Bullish
2024-04-10 18:23:00,Boeing 737 Max diverts to Idaho after in-flight emergency,https://www.foxbusiness.com/lifestyle/boeing-737-max-diverts-idaho-after-flight-emergency,"A Boeing 737 Max 8 operated by Air Canada made an emergency landing in Idaho this week after experiencing an in-flight emergency. On Tuesday, Flight 997 diverted to Boise during its trip from Mexico City to Vancouver, Canada, after the pilots received an indicator light in the flight deck, the ...",www.foxbusiness.com,-0.134173,Neutral,BA,0.485711,-0.13824,Neutral
2024-04-10 21:08:09,WallStreetBets Reacts To Boeing Whistleblower: 'Wish Me Luck' - Boeing  ( NYSE:BA ) ,https://www.benzinga.com/news/24/04/38192854/wallstreetbets-reacts-to-boeing-whistleblower-wish-me-luck,"Former Boeing Company BA engineer-turned-whistleblower, Sam Salehpour, is out with fresh claims that the fuselage sections on 787 Dreamliners are improperly fastened and could break apart mid-flight, per The New York Times. Reddit's WallStreetBets is taking notice.",www.benzinga.com,0.118515,Neutral,BA,0.720733,0.159515,Somewhat-Bullish
2024-04-10 23:00:00,Exclusive: On board a B-52 bomber mission to China's doorstep | Politics,https://www.cnn.com/2024/04/10/politics/exclusive-on-board-b-52-bomber-mission/index.html,Exclusive: On board a B-52 bomber mission to China's doorstep ...,www.cnn.com,-0.028655,Neutral,BA,0.022991,-0.180431,Somewhat-Bearish
2024-04-11 03:10:17,NTSB conducting fresh interviews with Boeing on 737 MAX 9 door plug probe,https://www.business-standard.com/world-news/ntsb-conducting-fresh-interviews-with-boeing-on-737-max-9-door-plug-probe-124041100085_1.html,The National Transportation Safety Board is conducting a new round of interviews with Boeing and Federal Aviation Administration personnel this week in its probe of the January Alaska Airlines 737 MAX 9 in-flight emergency.,www.business-standard.com,-0.083916,Neutral,BA,0.709186,-0.164602,Somewhat-Bearish
2024-04-11 09:15:25,"NTSB Found More Boeing 737 MAX Door Plug Repairs, Chair Says",https://www.forbes.com/sites/marisagarcia/2024/04/11/ntsb-chair-says-there-are-more-boeing-door-plug-repairs/,"Speaking to the Senate Commerce, Science, and Transportation Committee during her Nominations Hearing, National Transportation Safety Board Chair Jennifer Homendy told Senators that investigators are looking into other instances of repairs where the door plug was removed and reinstalled at Boeing .",www.forbes.com,0.13632,Neutral,BA,0.619618,0.223381,Somewhat-Bullish
2024-04-11 10:10:00,Is GE Aerospace Stock Going to $190? 1 Wall Street Analyst Thinks So.,https://www.fool.com/investing/2024/04/11/ge-aerospace-stock-go-190-wall-street-analyst/,"Wall Street continues to warm to the trimmed-down company, and for good reason.",www.fool.com,0.246887,Somewhat-Bullish,BA,0.217834,0.0,Neutral
2024-04-11 11:00:00,Boeing won't even consider moving HQ back to Seattle | Business,https://www.cnn.com/business/boeing-shareholder-proposal-hq-seattle/index.html,Boeing won't even consider moving HQ back to Seattle ...,www.cnn.com,0.050365,Neutral,BA,0.724105,0.093354,Neutral
2024-04-11 11:00:01,Denver-Boulder area stakes a claim in space with a burgeoning aerospace industry,https://www.cnbc.com/2024/04/11/denver-boulder-area-benefits-from-burgeoning-aerospace-industry.html,The area boasts easy access to industry partnerships as well as Colorado's robust military presence.,www.cnbc.com,0.192,Somewhat-Bullish,BA,0.042122,0.033585,Neutral
2024-04-11 11:50:00,"All of Boeing's over 100,000 employees could be surveyed by investigators about its safety culture",https://www.businessinsider.com/ntsb-could-survey-every-boeing-employee-about-safety-culture-2024-4,NTSB could survey every Boeing employee about safety culture - Business Insider ...,www.businessinsider.com,0.068774,Neutral,BA,0.753259,0.121341,Neutral
2024-04-11 12:31:13,Apple To $210? Here Are 10 Top Analyst Forecasts For Thursday - Apple  ( NASDAQ:AAPL ) ,https://www.benzinga.com/news/24/04/38200801/apple-to-210-here-are-10-top-analyst-forecasts-for-thursday,"Top Wall Street analysts changed their outlook on these top names. For a complete view of all analyst rating changes, including upgrades and downgrades, please see our analyst ratings page. JP Morgan raised the price target for F5, Inc. FFIV from $197 to $205.",www.benzinga.com,0.135797,Neutral,BA,0.235062,-0.138954,Neutral
2024-04-11 12:45:00,Lockheed  ( LMT )  Secures $181M Contract to Aid F-35 JSF Program,https://www.zacks.com/stock/news/2253769/lockheed-lmt-secures-181m-contract-to-aid-f-35-jsf-program,"Lockheed (LMT), with the provision of ancillary mission equipment in support of its F-35 Joint Strike Fighter program, is set to expand its footprint in the military aircraft market.",www.zacks.com,0.223736,Somewhat-Bullish,BA,0.266246,0.298727,Somewhat-Bullish
2024-04-11 13:00:07,Should You Pick United Airlines Stock Ahead Of Q1 Results?,https://www.forbes.com/sites/greatspeculations/2024/04/11/should-you-pick-united-airlines-stock-ahead-of-q1-results/,"United Airlines ( NASDAQ: UAL ) will report its Q1 2024 results on Wednesday, April 17. We expect the company's revenues to come in at $12.4 billion, marginally below the consensus estimate of $12.5 billion. This would mark year-over-year growth of about 8%.",www.forbes.com,0.091891,Neutral,BA,0.060694,0.07915,Neutral
2024-04-11 13:24:00,"Company News for Apr 11, 2024",https://www.zacks.com/stock/news/2253870/company-news-for-apr-11-2024,"Companies in The News Are: BA, SOUN, ...",www.zacks.com,0.228129,Somewhat-Bullish,BA,0.724687,0.288401,Somewhat-Bullish
2024-04-11 13:30:10,Wall Street Bulls Look Optimistic About Boeing  ( BA ) : Should You Buy?,https://www.zacks.com/stock/news/2253884/wall-street-bulls-look-optimistic-about-boeing-ba-should-you-buy,"Based on the average brokerage recommendation (ABR), Boeing (BA) should be added to one's portfolio. Wall Street analysts' overly optimistic recommendations cast doubt on the effectiveness of this highly sought-after metric. So, is the stock worth buying?",www.zacks.com,0.264099,Somewhat-Bullish,BA,0.362254,0.113129,Neutral
2024-04-11 14:43:35,Business | Apr 13th 2024 Edition,https://www.economist.com/the-world-this-week/2024/04/11/business,"The Biden administration said it would provide $6.6bn in direct funding to to support its facilities in Arizona for manufacturing the world's most advanced semiconductors. based in Taiwan and the world's largest contract chipmaker, will have three sites in Phoenix when it completes a new factory ...",www.economist.com,0.016767,Neutral,BA,0.195025,-0.034486,Neutral
2024-04-11 17:42:34,Welcome to the Golden Age of User Hostility,https://www.theatlantic.com/technology/archive/2024/04/roku-tv-ads-patent/678041/,"What happens when a smart TV becomes too smart for its own good? The answer, it seems, is more intrusive advertisements. Last week, Janko Roettgers, a technology and entertainment reporter, uncovered a dystopian patent filed last August by Roku, the television- and streaming-device manufacturer ...",www.theatlantic.com,-0.096026,Neutral,BA,0.028122,-0.079021,Neutral
2024-04-11 18:55:06,Inflation has investors on edge. But some sectors have deflated,https://www.cnbc.com/2024/04/11/inflation-has-investors-on-edge-but-some-sectors-have-deflated.html,"Prices have declined over the past year for some items, like household goods, airfare and apples, according to the consumer price index.",www.cnbc.com,-0.055183,Neutral,BA,0.051003,-0.148377,Neutral
2024-04-11 18:56:00,"Boeing spent $500,000 more than it previously disclosed on personal private jet trips for top executives | Business",https://www.cnn.com/2024/04/11/business/boeing-executives-personal-air-travel-costs/index.html,"Boeing spent $500,000 more than it previously disclosed on personal private jet trips for top executives ...",www.cnn.com,0.033157,Neutral,BA,0.531326,-0.026364,Neutral
2024-04-11 20:06:38,"FTX founder Sam Bankman-Fried appeals fraud conviction, 25-year prison sentence",https://www.cnbc.com/2024/04/11/sam-bankman-fried-appeals-fraud-conviction-25-year-prison-sentence.html,Sam Bankman-Fried was convicted of overseeing a conspiracy that looted customer funds at his FTX cryptocurrency exchange and a related hedge fund.,www.cnbc.com,-0.125576,Neutral,BA,0.080188,-0.151798,Somewhat-Bearish
2024-04-11 21:15:07,The Woman Trying To Clean Up Boeing's 737 MAX Mess. Plus: What Banks Don't Understand About Female Founders,https://www.forbes.com/sites/maggiemcgrath/2024/04/11/the-woman-trying-to-clean-up-boeings-737-max-mess-plus-what-banks-dont-understand-about-female-founders/,"This is this week's ForbesWomen newsletter, which every Thursday brings news about the world's top female entrepreneurs, leaders and investors straight to your inbox. Click here to get on the newsletter list!",www.forbes.com,0.188782,Somewhat-Bullish,BA,0.039745,0.160819,Somewhat-Bullish
2024-04-11 21:45:20,Boeing  ( BA )  Stock Dips While Market Gains: Key Facts,https://www.zacks.com/stock/news/2254094/boeing-ba-stock-dips-while-market-gains-key-facts,"The latest trading day saw Boeing (BA) settling at $173.36, representing a -0.73% change from its previous close.",www.zacks.com,0.13157,Neutral,BA,0.588876,0.169102,Somewhat-Bullish
2024-04-11 22:45:18,Constellation Brands CEO explains sales weakness in wine and spirits: 'We spread ourselves a little too thin',https://www.cnbc.com/2024/04/11/constellation-brands-ceo-explains-sales-weakness-in-wine-and-spirits.html,Constellation Brands CEO Bill Newlands told CNBC's Jim Cramer on Thursday how the company plans to improve its wine and spirits division.,www.cnbc.com,0.171216,Somewhat-Bullish,BA,0.09186,-0.155446,Somewhat-Bearish
2024-04-11 22:49:00,Take a look at the workhorse C-130 cargo plane that the US Air Force is reinventing to fight like a bomber,https://www.businessinsider.com/c-130-hercules-us-air-force-reinvent-cargo-plane-combat-2024-4,C-130 cargo plane that US Air Force reinventing to fight like bomber - Business Insider ...,www.businessinsider.com,0.042806,Neutral,BA,0.028422,-0.001875,Neutral
2024-04-11 23:00:01,"Physical gold offers more protection than mining stocks, says State Street's George Milling-Stanley",https://www.cnbc.com/2024/04/11/gold-is-safer-than-mining-stocks-state-streets-milling-stanley.html,"Gold bars can be a valuable hedge during stock market weakness, according to gold expert George Milling-Stanley.",www.cnbc.com,0.227433,Somewhat-Bullish,BA,0.076847,-0.151014,Somewhat-Bearish
2024-04-12 01:56:21,US Senate committee to hold hearing today on Boeing safety culture report,https://www.business-standard.com/world-news/us-senate-committee-to-hold-hearing-today-on-boeing-safety-culture-report-124041200058_1.html,The US Senate Commerce Committee said on Thursday it would hold a hearing next week with members of an expert panel that released a report in February criticizing Boeing's safety culture and calling for significant improvements.,www.business-standard.com,-0.029407,Neutral,BA,0.518022,0.056576,Neutral
2024-04-12 03:44:54,Cathay Pacific to bring even more experience enhancements designed with customers in mind,https://markets.businessinsider.com/news/stocks/cathay-pacific-to-bring-even-more-experience-enhancements-designed-with-customers-in-mind-1033242725,"From its brand-new Premium Economy cabin to an exclusive selection of Chinese wines and collaborations with acclaimed dining establishments, Cathay Pacific continues to raise the bar for customers",markets.businessinsider.com,0.429368,Bullish,BA,0.035555,0.062679,Neutral
2024-04-12 04:01:01,JPMorgan Chase is set to report first-quarter earnings - here's what the Street expects,https://www.cnbc.com/2024/04/12/jpmorgan-chase-jpm-earnings-q1-2024.html,JPMorgan Chase will be watched closely for clues on how banks fared at the start of the year.,www.cnbc.com,0.202674,Somewhat-Bullish,BA,0.102888,-0.160072,Somewhat-Bearish
2024-04-12 05:22:00,"A Boeing supplier says it tried using Vaseline, cornstarch, and talcum powder to lubricate a door seal before settling on Dawn dish soap: NYT",https://www.businessinsider.com/boeing-supplier-vaseline-talcum-powder-cornstarch-dish-soap-lubricant-plane-2024-4,"Boeing supplier says it used Vaseline, talcum powder on door seal - Business Insider ...",www.businessinsider.com,0.194084,Somewhat-Bullish,BA,0.586747,0.303943,Somewhat-Bullish
2024-04-12 09:00:00,Bear of the Day: Boeing  ( BA ) ,https://www.zacks.com/commentary/2254175/bear-of-the-day-boeing-ba,"Boeing has faced turbulence year-to-date, with operational issues becoming a major thorn in the side.",www.zacks.com,0.046333,Neutral,BA,0.699089,-0.007761,Neutral
2024-04-12 10:50:37,"Jet-Setting Executives: Boeing Revises Disclosures For Personal Trips By CEO, Other Executives - Boeing  ( NYSE:BA ) ",https://www.benzinga.com/markets/equities/24/04/38217495/jet-setting-executives-boeing-revises-disclosures-for-personal-trips-by-ceo-other-executives,"An internal review at Boeing Co BA revealed that Chief Executive David Calhoun and other top executives took personal trips exceeding $500,000 on the company's private jets, misclassified as business travel.",www.benzinga.com,0.158318,Somewhat-Bullish,BA,0.578355,0.249703,Somewhat-Bullish
2024-04-12 11:56:47,"Top 3 Industrials Stocks That Are Set To Fly This Quarter - Applied UV  ( NASDAQ:AUVI ) , Boeing  ( NYSE:BA ) ",https://www.benzinga.com/trading-ideas/long-ideas/24/04/38218523/top-3-industrials-stocks-that-are-set-to-fly-this-quarter,"The most oversold stocks in the industrials sector presents an opportunity to buy into undervalued companies. The RSI is a momentum indicator, which compares a stock's strength on days when prices go up to its strength on days when prices go down.",www.benzinga.com,0.098376,Neutral,BA,0.249106,-0.092044,Neutral
2024-04-12 12:00:00,Boeing CEO's penchant for cost-cutting doesn't apply to his trips on the company jet | Business,https://www.cnn.com/2024/04/12/investing/boeing-ceo-private-jet-travel-nightcap/index.html,Boeing CEO's penchant for cost-cutting doesn't apply to his trips on the company jet ...,www.cnn.com,-0.014292,Neutral,BA,0.510302,0.048135,Neutral
2024-04-12 12:29:00,Comfort Systems USA and Boeing have been highlighted as Zacks Bull and Bear of the Day,https://www.zacks.com/stock/news/2254418/comfort-systems-usa-and-boeing-have-been-highlighted-as-zacks-bull-and-bear-of-the-day,Comfort Systems USA and Boeing are part of the Zacks Bull and Bear of the Day article.,www.zacks.com,0.288343,Somewhat-Bullish,BA,0.196725,0.033794,Neutral
2024-04-12 12:39:02,Boeing Cooperating With Senate Subcommittee On 787/777 Whistleblower,https://www.forbes.com/sites/marisagarcia/2024/04/12/boeing-cooperating-with-senate-subcommittee-on-787777-whistleblower/,The U.S. Senate Permanent Subcommittee on Investigations will hold a hearing next week to examine new claims from a Boeing whistleblower published in the New York Times on Tuesday.,www.forbes.com,0.053035,Neutral,BA,0.795217,0.060868,Neutral
2024-04-12 13:00:01,LinkedIn betting it can take on TikTok and Instagram in influencer marketing,https://www.cnbc.com/2024/04/12/linkedin-expands-thought-leader-ads-eyeing-tiktok-and-instagram.html,"With LinkedIn facing a slowdown in growth, the company is jumping into influencer marketing, trying to compete with TikTok and Instagram.",www.cnbc.com,0.164994,Somewhat-Bullish,BA,0.035929,0.118996,Neutral
2024-04-12 13:21:00,Northrop  ( NOC )  Wins Deal to Supply GQM-163A Coyote SSST Systems,https://www.zacks.com/stock/news/2254624/northrop-noc-wins-deal-to-supply-gqm-163a-coyote-ssst-systems,"Northrop (NOC) is set to procure and deliver 16 GQM-163A Coyote SSST systems, along with associated technical and administrative data.",www.zacks.com,0.313967,Somewhat-Bullish,BA,0.086713,0.153715,Somewhat-Bullish
2024-04-12 13:31:14,"Southwest Faces Further Reductions In Expected Boeing Jet Deliveries: Report - Southwest Airlines  ( NYSE:LUV ) , Boeing  ( NYSE:BA ) ",https://www.benzinga.com/news/24/04/38220492/southwest-faces-further-reductions-in-expected-boeing-jet-deliveries-report,"Southwest Airlines Company LUV reportedly expects reduced Boeing Company BA deliveries this year, impacting its growth plans. Boeing's production cuts and regulatory issues compound Southwest's challenges.",www.benzinga.com,-0.061266,Neutral,BA,0.479683,-0.022173,Neutral
2024-04-12 13:35:43,Delta And United Contracts Prohibit Single Pilot Cockpits. American's Doesn't.,https://www.forbes.com/sites/tedreed/2024/04/12/delta-and-united-contracts-prohibit-single-pilot-cockpits-americans-doesnt/,"In one substantial way, American Airlines' contract with its pilots union differs from the contracts at Delta and United. American's contract does not specify that its airplanes will be operated with two pilots in the cockpit.",www.forbes.com,0.192224,Somewhat-Bullish,BA,0.155118,0.327268,Somewhat-Bullish
2024-04-12 14:02:00,Boeing  ( BA )  Wins $112M Deal to Aid F/A-18 & EA-18G Aircraft,https://www.zacks.com/stock/news/2254668/boeing-ba-wins-112m-deal-to-aid-fa-18-ea-18g-aircraft,"Boeing (BA) is set to provide support for its F/A-18 and E/A-18G aircraft, thereby serving the U.S. Navy and two other U.S. allies.",www.zacks.com,0.188199,Somewhat-Bullish,BA,0.400531,0.19317,Somewhat-Bullish
2024-04-12 14:14:00,What's in the Cards for Alaska Air  ( ALK )  in Q1 Earnings?,https://www.zacks.com/stock/news/2254610/whats-in-the-cards-for-alaska-air-alk-in-q1-earnings,"Alaska Air's (ALK) bottom line is under pressure from increasing fuel costs, which is likely to impact its upcoming first-quarter earnings results.",www.zacks.com,0.087416,Neutral,BA,0.068896,-0.128231,Neutral
2024-04-12 14:21:00,"Airline Stock Roundup: DAL's Q1 Earnings Beat, SAVE Gives Fleet Updates",https://www.zacks.com/stock/news/2254670/airline-stock-roundup-dals-q1-earnings-beat-save-gives-fleet-updates,"Delta (DAL) performs well in Q1, driven by strong air travel demand. Copa Holdings (CPA) reports an 11.5% increase in air traffic for March.",www.zacks.com,0.09767,Neutral,BA,0.13347,-0.083768,Neutral
2024-04-12 14:30:01,How Bombardier is cashing in on business elite's love affair with private jet travel,https://www.cnbc.com/2024/04/12/how-bombardier-is-cashing-in-on-elites-desire-for-private-jet-travel.html,"Commercial planes, trains and snowmobiles are out at Bombardier, as its debt-laden past pushes the company go all-in on the business jet.",www.cnbc.com,0.117511,Neutral,BA,0.025624,-0.019165,Neutral
2024-04-12 14:55:47,What's Going On With Boeing's Stock? - Boeing  ( NYSE:BA ) ,https://www.benzinga.com/news/24/04/38222360/whats-going-on-with-boeings-stock,"Boeing Company BA shares are trading lower Friday, and the stock is down more than 5% over the past five days. Here's a look at what to know. Boeing shares continue moving lower on downward momentum as the company faces ongoing scrutiny of its safety and quality standards.",www.benzinga.com,0.090945,Neutral,BA,0.82515,0.041261,Neutral
2024-04-12 15:48:00,Boeing execs were using the company's private jets for personal trips more than we thought,https://www.businessinsider.com/boeing-executives-private-jets-filing-2024-4,Boeing execs were using company's private jets more than we thought - Business Insider ...,www.businessinsider.com,0.041836,Neutral,BA,0.692877,0.033569,Neutral
2024-04-12 16:33:05,Jamie Dimon's Outlook is More Powerful than Jerome Powell's,https://moneymorning.com/2024/04/12/jamie-dimons-outlook-is-more-powerful-than-jerome-powells/,"It's here… Earnings season starts today, and things aren't off to a good start. The S&P 500 and other indices were trading lower ahead of the open as investors decipher earnings reports from the first round of banks to report for the season.",moneymorning.com,-0.074351,Neutral,BA,0.116348,-0.030437,Neutral
2024-04-12 19:06:39,Cargo Airline Sends New Boeing 767 Freighters Directly to Storage - Air Transport Services Gr  ( NASDAQ:ATSG ) ,https://www.benzinga.com/news/24/04/38209648/cargo-airline-sends-new-boeing-767-freighters-directly-to-storage,The decision represents the latest case of an all-cargo airline throttling back on fleet expansion plans made during the COVID crisis when a shortfall in shipping capacity sent rates through the roof and made freighters valuable assets.,www.benzinga.com,0.040379,Neutral,BA,0.374,-0.018142,Neutral
2024-04-12 19:13:36,"StubHub eyes summer IPO, seeks $16.5 billion valuation",https://www.cnbc.com/2024/04/12/stubhub-eyes-summer-ipo-seeks-16point5-billion-valuation.html,StubHub is eyeing a summer initial public offering and the online ticketing service is aiming for a valuation of at least $16.5 billion.,www.cnbc.com,0.101325,Neutral,BA,0.1331,0.14752,Neutral
2024-04-13 03:44:41,Bet on Chinese economic decline at your own peril,https://www.moneycontrol.com/news/opinion/bet-on-chinese-economic-decline-at-your-own-peril-12629491.html,"There is reason to believe that China is transitioning to a more mature stage of economic growth, rather than going down a slope of decline. It would be wrong for India to fashion plans based on any assumption of Chinese economic decline ...",www.moneycontrol.com,0.021524,Neutral,BA,0.040899,0.0,Neutral
2024-04-13 09:17:00,Boeing is betting big on its upcoming $442 million 777X to compete with the popular Airbus A350. Here's how the jets compare.,https://www.businessinsider.com/boeing-777x-compared-airbus-a350-differences-widebody-which-better-2024-3,Boeing 777x vs. Airbus A350: comparing long-haul widebody airliners - Business Insider ...,www.businessinsider.com,-0.018996,Neutral,BA,0.475838,0.015458,Neutral
2024-04-13 10:00:01,"Macy's proxy fight is over, but the battle for the department store's future wages on",https://www.cnbc.com/2024/04/13/macys-arkhouse-take-private-fight-continues-after-proxy-settlement.html,CEO Tony Spring is on the clock to execute a turnaround vision with potential buyers pressing ahead with a bid to take Macy's private.,www.cnbc.com,0.111967,Neutral,BA,0.025379,0.113511,Neutral
2024-04-13 11:23:16,Surging inflation fears sent markets tumbling and Fed officials scrambling,https://www.cnbc.com/2024/04/13/surging-inflation-fears-sent-markets-tumbling-and-fed-officials-scrambling.html,"The early data is in for the path of inflation during the first three months of 2024, and the news so far is not good.",www.cnbc.com,-0.103178,Neutral,BA,0.029078,0.115647,Neutral
2024-04-13 13:00:00,How the Columbia disaster changed the future of spaceflight,https://www.cnn.com/2024/04/13/world/columbia-space-shuttle-disaster-nasa-scn/index.html,5 ways the Columbia disaster changed spaceflight forever ...,www.cnn.com,0.09129,Neutral,BA,0.084423,0.036796,Neutral
2024-04-13 13:00:01,"The 14 U.S. states where you can still afford to buy a home if you earn less than $75,000",https://www.cnbc.com/2024/04/13/us-states-where-you-can-buy-a-home-if-you-earn-less-than-75000.html,"You'll need a median annual income of $110,871 to afford a home in the U.S., which is more than most Americans households earn.",www.cnbc.com,0.204343,Somewhat-Bullish,BA,0.078099,0.125814,Neutral
2024-04-13 15:00:01,'Buffett really was not a great stock picker': Financial researcher Larry Swedroe on how investors can emulate the billionaire investor,https://www.cnbc.com/2024/04/13/buffett-really-was-not-a-great-stock-picker-swedroe-on-investing.html,"Larry Swedroe, who's considered one of the market's most esteemed researchers, thinks Warren Buffett's investment style doesn't work well anymore.",www.cnbc.com,0.176,Somewhat-Bullish,BA,0.063425,0.124092,Neutral
2024-04-13 18:55:00,What You Need To Know When Flying Emirates Business Class,https://www.forbes.com/sites/melissakravitz/2024/04/13/emirates-business-class/,"Flying business class can be a real treat. And with Emirates, the experience is unparalleled, featuring exceptional service, comfortable seats and top tier in-flight food and beverage.",www.forbes.com,0.421158,Bullish,BA,0.070105,0.123607,Neutral
2024-04-13 20:35:00,Avelo Airlines Joins UConn Victory Parade - PR Newswire,https://www.prnewswire.com/news-releases/avelo-airlines-joins-uconn-victory-parade-302115984.html,Avelo Airlines Joins UConn Victory Parade PR ...,www.prnewswire.com,0.349136,Somewhat-Bullish,BA,0.054483,0.106911,Neutral
2024-04-14 05:21:43,Transcript: Swamp Notes - What's the Republican party's position on abortion?,https://www.ft.com/content/f817bac9-b8bc-4e96-af00-f2ed6f59952d,"This is an audio transcript of the FT News Briefing podcast episode: 'Swamp Notes - What's the Republican party's position on abortion?' For decades, Republican politicians and activists wanted to see Roe v Wade overturned. But now that they've succeeded, they've opened up a whole new can of worms.",www.ft.com,0.06939,Neutral,BA,0.021369,-0.055531,Neutral
2024-04-14 05:46:42,Southwest Airlines  ( NYSE:LUV )  Rating Lowered to Sell at StockNews.com,https://www.defenseworld.net/2024/04/14/southwest-airlines-nyseluv-rating-lowered-to-sell-at-stocknews-com.html,"Southwest Airlines ( NYSE:LUV - Get Free Report ) was downgraded by equities research analysts at StockNews.com from a ""hold"" rating to a ""sell"" rating in a research note issued on Friday. LUV has been the subject of a number of other reports.",www.defenseworld.net,0.223604,Somewhat-Bullish,BA,0.054857,0.061987,Neutral
2024-04-14 11:17:32,Ukraine's attacks on Russian oil refineries shows the growing threat AI drones pose to energy markets,https://www.cnbc.com/2024/04/14/ukraines-ai-drone-attacks-on-oil-refineries-threaten-energy-markets.html,Ukraine's drone attacks show how long-range drones with artificial intelligence can pummel energy infrastructure.,www.cnbc.com,-0.24442,Somewhat-Bearish,BA,0.036983,0.119438,Neutral
2024-04-14 12:30:01,Here's how Biden's new student loan forgiveness plan differs from his first,https://www.cnbc.com/2024/04/14/how-bidens-new-student-loan-forgiveness-plan-differs-from-his-first-.html,"President Joe Biden's new student loan forgiveness plan is narrower than his first effort. For critics of debt relief, that might not make a difference.",www.cnbc.com,0.059034,Neutral,BA,0.064623,0.124153,Neutral
2024-04-14 13:00:01,The income everyday Americans earn in every U.S. state-see how your salary measures up,https://www.cnbc.com/2024/04/14/median-annual-income-in-every-us-state.html,"You don't have to live on the coasts to make a solid income, but it may help.",www.cnbc.com,0.108881,Neutral,BA,0.097062,0.130915,Neutral
2024-04-14 13:06:00,"Start your week smart: Iran strikes Israel, Australia stabbing, Texas truck crash, presidential poll, surveillance bill",https://www.cnn.com/2024/04/14/us/5-things-april-14-trnd/index.html,"If your work schedule has you dreading the return to the office tomorrow, we have good news: Nearly one-third of large US companies are exploring new schedule shifts such as four-day or four-and-a-half-day workweeks, according to a recent survey of CEOs by KPMG.",www.cnn.com,-0.059985,Neutral,BA,0.033375,-0.093682,Neutral
2024-04-14 15:49:00,"Boeing helped develop Israel's Arrow 3 missile defense system, which 'proved itself' during Iran's retaliatory attack",https://www.businessinsider.com/how-boeing-helped-develop-israels-missile-defense-system-2024-4,How Boeing helped develop Israel's missile defense system - Business Insider ...,www.businessinsider.com,0.15379,Somewhat-Bullish,BA,0.457566,0.199496,Somewhat-Bullish
2024-04-14 15:49:08,"Boeing helped develop Israel's Arrow 3 missile defense system, which 'proved itself' during Iran's retaliatory attack",https://africa.businessinsider.com/military-and-defense/boeing-helped-develop-israels-arrow-3-missile-defense-system-which-proved-itself/jyhgsvw,Israel's Arrow 3 system - first deployed in 2017 - is the top level of its air defense network and is designed to intercept targets in space. The system was developed with significant funding from the United States and is a joint project of Boeing and Israel Aerospace Industries and its ...,africa.businessinsider.com,0.17303,Somewhat-Bullish,BA,0.290607,0.223647,Somewhat-Bullish
2024-04-15 04:01:01,Goldman Sachs reports earnings before market open - here's what the Street expects,https://www.cnbc.com/2024/04/15/goldman-sachs-gs-earnings-q1-2024.html,"Goldman Sachs CEO David Solomon has taken his lumps in the past year, but hope is building for a turnaround.",www.cnbc.com,0.21823,Somewhat-Bullish,BA,0.110973,0.136398,Neutral
2024-04-15 06:00:00,"With international traffic roaring back, there's a new No. 2 busiest airport",https://www.cnn.com/2024/04/15/travel/worlds-busiest-airports-passengers-2023/index.html,"Globe-trotters are on the move again in a big way, boosting the rankings of a handful of international aviation hubs on the list of the world's busiest airports. There's no change at the top of the list.",www.cnn.com,0.159027,Somewhat-Bullish,BA,0.043898,0.040835,Neutral
2024-04-15 10:30:00,Mobilicom to Unveil Unprecedented Comprehensive Solution for Uncrewed Vehicle Systems at AUVSI XPONENTIAL 2024,https://www.globenewswire.com/news-release/2024/04/15/2862600/0/en/Mobilicom-to-Unveil-Unprecedented-Comprehensive-Solution-for-Uncrewed-Vehicle-Systems-at-AUVSI-XPONENTIAL-2024.html,Mobilicom is a member of The Association for Uncrewed Vehicle Systems International's ( AUVSI ) Cybersecurity Working Group and is highly regarded as a leader in cybersecure solutions and standards setting for the uncrewed vehicles ecosystem ...,www.globenewswire.com,0.100947,Neutral,BA,0.069294,0.119684,Neutral
2024-04-15 10:40:55,"GE's Historic Crotonville Academy Reportedly Sold: End Of An Era? - Boeing  ( NYSE:BA ) , Salesforce  ( NYSE:CRM ) ",https://www.benzinga.com/markets/equities/24/04/38244490/ges-historic-crotonville-academy-reportedly-sold-end-of-an-era,"GE reportedly sells Crotonville as part of its corporate restructuring, marking a shift in corporate training paradigms. GE Aerospace GE was launched as an independent company following the spin-off of GE Vernova Inc. GEV.",www.benzinga.com,0.2727,Somewhat-Bullish,BA,0.392948,0.134073,Neutral
2024-04-15 12:00:01,State tax officials are using AI to go after wealthy payers,https://www.cnbc.com/2024/04/15/state-tax-officials-use-ai-to-go-after-wealthy-payers.html,"New York state is sending out AI-generated letters looking for tax revenue, many of them focused on remote work or a change in tax residency.",www.cnbc.com,0.113493,Neutral,BA,0.080728,0.126338,Neutral
2024-04-15 12:03:49,World's busiest airports show surge in international travel. Here are the rankings,https://www.cnbc.com/2024/04/15/worlds-busiest-airport-rankings-2023.html,Airports from Tokyo to London logged big increases in travelers in 2024.,www.cnbc.com,0.002373,Neutral,BA,0.122894,0.142068,Neutral
2024-04-15 12:45:01,Adobe releases Acrobat AI assistant starting at $4.99 a month,https://www.cnbc.com/2024/04/15/adobe-releases-acrobat-ai-assistant-starting-at-4point99-a-month.html,Adobe released its artificial intelligence assistant across Acrobat applications through a monthly subscription plan starting at $4.99.,www.cnbc.com,0.197147,Somewhat-Bullish,BA,0.139265,0.151044,Somewhat-Bullish
2024-04-15 12:57:49,Why A B797 Revival Should Be Boeing's New $50 Billion Plane,https://www.forbes.com/sites/marisagarcia/2024/04/15/why-a-b797-revival-should-be-boeings-new-50-billion-plane/,"With Boeing facing a Senate Subcommittee hearing into whistleblower allegations on its widebody 787 Dreamliner and 777 programs, this might seem like an odd time to review the manufacturer's plans for its next aircraft.",www.forbes.com,0.045614,Neutral,BA,0.716023,-0.034932,Neutral
2024-04-15 13:18:00,Earnings season is here. These are the biggest storylines the market is watching.,https://www.businessinsider.com/earnings-seasons-q2-preview-tech-markets-stocks-2024-4,Earnings season preview of biggest storyline - Business Insider ...,www.businessinsider.com,0.0,Neutral,BA,0.032871,0.005845,Neutral
2024-04-15 15:00:01,How Royal Caribbean is leading the charge in the cruise industry comeback,https://www.cnbc.com/2024/04/15/royal-caribbean-is-leading-the-charge-in-the-cruise-industry-comeback.html,"The cruise industry has made a comeback, and Royal Caribbean is leading the charge.",www.cnbc.com,0.112098,Neutral,BA,0.159569,0.163634,Somewhat-Bullish
2024-04-15 17:46:02,Unpacking the Latest Options Trading Trends in Boeing - Boeing  ( NYSE:BA ) ,https://www.benzinga.com/insights/options/24/04/38254909/unpacking-the-latest-options-trading-trends-in-boeing,"Investors with a lot of money to spend have taken a bearish stance on Boeing BA. We noticed this today when the trades showed up on publicly available options history that we track here at Benzinga. Whether these are institutions or just wealthy individuals, we don't know.",www.benzinga.com,0.162348,Somewhat-Bullish,BA,0.812032,0.226394,Somewhat-Bullish
2024-04-15 18:12:22,Peloton quietly drops unlimited free app membership because it failed to bring in paid subscribers,https://www.cnbc.com/2024/04/15/peloton-removes-free-app-membership.html,"Peloton debuted an unlimited free membership option for its app last year in a bid to win over new customers, but the company quietly ended the initiative.",www.cnbc.com,0.311493,Somewhat-Bullish,BA,0.075635,0.12538,Neutral
2024-04-15 19:36:20,"Delta Flight Returns To Atlanta After Takeoff: Boeing 757 'Yawing Aggressively' - Delta Air Lines  ( NYSE:DAL ) , Boeing  ( NYSE:BA ) ",https://www.benzinga.com/markets/equities/24/04/38257664/delta-flight-returns-to-atlanta-after-takeoff-boeing-757-yawing-aggressively,"A Delta Air Lines, Inc. DAL flight from Atlanta to Ft. Lauderdale was diverted back to Atlanta after takeoff. The Boeing Co BA 757 was ""yawing aggressively so we decided to turn back,"" the pilot told passengers, according to a Benzinga staff member on the flight.",www.benzinga.com,0.126263,Neutral,BA,0.769861,0.066926,Neutral
2024-04-15 20:54:19,Pro-Palestinian Demonstrators Block Traffic At Chicago O'Hare Airport And Golden Gate Bridge,https://www.forbes.com/sites/zacharyfolk/2024/04/15/pro-palestinian-demonstrators-block-traffic-at-chicago-ohare-airport-and-golden-gate-bridge/,"Protesters shut down traffic in both directions on the Golden Gate Bridge on Monday, joining protesters across the country to stop traffic for hours to draw attention to U.S. taxpayer funds being used for military aid for Israel's ongoing war with Hamas in Gaza-on the same day federal income tax ...",www.forbes.com,-0.273669,Somewhat-Bearish,BA,0.059194,-0.119099,Neutral
2024-04-15 21:26:00,NASA is asking for help to retrieve Mars samples that could be the first evidence of alien life,https://www.businessinsider.com/nasa-asks-help-retrieving-perseverance-mars-samples-alien-life-2024-4,NASA needs help retrieving Mars samples that may reveal past alien life - Business Insider ...,www.businessinsider.com,0.09664,Neutral,BA,0.055109,0.0,Neutral
2024-04-15 22:02:23,"United Airlines Q1 Earnings Preview: Analyst Estimates, Safety Concerns, Underperformance To Delta - Key Items To Watch - United Airlines Holdings  ( NASDAQ:UAL ) ",https://www.benzinga.com/news/earnings/24/04/38260752/united-airlines-q1-earnings-preview-analyst-estimates-safety-concerns-underperformance-to-delta-key,"Leading airline company United Airlines Holdings Inc UAL will report first-quarter financial results after market close Tuesday, April 16. Here's a look at the earnings estimates and key items to watch.",www.benzinga.com,0.152353,Somewhat-Bullish,BA,0.182506,-0.115511,Neutral
2024-04-15 22:07:13,Boeing pushes back on whistleblower's allegations and details how airframes are put together,https://apnews.com/article/boeing-defends-manufacturing-quality-whistleblowers-b8df880c01547638cbf5de240960001b,"Boeing is defending the integrity of the fuselages on two of its largest planes, which have come under criticism from who warns that panels on the outside of one of the planes could eventually break apart during flight.",apnews.com,-0.071861,Neutral,BA,0.676859,-0.22589,Somewhat-Bearish
2024-04-15 23:13:41,Raimondo: Commerce Dept. will spend all of the CHIPS Act grant money this year,https://www.cnbc.com/2024/04/15/gina-raimondo-commerce-will-spend-all-chips-act-money-this-year.html,he Commerce Department is providing grant money to semiconductor companies to incentivize them to build out manufacturing production capabilities in the U.S.,www.cnbc.com,0.250658,Somewhat-Bullish,BA,0.100729,0.132229,Neutral
2024-04-16 00:19:50,"Speaker Johnson to advance separate Israel, Ukraine, Taiwan bills after Iran attack",https://www.cnbc.com/2024/04/15/speaker-johnson-israel-ukraine-taiwan-bills.html,"President Biden initially proposed a foreign aid package for Ukraine, Israel, Taiwan and U.S. border security in October.",www.cnbc.com,0.014354,Neutral,BA,0.08183,0.126576,Neutral
2024-04-16 02:54:49,Boeing to ask operators for new 787 checks linked to jet's multiyear review,https://www.business-standard.com/world-news/boeing-to-ask-operators-for-new-787-checks-linked-to-jet-s-multiyear-review-124041600076_1.html,"Boeing Co. will recommend that operators of its 787 Dreamliner inspect a nose component that helps maintain cabin pressure, a consequence of the plane's tip-to-tail review in recent years that gained urgency amid fresh allegations it cut corners.",www.business-standard.com,-0.057688,Neutral,BA,0.481177,-0.068843,Neutral
2024-04-16 04:01:01,"Ad transparency tools are 'major disappointment' ahead of election, new study shows",https://www.cnbc.com/2024/04/16/ad-transparency-tools-major-disappointment-ahead-of-election-study.html,"A new study concludes that ad transparency tools from major platforms like Google, Meta and X are insufficient for users and researchers.",www.cnbc.com,-0.021725,Neutral,BA,0.049629,0.123156,Neutral
2024-04-16 06:33:35,"Lockheed Martin Wins $17B Contract To Shield US From North Korea, Iran Missile Threats - Lockheed Martin  ( NYSE:LMT ) ",https://www.benzinga.com/news/24/04/38263648/lockheed-martin-wins-17b-contract-to-shield-us-from-north-korea-iran-missile-threats,"In a significant development for the defense sector, Lockheed Martin LMT has clinched a substantial contract with the U.S. Missile Defense Agency, marking a pivotal moment for the company amidst recent budgetary adjustments and competitive pressures.",www.benzinga.com,0.205235,Somewhat-Bullish,BA,0.077845,-0.022029,Neutral
2024-04-16 09:02:00,Lufthansa just got its first Airbus A350 fit with its upgraded Allegris cabin - which will soon include first class with a double bed. See inside.,https://www.businessinsider.com/lufthansa-replacing-dated-business-class-new-allegris-cabin-first-class-2024-4,Lufthansa Replacing Dated Business Class With New Allegris Cabin - Business Insider ...,www.businessinsider.com,0.190885,Somewhat-Bullish,BA,0.247838,0.022723,Neutral
2024-04-16 09:21:00,"When Will the Dow Jones Industrial Average Reach 50,000? History Suggests a Lot Sooner Than You Think.",https://www.fool.com/investing/2024/04/16/when-will-dow-jones-reach-50000-history-says-soon/,Average annual gains for the iconic Dow Jones have accelerated over the last three decades.,www.fool.com,0.197122,Somewhat-Bullish,BA,0.035502,0.04653,Neutral
2024-04-16 10:03:01,"Why a $100,000 income no longer buys the American Dream in most places",https://www.cnbc.com/2024/04/16/why-a-100000-salary-no-longer-buys-the-american-dream-in-most-places.html,"A $100,000 annual income used to be the gold standard for ""making it"" in America, but it's increasingly seeming like it's not enough to raise a family.",www.cnbc.com,0.140857,Neutral,BA,0.061473,0.124026,Neutral
2024-04-16 10:20:07,Should You Invest in the Invesco Aerospace & Defense ETF  ( PPA ) ?,https://www.zacks.com/stock/news/2255750/should-you-invest-in-the-invesco-aerospace-defense-etf-ppa,Sector ETF report for PPA ...,www.zacks.com,0.233092,Somewhat-Bullish,BA,0.129168,0.068879,Neutral
2024-04-16 10:30:00,How AI Is Helping Amazon Save Half A Million Tons Of Packaging Per Year,https://www.forbes.com/sites/amyfeldman/2024/04/15/how-ai-is-helping-amazon-save-half-a-million-tons-of-packaging-per-year-artificial-intelligence/,"mazon ships 20 million packages a day in 19 countries, requiring an astronomical amount of paper, cardboard and plastic packaging. Figuring out how to pack all those items efficiently is good for the environment and for its own profits. So in 2019, Amazon launched its own proprietary AI model to ...",www.forbes.com,0.223969,Somewhat-Bullish,BA,0.036146,0.07499,Neutral
2024-04-16 11:40:00,China is still struggling to fix its demand problem - and that's bad news for the likes of Apple and Tesla,https://www.businessinsider.com/china-economy-slowdown-demand-elon-musk-tesla-tim-cook-apple-2024-4,"China still struggling with demand problem - bad news for Apple, Tesla - Business Insider ...",www.businessinsider.com,-0.065595,Neutral,BA,0.078354,-0.123824,Neutral
2024-04-16 12:30:01,Tesla job cuts heighten Wall Street concerns that EV maker faces a demand problem,https://www.cnbc.com/2024/04/16/tesla-layoffs-send-shares-down-on-concerns-about-weakening-demand.html,"Tesla's announcement Monday that it is cutting jobs sent the shares down nearly 6%, continuing the year's sell-off.",www.cnbc.com,0.036692,Neutral,BA,0.050044,0.123228,Neutral
2024-04-16 12:39:03,Boeing Severes Ties With Lobbying Firm Involved In 737 Max Crisis Management: Report - Boeing  ( NYSE:BA ) ,https://www.benzinga.com/markets/equities/24/04/38268829/boeing-severes-ties-with-lobbying-firm-involved-in-737-max-crisis-management-report,"In a strategic shift, Boeing Co. BA reportedly parted ways with the lobbying firm that played a pivotal role during one of the company's most challenging periods.",www.benzinga.com,0.060392,Neutral,BA,0.624172,0.154453,Somewhat-Bullish
2024-04-16 14:00:00,Boeing Makes its Largest Purchase of Blended Sustainable Aviation Fuel,https://www.prnewswire.com/news-releases/boeing-makes-its-largest-purchase-of-blended-sustainable-aviation-fuel-302117310.html,"ARLINGTON, Va., April 16, 2024 /PRNewswire/ -- Boeing [NYSE: BA] is buying 9.4 million gallons ( 35.6 million liters ) of blended sustainable aviation fuel ( SAF ) to support its 2024 U.S. commercial operations, reducing its carbon emissions and working to help grow the supply of the fuel ...",www.prnewswire.com,0.329807,Somewhat-Bullish,BA,0.673811,0.507701,Bullish
2024-04-16 14:15:00,"Military Artificial Intelligence  ( AI )  Market size worth $ 35.54 Billion, Globally, by 2031 at 14.49% CAGR - Report By Verified Market Research®",https://www.benzinga.com/pressreleases/24/04/g38272556/military-artificial-intelligence-ai-market-size-worth-35-54-billion-globally-by-2031-at-14-49-cagr,"Jersey City, New Jersey, April 16, 2024 ( GLOBE NEWSWIRE ) -- The Global Military Artificial Intelligence ( AI ) Market is projected to grow at a CAGR of 14.49% from 2024 to 2031, according to a new report published by Verified Market Research®.",www.benzinga.com,0.359841,Bullish,BA,0.029581,0.16815,Somewhat-Bullish
2024-04-16 15:40:25,Boeing Ups Its Sustainability Game: Reveals Largest Ever Purchase Of Blended SAF - Boeing  ( NYSE:BA ) ,https://www.benzinga.com/markets/equities/24/04/38274876/boeing-ups-its-sustainability-game-reveals-largest-ever-purchase-of-blended-saf,"Boeing Co BA has decided to buy 9.4 million gallons ( 35.6 million liters ) of blended sustainable aviation fuel ( SAF ) to support its 2024 U.S. commercial operations. This is the company's largest annual SAF purchase, more than 60% higher than its buy in 2023.",www.benzinga.com,0.208535,Somewhat-Bullish,BA,0.880186,0.385883,Bullish
2024-04-16 15:59:16,Boeing Whistleblower Sam Salehpour Will Testify Before Senate Wednesday-Here's What To Know,https://www.forbes.com/sites/zacharyfolk/2024/04/16/boeing-whistleblower-sam-salehpour-will-testify-before-senate-wednesday-heres-what-to-know/,"Sam Salehpour, a quality engineer at Boeing, will testify before the Senate on Wednesday regarding what he says is the company's ""alarming and dangerous manufacturing deficiencies"" that could cause ""potentially catastrophic"" incidents for the 787 Dreamliner and the 777, two of the manufacturers ...",www.forbes.com,-0.264596,Somewhat-Bearish,BA,0.627549,-0.390218,Bearish
2024-04-16 20:00:00,United Airlines Announces First-Quarter 2024 Financial Results; Exceeds Revenue and EPS Expectations,https://www.prnewswire.com/news-releases/united-airlines-announces-first-quarter-2024-financial-results-exceeds-revenue-and-eps-expectations-302118590.html,United Airlines Announces First-Quarter 2024 Financial Results. Exceeds Revenue and EPS Expectations PR ...,www.prnewswire.com,0.089439,Neutral,BA,0.009339,0.045436,Neutral
2024-04-16 20:05:08,United Airlines results top estimates despite $200 million hit from Boeing grounding,https://www.cnbc.com/2024/04/16/united-airlines-ual-1q-2024-earnings.html,United expects to receive fewer aircraft this year and is planning to add leased Airbus A321neos.,www.cnbc.com,0.201036,Somewhat-Bullish,BA,0.199859,-0.056177,Neutral
2024-04-16 20:51:00,Stocks Shrug Off Powell Comments; Super Micro Flashes Buy Signal,https://www.investors.com/market-trend/stock-market-today/dow-jones-futures-fed-chief-powell-super-micro-asml-earnings/,Stocks Shrug Off Powell Comments. Super Micro Flashes Buy Signal Investor's Business Daily ...,www.investors.com,-0.031497,Neutral,BA,0.054732,-0.217917,Somewhat-Bearish
2024-04-16 21:39:40,Republican House panel launches probe into Biden's FTC-DOJ task force on corporate pricing,https://www.cnbc.com/2024/04/16/republican-house-panel-launches-probe-into-bidens-ftc-doj-task-force-.html,FTC Chair Lina Khan has been the subject of several House probes as she ramps up antitrust enforcement.,www.cnbc.com,-0.117609,Neutral,BA,0.0699,0.124592,Neutral
2024-04-16 21:57:00,Boeing's problems just cost United $200 million | Business,https://edition.cnn.com/2024/04/16/business/boeing-cost-united-200-million/index.html,Boeing's problems just cost United $200 million CNN International ...,edition.cnn.com,0.145198,Neutral,BA,0.66527,0.154564,Somewhat-Bullish
2024-04-16 22:00:00,Pilot union alleges 'significant spike' in safety issues on American Airlines flights | Business,https://edition.cnn.com/2024/04/16/business/pilot-union-alleges-significant-spike-in-safety-issues-on-american-airlines-flights/index.html,Pilot union alleges 'significant spike' in safety issues on American Airlines flights CNN International ...,edition.cnn.com,0.205177,Somewhat-Bullish,BA,0.143415,0.016293,Neutral
2024-04-16 22:01:00,United Airlines reports $124 million loss in a quarter marred by grounding of some Boeing planes,https://apnews.com/article/united-airlines-financial-results-first-quarter-8236a68116172babe8727f4bc1d01241,"United Airlines said Tuesday that it lost $124 million in the first quarter, which it blamed on a three-week grounding of all Boeing 737 Max 9s after a panel blew off Max jetliner in January. United indicated it would receive far fewer new planes this year than it expected, and it has begun ...",apnews.com,0.166076,Somewhat-Bullish,BA,0.187463,-0.113306,Neutral
2024-04-17 01:53:25,Boeing plane's mid-air blowout result of ignorance to safety: FAA panelist,https://www.business-standard.com/world-news/boeing-plane-s-mid-air-blowout-result-of-ignorance-to-safety-faa-panelist-124041700064_1.html,"Javier de Luis, an aerospace engineer and lecturer at the Massachusetts Institute of Technology, plans to tell the Senate Commerce Committee that the planemaker's pace and commitment to change falls short of what's needed after two 737 Max crashes in 2018 and 2019 killed 346 people.",www.business-standard.com,-0.194691,Somewhat-Bearish,BA,0.491255,-0.231457,Somewhat-Bearish
2024-04-17 02:11:04,Boeing Whistleblower Urges Grounding Of All 787 Dreamliners Worldwide Citing 'Premature Failure' Concerns: 'Check Your Gaps' - Boeing  ( NYSE:BA ) ,https://www.benzinga.com/news/24/04/38284171/boeing-whistleblower-urges-grounding-of-all-787-dreamliners-worldwide-citing-premature-failure-conce,"A Boeing Co. BA engineer has called for the grounding of the entire 787 fleet due to safety concerns. The engineer, Sam Salehpour, is set to testify before Congress on Wednesday.",www.benzinga.com,0.051443,Neutral,BA,0.677342,-0.076683,Neutral
2024-04-17 04:01:00,Boeing in the spotlight as Congress calls a whistleblower to testify about defects in planes,https://apnews.com/article/boeing-whistleblowers-safety-senate-hearings-f8354ddddc6372e3337cd74b9ea264e3,"Boeing will be in the spotlight during back-to-back hearings Wednesday, as Congress examines allegations of at the embattled aircraft manufacturer. The first session will feature members of an expert panel that found serious flaws in Boeing's safety culture.",apnews.com,-0.192621,Somewhat-Bearish,BA,0.791081,-0.323771,Somewhat-Bearish
2024-04-17 04:02:00,Analysis: A jury that will decide Trump's fate begins to take shape as first criminal trial powers ahead | Politics,https://www.cnn.com/2024/04/16/politics/donald-trump-trial-narrative-analysis/index.html,A jury that will decide Trump's fate begins to take shape as first criminal trial powers ahead ...,www.cnn.com,0.036567,Neutral,BA,0.02379,-0.106313,Neutral
2024-04-17 08:30:00,"Got $5,000? Here Are 3 Undervalued Stocks to Buy and Hold Forever",https://www.fool.com/investing/2024/04/17/got-5000-undervalued-stocks-buy-and-hold/,Not every business in operation today is built to thrive -- or even last -- indefinitely. These are.,www.fool.com,0.208755,Somewhat-Bullish,BA,0.097457,-0.014883,Neutral
2024-04-17 09:00:01,"Biden wants to triple China tariffs on steel, aluminum imports",https://www.cnbc.com/2024/04/17/biden-wants-to-triple-china-tariffs-on-steel-aluminum-imports.html,President Joe Biden will call on the U.S. Trade Representative to triple the China tariff rate on steel and aluminum imports.,www.cnbc.com,-0.004908,Neutral,BA,0.064276,0.124134,Neutral
2024-04-17 10:00:25,China flies in brainpower to get widebody C929 aircraft off the ground,https://www.scmp.com/economy/china-economy/article/3259340/china-rallies-aviation-brainpower-get-widebody-c929-ground-amp-airbus-and-boeing-competition,"China's state-owned aircraft manufacturer held a conference ahead of a week-long seminar to seek progress with its C929 passenger jet, which is due to rival the Airbus A350 and Boeing 787 models for long-haul routes.",www.scmp.com,0.12141,Neutral,BA,0.263942,0.265031,Somewhat-Bullish
2024-04-17 10:50:00,A Boeing engineer turned whistleblower says the planemaker needs ground all its 787 Dreamliners,https://www.businessinsider.com/latest-boeing-whistleblower-urges-planemaker-to-ground-all-787s-2024-4,Latest Boeing whistleblower urges planemaker to ground all 787s - Business Insider ...,www.businessinsider.com,-0.016982,Neutral,BA,0.822443,-0.131217,Neutral
2024-04-17 10:57:00,"5 things to know for April 17: Trump trial, Middle East, Boeing, Immigration, Dubai flooding",https://www.cnn.com/2024/04/17/us/5-things-to-know-for-april-17-trump-trial-middle-east-boeing-immigration-dubai-flooding/index.html,"A powerful storm system capable of unleashing damaging tornadoes is barreling through parts of the Midwest. Forecasts show the most significant threat today extends from Mississippi to Michigan, with around 50 million people under severe storm alerts.",www.cnn.com,-0.076948,Neutral,BA,0.142144,-0.165952,Somewhat-Bearish
2024-04-17 11:00:01,"Superyacht sales plunge as wait times rise, Russian oligarchs drop out of the market",https://www.cnbc.com/2024/04/17/superyacht-sales-plunge-as-russian-oligarchs-drop-out-of-the-market.html,"Sales of superyachts took a dive in 2023, as long waiting lists, soaring costs and Russian oligarch sanctions hit demand.",www.cnbc.com,0.03803,Neutral,BA,0.076358,0.125501,Neutral
2024-04-17 11:29:00,Analysis: Private equity finds its next bet: college admissions | Business,https://www.cnn.com/2024/04/17/investing/premarket-stocks-trading/index.html,Private equity finds its next bet: college admissions ...,www.cnn.com,0.100274,Neutral,BA,0.129516,0.045239,Neutral
2024-04-17 11:37:00,"Torrential rain wreaked havoc at Dubai's airport, with video showing a plane battling across a flooded runway",https://www.businessinsider.com/torrential-rain-flash-floods-wreaked-havoc-dubai-airport-travel-chaos-2024-4,Torrential Rain and Flash Floods Wreaked Havoc at Dubai's Airport - Business Insider ...,www.businessinsider.com,-0.119615,Neutral,BA,0.095138,-0.121814,Neutral
2024-04-17 11:47:10,Daily: Tesla's Lead As The Most Valuable Car Company Dwindles,https://www.forbes.com/sites/daniellechemtob/2024/04/17/forbes-daily-teslas-lead-as-the-most-valuable-car-company-dwindles/,"This is a published version of the Forbes Daily newsletter, you can sign-up to get Forbes Daily in your inbox here. If you want to be a successful author these days, social media might be the key. Sarah J.",www.forbes.com,0.098563,Neutral,BA,0.074153,-0.045959,Neutral
2024-04-17 12:00:00,"United Leads Airline Rally On Earnings, Records $200 Million Hit From Boeing Grounding",https://www.investors.com/news/ual-stock-rallies-united-airlines-earnings-airline-stocks/,"Airline stocks rallied Wednesday morning after United Airlines cleared first-quarter earnings estimates in a late-Tuesday report. UAL stock popped on the results, triggering a modest early rally among major airline stocks.",www.investors.com,0.226339,Somewhat-Bullish,BA,0.221819,-0.254965,Somewhat-Bearish
2024-04-17 12:14:00,Stratasys  ( SSYS )  Inks 3D Printing Deal With Select Additive,https://www.zacks.com/stock/news/2256692/stratasys-ssys-inks-3d-printing-deal-with-select-additive,Stratasys (SSYS) enters into an agreement with Select Additive to be the latter's sole partner in delivering polymer additive manufacturing solutions.,www.zacks.com,0.382632,Bullish,BA,0.051221,0.20248,Somewhat-Bullish
2024-04-17 12:21:22,United Airlines Lost $200 Million From Boeing Max 9 Grounding,https://www.forbes.com/sites/suzannerowankelleher/2024/04/17/united-airlines-lost-200-million-from-boeing-max-9-grounding/,nited Airlines would have turned a profit in the first quarter of 2024 had it not been for a door plug blowing off an Alaska Airlines jet mid-flight in January.,www.forbes.com,0.154914,Somewhat-Bullish,BA,0.333257,-0.116261,Neutral
2024-04-17 12:30:01,Amazon cloud unit kills Snowmobile data transfer truck eight years after driving 18-wheeler onstage,https://www.cnbc.com/2024/04/17/aws-stops-selling-snowmobile-truck-for-cloud-migrations.html,Amazon Web Services says it has better and more cost-efficient ways to move data to the cloud than by using the semi truck it introduced in 2016.,www.cnbc.com,0.085467,Neutral,BA,0.050572,0.123315,Neutral
2024-04-17 12:50:13,Why United Airlines Stock Is Rising Wednesday - United Airlines Holdings  ( NASDAQ:UAL ) ,https://www.benzinga.com/news/earnings/24/04/38291030/why-united-airlines-stock-is-rising-wednesday,United Airlines Holdings Inc UAL shares are trading higher Wednesday after the company reported better-than-expected quarterly results. Q1 Revenue: $12.539 billion beat estimates of $12.4 billion Q1 EPS: loss of 15 cents beat estimates for a loss of 57 cents Capacity was up 9.1% on a ...,www.benzinga.com,0.289894,Somewhat-Bullish,BA,0.350564,0.113561,Neutral
2024-04-17 13:07:29,"What's Going On With Ryanair Shares Today? - Ryanair Hldgs  ( NASDAQ:RYAAY ) , Boeing  ( NYSE:BA ) ",https://www.benzinga.com/markets/equities/24/04/38291720/whats-going-on-with-ryanair-shares-today,"Ryanair Holdings plc RYAAY shares are trading higher premarket today. The company expects Boeing Co BA to deliver 40 new jets by mid-July, Chief Executive Michael O'Leary said, aligning with a previously adjusted schedule, reported Reuters.",www.benzinga.com,0.137101,Neutral,BA,0.755086,-0.126751,Neutral
2024-04-17 13:25:00,"Boeing's fleet of 8 corporate jets spent some 4,500 hours in the sky flying company executives last year, data shows",https://www.businessinsider.com/boeing-private-jets-ceo-flights-fuel-emissions-2024-4,"Boeing's private jets spent 4,500 hours flying in 2023 - Business Insider ...",www.businessinsider.com,0.051904,Neutral,BA,0.398939,-0.024663,Neutral
2024-04-17 13:28:00,United Airlines Stock Is Flying-and Lifting the Rest of the Sector,https://www.barrons.com/amp/articles/united-delta-american-airlines-stock-price-earnings-3132c9ef,"United Airlines Stock Is Flying. It's Lifting American Airlines, Delta, Others. ...",www.barrons.com,0.142116,Neutral,BA,0.087503,-0.145704,Neutral
2024-04-17 13:29:00,Boeing Whistleblower Will Testify Before Senate Today-Here's What To Know,https://www.forbes.com/sites/zacharyfolk/2024/04/17/boeing-whistleblower-will-testify-before-senate-today-heres-what-to-know/,Boeing Whistleblower Sam Salehpour Set To Testify Before Senate Forbes ...,www.forbes.com,-0.183699,Somewhat-Bearish,BA,0.62335,-0.274227,Somewhat-Bearish
2024-04-17 13:40:09,Here's Why Air Lease  ( AL )  is a Strong Value Stock,https://www.zacks.com/stock/news/2256817/heres-why-air-lease-al-is-a-strong-value-stock,"Whether you're a value, growth, or momentum investor, finding strong stocks becomes easier with the Zacks Style Scores, a top feature of the Zacks Premium research service.",www.zacks.com,0.467385,Bullish,BA,0.093289,0.138082,Neutral
2024-04-17 14:00:00,Get ready to fly in style and comfort with American Airlines' exciting inflight enhancements,https://edition.cnn.com/cnn-underscored/travel/american-airlines-enhanced-inflight-experience,"Inside American Airlines' enhanced in-flight experience with new amenities, dining and comfort CNN International ...",edition.cnn.com,0.385892,Bullish,BA,0.241512,0.280726,Somewhat-Bullish
2024-04-17 14:01:13,Earnings Preview: Boeing  ( BA )  Q1 Earnings Expected to Decline,https://www.zacks.com/stock/news/2256910/earnings-preview-boeing-ba-q1-earnings-expected-to-decline,Boeing (BA) doesn't possess the right combination of the two key ingredients for a likely earnings beat in its upcoming report. Get prepared with the key expectations.,www.zacks.com,0.117125,Neutral,BA,0.262522,-0.052244,Neutral
2024-04-17 14:10:00,American Airlines pilots say there's been a 'significant spike' in safety problems,https://www.businessinsider.com/american-airlines-significant-spike-in-safety-issues-pilots-union-2024-4,American Airlines 'significant spike' in safety issues: pilots union - Business Insider ...,www.businessinsider.com,0.273434,Somewhat-Bullish,BA,0.096671,-0.103215,Neutral
2024-04-17 14:21:44,Boeing's safety culture to come into spotlight at US Senate hearings,https://www.business-standard.com/world-news/boeing-s-safety-culture-to-come-into-spotlight-at-us-senate-hearings-124041700809_1.html,Boeing said on Monday it has not found fatigue cracks on in-service 787 jets that have gone through heavy maintenance.,www.business-standard.com,-0.124345,Neutral,BA,0.813694,-0.236126,Somewhat-Bearish
2024-04-17 14:22:00,Textron's  ( TXT )  Fleet of Cessna Piston Jets Enters Into Service,https://www.zacks.com/stock/news/2256976/textrons-txt-fleet-of-cessna-piston-jets-enters-into-service,Textron (TXT) announces that its enhanced fleet of Cessna High-Wing Piston aircraft has entered into service.,www.zacks.com,0.304674,Somewhat-Bullish,BA,0.241085,0.227136,Somewhat-Bullish
2024-04-17 15:04:42,Why United Airlines Stock Is Flying Higher Today,https://www.fool.com/investing/2024/04/17/why-united-airlines-stock-is-flying-higher-today/,The company is powering through headwinds confronting the business.,www.fool.com,0.102868,Neutral,BA,0.233556,0.129129,Neutral
2024-04-17 16:09:22,CMA CGM Outsources New Trans-Pacific Service to Atlas Air,https://www.benzinga.com/news/24/04/38279695/cma-cgm-outsources-new-trans-pacific-service-to-atlas-air,"The airline, which was established in 2021, announced on Tuesday that it will take possession of two factory-built Boeing 777-200 cargo jets this year and one in the first quarter of 2025.",www.benzinga.com,0.065815,Neutral,BA,0.093289,0.02828,Neutral
2024-04-17 16:26:26,United Airlines Stock: Q1 Earnings Surge Vs. Technical Red Flags - United Airlines Holdings  ( NASDAQ:UAL ) ,https://www.benzinga.com/trading-ideas/technicals/24/04/38297241/united-airlines-stock-q1-earnings-surge-vs-technical-red-flags,"United Airlines Holdings Inc's UAL stock has taken flight after reporting impressive first quarter earnings, surpassing market expectations. The stock was up about 12% as of 10:30 a.m. ET on Wednesday, fueled by investor optimism around its upbeat earnings report.",www.benzinga.com,0.235004,Somewhat-Bullish,BA,0.267804,0.126728,Neutral
2024-04-17 16:32:47,Alaska Airlines briefly grounds flights due to technical issue,https://apnews.com/article/alaska-airlines-flights-grounded-boeing-94da244ece3c2ceff2a98e8213ef24c4,"The Seattle-based airline said in a statement it requested a ground stop for all Alaska and Horizon air flights out of an abundance of caution after it ""experienced an issue while performing an upgrade to the system that calculates our weight and balance."" The ground stop lasted from about 7:30 ...",apnews.com,-0.171248,Somewhat-Bearish,BA,0.33628,-0.337883,Somewhat-Bearish
2024-04-17 16:42:41,"Boeing Heads To Space: Could NASA Deal, Starliner Help Fend Off Airplane Segment Weakness? - Boeing  ( NYSE:BA ) ",https://www.benzinga.com/general/space/24/04/38297698/boeing-heads-to-space-could-nasa-deal-starliner-help-fend-off-airplane-segment-weakness,"Airplane maker Boeing Co BA has had a rough 2024 with several setbacks related to safety issues highlighted by its airplanes flown by airline companies. While the company could have a long road ahead of fixing problems and regaining customer trust for its airplanes, Boeing could have an exciting ...",www.benzinga.com,0.156795,Somewhat-Bullish,BA,0.751437,0.249254,Somewhat-Bullish
2024-04-17 16:50:19,Boeing faces scrutiny in Senate hearings over aircraft safety and quality,https://www.cnbc.com/2024/04/17/boeing-faces-scrutiny-in-senate-over-aircraft-safety-and-quality.html,A Boeing whistleblower testified in a hearing on Wednesday about safety concerns related to two Boeing aircraft.,www.cnbc.com,0.009762,Neutral,BA,0.532556,-0.181781,Somewhat-Bearish
2024-04-17 17:29:12,"Alaska Air Group Q1 Earnings Preview: Attention Turns To Boeing Safety, Merger With Hawaiian Airlines - Alaska Air Gr  ( NYSE:ALK ) ",https://www.benzinga.com/news/earnings/24/04/38298704/alaska-air-group-q1-earnings-preview-attention-turns-to-boeing-safety-merger-with-hawaiian-airlines,"Airline company Alaska Air Group, Inc. ALK is set to report first-quarter financial results before market opens Thursday, April 18. Here are the key earnings estimates and items to watch. Earnings Estimates: Analysts estimate Alaska Air will report first-quarter revenue of $2.19 billion, ...",www.benzinga.com,0.086704,Neutral,BA,0.373378,-0.026243,Neutral
2024-04-17 18:02:09,Why United Airlines Stock Is Flying Higher After Earnings,https://www.kiplinger.com/investing/stocks/why-united-airlines-stock-is-flying-higher-after-earnings,"United Airlines ( UAL ) stock is flying higher Wednesday after the company beat both earnings and revenue estimates for its first quarter. In the three months ended March 31, United's total operating revenue increased 9.7% year-over-year to $12.5 billion while its per-share loss narrowed to ...",www.kiplinger.com,0.447855,Bullish,BA,0.186738,0.125624,Neutral
2024-04-17 18:34:17,"Senators Question Boeing's 2021 DOJ Deal-""Come Back To Accountability""",https://www.forbes.com/sites/marisagarcia/2024/04/17/senators-question-boeings-2021-doj-deal-come-back-to-accountability/,"Prompted by recent whistleblower claims of issues with the Boeing 787 Dreamliner and 777 aircraft, U.S. Senate Permanent Subcommittee on Investigations Chairman Richard Blumenthal ( D-CT ) and Ranking Member Ron Johnson ( R-WI ) held a hearing, Examining Boeing's Broken Safety Culture: Firsthand ...",www.forbes.com,-0.121548,Neutral,BA,0.778103,-0.254117,Somewhat-Bearish
2024-04-17 18:36:00,Russia's hunted A-50 command planes are its eyes over Ukraine. Here's how it compares to the Boeing E-3 Sentry.,https://www.businessinsider.com/how-russias-a50-command-plane-compares-to-boeing-e3-sentry-2024-4,Russian A-50 command plane vs. Boeing E-3 Sentry: Comparing AWACS aircraft - Business Insider ...,www.businessinsider.com,-0.014479,Neutral,BA,0.066908,0.073383,Neutral
2024-04-17 20:00:00,Boeing whistleblower said the company threatened him and other engineers to keep quiet about safety concerns,https://www.businessinsider.com/boeing-whistleblower-said-was-threatened-to-keep-quiet-about-safety-2024-4,Boeing whistleblower said he was threatened to keep quiet about safety - Business Insider ...,www.businessinsider.com,0.062748,Neutral,BA,0.521812,0.016672,Neutral
2024-04-17 20:09:51,Stock Market Today: Dow Slips After Travelers' Earnings Miss,https://www.kiplinger.com/investing/stocks/stock-market-today-dow-slips-after-travelers-earnings-miss,Stocks opened higher Wednesday but didn't stay there for long as anxiety over higher-for-longer interest rates weighed on sentiment. A selloff in several Magnificent 7 stocks didn't help matters.,www.kiplinger.com,0.144515,Neutral,BA,0.064973,0.081006,Neutral
2024-04-17 20:26:23,Airline executives predict a record summer and even more demand for first class,https://www.cnbc.com/2024/04/17/airline-execs-predict-record-summer-even-more-demand-for-first-class.html,Delta and United executives have forecast record demand this spring and summer with even more travelers booking in higher classes.,www.cnbc.com,0.169903,Somewhat-Bullish,BA,0.244518,-0.032831,Neutral
2024-04-17 21:45:19,Boeing  ( BA )  Stock Moves -0.2%: What You Should Know,https://www.zacks.com/stock/news/2257209/boeing-ba-stock-moves--02-what-you-should-know,"Boeing (BA) closed at $170.21 in the latest trading session, marking a -0.2% move from the prior day.",www.zacks.com,0.141917,Neutral,BA,0.595343,0.25775,Somewhat-Bullish
2024-04-17 22:23:00,Boeing whistleblower: 'They are putting out defective airplanes' | Business,https://www.cnn.com/2024/04/17/business/boeing-whistleblower-safety-hearing/index.html,Boeing whistleblower: 'They are putting out defective airplanes' ...,www.cnn.com,0.002425,Neutral,BA,0.620548,0.097289,Neutral
2024-04-17 23:14:00,Chilean report into LATAM Airlines flight plunge finds 'involuntary movement forward' from pilot's seat,https://edition.cnn.com/2024/04/17/americas/chile-aviation-report-pilot-seat-intl-latam/index.html,"A preliminary report from Chile's aviation authority on the LATAM Airlines plane that plunged mid-air on March 11 says that the captain's seat experienced an ""involuntary movement forward"" midflight.",edition.cnn.com,0.039909,Neutral,BA,0.644033,0.177753,Somewhat-Bullish
2024-04-18 05:57:25,'Everybody Wants Boeing To Succeed:' GOP Senator Stresses 'Safety In The Skies' Post Whistleblower Testimony - Boeing  ( NYSE:BA ) ,https://www.benzinga.com/markets/equities/24/04/38307060/everybody-wants-boeing-to-succeed-gop-senator-stresses-safety-in-the-skies-post-whistleblower-te,"U.S. Senator Ron Johnson ( R- Wis. ) emphasized the critical need for Boeing Co. BA to succeed, following a whistleblower's alarming revelations. What Happened: During CNBC's ""Last Call"" on Wednesday, Johnson expressed solidarity with the aerospace giant, underscoring the importance of safety ...",www.benzinga.com,0.234666,Somewhat-Bullish,BA,0.767534,0.479922,Bullish
2024-04-18 06:05:15,Tesla plant likely in India: A look at its gigafactories in other countries,https://www.business-standard.com/india-news/tesla-plant-likely-in-india-a-look-at-its-gigafactories-in-other-countries-124041800216_1.html,"The largest ( by land area ) and the first Tesla Gigafactory in the world, the Nevada facility is a lithium-ion battery and electric vehicle component factory Tesla chief Elon Musk will be in India on April 21 and will meet Prime Minister Narendra Modi next day.",www.business-standard.com,0.111295,Neutral,BA,0.040348,0.093173,Neutral
2024-04-18 09:30:02,"Prioritising quality, safety of Boeing products over production: Alaska Air",https://www.business-standard.com/world-news/prioritising-quality-safety-of-boeing-products-over-production-alaska-air-124041800533_1.html,"Alaska Air Group is not concerned about the production rate of Boeing's 737 MAX planes as it is more focused on the quality and safety of the planemaker's jets, a top company executive said on Thursday.",www.business-standard.com,0.132305,Neutral,BA,0.391311,0.013584,Neutral
2024-04-18 11:18:18,Alaska Airlines 2024 forecast tops estimates after loss from Boeing Max grounding,https://www.cnbc.com/2024/04/18/alaska-airlines-2024-forecast-tops-estimates-after-loss-from-boeing-max-grounding.html,Alaska Airlines said Boeing paid it $162 million so far in compensation for the 737 Max grounding.,www.cnbc.com,0.202067,Somewhat-Bullish,BA,0.439786,0.200828,Somewhat-Bullish
2024-04-18 12:00:00,Upbeat Summer Travel Expected: Buy Airlines ETF?,https://www.zacks.com/stock/news/2257398/upbeat-summer-travel-expected-buy-airlines-etf,"Despite challenges such as inflation and safety concerns, demand for flights persists. United Airlines and Delta Airlines anticipate record-breaking numbers of travelers this summer.",www.zacks.com,0.227016,Somewhat-Bullish,BA,0.149192,-0.00536,Neutral
2024-04-18 12:13:08,Daily: A Playbook For Bitcoin's Upcoming Halving Event,https://www.forbes.com/sites/daniellechemtob/2024/04/18/forbes-daily-a-playbook-for-bitcoins-upcoming-halving-event/,"This is a published version of the Forbes Daily newsletter, you can sign-up to get Forbes Daily in your inbox here. Global phenomenon and billionaire Taylor Swift is at it again: Her 11th studio album, The Tortured Poets Department, is dropping tomorrow.",www.forbes.com,0.071577,Neutral,BA,0.024775,-0.099893,Neutral
2024-04-18 12:14:00,Boeing  ( BA )  Secures Deal to Aid F/A-18 & EA-18G Aircraft,https://www.zacks.com/stock/news/2257515/boeing-ba-secures-deal-to-aid-fa-18-ea-18g-aircraft,"Boeing (BA) is set to supply flight test assets and support equipment with respect to the F/A-18 and EA-18G aircraft, to the U.S. Navy.",www.zacks.com,0.2777,Somewhat-Bullish,BA,0.436947,0.335528,Somewhat-Bullish
2024-04-18 12:47:21,"Alaska Air Gets $162M In Initial Compensation From Boeing For January Incident, Issues Robust Q2 Outlook Why Is Alaska Air Stock Trading Higher On Thursday? - Alaska Air Gr  ( NYSE:ALK ) ",https://www.benzinga.com/news/earnings/24/04/38313046/alaska-air-gets-162m-in-initial-compensation-from-boeing-for-january-incident-issues-robust-q2-outl,"Alaska Air Group, Inc ALK reported first-quarter 2024 total operating revenue growth of 2% year-over-year to $2.232 billion, beating the consensus of $2.19 billion. Adjusted EPS stood at $ ( 0.92 ) , down from $ ( 0.62 ) a year ago, beating the consensus of $ ( 1.05 ) .",www.benzinga.com,0.153402,Somewhat-Bullish,BA,0.232069,-0.005299,Neutral
2024-04-18 13:42:00,Boeing whistleblower claims there is a 'criminal coverup' over the 737 Max blowout,https://www.businessinsider.com/boeing-whistleblower-alleges-criminal-coverup-over-737-max-blowout-2024-4,Boeing Whistleblower Alleges 'Criminal Coverup' Over 737 Max Blowout - Business Insider ...,www.businessinsider.com,-0.031263,Neutral,BA,0.50186,-0.03249,Neutral
2024-04-18 13:48:53,"What's Going On With United Airlines Stock Today? - United Airlines Holdings  ( NASDAQ:UAL ) , Boeing  ( NYSE:BA ) ",https://www.benzinga.com/markets/equities/24/04/38315112/whats-going-on-with-united-airlines-stock-today,"United Airlines Holdings Inc UAL will be compensated by Boeing Co BA for financial losses incurred in the first quarter due to the grounding of 737 MAX 9 aircraft, the carrier said in a recent filing.",www.benzinga.com,0.225499,Somewhat-Bullish,BA,0.695767,0.274992,Somewhat-Bullish
2024-04-18 13:52:30,Stock market today: Wall Street drifts in mixed trading following a four-day losing streak,https://apnews.com/article/stock-market-shares-rates-treasury-c8cc2e5f5ac2b5cd47143dd2ee0920ea,"U.S. stock indexes are drifting in a relatively quiet morning of mixed trading Thursday. The S&P 500 was 0.1% lower, coming off its fourth straight loss. Another drop would send it to its longest losing streak since late October, when its big run to records began.",apnews.com,0.133226,Neutral,BA,0.128478,0.156637,Somewhat-Bullish
2024-04-18 14:01:43,Textron  ( TXT )  Earnings Expected to Grow: What to Know Ahead of Next Week's Release,https://www.zacks.com/stock/news/2257761/textron-txt-earnings-expected-to-grow-what-to-know-ahead-of-next-weeks-release,Textron (TXT) doesn't possess the right combination of the two key ingredients for a likely earnings beat in its upcoming report. Get prepared with the key expectations.,www.zacks.com,0.121682,Neutral,BA,0.173645,-0.017145,Neutral
2024-04-18 15:27:00,A Russian airline that ditched an Airbus A320 in a Siberian wheat field last year is abandoning plans to rescue the jet,https://www.businessinsider.com/ural-scraps-plan-to-rescue-a320-ditched-in-russian-field-2024-4,Russian carrier scraps plan to rescue A320 stranded in Siberia field - Business Insider ...,www.businessinsider.com,-0.124725,Neutral,BA,0.079392,-0.116031,Neutral
2024-04-19 00:00:18,Alaska Air Group  ( ALK )  Q1 2024 Earnings Call Transcript,https://www.fool.com/earnings/call-transcripts/2024/04/18/alaska-air-group-alk-q1-2024-earnings-call-transcr/,"ALK earnings call for the period ending March 31, 2024.",www.fool.com,0.284898,Somewhat-Bullish,BA,0.096866,0.112763,Neutral
2024-04-19 01:30:53,"Boeing subject of 32 whistleblower complaints, documents reveal",https://www.aljazeera.com/economy/2024/4/19/boeing-subject-of-32-whistleblower-complaints-documents-reveal,"US workplace safety regulator received the complaints of employer retaliation over three-year period. Boeing has been the subject of 32 whistleblower complaints with the workplace safety regulator in the United States during the past three years, newly obtained documents reveal, amid mounting ...",www.aljazeera.com,-0.082325,Neutral,BA,0.528798,-0.132269,Neutral
2024-04-19 09:26:15,Boeing Wants To Make Flying Cars In Asia While Aircraft Unit Faces Severe Turbulence - Boeing  ( NYSE:BA ) ,https://www.benzinga.com/markets/asia/24/04/38330397/boeing-wants-to-make-flying-cars-in-asia-while-aircraft-unit-faces-severe-turbulence,Beleagured aircraft maker Boeing Co. BA is reportedly planning to venture into Asia's urban air mobility market by 2030 with flying cars. What Happened: Boeing's Chief Technology Officer Todd Citron told Nikkei Asia on Friday that the company is developing electric vertical take-off and landing ( ...,www.benzinga.com,0.106123,Neutral,BA,0.517168,0.0553,Neutral
2024-04-19 10:01:14,Boeing Grapples With 32 Whistleblower Complaints In 3 Years Amid Mounting Safety Concerns: Report - Boeing  ( NYSE:BA ) ,https://www.benzinga.com/markets/equities/24/04/38330613/boeing-grapples-with-32-whistleblower-complaints-in-3-years-amid-mounting-safety-concerns-report,"Boeing Co. BA has been hit with 32 whistleblower complaints over the past three years, with the U.S. workplace safety regulator investigating allegations of employer retaliation.",www.benzinga.com,-0.047089,Neutral,BA,0.757965,0.044567,Neutral
2024-04-19 10:45:00,"Microsoft, Meta, Alphabet Can Still Rally Markets After Tech Earnings Gloom, Here's Why. And 5 Other Things to Know Before the Market Opens.",https://www.barrons.com/amp/articles/israel-iran-stock-market-what-to-know-today-6477711c,"Tech earnings can still come to the stock market's rescue but the early signs are far from encouraging. Netflix, Taiwan Semiconductor Manufacturing Co. and Dutch chip equipment maker ASML have done nothing to improve the mood with their earnings in recent days.",www.barrons.com,0.055343,Neutral,BA,0.020045,0.085421,Neutral
2024-04-19 11:28:00,An Air New Zealand passenger was left with a broken leg in the air for over 6 hours after severe turbulence,https://www.businessinsider.com/passenger-left-with-broken-leg-over-six-hours-after-turbulence-2024-4,Passenger Left With Broken Leg for Over Six Hours After Turbulence - Business Insider ...,www.businessinsider.com,-0.081527,Neutral,BA,0.200688,-0.089804,Neutral
2024-04-19 11:53:16,Bitcoin Halving Not Equivalent to Stock Split; Apple Yields to China's Security Demands - Top Headlines Today While US Slept,https://www.benzinga.com/markets/cryptocurrency/24/04/38332435/bitcoin-halving-not-equivalent-to-stock-split-apple-yields-to-chinas-security-demands-top-,"Cathie Wood Sees Value In Tesla Wreckage As Ark Buys $13M Worth Of EV Giant's Stock, Loads Up On Bitcoin And Ethereum ETFs Is Bitcoin Halving Like A Stock Split? Binance Founder Changpeng Zhao Says 'No' - Offers Insights On Post-Event Dynamics",www.benzinga.com,-0.064272,Neutral,BA,0.1172,-0.155115,Somewhat-Bearish
2024-04-19 11:58:00,Will Solid Service Revenues Aid Boeing  ( BA )  in Q1 Earnings?,https://www.zacks.com/stock/news/2258305/will-solid-service-revenues-aid-boeing-ba-in-q1-earnings,Boeing's Q1 results are likely to reflect the adverse impacts of lower commercial and defense deliveries amid solid services revenues.,www.zacks.com,0.174545,Somewhat-Bullish,BA,0.423054,0.372294,Bullish
2024-04-19 12:00:00,"He Shoots, He Scores! Air Canada Introduces New Sports Channels to Live TV Service Just in Time for the Stanley Cup Playoffs - Air Canada  ( OTC:ACDVF ) ",https://www.benzinga.com/pressreleases/24/04/n38332574/he-shoots-he-scores-air-canada-introduces-new-sports-channels-to-live-tv-service-just-in-time-for-,"Sportsnet ONE, Sportsnet East and TVA Sports join Live TV line-up MONTREAL, April 19, 2024 /CNW/ - Air Canada today announced the addition of three new Live TV sports channels to its award-winning in-flight entertainment ( IFE ) system.",www.benzinga.com,0.228171,Somewhat-Bullish,BA,0.102449,0.048005,Neutral
2024-04-19 12:51:52,Why Shares in United Airlines Were Higher This Week,https://www.fool.com/investing/2024/04/19/why-shares-in-united-airlines-were-higher-this-wee/,"Despite rising costs, delivery delays, and groundings of Boeing planes, the airline remains on track for its full-year guidance.",www.fool.com,0.029391,Neutral,BA,0.412861,-0.160208,Somewhat-Bearish
2024-04-19 13:15:23,Curious about Boeing  ( BA )  Q1 Performance? Explore Wall Street Estimates for Key Metrics,https://www.zacks.com/stock/news/2258371/curious-about-boeing-ba-q1-performance-explore-wall-street-estimates-for-key-metrics,"Looking beyond Wall Street's top -and-bottom-line estimate forecasts for Boeing (BA), delve into some of its key metrics to gain a deeper insight into the company's potential performance for the quarter ended March 2024.",www.zacks.com,0.091285,Neutral,BA,0.430088,-0.014575,Neutral
2024-04-19 13:24:04,Getting Past The Hype On Emerging Military Technologies Is A Life And Death Issue,https://www.forbes.com/sites/williamhartung/2024/04/19/getting-past-the-hype-on-emerging-military-technologies-is-a-life-and-death-issue/,"The rush to apply cutting edge technologies like artificial intelligence to military systems is well under way in Washington, but even more so in Silicon Valley, where venture capital firms and military startups are pushing the pace by investing billions of dollars and engaging in over-the-top ...",www.forbes.com,-0.063656,Neutral,BA,0.02668,-0.083786,Neutral
2024-04-19 13:45:00,A plane used to fly VIPs like King Charles made an emergency landing after windowpanes fell off,https://www.businessinsider.com/windows-fell-off-airbus-plane-used-king-charles-camilla-titan-2024-4,Windowpanes fell off plane used to fly VIPs like King Charles - Business Insider ...,www.businessinsider.com,-0.128011,Neutral,BA,0.186259,-0.108764,Neutral
2024-04-19 15:57:22,FAA will require more rest time for air traffic controllers amid fatigue concerns,https://www.cnbc.com/2024/04/19/faa-will-require-more-rest-time-for-air-traffic-controllers.html,Staffing shortfalls have led to forced overtime and tightly packed air traffic controller schedules ...,www.cnbc.com,-0.06018,Neutral,BA,0.155451,0.00724,Neutral
2024-04-19 16:51:00,Stock Market Shows Bearish Action: Weekly Review,https://www.investors.com/news/stock-market-taiwan-semiconductor-asml-netflix-united-airlines-weekly-review/,"Stock Market Sells Off. Taiwan Semi, ASML, Netflix, Tesla In Focus: Weekly Review Investor's Business Daily ...",www.investors.com,0.041784,Neutral,BA,0.07423,0.0156,Neutral
2024-04-19 17:58:00,FAA to increase time off between air traffic controller shifts after report highlights risks,https://www.cnn.com/2024/04/19/us/faa-to-increase-time-off-between-air-traffic-controller-shifts-after-report-highlights-risks/index.html,The Federal Aviation Administration has announced scheduling changes in response to an expert panel that is recommending air traffic controllers have more stable work schedules and consistent time off to reduce fatigue. The panel was established after a string of near collisions on US runways.,www.cnn.com,0.080897,Neutral,BA,0.092927,-0.004334,Neutral
2024-04-19 18:46:16,Decoding Southwest Airlines's Options Activity: What's the Big Picture? - Southwest Airlines  ( NYSE:LUV ) ,https://www.benzinga.com/insights/options/24/04/38340834/decoding-southwest-airliness-options-activity-whats-the-big-picture,"Whales with a lot of money to spend have taken a noticeably bullish stance on Southwest Airlines. Looking at options history for Southwest Airlines LUV we detected 13 trades. If we consider the specifics of each trade, it is accurate to state that 69% of the investors opened trades with bullish ...",www.benzinga.com,0.166081,Somewhat-Bullish,BA,0.082111,0.084642,Neutral
2024-04-19 20:41:00,"Tesla's troubles, inflation sticks, Boeing whistleblower warning and WNBA wows",https://www.foxbusiness.com/markets/teslas-troubles-inflation-sticks-boeing-whistleblower-warns-wnba-wows,"-Stocks slip for week, along with oil, but gold keeps shining -The ladies of the WNBA wow in the most watched draft ever ANTISEMITISM RAGES: Anti-Israel protesting raged on the campus of Columbia University, while workers at Google staged their own in-office protests resulting in swift firings ...",www.foxbusiness.com,-0.036822,Neutral,BA,0.081276,-0.195173,Somewhat-Bearish
2024-04-19 21:30:18,"Opinion | Eisenhower was right, every missile fired is a theft from those in need",https://www.scmp.com/opinion/world-opinion/article/3259514/eisenhower-was-right-every-missile-fired-theft-those-need,"With so many nations struggling to provide electricity and clean water, and to rebuild healthcare and education, it's a travesty that billions of dollars are being diverted to arms production and defence.",www.scmp.com,-0.009731,Neutral,BA,0.041682,0.030454,Neutral
2024-04-19 21:44:00,"Tesla, Microsoft, Boeing, Google, Meta Headline A Big Earnings Week",https://www.investors.com/research/investing-action-plan/stock-market-action-plan-tesla-microsoft-headline-earnings-week/,"Concerns of spiraling conflict between Iran and Iraq helped twist the past week's stock market into a very mixed finish. As a result, IBD's Stock Market Exposure guide downshifted to its lowest level at the end of the week.",www.investors.com,0.104528,Neutral,BA,0.166169,0.014264,Neutral
2024-04-19 23:33:19,"Cramer's week ahead: Earnings from Tesla, Merck and Big Tech",https://www.cnbc.com/2024/04/19/cramers-week-ahead-earnings-from-tesla-merck-and-big-tech.html,CNBC's Jim Cramer said next week's PCE index report will be the real gauge of inflation.,www.cnbc.com,0.127676,Neutral,BA,0.069495,0.102066,Neutral
2024-04-20 10:30:00,How Boeing's Problems Could Disrupt Summer Travel,https://www.forbes.com/sites/jeremybogaisky/2024/04/20/boeing-airbus-airlines-summer/,"With airlines getting 40% fewer new planes than scheduled, expect higher fares this summer and increased risk of delays and cancellations. S. airlines had been looking forward to a strong summer. Holding them back: problems at Boeing and Airbus that are delaying deliveries of new planes.",www.forbes.com,0.009654,Neutral,BA,0.278771,-0.041927,Neutral
2024-04-20 11:07:00,America's Next Great Space Station Gets a Vote of Support From Japan,https://www.fool.com/investing/2024/04/20/americas-next-great-space-station-gets-a-vote-of-s/,Starlab's chances of becoming a reality just got a little stronger.,www.fool.com,0.246097,Somewhat-Bullish,BA,0.057215,0.038986,Neutral
2024-04-20 11:18:01,Insider Today: Skip the supplements,https://africa.businessinsider.com/health/insider-today-skip-the-supplements/m95f9yq,"According to Expedia, one of the biggest trends of 2024 is destination dupes - places where you can travel for way less. With inflation still pinching consumers and airline ticket prices rising thanks to the Boeing controversy, travelers are looking for more cost-effective ways to see the world.",africa.businessinsider.com,0.090481,Neutral,BA,0.197413,-0.024429,Neutral
2024-04-20 11:30:00,"FAA investigating safety breaches after Colorado Rockies coach sat in a plane cockpit and joked about landing it during a United Airlines charter flight, reports say",https://www.businessinsider.com/colorado-rockies-hensley-meulens-sorry-united-airlines-cockpit-visit-report-2024-4,Colorado Rockies' Hensley Meulens sorry for United Airlines cockpit visit: report - Business Insider ...,www.businessinsider.com,0.026577,Neutral,BA,0.078611,0.062097,Neutral
2024-04-20 12:00:00,Boeing and the Dark Age of American Manufacturing,https://www.theatlantic.com/ideas/archive/2024/04/boeing-corporate-america-manufacturing/678137/,"The sight of Bill Boeing was a familiar one on the factory floor. His office was in the building next to the converted boatyard where workers lathed the wood, sewed the fabric wings, and fixed the control wires of the Boeing Model C airplane. there is no authority except facts. facts are obtained ...",www.theatlantic.com,0.012103,Neutral,BA,0.434625,-0.014686,Neutral
2024-04-20 19:49:40,Boeing Stock: The Best Horror Show on Wall Street,https://markets.businessinsider.com/news/stocks/boeing-stock-the-best-horror-show-on-wall-street-1033267634,"Why tune in to watch the latest drama series on your favorite streaming platform when you can just watch the Boeing ( NYSE:BA ) horror show unfold in real life? That's the pitch to investors from Chris Olin, an analyst at Northcoast Research.",markets.businessinsider.com,-0.029121,Neutral,BA,0.44622,-0.080608,Neutral
2024-04-21 05:34:51,Alaska Air Group  ( NYSE:ALK )  Upgraded at StockNews.com,https://www.defenseworld.net/2024/04/21/alaska-air-group-nysealk-upgraded-at-stocknews-com.html,"Alaska Air Group ( NYSE:ALK - Get Free Report ) was upgraded by analysts at StockNews.com from a ""sell"" rating to a ""hold"" rating in a research note issued to investors on Friday. Other equities research analysts also recently issued research reports about the stock.",www.defenseworld.net,0.251582,Somewhat-Bullish,BA,0.049939,0.127205,Neutral
2024-04-21 09:00:00,Can this ocean-based carbon plant help save the world? Some scientists are raising red flags,https://www.cnn.com/2024/04/21/climate/equatic-ocean-carbon-removal-plant-climate-intl/index.html,"Editor's Note: CNN Films ""Blue Carbon: Nature's Hidden Power"" takes viewers from the mangroves of Vietnam to the salt marshes of France to investigate a powerful new ally in the battle to slow climate change. It premieres at 9 p.m. ET/PT Sunday, April 21.",www.cnn.com,-0.021569,Neutral,BA,0.029399,0.053386,Neutral
2024-04-21 09:07:00,The world of government contract jobs is incredibly complex. Here are the basics.,https://www.businessinsider.com/how-government-federal-contract-jobs-work-2024-4,How the world of government contracting works - Business Insider ...,www.businessinsider.com,0.222929,Somewhat-Bullish,BA,0.04028,0.155303,Somewhat-Bullish
2024-04-21 11:30:00,The US dollar is strengthening. Here's what's driving the rally and what it means for Americans | Business,https://us.cnn.com/2024/04/21/markets/stocks-week-ahead-dollar-rally-global-economy/index.html,The US dollar is strengthening. Here's what's driving the rally and what it means for Americans ...,us.cnn.com,0.116616,Neutral,BA,0.034233,0.063276,Neutral
2024-04-21 12:35:00,"When it comes to government planes and political trips, who pays for a president's campaign travel?",https://apnews.com/article/biden-campaign-travel-reimburse-federal-government-6885c172b11d972920f8fb60869868ac,Who pays for a president's campaign travel? The Associated Press ...,apnews.com,0.049358,Neutral,BA,0.108712,0.047016,Neutral
2024-04-21 16:00:08,How Businesses Can Attract Government Spending,https://www.forbes.com/sites/meganpoinski/2024/04/21/how-businesses-can-attract-government-spending/,"This is the published version of Forbes' CEO newsletter, which offers the latest news for today's and tomorrow's business leaders and decision makers. Click here to get it delivered to your inbox every Sunday. Tesla was once the archetype of an innovative company pioneering the possibilities of ...",www.forbes.com,0.125167,Neutral,BA,0.059488,-0.041406,Neutral
2024-04-22 07:04:00,April 2024 Stock Market Forecast,https://www.forbes.com/advisor/investing/stock-market-outlook-and-forecast/,April 2024 Stock Market Outlook - Forbes Advisor - Investing Forbes ...,www.forbes.com,0.193057,Somewhat-Bullish,BA,0.055046,-0.121167,Neutral
2024-04-22 08:29:00,"Nvidia, Tesla, Super Micro, Verizon, Informatica, Coinbase, Cardinal Health, and More Stock Market Movers",https://www.barrons.com/amp/articles/stock-market-movers-54b0c8a2,"Nvidia, Tesla, Super Micro, Salesforce, Verizon, and More Stock Market Movers ...",www.barrons.com,-0.12376,Neutral,BA,0.073098,0.0,Neutral
2024-04-22 12:32:24,"Elon Musk Is The 'Only Person' Able To Get US Astronauts To Orbit - 'NASA Can No Longer Do It, Boeing Can't Do It, How Come?'",https://www.benzinga.com/general/24/04/38355446/elon-musk-is-the-only-person-able-to-get-us-astronauts-to-orbit-nasa-can-no-longer-do-it-boeing-cant,"Walter Isaacson, a prominent biographer known for chronicling the lives of transformative figures building some of the most influential startups in the world, recently pointed out Elon Musk's unique position in U.S. space exploration.",www.benzinga.com,0.361187,Bullish,BA,0.318074,0.292968,Somewhat-Bullish
2024-04-22 13:45:00,Will Lower Commercial Deliveries Hurt Boeing  ( BA )  Q1 Earnings?,https://www.zacks.com/stock/news/2259369/will-lower-commercial-deliveries-hurt-boeing-ba-q1-earnings,"Boeing's (BA) Q1 results may reflect the adverse impacts of lower commercial deliveries, as well as higher research and development costs. Yet higher 767 and 787 deliveries might have boosted revenues.",www.zacks.com,0.070868,Neutral,BA,0.58781,0.10458,Neutral
2024-04-22 13:47:04,Boeing's Options: A Look at What the Big Money is Thinking - Boeing  ( NYSE:BA ) ,https://www.benzinga.com/insights/options/24/04/38357463/boeings-options-a-look-at-what-the-big-money-is-thinking,"Investors with a lot of money to spend have taken a bearish stance on Boeing BA. We noticed this today when the positions showed up on publicly available options history that we track here at Benzinga. Whether these are institutions or just wealthy individuals, we don't know.",www.benzinga.com,0.155494,Somewhat-Bullish,BA,0.664882,0.201181,Somewhat-Bullish
2024-04-22 14:45:00,GE Aerospace Rises Ahead Of First Standalone Earnings Report,https://www.investors.com/news/ge-aerospace-reports-first-earnings-after-spinout/,"GE Aerospace To Benefit From Boeing Woes, Analyst Says. First Stand-Alone Earnings Due Investor's Business Daily ...",www.investors.com,0.292003,Somewhat-Bullish,BA,0.254751,0.326813,Somewhat-Bullish
2024-04-22 15:38:23,Air India staff bids adieu to one of its last Boeing 747s from Mumbai,https://www.business-standard.com/companies/news/air-india-staff-bids-adieu-to-one-of-its-last-boeing-747s-from-mumbai-124042201110_1.html,"The video clip shows the plane taxiing, taking off, many Air India staff waving at it and also the 'wing wave' maneuver.",www.business-standard.com,0.034964,Neutral,BA,0.619872,-0.014196,Neutral
2024-04-22 17:46:00,Former JetBlue CEO Robin Hayes to lead Airbus in North America | Business,https://www.cnn.com/2024/04/22/business/former-jetblue-ceo-airbus-north-america/index.html,Former JetBlue CEO Robin Hayes to lead Airbus in North America ...,www.cnn.com,0.112664,Neutral,BA,0.263942,0.038935,Neutral
2024-04-22 20:22:00,"Nvidia, Tesla Among S&P 500's Biggest Movers Monday",https://www.investors.com/news/sp-500-stocks-ford-nvidia-tesla/,"S&P 500 Stocks: Ford, Nvidia Among Top Performers Monday. Tesla Extends Losses Investor's Business Daily ...",www.investors.com,-0.112916,Neutral,BA,0.132368,0.154275,Somewhat-Bullish
2024-04-22 20:49:59,"Boeing Will Deliver Q1 Earnings While At Center Of Air Safety Scandal: 'Everybody Wants Boeing To Succeed' - Alaska Air Gr  ( NYSE:ALK ) , Boeing  ( NYSE:BA ) ",https://www.benzinga.com/analyst-ratings/analyst-color/24/04/38365885/boeing-will-deliver-q1-earnings-while-at-center-of-air-safety-scandal-everybody-wan,"As the market awaits Boeing Co's BA earnings call this week, investors are wondering whether the company's results will be strong enough to counter recent scandals hunting the company's public image. The aircraft manufacturer will release its results on Wednesday at 10:30 a.m. ET.",www.benzinga.com,-0.120226,Neutral,BA,0.662945,-0.215358,Somewhat-Bearish
2024-04-22 21:00:40,Boeing expects slower production increase of 787 Dreamliner because of parts shortages,https://www.cnbc.com/2024/04/22/boeing-expects-slower-production-increase-of-787-dreamliner.html,Boeing reports quarterly results before the market opens on Wednesday.,www.cnbc.com,0.079473,Neutral,BA,0.549012,-0.231938,Somewhat-Bearish
2024-04-22 21:13:00,Futures: Big Earnings Reports This Week,https://www.investors.com/market-trend/stock-market-today/dow-jones-nvidia-nvda-stock-google-microsoft-meta-tesla/,"Dow Jones Futures: Nvidia Stock Rebounds. Google, Microsoft, Meta, Tesla Set To Report Investor's Business Daily ...",www.investors.com,0.187729,Somewhat-Bullish,BA,0.074001,0.0,Neutral
2024-04-22 22:42:00,Airliner Earnings: What Can Investors Expect?,https://www.zacks.com/stock/news/2259703/airliner-earnings-what-can-investors-expect,"With several airliners on the reporting docket this week, using the recent results we've received from United Airlines can provide a framework of what to expect. Are they a buy heading into earnings?",www.zacks.com,0.143571,Neutral,BA,0.169081,0.009943,Neutral
2024-04-23 02:25:01,Boeing expects slower growth in 787 production rate and deliveries,https://www.business-standard.com/world-news/boeing-expects-slower-growth-in-787-production-rate-and-deliveries-124042300091_1.html,"Boeing expects a slower increase in the production rate and deliveries of its 787 widebody jets as the US planemaker wrestles with supplier shortages ""on a few key parts,"" an executive on the program told workers on Monday.",www.business-standard.com,-0.012211,Neutral,BA,0.673559,-0.011417,Neutral
2024-04-23 03:43:00,US Market rallies ahead of big earnings and data,https://www.business-standard.com/markets/capital-market-news/us-market-rallies-ahead-of-big-earnings-and-data-124042300153_1.html,"Investors awaited a slew of key U.S. economic data this week, including reports on new home sales, durable goods orders and personal income and spending.",www.business-standard.com,0.142486,Neutral,BA,0.169676,0.069367,Neutral
2024-04-23 05:46:16,Boeing Foresees Slower 787 Production Ramp-Up Due To Supplier Shortages: Report - Boeing  ( NYSE:BA ) ,https://www.benzinga.com/markets/equities/24/04/38369584/boeing-foresees-slower-787-production-ramp-up-due-to-supplier-shortages-report,"In the latest development, Boeing Co. BA has reportedly projected a slower increase in the production and delivery of its 787 widebody jets. This is primarily due to supplier shortages,",www.benzinga.com,0.111566,Neutral,BA,0.530253,-0.067139,Neutral
2024-04-23 08:01:33,Air India bids goodbye to one of its last Boeing 747s with a 'wing wave' - WATCH,https://www.financialexpress.com/business/airlines-aviation-air-india-bids-goodbye-to-one-of-its-last-boeing-747s-with-a-wing-wave-watch-3465759/,"Air India on Monday ( April 22 ) morning bid farewell to one of its last 'Queen of the Skies', the iconic Boeing 747 aircraft. This aircraft served the TATA owned airline for nearly five decades, operating commercial, VVIP, and evacuation flights.",www.financialexpress.com,0.016309,Neutral,BA,0.844916,0.064755,Neutral
2024-04-23 09:00:31,Apple adds suppliers in China despite efforts to diversify production,https://www.scmp.com/tech/big-tech/article/3260024/apple-adds-suppliers-china-despite-efforts-spread-out-production-underscoring-countrys-major-supply,"The country remains the US tech giant's main manufacturing base, home to over a third of the factories run by its disclosed suppliers.",www.scmp.com,0.056421,Neutral,BA,0.077094,0.0,Neutral
2024-04-23 09:05:41,"What is Project Nimbus, and why are Google workers protesting Israel deal?",https://www.aljazeera.com/news/2024/4/23/what-is-project-nimbus-and-why-are-google-workers-protesting-israel-deal,"Tech workers are protesting against use of artificial intelligence and other cloud technologies by Israel in its war on Gaza. Google employees based in the United States staged protests at the tech giant's offices in New York City, California and Seattle last week to oppose a $1.2bn contract with ...",www.aljazeera.com,-0.134847,Neutral,BA,0.048621,-0.038761,Neutral
2024-04-23 10:34:53,"Elon Musk's SpaceX Injury Rates Exceed Industry Average Again, Raising Concerns For NASA And Clients: Report",https://www.benzinga.com/news/24/04/38374353/elon-musks-spacex-injury-rates-exceed-industry-average-again-raising-concerns-for-nasa-and-clients-r,"Elon Musk's SpaceX has reported injury rates that surpass the industry average for the second consecutive year. This could potentially raise concerns for the company's clients, including NASA.",www.benzinga.com,0.017284,Neutral,BA,0.089797,0.159927,Somewhat-Bullish
2024-04-23 12:15:41,"Spot Bitcoin ETFs See $35M Net Inflow On First Trading Day After Halving; Trump Reverses TikTok Ban Stance, Accuses Biden Of Favoring Zuckerberg's Meta - Top Headlines Today While US Slept",https://www.benzinga.com/markets/cryptocurrency/24/04/38377217/spot-bitcoin-etfs-see-35m-net-inflow-on-first-trading-day-after-halving-trump-reverses-tik,"Spot Bitcoin ETFs Register $35M Net Inflow On First Post-Halving Trading Day Cathie Wood's Ark Invest Says Bitcoin Could Be Priming For Over 3,000% Rally Over Next 12 Months As King Crypto Becomes Less Inflationary Than Gold After Halving",www.benzinga.com,0.024546,Neutral,BA,0.152821,-0.020035,Neutral
2024-04-23 13:00:04,Looking for Transportation Stocks? The Zacks Rank Can Help You Find Winners,https://www.zacks.com/stock/news/2259907/looking-for-transportation-stocks-the-zacks-rank-can-help-you-find-winners,"Wondering how to pick strong, market-beating stocks for your investment portfolio? Look no further than the Zacks Rank.",www.zacks.com,0.316626,Somewhat-Bullish,BA,0.049526,0.131126,Neutral
2024-04-23 13:21:00,"RTX Q1 Earnings Surpass Estimates by 9%, Sales Increase Y/Y",https://www.zacks.com/stock/news/2260302/rtx-q1-earnings-surpass-estimates-by-9-sales-increase-yy,"RTX's first-quarter net sales of $19,305 million surpass the Zacks Consensus Estimate by 4.8%. The top line also rises 12% year over year.",www.zacks.com,0.177301,Somewhat-Bullish,BA,0.158519,-0.13257,Neutral
2024-04-23 13:22:00,"Lockheed  ( LMT )  Q1 Earnings Beat Estimates, Sales Improve Y/Y",https://www.zacks.com/stock/news/2260300/lockheed-lmt-q1-earnings-beat-estimates-sales-improve-yy,Lockheed's (LMT) Q1 sales of $17.20 billion surpass the Zacks Consensus Estimate by 6.2%. The top line also increases 13.7% year over year.,www.zacks.com,0.148495,Neutral,BA,0.151222,-0.128706,Neutral
2024-04-23 13:23:00,Will Dismal Defense Deliveries Hurt Boeing's  ( BA )  Q1 Earnings?,https://www.zacks.com/stock/news/2260304/will-dismal-defense-deliveries-hurt-boeings-ba-q1-earnings,Boeing's (BA) Q1 results for its defense unit are expected to reflect the adverse impact of lower deliveries and supply-chain constraints amid lower charges from development programs.,www.zacks.com,0.088283,Neutral,BA,0.457566,0.20514,Somewhat-Bullish
2024-04-23 13:30:25,Future US Military Rotorcraft Design Capability At Risk,https://www.forbes.com/sites/mikehirschberg/2024/04/23/future-us-military-rotorcraft-design-capability-at-risk/,"Sikorsky, a Lockheed Martin Company, announced on April 16 that it was cutting its staff by as many as 400 engineers. ""As a result of the U.S.",www.forbes.com,0.121372,Neutral,BA,0.155853,-0.028791,Neutral
2024-04-23 13:45:09,Should You Pick Alaska Airlines Stock At $45 After Q1 Beat?,https://www.forbes.com/sites/greatspeculations/2024/04/23/should-you-pick-alaska-airlines-stock-at-45-after-q1-beat/,"Alaska Air ( NYSE: ALK ) recently reported its Q1 results, with top line and bottom line exceeding the street estimates. The company reported revenue of $2.23 billion and an adjusted loss per share of $0.92, compared to the consensus estimates of $2.18 billion in sales and loss per share of $1.09.",www.forbes.com,0.099325,Neutral,BA,0.261818,0.011581,Neutral
2024-04-23 15:30:24,Why GE Aerospace Stock Is Taking Off Today,https://www.fool.com/investing/2024/04/23/why-ge-aerospace-stock-is-taking-off-today/,The stand-alone aerospace business looks poised to outperform.,www.fool.com,0.250383,Somewhat-Bullish,BA,0.112008,0.004669,Neutral
2024-04-23 15:59:00,"As airplane makers struggle to meet demand, Morocco wants to become a manufacturing hub",https://apnews.com/article/morocco-aviation-investment-aerospace-production-planes-2ae42c29d7d14e08ceab6e0d45cf9d4c,"CASABLANCA, Morocco ( AP ) - Moroccan officials want to turn the country into an aviation hub, luring investors aiming to spread out their supply chains to more nations with available and affordable workers.",apnews.com,0.111742,Neutral,BA,0.255641,-0.029366,Neutral
2024-04-23 16:15:13,General Electric  ( GE )  Q1 2024 Earnings Call Transcript,https://www.fool.com/earnings/call-transcripts/2024/04/23/general-electric-ge-q1-2024-earnings-call-transcri/,"GE earnings call for the period ending March 31, 2024.",www.fool.com,0.340512,Somewhat-Bullish,BA,0.027295,0.097139,Neutral
2024-04-23 16:19:30,CFOs Predict Growth For Their Businesses And The Economy In 2024,https://www.forbes.com/sites/cfo/2024/04/23/cfos-predict-growth-for-their-businesses-and-the-economy-in-2024/,"This is the published version of Forbes' CFO newsletter, which offers the latest news for chief finance officers and other leaders focused on the budget. Sign up here to get it delivered to your inbox every Tuesday.",www.forbes.com,0.038425,Neutral,BA,0.052977,-0.095766,Neutral
2024-04-23 18:00:19,RTX  ( RTX )  Q1 2024 Earnings Call Transcript,https://www.fool.com/earnings/call-transcripts/2024/04/23/rtx-rtx-q1-2024-earnings-call-transcript/,"RTX earnings call for the period ending March 31, 2024.",www.fool.com,0.288984,Somewhat-Bullish,BA,0.018518,0.089733,Neutral
2024-04-23 18:06:49,Morocco wants to become airplane manufacturing hub amid high demand,https://www.business-standard.com/industry/news/morocco-wants-to-become-airplane-manufacturing-hub-amid-high-demand-124042301262_1.html,"Though many companies eye Morocco as a source for comparatively cheap labour, the industry and government have worked to train skilled workers at IMA, an institute for aeronautics professions in Casablanca.",www.business-standard.com,0.074428,Neutral,BA,0.237358,-0.114364,Neutral
2024-04-23 18:35:00,United Airlines' Q1 2024 Earnings: Narrowing Losses and Rising Revenue,https://www.fool.com/data-news/2024/04/23/united-airlines-q1-2024-earnings-narrowing-losses/,The airline reported a 9.7% increase in revenue.,www.fool.com,0.210299,Somewhat-Bullish,BA,0.436009,0.342566,Somewhat-Bullish
2024-04-23 20:01:00,Hawaiian Holdings Reports 2024 First Quarter Financial Results,https://www.prnewswire.com/news-releases/hawaiian-holdings-reports-2024-first-quarter-financial-results-302125147.html,"HONOLULU, April 23, 2024 /PRNewswire/ -- Hawaiian Holdings, Inc. ( NASDAQ: HA ) ( the ""Company"" ) , parent company of Hawaiian Airlines, Inc. ( ""Hawaiian"" ) , today reported its financial results for the first quarter of 2024.",www.prnewswire.com,0.198685,Somewhat-Bullish,BA,0.019364,0.208791,Somewhat-Bullish
2024-04-23 21:06:37,1 Wall Street Analyst Thinks RTX Stock Is Going to $96. Is It a Sell?,https://www.fool.com/investing/2024/04/23/wall-street-analyst-thinks-rtx-stock-go-96-sell/,There's uncertainty around the company's earnings potential from two key sources.,www.fool.com,-0.041406,Neutral,BA,0.206685,-0.072565,Neutral
2024-04-23 23:07:47,The Rise Of The Chief AI Officer: Is A Board Equivalent Necessary?,https://www.forbes.com/sites/oludolapomakinde/2024/04/23/the-rise-of-the-chief-ai-officer-is-a-board-equivalent-necessary/,"As AI continues to advance at an exponential rate, businesses are realizing that traditional governance methods are struggling to keep up with the complexities of the modern digital economy. The rise of the Chief AI Officer in the C-suite underscores this shift, buttressing the growing importance ...",www.forbes.com,0.237428,Somewhat-Bullish,BA,0.035821,0.23563,Somewhat-Bullish
2024-04-24 01:53:59,"Boeing, Spirit agree on $425 mn deal to address supplier's issues",https://www.business-standard.com/world-news/boeing-spirit-agree-on-425-mn-deal-to-address-supplier-s-issues-124042400084_1.html,Spirit AeroSystems said Boeing would give it advance payments of $425 million and help it address issues like higher levels of inventory and lower cashflows after the US aviation regulator capped the planemaker's 737 MAX production.,www.business-standard.com,0.012179,Neutral,BA,0.666827,0.093725,Neutral
2024-04-24 03:51:00,US Market surges on robust earnings,https://www.business-standard.com/markets/capital-market-news/us-market-surges-on-robust-earnings-124042400153_1.html,"Investors also awaited a slew of key U.S. economic data this week, including reports on new home sales, durable goods orders and personal income and spending.",www.business-standard.com,0.115771,Neutral,BA,0.052918,0.048876,Neutral
2024-04-24 04:01:01,Boeing reports quarterly results before the bell. Here's what Wall Street expects,https://www.cnbc.com/2024/04/24/boeing-ba-earnings-q1-2024.html,Boeing has been mired in a safety crisis since a door plug blew off a 737 Max 9 in early January.,www.cnbc.com,-0.1635,Somewhat-Bearish,BA,0.846873,0.045108,Neutral
2024-04-24 06:02:42,Labor complaint reveals allegations of Boeing retaliation against two workers | Business,https://www.cnn.com/2024/04/23/business/boeing-investigation-labor-complaint-allegations-intl-hnk/index.html,Labor complaint reveals allegations of Boeing retaliation against two workers ...,www.cnn.com,-0.024008,Neutral,BA,0.82082,0.008194,Neutral
2024-04-24 06:18:14,"Investor Sentiment Improves Further, Dow Jumps Over 250 Points - Ford Motor  ( NYSE:F ) , Boeing  ( NYSE:BA ) ",https://www.benzinga.com/news/earnings/24/04/38396278/investor-sentiment-improves-further-dow-jumps-over-250-points,"The CNN Money Fear and Greed index showed further improvement in the overall market sentiment, while the index remained in the ""Fear"" zone on Tuesday. U.S. stocks closed higher on Tuesday, recording gains for the second straight session.",www.benzinga.com,-0.096737,Neutral,BA,0.202366,0.0,Neutral
2024-04-24 06:22:55,"Tesla, Boeing And 3 Stocks To Watch Heading Into Wednesday - Ford Motor  ( NYSE:F ) , Boeing  ( NYSE:BA ) ",https://www.benzinga.com/news/earnings/24/04/38396305/tesla-boeing-and-3-stocks-to-watch-heading-into-wednesday,"With U.S. stock futures trading higher this morning on Wednesday, some of the stocks that may grab investor focus today are as follows: Wall Street expects The Boeing Company BA to report a quarterly loss at $1.76 per share on revenue of $16.23 billion before the opening bell, according to data ...",www.benzinga.com,0.225839,Somewhat-Bullish,BA,0.421485,0.260592,Somewhat-Bullish
2024-04-24 09:00:00,See inside Etihad's giant Airbus A380 that is flying to the US again after being nearly forced into retirement,https://www.businessinsider.com/etihad-airbus-a380-plane-see-inside-economy-business-first-class-2024,See inside Etihad's giant A380 it just started flying again to the US - Business Insider ...,www.businessinsider.com,0.190223,Somewhat-Bullish,BA,0.062926,0.071019,Neutral
2024-04-24 09:01:00,Futures: Tesla Surges On Cheap EV; Meta Earnings On Deck,https://www.investors.com/market-trend/stock-market-today/dow-jones-futures-tesla-surges-affordable-ev-meta-earnings-loom/,Dow Jones Futures Rise As Tesla Surges On 'Affordable' EV Plans. Meta Earnings Loom Investor's Business Daily ...,www.investors.com,0.062655,Neutral,BA,0.165883,-0.010195,Neutral
2024-04-24 10:00:01,"Biden issues new rules for airlines to require automatic cash refunds, prohibit surprise fees",https://www.cnbc.com/2024/04/24/biden-issues-new-rules-for-airlines-to-require-automatic-cash-refunds-prohibit-surprise-fees-.html,"President Biden has also targeted junk fees for products like credit cards, cable and retirement savings accounts.",www.cnbc.com,-0.011904,Neutral,BA,0.078354,0.028882,Neutral
2024-04-24 10:15:46,Airbus and Boeing are tightening their hold on the sky,https://www.economist.com/gulliver/2018/07/10/airbus-and-boeing-are-tightening-their-hold-on-the-sky,"AT A glitzy party in Toulouse on July 10th Airbus, Europe's aerospace giant, revealed its ""newest"" plane. But many aviation buffs might find it familiar. It was a repainted C-Series aircraft-originally developed by Bombardier of Canada-a project in which Airbus bought a 50.01% stake on July 1st.",www.economist.com,-0.011834,Neutral,BA,0.483434,-0.015534,Neutral
2024-04-24 10:20:07,Should You Invest in the iShares U.S. Aerospace & Defense ETF  ( ITA ) ?,https://www.zacks.com/stock/news/2260766/should-you-invest-in-the-ishares-us-aerospace-defense-etf-ita,Sector ETF report for ITA ...,www.zacks.com,0.241059,Somewhat-Bullish,BA,0.133841,0.071297,Neutral
2024-04-24 11:39:00,"Boeing losses, problems continue to mount | Business",https://www.cnn.com/2024/04/24/business/boeing-losses/index.html,"Boeing losses, problems continue to mount ...",www.cnn.com,-0.014639,Neutral,BA,0.680543,-0.144269,Neutral
2024-04-24 11:40:33,Morocco is making giant strides to become Africa's aviation manufacturing hub,https://africa.businessinsider.com/local/markets/morocco-is-making-giant-strides-to-become-africas-aviation-manufacturing-hub/q5dgj9m,"Despite some promising developments, Africa's aviation industry has yet to realize its potential compared to other continents. One key strategy to unlock this potential is for Africa to become a key manufacturer in the aviation space.",africa.businessinsider.com,0.080794,Neutral,BA,0.206685,0.061712,Neutral
2024-04-24 12:01:00,"While Boeing Takes A Beating, This Aerospace Stock Takes Flight",https://www.investors.com/research/breakout-stocks-technical-analysis/heico-stock-boeing-stock/,Heico Stock Launches A Breakout While Boeing Remains Plagued With Problems Investor's Business Daily ...,www.investors.com,0.157425,Somewhat-Bullish,BA,0.239698,-0.224041,Somewhat-Bearish
2024-04-24 12:07:00,Futures Rise As Tesla Soars On Earnings,https://www.investors.com/market-trend/stock-market-today/dow-jones-sp500-nasdaq-tesla-tsla-stock-meta-earnings/,"Stock Market Today: Dow Jones Rises As Boeing, Tesla Jump On Earnings. Meta Earnings Next Investor's Business Daily ...",www.investors.com,0.240463,Somewhat-Bullish,BA,0.109123,0.101517,Neutral
2024-04-24 12:14:00,Boeing posts a $355 million loss as the plane maker tries to dig out from under its latest crisis,https://apnews.com/article/boeing-financials-crisis-faa-oversight-b078e483942c03bc250085e9a0023ace,"Boeing said Wednesday that it lost $355 million on falling revenue in the first quarter, another sign of the crisis gripping the aircraft manufacturer as it faces over the safety of its planes and accusations of shoddy work from a growing number of whistleblowers.",apnews.com,-0.068125,Neutral,BA,0.694349,-0.209289,Somewhat-Bearish
2024-04-24 12:18:19,Boeing Faces Potential Criminal Prosecution As Crash Victims' Families Demand Justice: 'Throw Out The DPA' - Boeing  ( NYSE:BA ) ,https://www.benzinga.com/news/24/04/38402133/boeing-faces-potential-criminal-prosecution-as-crash-victims-families-demand-justice-throw-out-the-d,"In the latest development, families of victims from the 2018 and 2019 Boeing 737 MAX crashes are calling on the U.S. Justice Department to prosecute Boeing Co. BA over ongoing safety concerns.",www.benzinga.com,-0.103128,Neutral,BA,0.855019,-0.316062,Somewhat-Bearish
2024-04-24 12:41:25,Boeing Q1 results: Loss at $355 mn as revenue declines amid safety concerns,https://www.business-standard.com/world-news/boeing-q1-results-loss-at-355-mn-as-revenue-declines-amid-safety-concerns-124042400856_1.html,"Boeing said Wednesday that it lost $355 million on falling revenue in the first quarter, another sign of the crisis gripping the aircraft manufacturer as it faces increasing scrutiny over the safety of its planes and accusations of shoddy work from a growing number of whistleblowers.",www.business-standard.com,-0.100133,Neutral,BA,0.680008,-0.215349,Somewhat-Bearish
2024-04-24 12:45:00,"Visa Helps Lift Dow, Price Targets Hiked On Expected Acceleration",https://www.investors.com/news/visa-stock-leads-dow-jones-q2-earnings-price-target-hiked/,"Visa Leads Dow, Price Targets Hiked On Expected Acceleration Investor's Business Daily ...",www.investors.com,0.279921,Somewhat-Bullish,BA,0.13459,0.111078,Neutral
2024-04-24 13:07:29,"New rule orders airlines to give prompt refunds for canceled, delayed flights - .com",https://www.upi.com/Top_News/US/2024/04/24/airlines-refunds-delayed-flights-junk-fees/7851713961475/,"New rule orders airlines to give prompt refunds for canceled, delayed flights UPI News ...",www.upi.com,-0.033561,Neutral,BA,0.074926,-0.10997,Neutral
2024-04-24 13:09:00,"Boeing's  ( BA )  Q1 Earnings Top Estimates, Revenues Decline Y/Y",https://www.zacks.com/stock/news/2261350/boeings-ba-q1-earnings-top-estimates-revenues-decline-yy,Boeing's (BA) Q1 revenues of $16.57 billion miss the Zacks Consensus Estimate by 6.3%. The top line is also down 8% from the year-ago quarter's reported figure.,www.zacks.com,0.021661,Neutral,BA,0.47452,0.034377,Neutral
2024-04-24 13:22:10,"Boeing's 737 Saga Dents Q1 Bottomline, CEO Emphasizes Improving Quality & Safety Why Is Boeing  ( BA )  Stock Surging Today? - Boeing  ( NYSE:BA ) ",https://www.benzinga.com/news/earnings/24/04/38404308/boeings-737-saga-dents-q1-bottomline-ceo-emphasizes-improving-quality-safety,"Boeing Co ( NYSE: BA ) shares are rising following the company's first-quarter fiscal 2024 results. CEO Dave Calhoun emphasized a commitment to enhancing their quality and safety systems, aiming for a more stable future.",www.benzinga.com,0.093703,Neutral,BA,0.533842,0.116644,Neutral
2024-04-24 13:25:03,"Boeing  ( BA )  Reports Q1 Loss, Misses Revenue Estimates",https://www.zacks.com/stock/news/2261016/boeing-ba-reports-q1-loss-misses-revenue-estimates,"Boeing (BA) delivered earnings and revenue surprises of 20.98% and 6.34%, respectively, for the quarter ended March 2024. Do the numbers hold clues to what lies ahead for the stock?",www.zacks.com,0.094407,Neutral,BA,0.411176,-0.008479,Neutral
2024-04-24 13:29:23,Tesla Earnings Were Bad But Market Finds Reason For Optimism,https://www.forbes.com/sites/jjkinahan/2024/04/24/tesla-earnings-were-bad-but-market-finds-reason-for-optimism/,"After six consecutive days of losses, stocks are trying to demonstrate their resiliency ahead of a heavy onslaught of earnings. On Tuesday, the S&P 500 gained 1.2% and the Nasdaq Composite added 1.6%. One of this year's worst performing stocks in the S&P 500 has been Tesla.",www.forbes.com,0.155996,Somewhat-Bullish,BA,0.152499,0.101076,Neutral
2024-04-24 13:34:00,Stock market today: Tesla soars as the rest of Wall Street drifts in mixed trading,https://apnews.com/article/stock-markets-rates-sensetime-japan-d87e7b8e038660dd4687eba82537169f,Stock market today: Wall Street drifts after a two-day rally The Associated Press ...,apnews.com,0.158505,Somewhat-Bullish,BA,0.07446,-0.033357,Neutral
2024-04-24 14:19:00,"Boeing Mixed in Q1, TMO Beats; Durable Goods In-Line",https://www.zacks.com/stock/news/2261364/boeing-mixed-in-q1-tmo-beats-durable-goods-in-line,Boeing posted a slimmer loss per share while Thermo Fisher outperformed. Durable Goods performed as expected.,www.zacks.com,0.139576,Neutral,BA,0.134214,0.065199,Neutral
2024-04-24 14:23:00,You'll soon be able to get an automatic refund when your flight is delayed or canceled,https://www.businessinsider.com/airlines-automatic-refunds-flight-delayed-canceled-bag-department-of-transportation-2024-4,Airlines will now give automatic refunds when your flight is delayed - Business Insider ...,www.businessinsider.com,0.014472,Neutral,BA,0.064276,-0.125136,Neutral
2024-04-24 14:38:53,"Jim Cramer Takes Potshots At Tesla, Boeing, Shrugs Off Post-Earnings Rally As 'Smacks Of Fiction:' ' Horrendous Cash Flow' - Tesla  ( NASDAQ:TSLA ) , Boeing  ( NYSE:BA ) ",https://www.benzinga.com/news/earnings/24/04/38406798/jim-cramer-takes-potshots-at-tesla-boeing-shrugs-off-post-earnings-rally-as-smacks-of-fiction-horre,"Tesla, Inc. TSLA shares skyrocketed on Wednesday despite a double miss, and CNBC Mad Money host Jim Cramer did not take kindly to the fact. What Happened: ""Tesla and Boeing Co. BA horrendous cash flow figures and people love them,"" Cramer said in a post on X, formerly Twitter.",www.benzinga.com,0.0,Neutral,BA,0.548633,0.154037,Somewhat-Bullish
2024-04-24 14:42:00,Durable Goods Orders Came In Line With Expectations,https://www.zacks.com/stock/news/2261382/durable-goods-orders-came-in-line-with-expectations,"Pre-market futures are mixed at this hour. Halfway through a week that looks determined to claw back some of the losses incurred over the previous couple weeks, the Dow is giving back -50 points, the S&P 500 is up +11 and the Nasdaq +113 points.",www.zacks.com,0.141897,Neutral,BA,0.136499,0.065803,Neutral
2024-04-24 14:43:00,Indexes Try To Keep Rally Going; Tesla Soars After Results Hit Record Low As Musk Eyes New Market,https://www.investors.com/market-trend/stock-market-today/dow-jones-sp500-nasdaq-meta-tesla-stock/,Indexes Try To Keep Rally Going. Tesla Soars After Results Hit Record Low As Musk Eyes New Market Investor's Business Daily ...,www.investors.com,0.189014,Somewhat-Bullish,BA,0.105604,-0.05816,Neutral
2024-04-24 14:59:56,Why Boeing Stock Is Up Today,https://www.fool.com/investing/2024/04/24/why-boeing-stock-is-up-today/,"Its first-quarter results were bad, but not as bad as analysts had feared.",www.fool.com,-0.142896,Neutral,BA,0.77735,-0.218217,Somewhat-Bearish
2024-04-24 15:27:37,"Musk Lifts Sentiment In Entire Stock Market By Saying A Regular Car Is Like ""Riding A Horse"" - Tesla  ( NASDAQ:TSLA ) ",https://www.benzinga.com/markets/24/04/38408710/musk-lifts-sentiment-in-entire-stock-market-by-saying-a-regular-car-is-like-riding-a-horse,"To gain an edge, this is what you need to know today. Please click here for an enlarged chart of Tesla Inc TSLA. Q1 earnings of $0.45 vs. $0.51 consensus Q1 revenue of $21.3B vs. $22.15B consensus GAAP gross margin of 17.4%, down 199 bps year-over-year Guided 2024 vehicle volume ""notably ...",www.benzinga.com,0.259025,Somewhat-Bullish,BA,0.132855,0.158148,Somewhat-Bullish
2024-04-24 15:45:00,"Michelin: Q1 sales down 2.7% at constant exchange rates, on soft volumes as expected. Strong mix development reflecting performance in value-accretive segments. 2024 full-year guidance unchanged.",https://www.globenewswire.com/news-release/2024/04/24/2868872/0/en/Michelin-Q1-sales-down-2-7-at-constant-exchange-rates-on-soft-volumes-as-expected-Strong-mix-development-reflecting-performance-in-value-accretive-segments-2024-full-year-guidance-.html,Clermont-Ferrand - April ...,www.globenewswire.com,0.150056,Somewhat-Bullish,BA,0.01093,0.090145,Neutral
2024-04-24 16:00:00,Boeing partners with Saskatchewan Indian Institute of Technologies to elevate Indigenous education - Canada NewsWire,https://www.newswire.ca/news-releases/boeing-partners-with-saskatchewan-indian-institute-of-technologies-to-elevate-indigenous-education-856944046.html,Boeing partners with Saskatchewan Indian Institute of Technologies to elevate Indigenous education Canada ...,www.newswire.ca,0.438401,Bullish,BA,0.514619,0.596068,Bullish
2024-04-24 16:15:00,"""Bad News"" is Good News for these 3 Stocks",https://www.zacks.com/commentary/2261466/bad-news-is-good-news-for-these-3-stocks,Stocks often bottom on poor news. Investors should focus on the reaction to the news instead of the news itself.,www.zacks.com,0.029697,Neutral,BA,0.288044,-0.132681,Neutral
2024-04-24 16:34:51,Does Boeing's Q1 Earnings Beat Offer A Buy-The-Dip Opportunity While Investors Stay Bearish? - Boeing  ( NYSE:BA ) ,https://www.benzinga.com/analyst-ratings/analyst-color/24/04/38410770/does-boeings-q1-earnings-beat-offer-a-buy-the-dip-opportunity-while-investors-stay-,"Boeing Co BA is currently a mixed bag. The Arlington County, Virginia-based company reported better-than-feared quarterly results and noted stabilization in its 737 Max supply chain, despite outrage and potential lawsuits over two tragic crashes.",www.benzinga.com,0.058884,Neutral,BA,0.43852,0.124097,Neutral
2024-04-24 18:39:23,Boeing Q1 Earnings Analysis: Better-than-Feared Losses Amid...,https://moneymorning.com/2024/04/24/boeing-better-than-expected-earnings-but-still-a-long-way-to-go-down/,Boeing: Better-Than-Expected Earnings... But Still a Long Way to Go DownBoeing ( BA ) delivered their quarterly earnings report to the market this morning ahead of the open. The report showed better than expected earnings per share ( EPS ) with a loss of $1.13.,moneymorning.com,0.099914,Neutral,BA,0.402618,0.516883,Bullish
2024-04-24 18:45:19,Boeing  ( BA )  Q1 2024 Earnings Call Transcript,https://www.fool.com/earnings/call-transcripts/2024/04/24/boeing-ba-q1-2024-earnings-call-transcript/,"BA earnings call for the period ending March 31, 2024.",www.fool.com,0.256579,Somewhat-Bullish,BA,0.059503,0.137099,Neutral
2024-04-24 19:42:23,Can anyone pull Boeing out of its nosedive?,https://www.economist.com/business/2024/04/24/can-anyone-pull-boeing-out-of-its-nosedive,F have had a worse start to the year than Boeing. In January a panel plugging an unused emergency exit blew out of a 737 over Oregon. Thankfully the plane landed safely. A preliminary investigation into the near-disaster concluded that the bolts that should keep the panel in place were missing.,www.economist.com,-0.009667,Neutral,BA,0.499789,-0.006445,Neutral
2024-04-24 20:13:58,Stock Market Today: Stocks Run Out of Steam Ahead of Meta Earnings,https://www.kiplinger.com/investing/stocks/stock-market-today-stocks-run-out-of-steam-ahead-of-meta-earnings,"Following a solid start to the week, stocks spent most of Wednesday struggling for direction. However, a mid-afternoon burst of buying power gave two of the three main indexes another win on the week. At the close, the Nasdaq Composite was up 0.1% at 15,712 and the S&P 500 was 0.02% higher at ...",www.kiplinger.com,0.146031,Neutral,BA,0.303175,-0.088816,Neutral
2024-04-24 21:28:12,"Boeing Isn't Junk Status - Yet: Moody's Outlook On Aircraft Maker Goes Negative - Moody's  ( NYSE:MCO ) , Boeing  ( NYSE:BA ) ",https://www.benzinga.com/news/24/04/38418530/boeing-isnt-junk-status-yet-moodys-outlook-on-aircraft-maker-goes-negative,"Boeing Co.'s BA problems continue as Moody's Ratings downgraded the plane-maker's credit score. What Happened: Moody's lowered the score on Boeing's unsecured debt to Baa3 from Baa2, according to a report published Wednesday. Ba2 is the lowest possible investment-grade rating.",www.benzinga.com,-0.132402,Neutral,BA,0.638519,-0.02968,Neutral
2024-04-25 01:13:00,The flight attendant who became CEO hopes more women will make it to the top | Business,https://www.cnn.com/2024/04/24/business/japan-airlines-first-female-ceo-interview-intl-hnk/index.html,The flight attendant who became CEO hopes more women will make it to the top ...,www.cnn.com,0.194161,Somewhat-Bullish,BA,0.076479,-0.145015,Neutral
2024-04-25 02:22:45,Boeing Co's revival road map put to test by dwindling time and cash,https://www.business-standard.com/amp/world-news/boeing-co-s-revival-road-map-put-to-test-by-dwindling-time-and-cash-124042500086_1.html,Boeing Co.'s assurance that it can pull itself together in the next three months is giving rise to two opposing questions: Is that too little time to turn things around - or too long to withstand the financial hemorrhaging? Click here to follow our WhatsApp channel,www.business-standard.com,0.016895,Neutral,BA,0.659096,-0.007486,Neutral
2024-04-25 04:34:54,US DOJ plans to decide by late May if Boeing violated prosecution deal,https://www.business-standard.com/world-news/us-doj-plans-to-decide-by-late-may-if-boeing-violated-prosecution-deal-124042500181_1.html,"US Justice Department officials plan to decide as soon as late May whether Boeing violated an agreement that shielded the planemaker from criminal prosecution over fatal crashes in 2018 and 2019, people familiar with the matter said.",www.business-standard.com,-0.094061,Neutral,BA,0.803749,-0.243271,Somewhat-Bearish
2024-04-25 06:00:18,American Airlines pilots are warning of a 'significant spike' in safety issues,https://theweek.com/business/american-airlines-safety,A new report from a major aviation industry group is shedding light on just how many problems have been identified in the skies.,theweek.com,0.065642,Neutral,BA,0.136499,-0.131736,Neutral
2024-04-25 10:00:00,FTAI Aviation Ltd. and LATAM Airlines Group S.A. Engineer Perpetual Power Program,https://www.globenewswire.com/news-release/2024/04/25/2869410/35538/en/FTAI-Aviation-Ltd-and-LATAM-Airlines-Group-S-A-Engineer-Perpetual-Power-Program.html,"NEW YORK and SANTIAGO, Chile, April 25, 2024 ( GLOBE NEWSWIRE ) -- FTAI Aviation Ltd. ( NASDAQ: FTAI ) announces the successful execution of a Perpetual Power Agreement with LATAM Airlines Group S.A. ( LATAM ) .",www.globenewswire.com,0.287072,Somewhat-Bullish,BA,0.048036,0.0,Neutral
2024-04-25 10:00:24,FTAI Aviation Ltd. and LATAM Airlines Group S.A. Engineer Perpetual Power Program - FTAI Aviation  ( NASDAQ:FTAI ) ,https://www.benzinga.com/pressreleases/24/04/g38424282/ftai-aviation-ltd-and-latam-airlines-group-s-a-engineer-perpetual-power-program,"NEW YORK and SANTIAGO, Chile, April 25, 2024 ( GLOBE NEWSWIRE ) -- FTAI Aviation Ltd. FTAI announces the successful execution of a Perpetual Power Agreement with LATAM Airlines Group S.A. ( LATAM ) .",www.benzinga.com,0.282774,Somewhat-Bullish,BA,0.045918,0.0,Neutral
2024-04-25 10:17:18,"Meta, IBM Drag Nasdaq Futures Lower: What's Driving Premarket Action - Invesco QQQ Trust, Series 1  ( NASDAQ:QQQ ) , SPDR S&P 500  ( ARCA:SPY ) ",https://www.benzinga.com/news/earnings/24/04/38424840/us-stocks-brace-for-negative-start-amid-tech-earnings-disappointments-caution-ahead-of-data-worst-o,"The back-and-forth motion in the market continues, with the index futures pointing to a lower opening on Thursday. Meta Platforms, Inc.'s META lukewarm second-quarter revenue guidance and commentary regarding investment punctured the stock, while International Business Machines Corp.",www.benzinga.com,-0.01936,Neutral,BA,0.070935,0.0,Neutral
2024-04-25 10:44:03,"Southwest loss widens, airline warns Boeing airplane delays will hit growth into 2025",https://www.cnbc.com/2024/04/25/southwest-airlines-luv-earnings-q1-2024.html,Southwest Airlines is one of Boeing's biggest customers and flies only 737s.,www.cnbc.com,-0.053303,Neutral,BA,0.461699,-0.051853,Neutral
2024-04-25 10:45:00,SOUTHWEST AIRLINES REPORTS FIRST QUARTER 2024 RESULTS,https://www.prnewswire.com/news-releases/southwest-airlines-reports-first-quarter-2024-results-302126896.html,"DALLAS, April 25, 2024 /PRNewswire/ -- Southwest Airlines Co. ( NYSE: LUV ) ( the ""Company"" ) today reported its first quarter 2024 financial results:",www.prnewswire.com,0.164882,Somewhat-Bullish,BA,0.006556,-0.00457,Neutral
2024-04-25 11:47:00,Southwest will limit hiring and drop 4 airports after loss. American Airlines posts 1Q loss as well,https://apnews.com/article/airline-losses-southwest-american-317aafcf9ed80488fe4dacecb0abffab,Southwest will limit hiring and close 4 after a 1Q loss. American Airlines is also losing money The Associated Press ...,apnews.com,-0.079233,Neutral,BA,0.255641,-0.072712,Neutral
2024-04-25 12:04:00,"Zacks Investment Ideas feature highlights: Enphase Energy, Tesla and Boeing",https://www.zacks.com/stock/news/2262048/zacks-investment-ideas-feature-highlights-enphase-energy-tesla-and-boeing,"Enphase Energy, Tesla and Boeing are part of the Zacks Investment Ideas article.",www.zacks.com,0.056558,Neutral,BA,0.383905,-0.112931,Neutral
2024-04-25 12:23:00,"American Airlines Stock, Southwest Airlines Shares Diverge After First-Quarter Earnings",https://www.investors.com/news/american-airlines-stock-southwest-airlines-stock-earnings/,"American Airlines ( AAL ) and Southwest Airlines ( LUV ) both missed first-quarter revenue expectations Thursday. However, AAL shares jumped early while LUV stock sank as the air carriers offered very different outlooks.",www.investors.com,0.121039,Neutral,BA,0.166743,0.121757,Neutral
2024-04-25 12:35:12,"Bullish Boeing Analyst Says 'Didn't Expect Things To Start Falling Apart In Midair:' 'If They Get It Right, It's An Incredible Opportunity' - Boeing  ( NYSE:BA ) ",https://www.benzinga.com/analyst-ratings/analyst-color/24/04/38429532/bullish-boeing-analyst-says-didnt-expect-things-to-start-falling-apart-in-midair-if,"Boeing Co. BA shares fell on Wednesday following the airplane manufacturers' quarterly results, and a bullish analyst said the recovery route from the current predicament could be a long-drawn one.",www.benzinga.com,0.12906,Neutral,BA,0.580956,0.22478,Somewhat-Bullish
2024-04-25 12:46:05,"Investor Optimism Improves Slightly As Investors Assess Earnings Reports - Caterpillar  ( NYSE:CAT ) , Boeing  ( NYSE:BA ) ",https://www.benzinga.com/news/earnings/24/04/38430008/investor-optimism-improves-slightly-as-investors-assess-earnings-reports,"The CNN Money Fear and Greed index showed some improvement in the overall market sentiment, but the index remained in the ""Fear"" zone on Wednesday. U.S. stocks settled mixed on Wednesday, with the S&P 500 closing slightly higher during the session.",www.benzinga.com,-0.024442,Neutral,BA,0.224903,0.166538,Somewhat-Bullish
2024-04-25 13:17:01,Airline Industry Expected To Soar With Record Summer Travel,https://www.forbes.com/sites/greatspeculations/2024/04/25/airline-industry-expected-to-soar-with-record-summer-travel/,"The airline industry is gearing up for what could be a record-breaking summer travel season, if forecasts turn out to be correct. Despite challenges such as the Boeing 737 MAX 9 grounding and aircraft delivery delays, airlines are reporting strong demand and growth, particularly in international ...",www.forbes.com,0.28898,Somewhat-Bullish,BA,0.142565,0.108897,Neutral
2024-04-25 13:34:00,"Stock Market News for Apr 25, 2024",https://www.zacks.com/stock/news/2262114/stock-market-news-for-apr-25-2024,U.S. stocks ended mixed on Wednesday in choppy trading as interest rate fears and a rise in Treasury yields weighed on the enthusiasm surrounding earnings from a spate of big companies.,www.zacks.com,0.014679,Neutral,BA,0.138464,-0.13852,Neutral
2024-04-25 13:58:29,Business | Apr 27th 2024 Edition,https://www.economist.com/the-world-this-week/2024/04/25/business,"As America's electric-vehicle industry sputters, Tesla announced gloomy first-quarter results. Revenue fell to $21bn, a decline of 9% year on year, and the firm's operating margin fell by half.",www.economist.com,-0.09229,Neutral,BA,0.051221,-0.199838,Somewhat-Bearish
2024-04-25 14:07:00,Southwest Airlines exits multiple airports as Boeing troubles weigh,https://www.foxbusiness.com/lifestyle/southwest-airlines-exits-multiple-airports-boeing-troubles-weigh,Southwest Airlines announced Thursday that the carrier is pulling out of several airports as it contends with financial fallout from Boeing delays. CEO Bob Jordan warned in Southwest's latest earnings report that the carrier has intensified its network optimization efforts to address ...,www.foxbusiness.com,-0.061724,Neutral,BA,0.491255,-0.29116,Somewhat-Bearish
2024-04-25 14:39:22,Open seating no more? Southwest CEO says airline is weighing cabin changes,https://www.cnbc.com/2024/04/25/southwest-weighing-cabin-changes-to-drive-revenue.html,Southwest stands apart from other large airlines because it does not have seat assignments.,www.cnbc.com,0.111888,Neutral,BA,0.130926,0.04165,Neutral
2024-04-25 14:48:07,"Netflix Could Monetize 40M Borrowers By End Of 2024, Analysts See Over 25% Upside",https://markets.businessinsider.com/news/stocks/netflix-could-monetize-40m-borrowers-by-end-of-2024-analysts-see-over-25-upside-1033288767,"Netflix ( NASDAQ:NFLX ) continues to showcase robust performance in its first-quarter earnings report for 2024. The streaming company is now on track to monetize about 40 million borrowers ( i.e., people who do not live in the same household but share the same account ) .",markets.businessinsider.com,0.362094,Bullish,BA,0.075635,0.133155,Neutral
2024-04-25 15:14:53,American Airlines CEO Praises Embraer And Raps Boeing,https://www.forbes.com/sites/tedreed/2024/04/25/american-airlines-ceo-praises-embraer-and-raps-boeing/,"American Airlines CEO Robert Isom extolled Brazilian aircraft maker Embraer and excoriated Boeing on the carrier's earnings call Thursday. ""I want to give a shout out to Embraer,"" Isom said. ""They have delivered day in and day out. The rest of the industry could learn a lot from them.""",www.forbes.com,0.149328,Neutral,BA,0.684305,0.145431,Neutral
2024-04-25 15:28:00,Southwest is leaving 4 cities this year as it deals with Boeing's 737 Max crisis - see the list,https://www.businessinsider.com/southwest-leaving-these-4-airports-amid-boeing-737-max-crisis-2024-4,Southwest leaving these 4 airports amid Boeing 737 Max crisis - Business Insider ...,www.businessinsider.com,0.05499,Neutral,BA,0.725481,-0.161802,Somewhat-Bearish
2024-04-25 15:43:59,Why Southwest Airlines Stock Is Flying Lower Today,https://www.fool.com/investing/2024/04/25/why-southwest-airlines-stock-is-flying-lower-today/,The company is slowing its hiring and closing four stations in response to Boeing's 737 issues.,www.fool.com,-0.109407,Neutral,BA,0.235823,-0.032782,Neutral
2024-04-25 16:28:44,IndiGo places $5 billion order for 30 Airbus A350-900 widebody planes,https://www.business-standard.com/companies/news/indigo-places-5-billion-order-for-30-airbus-a350-900-widebody-planes-124042501164_1.html,"IndiGo on Thursday placed an order with European plane maker Airbus for 30 A350-900 widebody aircraft at a deal estimated to be between $4 billion and $5 billion. To meet growing demand in the country's air travel market, Indian carriers have made four significant aircraft orders since last year.",www.business-standard.com,0.097294,Neutral,BA,0.112532,0.0,Neutral
2024-04-25 16:39:00,5 Industrial Products Stocks to Buy on Jump in Durable Goods Orders,https://www.zacks.com/stock/news/2262662/5-industrial-products-stocks-to-buy-on-jump-in-durable-goods-orders,"Stocks like Xerox Holdings Corporation (XRX), Lakeland Industries, Inc. (LAKE), Chart Industries, Inc. (GTLS), Applied Industrial Technologies, Inc. (AIT) and Hubbell Incorporated (HUBB) are likely to benefit from the rebound in manufacturing activity.",www.zacks.com,0.139827,Neutral,BA,0.046452,0.0,Neutral
2024-04-25 17:18:37,"Southwest Airlines Cutting 2,000 Jobs And Leaving 4 Airports Amid Boeing Woes-And Cost-Cutting Drive",https://www.forbes.com/sites/segunolakoyenikan/2024/04/25/southwest-airlines-will-slash-2000-jobs-amid-delayed-boeing-deliveries/,"Southwest Airlines Will Slash 2,000 Jobs Amid Delayed Boeing Deliveries Forbes ...",www.forbes.com,-0.141141,Neutral,BA,0.411848,-0.173996,Somewhat-Bearish
2024-04-25 17:45:15,Honeywell International  ( HON )  Q1 2024 Earnings Call Transcript,https://www.fool.com/earnings/call-transcripts/2024/04/25/honeywell-international-hon-q1-2024-earnings-call/,"HON earnings call for the period ending March 31, 2024.",www.fool.com,0.351573,Bullish,BA,0.04667,0.083456,Neutral
2024-04-25 18:06:00,Lufthansa confirms 'rough landing' by Boeing 'training flight' caught on camera bouncing off LAX runway,https://www.foxbusiness.com/lifestyle/lufthansa-confirms-rough-landiny-boeing-training-flight-caught-camera-bouncing-lax-runway,"A Lufthansa flight from Frankfurt to Los Angeles had a ""rough landing"" earlier this week at Los Angeles International Airport ( LAX ) , the airline confirmed.",www.foxbusiness.com,0.042887,Neutral,BA,0.265378,0.029453,Neutral
2024-04-25 20:46:00,NASA astronauts arrive for Boeing's first human spaceflight,https://apnews.com/article/boeing-space-capsule-starliner-astronauts-nasa-4742d2759c51d63c0d2ec9cbf93fce25,"CAPE CANAVERAL, Fla. ( AP ) - The two NASA astronauts assigned to Boeing's first human spaceflight arrived at their launch site Thursday, just over a week before their scheduled liftoff. Butch Wilmore and Suni Williams will serve as test pilots for Boeing's Starliner capsule, which is making ...",apnews.com,-0.00474,Neutral,BA,0.390904,-0.106363,Neutral
2024-04-25 21:12:40,"Students Demand Universities Sell Off Israel-Related Stocks, Hundreds Arrested In Nationwide Protests: 'Stop Investing In This Genocide' - Advanced Micro Devices  ( NASDAQ:AMD ) , Airbnb  ( NASDAQ:ABNB ) ",https://www.benzinga.com/news/24/04/38446778/students-demand-universities-sell-off-israel-related-stocks-hundreds-arrested-in-nationwide-protests,"Hundreds of people, mostly students, have been arrested this week across the country as pro-Palestine protests spread at college campuses.",www.benzinga.com,-0.23498,Somewhat-Bearish,BA,0.096477,-0.264869,Somewhat-Bearish
2024-04-25 22:24:45,"Amid poor first-quarter financial results, Southwest ends service in 4 cities - .com",https://www.upi.com/Top_News/US/2024/04/25/Southwest-ends-service-in-4-cities-houston/5561714081048/,"Amid poor first-quarter financial results, Southwest ends service in 4 cities UPI News ...",www.upi.com,-0.185693,Somewhat-Bearish,BA,0.717458,-0.267684,Somewhat-Bearish
2024-04-25 23:45:21,Southwest Airlines  ( LUV )  Q1 2024 Earnings Call Transcript,https://www.fool.com/earnings/call-transcripts/2024/04/25/southwest-airlines-luv-q1-2024-earnings-call-trans/,"LUV earnings call for the period ending March 31, 2024.",www.fool.com,0.234848,Somewhat-Bullish,BA,0.114521,0.08871,Neutral
2024-04-26 00:38:00,Boeing's Starliner set for historic astronaut launch after delays for years,https://www.cnn.com/2024/04/25/world/boeing-starliner-launch-spacex-delays-scn/index.html,Boeing and NASA decide to move forward with historic crewed launch of new spacecraft ...,www.cnn.com,0.026305,Neutral,BA,0.469036,0.043263,Neutral
2024-04-26 02:16:35,"Hawaiian Airlines Slowly Adds Freighters for Amazon Business - Hawaiian Holdings  ( NASDAQ:HA ) , Amazon.com  ( NASDAQ:AMZN ) ",https://www.benzinga.com/news/24/04/38414505/hawaiian-airlines-slowly-adds-freighters-for-amazon-business,"Under a transportation services agreement that kicked in last year, Amazon AMZN leases the aircraft from a dealer and transfers them to Hawaiian Airlines to fly and provide routine maintenance.",www.benzinga.com,0.10698,Neutral,BA,0.118354,0.09026,Neutral
2024-04-26 03:58:44,"Donald Petersen, CEO who pulled Ford out of 1980s crisis, dies at 97",https://www.business-standard.com/world-news/donald-petersen-ceo-who-pulled-ford-out-of-1980s-crisis-dies-at-97-124042600178_1.html,"Petersen died of natural causes April 24 at his home in Bloomfield Hills, Michigan, according to his niece Laura Peterson. Only the second Ford CEO who wasn't a Ford himself, Petersen ushered in a period of prosperity while leading the Dearborn, Michigan-based automaker from 1985 to 1990.",www.business-standard.com,0.007213,Neutral,BA,0.099271,0.043346,Neutral
2024-04-26 09:03:00,See inside a Boeing 727 salvaged from an aircraft 'graveyard' and converted into a lavish Airbnb that starts at $438 a night,https://www.businessinsider.com/boeing-727-historic-airbnb-hotel-uk-england-see-inside-2024-4,Boeing 727 converted into luxe Airbnb - see inside - Business Insider ...,www.businessinsider.com,0.103148,Neutral,BA,0.16099,-0.017305,Neutral
2024-04-26 10:40:00,"Microsoft, Alphabet Earnings Show Markets Need AI After Fed Cut Delay, Here's Why. And 5 Other Things to Know Before the Market Opens.",https://www.barrons.com/amp/articles/microsoft-alphabet-fed-rates-what-to-know-today-8cf18a49,"This week's earnings and economic data are making one thing very clear: With Federal Reserve interest-rate cuts still on the distant horizon, the fate of the Magnificent 7 technology companies that drove returns last year and stocks in general is tied to the mast of artificial intelligence.",www.barrons.com,0.026611,Neutral,BA,0.02164,0.012724,Neutral
2024-04-26 10:59:00,"5 things to know for April 26: Trump trials, University protests, Harvey Weinstein, TikTok ban, Starliner",https://amp.cnn.com/cnn/2024/04/26/us/5-things-to-know-for-april-26-trump-trials-university-protests-harvey-weinstein-tiktok-ban-starliner,"5 things to know for April 26: Trump trials, University protests, Harvey Weinstein, TikTok ban, ...",amp.cnn.com,-0.048602,Neutral,BA,0.03399,0.234368,Somewhat-Bullish
2024-04-26 12:21:11,Daily: Mark Zuckerburg's Wealth Plunges Amid Meta Slump,https://www.forbes.com/sites/daniellechemtob/2024/04/26/forbes-daily-mark-zuckerburgs-wealth-plunges-amid-meta-slump/,"This is a published version of the Forbes Daily newsletter, you can sign-up to get Forbes Daily in your inbox here. If it feels like the days are getting longer, it's because they are. The Earth is decelerating, and for the first time in seven years, the average length of a day became longer in ...",www.forbes.com,0.089696,Neutral,BA,0.023957,-0.140446,Neutral
2024-04-26 12:29:00,Palmer Luckey's start-up Anduril just proved it can challenge legacy defense contractors and win,https://www.businessinsider.com/anduril-palmer-luckey-us-air-force-contract-defense-tech-startup-2024-4,Palmer Luckey's start-up Anduril just proved it can take on legacy defense contractors and win - Business Insider ...,www.businessinsider.com,0.236427,Somewhat-Bullish,BA,0.261117,0.091899,Neutral
2024-04-26 12:36:45,Airbus CFO says A350 plane production increase not tied to Boeing troubles,https://www.cnbc.com/2024/04/26/airbus-cfo-says-a350-plane-production-increase-not-tied-to-boeing-troubles.html,"Airbus is ramping up production of its A350 aircraft because of consumer demand and not the ongoing crisis at U.S. rival Boeing, according to the French planemaker's chief financial officer. Toulouse-based Airbus on Thursday announced plans to increase its production rate for the long-range ...",www.cnbc.com,0.0,Neutral,BA,0.543004,-0.095671,Neutral
2024-04-26 13:46:33,Smart Money Is Betting Big In Boeing Options - Boeing  ( NYSE:BA ) ,https://www.benzinga.com/insights/options/24/04/38460447/smart-money-is-betting-big-in-boeing-options,"Financial giants have made a conspicuous bearish move on Boeing. Our analysis of options history for Boeing BA revealed 8 unusual trades. Delving into the details, we found 25% of traders were bullish, while 62% showed bearish tendencies.",www.benzinga.com,0.206954,Somewhat-Bullish,BA,0.82082,0.220393,Somewhat-Bullish
2024-04-26 13:52:00,We have more insights as to where the economy is headed - and it's not good,https://www.businessinsider.com/gdp-data-fed-inflation-rises-soft-landing-interest-rate-cuts-2024-4,"GDP data sees inflation rise, dashes dreams of soft landing - Business Insider ...",www.businessinsider.com,-0.024407,Neutral,BA,0.032164,0.024927,Neutral
2024-04-26 15:12:34,IndiGo's move to acquire wide-body planes augurs well for Indian aviation: Crisil,https://www.financialexpress.com/business/airlines-aviation-indigos-move-to-acquire-wide-body-planes-augurs-well-for-indian-aviation-crisil-3469717/,"IndiGo's move to acquire wide-body planes augurs well for Indian aviation. Long-haul international routes tend to be more profitable, and this decision could also contribute to establishing India as an aviation hub, as per rating agency CRISIL.",www.financialexpress.com,0.228432,Somewhat-Bullish,BA,0.109455,0.0,Neutral
2024-04-26 15:34:00,Stocks Rebound Amid Big-Cap Earnings: Weekly Review,https://www.investors.com/news/stock-market-rebounds-tesla-microsoft-google-meta-chipotle-ge-in-focus-weekly-review/,"Stock Market Rebounds. Tesla, Microsoft, Google, Meta, Chipotle, GE In Focus: Weekly Review Investor's Business Daily ...",www.investors.com,0.022015,Neutral,BA,0.082563,-0.044057,Neutral
2024-04-26 15:54:40,Boeing Grapples With Cash Burn And Airline Quality Issues; Defense Unit Gains Traction,https://www.forbes.com/sites/rosemariemiller/2024/04/26/boeing-grapples-with-cash-burn-and-airline-quality-issues-defense-unit-gains-traction/,Boeing Grapples With Cash Burn And Airline Quality Issues. Defense Unit Gains Traction Forbes ...,www.forbes.com,-0.148749,Neutral,BA,0.944494,-0.260773,Somewhat-Bearish
2024-04-26 16:24:12,Cargo Airline Amerijet Warns of Pilot Furloughs Amid Downsizing,https://www.benzinga.com/news/24/04/38455941/cargo-airline-amerijet-warns-of-pilot-furloughs-amid-downsizing,The number of pilots to be suspended depends on how many pilots accept offers to work less. The Miami-based cargo airline says it needs to reduce the pilot roster in line with lower customer demand.,www.benzinga.com,-0.014322,Neutral,BA,0.158938,-0.022892,Neutral
2024-04-26 16:24:42,India's widebody aircraft fleet has remained stagnant for last 15 years,https://www.business-standard.com/industry/news/india-s-widebody-aircraft-fleet-has-remained-stagnant-for-last-15-years-124042600669_1.html,"India's widebody aircraft fleet has remained stagnant over the past 15 years, in sharp contrast with the expanding fleets of carriers like Emirates, Qatar Airways and Singapore Airlines.",www.business-standard.com,0.162943,Somewhat-Bullish,BA,0.057907,0.0,Neutral
2024-04-26 18:40:00,"GE Aerospace Stock Has 14% Upside, According to 1 Wall Street Analyst",https://www.fool.com/investing/2024/04/26/ge-aerospace-stock-has-14-upside-according-to-1-wa/,The aerospace company's broad-based exposure to the commercial aerospace markets means it can benefit from various end-market conditions.,www.fool.com,0.155929,Somewhat-Bullish,BA,0.320279,0.156248,Somewhat-Bullish
2024-04-26 18:59:33,American Airlines cuts some international flights into 2025 citing Boeing delivery delays,https://www.cnbc.com/2024/04/26/american-airlines-cuts-some-international-flights-citing-boeing-delays.html,"American is the latest carrier to tweak its growth plan, citing late-arriving planes from Boeing.",www.cnbc.com,-0.066174,Neutral,BA,0.113597,-0.015652,Neutral
2024-04-26 19:35:00,"Delta Air Lines Boeing plane loses emergency slide mid-flight, crew hears 'non-routine' vibrations",https://www.foxbusiness.com/lifestyle/delta-air-lines-boeing-plane-loses-emergency-slide-mid-flight-crew-hears-non-routine-vibrations,"After an emergency slide billowed off a Delta Air Line aircraft after takeoff Friday, the Los Angeles-bound Boeing plane was forced to return to New York City's John F. Kennedy International Airport.",www.foxbusiness.com,-0.009685,Neutral,BA,0.416844,-0.173632,Somewhat-Bearish
2024-04-26 20:48:04,"Three Stocks: Intel, Boeing, and Nvidia",https://moneymorning.com/2024/04/26/three-stocks-intel-boeing-and-nvidia/,Intel ( INTC ) shares ripped lower this morning as the company's earnings report has investors asking themselves whether the company can ever be relative in the semiconductor industry again.,moneymorning.com,0.012043,Neutral,BA,0.201944,0.109033,Neutral
2024-04-26 22:58:00,"An emergency slide falls off a Delta Air Lines plane, forcing pilots to return to JFK in New York",https://apnews.com/article/delta-emergency-slide-jfk-airport-4e37f1b17feb3b1b082da0e1bc857c57,"NEW YORK ( AP ) - An emergency slide fell off a Delta Air Lines jetliner shortly after takeoff Friday from New York, and pilots who felt a vibration in the plane circled back to land safely at JFK Airport.",apnews.com,-0.057203,Neutral,BA,0.194242,-0.012822,Neutral
2024-04-27 02:33:16,"Jim Cramer Weighs In Ahead Of Apple, Amazon, Eli Lilly Earnings: 'We Have To Run Such A Ridiculous Gauntlet Next Week' - Apple  ( NASDAQ:AAPL ) , Amazon.com  ( NASDAQ:AMZN ) ",https://www.benzinga.com/general/market-summary/24/04/38474759/jim-cramer-weighs-in-ahead-of-apple-amazon-eli-lilly-earnings-we-have-to-run-such-a-ridicu,"Jim Cramer, the host of CNBC's ""Mad Money,"" has outlined the key events that investors should keep an eye on in the upcoming week. What Happened: Cramer highlighted the significant events scheduled for the week, including earnings reports from Apple Inc. AAPL, Amazon.com Inc.",www.benzinga.com,0.074813,Neutral,BA,0.096671,-0.176479,Somewhat-Bearish
2024-04-27 08:29:27,Delta Airlines Boeing 767 makes emergency return after exit slide falls off mid-air,https://www.financialexpress.com/business/airlines-aviation-delta-airlines-boeing-767-makes-emergency-return-after-exit-slide-falls-off-mid-air-3470088/,"A Boeing 767 aircraft belonging to Delta Airlines had to make an emergency return to John F. Kennedy International Airport in New York City. This action was necessitated after one of its emergency exit slides fell-off following take-off, reported US-based media outlet NPR citing the airline.",www.financialexpress.com,-0.066749,Neutral,BA,0.17715,-0.149951,Neutral
2024-04-27 08:38:07,Walmart CEO Reaps 976 Times The Annual Salary Of A Walmart Median Associate - Walmart  ( NYSE:WMT ) ,https://www.benzinga.com/news/24/04/38475758/walmart-ceo-reaps-976-times-the-annual-salary-of-a-walmart-median-associate,"Walmart Inc WMT CEO Doug McMillon was paid 976 times a median associate in the world's largest retail company over the last fiscal year. What Happened: McMillon was paid $26.97 million last fiscal year as compared to the annual total compensation of a median associate which was $27,642, the ...",www.benzinga.com,0.080107,Neutral,BA,0.220809,0.146843,Neutral
2024-04-27 10:12:00,A Delta Boeing 767 made an emergency landing after its exit slide fell off midair,https://www.businessinsider.com/delta-flight-forced-to-land-emergency-slide-fell-off-boeing-2024-4,Delta flight forced to land after emergency slide fell off Boeing plane - Business Insider ...,www.businessinsider.com,-0.038439,Neutral,BA,0.537474,-0.197353,Somewhat-Bearish
2024-04-27 10:12:30,A Delta Boeing 767 made an emergency landing after its exit slide fell off midair,https://africa.businessinsider.com/transportation/a-delta-boeing-767-made-an-emergency-landing-after-its-exit-slide-fell-off-midair/k3tgczh,"Delta Air Lines flight 520 from New York's JFK airport aborted its trip to LA on Friday and landed back where it started. It touched down again at around 8:30 a.m., just an hour into its journey, according to the tracking site Flightradar24.",africa.businessinsider.com,-0.043092,Neutral,BA,0.1331,-0.117229,Neutral
2024-04-27 11:07:00,Everything You Need to Know About Lockheed Martin's New $17.7 Billion Missile Contract,https://www.fool.com/investing/2024/04/27/all-about-lockheeds-177-billion-missile-contract/,"Lockheed scored a huge win in missile defense, and it's worth more profit than a lot of investors realize.",www.fool.com,0.273722,Somewhat-Bullish,BA,0.158868,0.246102,Somewhat-Bullish
2024-04-27 15:00:00,Ancient DNA pulls back curtain on mysterious empire,https://www.cnn.com/2024/04/27/world/avars-ancient-dna-science-newsletter-wt-scn/index.html,"Editor's note: A version of this story appeared in CNN's Wonder Theory science newsletter. To get it in your inbox, sign up for free here. From a speck of bone, scientists can tease out astonishing information about the past.",www.cnn.com,0.069054,Neutral,BA,0.044304,-0.171721,Somewhat-Bearish
2024-04-28 04:02:00,Live updates: Pro-Palestinian protests continue at colleges across the US,https://www.cnn.com/business/live-news/university-protests-palestine-04-28-24#h_c65e58e189e348171dce85e307a37405,Pro-Palestinian protests continue at colleges across the US: Live updates ...,www.cnn.com,-0.053246,Neutral,BA,0.098054,0.023775,Neutral
2024-04-28 04:03:00,"More than 80 arrested in Washington University demonstration, university says",https://www.cnn.com/business/live-news/university-protests-palestine-04-28-24/h_b1f7f0470d3a9b4886c52efab9b306da,"More than 80 arrested in Washington University demonstration, university says More than 80 people were arrested at Washington University in St. Louis on Saturday amid ongoing Pro-Palestinian demonstrations, the university said in a statement.",www.cnn.com,-0.148553,Neutral,BA,0.021427,-0.077358,Neutral
2024-04-28 08:42:45,StockNews.com Downgrades Boeing  ( NYSE:BA )  to Sell,https://www.defenseworld.net/2024/04/28/stocknews-com-downgrades-boeing-nyseba-to-sell.html,"Boeing ( NYSE:BA - Get Free Report ) was downgraded by analysts at StockNews.com from a ""hold"" rating to a ""sell"" rating in a note issued to investors on Friday.",www.defenseworld.net,0.254028,Somewhat-Bullish,BA,0.888822,0.429682,Bullish
2024-04-28 09:39:00,Is It Too Late to Buy GE Aerospace Stock?,https://www.fool.com/investing/2024/04/28/is-it-too-late-to-buy-ge-aerospace-stock/,The slowdown in deliveries at Boeing is good news from a near-term profit perspective at its engine supplier. It will also lead to more aftermarket revenue from its legacy engines.,www.fool.com,0.128942,Neutral,BA,0.274628,0.097931,Neutral
2024-04-28 09:59:42,Presidential candidate Jill Stein arrested at pro-Palestinian protest at Washington University,https://edition.cnn.com/business/live-news/university-protests-palestine-04-28-24/h_109f46f39e18aed3e6f9dac84701f901,Pro-Palestinian protests continue at colleges across the US: Live updates CNN International ...,edition.cnn.com,-0.169058,Somewhat-Bearish,BA,0.021293,-0.077306,Neutral
2024-04-28 12:19:00,Charlie Munger: What You Can Learn From the Life of Warren Buffett's Business Partner,https://www.fool.com/investing/2024/04/28/charlie-munger-what-you-can-learn-from-the-life-of/,Following the example of Charlie Munger can lead to many positive outcomes in your life.,www.fool.com,0.319851,Somewhat-Bullish,BA,0.111488,0.222354,Somewhat-Bullish
2024-04-28 14:23:30,"More than 80 arrested in Washington University demonstration, university says",https://edition.cnn.com/business/live-news/university-protests-palestine-04-28-24/h_b1f7f0470d3a9b4886c52efab9b306da,Pro-Palestinian protests continue at colleges across the US: Live updates CNN International ...,edition.cnn.com,-0.148553,Neutral,BA,0.021427,-0.077358,Neutral
2024-04-28 14:26:38,Elon Musk Dismisses Alien Theories Surrounding Mysterious MH370 Incident: 'I Have Seen No Evidence Of Aliens',https://www.benzinga.com/news/24/04/38478775/elon-musk-dismisses-alien-theories-surrounding-mysterious-mh370-incident-i-have-seen-no-evidence-of,"Elon Musk dismissed theories of extraterrestrial existence, citing his experience with SpaceX's satellite operations. What Happened: Responding to a tweet on Tuesday, Elon Musk, the CEO of SpaceX, rejected the idea of alien existence. He stated, ""I have seen no evidence of aliens.",www.benzinga.com,0.038273,Neutral,BA,0.1331,-0.09851,Neutral
2024-04-28 15:51:00,Live updates: Pro-Palestinian protests continue at colleges across the US,https://www.cnn.com/business/live-news/university-protests-palestine-04-28-24#h_c3650834364b3d848bb445a9bcb7a5c9,Pro-Palestinian protests continue at colleges across the US: Live updates ...,www.cnn.com,-0.074631,Neutral,BA,0.102231,0.024094,Neutral
2024-04-28 16:44:15,Students in Gaza stage demonstration to express gratitude for pro-Palestinian protests at US colleges,https://edition.cnn.com/business/live-news/university-protests-palestine-04-28-24/h_cc1f78d694ea7b76619fe56241251b2d,Pro-Palestinian protests continue at colleges across the US: Live updates CNN International ...,edition.cnn.com,-0.170441,Somewhat-Bearish,BA,0.024175,-0.078375,Neutral
2024-04-28 17:49:00,Portland State University says it will pause gifts and grants from Boeing amid campus protests,https://www.cnn.com/business/live-news/university-protests-palestine-04-28-24/h_0fc1f7a6d057e0b65a88003221d8d3b0,Pro-Palestinian protests continue at colleges across the US: Live updates ...,www.cnn.com,-0.120051,Neutral,BA,0.116348,0.025319,Neutral
2024-04-29 02:24:00,Screaming and scuffles between opposing protest groups at UCLA after demonstrators cross barrier,https://www.cnn.com/business/live-news/university-protests-palestine-04-28-24/h_d72635e672146c294500985f512f763e,Pro-Palestinian protests continue at colleges across the US: Live updates ...,www.cnn.com,-0.108075,Neutral,BA,0.10662,0.024451,Neutral
2024-04-29 04:51:22,Oracle boosts its generative AI capabilities as cloud competition heats up,https://www.cnbc.com/2024/04/29/oracle-boosts-generative-ai-capabilities-as-cloud-competition-intensifies.html,"Oracle in March announced new generative AI features embedded across applications in finance, supply chain, HR, sales, marketing, and service.",www.cnbc.com,0.146452,Neutral,BA,0.042571,0.103649,Neutral
2024-04-29 05:00:00,Presidential candidate Jill Stein arrested at pro-Palestinian protest at Washington University,https://www.cnn.com/business/live-news/university-protests-palestine-04-28-24/h_109f46f39e18aed3e6f9dac84701f901,Pro-Palestinian protests continue at colleges across the US: Live updates ...,www.cnn.com,-0.169058,Somewhat-Bearish,BA,0.021293,-0.077306,Neutral
2024-04-29 06:00:39,"Live updates: Pro-Palestinian university protests disrupt Columbia, UCLA, campuses across the US",https://www.cnn.com/business/live-news/university-protests-palestine-04-29-24/index.html,Pro-Palestinian protests disrupt colleges across the US: Live updates ...,www.cnn.com,-0.159793,Somewhat-Bearish,BA,0.016691,-0.092199,Neutral
2024-04-29 06:01:59,"US strikes deal to boost aviation safety, to not raise pilot retirement age",https://www.business-standard.com/world-news/us-strikes-deal-to-boost-aviation-safety-to-not-raise-pilot-retirement-age-124042900221_1.html,"US House and Senate negotiators said early Monday they had reached a deal to boost air traffic controller staffing and boost funding to avert runway close-call incidents, but will not increase the airline pilot retirement age to 67 from 65.",www.business-standard.com,0.228379,Somewhat-Bullish,BA,0.084423,0.145478,Neutral
2024-04-29 07:54:03,'Apollo Programme On Steroids:' Analysts Weigh On New US-Japan Lunar Mission To Outshine China,https://www.benzinga.com/news/24/04/38482480/apollo-programme-on-steroids-analysts-weigh-on-new-us-japan-lunar-mission-to-outshine-china,Analysts react to Japan's newly announced plans with the U.S. to send an astronaut to the moon in a move to outpace China in the space race.,www.benzinga.com,0.249904,Somewhat-Bullish,BA,0.095899,0.114206,Neutral
2024-04-29 07:59:38,Sanders says it's not antisemitic to hold Israeli government accountable for its actions in Gaza,https://edition.cnn.com/business/live-news/university-protests-palestine-04-28-24/h_c3650834364b3d848bb445a9bcb7a5c9,"April 28, 2024 - US university protests CNN International ...",edition.cnn.com,-0.101024,Neutral,BA,0.136113,0.02736,Neutral
2024-04-29 11:18:00,Insider Q&A: Avelo Airlines CEO Andrew Levy describes the challenges of starting a new carrier,https://apnews.com/article/insider-avelo-airlines-ceo-andrew-levy-33c5a5c5e9672c443cd725f1483ee8f3,"It's not easy to break into the U.S. airline industry, which is dominated by four big carriers and a sprinkling of other niche players, but that didn't scare away Andrew Levy. Neither did a pandemic that briefly caused air travel to plummet more than 90%.",apnews.com,0.193842,Somewhat-Bullish,BA,0.084127,0.034614,Neutral
2024-04-29 13:00:14,The Boeing Company  ( BA )  Is a Trending Stock: Facts to Know Before Betting on It,https://www.zacks.com/stock/news/2263882/the-boeing-company-ba-is-a-trending-stock-facts-to-know-before-betting-on-it,"Boeing (BA) has been one of the stocks most watched by Zacks.com users lately. So, it is worth exploring what lies ahead for the stock.",www.zacks.com,0.208931,Somewhat-Bullish,BA,0.531716,0.113661,Neutral
2024-04-29 13:30:10,Brokers Suggest Investing in Boeing  ( BA ) : Read This Before Placing a Bet,https://www.zacks.com/stock/news/2264041/brokers-suggest-investing-in-boeing-ba-read-this-before-placing-a-bet,"The average brokerage recommendation (ABR) for Boeing (BA) is equivalent to a Buy. The overly optimistic recommendations of Wall Street analysts make the effectiveness of this highly sought-after metric questionable. So, is it worth buying the stock?",www.zacks.com,0.295952,Somewhat-Bullish,BA,0.360005,0.144702,Neutral
2024-04-29 13:55:12,Richard Branson says this decision helped build his $2.5B net worth: 'I don't think I would have gone to space' otherwise,https://www.cnbc.com/2024/04/29/richard-branson-tough-business-decision-helped-me-build-virgin-group.html,"Billionaire Richard Branson discusses one of the most difficult decisions of his career, selling Virgin Record in 1992 to focus on growing Virgin Atlantic.",www.cnbc.com,0.188169,Somewhat-Bullish,BA,0.041039,0.142617,Neutral
2024-04-29 14:42:00,"Southwest Stock Gets a Downgrade. The Bumpy Flight Only Just Started, Analyst Says.",https://www.barrons.com/amp/articles/southwest-airlines-stock-price-flights-sell-downgrade-e238edb6,Southwest Airlines Stock Gets a Downgrade to Sell ...,www.barrons.com,-0.181825,Somewhat-Bearish,BA,0.325924,-0.176754,Somewhat-Bearish
2024-04-29 15:31:12,Boeing Unusual Options Activity For April 29 - Boeing  ( NYSE:BA ) ,https://www.benzinga.com/insights/options/24/04/38494417/boeing-unusual-options-activity-for-april-29,"Financial giants have made a conspicuous bullish move on Boeing. Our analysis of options history for Boeing BA revealed 21 unusual trades. Delving into the details, we found 33% of traders were bullish, while 33% showed bearish tendencies.",www.benzinga.com,0.24522,Somewhat-Bullish,BA,0.806399,0.279279,Somewhat-Bullish
2024-04-29 16:22:00,House and Senate negotiate bill to help FAA add more air traffic controllers and safety inspectors,https://apnews.com/article/congress-aviation-safety-bill-faa-3bed07b5384105e1c168afb10a369eed,Congressional negotiators have agreed on a $105 billion bill designed to improve the safety of air travel after a series of between planes at the nation's airports.,apnews.com,0.07669,Neutral,BA,0.098255,-0.060124,Neutral
2024-04-29 17:02:00,Presidential candidate Jill Stein arrested at pro-Palestinian protest at Washington University,https://www.cnn.com/business/live-news/university-protests-palestine-04-29-24/h_be4b77496b7d1256e621743a39a46dff,"Green Party presidential candidate Jill Stein was arrested Saturday at a pro-Palestinian protest at Washington University in St. Louis. Her campaign spokesperson said they were not aware of any charges. More than 80 other people were also arrested, the university said in a statement.",www.cnn.com,-0.15404,Somewhat-Bearish,BA,0.213048,-0.117814,Neutral
2024-04-29 18:10:54,What's Going With Boeing Stock On Monday? - Boeing  ( NYSE:BA ) ,https://www.benzinga.com/news/large-cap/24/04/38499524/boeing-to-raise-10b-via-bond-sale-amid-credit-rating-downgrade-will-investors-show-confidence,"Boeing Co BA is set to embark on a bond sale, aiming to raise $10 billion amid challenges like a recent quarterly loss and Moody's credit rating downgrade. Moody's downgrade, which leaves Boeing's credit rating just a step above junk, underscores the company's current financial strain.",www.benzinga.com,0.183774,Somewhat-Bullish,BA,0.672712,0.405613,Bullish
2024-04-29 20:39:00,EY Announces Avelo Airlines Founder Andrew Levy as an Entrepreneur Of The Year® 2024 Gulf South Award Finalist - PR Newswire,https://www.prnewswire.com/news-releases/ey-announces-avelo-airlines-founder-andrew-levy-as-an-entrepreneur-of-the-year-2024-gulf-south-award-finalist-302130636.html,EY Announces Avelo Airlines Founder Andrew Levy as an Entrepreneur Of The Year® 2024 Gulf South Award Finalist PR ...,www.prnewswire.com,0.439317,Bullish,BA,0.041682,0.059218,Neutral
2024-04-29 23:16:00,"Trouble brews at The Wall Street Journal, where EIC Emma Tucker faces falling morale and the union edges toward a strike",https://www.businessinsider.com/emma-tucker-revamp-reaction-wall-street-journal-strike-authorization-vote-2024-4,"Wall Street Journal EIC Emma Tucker Faces Tense Staff, Possible Strike - Business Insider ...",www.businessinsider.com,0.097403,Neutral,BA,0.024199,0.099673,Neutral
2024-04-30 03:47:15,"Australia's budget airline Bonza cancels flights, stranding passengers",https://www.aljazeera.com/economy/2024/4/30/australias-budget-airline-bonza-cancels-flights-stranding-passengers,"Chief executive Tim Jordan says flights suspended amid discussions on 'ongoing viability of the business.' Australia's low-cost airline Bonza has suspended all flights amid concerns about the viability of its business, leaving potentially thousands of passengers stranded.",www.aljazeera.com,0.023834,Neutral,BA,0.132368,0.046007,Neutral
2024-04-30 04:07:29,Student protest against Gaza war: What is happening in colleges across US,https://www.business-standard.com/world-news/student-protest-against-gaza-war-what-is-happening-in-colleges-across-us-124043000150_1.html,"Protest encampment in support of Palestinians at Columbia University, during the ongoing conflict between Israel and the Palestinian Islamist group Hamas, in New York City, US ( Photo: Reuters/Caitlin Ochs )",www.business-standard.com,-0.169047,Somewhat-Bearish,BA,0.014757,-0.067034,Neutral
2024-04-30 08:12:02,Whisky Cask Fraud 'Could Seriously Damage The Reputation Of Scotch Whisky' Scottish Parliament Hears,https://www.forbes.com/sites/marklittler/2024/04/30/whisky-cask-fraud-could-seriously-damage-the-reputation-of-scotch-whisky-scottish-parliament-hears/,"Scotch whisky exports totaled $6.9billion ( £5.6billion ) in 2023, that is around 26% of all UK food and drink exports, or 2% of all UK good exports.",www.forbes.com,0.007338,Neutral,BA,0.055364,0.067994,Neutral
2024-04-30 09:00:00,Campus protesters are calling for divestment. Here's what that means | Business,https://www.cnn.com/2024/04/30/business/what-is-divestment-college-protests-israel/index.html,Campus protesters are calling for divestment. Here's what that means ...,www.cnn.com,-0.011935,Neutral,BA,0.047844,0.062781,Neutral
2024-04-30 10:26:00,The emergency slide that came off a Delta 767 washed up in front of the house of a lawyer whose firm is suing Boeing over the Alaska blowout,https://www.businessinsider.com/missing-delta-emergency-slide-found-by-lawyer-suing-boeing-2024-4,Missing Delta emergency slide found by lawyer suing Boeing - Business Insider ...,www.businessinsider.com,-0.131339,Neutral,BA,0.701177,-0.288266,Somewhat-Bearish
2024-04-30 11:49:46,'Divest from Israel': Decoding the Gaza protest call shaking US campuses,https://www.aljazeera.com/news/2024/4/30/divest-from-israel-breaking-down-the-us-student-protesters-demands,It's a central demand in the pro-Palestine student protests on college campuses. But how easy is it to divest? University students are facing threats of arrest or suspension as pro-Palestine protests are burgeoning across campuses in the United States.,www.aljazeera.com,-0.021738,Neutral,BA,0.023102,0.046005,Neutral
2024-04-30 12:43:00,Prima Air Teams Up with Hong Kong Business Aviation Center to Drive Growth in Asia-Pacific - PR Newswire,https://www.prnewswire.com/news-releases/prima-air-teams-up-with-hong-kong-business-aviation-center-to-drive-growth-in-asia-pacific-302131095.html,Prima Air Teams Up with Hong Kong Business Aviation Center to Drive Growth in Asia-Pacific PR ...,www.prnewswire.com,0.406461,Bullish,BA,0.093653,0.212579,Somewhat-Bullish
2024-04-30 14:29:00,3 Airline Stocks to Watch From a Promising Industry,https://www.zacks.com/commentary/2264683/3-airline-stocks-to-watch-from-a-promising-industry,"Buoyant air travel demand bodes well for the Zacks Transportation - Airline industry. Stocks like UAL, ALK and CPA appear well-poised to capitalize on this rosy scenario.",www.zacks.com,0.160398,Somewhat-Bullish,BA,0.215894,0.103475,Neutral
2024-04-30 16:01:01,Amazon set to report first-quarter earnings after the bell,https://www.cnbc.com/2024/04/30/amazon-amzn-q1-earnings-report-2024.html,"Wall Street expects Amazon to report 12% revenue growth, a modest acceleration from a year earlier.",www.cnbc.com,0.286116,Somewhat-Bullish,BA,0.066414,0.116241,Neutral
2024-04-30 16:11:28,"Inflation Tempers Cargojet's Outlook Despite Q1 Volume Growth - Cargojet  ( OTC:CGJTF ) , Amazon.com  ( NASDAQ:AMZN ) ",https://www.benzinga.com/news/24/04/38516092/inflation-tempers-cargojets-outlook-despite-q1-volume-growth,"Cargojet CGJTF reported Tuesday that revenue of US$169 million was nearly flat year over year, while adjusted earnings excluding accounting measures and taxes ticked up 3.6% to $57 million, in line with analysts' expectations.",www.benzinga.com,0.066719,Neutral,BA,0.084572,0.016566,Neutral
2024-04-30 17:19:23,Why Woodward Stock Is Soaring Higher Today,https://www.fool.com/investing/2024/04/30/why-woodward-stock-is-soaring-higher-today/,The company's industrial and aerospace businesses are both performing well.,www.fool.com,0.392205,Bullish,BA,0.104228,-0.02662,Neutral
2024-04-30 17:50:00,Millennium Space Systems Awarded $414M Space Development Agency Contract - Boeing  ( NYSE:BA ) ,https://www.benzinga.com/pressreleases/24/04/n38530245/millennium-space-systems-awarded-414m-space-development-agency-contract,Low Earth orbit constellation to deliver fire-control quality sensing data,www.benzinga.com,0.307471,Somewhat-Bullish,BA,0.231332,0.280014,Somewhat-Bullish
2024-04-30 18:34:00,Why ATI Stock Is Flying High Today,https://www.fool.com/investing/2024/04/30/why-ati-stock-is-flying-high-today/,A solid quarter is alleviating some of the concern surrounding this aerospace stock.,www.fool.com,0.292475,Somewhat-Bullish,BA,0.249106,0.231809,Somewhat-Bullish
2024-04-30 19:28:00,American Airlines is cutting some international flights because Boeing can't deliver enough 787 Dreamliners - see the full list,https://www.businessinsider.com/american-airlines-cuts-flights-boeing-787-dreamliner-delays-list-cities-2024-4,American Airlines cuts flights due to Boeing 787 Dreamliner delay - Business Insider ...,www.businessinsider.com,-0.140474,Neutral,BA,0.411656,-0.262899,Somewhat-Bearish
2024-04-30 21:00:00,Columbia protesters' demands have worked before. This time may be different.,https://www.businessinsider.com/columbia-protest-demand-israel-divest-gaza-history-2024-4,Columbia divestment protests worked before. This time may be different. - Business Insider ...,www.businessinsider.com,-0.167159,Somewhat-Bearish,BA,0.031119,-0.01994,Neutral
2024-04-30 21:18:00,Aerospace & Defense ETFs to Watch Amid Q1 Earnings,https://www.zacks.com/stock/news/2265414/aerospace-defense-etfs-to-watch-amid-q1-earnings,"With escalating geopolitical tensions and an estimated surge in global military spending, look into Aerospace and Defence ETFs as they report Q1 earnings.",www.zacks.com,0.15807,Somewhat-Bullish,BA,0.116348,-0.032558,Neutral
2024-04-30 23:34:33,Binance co-founder Zhao set to keep on growing his $33 billion fortune even as he heads to prison for four months,https://www.cnbc.com/2024/04/30/binance-founder-zhaos-huge-wealth-unaffected-by-prison-sentence.html,Binance founder Changpeng Zhao expected to see his $33 billion personal fortune continue to climb while he's in prison.,www.cnbc.com,0.127652,Neutral,BA,0.02671,0.106726,Neutral
2024-05-01 12:49:31,Microsoft signs deal to invest more than $10 billion on renewable energy capacity to power data centers,https://www.cnbc.com/2024/05/01/microsoft-brookfield-to-develop-more-than-10point5-gigawatts-of-renewable-energy.html,"Microsoft and Brookfield Asset Management will develop 10.5 gigawatts of renewable energy, in a deal they describe as the largest of its kind.",www.cnbc.com,0.308869,Somewhat-Bullish,BA,0.122894,0.132844,Neutral
2024-05-01 13:05:53,Elon Musk Says He Has Not Watched Emmy-Nominated Documentary About His Ambitious Space Plans: 'Haven't Seen It Yet',https://www.benzinga.com/general/entertainment/24/05/38550496/elon-musk-says-he-has-not-watched-emmy-nominated-documentary-about-his-ambitious-space-plan,"Elon Musk, the influential tech mogul, has yet to watch the Emmy-nominated documentary ""Return to Space,"" which centers on his company SpaceX's mission. What Happened: On Wednesday, Musk responded to a post by a user on X, Dima Zeniuk, who praised the documentary.",www.benzinga.com,0.367075,Bullish,BA,0.147818,0.19264,Somewhat-Bullish
2024-05-01 13:18:00,ASML Shows Us a Different Part of the Chip Boom Story,https://www.fool.com/investing/2024/05/01/asml-shows-us-a-different-part-of-the-chip-boom-st/,"The boom is on for chip buyers and sellers, but demand is lighter further up the supply chain. And United Airlines results show the skies look friendly for airline stocks.",www.fool.com,0.120596,Neutral,BA,0.109655,0.127436,Neutral
2024-05-01 16:21:58,"As Boeing Struggles, Embraer Considers Entry Into Narrow-Body Aircraft Market - Embraer  ( NYSE:ERJ ) , Boeing  ( NYSE:BA ) ",https://www.benzinga.com/news/24/05/38558306/as-boeing-struggles-embraer-considers-entry-into-narrow-body-aircraft-market,"With Boeing Co BA in the midst of its latest crisis, a smaller competitor, Embraer SA ERJ, is considering options to challenge the industry's long-standing duopoly.",www.benzinga.com,0.062524,Neutral,BA,0.221819,-0.169264,Somewhat-Bearish
2024-05-01 16:37:24,"Aerospace & Defense ETFs to Watch Amid Q1 Earnings - General Dynamics  ( NYSE:GD ) , Boeing  ( NYSE:BA ) ",https://www.benzinga.com/news/earnings/24/05/38537863/aerospace-defense-etfs-to-watch-amid-q1-earnings,"The uptrend in the industry is mapped by the performance of the S&P Aerospace & Defense Select Industry Index, which has added 20.10% over the past year. With escalating geopolitical tensions and the depletion of weapon stocks, the global aerospace and defense sector is poised to witness ...",www.benzinga.com,0.176864,Somewhat-Bullish,BA,0.113062,-0.034761,Neutral
2024-05-01 18:54:35,Cargo IT Meltdown Hits Air France-KLM Earnings - Air France  ( OTC:AFLYY ) ,https://www.benzinga.com/news/earnings/24/05/38534268/cargo-it-meltdown-hits-air-france-klm-earnings,The joint venture reported cargo revenues fell 16.5% year over year to 562 million euros ( $602.3 million ) even as traffic in revenue ton kilometers - a measure of revenue generation based on how much cargo is carried times distance - increased 4%.,www.benzinga.com,-0.038651,Neutral,BA,0.070725,0.0,Neutral
2024-05-01 22:49:09,"Evolv Technologies Holdings, Inc investors: Please contact the Portnoy Law Firm to recover your losses; May 24, 2024 deadline - Evolv Technologies  ( NASDAQ:EVLV ) ",https://www.benzinga.com/pressreleases/24/05/g38569524/evolv-technologies-holdings-inc-investors-please-contact-the-portnoy-law-firm-to-recover-your-loss,"Investors can contact the law firm at no cost to learn more about recovering their losses LOS ANGELES, May 01, 2024 ( GLOBE NEWSWIRE ) -- The Portnoy Law Firm advises Evolv Technologies Holdings, Inc. f/k/a NewHold Investment Corp.",www.benzinga.com,0.087989,Neutral,BA,0.18046,0.172673,Somewhat-Bullish
2024-05-02 03:05:59,"Whistleblower Joshua Dean, ex-worker at Boeing supplier, dies",https://www.aljazeera.com/economy/2024/5/2/whistleblower-joshua-dean-ex-worker-at-boeing-supplier-dies,"A whistleblower who accused a Boeing supplier of ignoring defects in the production of the 737 MAX has died after a sudden illness, family members and his former employer have said.",www.aljazeera.com,-0.318646,Somewhat-Bearish,BA,0.570165,-0.630394,Bearish
2024-05-02 04:00:12,The FT puts Warren Buffett's lieutenants under the microscope,https://www.ft.com/content/92aadb7d-10ff-449d-ab60-3d0476186ec2,"Plus, the private equity windfall stemming from Viking's ...",www.ft.com,0.157503,Somewhat-Bullish,BA,0.030838,-0.172912,Somewhat-Bearish
2024-05-02 05:30:00,LACROIX announces the final sale of the Road Signs segment.,https://www.globenewswire.com/news-release/2024/05/02/2873811/0/en/LACROIX-announces-the-final-sale-of-the-Road-Signs-segment.html,LACROIX announces the final saleof the Road Signs segment ...,www.globenewswire.com,0.339706,Somewhat-Bullish,BA,0.065866,0.029026,Neutral
2024-05-02 09:09:00,A whistleblower who accused a Boeing supplier of turning a blind eye to defects has died after a sudden illness: reports,https://www.businessinsider.com/boeing-supplier-whistleblower-dies-after-sudden-illness-2024-5,Boeing Supplier Whistleblower Dies After Sudden Illness: Reports - Business Insider ...,www.businessinsider.com,-0.148199,Neutral,BA,0.432818,-0.46155,Bearish
2024-05-02 09:41:00,This Brazilian planemaker denied reports it wants to kick Boeing while it's down and build a new jet to compete with the 737,https://www.businessinsider.com/embraer-denied-reports-kick-boeing-while-its-down-2024-5,Embraer denied reports it wants to kick Boeing while it's down - Business Insider ...,www.businessinsider.com,-0.045816,Neutral,BA,0.436009,-0.058856,Neutral
2024-05-02 10:30:00,Air Canada's Longest Flight: New Direct Vancouver To Singapore Route,https://www.forbes.com/sites/sandramacgregor/2024/05/02/air-canadas-longest-flight-new-direct-vancouver-to-singapore-route/,Air Canada has just launched a direct flight from Vancouver to Singapore. This new direct flight not only marks Air Canada's newest international route but also represents the only non-stop service that links the country of Canada directly with Singapore.,www.forbes.com,0.391855,Bullish,BA,0.068502,0.151613,Somewhat-Bullish
2024-05-02 11:00:00,ThetaRay Co-founder Mark Gazit Appointed Executive Chairman of the Global Management of N.E.W.S.®,https://www.newswire.ca/news-releases/thetaray-co-founder-mark-gazit-appointed-executive-chairman-of-the-global-management-of-n-e-w-s-r--838197114.html,"LAUSANNE, Switzerland , May 2, 2024 /CNW/ -- The N.E.W.S.® company, a global leader in leadership and organizational navigation, headquartered in Switzerland and operating in over 40 countries, today announced that Mark Gazit, co-founder and outgoing CEO of ThetaRay, has been appointed as its ...",www.newswire.ca,0.480822,Bullish,BA,0.076602,0.244717,Somewhat-Bullish
2024-05-02 12:35:00,"Howmet Aerospace Set To Break Out On Hoisted Guidance, Dividend, Record Revenue",https://www.investors.com/news/howmet-aerospace-stock-breakout-q1-results-guidance/,Howmet Aerospace shares vaulted premarket Thursday and were positioned for a breakout. The Pittsburgh-based defense and engine components maker cleared Q1 views and hiked its guidance and dividend. Howmet Aerospace ( HWM ) reported a 36% earnings increase to 57 cents per share.,www.investors.com,0.324613,Somewhat-Bullish,BA,0.18602,0.11046,Neutral
2024-05-02 12:58:35,"Boeing whistleblower Joshua Dean dies at 45 due to 'sudden, fast-spreading infection'",https://www.financialexpress.com/world-news/boeing-whistleblower-joshua-dean-dies-at-45-due-to-sudden-fast-spreading-infection/3475427/,"Former quality auditor at Spirit AeroSystems ( a crucial supplier for Boeing ) and whistleblower Joshua Dean has passed away at the age of 45 due to a sudden and fast-spreading infection, media outlets reported on Tuesday.",www.financialexpress.com,-0.282512,Somewhat-Bearish,BA,0.688096,-0.262229,Somewhat-Bearish
2024-05-02 13:22:23,Boeing scandal: Another whistleblower dies; was battling sudden infection,https://www.business-standard.com/world-news/boeing-scandal-another-whistleblower-dies-was-battling-sudden-infection-124050201102_1.html,Boeing scandal: Another whistleblower dies. was battling sudden infection Business Standard ...,www.business-standard.com,-0.526582,Bearish,BA,0.56415,-0.773214,Bearish
2024-05-02 13:40:29,Why April Was a Miserable Month for Discount Airline Stocks,https://www.fool.com/investing/2024/05/02/why-april-was-a-miserable-month-for-discount-airli/,"Travel demand remains strong, but cracks are showing at certain carriers.",www.fool.com,0.177819,Somewhat-Bullish,BA,0.061949,-0.053434,Neutral
2024-05-02 14:00:00,FORCECON Makes its Return to Boeing Center at Tech Port Featuring All Six US Military Branches Connected by Gaming,https://www.benzinga.com/pressreleases/24/05/n38585287/forcecon-makes-its-return-to-boeing-center-at-tech-port-featuring-all-six-us-military-branches-con,Air Force Gaming partners with Rally Cry to produce and manage the Armed Forces Esports Championship for Call of Duty with event open and free to the public on May 11,www.benzinga.com,0.270944,Somewhat-Bullish,BA,0.143987,0.180987,Somewhat-Bullish
2024-05-02 16:32:33,Why Howmet Aerospace Stock Is Soaring Higher Today,https://www.fool.com/investing/2024/05/02/why-howmet-aerospace-stock-is-soaring-higher-today/,This under-the-radar aerospace manufacturer is finally getting its due.,www.fool.com,0.247613,Somewhat-Bullish,BA,0.227007,0.009555,Neutral
2024-05-02 16:34:20,Why Aerospace Company Howmet's Shares Are Surging Thursday - Howmet Aerospace  ( NYSE:HWM ) ,https://www.benzinga.com/news/earnings/24/05/38591577/why-aerospace-company-howmets-shares-are-surging-thursday,"Howmet Aerospace Inc. HWM shares are trading higher after the company reported better-than-expected Q1 FY24 financial results. Revenue grew 14% Y/Y to $1.82 billion, beating the consensus of $1.736 billion, driven by growth in the commercial aerospace of 23% Y/Y.",www.benzinga.com,0.238412,Somewhat-Bullish,BA,0.081552,0.100954,Neutral
2024-05-02 16:48:55,Southwest Airlines Unusual Options Activity - Southwest Airlines  ( NYSE:LUV ) ,https://www.benzinga.com/insights/options/24/05/38591929/southwest-airlines-unusual-options-activity,"Financial giants have made a conspicuous bearish move on Southwest Airlines. Our analysis of options history for Southwest Airlines LUV revealed 9 unusual trades. Delving into the details, we found 44% of traders were bullish, while 55% showed bearish tendencies.",www.benzinga.com,0.12308,Neutral,BA,0.081552,0.049862,Neutral
2024-05-02 17:04:00,Airline Stocks Fly High: Buy These 3,https://www.zacks.com/commentary/2267349/airline-stocks-fly-high-buy-these-3,The airline industry is flourishing despite a plethora of industry challenges. Three airline-related stocks offer great reward-to-risk zones.,www.zacks.com,0.233763,Somewhat-Bullish,BA,0.591449,0.335479,Somewhat-Bullish
2024-05-02 18:37:00,Inclusive Workforce Pathways Emerge as the Cornerstone for Corporate Resilience - PR Newswire,https://www.prnewswire.com/news-releases/inclusive-workforce-pathways-emerge-as-the-cornerstone-for-corporate-resilience-302134984.html,Inclusive Workforce Pathways Emerge as the Cornerstone for Corporate Resilience PR ...,www.prnewswire.com,0.352235,Bullish,BA,0.060085,0.071999,Neutral
2024-05-02 19:37:52,"Another Boeing Whistleblower Dies, This Time Due To Sudden Infection - Alaska Air Gr  ( NYSE:ALK ) , Boeing  ( NYSE:BA ) ",https://www.benzinga.com/government/24/05/38596243/another-boeing-whistleblower-dies-this-time-due-to-sudden-infection,"Boeing Co BA shares are trading higher on Thursday, inline with a broader market upswing in response to a Wednesday decision by the Fed to keep interest rates steady for the upcoming period.",www.benzinga.com,-0.153345,Somewhat-Bearish,BA,0.76323,-0.306203,Somewhat-Bearish
2024-05-03 03:49:00,"Tesla, Boeing, Visa: Big Names Worth Talking About",https://www.fool.com/investing/2024/05/02/tesla-boeing-visa-big-names-worth-talking-about/,Tesla and its robotaxi ambitions lead the show.,www.fool.com,0.109268,Neutral,BA,0.096412,-0.002162,Neutral
2024-05-03 08:15:00,"Zacks Investment Ideas feature highlights: Boeing, Airbus, United Airlines, Airline Azul and Delta Airlines",https://www.zacks.com/stock/news/2267582/zacks-investment-ideas-feature-highlights-boeing-airbus-united-airlines-airline-azul-and-delta-airlines,"Boeing, Airbus, United Airlines, Airline Azul and Delta Airlines have been highlighted in this Investment Ideas article.",www.zacks.com,0.249403,Somewhat-Bullish,BA,0.606182,0.319928,Somewhat-Bullish
2024-05-03 09:43:08,"Apple Stock Buyback Is So Massive It Dwarfs Value Of Boeing, Starbucks, eBay And 415 Other S&P 500 Companies - Apple  ( NASDAQ:AAPL ) ",https://www.benzinga.com/markets/equities/24/05/38607876/steve-jobs-wasnt-a-fan-but-apples-record-stock-buyback-is-so-massive-it-dwarfs-valuations-of-boe,"Apple, Inc. AAPL delivered a sweet surprise to investors on Thursday with its robust shareholder return strategy, propelling its stock sharply higher. The magnitude of the move is so significant that it dwarfs the valuation of some big companies.",www.benzinga.com,0.26844,Somewhat-Bullish,BA,0.076358,0.110578,Neutral
2024-05-03 11:26:01,"Airbus Demands Compensation To Acquire Spirit Operations: Report - Spirit AeroSystems Hldgs  ( NYSE:SPR ) , Airbus  ( OTC:EADSY ) , Boeing  ( NYSE:BA ) ",https://www.benzinga.com/markets/equities/24/05/38610474/airbus-demands-compensation-to-acquire-spirit-operations-report,"Airbus SE EADSY has reportedly expressed the need for financial compensation to absorb loss-making operations from Spirit AeroSystems Holdings Inc SPR, creating a hurdle in the discussions with Boeing Co BA. This demand, emerging as a key obstacle, is likely to complicate negotiations between the ...",www.benzinga.com,0.142016,Neutral,BA,0.648497,0.205128,Somewhat-Bullish
2024-05-03 11:38:23,Boeing's Starliner Prepares First Human Launch In Bid To Catch Musk's SpaceX - How To Watch And Why It Matters,https://www.forbes.com/sites/roberthart/2024/05/03/boeings-starliner-prepares-first-human-launch-in-bid-to-catch-musks-spacex---how-to-watch-and-why-it-matters/,"Boeing's Starliner is set to carry astronauts into space for the first time on Monday, a major milestone for the aerospace giant after years of trouble and setbacks as it tries to catch up with Elon Musk's SpaceX amid NASA's efforts to nurture commercial partners and grow the budding space economy.",www.forbes.com,0.014243,Neutral,BA,0.491878,-0.050185,Neutral
2024-05-03 12:00:00,LGI Homes Opens New Community North of Seattle in Marysville - LGI Homes  ( NASDAQ:LGIH ) ,https://www.benzinga.com/pressreleases/24/05/g38611331/lgi-homes-opens-new-community-north-of-seattle-in-marysville,"MARYSVILLE, Wash., May 03, 2024 ( GLOBE NEWSWIRE ) -- LGI Homes, Inc. LGIH today announced the grand opening of The Village at Whiskey Ridge, a new community located in Marysville, Washington.",www.benzinga.com,0.349648,Somewhat-Bullish,BA,0.055492,0.170914,Somewhat-Bullish
2024-05-03 12:12:00,"Boeing has lost $32 billion since 2019, with no end in sight. How long can it keep losing money? | Business",https://www.cnn.com/2024/05/03/business/boeing-losses-outlook/index.html,"Boeing has lost $32 billion since 2019, with no end in sight. How long can it keep losing money? ...",www.cnn.com,0.038698,Neutral,BA,0.60999,0.032735,Neutral
2024-05-03 12:32:56,Here's Why This Aerospace Supplier Surged This Week,https://www.fool.com/investing/2024/05/03/heres-why-this-aerospace-supplier-surged-this-week/,This company's earnings will expand significantly as its revenue grows in line with the aerospace market.,www.fool.com,0.356806,Bullish,BA,0.122269,0.125684,Neutral
2024-05-03 13:25:00,"Apple's record $110 billion stock buyback is bigger than Boeing, Airbnb, and Chipotle",https://markets.businessinsider.com/news/stocks/apple-record-stock-buyback-bigger-boeing-airbnb-chipotle-market-cap-2024-5,"Apple's Record $110B Stock Buyback Bigger Than Boeing, Airbnb, Chipotle - Markets Insider ...",markets.businessinsider.com,0.328857,Somewhat-Bullish,BA,0.124164,0.143877,Neutral
2024-05-03 13:39:00,Why Wall Street is so happy to see the job market slowing down,https://markets.businessinsider.com/news/stocks/stock-market-today-light-april-jobs-report-bond-yields-tumbling-2024-5,Stock Market Today: Light April Jobs Report Sends Bond Yields Tumbling - Markets Insider ...,markets.businessinsider.com,-0.026744,Neutral,BA,0.097062,-0.097762,Neutral
2024-05-03 14:06:57,Why Shares in Woodward Powered Higher This Week,https://www.fool.com/investing/2024/05/03/why-shares-in-woodward-powered-higher-this-week/,The aerospace and industrial company raised guidance in both its segments.,www.fool.com,0.269341,Somewhat-Bullish,BA,0.133841,0.092137,Neutral
2024-05-03 15:44:00,A Boeing 737 was transformed into a luxury villa in Bali. Take a look inside.,https://www.businessinsider.com/boeing-737-bali-villa-luxury-photos-2024-5,Boeing 737 transformed into luxury villa in Bali: SEE PHOTOS - Business Insider ...,www.businessinsider.com,0.124283,Neutral,BA,0.272788,0.148334,Neutral
2024-05-03 18:12:31,Boeing layoffs in Alabama reportedly set for late June - .com,https://www.upi.com/Top_News/US/2024/05/03/boeing-layoffs-alabama-huntsville/2051714759147/,Boeing layoffs in Alabama reportedly set for late June UPI News ...,www.upi.com,-0.051923,Neutral,BA,0.686739,-0.068321,Neutral
2024-05-03 19:14:00,The lunar far side is wildly different from what we see. Scientists want to know why,https://www.cnn.com/2024/05/03/world/lunar-far-side-moon-exploration-scn/index.html,"Sign up for CNN's Wonder Theory science newsletter. Explore the universe with news on fascinating discoveries, scientific advancements and more. When the Chang'e-4 mission landed in the Von Karman crater on January 3, 2019, China became the first and only country to land on the far side of the ...",www.cnn.com,0.042139,Neutral,BA,0.027042,0.0,Neutral
2024-05-03 19:18:58,All Stock Offering News and Press Releases from PR Newswire,https://www.prnewswire.com/news-releases/financial-services-latest-news/stock-offering-list/,Stock offerings and news releases surrounding companies that are now public or may plan to go public in the near future are collected in this subcategory. Upcoming stock offerings and updates on existing offerings from around the globe are covered in detail.,www.prnewswire.com,0.160189,Somewhat-Bullish,BA,0.132368,-0.142339,Neutral
2024-05-03 20:04:15,"Apple Eyes Best Session Since Late 2022, Breaks Above 200-Day Average For First Time In 4 Months",https://markets.businessinsider.com/news/stocks/apple-eyes-best-session-since-late-2022-breaks-above-200-day-average-for-first-time-in-4-months-1033328259,"Apple Inc. ( NASDAQ:AAPL ) shares are currently riding a spectacular rally, signaling the market's enthusiastic response to the quarterly report from the Cupertino-based tech giant. Friday's surge amounted to over 7%, marking its strongest single-day performance since November 2022, when Apple ...",markets.businessinsider.com,0.303268,Somewhat-Bullish,BA,0.092213,-0.070735,Neutral
2024-05-03 20:05:00,Stock market today: US stocks end the week higher after solid earnings and Goldilocks jobs report,https://markets.businessinsider.com/news/stocks/stock-market-today-dow-jumps-450-points-after-goldilocks-jobs-data-2024-5,Stock Market Today: Dow Jumps 450 Points After Goldilocks Jobs Data - Markets Insider ...,markets.businessinsider.com,-0.048851,Neutral,BA,0.089129,-0.090721,Neutral
2024-05-03 21:11:00,Boeing threatens to lock out its private firefighters around Seattle in a dispute over pay,https://apnews.com/article/boeing-firefighters-labor-lockout-431460dbbb70110b2cebac0df663028e,Boeing is threatening to lock out its private force of firefighters who protect its in the Seattle area and bring in replacements beginning Friday night unless the workers accept the company's last offer on wages. said the two sides were far apart in negotiations.,apnews.com,-0.016763,Neutral,BA,0.745397,-0.01183,Neutral
2024-05-03 21:33:00,Amazon Stock Is on a Roll. Here's Why It's on This Firm's 'Best Ideas List.',https://www.barrons.com/amp/articles/amazon-stock-is-on-a-roll-heres-why-its-on-this-firms-best-ideas-list-7c1f8323,"These reports, excerpted and edited by Barron's, were issued recently by investment and research firms. The reports are a sampling of analysts' thinking. they should not be considered the views or recommendations of Barron's.",www.barrons.com,0.345591,Somewhat-Bullish,BA,0.188193,0.209624,Somewhat-Bullish
2024-05-04 04:00:46,Berkshire after Buffett: is Greg Abel up to the top job?,https://www.ft.com/content/ea9f667b-c49f-4441-b78b-b6dbc575eec7,Canadian executive will face a daunting challenge stepping into the shoes of the celebrated business leader ...,www.ft.com,0.130608,Neutral,BA,0.017795,0.078048,Neutral
2024-05-04 11:36:00,Insider Today: My home-renovation nightmare,https://www.businessinsider.com/insider-today-saturday-home-renovation-nightmare-botox-boom,• This post originally appeared in the Insider Today newsletter. • You can sign up for Business Insider's daily newsletter here. Welcome back to our Saturday edition! Foodies rejoice: Disney World now has a Michelin-starred restaurant.,www.businessinsider.com,0.124907,Neutral,BA,0.046273,0.064138,Neutral
2024-05-04 11:54:00,"While Boeing's passenger planes glitch, NASA is entrusting the company's spaceship with 2 astronauts' lives",https://www.businessinsider.com/why-boeing-spaceship-flying-nasa-astronauts-despite-airplane-safety-incidents-2024-5,Boeing spaceship to fly 2 NASA astronauts despite airplane incidents - Business Insider ...,www.businessinsider.com,0.0,Neutral,BA,0.409742,-0.134618,Neutral
2024-05-04 12:57:00,"Boeing is on the verge of launching astronauts aboard new capsule, the latest entry to space travel",https://apnews.com/article/boeing-space-station-starliner-launch-spacex-86085ceba30de94218c7cf2f70524413,"Boeing is on the verge of launching astronauts aboard new capsule, the newest entry to space travel The Associated Press ...",apnews.com,0.075539,Neutral,BA,0.397098,0.192704,Somewhat-Bullish
2024-05-04 18:04:00,Boeing locks out its private firefighters around Seattle over pay dispute,https://apnews.com/article/boeing-firefighters-labor-lockout-c83b4b91677e4db8ac415bfb2de5e24e,Boeing has its private force of firefighters who protect its in the Seattle area and brought in replacements after the latest round of negotiations with the firefighters' union failed to deliver an agreement on wages.,apnews.com,-0.028952,Neutral,BA,0.800175,0.004069,Neutral
2024-05-04 21:03:00,How Lockheed Martin Crushed Its Q1 Earnings Report,https://www.fool.com/investing/2024/05/04/how-lockheed-martin-crushed-its-q1-earnings-report/,Lockheed Martin stock got little credit for beating earnings last week. Could its stock be a bargain today?,www.fool.com,0.24814,Somewhat-Bullish,BA,0.048036,0.191803,Somewhat-Bullish
2024-05-05 01:23:12,"Boeing to launch astronauts in new capsule, expanding space travel",https://www.business-standard.com/world-news/boeing-to-launch-astronauts-in-new-capsule-expanding-space-travel-124050500006_1.html,"After years of delays and stumbles, Boeing is finally poised to launch astronauts to the International Space Station for NASA. ( Photo: Bloomberg ) After years of delays and stumbles, Boeing is finally poised to launch astronauts to the International Space Station for NASA.",www.business-standard.com,0.061478,Neutral,BA,0.442853,0.19938,Somewhat-Bullish
2024-05-05 07:47:06,Boeing Locks Out Firefighters While Negotiating With Machinists,https://www.forbes.com/sites/marisagarcia/2024/05/05/boeing-locks-out-firefighters-while-negotiating-with-machinists/,"Boeing has locked out its International Association of Firefighters Local I-66 union members who prevent highly dangerous and toxic fires from breaking out in its plants in Washington state. The company set a new record in the process, as no fire department has been locked out in the US for over ...",www.forbes.com,0.014623,Neutral,BA,0.766141,-0.044219,Neutral
2024-05-05 09:10:00,Is It Time to Buy April's Worst-Performing Dow Jones Stocks?,https://www.fool.com/investing/2024/05/05/is-it-time-to-buy-aprils-worst-performing-dow-jone/,"Several of the Dow's blue chip constituents are now deeply discounted, but that doesn't necessarily make them worth owning.",www.fool.com,-0.080162,Neutral,BA,0.140896,-0.080282,Neutral
2024-05-05 09:57:00,"I flew Ryanair for the first time. It may be Europe's biggest airline, but its endless extra fees mean I'm not convinced.",https://www.businessinsider.com/ryanair-flight-review-first-time-bag-fees-charges-wasnt-convinced-2024-4,I flew Ryanair for the first time. Here's why I wasn't convinced. - Business Insider ...,www.businessinsider.com,0.085611,Neutral,BA,0.140621,-0.021878,Neutral
2024-05-05 12:45:00,"Hawaiian Airlines CEO On Boeing 787, Alaska Merger And Staying Unique",https://www.forbes.com/sites/ramseyqubein/2024/05/05/hawaiian-airlines-ceo-on-new-787-alaska-merger-and-staying-unique-in-the-industry/,"Hawaiian Airlines is known for many things like its stellar on-time reputation, serving hot meals on longer flights in economy class and for its famously Hawaiian approach to onboard service.",www.forbes.com,0.221724,Somewhat-Bullish,BA,0.075715,0.103367,Neutral
2024-05-05 14:30:00,How to watch the first crewed flight of Boeing's long-awaited Starliner spacecraft,https://www.cnn.com/2024/05/05/world/boeing-starliner-launch-preview-scn/index.html,"Sign up for CNN's Wonder Theory science newsletter. Explore the universe with news on fascinating discoveries, scientific advancements and more. Boeing's spaceflight program may reach a significant milestone Monday night with the launch of its Starliner spacecraft, carrying - at long last - two ...",www.cnn.com,0.038127,Neutral,BA,0.439153,0.15516,Somewhat-Bullish
2024-05-05 18:53:00,Is Boeing Stock a Buy?,https://www.fool.com/investing/2024/05/05/is-boeing-stock-a-buy/,"The aerospace giant's problems are far from over, and its $10 billion free cash flow target is becoming increasingly doubtful.",www.fool.com,0.0336,Neutral,BA,0.750225,0.055404,Neutral
2024-05-05 23:33:34,Taylor Pendrith wins Byron Nelson as Kohles falters. Koepka wins for 4th time on LIV,https://apnews.com/sports/golf-taylor-pendrith-brooks-koepka-ben-kohles-05a6fd6dceb1e1bbf933d7f9bc346f1f,"McKINNEY, Texas ( AP ) - Taylor Pendrith took advantage of Ben Kohles' final-hole meltdown to win the CJ Cup Byron Nelson on Sunday for his first PGA Tour title. Kohles overtook Pendrith with birdies on Nos. 16 and 17 for a one-shot lead, then bogeyed the 18th after hitting his second shot into ...",apnews.com,0.24141,Somewhat-Bullish,BA,0.046452,0.263544,Somewhat-Bullish
2024-05-06 04:16:00,Commercial jet maker Airbus is staying humble even as Boeing flounders. There's a reason for that,https://apnews.com/article/boeing-airbus-airline-safety-manufacturing-8a7c361e379285c87c9a84638faf9302,"FRANKFURT, Germany ( AP ) - In the latest round of their for dominance in commercial aircraft, Europe's Airbus established a clear sales lead over Boeing even before the American company from manufacturing problems and ongoing safety concerns.",apnews.com,0.105111,Neutral,BA,0.526927,0.154293,Somewhat-Bullish
2024-05-06 06:52:56,Airbus stays humble even as Boeing flounders; Here's the reason,https://www.business-standard.com/world-news/airbus-stays-humble-even-as-boeing-flounders-here-s-the-reason-124050600261_1.html,Airbus stays humble even as Boeing flounders. Here's the reason Business Standard ...,www.business-standard.com,0.079214,Neutral,BA,0.587866,0.132699,Neutral
2024-05-06 08:10:16,Sunita Williams set for historic mission as Starliner readies flight to ISS,https://www.business-standard.com/amp/world-news/sunita-williams-set-for-historic-mission-as-starliner-readies-flight-to-iss-124050600391_1.html,"From Cape Canaveral in Florida, US, Boeing's Starliner spacecraft is scheduled to launch on its inaugural crewed test flight at 22:34 local time on Monday ( early hours of Tuesday in India ) . Click here to follow our WhatsApp channel",www.business-standard.com,0.068333,Neutral,BA,0.277433,0.15442,Somewhat-Bullish
2024-05-06 11:36:01,Here's Why Boeing Stock Disappointed Investors in April,https://www.fool.com/investing/2024/05/06/heres-why-boeing-stock-disappointed-investors-in-a/,The aerospace giant's medium-term aspirations are coming under increasing scrutiny.,www.fool.com,0.064901,Neutral,BA,0.765728,0.067736,Neutral
2024-05-06 11:38:00,Wall Street Analyst Sees Zero Upside for Boeing,https://www.fool.com/investing/2024/05/06/wall-street-analyst-sees-zero-upside-for-boeing/,"At 140 times projected 2024 earnings, Boeing stock may cost too much.",www.fool.com,0.017116,Neutral,BA,0.977729,0.030649,Neutral
2024-05-06 12:10:06,Astronaut Sunita Williams set to fly into space for third time on Tuesday,https://www.business-standard.com/world-news/astronaut-sunita-williams-set-to-fly-into-space-for-third-time-on-tuesday-124050600385_1.html,The scheduled lift-off is set for 22:34 local time on Monday ( 8:04 am IST on Tuesday ) Indian-origin astronaut Sunita Williams is ready to fly into space for the third time on Tuesday as the pilot aboard Boeing's Starliner spacecraft in its the first crewed test flight.,www.business-standard.com,0.158225,Somewhat-Bullish,BA,0.184363,0.055596,Neutral
2024-05-06 12:10:18,Daily: Berkshire Hathaway's Record Cash Pile Nears $200 Billion,https://www.forbes.com/sites/daniellechemtob/2024/05/06/forbes-daily-berkshire-hathaways-record-cash-pile-nears-200-billion/,"This is a published version of the Forbes Daily newsletter, you can sign-up to get Forbes Daily in your inbox here. Boeing's Starliner will carry astronauts into space for the first time today, as the aerospace giant tries to catch up to Elon Musk's SpaceX.",www.forbes.com,0.029135,Neutral,BA,0.024005,0.088405,Neutral
2024-05-06 12:44:00,Boeing's Starliner Preparing First Human Launch Tonight In Race Against Musk's SpaceX - How To Watch,https://www.forbes.com/sites/roberthart/2024/05/06/boeings-starliner-preparing-first-human-launch-tonight-in-race-against-musks-spacex---how-to-watch/,"Boeing's Starliner is set to carry astronauts into space for the first time on Monday, a major milestone for the aerospace giant after years of trouble and setbacks as it tries to catch up with Elon Musk's SpaceX amid NASA's efforts to nurture commercial partners and grow the budding space economy.",www.forbes.com,0.014244,Neutral,BA,0.495015,-0.050388,Neutral
2024-05-06 13:53:00,Boeing is set to launch NASA astronauts for the first time after years of struggle,https://apnews.com/article/boeing-starliner-launch-nasa-astronauts-8ffc8165f6d5b60033dbc314c1aeb7a8,"Boeing is set to launch NASA astronauts for the first time after years of struggle Boeing's Starliner capsule atop an Atlas V rocket stands ready for its upcoming mission at Space Launch Complex 41 at the Cape Canaveral Space Force Station, Sunday, May 5, 2024, in Cape Canaveral, Fla.",apnews.com,0.00946,Neutral,BA,0.174083,0.005732,Neutral
2024-05-06 13:55:04,Here's Why Carpenter Technology Shares Soared Again in April,https://www.fool.com/investing/2024/05/06/heres-why-carpenter-technology-shares-soared-again/,The aerospace supplier continues to enjoy buoyant trading conditions.,www.fool.com,0.121134,Neutral,BA,0.28664,-0.188025,Somewhat-Bearish
2024-05-06 14:55:47,Qantas agrees to pay $79M to settle lawsuit for selling seats on canceled flights - .com,https://www.upi.com/Top_News/World-News/2024/05/06/Australia-Qantas-lawsuit-settlement/8901715005518/,Qantas agrees to pay $79M to settle lawsuit for selling seats on canceled flights UPI News ...,www.upi.com,-0.139673,Neutral,BA,0.126119,-0.170959,Somewhat-Bearish
2024-05-06 15:19:26,"Etihad CEO Neves considers buying few Airbus, Boeing jets over next 5 years",https://www.business-standard.com/world-news/etihad-ceo-neves-considers-buying-few-airbus-boeing-jets-over-next-5-years-124050601149_1.html,"Both Airbus and Boeing have struggled to meet delivery schedules due to supply chain issues, while Boeing's production has slipped on increased quality checks and regulator audits.",www.business-standard.com,0.115445,Neutral,BA,0.601928,0.096153,Neutral
2024-05-06 15:27:35,Boeing and NASA ready first crewed Starliner flight,https://theweek.com/science/boeing-nasa-launch-astronauts-starliner-ISS,"Boeing's Starliner capsule is scheduled to make its first crewed flight from Florida's Cape Canaveral on Monday night, launched atop an Atlas V rocket. The test flight, following years of delay, will carry veteran NASA astronauts Sunita Williams and Barry Wilmore to the International Space ...",theweek.com,0.090364,Neutral,BA,0.199584,-0.001613,Neutral
2024-05-06 16:09:29,'Climate studies are increasingly becoming politicized',https://theweek.com/politics/politicizing-climate-research-threatens-the-world,"The hard truth is that focusing on cutting carbon emissions and investing in solar and wind power isn't doing enough to address climate change, says Bjorn Lomborg. We need to consider more potential fixes.",theweek.com,-0.022018,Neutral,BA,0.049835,0.262378,Somewhat-Bullish
2024-05-06 16:17:53,Boeing's Starliner: Reportedly Ready To Carry NASA Astronauts - Boeing  ( NYSE:BA ) ,https://www.benzinga.com/markets/equities/24/05/38648335/boeings-starliner-reportedly-ready-to-carry-nasa-astronauts,"Stakes are high as Boeing Co BA reportedly readies its novel spacecraft, marking a significant milestone in space exploration. Boeing's Crew Space Transportation ( CST ) -100 Starliner spacecraft is being developed in collaboration with NASA's Commercial Crew Program.",www.benzinga.com,0.18429,Somewhat-Bullish,BA,0.585687,0.256015,Somewhat-Bullish
2024-05-06 16:59:49,"Icelandic Cargo Airline Bluebird Nordic Shuts Down - DHL Group  ( OTC:DHLGY ) , FedEx  ( NYSE:FDX ) ",https://www.benzinga.com/news/24/05/38638814/icelandic-cargo-airline-bluebird-nordic-shuts-down,"The airline, which existed for 23 years and was acquired by Lithuanian conglomerate Avia Solutions Group in 2020, surrendered its air operator certificate to the Icelandic Civil Aviation Authority and is returning aircraft to lessors, trade publication ch-aviation first reported.",www.benzinga.com,0.061431,Neutral,BA,0.147366,-0.05505,Neutral
2024-05-06 17:42:49,Boeing Starliner launch set to kick off long-awaited mission with NASA crew,https://www.cnn.com/2024/05/06/world/nasa-space-launch-boeing-starliner-scn/index.html,Boeing Starliner is hours away from launching 2 astronauts on long-awaited mission. Here's what's at stake ...,www.cnn.com,0.089789,Neutral,BA,0.303175,0.006754,Neutral
2024-05-06 18:08:00,'New GE' Soars 110% In Past Year To Decade-Plus High,https://www.investors.com/news/ge-stock-buy-2024-ge-aerospace-launch/,GE Stock Soars 110% To A 15-Year High - Is GE Aerospace A Buy? Investor's Business Daily ...,www.investors.com,0.166974,Somewhat-Bullish,BA,0.116348,-0.009364,Neutral
2024-05-06 19:59:00,FAA launches new investigation into Boeing after company may have missed some 787 Dreamliner inspections,https://www.foxbusiness.com/fox-news-travel/faa-launches-new-investigation-boeing-after-company-may-missed-some-787-dreamliner-inspections,The FAA has opened a new investigation into Boeing after the company voluntarily informed the organization that it may not have completed required inspections to confirm adequate bonding and grounding where the wings join the fuselage on certain 787 Dreamliner airplane.,www.foxbusiness.com,-0.122551,Neutral,BA,0.851762,-0.29803,Somewhat-Bearish
2024-05-06 21:35:00,"TransDigm Keeps Flying Ahead Of Earnings, Aided By Boeing Woes",https://www.investors.com/news/tdg-stock-transdigm-earnings-q2-boeing-woes/,"TransDigm Group ( TDG ) kept pushing higher into earnings on Monday, as the aerospace contractor sees an uplift from Boeing-related turbulence, which will keep older aircraft operating longer. A bullish outlook for aftermarket sales fueled another record closing high for TDG stock.",www.investors.com,0.142508,Neutral,BA,0.287762,0.128549,Neutral
2024-05-06 21:36:00,"Catch up on the day's stories: When grief and AI collide, Social Security shortfall, benefits of olive oil",https://www.cnn.com/2024/05/06/us/5-things-pm-may-6-trnd/index.html,"👋 Welcome to 5 Things PM! A staple of the Mediterranean diet could help lower your risk of death from dementia, according to a new study. A daily spoonful of olive oil was linked with a 28% lower risk compared with those who never or rarely ate any, Harvard University scientists found.",www.cnn.com,-0.019631,Neutral,BA,0.072435,0.0,Neutral
2024-05-06 23:35:00,The FAA investigates after Boeing says workers in South Carolina falsified 787 inspection records,https://apnews.com/article/faa-boeing-787-inspection-investigation-4b6ac28d8ab0d7687112e2cbb7bf6e00,"SEATTLE ( AP ) - The Federal Aviation Administration said Monday it has opened an investigation into Boeing after reported that workers at a South Carolina plant falsified inspection records on certain 787 planes. Boeing said its engineers have determined that misconduct did not create ""an ...",apnews.com,-0.029199,Neutral,BA,0.556576,0.034231,Neutral
2024-05-06 23:57:00,"Elon Musk calls out Boeing's historic first crewed spaceflight, saying SpaceX beat them to the punch years ago",https://www.businessinsider.com/elon-musk-bashes-boeing-astronaut-flight-spacex-did-years-ago-2024-5,"Elon Musk bashes historic Boeing astronaut flight, SpaceX did it first - Business Insider ...",www.businessinsider.com,0.009495,Neutral,BA,0.630042,0.093586,Neutral
2024-05-07 01:02:00,Elon Musk says there are too many non-technical managers at Boeing,https://www.businessinsider.com/elon-musk-too-many-non-technical-managers-starliner-boeing-2024-5,"• Tesla CEO Elon Musk suggested Boeing has ""too many"" non-technical managers. • Musk's tweet comes hours before Boeing's Starliner makes its first launch attempt. • Tesla continued its wave of layoffs over the weekend.",www.businessinsider.com,-0.009405,Neutral,BA,0.612521,0.00701,Neutral
2024-05-07 01:21:21,Is Russia jamming GPS in the Baltics?,https://theweek.com/defence/is-russia-jamming-gps-in-the-baltics,"Estonia has accused Russia of jamming GPS navigation devices in the airspace above the Baltic states, raising fears of potential aircraft disasters. The incidents were part of an ""ongoing pattern"" of GPS interference in Europe, said New Scientist, but there are question marks over who is to blame ...",theweek.com,-0.082745,Neutral,BA,0.039811,0.258838,Somewhat-Bullish
2024-05-07 01:35:20,US officials probe allegations Boeing workers falsified inspection records,https://www.aljazeera.com/economy/2024/5/7/us-officials-probe-claims-boeing-workers-falsified-inspection-records,Federal Aviation Administration says Boeing voluntarily informed officials that inspections may not have been completed. Air safety officials in the United States are investigating whether employees at Boeing falsified inspections records for the 787 Dreamliner.,www.aljazeera.com,-0.024141,Neutral,BA,0.799128,0.064521,Neutral
2024-05-07 02:01:13,FAA to probe Boeing after workers in US falsified 787 inspection records,https://www.business-standard.com/world-news/faa-to-probe-boeing-after-workers-in-us-falsified-787-inspection-records-124050700075_1.html,The Federal Aviation Administration said Monday it has opened an investigation into Boeing after the beleaguered company reported that workers at a South Carolina plant falsified inspection records on certain 787 planes.,www.business-standard.com,-0.075282,Neutral,BA,0.603594,-0.100091,Neutral
2024-05-07 02:46:25,Boeing stops its first astronaut launch because of valve issue on rocket,https://www.business-standard.com/world-news/boeing-stops-its-first-astronaut-launch-because-of-valve-issue-on-rocket-124050700107_1.html,"Boeing called off its first astronaut launch because of a valve problem on the rocket Monday night. The two Nasa test pilots had just strapped into Boeing's Starliner capsule when the countdown was halted, just two hours before the planned liftoff.",www.business-standard.com,-0.085076,Neutral,BA,0.488007,-0.245756,Somewhat-Bearish
2024-05-07 03:01:32,Boeing postpones launch of Starliner space capsule over valve problem,https://www.aljazeera.com/economy/2024/5/7/boeing-postpones-launch-of-starliner-spaceship-over-valve-issue,Cancellation of inaugural crewed space mission comes as Boeing is under fire over safety record at its aviation arm. Boeing has called off the inaugural crewed flight CST-100 Starliner space capsule after engineers detected an issue with a rocket valve.,www.aljazeera.com,-0.004768,Neutral,BA,0.453501,0.042208,Neutral
2024-05-07 03:44:59,LIVE news: Supreme Court to hear Delhi CM Kejriwal's interim bail plea today,https://www.business-standard.com/india-news/breaking-news-today-top-news-todays-news-live-updates-pm-modi-amit-shah-usa-palestine-protests-palestine-israel-gaza-trump-biden-kejriwal-enforcement-directorate-sunita-williams-boeing-liquor-policy-gurpatwant-singh-pannun-124050700205_1.html,The Supreme Court is scheduled to hear jailed Delhi Chief Minister Arvind Kejriwal's bail plea today.,www.business-standard.com,-0.028938,Neutral,BA,0.271274,-0.22627,Somewhat-Bearish
2024-05-07 04:16:58,Sunita Williams' 3rd space mission called off; Boeing Starliner fails again,https://www.business-standard.com/world-news/sunita-williams-3rd-space-mission-called-off-boeing-starliner-fails-again-124050700248_1.html,Sunita Williams' 3rd space mission called off. Boeing Starliner fails again Business Standard ...,www.business-standard.com,0.059323,Neutral,BA,0.181137,0.01966,Neutral
2024-05-07 04:26:41,"Boeing's Starliner Crewed Test Flight Postponed Due To Technical Issue, Continuing Challenges In Space Program - Boeing  ( NYSE:BA ) ",https://www.benzinga.com/markets/equities/24/05/38659763/boeings-starliner-crewed-test-flight-postponed-due-to-technical-issue-continuing-challenges-in-s,"The much-anticipated first crewed test flight of Boeing Co's BA Starliner space capsule has been postponed due to a technical issue, marking another setback for the aerospace giant.",www.benzinga.com,0.076979,Neutral,BA,0.354319,0.026185,Neutral
2024-05-07 05:07:00,Boeing is under FAA investigation after disclosing some employees didn't perform safety tests on the wings of a 787 but recorded that they did anyway,https://www.businessinsider.com/boeing-workers-falsely-reported-performing-checks-on-787-wings-fuselage-2024-5,"Boeing says workers falsely reported performing checks on 787, under FAA probe - Business Insider ...",www.businessinsider.com,-0.23554,Somewhat-Bearish,BA,0.826234,-0.427565,Bearish
2024-05-07 06:53:44,Sunita Williams strapped in seat when Starliner mission was called off,https://www.business-standard.com/world-news/sunita-williams-strapped-in-seat-when-starliner-mission-was-called-off-124050700487_1.html,"The first crewed flight of Boeing's Starliner spaceship was slated to depart from the Kennedy Space Centre in Florida's Cape Canaveral at 8:04 am ( IST ) . However, just 90 minutes before the liftoff, the launch of the Atlas V rocket was cancelled due to an issue with an oxygen relief valve.",www.business-standard.com,0.033665,Neutral,BA,0.169676,-0.013682,Neutral
2024-05-07 08:24:52,"Flight cancellations, pilot shortages: An uphill battle for Indian Airlines amidst passenger surge, can they win?",https://www.financialexpress.com/business/airlines-aviation-flight-cancellations-pilot-shortages-an-uphill-battle-for-indian-airlines-amidst-passenger-surge-can-they-win-3479618/,"The Indian aviation sector in the past few years has experienced significant growth, with an increasing number of passengers opting for air travel. According to the credit rating agency Icra, domestic air passenger traffic is estimated to have grown annually by 13 per cent, reaching approximately ...",www.financialexpress.com,-0.139486,Neutral,BA,0.159569,-0.026547,Neutral
2024-05-07 09:55:04,Etihad Airways expands its network to Jaipur and Bali! Know which summer destinations are on the airline's expansion list,https://www.financialexpress.com/business/airlines-aviation-etihad-airways-expands-its-network-to-jaipur-and-bali-know-which-summer-destinations-are-on-the-airlines-expansion-list-3479715/,"Etihad Airways has announced that over the next two months it will be commencing operations to Jaipur and Bali, along with several other summer destinations, such as Al Qassim, Antalya, Malaga, Nice, and the Greek islands of Mykonos and Santorini.",www.financialexpress.com,0.397104,Bullish,BA,0.115787,0.321193,Somewhat-Bullish
2024-05-07 10:58:00,"5 things to know for May 7: Gaza, Tornado outbreak, Boeing, Artificial intelligence, Peanut recall",https://www.cnn.com/2024/05/07/us/5-things-to-know-for-may-7-gaza-tornado-outbreak-boeing-artificial-intelligence-peanut-recall/index.html,"For many educators, teaching isn't just a job - it's a calling. Remember to express your gratitude on National Teacher Appreciation Day today for their amazing contributions and tireless efforts. Here's what else you need to know to Get Up to Speed and On with Your Day.",www.cnn.com,-0.06815,Neutral,BA,0.03804,-0.08626,Neutral
2024-05-07 11:00:00,Nolinor announces new sub-base opening in Edmonton - Canada NewsWire,https://www.newswire.ca/news-releases/nolinor-announces-new-sub-base-opening-in-edmonton-826609597.html,Nolinor announces new sub-base opening in Edmonton Canada ...,www.newswire.ca,0.332519,Somewhat-Bullish,BA,0.28636,0.227226,Somewhat-Bullish
2024-05-07 11:05:08,SpaceX CEO Elon Musk Blames Boeing's Starliner Delay On 'Too Many Non-Technical Managers' - Boeing  ( NYSE:BA ) ,https://www.benzinga.com/news/24/05/38664485/spacex-ceo-elon-musk-blames-boeings-starliner-delay-on-too-many-non-technical-managers,"SpaceX CEO Elon Musk on Monday reflected on the delays with Boeing Co's BA Starliner spacecraft, contracted by NASA for transportation to the International Space Station ( ISS ) alongside SpaceX's Dragon.",www.benzinga.com,-0.03586,Neutral,BA,0.601928,0.173788,Somewhat-Bullish
2024-05-07 11:30:00,Spirit AeroSystems Reports First Quarter 2024 Results,https://www.prnewswire.com/news-releases/spirit-aerosystems-reports-first-quarter-2024-results-302137485.html,"WICHITA, Kan., May 7, 2024 /PRNewswire/ -- Spirit AeroSystems Holdings, Inc. ( NYSE: SPR ) ( ""Spirit,"" ""Spirit AeroSystems"" or the ""Company"" ) reported first quarter 2024 financial results. ** Represents an amount in excess of 100% or not meaningful.",www.prnewswire.com,0.07399,Neutral,BA,0.256719,0.062943,Neutral
2024-05-07 13:00:00,ALLEGIANT TRAVEL COMPANY FIRST QUARTER 2024 FINANCIAL RESULTS,https://www.prnewswire.com/news-releases/allegiant-travel-company-first-quarter-2024-financial-results-302137880.html,"First quarter 2024 GAAP diluted loss per share of $ ( 0.07 ) First quarter 2024 diluted earnings per share, excluding special charges of $0.57 ( 1 ) ( 4 ) ( 5 ) First quarter 2024 airline only diluted earnings per share, excluding special charges of $1.08 ( 1 ) ( 4 ) ( 6 )",www.prnewswire.com,0.193954,Somewhat-Bullish,BA,0.032251,0.007844,Neutral
2024-05-07 13:05:42,Emirates' chairman has a message for Boeing: 'Get your act together',https://www.cnbc.com/2024/05/07/emirates-chairman-to-boeing-get-your-act-together-.html,"With 245 passenger planes and five 778 freighters on order, Emirates is Boeing's largest customer in terms of widebody jets.",www.cnbc.com,-0.02634,Neutral,BA,0.338119,-0.185247,Somewhat-Bearish
2024-05-07 14:34:54,Spirit AeroSystems Encounters Headwinds In Q1 As Boeing 737 Issues Take Toll - Spirit AeroSystems Hldgs  ( NYSE:SPR ) ,https://www.benzinga.com/news/earnings/24/05/38672413/spirit-aerosystems-encounters-headwinds-in-q1-as-boeing-737-issues-take-toll,"Spirit AeroSystems Holdings Inc SPR shares are trading lower after it reported first-quarter 2024 results, with revenue growth of 19% Y/Y to $1.703 billion, beating the consensus of $1.62 billion. The revenue increase represents higher production activities on Commercial programs and higher ...",www.benzinga.com,0.123616,Neutral,BA,0.714116,0.226413,Somewhat-Bullish
2024-05-07 14:35:54,Emirates CEO Tells Boeing To 'Get Your Act Together' As David Calhoun Set To Step Down Amid Safety Crisis And Delivery Delays - Boeing  ( NYSE:BA ) ,https://www.benzinga.com/markets/equities/24/05/38672489/emirates-ceo-tells-boeing-to-get-your-act-together-as-david-calhoun-set-to-step-down-amid-safety,"Sheikh Ahmed bin Saeed Al Maktoum, the Chairman and CEO of Emirates, has publicly voiced his discontent with Boeing Co BA over its ongoing safety crisis and subsequent delivery delays. This comes as CEO David Calhoun announced his retirement by the end of the year.",www.benzinga.com,-0.024421,Neutral,BA,0.622414,-0.243626,Somewhat-Bearish
2024-05-07 17:02:03,"Amazon to Rent 10 Boeing 767-300 Freighters in Fleet Upgrade - Air Transport Services Gr  ( NASDAQ:ATSG ) , Amazon.com  ( NASDAQ:AMZN ) ",https://www.benzinga.com/news/24/05/38658997/amazon-to-rent-10-boeing-767-300-freighters-in-fleet-upgrade,"ATSG announced late Monday that it will begin flying the Boeing 767-300 cargo jets for Amazon's logistics network this summer, with the potential to add another 10 aircraft, under a five-year contract that bundles aircraft and transportation services.",www.benzinga.com,0.204651,Somewhat-Bullish,BA,0.163078,0.155072,Somewhat-Bullish
2024-05-07 17:37:45,Sunita -piloted Starliner now targets Friday launch after initial delay,https://www.business-standard.com/world-news/sunita-piloted-starliner-now-targets-friday-launch-after-initial-delay-124050701580_1.html,"The historic first crewed mission of Boeing Co.'s Starliner space capsule will now target launch as early as Friday, following a technical issue that prevented the initial flight on Monday.",www.business-standard.com,0.0,Neutral,BA,0.701177,0.099338,Neutral
2024-05-07 19:55:00,From Apple to Wayfair: A Lot of Earnings Results to Cover,https://www.fool.com/investing/2024/05/07/from-apple-to-wayfair-a-lot-of-earnings-results-to/,"Whether it's smartphones or soy lattes, consumers are pickier right now. The companies that are keeping things convenient and creating value offerings are winning. the ones that aren't are struggling.",www.fool.com,0.173235,Somewhat-Bullish,BA,0.005705,0.098055,Neutral
2024-05-08 05:44:44,US pauses weapons delivery to Israel over Rafah offensive concerns: Reports,https://www.aljazeera.com/news/2024/5/8/us-pauses-weapons-delivery-to-israel-over-rafah-offensive-concerns-reports,"Biden's administration paused shipment of weapons in effort to prevent full-scale assault on Rafah, official says. US President Joe Biden's administration paused a shipment of weapons to Israel last week in opposition to apparent moves by the Israelis to invade the southern Gaza city of Rafah, a ...",www.aljazeera.com,-0.189127,Somewhat-Bearish,BA,0.062597,-0.022184,Neutral
2024-05-08 06:45:32,"Boeing Starliner Delays Continue: Crewed Flight Test To Occur No Earlier Than May 17, Says NASA - Boeing  ( NYSE:BA ) ",https://www.benzinga.com/news/24/05/38691747/boeing-starliner-delays-continue-crewed-flight-test-to-occur-no-earlier-than-may-17-says-nasa,"The first crewed flight test of Boeing Co's BA Starliner spacecraft to the International Space Station will now be launched no earlier than May 17, NASA said on Tuesday, after the launch planned for Monday was halted.",www.benzinga.com,0.035643,Neutral,BA,0.447528,0.163687,Somewhat-Bullish
2024-05-08 07:23:00,Boeing is celebrating the latest employee to come forward with dirt on the company 'for doing the right thing',https://www.businessinsider.com/boeing-celebrating-latest-employee-come-forward-with-dirt-about-it-2024-5,Boeing celebrating latest employee to come forward with dirt about it - Business Insider ...,www.businessinsider.com,-0.074863,Neutral,BA,0.807885,-0.00819,Neutral
2024-05-08 09:29:50,Boeing 787 Program Chief Lauds Employee For Speaking Up On Quality Checks: 'Doing The Right Thing' - Boeing  ( NYSE:BA ) ,https://www.benzinga.com/news/24/05/38693252/boeing-787-program-chief-lauds-employee-for-speaking-up-on-quality-checks-doing-the-right-thing,"A Boeing Co BA executive has publicly acknowledged an employee who raised concerns about the 787 Dreamliner's quality checks. What Happened: Scott Stocker, the head of Boeing's 787 manufacturing program, praised the employee for his actions in an internal memo on Apr. 29, reported Business ...",www.benzinga.com,0.096506,Neutral,BA,0.803432,-0.016339,Neutral
2024-05-08 10:12:00,A Boeing 787 full of passengers was stranded in Canada's deep north after a burning smell forced an emergency landing,https://www.businessinsider.com/boeing-787-diverted-to-canadian-arctic-flight-canceled-to-rescue-them-2024-5,"Boeing 787 diverted to Canadian deep north, flight canceled to rescue them - Business Insider ...",www.businessinsider.com,-0.106151,Neutral,BA,0.380978,-0.127379,Neutral
2024-05-08 10:30:00,Ducommun Incorporated Reports First Quarter 2024 Results,https://www.globenewswire.com/news-release/2024/05/08/2877613/0/en/Ducommun-Incorporated-Reports-First-Quarter-2024-Results.html,"SANTA ANA, Calif., May 08, 2024 ( GLOBE NEWSWIRE ) -- Ducommun Incorporated ( NYSE: DCO ) ( ""Ducommun"" or the ""Company"" ) today reported results for its first quarter ended March 30, 2024. • Net revenue was $190.8 million, an increase of 5.3% over Q1 2023 • Net income of $6.8 million, or $0.46 ...",www.globenewswire.com,0.152922,Somewhat-Bullish,BA,0.014113,0.14497,Neutral
2024-05-08 11:43:44,How to Navigate an Extra-Busy Summer Travel Season,https://www.kiplinger.com/personal-finance/travel/how-to-navigate-an-extra-busy-summer-travel-season,"To help you understand what is going on in the travel sector, our highly experienced Kiplinger Letter team will keep you abreast of the latest developments and forecasts ( Get a free issue of The Kiplinger Letter or subscribe ) .",www.kiplinger.com,0.1431,Neutral,BA,0.04497,-0.135994,Neutral
2024-05-08 12:21:46,Boeing 767 cargo plane executes safe landing in Istanbul despite landing gear failure; no injuries reported,https://www.financialexpress.com/business/airlines-aviation-boeing-767-cargo-plane-executes-safe-landing-in-istanbul-despite-landing-gear-failure-no-injuries-reported-3481257/,Boeing 767 cargo plane executes safe landing in Istanbul despite landing gear failure. no injuries reported The Financial Express ...,www.financialexpress.com,-0.030905,Neutral,BA,0.431065,0.028445,Neutral
2024-05-08 12:34:13,"FedEx Airlines, Boeing-made plane forced to land in Istanbul without front wheels",https://www.foxbusiness.com/technology/fedex-airlines-boeing-made-plane-forced-land-istanbul-front-wheels,"A FedEx Airlines cargo plane was forced to land in Turkey without the use of its front landing gear on Wednesday morning, May 8, the Turkish transport ministry said.",www.foxbusiness.com,-0.131084,Neutral,BA,0.445569,0.047081,Neutral
2024-05-08 13:23:38,US Paused Israel's Weapons Shipment To Prevent Escalating Rafah Tensions: Report,https://www.benzinga.com/news/24/05/38701426/us-paused-israels-weapons-shipment-to-prevent-escalating-rafah-tensions-report,"The Biden administration reportedly put a hold on a weapons shipment to Israel, amid growing concerns over potential Israeli military action in the southern Gaza city of Rafah. What Happened: An unnamed senior administration revealed that the U.S. government suspended a shipment of weapons to ...",www.benzinga.com,-0.098098,Neutral,BA,0.115232,-0.186686,Somewhat-Bearish
2024-05-08 14:25:11,"Jet Airways resolution plan has become a joke, lenders tell Supreme Court",https://www.business-standard.com/companies/news/jet-airways-resolution-plan-has-become-a-joke-lenders-tell-supreme-court-124050801225_1.html,"Jet Airways lenders told the Supreme Court on Wednesday that the airline's resolution plan has 'become a joke'. ""From resolution, this has to go to dissolution. This thing has become a joke,"" senior advocate Harish Salve, appearing for the lenders, told the court.",www.business-standard.com,0.099659,Neutral,BA,0.107016,-0.059504,Neutral
2024-05-08 15:41:14,"Boeing Cargo Plane's Daring Gearless Landing In Istanbul, Investigation Underway - Boeing  ( NYSE:BA ) ",https://www.benzinga.com/news/large-cap/24/05/38706131/boeing-cargo-planes-daring-gearless-landing-in-istanbul-investigation-underway,"A Boeing Co BA cargo plane, operated by FedEx Corporation FDX, made an emergency landing at Istanbul airport without its front landing gear, marking the latest setback for the embattled planemaker. Turkish Transport Ministry official said there were no casualties and authorities had launched an ...",www.benzinga.com,0.058373,Neutral,BA,0.725935,-0.289575,Somewhat-Bearish
2024-05-08 16:39:11,Boeing's historic Starliner mission now expected to launch no sooner than May 17 after valve issue,https://www.cnn.com/2024/05/08/world/boeing-starliner-new-launch-date-scn/index.html,"Sign up for CNN's Wonder Theory science newsletter. Explore the universe with news on fascinating discoveries, scientific advancements and more. The long-awaited first crewed mission of Boeing's Starliner spacecraft will be delayed for more than a week after engineers identified an issue that ...",www.cnn.com,0.084819,Neutral,BA,0.053035,-0.023,Neutral
2024-05-08 17:31:14,The Best Airlines In 2024-According To J.D. Power,https://www.forbes.com/sites/brittanyanas/2024/05/08/the-best-airlines-in-2024-according-to-jd-power/,"What's the best airline in 2024? It depends on the cabin you fly. Delta Airlines comes in at top for both first-class travelers and those who fly in premium economy, according to J.D. Power's newest 2024 customer satisfaction survey that ranks North American airlines.",www.forbes.com,0.253913,Somewhat-Bullish,BA,0.064104,-0.012205,Neutral
2024-05-08 19:01:01,Market Whales and Their Recent Bets on LUV Options - Southwest Airlines  ( NYSE:LUV ) ,https://www.benzinga.com/insights/options/24/05/38710891/market-whales-and-their-recent-bets-on-luv-options,"Investors with a lot of money to spend have taken a bullish stance on Southwest Airlines LUV. We noticed this today when the trades showed up on publicly available options history that we track here at Benzinga. Whether these are institutions or just wealthy individuals, we don't know.",www.benzinga.com,0.174745,Somewhat-Bullish,BA,0.077845,0.049586,Neutral
2024-05-09 03:28:32,"After decades of decline, Air India is betting billions on a comeback",https://www.aljazeera.com/economy/2024/5/9/after-years-of-decline-air-india-is-betting-millions-on-a-comeback,CEO Campbell Wilson says journey to restoring Air India's reputation is 'well under way'. Air India was once so renowned for its service that Singapore's founding statesman Lee Kuan Yew used the airline as a blueprint for launching the city-state's own flag carrier in the early 1970s.,www.aljazeera.com,0.069647,Neutral,BA,0.110124,0.023977,Neutral
2024-05-09 08:00:00,Raiinmaker to make a splash on Yield App Angel Launchpad - Canada NewsWire,https://www.newswire.ca/news-releases/raiinmaker-to-make-a-splash-on-yield-app-angel-launchpad-875136207.html,Raiinmaker to make a splash on Yield App Angel Launchpad Canada ...,www.newswire.ca,0.506074,Bullish,BA,0.056275,0.315017,Somewhat-Bullish
2024-05-09 08:17:00,A whistleblower at Boeing's supplier said he 'almost grew a fear of flying' from working 12 years there,https://www.businessinsider.com/boeing-supplier-whistleblower-santiago-paredes-fear-of-flying-working-spirit-2024-5,Boeing supplier whistleblower 'almost grew a fear of flying' working there - Business Insider ...,www.businessinsider.com,-0.142709,Neutral,BA,0.326499,-0.120536,Neutral
2024-05-09 10:17:00,Video shows the scary moment a Boeing cargo plane skidded and threw up sparks when its landing gear failed to deploy properly,https://www.businessinsider.com/video-fedex-boeing-767-lands-without-front-landing-gear-2024-5,Video: FedEx Boeing 767 lands without front landing gear - Business Insider ...,www.businessinsider.com,-0.087799,Neutral,BA,0.371523,-0.067435,Neutral
2024-05-09 10:53:55,"Boeing 737 plane crashes off runway in Senegal, 10 injured: Report",https://www.financialexpress.com/world-news/boeing-737-plane-crashes-off-runway-in-senegal-10-injured-report/3482432/,"At least 10 people were injured after a Boeing 737 plane carrying 85 people skidded off the runway at the airport in Dakar, Senegal's capital, a statement from the country's transport minister said in a statement on Thursday, reports AP.",www.financialexpress.com,-0.138014,Neutral,BA,0.428632,-0.181113,Somewhat-Bearish
2024-05-09 10:57:49,Boeing cargo plane lands without front nose gear in Istanbul; investigation launched,https://www.cnbc.com/2024/05/09/boeing-cargo-plane-lands-without-front-nose-gear-in-istanbul-investigation-launched-.html,Boeing is in the midst of its latest safety and public relations crisis after a door plug blew out from one of its 737 Max 9 planes midair in early January.,www.cnbc.com,-0.05483,Neutral,BA,0.395012,-0.185515,Somewhat-Bearish
2024-05-09 11:27:00,"S&P 500, Nasdaq To Open Lower Today: What's Dragging Stock Futures? - Invesco QQQ Trust, Series 1  ( NASDAQ:QQQ ) , SPDR S&P 500  ( ARCA:SPY ) ",https://www.benzinga.com/news/earnings/24/05/38727392/wall-street-stares-at-weaker-open-on-rate-anxiety-hopes-for-better-earnings-analyst-pencils-key-s-p,Trading in U.S. index futures suggests stocks may be off to a lackluster start again on Thursday. Much of the negativity in the recent session was triggered by the lack of clarity on the Federal Reserve's rate trajectory. The spotlight is likely to be on another slew of earnings reports and a Fed ...,www.benzinga.com,0.019415,Neutral,BA,0.076724,0.09409,Neutral
2024-05-09 12:00:00,3 Vanguard ETFs That Have Outperformed the S&P 500 and Nasdaq Composite Over the Last Year,https://www.fool.com/investing/2024/05/09/3-vanguard-etf-outperform-sp-500-nasdaq-buy/,Vanguard ETFs are a low-cost way to achieve diversification and exposure to top stocks.,www.fool.com,0.380136,Bullish,BA,0.040078,0.128283,Neutral
2024-05-09 12:05:00,American Airlines is flying 70 World War II veterans to France for the 80th anniversary of the D-Day landings,https://www.businessinsider.com/ww2-veterans-d-day-american-airlines-memorial-day-normandy-2024-5,American Airlines to fly 70 WW2 veterans to commemorate D-Day - Business Insider ...,www.businessinsider.com,0.304996,Somewhat-Bullish,BA,0.150592,0.055763,Neutral
2024-05-09 13:04:05,"Boeing 737 catches fire, skids off runway in Senegal; 10 people injured",https://www.business-standard.com/world-news/boeing-737-catches-fire-skids-off-runway-in-senegal-10-people-injured-124050901004_1.html,"Boeing 737 catches fire, skids off runway in Senegal. 10 people injured Business Standard ...",www.business-standard.com,-0.175416,Somewhat-Bearish,BA,0.338582,-0.112896,Neutral
2024-05-09 13:10:00,What's in Store for Copa Holdings  ( CPA )  in Q1 Earnings?,https://www.zacks.com/stock/news/2271313/whats-in-store-for-copa-holdings-cpa-in-q1-earnings,Passenger revenues in first-quarter 2024 are likely to have been low at Copa Holdings (CPA) due to the temporary grounding of Boeing 737 MAX 9 planes.,www.zacks.com,0.069328,Neutral,BA,0.068112,-0.131838,Neutral
2024-05-09 13:15:06,"One More Day, One More Boeing Incident - Senegal Crash Adds to Troubles - Boeing  ( NYSE:BA ) ",https://www.benzinga.com/news/24/05/38731763/one-more-day-one-more-boeing-incident-senegal-crash-adds-to-troubles,"Boeing Co ( NYSE: BA ) continues to face challenges as a Boeing 737-300 aircraft crashed during takeoff at Senegal's main airport on Thursday. Air Sénégal flight HC301, operated by Transair with 78 passengers, skidded off a runway before takeoff, injuring 11 people and bringing the facility ...",www.benzinga.com,-0.112627,Neutral,BA,0.894071,-0.379602,Bearish
2024-05-09 13:18:00,"Boeing 737 catches fire and skids off the runway at a Senegal airport, injuring 10 people",https://apnews.com/article/senegal-dakar-plane-crash-boeing-ca40060696eaedfb69324d9110a55c60,"DAKAR, Senegal ( AP ) - A Boeing 737-300 plane carrying 85 people skidded off a runway at the airport in Senegal's capital, injuring 10 people, according to the transport minister, an airline safety group and footage from a passenger that showed the aircraft on fire.",apnews.com,-0.189278,Somewhat-Bearish,BA,0.70655,-0.376212,Bearish
2024-05-09 13:30:00,"QuoteMedia Expands Collaboration with Cboe to Offer Comprehensive, Real-Time Canadian Equities Market Data",https://www.benzinga.com/pressreleases/24/05/g38732326/quotemedia-expands-collaboration-with-cboe-to-offer-comprehensive-real-time-canadian-equities-mark,"PHOENIX, May 09, 2024 ( GLOBE NEWSWIRE ) -- QuoteMedia, a leading financial market data and financial technology solutions provider, continues to expand their global data offerings by adding support for the Cboe One Canada Feed, a real-time Canadian equities market data solution offered by Cboe ...",www.benzinga.com,0.375056,Bullish,BA,0.062926,0.148111,Neutral
2024-05-09 13:52:00,Why these Brazilian airplanes loved by passengers are conquering short-haul flying,https://www.cnn.com/embraer-airplanes-boeing-history/index.html,"One man's loss is another man's gain, goes the saying - and as Boeing seems caught in a spiral of bad news, one aircraft manufacturer is quietly powering ahead.",www.cnn.com,0.126767,Neutral,BA,0.296633,0.097768,Neutral
2024-05-09 14:20:58,"Boeing 737: Plane skids off runway in Senegal, tyre bursts in Turkey",https://www.aljazeera.com/news/2024/5/9/boeing-737-plane-skids-off-runway-in-senegal-tyre-bursts-in-turkey,"Accidents involving Air Senegal, Corendon Airlines come as aircraft manufacturer in crisis over its poor safety record. Two Boeing 737 passenger planes have been involved in accidents in Senegal and Turkey on takeoff and landing, raising further questions about the aircraft manufacturer's safety ...",www.aljazeera.com,-0.20009,Somewhat-Bearish,BA,0.587962,-0.132742,Neutral
2024-05-09 17:54:24,"Boeing jet skids off runway, injuring at least 10",https://www.foxbusiness.com/lifestyle/boeing-jet-skids-off-runway-injuring-at-least-10,"A Boeing 737 skidded off a runway at an airport in Senegal's capital, injuring at least 11 people and grounding all operations while crew assisted with an evacuation of the aircraft.",www.foxbusiness.com,-0.12252,Neutral,BA,0.459624,-0.257692,Somewhat-Bearish
2024-05-09 18:12:05,"Boeing Quality Issue Delays Alaska Airlines' Converted Freighters - Alaska Air Gr  ( NYSE:ALK ) , Boeing  ( NYSE:BA ) ",https://www.benzinga.com/news/24/05/38726420/boeing-quality-issue-delays-alaska-airlines-converted-freighters,"The service is designed to streamline Alaska's supply chain since many of the groceries, household goods and medicine shipped into the state come from Southern California. It is the first time Alaska Airlines' freighters have flown beyond Alaska and Seattle.",www.benzinga.com,0.004733,Neutral,BA,0.330433,-0.080846,Neutral
2024-05-09 18:32:44,A Closer Look at Boeing's Options Market Dynamics - Boeing  ( NYSE:BA ) ,https://www.benzinga.com/insights/options/24/05/38741330/a-closer-look-at-boeings-options-market-dynamics,"Whales with a lot of money to spend have taken a noticeably bearish stance on Boeing. Looking at options history for Boeing BA we detected 95 trades. If we consider the specifics of each trade, it is accurate to state that 24% of the investors opened trades with bullish expectations and 62% with ...",www.benzinga.com,0.196809,Somewhat-Bullish,BA,0.767792,0.320702,Somewhat-Bullish
2024-05-09 18:51:35,Why AerSale Stock Is Volatile Today,https://www.fool.com/investing/2024/05/09/why-aersale-stock-is-volatile-today/,"Investors liked the results, but questions remain about a promising new product line.",www.fool.com,0.275991,Somewhat-Bullish,BA,0.090134,0.246862,Somewhat-Bullish
2024-05-09 21:34:00,"Senate passes bill improving air safety and service for travelers, a day before FAA law expires",https://apnews.com/article/airline-safety-flight-refunds-faa-deadline-b67530d5342c8203490e2a22ba7e2243,Senate scrambles to pass bill improving air safety and service for travelers as deadline nears The Associated Press ...,apnews.com,0.043623,Neutral,BA,0.042346,-0.047933,Neutral
2024-05-09 21:43:00,"How Google founders Larry Page and Sergey Brin built their combined $257 billion net worth, and how they spend it",https://www.businessinsider.com/google-founders,"Google founders' net worth: How Larry Page, Sergey Brin spend fortune - Business Insider ...",www.businessinsider.com,0.11641,Neutral,BA,0.030759,0.0,Neutral
2024-05-10 01:51:00,SEC to investigate Boeing over statements on safety practices: report,https://www.foxbusiness.com/markets/sec-investigate-boeing-over-statements-safety-practices-report,"The U.S. Securities and Exchange Commission ( SEC ) has opened an investigation into Arlington, Virginia-based Boeing Co. for statements the company made regarding safety practices, following an incident where a panel blew off an Alaska Airlines 737 Max 9 16,000 feet above Oregon in January.",www.foxbusiness.com,-0.100264,Neutral,BA,0.793786,-0.15601,Somewhat-Bearish
2024-05-10 02:57:16,US SEC investigates Boeing's safety claims after panel blew off plane,https://www.business-standard.com/world-news/us-sec-investigates-boeing-s-safety-claims-after-panel-blew-off-plane-124051000091_1.html,The US Securities and Exchange Commission is scrutinising statements that Boeing Co. made about its safety practices following a near-tragic January accident aboard one of its 737 Max 9 planes.,www.business-standard.com,-0.15837,Somewhat-Bearish,BA,0.541149,-0.141249,Neutral
2024-05-10 04:39:10,US President Biden concerned over Boeing locking out its firefighters,https://www.business-standard.com/world-news/us-president-biden-concerned-over-boeing-locking-out-its-firefighters-124051000210_1.html,"US President Joe Biden said he is concerned that Boeing has locked out its unionized firefighters, raising pressure on the US planemaker to resolve the contract dispute. ( Photo: PTI )",www.business-standard.com,0.126922,Neutral,BA,0.625544,0.077499,Neutral
2024-05-10 04:40:00,Air Vanuatu files for bankruptcy protection after canceling all international flights,https://apnews.com/article/air-vanuatu-bankruptcy-airline-19eb3c2d31169d97a2779c22dda31061,"MELBOURNE, Australia ( AP ) - Air Vanuatu filed for bankruptcy protection on Friday a day after the South Pacific state-owned carrier cancelled all international flights, stranding thousands of travelers.",apnews.com,0.073558,Neutral,BA,0.079656,0.0,Neutral
2024-05-10 05:39:27,Air Vanuatu files for bankruptcy after cancelling all international flights,https://www.business-standard.com/world-news/air-vanuatu-files-for-bankruptcy-after-cancelling-all-international-flights-124051000248_1.html,"Air Vanuatu filed for bankruptcy protection on Friday a day after the South Pacific state-owned carrier cancelled all international flights, stranding thousands of travellers.",www.business-standard.com,0.071206,Neutral,BA,0.080458,0.0,Neutral
2024-05-10 08:33:00,Former passenger jets bought by US firm tasked with creating next generation nuclear 'Doomsday' planes,https://www.cnn.com/2024/05/10/travel/korean-air-747-us-air-force-nuclear-doomsday-planes-intl-hnk-ml,Former passenger jets bought by US firm tasked with creating next generation of nuclear 'Doomsday' planes ...,www.cnn.com,-0.126925,Neutral,BA,0.166169,-0.052607,Neutral
2024-05-10 09:36:00,Former passenger jets bought by US firm tasked with creating next generation nuclear 'Doomsday' planes,https://www.cnn.com/2024/05/10/travel/korean-air-747-us-air-force-nuclear-doomsday-planes-intl-hnk-ml/index.html,That economy-class seat you once occupied while flying in Asia might one day be the very place from where the United States nuclear weapons arsenal is controlled.,www.cnn.com,-0.126925,Neutral,BA,0.166169,-0.052607,Neutral
2024-05-10 10:38:00,"5 things to know for May 10: Gaza, Stormy Daniels, Health care cyberattack, Plane safety, Ukraine",https://www.cnn.com/2024/05/10/us/5-things-to-know-for-may-10-gaza-stormy-daniels-health-care-cyberattack-plane-safety-ukraine/index.html,"Relentless rainfall in Brazil has submerged entire neighborhoods and an airport runway, with more floods likely in the coming days. The severe weather has also downed most communications as crews search for more than 100 missing people. Here's what else you need to know to Get Up to Speed and On ...",www.cnn.com,-0.04612,Neutral,BA,0.035929,-0.189862,Somewhat-Bearish
2024-05-10 10:50:00,The boss of one of Boeing's biggest customers highlighted the tug-of-war between the planemaker's 2 top priorities: speed and safety,https://www.businessinsider.com/emirates-ceo-tells-boeing-get-your-act-together-2024-5,Emirates CEO tells Boeing: 'get your act together' - Business Insider ...,www.businessinsider.com,-0.019309,Neutral,BA,0.689912,-0.007651,Neutral
2024-05-10 11:15:23,10 African countries that have the highest number of airlines in 2024,https://africa.businessinsider.com/local/lifestyle/10-african-countries-that-have-the-highest-number-of-airlines-in-2024/502sn7s,"10 African countries that have the highest number of airlines in 2024 With vast distances between countries and cities, coupled with limited road and rail infrastructure, and challenging terrain, airlines have proliferated the mobility sector in Africa.",africa.businessinsider.com,0.262064,Somewhat-Bullish,BA,0.115787,0.125035,Neutral
2024-05-10 13:00:16,The Boeing Company  ( BA )  is Attracting Investor Attention: Here is What You Should Know,https://www.zacks.com/stock/news/2272026/the-boeing-company-ba-is-attracting-investor-attention-here-is-what-you-should-know,"Boeing (BA) has been one of the stocks most watched by Zacks.com users lately. So, it is worth exploring what lies ahead for the stock.",www.zacks.com,0.250835,Somewhat-Bullish,BA,0.526867,0.16337,Somewhat-Bullish
2024-05-10 14:00:00,New Edmonton Training Centre and Flight Simulator Improving Access and Increasing Aviation Safety,https://www.newswire.ca/news-releases/new-edmonton-training-centre-and-flight-simulator-improving-access-and-increasing-aviation-safety-808570807.html,"KANATA, ON, May 10, 2024 /CNW/ - Canadian North proudly announces a significant stride in advancing pilot training in Canada. A state-of-the-art Boeing 737NG Full-Flight Simulator ( FFS ) will begin operations in August 2024 at our new training centre in Edmonton, Alberta.",www.newswire.ca,0.309905,Somewhat-Bullish,BA,0.277433,0.282437,Somewhat-Bullish
2024-05-10 15:14:00,5 Stocks Driving Dow's Market-Beating Performance,https://www.zacks.com/stock/news/2272307/5-stocks-driving-dows-market-beating-performance,Dow Jones outperforms at the start of May as the market rally broadens and reconstruction of the index finally pays off.,www.zacks.com,0.272941,Somewhat-Bullish,BA,0.227007,0.236177,Somewhat-Bullish
2024-05-10 17:12:57,NTSB to Deliver Findings on FedEx-Southwest Near Miss - FedEx  ( NYSE:FDX ) ,https://www.benzinga.com/news/24/05/38744661/ntsb-to-deliver-findings-on-fedex-southwest-near-miss,"The announcement came shortly after the agency sent a team of experts to Istanbul, Turkey to investigate an emergency landing Wednesday by a FedEx FDX Boeing 767-300 freighter when its front landing gear failed to deploy.",www.benzinga.com,-0.147834,Neutral,BA,0.205807,-0.121657,Neutral
2024-05-10 18:08:11,"Ford Announces Plan To Have A New CFO, One Of The Big Auto Jobs",https://www.forbes.com/sites/billkoenig/2024/05/10/ford-announces-plan-to-have-a-new-cfo-one-of-the-big-auto-jobs/,"Ford Motor Co. said Friday it intends to have a new chief financial officer in early 2025. The automaker's current CFO, John Lawler, is adding the additional title of vice chair ""to help lead on future strategy choices,"" the Dearborn, Michigan-based company said in an announcement today.",www.forbes.com,0.052599,Neutral,BA,0.085936,0.080798,Neutral
2024-05-10 19:38:00,Earnings Gaps Make Managing Risk Harder. These Strategies Can Help.,https://www.investors.com/research/swing-trading/toast-stock-earnings-strategies/,Toast Stock Set Up Before Earnings. Here Were Two Ways To Enter. Investor's Business Daily ...,www.investors.com,0.067036,Neutral,BA,0.122894,0.220592,Somewhat-Bullish
2024-05-11 08:00:00,"The land of underground treasures up to 12,000 years old",https://www.cnn.com/travel/travel-news-turkey-underground-treasures/index.html,"Editor's Note: Sign up for Unlocking the World, CNN Travel's weekly newsletter. Get the latest news in aviation, food and drink, where to stay and other travel developments. In travel news this week: nude weddings in Italy, why North Americans are so unhappy with air travel and the incredible ...",www.cnn.com,-0.050513,Neutral,BA,0.064104,-0.224458,Somewhat-Bearish
2024-05-11 09:58:37,"Play's New CEO On Iceland, Wow And The Upside Of The Boeing Crisis",https://www.forbes.com/sites/marisagarcia/2024/05/11/plays-new-ceo-on-iceland-wow--the-upside-of-the-boeing-crisis/,"I recently spoke with Einar Örn Ólafsson, the new CEO of Iceland's PLAY Airlines, its largest shareholder and chairman since April 2021, who took the reins just over a month ago.",www.forbes.com,0.243022,Somewhat-Bullish,BA,0.093653,0.097817,Neutral
2024-05-11 11:30:00,Dozens of professors among those arrested in campus protests,https://www.cnn.com/2024/05/11/us/professors-campus-arrests-invs/index.html,"As police cracked down on anti-war protests on college campuses across the US in recent weeks, among those arrested were a pair of silver-haired 65-year-old professors armed only with their cell phones.",www.cnn.com,-0.15834,Somewhat-Bearish,BA,0.017664,-0.072288,Neutral
2024-05-11 16:27:27,Sky-High Benefits: Emirates and Tap Payments Set to Transform SME Travel with Exclusive Rewards Partnership,https://markets.businessinsider.com/news/stocks/sky-high-benefits-emirates-and-tap-payments-set-to-transform-sme-travel-with-exclusive-rewards-partnership-1033365162,"Emirates and Tap Payments have signed a Memorandum of Understanding ( MoU ) on the sidelines of the Arabian Travel Market in Dubai, ushering in a new era of convenience, savings, and growth opportunities for small and medium-sized enterprises ( SMEs ) in the MENA region. • The strategic ...",markets.businessinsider.com,0.505934,Bullish,BA,0.067727,0.222017,Somewhat-Bullish
2024-05-12 18:36:00,Maybe This Should Be the Next Defense Company to IPO,https://www.fool.com/investing/2024/05/12/this-should-be-the-next-defense-company-to-ipo/,Sierra Nevada plans to IPO its space business. Should it IPO its defense business as well?,www.fool.com,0.204808,Somewhat-Bullish,BA,0.500753,0.23467,Somewhat-Bullish
2024-05-13 02:29:22,"Sugar in cereals, pesticides in spices; why we struggle to keep food safeBa",https://www.business-standard.com/india-news/sugar-in-cereals-pesticides-in-spices-why-we-struggle-to-keep-food-safe-124051300074_1.html,"Sugar in cereals, pesticides in spices. why we struggle to keep food safeBa Business Standard ...",www.business-standard.com,-0.156549,Somewhat-Bearish,BA,0.03798,-0.043448,Neutral
2024-05-13 04:47:00,Apple staff could go on strike at the first US store to unionize,https://www.businessinsider.com/apple-store-strike-authorization-vote-unionization-pay-scheduling-maryland-employees-2024-5,Apple workers at a Maryland store could strike over working conditions - Business Insider ...,www.businessinsider.com,-0.125577,Neutral,BA,0.093289,0.0,Neutral
2024-05-13 07:53:00,"Google Glass: A history of the discontinued smart glasses, what they did, why they failed",https://www.businessinsider.com/google-glass,"Google Glass: Smart Glasses' History, What They Did, Why They Failed - Business Insider ...",www.businessinsider.com,0.058268,Neutral,BA,0.048327,-0.065806,Neutral
2024-05-13 09:20:00,"Cyber Security Market size is set to grow by USD 203.5 bn from 2023-2027, increase in use of mobile devices to boost ... - PR Newswire",https://www.prnewswire.com/news-releases/cyber-security-market-size-is-set-to-grow-by-usd-203-5-bn-from-2023-2027--increase-in-use-of-mobile-devices-to-boost-the-market-growth-technavio-302142350.html,"Cyber Security Market size is set to grow by USD 203.5 bn from 2023-2027, increase in use of mobile devices to boost ... PR ...",www.prnewswire.com,0.220555,Somewhat-Bullish,BA,0.060848,0.0,Neutral
2024-05-13 11:00:28,3 Stocks to Sell That Even r/WallStreetBets Won't Touch,https://markets.businessinsider.com/news/stocks/3-stocks-to-sell-that-even-r-wallstreetbets-wont-touch-1033369985,"While it's not dominating the news cycle like it did during the meme stock craze of 2021, the Reddit ( NYSE:RDDT ) message board r/WallStreetBets is still going strong. The sub-Reddit is still a main gathering place for retail investors to discuss, debate and dissect stocks and share ideas.",markets.businessinsider.com,-0.021816,Neutral,BA,0.295273,0.085183,Neutral
2024-05-13 11:36:00,"The Zacks Analyst Blog Highlights Amgen, Amazon.com, Apple, Boeing and Goldman Sachs",https://www.zacks.com/stock/news/2272562/the-zacks-analyst-blog-highlights-amgen-amazoncom-apple-boeing-and-goldman-sachs,"Amgen, Amazon.com, Apple, Boeing and Goldman Sachs are included in this Analyst Blog.",www.zacks.com,0.266064,Somewhat-Bullish,BA,0.249873,0.189428,Somewhat-Bullish
2024-05-13 11:51:00,"Lufthansa's boss called delays to Boeing deliveries 'extremely annoying,' and it further highlights a growing dilemma for the aviation giant",https://www.businessinsider.com/lufthansa-ceo-calls-boeing-delivery-delays-extremely-annoying-2024-5,Lufthansa CEO calls Boeing delivery delays 'extremely annoying' - Business Insider ...,www.businessinsider.com,0.03422,Neutral,BA,0.861079,0.100824,Neutral
2024-05-13 12:00:00,Best Inverse/Leveraged ETFs of Last Week,https://www.zacks.com/stock/news/2272571/best-inverseleveraged-etfs-of-last-week,"Wall Street was upbeat last week. Notably, on Friday, the Dow secured its eighth consecutive session of gains.",www.zacks.com,0.281388,Somewhat-Bullish,BA,0.105604,0.035499,Neutral
2024-05-13 12:30:12,Opinion | EU will lose more than it gains by raising tariffs on Chinese EVs,https://www.scmp.com/opinion/world-opinion/article/3262436/eu-will-lose-more-it-gains-raising-tariffs-chinese-evs,"If the European Union moves forward with tariffs on Chinese electric cars, it could prompt Beijing to retaliate against Europe's aviation and agricultural sectors. Instead of undermining world trade, the EU should talk to China to find solutions acceptable to both parties ...",www.scmp.com,-0.014555,Neutral,BA,0.043264,0.155426,Somewhat-Bullish
2024-05-13 12:59:19,Disrupting A Narrowbody Aircraft Stalemate?,https://www.forbes.com/sites/jerroldlundquist/2024/05/13/disrupting-a-narrowbody-aircraft-stalemate/,"At the beginning of this month, the Wall Street Journal reported that Embraer was considering developing an aircraft model that could potentially compete with Boeing and Airbus in the large commercial aircraft segment.",www.forbes.com,0.084059,Neutral,BA,0.338582,0.115402,Neutral
2024-05-13 13:00:00,WITRICITY ANNOUNCES JOE BENZ AS CEO - PR Newswire,https://www.prnewswire.com/news-releases/witricity-announces-joe-benz-as-ceo-302143150.html,WITRICITY ANNOUNCES JOE BENZ AS CEO PR ...,www.prnewswire.com,0.342628,Somewhat-Bullish,BA,0.051663,0.130475,Neutral
2024-05-13 14:00:13,Exclusive | In for the long haul: China starts designing new C939 jet after C919's success,https://www.scmp.com/economy/china-economy/article/3262476/china-begins-work-new-c939-widebody-jet-going-bigger-and-bolder-after-c919s-success,"With its narrowbody C919 flying regular routes and orders pouring in, China has already started design work on the next generation of its domestically produced commercial aircraft - the C939.",www.scmp.com,0.079825,Neutral,BA,0.188683,0.151422,Somewhat-Bullish
2024-05-13 15:00:00,The WestJet Group boosts Calgary's global connectivity through enhanced Winter 787 Schedule,https://www.newswire.ca/news-releases/the-westjet-group-boosts-calgary-s-global-connectivity-through-enhanced-winter-787-schedule-833398181.html,"Airline expands connections to Asia with introduction of year-round service to Tokyo 787 Dreamliners provide access to more leisure and sun destinations with enhanced service to London, Paris, Mexico and Hawaii",www.newswire.ca,0.242845,Somewhat-Bullish,BA,0.059636,0.203038,Somewhat-Bullish
2024-05-13 17:22:49,"Aloha Air Cargo to Cease Los Angeles-Honolulu Freighter Service - FedEx  ( NYSE:FDX ) , Delta Air Lines  ( NYSE:DAL ) ",https://www.benzinga.com/news/24/05/38779332/aloha-air-cargo-to-cease-los-angeles-honolulu-freighter-service,"The route is marketed by Aloha, which signs customers and accepts bookings, but sister airline Northern Air Cargo flies a Boeing 767 for Aloha on a charter basis. Aloha operates the route five days a week.",www.benzinga.com,-0.004716,Neutral,BA,0.277433,0.044135,Neutral
2024-05-13 19:35:13,"ABX Pilots Win Back Amazon Business with Power of Positivity - Air Transport Services Gr  ( NASDAQ:ATSG ) , Amazon.com  ( NASDAQ:AMZN ) ",https://www.benzinga.com/news/earnings/24/05/38792086/abx-pilots-win-back-amazon-business-with-power-of-positivity,"Amazon's assignment of planes to ABX Air was also made possible by union leaders' more collaborative approach to jointly growing business after a history of tensions and a shortage of captains at sister airline Air Transport International, they said.",www.benzinga.com,0.187247,Somewhat-Bullish,BA,0.032207,0.083631,Neutral
2024-05-13 22:12:10,US university ties to weapons contractors under scrutiny amid war in Gaza,https://www.aljazeera.com/news/2024/5/13/usuniversity-ties-to-weapons-contractors-under-scrutiny-amid-war-in-gaza,"Activists are calling attention to historical ties between universities and defence contractors linked to Israel's war. Los Angeles, California - As the war in Gaza enters its eighth month, Israel's military campaign, one of the most destructive in modern history, has killed nearly 35,000 ...",www.aljazeera.com,-0.043891,Neutral,BA,0.026213,-0.058865,Neutral
2024-05-13 22:21:21,"As 'Roaring Kitty' Returns, Here Are 3 ETFs To Leverage The 2024 Meme Stock Wave - Apple  ( NASDAQ:AAPL ) , AMC Enter Hldgs  ( NYSE:AMC ) ",https://www.benzinga.com/markets/cryptocurrency/24/05/38804015/as-roaring-kitty-returns-here-are-3-etfs-to-leverage-the-2024-meme-stock-wave,"Meme stocks have once again captured the spotlight in the financial market following the return of Keith Gill - known widely as ""Roaring Kitty""- to social media after a three-year hiatus. For those unfamiliar, Gill is a pivotal figure in the meme stock phenomenon that took the financial world by ...",www.benzinga.com,0.174284,Somewhat-Bullish,BA,0.122581,0.175342,Somewhat-Bullish
2024-05-14 01:17:00,Ghost Shark and Manta Ray: Australia and US unveil undersea drones | Business,https://www.cnn.com/2024/05/13/tech/australia-us-undersea-drones-ml-hnk-intl/index.html,Ghost Shark and Manta Ray: Australia and US unveil undersea drones ...,www.cnn.com,-0.046057,Neutral,BA,0.03463,0.086448,Neutral
2024-05-14 04:12:46,"US lawmakers protest Boeing's firefighter lockout, urge firm to reach deal",https://www.business-standard.com/world-news/us-lawmakers-protest-boeing-s-firefighter-lockout-urges-firm-to-reach-deal-124051400183_1.html,Union leaders and US lawmakers on Monday criticised Boeing's lockout of its unionised firefighters and urged the planemaker to reach a contract deal.,www.business-standard.com,0.221365,Somewhat-Bullish,BA,0.807885,0.478655,Bullish
2024-05-14 06:00:00,"Summer Travel Preview: Flight, Gas, Hotel Prices and More",https://www.barrons.com/amp/articles/summer-travel-flights-gas-prices-ebb07fec,"With the unofficial start of summer about to kick off this month, you're probably wondering what to expect as you hop on a plane or head off for that epic road trip. AAA is already forecasting the biggest Memorial Day travel weekend since 2004 this year, estimating that nearly 44 million people ...",www.barrons.com,-0.043109,Neutral,BA,0.092748,-0.039053,Neutral
2024-05-14 11:00:00,The Hershey Company Ranks No.1 on Fair360's 2024 Top 50 Companies List - PR Newswire,https://www.prnewswire.com/news-releases/the-hershey-company-ranks-no1-on-fair360s-2024-top-50-companies-list-302144184.html,The Hershey Company Ranks No.1 on Fair360's 2024 Top 50 Companies List PR ...,www.prnewswire.com,0.409176,Bullish,BA,0.080728,0.094654,Neutral
2024-05-14 11:56:00,"Emirates, the powerhouse Middle Eastern airline, is giving staff a bonus of 20 weeks' pay after a blockbuster year",https://www.businessinsider.com/emirates-to-pay-out-20-weeks-bonus-after-record-profits-2024-5,Emirates to pay out 20 weeks' bonus after record profits - Business Insider ...,www.businessinsider.com,0.293223,Somewhat-Bullish,BA,0.209365,0.167916,Somewhat-Bullish
2024-05-14 12:00:00,Razorleaf Wins Boeing Contract for C-17 Aircraft PLM Software Upgrade,https://www.benzinga.com/pressreleases/24/05/n38813595/razorleaf-wins-boeing-contract-for-c-17-aircraft-plm-software-upgrade,Five-month IT project will migrate digital maintenance and training to a 3DEXPERIENCE platform,www.benzinga.com,0.412562,Bullish,BA,0.258351,0.231666,Somewhat-Bullish
2024-05-14 12:15:19,"Boeing's jets turn 70: A timeline of highs, lows and turbulence",https://www.aljazeera.com/news/2024/5/14/boeings-jets-turn-70-a-timeline-of-highs-lows-and-turbulence,"Boeing, founded in 1916, has experienced good times and bad during its more than 100 years in the air.",www.aljazeera.com,-0.138271,Neutral,BA,0.703951,-0.317244,Somewhat-Bearish
2024-05-14 13:38:00,The Hershey Company Ranks No.1 on Fair360's 2024 Top 50 Companies List - PR Newswire,https://www.prnewswire.com/news-releases/the-hershey-company-ranks-no1-on-fair360s-2024-top-50-companies-list-302144978.html,The Hershey Company Ranks No.1 on Fair360's 2024 Top 50 Companies List PR ...,www.prnewswire.com,0.381846,Bullish,BA,0.075635,0.092944,Neutral
2024-05-14 15:02:50,139K Reasons To Be Bullish On Alaska Air Gr Stock - Alaska Air Gr  ( NYSE:ALK ) ,https://www.benzinga.com/insights/news/24/05/38820022/139k-reasons-to-be-bullish-on-alaska-air-gr-stock,"KEVIN DANIEL ELWELL, Board Member at Alaska Air Gr ALK, disclosed an insider purchase on May 13, based on a new SEC filing. What Happened: ELWELL's recent move, as outlined in a Form 4 filing with the U.S.",www.benzinga.com,0.231183,Somewhat-Bullish,BA,0.056143,0.019951,Neutral
2024-05-14 15:02:55,Insider Confidence On Display: Kathleen Hogan Acquires $139K In Alaska Air Gr Stock - Alaska Air Gr  ( NYSE:ALK ) ,https://www.benzinga.com/insights/news/24/05/38820025/insider-confidence-on-display-kathleen-hogan-acquires-139k-in-alaska-air-gr-stock,"Kathleen Hogan, Director at Alaska Air Gr ALK, reported an insider buy on May 13, according to a new SEC filing. What Happened: Hogan demonstrated confidence in Alaska Air Gr by purchasing 3,191 shares, as reported in a Form 4 filing with the U.S. Securities and Exchange Commission on Monday.",www.benzinga.com,0.245343,Somewhat-Bullish,BA,0.05234,0.019855,Neutral
2024-05-14 15:03:00,ROCHELLE ADRIENNE LOFTON Boosts Confidence With $139K Purchase Of Alaska Air Gr Stock - Alaska Air Gr  ( NYSE:ALK ) ,https://www.benzinga.com/insights/news/24/05/38820029/rochelle-adrienne-lofton-boosts-confidence-with-139k-purchase-of-alaska-air-gr-stock,"Disclosed in the latest SEC filing, a significant insider purchase on May 13, involves ROCHELLE ADRIENNE LOFTON, Director at Alaska Air Gr ALK. What Happened: LOFTON's recent purchase of 3,191 shares of Alaska Air Gr, disclosed in a Form 4 filing with the U.S.",www.benzinga.com,0.226981,Somewhat-Bullish,BA,0.05257,0.019863,Neutral
2024-05-14 15:03:10,Alaska Air Gr Director Trades Company's Stock - Alaska Air Gr  ( NYSE:ALK ) ,https://www.benzinga.com/insights/news/24/05/38820041/alaska-air-gr-director-trades-companys-stock,"A notable insider purchase on May 13, was reported by KAY HELVI SANDVIK, Director at Alaska Air Gr ALK, based on the most recent SEC filing. What Happened: A Form 4 filing with the U.S. Securities and Exchange Commission on Monday unveiled that SANDVIK made a notable purchase of 3,191 shares of ...",www.benzinga.com,0.217789,Somewhat-Bullish,BA,0.055364,0.019935,Neutral
2024-05-14 15:03:15,Alaska Air Gr Recent Insider Activity - Alaska Air Gr  ( NYSE:ALK ) ,https://www.benzinga.com/insights/news/24/05/38820045/alaska-air-gr-recent-insider-activity,"A new SEC filing reveals that KENNETH THOMPSON, Board Member at Alaska Air Gr ALK, made a notable insider purchase on May 13,. What Happened: In a significant move reported in a Form 4 filing with the U.S.",www.benzinga.com,0.216033,Somewhat-Bullish,BA,0.05234,0.019855,Neutral
2024-05-14 15:03:21,ERIC YEAMAN Boosts Confidence With $139K Purchase Of Alaska Air Gr Stock - Alaska Air Gr  ( NYSE:ALK ) ,https://www.benzinga.com/insights/news/24/05/38820049/eric-yeaman-boosts-confidence-with-139k-purchase-of-alaska-air-gr-stock,"It was revealed in a recent SEC filing that ERIC YEAMAN, Director at Alaska Air Gr ALK made a noteworthy insider purchase on May 13,. What Happened: YEAMAN's recent move, as outlined in a Form 4 filing with the U.S.",www.benzinga.com,0.227231,Somewhat-Bullish,BA,0.05339,0.019887,Neutral
2024-05-14 17:00:00,4 Best ETF Areas of Last Week,https://www.zacks.com/stock/news/2273728/4-best-etf-areas-of-last-week,"Wall Street was upbeat last week with the S&P 500 adding 1.9%, the Dow Jones advancing 2.2% and the Nasdaq Composite gained 1.1%.",www.zacks.com,0.286395,Somewhat-Bullish,BA,0.122581,0.040957,Neutral
2024-05-14 17:04:52,Boeing's Commercial Plane Deliveries Decline In April In The Wake Of Manufacturing Adjustments - Boeing  ( NYSE:BA ) ,https://www.benzinga.com/markets/equities/24/05/38823654/boeings-commercial-plane-deliveries-decline-in-april-in-the-wake-of-manufacturing-adjustments,"Boeing Inc. BA reported a decrease in April commercial airplane deliveries amid ongoing efforts to enhance production of its 737 MAX. Boeing handed over 24 commercial airplanes in April, down from 26 a year ago.",www.benzinga.com,0.062231,Neutral,BA,0.786325,-0.020311,Neutral
2024-05-14 22:33:00,Justice Department says Boeing breached 2021 agreement that shielded it from criminal charges over 737 Max crashes,https://www.cnbc.com/2024/05/14/justice-department-says-boeing-breached-2021-agreement-that-shielded-it-from-criminal-charges-over-737-max-crashes.html,The Justice Department said Boeing violated a 2021 deferred prosecution agreement that protected it from criminal charges over the two fatal 737 Max crashes.,www.cnbc.com,-0.154932,Somewhat-Bearish,BA,0.703273,-0.219594,Somewhat-Bearish
2024-05-14 23:15:00,Justice Department says Boeing violated deal that avoided prosecution after 737 Max crashes,https://apnews.com/article/boeing-justice-department-737-max-82145b25ed988cd8cae0bce3de79ce9d,"WASHINGTON ( AP ) - Boeing has violated a settlement that allowed the company to avoid criminal prosecution after two deadly crashes involving its 737 Max aircraft more than five years ago, the Justice Department told a federal judge on Tuesday.",apnews.com,-0.200129,Somewhat-Bearish,BA,0.849174,-0.275727,Somewhat-Bearish
2024-05-14 23:17:03,"Boeing may be prosecuted after breaking safety agreement that prevented criminal charges for 737 crashes, US DOJ says | Business",https://www.cnn.com/2024/05/14/business/boeing-justice-department-criminal-prosecution/index.html,"Boeing may be prosecuted after breaking safety agreement that prevented criminal charges for 737 crashes, US DOJ says ...",www.cnn.com,0.020347,Neutral,BA,0.645887,0.073217,Neutral
2024-05-14 23:19:34,"Boeing Violated Agreement Protecting It From Criminal Charges Over 737 Max Crashes, Justice Department Says",https://www.forbes.com/sites/antoniopequenoiv/2024/05/14/boeing-violated-agreement-protecting-it-from-criminal-charges-over-737-max-crashes-justice-department-says/,"The Justice Department said Tuesday that Boeing breached a 2021 prosecution agreement protecting it from charges over two deadly 737 Max crashes in 2018 and 2019, according to multiple outlets, meaning the aerospace company is now open to criminal prosecution, but it is unclear at this point ...",www.forbes.com,-0.327128,Somewhat-Bearish,BA,0.824067,-0.544321,Bearish
2024-05-15 01:09:18,"Trump's Boeing 757 clipped parked plane after landing at Florida airport Sunday, FAA says",https://www.cnbc.com/2024/05/14/trump-jet-clipped-parked-plane-after-landing-at-florida-airport-faa-says-.html,Former President Donald Trump frequently flies on the Boeing 757 aircraft involved in the collision at West Palm Beach International Airport in Florida.,www.cnbc.com,-0.080002,Neutral,BA,0.24289,0.044754,Neutral
2024-05-15 01:45:10,Boeing breached prosecution deal over 2 Max 737 crashes: Justice Dept,https://www.business-standard.com/world-news/boeing-breached-prosecution-deal-over-2-max-737-crashes-justice-dept-124051500058_1.html,"Boeing Co. has violated a deferred-prosecution agreement with the US Justice Department related to the crashes of two 737 Max airplanes, the department said in a court filing.",www.business-standard.com,-0.088879,Neutral,BA,0.718177,-0.082926,Neutral
2024-05-15 09:08:07,Boeing Under Fire From DOJ For Breach Of 737 MAX Crash Deal,https://www.forbes.com/sites/marisagarcia/2024/05/15/boeing-under-fire-from-doj-for-breach-of-737-max-crash-deal/,Boeing may face fraud charges for violating the terms of its 2021 Deferred Prosecution Agreement with the Department of Justice following the Lion Air Flight 610 and Ethiopian Airlines Flight 302 737 MAX crashes.,www.forbes.com,-0.235841,Somewhat-Bearish,BA,0.871067,-0.417961,Bearish
2024-05-15 10:19:53,Is the US still shipping weapons to Israel tacit support for war on Gaza?,https://www.aljazeera.com/news/2024/5/15/weapons-shipment-to-israel-underscores-us-support-for-war-on-gaza,Weapons shipment to Israel underscores US support for war on Gaza Al Jazeera English ...,www.aljazeera.com,-0.229551,Somewhat-Bearish,BA,0.033282,0.0,Neutral
2024-05-15 10:22:00,"Boeing broke an agreement over the 737 Max crashes that killed 346 people, and could now be prosecuted, the Justice Department says",https://www.businessinsider.com/boeing-subject-to-prosecution-over-737-max-crashes-doj-says-2024-5,"Boeing 'subject to prosecution' over 737 Max crashes, DoJ says - Business Insider ...",www.businessinsider.com,0.022419,Neutral,BA,0.767999,-0.10232,Neutral
2024-05-15 11:13:22,FAA Investigating Donald Trump's 2nd Boeing 757 Wing Clip Incident,https://www.forbes.com/sites/marisagarcia/2024/05/15/faa-investigating-donald-trumps-2nd-boeing-757-wing-clip-incident/,"The Federal Aviation Administration is investigating a wing-clip incident at West Palm Beach International Airport which occurred on May 12, involving former president Donald Trump's Boeing 757.",www.forbes.com,0.0,Neutral,BA,0.427184,-0.173048,Somewhat-Bearish
2024-05-15 12:00:00,Blade and Emirates partner to enable seamless booking of flights between Dubai and Monaco - Blade Air Mobility  ( NASDAQ:BLDE ) ,https://www.benzinga.com/pressreleases/24/05/g38841038/blade-and-emirates-partner-to-enable-seamless-booking-of-flights-between-dubai-and-monaco,"NEW YORK, May 15, 2024 ( GLOBE NEWSWIRE ) -- Blade Air Mobility, Inc.",www.benzinga.com,0.175948,Somewhat-Bullish,BA,0.023885,0.119166,Neutral
2024-05-15 12:13:08,Daily: Election Gambling Faces An Uncertain Future,https://www.forbes.com/sites/daniellechemtob/2024/05/15/forbes-daily-election-gambling-faces-an-uncertain-future/,"This is a published version of the Forbes Daily newsletter, you can sign-up to get Forbes Daily in your inbox here. Earlier this year, my husband and I traveled to Japan, and we enjoyed how far the U.S. dollar took us-especially when dining on sushi and ramen. We're not the only ones.",www.forbes.com,0.048181,Neutral,BA,0.056763,-0.225489,Somewhat-Bearish
2024-05-15 13:30:11,Is Boeing  ( BA )  a Buy as Wall Street Analysts Look Optimistic?,https://www.zacks.com/stock/news/2274052/is-boeing-ba-a-buy-as-wall-street-analysts-look-optimistic,"The average brokerage recommendation (ABR) for Boeing (BA) is equivalent to a Buy. The overly optimistic recommendations of Wall Street analysts make the effectiveness of this highly sought-after metric questionable. So, is it worth buying the stock?",www.zacks.com,0.281044,Somewhat-Bullish,BA,0.357783,0.181674,Somewhat-Bullish
2024-05-15 13:33:00,An airplane passenger was spotted in an overhead bin. Here's why that's a terrible idea,https://www.cnn.com/travel/airplane-passenger-overhead-bin/index.html,"Airplane overhead compartments. Home to luggage of all shapes and sizes, the odd coat or two, several duty-free bags, a fair bit of dust and… passengers? Last week, a video was posted on TikTok appearing to depict a traveler on a Southwest Airlines flight peering out from inside an overhead ...",www.cnn.com,-0.002398,Neutral,BA,0.038468,0.0,Neutral
2024-05-15 14:00:10,Justice Department Accuses Boeing Of 2021 Settlement Breach - Boeing  ( NYSE:BA ) ,https://www.benzinga.com/news/24/05/38845748/justice-department-accuses-boeing-of-2021-settlement-breach,The U.S. Justice Department has accused Boeing Co. BA of violating a 2021 settlement agreement concerning the company's involvement in two fatal 737 MAX crashes. The settlement had allowed Boeing to avoid prosecution by agreeing to certain compliance obligations.,www.benzinga.com,0.050259,Neutral,BA,0.810861,-0.059073,Neutral
2024-05-15 15:03:00,Elon Musk Was the Genius Tesla Needed. Not Anymore.,https://www.barrons.com/amp/articles/elon-musk-genius-tesla-ev-spacex-twitter-6fe736e2,Elon Musk Wants a Raise from Tesla. Why Genius Isn't Enough for a CEO. ...,www.barrons.com,0.111458,Neutral,BA,0.034882,-0.14837,Neutral
2024-05-15 18:01:22,Southwest Airlines's Options Frenzy: What You Need to Know - Southwest Airlines  ( NYSE:LUV ) ,https://www.benzinga.com/insights/options/24/05/38853246/southwest-airliness-options-frenzy-what-you-need-to-know,"Financial giants have made a conspicuous bullish move on Southwest Airlines. Our analysis of options history for Southwest Airlines LUV revealed 8 unusual trades. Delving into the details, we found 50% of traders were bullish, while 50% showed bearish tendencies.",www.benzinga.com,0.13439,Neutral,BA,0.082963,0.04998,Neutral
2024-05-15 19:14:00,The US says Boeing violated a 2021 settlement. That doesn't mean the company will face charges,https://apnews.com/article/boeing-violated-settlement-max-crashes-25cde72e154f60adae54177ce35c9176,The Justice Department's determination that Boeing for deceiving federal regulators does not necessarily mean federal prosecutors will revive criminal charges against the giant aircraft manufacturer. But we should know within weeks whether Boeing will face another day in court.,apnews.com,-0.067533,Neutral,BA,0.810034,-0.083642,Neutral
2024-05-15 20:30:15,Is Boeing Stock Going to $225? 1 Wall Street Analyst Thinks So.,https://www.fool.com/investing/2024/05/15/is-boeing-stock-going-to-225-1-wall-street-analyst/,"Despite the recent dings to its reputation, the company continues to sell aircraft.",www.fool.com,-0.072076,Neutral,BA,0.675825,-0.212136,Somewhat-Bearish
2024-05-16 00:30:00,Winning bidder of Jet planes may exit pact,https://www.financialexpress.com/business/airlines-aviation-winning-bidder-of-jet-planes-may-exit-pact-3489692/,"Frustrated over the delay in the transfer of three Boeing 777 aircraft operated by long-grounded Jet Airways, Malta-based Challenge Group is considering walking away from the deal. The company also said it would want the $5.6 million deposited by it to be returned with interest.",www.financialexpress.com,-0.002405,Neutral,BA,0.091509,-0.002157,Neutral
2024-05-16 01:38:13,The unlikely staying power of the humble floppy disk,https://theweek.com/culture-life/the-unlikely-staying-power-of-the-humble-floppy-disk,"When Sony stopped manufacturing new floppy disks in 2011, most assumed the outdated storage medium - of which there is only a finite, decreasing number left - would die off. But 15 years later, there are still those who ""hold on to floppies"", said Techspot, whether for ""nostalgia-fuelled pleasure ...",theweek.com,0.014534,Neutral,BA,0.033846,-0.109448,Neutral
2024-05-16 04:00:58,Aviation sector sees greener fuel as crucial to net-zero goals,https://www.ft.com/content/261dfe0b-d136-480f-b16a-c70bdadb32c1,Yet finding the money for the plants that will make it is proving tricky ...,www.ft.com,0.146537,Neutral,BA,0.070105,0.050292,Neutral
2024-05-16 06:38:00,Is Archer Aviation Stock a Buy?,https://www.fool.com/investing/2024/05/16/is-archer-aviation-stock-a-buy/,"Archer Aviation is one of the leading developers of electric vertical takeoff and landing aircraft, aka flying taxis, which could transform urban travel as we know it.",www.fool.com,0.247891,Somewhat-Bullish,BA,0.094762,0.159732,Somewhat-Bullish
2024-05-16 09:15:00,Is Now the Time to Buy 3 of the S&P 500's Worst-Performing Stocks?,https://www.fool.com/investing/2024/05/16/is-now-the-time-to-buy-the-sp-500s-3-worst-perform/,These stocks are all down more than 30% this year.,www.fool.com,-0.014687,Neutral,BA,0.371523,-0.217502,Somewhat-Bearish
2024-05-16 10:02:01,How much money the U.S. spends on war,https://www.cnbc.com/2024/05/16/how-much-money-the-us-spends-on-war.html,"American military spending reached $916 billion in 2023, which accounts for more than a third of the world's total military expenditure.",www.cnbc.com,0.237334,Somewhat-Bullish,BA,0.229149,0.151212,Somewhat-Bullish
2024-05-16 10:12:00,"Putin wouldn't have invaded Ukraine when he did if he'd had AI tools, says Anduril founder Palmer Luckey",https://www.businessinsider.com/palmer-luckey-anduril-how-ai-changing-warfare-strategy-putin-ukraine-2024-5,Putin wouldn't have invaded Ukraine when he did if he had AI: Palmer Luckey - Business Insider ...,www.businessinsider.com,0.161915,Somewhat-Bullish,BA,0.096283,0.090976,Neutral
2024-05-16 13:09:00,"Company News For May 15, 2024",https://www.zacks.com/stock/news/2274627/company-news-for-may-15-2024,"Companies In The Article Are:DIS, BA,PBR and MNDY.",www.zacks.com,-0.119628,Neutral,BA,0.541149,-0.425968,Bearish
2024-05-16 13:26:00,She flew a record-breaking US flight - but it was kept secret for years,https://www.cnn.com/travel/lynn-rippelmeyer-first-female-747-pilot/index.html,"She flew a record-breaking US flight, but it was kept secret for years ...",www.cnn.com,0.10146,Neutral,BA,0.145145,0.122847,Neutral
2024-05-16 13:34:43,Emirates Airline to resume flights to Nigeria from October 1st,https://africa.businessinsider.com/local/lifestyle/emirates-airline-to-resume-flights-to-nigeria-from-october-1st/45jhx1n,"The service will be operated using a Boeing 777-300ER. EK783 will depart Dubai at 0945hrs, arriving in Lagos at 1520hrs; the return flight EK784 will leave Lagos at 1730hrs and arrive in Dubai at 0510hrs the next day. Tickets can be booked now on emirates.com or via travel agents.",africa.businessinsider.com,0.208388,Somewhat-Bullish,BA,0.135347,-0.028597,Neutral
2024-05-16 14:09:00,Lockheed  ( LMT )  Secures a Contract to Aid F-35 Jet Program,https://www.zacks.com/stock/news/2274822/lockheed-lmt-secures-a-contract-to-aid-f-35-jet-program,Lockheed (LMT) is set to procure diminishing manufacturing sources of parts required for the production and sustainment of F-35 jets.,www.zacks.com,0.332822,Somewhat-Bullish,BA,0.208017,0.233515,Somewhat-Bullish
2024-05-16 14:16:24,"United Airlines says FAA cleared it to add new aircraft, routes after safety review",https://www.cnbc.com/2024/05/16/faa-clears-united-airlines-after-safety-review.html,United Airlines said in March that the FAA was stepping up its review of the airline after a series of safety incidents.,www.cnbc.com,0.28129,Somewhat-Bullish,BA,0.419153,0.040401,Neutral
2024-05-16 14:24:53,"Walmart Posts Upbeat Earnings, Joins Canada Goose, Lightspeed Commerce And Other Big Stocks Moving Higher On Thursday - Walmart  ( NYSE:WMT ) ",https://www.benzinga.com/news/24/05/38874777/walmart-posts-upbeat-earnings-joins-canada-goose-lightspeed-commerce-and-other-big-stocks-moving-hig,"U.S. stocks were higher, with the Dow Jones gaining over 50 points on Thursday. Shares of Walmart Inc. WMT rose sharply during Thursday's session following better-than-expected quarterly earnings. The retailer reported that in the first quarter of 2025, the adjusted EPS was 60 cents, beating the ...",www.benzinga.com,0.334285,Somewhat-Bullish,BA,0.16849,0.0,Neutral
2024-05-16 14:45:00,Caterpillar and Goldman Sachs Helped The Dow Get to 40K,https://www.barrons.com/amp/articles/stock-market-dow-jones-industrial-average-40k-e67f523c,Dow Jones Industrial Average's Rise to 40K Led by Caterpillar and Goldman Stock ...,www.barrons.com,0.106171,Neutral,BA,0.158868,0.023118,Neutral
2024-05-16 16:03:02,"Boeing Stock Takes Off After US Aviation Bill Passes, But Possible Turbulence Ahead With Legal Uncertainties - Boeing  ( NYSE:BA ) ",https://www.benzinga.com/markets/equities/24/05/38877745/boeing-stock-takes-off-after-us-aviation-bill-passes-but-possible-turbulence-ahead-with-legal-un,"Boeing Co BA is facing a mix of regulatory changes, potential legal challenges and technical indicators that suggest a cautious outlook. Here's a closer look at the recent developments and what they mean for Boeing stock investors. The U.S.",www.benzinga.com,0.170666,Somewhat-Bullish,BA,0.665097,-0.197825,Somewhat-Bearish
2024-05-16 16:28:19,United Airlines Set To Expand As FAA Lifts Safety Limits - United Airlines Holdings  ( NASDAQ:UAL ) ,https://www.benzinga.com/news/24/05/38878486/united-airlines-set-to-expand-as-faa-lifts-safety-limits,United Airlines Holdings Inc. UAL is set to expand its fleet and routes once more after the Federal Aviation Administration ( FAA ) lifted certain restrictions. The decision marks a significant step forward following a series of safety incidents that had prompted increased oversight of the ...,www.benzinga.com,0.431552,Bullish,BA,0.213988,-0.042472,Neutral
2024-05-16 16:44:18,"Congress Exempts Boeing 767 Freighter From 2028 Production Cutoff - FedEx  ( NYSE:FDX ) , Boeing  ( NYSE:BA ) ",https://www.benzinga.com/government/24/05/38855650/congress-exempts-boeing-767-freighter-from-2028-production-cutoff,"The bill gives Boeing BA a bridge, in case the express carriers need extra capacity, until it can develop a new freighter next decade. Multiple industry sources familiar with the process said FedEx FDX and UPS UPS joined Boeing in lobbying Congress for a reprieve from the Jan. 1, 2028, production ...",www.benzinga.com,0.040142,Neutral,BA,0.522985,0.019355,Neutral
2024-05-16 19:02:00,"Copa Holdings  ( CPA )  Q1 Earnings & Revenues Beat, Up Y/Y",https://www.zacks.com/stock/news/2275082/copa-holdings-cpa-q1-earnings-revenues-beat-up-yy,Copa Holdings' (CPA) first-quarter 2024 revenues benefit from upbeat passenger revenues.,www.zacks.com,0.095372,Neutral,BA,0.203215,0.0,Neutral
2024-05-16 19:33:08,"Boeing supplier Spirit AeroSystems lays off workers, citing lower plane delivery rates",https://www.cnbc.com/2024/05/16/spirit-aerosystems-layoffs.html,"Spirit makes fuselages at the plant for Boeing's best-selling 737 Max plane, deliveries of which have slowed in the wake of a door panel blowout.",www.cnbc.com,0.04086,Neutral,BA,0.81111,-0.052752,Neutral
2024-05-16 20:56:36,Boeing supplier Spirit AeroSystems to lay off hundreds of workers - .com,https://www.upi.com/Top_News/US/2024/05/16/spirit-aerosystems-layoffs-boeing/2291715889900/,Boeing supplier Spirit AeroSystems to lay off hundreds of workers UPI News ...,www.upi.com,-0.158979,Somewhat-Bearish,BA,0.860547,-0.314444,Somewhat-Bearish
2024-05-17 01:39:19,Boeing supplier Spirit AeroSystems to fire 450 after 737 production slows,https://www.business-standard.com/world-news/boeing-supplier-spirit-aerosystems-to-fire-450-after-737-production-slows-124051700031_1.html,A key Boeing supplier that makes the fuselages for its popular 737 Max airplanes is laying off about 450 workers because production has slowed down ever since a panel flew off one of those airplanes operated by Alaska Airlines in midair in January.,www.business-standard.com,0.173029,Somewhat-Bullish,BA,0.657566,0.143931,Neutral
2024-05-17 06:31:53,Will Boeing's Outgoing CEO Dave Calhoun Retain His Board Status? Shareholders To Vote Today - Boeing  ( NYSE:BA ) ,https://www.benzinga.com/markets/equities/24/05/38888985/will-boeings-outgoing-ceo-dave-calhoun-retain-his-board-status-shareholders-to-vote-today,"Shareholders of Boeing Co. BA are set to vote on the board status of departing CEO Dave Calhoun, adding a twist to the company's annual general meeting ( AGM ) .",www.benzinga.com,0.107824,Neutral,BA,0.379435,0.17884,Somewhat-Bullish
2024-05-17 06:53:45,Can Boeing Starliner meet NASA's certification requirements amid delays?,https://www.financialexpress.com/life/science-can-boeing-starliner-meet-nasas-certification-requirements-amid-delays-3491470/,"Boeing Starliner which is supposed to carry NASA astronauts Sunita Williams and Butch Wilmore to space has hit the brakes yet again. The space capsule's launch was delayed for the second time due to a problem with its propulsion system, the company announced earlier this week.",www.financialexpress.com,-0.048041,Neutral,BA,0.526707,-0.072433,Neutral
2024-05-17 07:32:14,"Biden signs $105 billion new aviation legislation to enhance air safety, consumer protection",https://www.financialexpress.com/world-news/biden-signs-105-billion-new-aviation-legislation-to-enhance-air-safety-consumer-protection/3491531/,"President Joe Biden signed a new aviation legislation on Thursday that aims to improve US air travel. The five-year plan costing $105 billion increases the number of air traffic controllers, boosts funding to prevent runway accidents, and speeds up refunds for canceled flights.",www.financialexpress.com,0.212034,Somewhat-Bullish,BA,0.089129,-0.027377,Neutral
2024-05-17 10:35:40,"Boeing, Delta And Other Stocks Trade Marginally Lower Pre-Market As Biden Signs New Aviation Safety Bill Into Law - Alaska Air Gr  ( NYSE:ALK ) , Boeing  ( NYSE:BA ) ",https://www.benzinga.com/markets/equities/24/05/38891134/boeing-delta-and-other-stocks-trade-marginally-lower-pre-market-as-biden-signs-new-aviation-safe,"Major airline stocks like Boeing Inc. BA, United Airlines Holdings Inc. UAL, Ryanair Holdings plc RYAAY and Delta Air Lines DAL are taking a hit in the pre-market as President Joe Biden gives his approval to the Federal Aviation Administration ( FAA ) Reauthorization Act in a bid to improve ...",www.benzinga.com,0.273657,Somewhat-Bullish,BA,0.346884,0.267615,Somewhat-Bullish
2024-05-17 12:05:03,Ahmedabad airport increases aircraft parking capacity with new stands and aerobridges,https://www.financialexpress.com/business/airlines-aviation-ahmedabad-airport-increases-aircraft-parking-capacity-with-new-stands-and-aerobridges-3491911/,"Sardar Vallabhbhai Patel International Airport, located in Ahmedabad, Gujarat, has recently undergone significant enhancements. The newly developed airport has added five new parking stands at Terminal 2, increasing both flight operations and aircraft parking capacity, ANI reported.",www.financialexpress.com,0.222981,Somewhat-Bullish,BA,0.436009,0.149797,Neutral
2024-05-17 12:18:00,"A union for Boeing workers is set to give them training on whistleblower laws, saying staff are being punished for speaking out",https://www.businessinsider.com/union-for-boeing-staff-to-give-training-on-whistleblower-laws-2024-5,Union for Boeing staff to give training on whistleblower laws - Business Insider ...,www.businessinsider.com,-0.063666,Neutral,BA,0.876064,-0.143268,Neutral
2024-05-17 13:03:29,"Boeing 747-400 catches fire, forced to land on flight from Indonesia to Saudi Arabia",https://www.foxbusiness.com/lifestyle/boeing-747-400-catches-fire-forced-land-flight-from-indonesia-saudi-arabia,"A Boeing aircraft in Indonesia caught fire upon take-off, forcing an emergency landing. The incident occurred on Wednesday at the Sultan Hasanuddin International Airport in the city of Makassar.",www.foxbusiness.com,-0.17532,Somewhat-Bearish,BA,0.443626,-0.13075,Neutral
2024-05-17 13:07:39,"Bitcoin, Ethereum, And Dogecoin Pull Back After Strong Rally, GOP-Led House Passes Bill Urging Biden To Arm Israel Amid Hamas Conflict - Top Headlines Today While US Slept",https://www.benzinga.com/markets/cryptocurrency/24/05/38894003/bitcoin-ethereum-and-dogecoin-pull-back-after-strong-rally-gop-led-house-passes-bill-urgin,"Top Crypto Trader Dumps Entire Bitcoin Portfolio To Buy Altcoins, But Should You Be Taking This 'Huge' Risk Michael Saylor Says Wall Street And Congress Want Bitcoin - But What About Joe Biden Shiba Inu's Lead Developer Shytoshi Kusama Lauds Team Behind ShibaSwap's Integration With Shibarium ...",www.benzinga.com,0.029503,Neutral,BA,0.064276,0.043438,Neutral
2024-05-17 13:40:03,Spirit AeroSystems To Lay Off Hundreds As Boeing Struggles with Production - Spirit AeroSystems Hldgs  ( NYSE:SPR ) ,https://www.benzinga.com/m-a/24/05/38894593/spirit-aerosystems-to-lay-off-hundreds-as-boeing-struggles-with-production,"Spirit AeroSystems Holdings Inc SPR, a primary supplier of jet fuselages, is reducing its workforce by 400 to 450 employees at its Wichita, Kansas factory. The layoffs are a response to a production deceleration at Boeing Co BA, Spirit's largest client.",www.benzinga.com,0.103361,Neutral,BA,0.591634,0.151966,Somewhat-Bullish
2024-05-17 14:22:00,An airplane passenger was spotted in an overhead bin. This was the reaction,https://www.cnn.com/travel/airplane-spotted-passenger-overhead-bin/index.html,"Airplane overhead compartments. Home to luggage of all shapes and sizes, the odd coat or two, several duty-free bags, a fair bit of dust and… passengers? Last week, a video was posted on TikTok appearing to depict a traveler on a Southwest Airlines flight peering out from inside an overhead ...",www.cnn.com,-0.002398,Neutral,BA,0.038468,0.0,Neutral
2024-05-17 15:51:00,Boeing shareholders vote to approve $33 million CEO pay package | Business,https://www.cnn.com/2024/05/17/investing/boeing-shareholders-vote-to-approve-usd33-million-ceo-pay-package/index.html,Boeing shareholders vote to approve $33 million CEO pay package ...,www.cnn.com,0.014598,Neutral,BA,0.733479,-0.199357,Somewhat-Bearish
2024-05-17 16:19:06,Campus protests have called for schools to divest from Israel. Here's how that would actually work,https://www.cnbc.com/2024/05/17/campus-protests-on-gaza-call-for-schools-to-divest-from-israelhow-it-would-work.html,Protesters on campuses nationwide have called on universities to divest from Israel due to the war in Gaza. Here's how divestment would actually work.,www.cnbc.com,-0.074459,Neutral,BA,0.166169,0.038791,Neutral
2024-05-17 16:25:00,Canadian North & Air Greenland Launch New Route for Thrilling Arctic Adventure! - Canada NewsWire,https://www.newswire.ca/news-releases/canadian-north-amp-air-greenland-launch-new-route-for-thrilling-arctic-adventure--813618080.html,Canadian North & Air Greenland Launch New Route for Thrilling Arctic Adventure! Canada ...,www.newswire.ca,0.365501,Bullish,BA,0.048919,0.159988,Somewhat-Bullish
2024-05-17 22:09:00,"Dow 40,000, GameStop meme craze and inflation hangover",https://www.foxbusiness.com/markets/dow-40000-gamestop-meme-craze-and-inflation-hangover,"-The Dow Jones Industrial Average has captured 40,000 for the first time ever -Walmart is winning as more high-earning Americans shop to stretch their dollars -Thank ""Roaring Kitty"" for GameStop, AMC and the meme stock trading revolution -Iconic Las Vegas casino to be leveled to make way for ...",www.foxbusiness.com,0.012063,Neutral,BA,0.086245,0.0,Neutral
2024-05-17 23:15:00,Good News for Fliers,https://www.barrons.com/amp/articles/memorial-day-travel-airlines-driving-fares-15e70e03,"Summer is so close, you can smell it. AAA is forecasting the biggest Memorial Day travel weekend since 2005, and airlines are predicting record demand for the season. Even better, domestic flights are actually cheaper than they were last summer.",www.barrons.com,0.043271,Neutral,BA,0.110717,0.037017,Neutral
2024-05-18 01:54:00,Highly anticipated Boeing Starliner launch gets a new target date,https://edition.cnn.com/2024/05/17/world/boeing-starliner-helium-leak-delay-update-scn/index.html,Historic Starliner crewed launch attempt delayed again as teams continue to assess helium leak CNN International ...,edition.cnn.com,-0.011938,Neutral,BA,0.193852,0.028763,Neutral
2024-05-18 03:11:00,Highly anticipated Boeing Starliner launch gets a new target date,https://www.cnn.com/2024/05/17/world/boeing-starliner-helium-leak-delay-update-scn/index.html,"Sign up for CNN's Wonder Theory science newsletter. Explore the universe with news on fascinating discoveries, scientific advancements and more. The target date for the highly anticipated inaugural crewed mission of Boeing's Starliner spacecraft has moved yet again.",www.cnn.com,-0.011938,Neutral,BA,0.193852,0.028763,Neutral
2024-05-18 05:00:42,Copa  ( NYSE:CPA )  Stock Rating Upgraded by StockNews.com,https://www.defenseworld.net/2024/05/18/copa-nysecpa-stock-rating-upgraded-by-stocknews-com.html,"Copa ( NYSE:CPA - Get Free Report ) was upgraded by stock analysts at StockNews.com from a ""hold"" rating to a ""buy"" rating in a research report issued on Friday. CPA has been the topic of several other reports.",www.defenseworld.net,0.290527,Somewhat-Bullish,BA,0.256314,0.139192,Neutral
2024-05-18 05:16:13,Boeing's Outgoing CEO Dave Calhoun Reelected To Board Despite Safety Concerns At Company - Boeing  ( NYSE:BA ) ,https://www.benzinga.com/news/24/05/38906756/boeings-outgoing-ceo-dave-calhoun-reelected-to-board-despite-safety-concerns-at-company,"Boeing Co BA shareholders re-elected outgoing CEO Dave Calhoun to the company's board of directors on Friday, contrary to the advice of proxy adviser Glass Lewis. Calhoun had earlier announced his retirement by the end of the year.",www.benzinga.com,0.048111,Neutral,BA,0.7887,-0.03229,Neutral
2024-05-18 06:10:15,Boeing whistleblower suicide: Police conclude investigation in case,https://www.business-standard.com/world-news/boeing-whistleblower-suicide-police-conclude-investigation-in-case-124051800251_1.html,"A former Boeing manager who raised safety questions about the aircraft maker and was found dead after several days of depositions in South Carolina took his own life, police said on Friday after concluding their investigation.",www.business-standard.com,-0.125226,Neutral,BA,0.592095,-0.025177,Neutral
2024-05-18 12:00:01,How Spirit AeroSystems fits into Boeing's rebound plan,https://www.cnbc.com/2024/05/18/boeing-rebound-plan-spirit-aerosystems.html,"Boeing is in talks to buy back Spirit AeroSystems, one of the biggest aerostructure companies in the world.",www.cnbc.com,0.038431,Neutral,BA,0.724687,0.085512,Neutral
2024-05-18 12:35:00,Sanad anuncia una operación de venta estratégica con CFM Materials,https://www.prnewswire.com/news-releases/sanad-anuncia-una-operacion-de-venta-estrategica-con-cfm-materials-302149469.html,"HONG KONG, 18 de mayo de 2024 /PRNewswire/ -- Sanad, el líder mundial en ingeniería aeroespacial y soluciones de leasing, propiedad total del inversor soberano de Abu Dhabi Mubadala Investment Company PJSC ( Mubadala ) , ha revelado una transacción estratégica entre Sanad y CFM Materials, el ...",www.prnewswire.com,-0.053433,Neutral,BA,0.068698,-0.031073,Neutral
2024-05-18 15:38:04,'Misleading': Defence ministry on reports of Chinook Chopper model missing,https://www.business-standard.com/external-affairs-defence-security/news/misleading-defence-ministry-on-reports-of-chinook-chopper-model-missing-124051800953_1.html,The defence ministry on Saturday trashed reports that a model of a Chinook chopper installed by the DRDO at the 2020 edition of DefExpo went missing. Defence Ministry spokesperson A Bharat Bhushan Babu said the Defence Research and Development Organisation ( DRDO ) never installed any helicopter ...,www.business-standard.com,-0.186477,Somewhat-Bearish,BA,0.194242,-0.18743,Somewhat-Bearish
2024-05-18 16:38:00,"Here's how the Trump family spends their billions, from a $11 million beachfront estate in St. Martin to a $15 million fleet of private aircraft",https://www.businessinsider.com/donald-trump-melania-trump-family-spend-fortune-2018-7,"How Donald Trump, Melania Trump, Trump Family Spends Its Billions - Business Insider ...",www.businessinsider.com,0.164423,Somewhat-Bullish,BA,0.24289,0.037136,Neutral
2024-05-18 17:18:00,Boeing re-elects outgoing CEO as search for replacement continues amid safety culture crisis,https://www.foxbusiness.com/business-leaders/boeing-reelects-outgoing-ceo-search-replacement-continues-safety-culture-crisis,"Boeing's shareholders voted to re-elect its outgoing CEO, contrary to the proxy adviser's recommendation, amid an ongoing safety culture crisis.",www.foxbusiness.com,-0.13462,Neutral,BA,0.45283,0.087325,Neutral
2024-05-19 09:00:00,Blue Origin will launch six tourists to the edge of space after nearly two-year hiatus,https://edition.cnn.com/2024/05/19/world/blue-origin-rocket-ns-25-mission-scn/index.html,"Sign up for CNN's Wonder Theory science newsletter. Explore the universe with news on fascinating discoveries, scientific advancements and more. 's tourism rocket is poised to launch passengers to the edge of space for the first time in nearly two years, ending a hiatus prompted by a failed ...",edition.cnn.com,0.076157,Neutral,BA,0.03468,-0.227851,Somewhat-Bearish
2024-05-19 10:23:00,Jeff Bezos' 3 private jets are worth $140 million and include 2 Gulfstream G650ERs alongside a hangar in Seattle,https://www.businessinsider.com/jeff-bezos-private-jet-collection-two-gulfstream-g650ers-seattle-hangar-2024-5,Jeff Bezos' private jet collection includes 2 Gulfstream G650ERs - Business Insider ...,www.businessinsider.com,0.168224,Somewhat-Bullish,BA,0.05257,0.0,Neutral
2024-05-19 16:00:53,Why Mental Health Is A Workplace Issue,https://www.forbes.com/sites/meganpoinski/2024/05/19/why-mental-health-is-a-workplace-issue/,"This is the published version of Forbes' CEO newsletter, which offers the latest news for today's and tomorrow's business leaders and decision makers. Click here to get it delivered to your inbox every Sunday. It's hard to believe, but Memorial Day-also known as the unofficial start of summer-is ...",www.forbes.com,0.053098,Neutral,BA,0.018037,-0.383535,Bearish
2024-05-20 01:44:00,China Sanctions US Firms Over Arms Sales To Taiwan,https://www.barrons.com/news/china-sanctions-us-firms-over-arms-sales-to-taiwan-state-media-7d231af9,"China said Monday it would sanction three US defence companies over their sales of arms to Taiwan, as the self-ruled island inaugurated a new president.",www.barrons.com,-0.04374,Neutral,BA,0.163909,-0.064953,Neutral
2024-05-20 03:25:05,"China sanctions Boeing, 2 other US defence firms for Taiwan arms sales",https://www.business-standard.com/world-news/china-sanctions-boeing-2-other-us-defence-firms-for-taiwan-arms-sales-124052000111_1.html,"China's Ministry of Commerce announced sanctions against Boeing and two other defence companies Monday for arms sales to Taiwan, on the day of Taiwan's presidential inauguration.",www.business-standard.com,0.004833,Neutral,BA,0.317527,0.144711,Neutral
2024-05-20 05:13:00,"Ryanair Annual Profit Jumps On Higher Demand, Fares",https://www.barrons.com/news/irish-carrier-ryanair-says-annual-net-profit-jumps-34-ea4cb3a3,Irish Carrier Ryanair Says Annual Net Profit Jumps ...,www.barrons.com,-0.088618,Neutral,BA,0.204072,-0.146937,Neutral
2024-05-20 07:13:00,"How Northrop Grumman, Lockheed Martin, and Boeing All Lost a $30 Billion Air Force Contract",https://www.fool.com/investing/2024/05/20/northrop-lockheed-boeing-lose-30-billion-contract/,Predator-maker General Atomics and defense stock IPO candidate Anduril just beat out three of the U.S.'s biggest defense contractors.,www.fool.com,0.086518,Neutral,BA,0.286864,0.163452,Somewhat-Bullish
2024-05-20 10:04:00,United Airlines flight with 157 passengers got diverted to Ireland after a laptop became stuck in a business-class seat,https://www.businessinsider.com/united-airlines-flight-diverted-ireland-laptop-stuck-seat-passengers-delayed-2024-5,United flight was diverted to Ireland after laptop got stuck in a seat - Business Insider ...,www.businessinsider.com,0.004807,Neutral,BA,0.118064,0.0,Neutral
2024-05-20 10:04:44,United Airlines flight with 157 passengers got diverted to Ireland after a laptop became stuck in a business-class seat,https://africa.businessinsider.com/news/united-airlines-flight-with-157-passengers-got-diverted-to-ireland-after-a-laptop/4391g6z,"Sunday's flight from Zurich to Chicago diverted to Shannon, Ireland. Data from Flightradar24 shows the Boeing 767 was about 500 miles over the Atlantic Ocean when it turned around.",africa.businessinsider.com,0.043516,Neutral,BA,0.157483,0.0,Neutral
2024-05-20 10:09:44,Boeing Trades Nearly 1% Lower as China Imposes Symbolic Sanctions On Airplane Maker And Other US Defense Firms Over Taiwan Arms Sales - Boeing  ( NYSE:BA ) ,https://www.benzinga.com/markets/equities/24/05/38913623/boeing-trades-nearly-1-lower-as-china-imposes-symbolic-sanctions-on-airplane-maker-and-other-us-,"In a move that is largely seen as symbolic, China has imposed sanctions on three U.S. defense contractors, including Boeing Co. BA, for their involvement in arms sales to Taiwan.",www.benzinga.com,0.055252,Neutral,BA,0.414559,-0.062131,Neutral
2024-05-20 11:34:00,Hundreds of older Virgin Atlantic cabin crew say they were unfairly dismissed during the pandemic,https://www.businessinsider.com/virgin-atlantic-faces-hundreds-unfair-dismissal-claims-pandemic-2024-5,Virgin Atlantic faces hundreds of pandemic-era unfair dismissal claims - Business Insider ...,www.businessinsider.com,0.014303,Neutral,BA,0.088472,-0.15633,Somewhat-Bearish
2024-05-20 13:31:53,"Bitcoin, Dogecoin, And Ethereum Pull Back Due To Retail Investor Profit-Taking; Oracle's $28B Gamble On Cerner's AI-Driven Health Records System Backfires - Top Headlines Today While US Slept",https://www.benzinga.com/news/24/05/38918929/bitcoin-dogecoin-and-ethereum-pull-back-due-to-retail-investor-profit-taking-oracles-28b-gamble-on-c,Notcoin ( NOT ) Turns From Telegram Crypto Hype To Investor Tears In Just A Week On Intense Profit-Taking Venture Capital Interest In Crypto Revives: $2.4B Poured Into Bitcoin And Crypto Firms In Q1 2024,www.benzinga.com,0.171659,Somewhat-Bullish,BA,0.050894,-0.086992,Neutral
2024-05-20 13:44:00,Bell-Boeing Wins a Defense Contract to Supply V-22 Jets' Parts,https://www.zacks.com/stock/news/2276064/bell-boeing-wins-a-defense-contract-to-supply-v-22-jets-parts,"Bell-Boeing, a joint venture between Boeing (BA) and Textron's (TXT) Bell Helicopter unit, is set to provide spare consumable and depot-level repairable parts for the V-22 aircraft.",www.zacks.com,0.219672,Somewhat-Bullish,BA,0.472959,0.30584,Somewhat-Bullish
2024-05-20 14:46:00,"Dow Jones Up As Nvidia Rallies On These Calls; China EV Stock, Tesla Stumble",https://www.investors.com/market-trend/stock-market-today/dow-jones-nasdaq-sp500-nvidia-microsoft-ai-li-auto-tesla/,"Dow Jones Up As Nvidia Rallies On These Calls. China EV Stock, Tesla Stumble Investor's Business Daily ...",www.investors.com,0.118811,Neutral,BA,0.099271,0.286226,Somewhat-Bullish
2024-05-20 15:09:00,Helicopter crash kills Raisi: Are sanctions behind Iran's aviation crisis?,https://www.aljazeera.com/news/2024/5/20/helicopter-crash-kills-raisi-are-sanctions-behind-irans-aviation-crisis,"Sanctions have prevented Iran from procuring new aircraft or equipment, which has been linked to aviation accidents. Iran's President Ebrahim Raisi and Foreign Minister Hossein Amir-Abdollahian were confirmed dead on Monday after their helicopter crashed in a mountainous and forested area in the ...",www.aljazeera.com,-0.279938,Somewhat-Bearish,BA,0.122685,-0.179775,Somewhat-Bearish
2024-05-20 17:34:14,What's Going On With European Airline Ryanair's Stock Today? - Ryanair Hldgs  ( NASDAQ:RYAAY ) ,https://www.benzinga.com/news/earnings/24/05/38923874/whats-going-on-with-european-airline-ryanairs-stock-today,"Ryanair Holdings Plc RYAAY shares are trading lower after the company reported FY24 results. Revenue grew 25% Y/Y to €13.44 billion. Scheduled revenues were up 32% Y/Y to €9.15 billion, led by traffic growth of 9% Y/Y to 183.7 million customers and a 21% Y/Y uptick in average fares to €49.80.",www.benzinga.com,0.148465,Neutral,BA,0.366061,0.078637,Neutral
2024-05-20 18:30:07,Analysts See More Upside For Loar Holdings Stock: What You Need To Know - Loar Holdings  ( NYSE:LOAR ) ,https://www.benzinga.com/news/24/05/38924677/analysts-see-more-upside-for-loar-holdings-stock-what-you-need-to-know,"Loar Holdings LOAR saw coverage from several major analyst firms on Monday, marking the end of the research quiet period following the company's IPO. Analyst Initiations: Morgan Stanley analyst Kristine Liwag initiated coverage on Loar Holdings with an Equal-Weight rating and a price target of ...",www.benzinga.com,0.35719,Bullish,BA,0.115787,0.120598,Neutral
2024-05-21 02:52:00,Saudi Arabia's national carrier orders more than 100 new Airbus jets as it ramps up tourism push,https://apnews.com/article/saudia-group-airline-saudi-arabia-carrier-planes-17f69af191d586c3b75218174839528d,"Saudi Arabia's national airline ordered more than 100 new Airbus jets, a reflection of the kingdom's ambitious drive to lure more tourists.",apnews.com,0.076412,Neutral,BA,0.272788,-0.04611,Neutral
2024-05-21 06:50:28,Elon Musk Hopeful Of SpaceX Launching Over 90% Of Earth's Payload To Orbit In 2024: 'Nothing Stopping Competition From Copying Us',https://www.benzinga.com/news/24/05/38932200/elon-musk-hopeful-of-spacex-launching-over-90-of-earths-payload-to-orbit-in-2024-nothing-stopping-co,SpaceX CEO Elon Musk on Monday reiterated his goal to have his satellite launch company take over 90% of all of Earth's payload to orbit later this year while adding that competitors are free to copy the company and its products.,www.benzinga.com,0.153301,Somewhat-Bullish,BA,0.12165,0.084807,Neutral
2024-05-21 10:24:14,One dead as London to Singapore flight hit by 'severe turbulence',https://www.aljazeera.com/news/2024/5/21/one-dead-as-london-to-singapore-flight-hit-by-turbulence,One dead as London to Singapore flight hit by turbulence Al Jazeera English ...,www.aljazeera.com,-0.229978,Somewhat-Bearish,BA,0.485711,-0.380222,Bearish
2024-05-21 10:26:00,A passenger has died after severe turbulence on a flight from London to Singapore,https://www.businessinsider.com/singapore-airlines-passenger-dies-after-severe-turbulence-2024-5,Singapore Airlines passenger dies after severe turbulence - Business Insider ...,www.businessinsider.com,-0.209254,Somewhat-Bearish,BA,0.25168,-0.137156,Neutral
2024-05-21 10:30:00,You're Buying So Much From Temu And Shein The Air Cargo Industry Can't Keep Up,https://www.forbes.com/sites/cyrusfarivar/2024/05/21/youre-buying-so-much-from-temu-and-shein-the-air-cargo-industry-cant-keep-up/,"The Chinese e-commerce sites ship the equivalent of 88 Boeing 777 freighters of cargo worldwide every day. The vast volume has sent air freight rates through the roof, but the two companies have been willing to subsidize fast shipping as they grow globally - for now.",www.forbes.com,0.105713,Neutral,BA,0.054857,0.077822,Neutral
2024-05-21 10:32:31,One dead as Singapore Airlines flight encounters 'severe turbulence',https://www.cnbc.com/2024/05/21/one-dead-as-singapore-airlines-flight-encounters-severe-turbulence.html,One person has died aboard a Singapore Airlines flight which was diverted to Bangkok due to turbulence.,www.cnbc.com,-0.252836,Somewhat-Bearish,BA,0.355588,-0.295151,Somewhat-Bearish
2024-05-21 10:34:47,One dead after severe turbulence hits Singapore Airlines flight,https://edition.cnn.com/2024/05/21/world/singapore-airlines-turbulence-bangkok/index.html,"One person has died on board a Singapore Airlines plane that encountered severe turbulence on a flight from London to Singapore, the airline said Tuesday. The Boeing 777-300ER plane diverted to Bangkok, according to a post on the Singapore Airlines Facebook page.",edition.cnn.com,-0.187056,Somewhat-Bearish,BA,0.112532,-0.034546,Neutral
2024-05-21 10:50:00,Singapore Airlines passenger dead after Boeing jet hits 'severe turbulence',https://www.foxbusiness.com/economy/singapore-airlines-passenger-dead-boeing-jet-hits-severe-turbulence-report,"A Singapore Airlines flight has made an emergency landing in Bangkok Tuesday following severe turbulence that left one person dead and at least 30 injured, reports say. The Boeing 777-300ER plane was traveling from London to Singapore with 211 passengers and 18 crew onboard, Reuters is reporting, ...",www.foxbusiness.com,-0.319322,Somewhat-Bearish,BA,0.558244,0.0,Neutral
2024-05-21 11:29:22,What determines a stock's price?,https://apnews.com/buyline-personal-finance/article/what-determines-stock-price,"AP Buyline's content is created independently of The Associated Press newsroom. Our evaluations and opinions are not influenced by our advertising relationships, but we might earn commissions from our partners' links in this content. Learn more about our policies and terms here .",apnews.com,0.089412,Neutral,BA,0.027226,0.063405,Neutral
2024-05-21 12:14:05,"Severe Turbulence On Singapore Airlines Flight From London To Singapore Leaves One Dead, Several Injured",https://www.benzinga.com/news/24/05/38938439/severe-turbulence-on-singapore-airlines-flight-from-london-to-singapore-leaves-one-dead-several-inju,"One person has died following a Singapore Airlines ( SIA ) flight from London to Singapore that encountered severe turbulence on Tuesday. What Happened: The flight, SQ321, took off from London's Heathrow Airport at 10:38 p.m. local time on Monday and was diverted to Bangkok on Tuesday.",www.benzinga.com,0.067806,Neutral,BA,0.374312,0.067093,Neutral
2024-05-21 12:23:00,"Saudi Arabia snubbed Boeing with a huge Airbus order, the biggest aircraft deal in the country's history",https://www.businessinsider.com/saudi-arabia-snubs-boeing-huge-airbus-order-2024-5,Saudi Arabia snubs Boeing with huge Airbus order - Business Insider ...,www.businessinsider.com,-0.080508,Neutral,BA,0.718485,-0.073029,Neutral
2024-05-21 12:41:34,"One dead, many injured after turbulence hits Singapore Airlines flight",https://www.business-standard.com/world-news/one-dead-many-injured-after-turbulence-hits-singapore-airlines-flight-124052101182_1.html,One person died and multiple others were injured on Tuesday when a Singapore Airlines ( SIA ) flight from London to Singapore experienced severe turbulence caused by adverse weather conditions.,www.business-standard.com,-0.245078,Somewhat-Bearish,BA,0.12546,-0.155033,Somewhat-Bearish
2024-05-21 13:00:00,Next Level Aviation® and Aeras Aviation enter USM agreement for CFM56 family engine accessories,https://www.newswire.ca/news-releases/next-level-aviation-r-and-aeras-aviation-enter-usm-agreement-for-cfm56-family-engine-accessories-899926423.html,"DANIA BEACH, Fla., May 21, 2024 /CNW/ -- Next Level Aviation® ( NLA ) , a leading global supplier commercial aircraft and jet engine used serviceable material ( USM ) , and Aeras Aviation, a global asset management company specializing in end-of-life engine assets for teardown and part-out, have ...",www.newswire.ca,0.374187,Bullish,BA,0.11894,0.032556,Neutral
2024-05-21 13:00:13,Here is What to Know Beyond Why The Boeing Company  ( BA )  is a Trending Stock,https://www.zacks.com/stock/news/2276496/here-is-what-to-know-beyond-why-the-boeing-company-ba-is-a-trending-stock,"Zacks.com users have recently been watching Boeing (BA) quite a bit. Thus, it is worth knowing the facts that could determine the stock's prospects.",www.zacks.com,0.228765,Somewhat-Bullish,BA,0.531716,0.151844,Somewhat-Bullish
2024-05-21 13:40:00,China sanctions former US lawmaker who supported Taiwan,https://apnews.com/article/china-taiwan-congress-mike-gallagher-sanction-5f124339889a3492edb52c343cd57456,"BEIJING ( AP ) - China on Tuesday sanctioned Mike Gallagher, a former Republican member of Congress from Wisconsin who has shown support for Taiwan.",apnews.com,0.157596,Somewhat-Bullish,BA,0.186738,0.049784,Neutral
2024-05-21 14:43:00,Live updates: Singapore Airlines turbulence incident,https://www.cnn.com/asia/live-news/singapore-airlines-flight-turbulence-05-21-24/index.html,The latest on Singapore Airlines turbulence incident ...,www.cnn.com,-0.189051,Somewhat-Bearish,BA,0.037155,-0.101913,Neutral
2024-05-21 15:45:00,British man may have suffered fatal heart attack when turbulence hit Singapore Airlines flight,https://apnews.com/article/singapore-airlines-flight-turbulence-5a9a268e1a6a6fb9ece7e58b5ea9231b,"Singapore Airlines: 1 dead, others injured after London-Singapore flight hit severe turbulence The Associated Press ...",apnews.com,-0.031004,Neutral,BA,0.170275,0.0,Neutral
2024-05-21 16:30:52,Boeing Unusual Options Activity For May 21 - Boeing  ( NYSE:BA ) ,https://www.benzinga.com/insights/options/24/05/38946524/boeing-unusual-options-activity-for-may-21,"Investors with a lot of money to spend have taken a bearish stance on Boeing BA. We noticed this today when the trades showed up on publicly available options history that we track here at Benzinga. Whether these are institutions or just wealthy individuals, we don't know.",www.benzinga.com,0.185591,Somewhat-Bullish,BA,0.631282,0.208968,Somewhat-Bullish
2024-05-21 20:34:00,Designation of an aerospace innovation zone by the Québec government kicks off the 2024 International Aerospace ... - Canada NewsWire,https://www.newswire.ca/news-releases/designation-of-an-aerospace-innovation-zone-by-the-quebec-government-kicks-off-the-2024-international-aerospace-innovation-forum-827153511.html,Designation of an aerospace innovation zone by the Québec government kicks off the 2024 International Aerospace ... Canada ...,www.newswire.ca,0.425806,Bullish,BA,0.105759,0.253296,Somewhat-Bullish
2024-05-21 21:11:00,"What is in-flight turbulence, and when does it become dangerous for passengers and crews?",https://apnews.com/article/turbulence-singapore-airlines-flight-death-injuries-afdeda536a5e0b7300905a9994c58e4d,NEW YORK ( AP ) - The death of a British man and injuries impacting dozens of other people aboard a that hit severe turbulence Tuesday highlighted the potential dangers of flying through unstable air. The exact cause of the 73-year-old man's death is under investigation.,apnews.com,-0.091528,Neutral,BA,0.034136,-0.068987,Neutral
2024-05-22 02:54:16,"'All hell broke loose': Passengers on Singapore Airlines flight describe nightmare at 37,000 feet",https://www.cnn.com/2024/05/21/asia/singapore-airlines-turbulence-passenger-intl-hnk/index.html,"Passengers on a Singapore Airlines flight hit by severe turbulence on Tuesday described a sudden, dramatic drop as ""all hell broke loose"" on board the Boeing airliner carrying 229 passengers and crew.",www.cnn.com,-0.078901,Neutral,BA,0.05257,-0.355953,Bearish
2024-05-22 04:16:31,"6,000 feet drop in 3 mins: Singapore Airlines flight's mid-air chaos. WATCH",https://www.business-standard.com/world-news/singapore-airlines-turbulence-6-000-feet-drop-in-3-mins-singapore-airlines-flight-s-mid-air-chaos-watch-124052200238_1.html,"Airport officials stand near the Singapore Airlines aircraft for flight SQ321 parked on the tarmac after an emergency landing at Bangkok airport on Tuesday. ( Photo: REUTERS ) Among the 211 passengers and 18 crew members aboard, three were identified as Indian nationals.",www.business-standard.com,-0.031188,Neutral,BA,0.140896,0.205624,Somewhat-Bullish
2024-05-22 04:50:00,Most of passengers from battered Singapore Airlines jetliner arrive in Singapore from Bangkok,https://apnews.com/article/singapore-airlines-turbulence-bangkok-london-thailand-a6aec916cf38cc82b122198a35b95fd8,BANGKOK ( AP ) - Singapore Airlines said a relief plane flew into Singapore early Wednesday morning with most of the passengers who were on a flight that was battered by severe turbulence over the Indian Ocean and had to make an emergency landing in Bangkok after one man died and dozens of ...,apnews.com,-0.012014,Neutral,BA,0.164188,-0.034128,Neutral
2024-05-22 05:14:33,Shaken passengers from turbulence-hit flight arrive in Singapore,https://www.aljazeera.com/news/2024/5/22/shaken-passengers-from-turbulence-hit-flight-arrive-in-singapore,One person died and dozens are being treated in hospital in Bangkok after their original flight struck 'sudden extreme' turbulence.,www.aljazeera.com,-0.105776,Neutral,BA,0.068112,-0.17907,Somewhat-Bearish
2024-05-22 06:37:35,Passengers on flight hit by extreme turbulence arrive in Singapore,https://www.cnbc.com/2024/05/22/sq321-passengers-on-singapore-airlines-heavy-turbulence-flight-arrive.html,More than 140 people on the Singapore Airlines flight arrived safely in Singapore Wednesday.,www.cnbc.com,-0.019386,Neutral,BA,0.19117,0.132973,Neutral
2024-05-22 10:05:00,"Turbulence killed a passenger on a flight from London to Singapore, but severe injuries due to turbulence are incredibly rare",https://www.businessinsider.com/serious-injuries-due-to-turbulence-are-extremely-rare-2024-5,Serious injuries due to turbulence are extremely rare - Business Insider ...,www.businessinsider.com,-0.165565,Somewhat-Bearish,BA,0.093653,-0.056288,Neutral
2024-05-22 10:30:00,Why Boeing Needs A New Plane - Soon,https://www.forbes.com/sites/jeremybogaisky/2024/05/22/boeing-new-plane/,"It's not enough for Boeing to fix the 737 Max program. To remain competitive against Airbus, the planemaker needs to make a big bet on a new jet. Boeing's long list of urgent near-term problems, add one more. It needs a new airplane.",www.forbes.com,0.0145,Neutral,BA,0.586595,0.052707,Neutral
2024-05-22 10:41:00,Aviation experts to begin probe of Singapore Airlines turbulence incident that left British man dead,https://apnews.com/article/singapore-airlines-turbulence-bangkok-hospitalized-c3750c6b6f611acd771766b999d7468d,"BANGKOK ( AP ) - Aviation investigators arrived in Bangkok Wednesday to learn how and why severe turbulence sent a Singapore Airlines plane into a sudden dive that tossed passengers and crew around the cabin, leaving a British man dead and dozens others injured.",apnews.com,0.028617,Neutral,BA,0.126339,0.058218,Neutral
2024-05-22 10:47:52,"Passenger Onboard Singapore Airlines Flight That Dropped 6,000 Feet In 3 Minutes Due To Turbulence Recounts Harrowing Experience: 'Felt Like We Had Crashed'",https://www.benzinga.com/news/24/05/38959589/passenger-onboard-singapore-airlines-flight-that-dropped-6-000-feet-in-3-minutes-recalls-turbulence,"Passengers recalled their flight from London to Singapore on board a Singapore Airlines Flight SQ321 which encountered severe turbulence, resulting in one fatality and multiple injuries. What Happened: The incident took place on May 20 aboard a Boeing Co. 777 aircraft, Bloomberg reported on ...",www.benzinga.com,-0.199343,Somewhat-Bearish,BA,0.202366,-0.206262,Somewhat-Bearish
2024-05-22 11:11:11,The long journey to becoming an astronaut,https://theweek.com/business/jobs/the-long-journey-to-becoming-an-astronaut,How to become an astronaut The Week ...,theweek.com,0.149911,Neutral,BA,0.03804,0.162241,Somewhat-Bullish
2024-05-22 11:29:00,"Pictures from the plane hit by turbulence so severe a man died show debris strewn across the cabin, collapsed panels, and blood smeared on the ceiling",https://www.businessinsider.com/pictures-show-chaotic-aftermath-singapore-flight-debris-blood-on-ceiling-2024-5,"Pictures Show Chaotic Aftermath of Singapore Flight, Blood on Ceiling - Business Insider ...",www.businessinsider.com,-0.216325,Somewhat-Bearish,BA,0.227007,0.0,Neutral
2024-05-22 12:02:58,Daily: AI Darling Nvidia Faces Sky-High Earnings Expectations,https://www.forbes.com/sites/daniellechemtob/2024/05/22/forbes-daily-ai-darling-nvidia-faces-sky-high-earnings-expectations/,"This is a published version of the Forbes Daily newsletter, you can sign-up to get Forbes Daily in your inbox here. Consumer spending powers the U.S. economy, but there are signs consumers could be growing weary.",www.forbes.com,-0.026494,Neutral,BA,0.123908,-0.040786,Neutral
2024-05-22 14:14:00,Boeing Starliner historic crewed launch delayed again indefinitely,https://www.cnn.com/2024/05/22/world/boeing-starliner-crewed-launch-delayed-indefinitely-scn/index.html,"Sign up for CNN's Wonder Theory science newsletter. Explore the universe with news on fascinating discoveries, scientific advancements and more. A Saturday target date for the highly anticipated crewed maiden voyage of Boeing's Starliner is now off the table - and NASA has not immediately named a ...",www.cnn.com,-0.002388,Neutral,BA,0.18967,0.030062,Neutral
2024-05-22 15:17:41,Florida men plead guilty to fraud in scheme to export biochemicals to China - .com,https://www.upi.com/Top_News/US/2024/05/22/guilty-pleas-fraud-China-biochemical-exports/4081716389423/,Florida men plead guilty to fraud in scheme to export biochemicals to China UPI News ...,www.upi.com,-0.146042,Neutral,BA,0.099066,-0.05706,Neutral
2024-05-22 18:05:32,"Experts start probe into turbulence incident, S'pore Airlines cooperating",https://www.business-standard.com/world-news/experts-start-probe-into-turbulence-incident-s-pore-airlines-cooperating-124052200215_1.html,"Singapore Airlines on Wednesday said it is fully cooperating with relevant authorities in the investigation into the London to Singapore flight which encountered severe turbulence, leading to the death of one passenger and injuring 30 others.",www.business-standard.com,0.118351,Neutral,BA,0.326283,0.094414,Neutral
2024-05-22 18:18:00,"See inside American Airlines' massive flight operations center, where it dispatches 6,000 flights every day",https://www.businessinsider.com/american-airlines-integrated-operations-center-dispatch-delays-cancellations-weather-2024-5,See inside American Airlines' massive operations center in Texas - Business Insider ...,www.businessinsider.com,0.042964,Neutral,BA,0.05833,-0.085069,Neutral
2024-05-23 03:20:43,Boeing deliveries to China delayed due to regulatory review of batteries,https://www.business-standard.com/world-news/boeing-deliveries-to-china-delayed-due-to-regulatory-review-of-batteries-124052300100_1.html,"Boeing's plane deliveries to China have been delayed in recent weeks due to a Chinese regulatory review of batteries powering the cockpit voice recorder, a source familiar with the matter told Reuters.",www.business-standard.com,-0.068063,Neutral,BA,0.709186,-0.212726,Somewhat-Bearish
2024-05-23 04:33:00,Attempts to regulate AI's hidden hand in Americans' lives flounder in US statehouses,https://apnews.com/article/artificial-intelligence-bias-discrimination-regulation-ai-ff1d0860663723079aac3666b38f2320,Colorado the first state to move forward with attempt to regulate AI's hidden role in American life The Associated Press ...,apnews.com,-0.105422,Neutral,BA,0.035138,-0.079781,Neutral
2024-05-23 07:02:54,"Air India Express struggles with roster software, over 50 flights affected",https://www.business-standard.com/companies/news/air-india-express-struggles-with-roster-software-over-50-flights-affected-124052300459_1.html,"According to a report in the Economic Times, several pilots and cabin crews said that the Tata-owned airline had been compelled to manually assign duties and organise schedules for its staff, affecting around 50 out of the 300 daily flights operated by the airline.",www.business-standard.com,-0.049509,Neutral,BA,0.128822,0.127509,Neutral
2024-05-23 07:28:18,Singapore Airlines death: Is climate change making air turbulence worse?,https://www.aljazeera.com/economy/2024/5/23/singapore-airlines-death-is-climate-change-making-air-turbulence-worse,"Geoff Kitchen was on his way to a six-week holiday across South Asia and Australia with his wife Linda. Ten hours into the flight and in the middle of the breakfast service, Singapore Airlines flight SQ321 from London to Singapore plunged 6,000 feet ( 1,800 metres ) in minutes.",www.aljazeera.com,-0.02411,Neutral,BA,0.224072,-0.07469,Neutral
2024-05-23 08:40:00,"No showers, no privacy, no regrets: What it's really like to live in Antarctica",https://www.cnn.com/travel/what-its-really-like-to-live-in-antarctica-intl-hnk/index.html,What it's really like to live in Antarctica ...,www.cnn.com,0.082857,Neutral,BA,0.017612,-0.135937,Neutral
2024-05-23 09:14:00,Bangkok hospital says most seriously injured from turbulence-hit flight need spinal operations,https://apnews.com/article/turbulence-singapore-airlines-samitivej-hospital-f0147699fb6433c9e0bcfd00692502bc,"BANGKOK ( AP ) - Many of the more seriously injured people who were on the Singapore Airlines flight that hit need operations on their spines, a Bangkok hospital said Thursday.",apnews.com,-0.074948,Neutral,BA,0.074001,-0.08295,Neutral
2024-05-23 09:45:00,"A flight attendant was burned by boiling water, and an elderly woman didn't know where she was after massive turbulence on a Singapore flight, passenger says",https://www.businessinsider.com/singapore-airlines-cabin-crew-burned-by-boiling-water-amid-turbulence-2024-5,Singapore Airlines cabin crew burned by boiling water amid turbulence - Business Insider ...,www.businessinsider.com,0.002426,Neutral,BA,0.105141,-0.082951,Neutral
2024-05-23 10:57:15,Boeing's China Deliveries Hit By Regulatory Battery Review: Report - Boeing  ( NYSE:BA ) ,https://www.benzinga.com/markets/equities/24/05/38982028/boeings-china-deliveries-hit-by-regulatory-battery-review-report,Deliveries of Boeing Co's ( NYSE: BA ) aircraft to China reportedly experienced delays due to a review by Chinese regulators of the batteries used in the cockpit voice recorder.,www.benzinga.com,-0.016737,Neutral,BA,0.762438,-0.094493,Neutral
2024-05-23 14:00:29,Boeing faces 'long road' on safety issues after door accident: US FAA,https://www.business-standard.com/companies/news/boeing-faces-long-road-on-safety-issues-after-door-accident-us-faa-124052301373_1.html,"U.S. planemaker Boeing faces a ""long road"" to address safety issues, the head of the Federal Aviation Administration said on Thursday as it prepares to receive the company's plan to address concerns.",www.business-standard.com,0.064153,Neutral,BA,0.743396,0.070331,Neutral
2024-05-23 16:55:42,DHL Launches Virtual Cargo Airline for Supply Chain Customers in Brazil - DHL Group  ( OTC:DHLGY ) ,https://www.benzinga.com/markets/latin-america/24/05/38982868/dhl-launches-virtual-cargo-airline-for-supply-chain-customers-in-brazil,"The venture with Levu Air Cargo is noteworthy because the freighter service involves DHL Supply Chain and not DHL Express, which has long outsourced freighter operations for its express parcel network to many companies under the DHL Aviation umbrella.",www.benzinga.com,0.116478,Neutral,BA,0.038592,0.125974,Neutral
2024-05-23 18:11:30,"Boeing Stock Falls As CFO Forecasts Negative Cash Flow, Delivery Delays Amid Regulatory Scrutiny - Boeing  ( NYSE:BA ) ",https://www.benzinga.com/news/24/05/38992323/boeing-stock-falls-as-cfo-forecasts-negative-cash-flow-delivery-delays-amid-regulatory-scrutiny,Boeing Company BA shares are down more than 6% on Thursday following CFO Brian West's announcement that the company will burn cash in 2024 rather than generate it.,www.benzinga.com,0.031658,Neutral,BA,0.624423,0.06275,Neutral
2024-05-23 18:19:00,Dow falls by more than 600 points as markets continue to fret about a rate cut | Business,https://www.cnn.com/2024/05/23/investing/dow-falls-waiting-fed-rate-cut/index.html,Dow falls by more than 600 points as markets continue to fret about a rate cut ...,www.cnn.com,-0.145925,Neutral,BA,0.089129,-0.236025,Somewhat-Bearish
2024-05-23 18:31:00,Boeing on track to meet FAA deadline to present quality control fixes | Business,https://www.cnn.com/2024/05/23/business/boeing-fixes-faa-deadline/index.html,Boeing on track to meet FAA deadline to present quality control fixes ...,www.cnn.com,0.083842,Neutral,BA,0.688777,0.131254,Neutral
2024-05-23 18:43:54,Investing in Space: How the Pentagon is making use of AI with spy satellite data,https://www.cnbc.com/2024/05/23/investing-in-space-how-the-pentagon-uses-ai-with-spy-satellite-data.html,"Space Capital's NYC summit gathered investors and companies for discussions on key industry topics such as Starship, U.S. national security, China.",www.cnbc.com,0.171809,Somewhat-Bullish,BA,0.058831,-0.070986,Neutral
2024-05-23 20:15:27,Stock Market Today: Stocks Erase Nvidia-Inspired Gains,https://www.kiplinger.com/investing/stocks/stock-market-today-stocks-erase-nvidia-inspired-gains,"Technology stocks outperformed Thursday thanks to blowout earnings from AI bellwether Nvidia ( NVDA ) . However, the rest of the market lagged as volume thinned ahead of the long holiday weekend. As a reminder, Monday is a stock market holiday with stock and bond markets closed in observance ...",www.kiplinger.com,0.147028,Neutral,BA,0.263942,-0.328105,Somewhat-Bearish
2024-05-23 20:52:00,Families of Marines killed in 2022 Osprey crash sue Boeing and other manufacturing companies for negligence | Politics,https://www.cnn.com/2024/05/23/politics/marines-osprey-crash-boeing-rolls-royce-bell-textron-lawsuit/index.html,Families of Marines killed in 2022 Osprey crash sue Boeing and other manufacturing companies for negligence ...,www.cnn.com,-0.413155,Bearish,BA,0.290952,-0.529466,Bearish
2024-05-23 20:54:00,Ugly Market Day Despite Nvidia; Deckers Soars Late,https://www.investors.com/market-trend/stock-market-today/dow-jones-futures-nvidia-soars-deckers-jumps-late/,Dow Jones Futures: Nvidia Soars But Stock Market Has Ugly Day. Deckers Jumps Late Investor's Business Daily ...,www.investors.com,-0.017028,Neutral,BA,0.060464,-0.157427,Somewhat-Bearish
2024-05-23 21:11:04,Dow falls by more than 600 points as traders worry rate cuts are not near - .com,https://www.upi.com/Top_News/US/2024/05/23/dow-jones-stocks-nvidia-boeing/5831716495285/,Dow falls by more than 600 points as traders worry rate cuts are not near UPI News ...,www.upi.com,-0.125625,Neutral,BA,0.087824,-0.376606,Bearish
2024-05-23 23:18:00,"Families of Marines killed in 2022 Osprey crash sue aircraft manufacturers Boeing, Bell, Rolls Royce",https://apnews.com/article/osprey-crash-v22-marines-lawsuit-8a2f73924640c267bd56e10a29465808,WASHINGTON ( AP ) - Families of four of the five Marines killed when their Osprey crashed in California in June of 2022 filed a federal lawsuit Thursday alleging that the aircraft's manufacturers failed to address that led to the deaths.,apnews.com,-0.281651,Somewhat-Bearish,BA,0.175433,-0.143303,Neutral
2024-05-24 01:34:39,"Three Stocks: Boeing, Nvidia, and Snowflake",https://moneymorning.com/2024/05/23/three-stocks-boeing-nvidia-and-snowflake/,Boeing ( BA ) stock dropped more than 7% today as a flurry of headlines caused investors to rethink the industrial giant's outlook.,moneymorning.com,0.041225,Neutral,BA,0.384608,0.088266,Neutral
2024-05-24 04:09:20,"Singapore Airlines horror: 22 injured passengers need spinal surgery, six suffer brain injuries, says hospital",https://www.financialexpress.com/business/airlines-aviation-singapore-airlines-horror-22-injured-passengers-need-spinal-surgery-six-suffer-brain-injuries-says-hospitalnbsp-3499614/,"Several passengers on the Singapore Airlines flight that encountered severe turbulence earlier this week will require spinal surgery, a Bangkok hospital announced on Thursday ( May 23 ) .",www.financialexpress.com,-0.273506,Somewhat-Bearish,BA,0.097062,-0.096482,Neutral
2024-05-24 06:00:10,Elon Musk Says SpaceX Needs No Additional Capital On Heels Of Reports Of Upcoming Tender Offer: 'Will Actually Be Buying Back Shares',https://www.benzinga.com/news/24/05/38998303/elon-musk-says-spacex-needs-no-additional-capital-on-heels-of-reports-of-upcoming-tender-offer-will,SpaceX CEO Elon Musk on Thursday said that the rocket manufacturing company has no need for additional capital and will instead buy back shares. What Happened: Musk was responding to media reports that the company has initiated discussions on selling existing shares at a price that values the ...,www.benzinga.com,0.231207,Somewhat-Bullish,BA,0.128135,0.155384,Somewhat-Bullish
2024-05-24 07:05:00,"Stock Market News for May 24, 2024",https://www.zacks.com/stock/news/2278299/stock-market-news-for-may-24-2024,U.S. stock markets closed sharply lower on Thursday owing to profit booking.,www.zacks.com,-0.099814,Neutral,BA,0.130926,-0.211836,Somewhat-Bearish
2024-05-24 08:13:42,"Singapore Airlines Alters Policies, Flight Route After Fatal Turbulence Incident That Killed One - Boeing  ( NYSE:BA ) ",https://www.benzinga.com/news/24/05/39000948/singapore-airlines-alters-policies-flight-route-after-fatal-turbulence-incident-that-killed-one,Singapore Airlines has revised its seatbelt sign policies and changed a flight route following a deadly turbulence event earlier this week.,www.benzinga.com,-0.101363,Neutral,BA,0.210274,-0.310379,Somewhat-Bearish
2024-05-24 08:36:00,Singapore Airlines changes seatbelt sign policy following fatal turbulence incident,https://www.cnn.com/travel/singapore-airlines-turbulence-new-seatbelt-rule-intl-hnk/index.html,"Singapore Airlines has tweaked its in-flight seatbelt sign policies and altered at least one flight route after a turbulence incident this week killed one person and left dozens more hospitalized, according to the airline and flight data.",www.cnn.com,-0.049371,Neutral,BA,0.111488,-0.061445,Neutral
2024-05-24 09:51:00,"Singapore Airlines tightens cabin safety measures after turbulence killed one, injured dozens",https://apnews.com/article/singapore-airlines-turbulence-safety-measures-1dcc681ee58c9418aa5e7a2a159249da,BANGKOK ( AP ) - Singapore Airlines said Friday it will halt meal services and get all cabin crew to buckle up when planes fly through turbulence as part of tighter cabin measures after one person died and dozens were injured on a flight from London this week.,apnews.com,-0.082185,Neutral,BA,0.071784,-0.052264,Neutral
2024-05-24 10:50:00,The US gave Ukraine glide bombs - but they keep missing because Russia is so good at jamming them,https://www.businessinsider.com/us-glide-bombs-keep-missing-targets-russia-electronic-jamming-ukraine-2024-5,"US-supplied glide bombs in Ukraine keep missing, Russia jamming them - Business Insider ...",www.businessinsider.com,0.05178,Neutral,BA,0.176502,-0.13684,Neutral
2024-05-24 11:34:00,Analysis: Wall Street is about to see its biggest trading change in years | Business,https://www.cnn.com/2024/05/24/investing/premarket-stocks-trading-t1-sec/index.html,Wall Street is about to see its biggest trading change in years ...,www.cnn.com,0.092028,Neutral,BA,0.192387,-0.088477,Neutral
2024-05-24 11:38:36,Singapore Airlines tweaks its in-flight seatbelt sign policies after fatal incident,https://www.cnbc.com/2024/05/24/singapore-airlines-tweaks-in-flight-seatbelt-policies-after-fatal-incident.html,Singapore Airlines altered its in-flight seatbelt rules and changed at least one flight route following Tuesday's turbulence incident which led to an emergency landing in Bangkok.,www.cnbc.com,-0.12185,Neutral,BA,0.099476,-0.154243,Somewhat-Bearish
2024-05-24 12:00:00,OpenAI's Sam Altman Wrote The First Check Into This $300 Million Startup. Now It's Creating Drones For 911 Emergencies,https://www.forbes.com/sites/alexyork/2024/05/24/openais-sam-altman-wrote-the-first-check-into-this-300-million-startup-now-its-creating-drones-for-911-emergencies/,OpenAI's Sam Altman Wrote The First Check Into This $300 Million Startup. Now It's Creating Drones For 911 ... Forbes ...,www.forbes.com,0.120581,Neutral,BA,0.035768,0.010648,Neutral
2024-05-24 12:10:00,Upstart Chinese planemaker Comac is in talks with Saudi Arabia as it seeks to disrupt the Boeing-Airbus duopoly,https://www.businessinsider.com/saudi-arabia-talking-to-china-seeks-to-disrupt-boeing-airbus-2024-5,Saudi Arabia talking to China as it seeks to disrupt Boeing-Airbus - Business Insider ...,www.businessinsider.com,0.047819,Neutral,BA,0.367412,0.010463,Neutral
2024-05-24 12:32:00,Pegasus Elite Aviation Expands East Coast Operation with New Facility at Teterboro Airport - PR Newswire,https://www.prnewswire.com/news-releases/pegasus-elite-aviation-expands-east-coast-operation-with-new-facility-at-teterboro-airport-302154617.html,Pegasus Elite Aviation Expands East Coast Operation with New Facility at Teterboro Airport PR ...,www.prnewswire.com,0.336488,Somewhat-Bullish,BA,0.085324,0.063893,Neutral
2024-05-24 13:07:03,Can Stocks Recover As Investors Head Into Holiday Weekend?,https://www.forbes.com/sites/jjkinahan/2024/05/24/can-stocks-recover-headed-into-holiday-weekend/,"Stocks initially traded higher on Thursday following another stellar earnings performance from Nvidia and an announced ten-for-one stock split. Both the S&P 500 and Nasdaq Composite came out of the gates strong, making new all-time intraday highs.",www.forbes.com,0.055575,Neutral,BA,0.155786,-0.169428,Somewhat-Bearish
2024-05-24 14:34:00,Air Travel Demand Is Booming. Why Airline Stocks Are Grounded.,https://www.barrons.com/amp/articles/travel-demand-memorial-day-weekend-airline-stocks-455a0575,Memorial Day Air Travel Demand Is Booming but Airline Stocks Stay Grounded. ...,www.barrons.com,0.255853,Somewhat-Bullish,BA,0.085629,0.180637,Somewhat-Bullish
2024-05-24 15:14:41,"Boeing's Employee Speak Up On Safety, Quality Soar 500% After 737 MAX Incident - What's The Benefit? - Boeing  ( NYSE:BA ) ",https://www.benzinga.com/markets/equities/24/05/39009464/boeings-employee-speak-up-on-safety-quality-soar-500-after-737-max-incident-whats-the-benefit,"Boeing Co BA shares are trading lower on Friday. The company witnessed a remarkable surge in safety concerns raised by its employees in the initial months of 2024. The spike followed a serious incident on January 5 involving a mid-air cabin panel blowout on an Alaska Air Group Inc ALK 737 MAX 9, ...",www.benzinga.com,0.283605,Somewhat-Bullish,BA,0.457566,0.276943,Somewhat-Bullish
2024-05-24 15:31:05,Boeing  ( BA )  Up 3.2% Since Last Earnings Report: Can It Continue?,https://www.zacks.com/stock/news/2278786/boeing-ba-up-32-since-last-earnings-report-can-it-continue,Boeing (BA) reported earnings 30 days ago. What's next for the stock? We take a look at earnings estimates for some clues.,www.zacks.com,0.014385,Neutral,BA,0.057215,-0.029331,Neutral
2024-05-24 17:05:24,"Boeing, NASA say Starliner astronaut launch will move forward despite spacecraft helium leak",https://www.cnbc.com/2024/05/24/boeing-nasa-starliner-astronaut-launch-moving-forward.html,"Boeing and NASA are moving forward with a June 1 launch attempt of the first crewed Starliner mission despite a ""stable"" leak in its propulsion system.",www.cnbc.com,-0.096952,Neutral,BA,0.620858,-0.092957,Neutral
2024-05-24 17:09:00,Boeing's 1st astronaut flight now set for June after a review of small leak on new capsule,https://apnews.com/article/boeing-space-capsule-astronauts-starliner-77576e1f9fb4354a7ba6e205566c1d27,"CAPE CANAVERAL, Fla. ( AP ) - Boeing is now aiming for its first astronaut launch at the beginning of June, after spending the past few weeks struggling with more problems on the space capsule.",apnews.com,-0.120489,Neutral,BA,0.29234,-0.468757,Bearish
2024-05-24 18:10:00,Singapore Airlines made a smart move after deadly turbulence,https://www.businessinsider.com/singapore-airlines-bans-meal-service-during-turbulence-after-fatal-incident-2024-5,Singapore Airlines bans meal service during turbulence after incident - Business Insider ...,www.businessinsider.com,-0.007391,Neutral,BA,0.07887,0.00416,Neutral
2024-05-24 18:10:15,NASA Confirms Boeing's Delayed Starliner Launch Despite Helium Leak - Boeing  ( NYSE:BA ) ,https://www.benzinga.com/news/large-cap/24/05/39012579/nasa-confirms-boeings-delayed-starliner-launch-despite-helium-leak,"Boeing ( NYSE: BA ) and NASA are reportedly advancing with launching the company's Starliner capsule, set to carry U.S. astronauts for the first time, despite a stable leak in the spacecraft's propulsion system. This mission, known as the Starliner Crew Flight Test, is a critical final ...",www.benzinga.com,0.016885,Neutral,BA,0.521465,0.042673,Neutral
2024-05-24 18:31:00,"Ryanair  ( RYAAY )  Q4 Loss Narrower Than Expected, Revenues Top",https://www.zacks.com/stock/news/2278942/ryanair-ryaay-q4-loss-narrower-than-expected-revenues-top,Ryanair's (RYAAY) fourth-quarter fiscal 2024 results benefit from solid traffic recovery.,www.zacks.com,0.05321,Neutral,BA,0.136499,-0.071122,Neutral
2024-05-24 19:48:39,Why Triumph Group Lost Altitude This Week,https://www.fool.com/investing/2024/05/24/why-triumph-group-lost-altitude-this-week/,The aerospace component manufacturer has a Boeing problem.,www.fool.com,0.128979,Neutral,BA,0.455525,-0.111519,Neutral
2024-05-24 20:08:00,Boeing says its spacecraft is leaking but it's still safe to launch US astronauts next week,https://www.businessinsider.com/boeing-says-starliner-safe-for-space-launch-helium-leak-2024-5,Boeing says Starliner still safe for space launch despite helium leak - Business Insider ...,www.businessinsider.com,-0.120443,Neutral,BA,0.741116,-0.196349,Somewhat-Bearish
2024-05-25 02:38:26,Air India's Mumbai-San Francisco flight delayed by 5 hours; rescheduled,https://www.business-standard.com/india-news/air-india-s-mumbai-san-francisco-flight-delayed-by-5-hours-rescheduled-124052500008_1.html,Air India's Mumbai-San Francisco flight delayed by 5 hours. rescheduled Business Standard ...,www.business-standard.com,-0.202862,Somewhat-Bearish,BA,0.155451,-0.332764,Somewhat-Bearish
2024-05-25 05:30:00,NASA PREFIRE mission launches to study Earth's polar regions,https://edition.cnn.com/2024/05/25/world/nasa-prefire-mission-launch-scn/index.html,NASA PREFIRE mission set to launch to study Earth's polar regions CNN International ...,edition.cnn.com,0.131377,Neutral,BA,0.104683,0.0,Neutral
2024-05-25 09:28:45,SIA passengers endured 62 sec of extreme turbulence on May 21 flight,https://www.business-standard.com/world-news/sia-passengers-endured-62-sec-of-extreme-turbulence-on-may-21-flight-124052500682_1.html,"The Singapore Airlines ( SIA ) Flight SQ321 that was rocked by severe turbulence on Tuesday climbed and descended rapidly twice in 62 seconds, stunning the passengers with one dying of heart attack, as the aircraft flew over the Irrawaddy Delta region of Myanmar, it emerged on Saturday.",www.business-standard.com,-0.089718,Neutral,BA,0.119235,0.0,Neutral
2024-05-25 10:00:34,Naked Economy Seats And Cabin Innovations At AIX 2024,https://www.forbes.com/sites/marisagarcia/2024/05/25/naked-economy-seats-and-cabin-innovations-at-aix-2024/,"Daniel Clucas, founder of Studio ID, has developed a new concept for airline economy seats that would help airlines tear them down quickly and rebuild them with improved features. He aims to make flying in the economy cabin more pleasant for passengers and make aircraft interiors more sustainable.",www.forbes.com,0.245899,Somewhat-Bullish,BA,0.030331,0.055527,Neutral
2024-05-25 10:49:00,American Airlines passengers in Miami stuck on sweltering Boeing plane: travelers,https://www.foxbusiness.com/economy/american-airlines-passengers-miami-stuck-sweltering-boeing-plane-travelers,"American Airlines passengers were stuck on a sweltering Boeing jet for more than an hour while waiting to depart from Miami to Costa Rica late Thursday night, two travelers told FOX Business.",www.foxbusiness.com,-0.072831,Neutral,BA,0.272788,-0.077212,Neutral
2024-05-25 12:00:00,S&P 500 Plays And Dow Giant Lead 5 Stocks Near Buy Points,https://www.investors.com/news/sp-500-dow-jones-giant-stocks-near-buy-points/,"S&P 500 Plays, Dow Giant. 5 Stocks Near Buy Investor's Business Daily ...",www.investors.com,0.249704,Somewhat-Bullish,BA,0.063258,0.234395,Somewhat-Bullish
2024-05-25 13:24:25,Air India's Mumbai-San Francisco flight takes off after inordinate delay,https://www.business-standard.com/companies/news/air-india-s-mumbai-san-francisco-flight-takes-off-after-inordinate-delay-124052501042_1.html,"Air India's flight to San Francisco from the city took off on Saturday evening after an inordinate delay due to multiple reasons. The flight, which was originally scheduled to take off at 1600 hours on Friday, was delayed by over 25 hours, due to multiple reasons and rescheduled for Saturday.",www.business-standard.com,-0.163824,Somewhat-Bearish,BA,0.19117,-0.370266,Bearish
2024-05-25 13:24:37,"Bulls And Bears: Nvidia, GameStop, Ethereum And Crypto Analyst Predicts Dogecoin Will Hit 22 Cents In Days",https://www.benzinga.com/markets/cryptocurrency/24/05/39020650/benzinga-bulls-and-bears-nvidia-gamestop-ethereum-and-crypto-analyst-predicts-dogecoin-wil,"Benzinga examined the prospects for many investors' favorite stocks over the last week - here's a look at some of our top stories. Tech stocks in the Nasdaq 100, tracked by the Invesco QQQ Trust QQQ, soared this week, pushing the index to new record highs and a fifth consecutive week of gains, ...",www.benzinga.com,0.142996,Neutral,BA,0.190167,-0.365061,Bearish
2024-05-25 13:30:00,This 3.6-million-year-old footprint was made by our earliest known ancestor. Now it's at risk of being lost forever,https://www.cnn.com/travel/travel-news-laetoli-footprints/index.html,"Editor's Note: Sign up for Unlocking the World, CNN Travel's weekly newsletter. Get the latest news in aviation, food and drink, where to stay and other travel developments.",www.cnn.com,-0.007278,Neutral,BA,0.056407,0.0,Neutral
2024-05-25 15:00:00,Scientists locate origin of the sun's magnetic field,https://www.cnn.com/2024/05/25/world/solar-magnetic-field-science-newsletter-wt-scn/index.html,"Editor's note: A version of this story appeared in CNN's Wonder Theory science newsletter. To get it in your inbox, sign up for free here.",www.cnn.com,0.078939,Neutral,BA,0.039878,-0.102844,Neutral
2024-05-25 22:01:00,Here's how much Singapore Airlines could be on the hook for after turbulence left one dead and dozens in the hospital,https://www.businessinsider.com/how-much-singapore-airlines-could-owe-turbulence-death-injuries-2024-5,"How much Singapore Airlines could owe after turbulence death, injuries - Business Insider ...",www.businessinsider.com,-0.121878,Neutral,BA,0.068306,-0.146558,Neutral
2024-05-26 12:00:00,Nuclear Power Has to Work,https://www.theatlantic.com/ideas/archive/2024/05/nuclear-power-climate-change/678483/,Nuclear energy occupies a strange place in the American psyche-representing at once a dream of endless emissions-free power and a nightmare of catastrophic meltdowns and radioactive waste.,www.theatlantic.com,0.024438,Neutral,BA,0.020794,-0.009188,Neutral
2024-05-26 12:45:00,"Fiji Airways CEO Hints At New U.S. Routes, Planes And Loyalty Program",https://www.forbes.com/sites/ramseyqubein/2024/05/26/fiji-airways-ceo-hints-at-new-us-routes-planes-and-loyalty-program/,"CEO Andre Viljoen is leading Fiji Airways through a time of record growth and change. His airline only has 20 aircraft ( including Fiji Link regional planes ) , but operates an impressive hub-and-spoke network that optimizes aircraft use via a robust schedule connecting all corners of the Pacific ...",www.forbes.com,0.287581,Somewhat-Bullish,BA,0.024724,0.061999,Neutral
2024-05-26 12:54:16,Here's what adding Nvidia would mean for the 128-year-old Dow Industrial Average,https://www.cnbc.com/2024/05/26/heres-what-adding-nvidia-would-mean-for-the-128-year-old-dow-industrials.html,"The Dow, made up of 30 stocks, is a price-weighted average, meaning that higher-priced stocks cause the index to move more than a lower-priced one.",www.cnbc.com,0.03602,Neutral,BA,0.072435,-0.002019,Neutral
2024-05-26 13:48:20,"Twelve injured as Qatar Airways Dublin flight hits turbulence, airport says",https://www.financialexpress.com/business/airlines-aviation-twelve-injured-as-qatar-airways-dublin-flight-hits-turbulence-airport-says-3502218/,"Twelve people travelling on a Qatar Airways flight from Doha to Ireland were injured during a bout of turbulence, Dublin Airport said on Sunday, adding that the plane landed safely and as scheduled. Flight QR017, a Boeing 787 Dreamliner, landed shortly before 1 p.m. Dublin time ( 1200 GMT ) , the ...",www.financialexpress.com,-0.093273,Neutral,BA,0.160633,0.0,Neutral
2024-05-26 13:52:00,12 people injured after Qatar Airways plane hits turbulence on flight to Dublin,https://apnews.com/article/qatar-airways-dublin-turbulence-injuries-ad4d17adc46ac91fea8f214c7ef72541,12 people injured after Qatar Airways plane hits turbulence on way to Dublin The Associated Press ...,apnews.com,-0.151969,Somewhat-Bearish,BA,0.183895,0.191725,Somewhat-Bullish
2024-05-26 14:15:18,"Turbulence hits Qatar Airways flight to Dublin, 12 injured, says airport",https://www.business-standard.com/world-news/turbulence-hits-qatar-airways-flight-to-dublin-12-injured-says-airport-124052600530_1.html,"Twelve people travelling on a Qatar Airways flight from Doha to Ireland were injured during a bout of turbulence, Dublin Airport said on Sunday, adding that the plane landed safely and as scheduled. Flight QR017, a Boeing 787 Dreamliner, landed shortly before 1 p.m. Dublin time ( 1200 GMT ) , the ...",www.business-standard.com,-0.093273,Neutral,BA,0.160633,0.0,Neutral
2024-05-26 14:19:00,12 people were injured by turbulence on a Qatar Airways flight to Dublin,https://www.businessinsider.com/qatar-airways-flight-to-dublin-ireland-hit-turbulence-12-injured-2024-5,"Qatar Airways flight to Dublin, Ireland, hit by turbulence - 12 injured - Business Insider ...",www.businessinsider.com,-0.135722,Neutral,BA,0.30569,-0.074703,Neutral
2024-05-26 16:02:09,Twelve injured as Qatar Airways flight from Doha to Dublin hits turbulence,https://www.aljazeera.com/news/2024/5/26/twelve-injured-as-qatar-airways-flight-from-doha-to-dublin-hits-turbulence,"Dublin airport authorities say six passengers and six crew members were injured after flight hit turbulence over Turkey. At least a dozen people have sustained injuries after a Qatar Airways flight from Doha to Dublin was hit by turbulence while flying over Turkey, Dublin airport authorities have ...",www.aljazeera.com,-0.11947,Neutral,BA,0.089129,0.193111,Somewhat-Bullish
2024-05-26 17:32:33,"Aerophobia-As Turbulence Increases, How To Conquer Your Fear Of Flying",https://www.forbes.com/sites/alexledsom/2024/05/26/aerophobia-as-turbulence-increases-how-to-conquer-your-fear-of-flying/,"Flying can feel scary, particularly in light of recent incidents where passengers were injured during episodes of severe turbulence. There are ways though, to conquer a fear of flying, even when safety issues are a concern-and that's a good thing, as turbulence is expected to increase in the ...",www.forbes.com,-0.080324,Neutral,BA,0.040212,-0.011998,Neutral
2024-05-26 17:47:40,Leh-bound SpiceJet flight suffers bird hit; returns safely back to Delhi,https://www.business-standard.com/companies/news/leh-bound-spicejet-flight-suffers-bird-hit-returns-safely-back-to-delhi-124052600230_1.html,Leh-bound SpiceJet flight suffers bird hit. returns safely back to Delhi Business Standard ...,www.business-standard.com,-0.004778,Neutral,BA,0.233556,0.0,Neutral
2024-05-26 17:53:00,"Bette Nash, who held the Guinness World Record for the longest-serving flight attendant, dies at 88",https://www.businessinsider.com/worlds-longest-serving-flight-attendant-bette-nash-dies-88-2024-5,"World's longest-serving flight attendant, Bette Nash, dies at 88 - Business Insider ...",www.businessinsider.com,0.002412,Neutral,BA,0.087503,0.029302,Neutral
2024-05-26 18:26:26,"Climate change is behind increasing flight turbulence, Transportation Sec'y Pete Buttigieg says",https://www.cnbc.com/2024/05/26/climate-change-behind-rising-flight-turbulence-transportation-secy-buttigieg-says.html,Transportation Secretary Pete Buttigieg says an increase in flight turbulence is an effect of climate change.,www.cnbc.com,-0.061729,Neutral,BA,0.146916,0.114598,Neutral
2024-05-26 22:26:00,"Boeing employees' safety, quality concerns surge dramatically in wake of incidents as deadline looms",https://www.foxbusiness.com/markets/boeing-employees-safety-quality-concerns-surge-wake-incidents-deadline-looms,Boeing released its annual safety report on Friday which showed a dramatic increase in submissions by employees about safety and product quality concerns as the aerospace giant readies a report for regulators to increase its production.,www.foxbusiness.com,0.199816,Somewhat-Bullish,BA,0.705799,0.332345,Somewhat-Bullish
2024-05-27 10:04:00,"Donald Trump owns a multi-million-dollar fleet of VIP aircraft, including his prized Boeing 757 airliner. Take a look at his private collection.",https://www.businessinsider.com/donald-trump-private-jet-helicopter-fleet-2024-5,"Donald Trump's multimillion-dollar fleet of private jets, helicopters - Business Insider ...",www.businessinsider.com,0.06914,Neutral,BA,0.238133,0.105758,Neutral
2024-05-27 10:13:17,"After Singapore Airlines, Qatar Airways Experiences Turbulence Mid Air, Leaves Twelve Injured",https://www.benzinga.com/news/24/05/39026298/after-singapore-airlines-qatar-airways-experiences-turbulence-mid-air-leaves-twelve-injured,"Twelve individuals sustained injuries during a Qatar Airways flight from Doha to Ireland due to turbulence, Dublin Airport confirmed on Sunday. What Happened: Six passengers and six crew members reported injuries after the aircraft encountered turbulence while flying over Turkey, Financial Times ...",www.benzinga.com,0.024174,Neutral,BA,0.110462,0.085426,Neutral
2024-05-27 11:11:00,12 Qatar Airways passengers injured as Boeing jet hits turbulence en route to Dublin,https://www.foxbusiness.com/lifestyle/12-qatar-airways-passengers-injured-boeing-jet-hits-turbulence-en-route-dublin,"Twelve people have been left injured after a Qatar Airways flight from Doha to Dublin, Ireland hit an area of turbulence, with one passenger describing it as the ""worst 15 seconds of my life."" Dublin Airport said in a statement that Qatar Airways flight QR017 - a Boeing 787-9 Dreamliner - managed ...",www.foxbusiness.com,-0.217364,Somewhat-Bearish,BA,0.093653,0.127677,Neutral
2024-05-27 11:39:00,Boeing  ( BA )  Secures a $7.5B Contract to Aid JDAM Program,https://www.zacks.com/stock/news/2279274/boeing-ba-secures-a-75b-contract-to-aid-jdam-program,"Boeing (BA) is set to supply JDAM tail kits, spares, repairs, technical and Laser Joint Direct Attack Munition sensor kits.",www.zacks.com,0.202647,Somewhat-Bullish,BA,0.490746,0.252897,Somewhat-Bullish
2024-05-27 13:00:56,Best Airlines To Travel In 2024 And How To Book With Your Credit Card Rewards,https://www.forbes.com/advisor/credit-cards/best-airlines-to-travel-in-2024/,Best Airlines With To Travel In 2024 Forbes ...,www.forbes.com,0.374497,Bullish,BA,0.03458,0.152929,Somewhat-Bullish
2024-05-27 20:45:00,"Artificial Intelligence in Aviation Market size is set to grow by USD 3.64 billion from 2023-2027, Increasing use of AI for ... - PR Newswire",https://www.prnewswire.com/news-releases/artificial-intelligence-in-aviation-market-size-is-set-to-grow-by-usd-3-64-billion-from-2023-2027--increasing-use-of-ai-for-quicker-check-in-and-baggage-screening-in-aviation-industry-boost-the-market-technavio-302155781.html,"Artificial Intelligence in Aviation Market size is set to grow by USD 3.64 billion from 2023-2027, Increasing use of AI for ... PR ...",www.prnewswire.com,0.355372,Bullish,BA,0.038284,0.0,Neutral
2024-05-28 02:18:21,"The World's Best Airlines, Ranked In A New Report",https://www.forbes.com/sites/laurabegleybloom/2024/05/27/the-worlds-best-airlines-ranked-in-a-new-report/,"In a year marked by significant recovery and transformation within the airline industry, AirlineRatings.com has revealed its much-anticipated list of the world's best airlines for 2024.",www.forbes.com,0.484988,Bullish,BA,0.254973,-0.02518,Neutral
2024-05-28 10:28:14,Spirit Airlines passenger says cabin prepared for a possible water landing after flight suffered an apparent mechanical issue,https://www.cnn.com/2024/05/28/us/spirit-airlines-jamaica-flight-mechanical-issue/index.html,"The cabin of a Spirit Airlines flight from Jamaica to Florida became a scene of panic and confusion Sunday when passengers were told to prepare for a possible water landing after the aircraft was turned around due to an apparent mechanical problem, a passenger told CNN.",www.cnn.com,-0.105332,Neutral,BA,0.119235,-0.048447,Neutral
2024-05-28 12:23:00,Diehl Aviation builds new location in Mexico,https://www.newswire.ca/news-releases/diehl-aviation-builds-new-location-in-mexico-817366471.html,"LAUPHEIM, Germany , May 28, 2024 /CNW/ -- The aviation supplier will establish a new site in Mexico and extend its international presence. Diehl Aviation will also get closer to its customers in North America.",www.newswire.ca,0.261649,Somewhat-Bullish,BA,0.126784,0.262284,Somewhat-Bullish
2024-05-28 13:10:00,Is GE Aerospace Stock Going to $201? 1 Wall Street Analyst Thinks So.,https://www.fool.com/investing/2024/05/28/is-ge-aerospace-stock-going-to-201-1-wall-street-a/,The aerospace company has plenty of long-term growth prospects based on its dominant market position in airplane engines.,www.fool.com,0.213322,Somewhat-Bullish,BA,0.247838,0.085637,Neutral
2024-05-28 14:27:00,Textron  ( TXT )  Reveals Enhanced Features for Cessna Citation Jets,https://www.zacks.com/stock/news/2280092/textron-txt-reveals-enhanced-features-for-cessna-citation-jets,Textron (TXT) announces advanced Garmin G5000 feature enhancement in its Cessna Citation Latitude and Citation Longitude business jets.,www.zacks.com,0.274198,Somewhat-Bullish,BA,0.165409,0.086151,Neutral
2024-05-28 16:02:39,Ethiopia beats Kenya and South Africa to become Boeing's Africa headquarters,https://africa.businessinsider.com/local/markets/ethiopia-beats-kenya-and-south-africa-to-become-boeings-africa-headquarters/nfenl57,"Kenya, South Africa, and Ethiopia were contenders to host the continental branch, but the American aerospace giant selected Ethiopia due to its exemplary aviation safety record, which is among the best in Africa, Kenyans.co.ke reported. In March, Ethiopian Airlines made history as first African ...",africa.businessinsider.com,0.313387,Somewhat-Bullish,BA,0.821747,0.240099,Somewhat-Bullish
2024-05-28 19:29:00,Trump Organization sells iconic high-speed jet from 2016 campaign to GOP donor,https://www.foxbusiness.com/politics/trump-organization-sells-iconic-high-speed-jet-from-2016-campaign-gop-donor,"The Trump Organization has sold a famous high-speed jet flown by former President Trump during his 2016 presidential campaign to a wealthy Republican donor, public records show.",www.foxbusiness.com,0.08311,Neutral,BA,0.07031,0.023228,Neutral
2024-05-28 20:50:00,"Earth Alive Clean Technologies, Inc. announces Boeing Certification for its dust suppressant ea1™",https://www.globenewswire.com/news-release/2024/05/28/2889472/0/en/Earth-Alive-Clean-Technologies-Inc-announces-Boeing-Certification-for-its-dust-suppressant-ea1.html,"MONTREAL, May 28, 2024 ( GLOBE NEWSWIRE ) -- Earth Alive Clean Technologies Inc. ( TSXV: EAC ) ( ""Earth Alive"" or the ""Company"" ) , a leader in the development, manufacturing, and distribution of cutting-edge, environmentally friendly microbial solutions and products, is proud to announce that ...",www.globenewswire.com,0.292105,Somewhat-Bullish,BA,0.12645,0.161308,Somewhat-Bullish
2024-05-28 20:56:58,"American Airlines cuts outlook, says chief commercial officer is leaving",https://www.cnbc.com/2024/05/28/american-airlines-outlook-chief-commercial-officer.html,American said it expects unit revenues to fall as much as 6% in the second quarter from a year earlier.,www.cnbc.com,-0.153326,Somewhat-Bearish,BA,0.152499,-0.432139,Bearish
2024-05-29 01:06:00,"US-made munitions were used in deadly strike on Rafah tent camp, analysis shows",https://www.cnn.com/middleeast/live-news/israel-hamas-war-gaza-news-05-28-24/h_1afd51e6ea35a5202efca405a482707b,Global condemnation of deadly Israeli strike on Rafah mounts: Live updates ...,www.cnn.com,-0.295745,Somewhat-Bearish,BA,0.017182,-0.088695,Neutral
2024-05-29 02:02:00,"Live updates: Israel-Hamas war in Gaza, deadly Rafah strike sparks global outcry",https://edition.cnn.com/middleeast/live-news/israel-hamas-war-gaza-news-05-28-24/index.html,"Former UN ambassador Nikki Haley wrote ""Finish Them!"" on Israeli artillery shells during a Memorial Day visit to Israel, according to photos in a post from Danny Danon, a former Israeli ambassador to the United Nations, who accompanied her on the trip.",edition.cnn.com,-0.212972,Somewhat-Bearish,BA,0.022969,-0.091647,Neutral
2024-05-29 03:27:03,"US-made munitions used in deadly strike on Rafah tent camp, analysis shows",https://www.cnn.com/2024/05/28/middleeast/gaza-us-munitions-rafah-strike-analysis-intl-hnk/index.html,"US-made munitions used in deadly strike on Rafah tent camp, CNN analysis shows ...",www.cnn.com,-0.289579,Somewhat-Bearish,BA,0.0378,-0.201362,Somewhat-Bearish
2024-05-29 03:35:00,"US-made munitions were used in deadly strike on Rafah tent camp, analysis shows",https://edition.cnn.com/middleeast/live-news/israel-hamas-war-gaza-news-05-28-24/h_1afd51e6ea35a5202efca405a482707b,"May 28, 2024 - Israel-Hamas war CNN International ...",edition.cnn.com,-0.295745,Somewhat-Bearish,BA,0.017182,-0.088695,Neutral
2024-05-29 06:07:00,"Live updates: Israel-Hamas war in Gaza, deadly Rafah strike sparks global outcry",https://www.cnn.com/middleeast/live-news/israel-hamas-war-gaza-news-05-29-24/index.html,Devastation in Gaza as Israel wages war on Hamas: Live updates ...,www.cnn.com,-0.244965,Somewhat-Bearish,BA,0.017535,-0.076603,Neutral
2024-05-29 07:12:18,Boeing Reaches Tentative Agreement With Locked-Out Firefighters,https://www.forbes.com/sites/marisagarcia/2024/05/29/boeing-reaches-tentative-agreement-with-locked-out-firefighters/,Boeing has reached a tentative agreement with International Association of Firefighters Local I-66 union members which is now up for a vote. The aircraft manufacturer had locked out its in-house firefighters at its plants in Washington state and Oregon at the beginning of May following failed ...,www.forbes.com,0.206339,Somewhat-Bullish,BA,0.662687,0.276896,Somewhat-Bullish
2024-05-29 08:40:35,"G-force changes likely cause of Singapore flight injuries, probe finds",https://www.aljazeera.com/news/2024/5/29/g-force-changes-likely-cause-of-singapore-flight-injuries-probe-finds,"Dozens of passengers suffered injuries on a Singapore Airlines flight due to ""rapid changes"" in gravitational force and a 54-metre altitude drop, a preliminary investigation has found.",www.aljazeera.com,0.055559,Neutral,BA,0.130217,0.239531,Somewhat-Bullish
2024-05-29 08:59:21,Boeing reaches tentative contract agreement with firefighters union,https://www.business-standard.com/world-news/boeing-reaches-tentative-contract-agreement-with-firefighters-union-124052900880_1.html,"Boeing and a union representing about 125 of its firefighters said Wednesday they had reached a tentative contract deal, the planemaker and union said in a joint statement.",www.business-standard.com,-0.0096,Neutral,BA,0.853391,-0.095267,Neutral
2024-05-29 09:30:00,Crystal Cabin Award goes to Qantas and Diehl Aviation,https://www.newswire.ca/news-releases/crystal-cabin-award-goes-to-qantas-and-diehl-aviation-895263639.html,"Qantas and Diehl Aviation win the coveted trophy in the Passenger Comfort category with their unique Wellbeing Zone LAUPHEIM, Germany, May 29, 2024 /CNW/ -- Qantas and Diehl Aviation are proud to announce that their joint innovation, the Wellbeing Zone, has won the prestigious Crystal Cabin Award ...",www.newswire.ca,0.575109,Bullish,BA,0.06697,0.181607,Somewhat-Bullish
2024-05-29 09:52:52,Singapore Airlines Pilots Turned On Seatbelt Sign During Turbulence,https://www.forbes.com/sites/marisagarcia/2024/05/29/singapore-airlines-pilots-turned-on-seatbelt-sign-during-turbulence/,"The Transport Safety Investigation Bureau of Singapore has released preliminary findings regarding the recent severe and sudden turbulence incident involving Singapore Airlines flight SQ32, after extracting and analyzing data from the flight data recorder and cockpit voice recorder.",www.forbes.com,0.007193,Neutral,BA,0.041466,0.134944,Neutral
2024-05-29 10:00:00,PANASONIC AVIONICS' ASTROVA SELECTED BY AIR CANADA FOR OVER 80 NARROWBODY AND WIDEBODY ... - PR Newswire,https://www.prnewswire.com/news-releases/panasonic-avionics-astrova-selected-by-air-canada-for-over-80-narrowbody-and-widebody-aircraft-302157719.html,PANASONIC AVIONICS' ASTROVA SELECTED BY AIR CANADA FOR OVER 80 NARROWBODY AND WIDEBODY ... PR ...,www.prnewswire.com,0.400703,Bullish,BA,0.056808,0.15997,Somewhat-Bullish
2024-05-29 10:02:00,Crystal Cabin Award goes to Qantas and Diehl Aviation,https://www.prnewswire.com/apac/news-releases/crystal-cabin-award-goes-to-qantas-and-diehl-aviation-302157850.html,"Qantas and Diehl Aviation win the coveted trophy in the Passenger Comfort category with their unique Wellbeing Zone LAUPHEIM, Germany, May 29, 2024 /PRNewswire/ -- Qantas and Diehl Aviation are proud to announce that their joint innovation, the Wellbeing Zone, has won the prestigious Crystal ...",www.prnewswire.com,0.575109,Bullish,BA,0.06697,0.181607,Somewhat-Bullish
2024-05-29 10:32:21,"Who Really Runs SpaceX? Not Elon Musk But COO Gwynne Shotwell, Reveals Report",https://www.benzinga.com/news/24/05/39058309/who-really-runs-spacex-not-elon-musk-but-coo-gwynne-shotwell-reveals-report,"SpaceX President and Chief Operating Officer Gwynne Shotwell reportedly oversees nearly every team at the rocket manufacturing company, rather than CEO Elon Musk.",www.benzinga.com,0.110556,Neutral,BA,0.089129,0.134667,Neutral
2024-05-29 11:00:54,Boeing's Production Slowdown Sends Shockwaves Through Aerospace Supply Chain - Boeing  ( NYSE:BA ) ,https://www.benzinga.com/markets/equities/24/05/39058924/boeings-production-slowdown-sends-shockwaves-through-aerospace-supply-chain,"Boeing Co's BA ongoing production issues are causing uncertainty in its supply chain, as suppliers grapple with fluctuating production rates and the cost of excessive inventory. What Happened: The slowdown in manufacturing the 737 Max is challenging an already strained aerospace supply chain.",www.benzinga.com,-0.15998,Somewhat-Bearish,BA,0.434763,-0.208152,Somewhat-Bearish
2024-05-29 11:02:00,Singapore Airlines flight that hit deadly turbulence fell 178 feet in 4.6 seconds,https://www.foxbusiness.com/economy/singapore-airlines-flight-hit-deadly-turbulence-fell-178-feet-4-6-seconds,"The Singapore Airlines flight that was forced to make an emergency landing in Bangkok last week after hitting ""severe turbulence"" plunged 178 feet over 4.6 seconds, investigators have revealed.",www.foxbusiness.com,-0.01456,Neutral,BA,0.199037,-0.098849,Neutral
2024-05-29 11:45:32,"Boeing Nears Agreement With Locked-Out Firefighters, Voting Expected: Report - Boeing  ( NYSE:BA ) ",https://www.benzinga.com/markets/equities/24/05/39060230/boeing-nears-agreement-with-locked-out-firefighters-voting-expected-report,Boeing Company BA and a union representing about 125 of its firefighters have reportedly reached a tentative contract agreement. Boeing had previously locked out members of the International Association of Fire Fighters ( IAFF ) Local I-66 in early May after they rejected two contract proposals.,www.benzinga.com,0.184845,Somewhat-Bullish,BA,0.76367,0.290362,Somewhat-Bullish
2024-05-29 11:53:00,"Gravitational changes, 178-feet drop caused injuries on Singapore Airlines jet that hit turbulence",https://apnews.com/article/singapore-airline-flight-turbulence-c8a890fc3596bc69b766ab9a6e5987bb,"KUALA LUMPUR, Malaysia ( AP ) - Rapid changes in the gravitational force led to a 178-feet ( 54-meter ) altitude drop of a that left one passenger dead and many others who were not buckled up injured in extreme turbulence last week, a preliminary investigation by Singapore's Transport Ministry ...",apnews.com,-0.095626,Neutral,BA,0.154455,-0.055217,Neutral
2024-05-29 12:30:16,Investors Gave A Teenager $85 Million To Build Weapons - How Did It Go?,https://www.benzinga.com/general/24/05/39061751/investors-gave-a-teenager-85-million-to-build-weapons-how-did-it-go,"At 19, Ethan Thornton founded Mach Industries to replace traditional munitions with hydrogen-powered weaponry. Dropping out of MIT, he secured $85 million from investors, including Sequioa's Shaun Maguire, who co-led a $5 million seed funding round, and Bedrock's managing partner Geoff Lewis who ...",www.benzinga.com,0.23208,Somewhat-Bullish,BA,0.067727,0.104286,Neutral
2024-05-29 12:48:00,"After a string of safety issues, Boeing is about to release a plan to fix its quality problems | Business",https://www.cnn.com/2024/05/29/business/boeing-faa-plan-airplane-quality-problems/index.html,"After a string of safety issues, Boeing is about to release a plan to fix its quality problems ...",www.cnn.com,0.043538,Neutral,BA,0.669587,0.098352,Neutral
2024-05-29 13:00:00,Crypto ISAC Launches to Spearhead Ecosystem-Wide Security Initiatives,https://www.benzinga.com/pressreleases/24/05/n39062747/crypto-isac-launches-to-spearhead-ecosystem-wide-security-initiatives,Founding members of non-profit setting out to enhance trust and increase the adoption of blockchain technologies,www.benzinga.com,0.362765,Bullish,BA,0.018935,0.019543,Neutral
2024-05-29 13:34:36,Bitcoin Spot ETFs Hit Record $14.9B Year-To-Date Inflows On Tuesday; New Poll Shows Biden 'Vulnerable' In 2024 Presidential Race - Top Headlines Today While US Slept,https://www.benzinga.com/news/24/05/39064071/bitcoin-spot-etfs-hit-record-14-9b-year-to-date-inflows-on-tuesday-new-poll-shows-biden-vulnerable-i,Bitcoin Spot ETFs Reach Record $14.9B Year-To-Date Inflows On Tuesday Cathie Wood's Ark Sees 'Great Legislative Breakthroughs' For Crypto If FIT21 Sails Smoothly In Senate And Ethereum ETFs Start Trading Caitlyn Jenner Says Her Namesake Crypto Is Definitely A Long-Term Project: 'This Is Just The ...,www.benzinga.com,0.135988,Neutral,BA,0.04161,0.282799,Somewhat-Bullish
2024-05-29 13:38:00,I flew on Delta's Airbus A220 from New York to Dallas in economy. I enjoyed the smaller jet and its unique lavatory window.,https://www.businessinsider.com/delta-airbus-a220-nyc-jfk-dallas-dfw-economy-lavatory-review-2024-5,Flying Delta's Airbus A220 from NYC to Dallas in economy: review - Business Insider ...,www.businessinsider.com,0.162165,Somewhat-Bullish,BA,0.037622,0.075641,Neutral
2024-05-29 16:30:56,Here Come The Pandas: What We Know About 2 New Giant Pandas Arriving At D.C. Zoo,https://www.forbes.com/sites/ariannajohnson/2024/05/29/here-come-the-pandas-what-we-know-about-2-new-giant-pandas-arriving-at-dc-zoo/,"The National Zoo is preparing for the arrival of two new giant pandas named Qing Bao and Bao Li later this year, ending a six-month panda drought after the D.C.-based zoo sent back its remaining three pandas to China last year-following negotiations with Chinese officials.",www.forbes.com,0.115922,Neutral,BA,0.061631,0.040004,Neutral
2024-05-29 17:10:10,Why American Airlines and Southwest Are Flying Lower Today,https://www.fool.com/investing/2024/05/29/why-american-airlines-and-southwest-are-flying-low/,American plans a reboot as worries build about demand.,www.fool.com,-0.082564,Neutral,BA,0.100729,-0.194601,Somewhat-Bearish
2024-05-29 17:24:00,These innovative airline cabin concepts could be the future of flying,https://www.cnn.com/travel/crystal-cabin-awards-2024/index.html,"Editor's Note: Sign up for Unlocking the World, CNN Travel's weekly newsletter. Get the latest news in aviation, food and drink, where to stay and other travel developments. From an economy cabin concept allowing rows of fliers to sit opposite one another to a wellbeing area designed to keep ...",www.cnn.com,0.44808,Bullish,BA,0.040011,0.167096,Somewhat-Bullish
2024-05-29 18:30:53,Southwest Airlines Unusual Options Activity - Southwest Airlines  ( NYSE:LUV ) ,https://www.benzinga.com/insights/options/24/05/39071202/southwest-airlines-unusual-options-activity,"Investors with a lot of money to spend have taken a bullish stance on Southwest Airlines LUV. We noticed this today when the trades showed up on publicly available options history that we track here at Benzinga. Whether these are institutions or just wealthy individuals, we don't know.",www.benzinga.com,0.168368,Somewhat-Bullish,BA,0.090816,0.050762,Neutral
2024-05-29 20:26:00,Earth Alive highlights a strong first quarter in 2024,https://www.globenewswire.com/news-release/2024/05/29/2890297/0/en/Earth-Alive-highlights-a-strong-first-quarter-in-2024.html,"MONTREAL, May 29, 2024 ( GLOBE NEWSWIRE ) -- Earth Alive Clean Technologies Inc. ( TSXV: EAC - ""Earth Alive"" or the ""Company"" ) , a company that develops, manufactures and distributes state-of-the-art, environmentally-sound proprietary microbial solutions and products, is pleased to announced ...",www.globenewswire.com,0.326495,Somewhat-Bullish,BA,0.042876,0.20248,Somewhat-Bullish
2024-05-30 04:00:00,"Analysis: The tense tick, tick, tick of jury deliberations at Trump's first criminal trial | Politics",https://www.cnn.com/2024/05/30/politics/trump-awaits-jury-verdict-analysis/index.html,"The tense tick, tick, tick of jury deliberations at Trump's first criminal trial ...",www.cnn.com,-0.031542,Neutral,BA,0.032251,-0.004777,Neutral
2024-05-30 04:07:00,Boeing reaches deadline for reporting how it will fix aircraft safety and quality problems,https://apnews.com/article/boeing-faa-safety-quality-plan-32ebe104f397d20e28f72c173234460b,is due to tell federal regulators Thursday how it plans to fix the safety and quality problems that have plagued its aircraft-manufacturing work in recent years. The Federal Aviation Administration required the company to produce a turnaround plan after one of its jetliners of a fuselage panel ...,apnews.com,-0.191485,Somewhat-Bearish,BA,0.716023,-0.43252,Bearish
2024-05-30 06:36:29,"Boeing due to tell regulators how it will fix aircraft safety, quality",https://www.business-standard.com/world-news/boeing-due-to-tell-regulators-how-it-will-fix-aircraft-safety-quality-124053000470_1.html,Boeing is due to tell federal regulators Thursday how it plans to fix the safety and quality problems that have plagued its aircraft-manufacturing work in recent years.,www.business-standard.com,-0.215659,Somewhat-Bearish,BA,0.848503,-0.41231,Bearish
2024-05-30 08:14:25,Boeing Finds Fix For De-Icing Issue Delaying 737 MAX 7 Certification,https://www.forbes.com/sites/marisagarcia/2024/05/30/boeing-finds-fix-for-de-icing-issue-delaying-737-max-7-certification/,Boeing is reported to have found a fix for one of the two de-icing issues that have delayed type certification of its 737 MAX 7 and 737 MAX 10 planes.,www.forbes.com,-0.061517,Neutral,BA,0.771416,-0.087214,Neutral
2024-05-30 10:14:00,Spirit Airlines passengers say they were told to prepare for an emergency water landing in a chaotic flight to Florida,https://www.businessinsider.com/spirit-airlines-passengers-prepare-for-emergency-water-landing-chaos-2024-5,Chaos on Spirit Airlines. passengers brace for emergency water landing - Business Insider ...,www.businessinsider.com,-0.212979,Somewhat-Bearish,BA,0.080728,-0.08135,Neutral
2024-05-30 10:30:00,How Arnold Schwarzenegger Became A Billionaire,https://www.forbes.com/sites/jemimamcevoy/2024/05/30/how-arnold-schwarzenegger-became-a-billionaire/,"The Terminator Is A Billionaire, But Not From Acting Forbes ...",www.forbes.com,0.15066,Somewhat-Bullish,BA,0.019846,0.012129,Neutral
2024-05-30 10:48:43,Elon Musk's Starlink Joins Hands With Qatar Airways For MENA's First Complimentary Wi-Fi Service On Select Flights,https://www.benzinga.com/news/24/05/39081646/elon-musks-starlink-joins-hands-with-qatar-airways-for-menas-first-complimentary-wi-fi-service-on-se,"Qatar Airways announced on Thursday its partnership with Elon Musk's Starlink to begin offering complimentary Wi-Fi on three of its Boeing 777-300 aircraft by the fourth quarter of this year. The announcement was made at the Aircraft Interior Expo in Hamburg, Germany.",www.benzinga.com,0.221869,Somewhat-Bullish,BA,0.115787,0.073502,Neutral
2024-05-30 11:22:58,"Simaero to invest $100 million over five years to train 5,000 pilots",https://www.business-standard.com/industry/news/simaero-to-invest-100-million-over-five-years-to-train-5-000-pilots-124053001275_1.html,"Simaero, a France-based flight simulator provider, announced on Thursday it will invest $100 million in India over the next five years to train up to 5,000 pilots.",www.business-standard.com,0.237031,Somewhat-Bullish,BA,0.342487,0.173928,Somewhat-Bullish
2024-05-30 11:30:00,PANASONIC AVIONICS AND EVA AIR SIGN 54 AIRCRAFT AGREEMENT FOR WIDEBODY AND NARROWBODY IFEC,https://www.benzinga.com/pressreleases/24/05/n39082861/panasonic-avionics-and-eva-air-sign-54-aircraft-agreement-for-widebody-and-narrowbody-ifec,"HAMBURG, Germany, May 30, 2024 /PRNewswire/ -- Aircraft Interiors Expo -- Panasonic Avionics Corporation ( Panasonic Avionics ) and EVA Air have signed an agreement for the installation of in-flight engagement ( IFE ) and connectivity systems, and a range of digital services, on 54 of its ...",www.benzinga.com,0.408681,Bullish,BA,0.134339,0.134992,Neutral
2024-05-30 12:28:53,Boeing's 90 days to hand in a safety plan to the FAA are up. Here's what to expect,https://www.cnbc.com/2024/05/30/boeing-faa-safety-plan.html,Boeing's CEO and other top leaders are scheduled to meet with the Federal Aviation Administration to present its safety plan.,www.cnbc.com,0.109224,Neutral,BA,0.528475,0.169291,Somewhat-Bullish
2024-05-30 12:49:00,PANASONIC AVIONICS AND EVA AIR SIGN 54 AIRCRAFT AGREEMENT FOR WIDEBODY AND NARROWBODY ... - PR Newswire,https://www.prnewswire.com/apac/news-releases/panasonic-avionics-and-eva-air-sign-54-aircraft-agreement-for-widebody-and-narrowbody-ifec-302159419.html,PANASONIC AVIONICS AND EVA AIR SIGN 54 AIRCRAFT AGREEMENT FOR WIDEBODY AND NARROWBODY ... PR ...,www.prnewswire.com,0.406286,Bullish,BA,0.140076,0.138006,Neutral
2024-05-30 13:00:12,Trump's High-Flying 2016 Campaign Jet Lands In Texas: GOP Megadonor Acquires 'Rocket In The Sky',https://www.benzinga.com/general/24/05/39085817/trumps-high-flying-2016-campaign-jet-lands-in-texas-gop-megadonor-acquires-rocket-in-the-sky,"Republican megadonor and Texas real estate developer Mehrdad Moayedi has purchased one of former President Donald Trump's private jets, valued at around $10 million. According to a recent report by the New York Post, the terms of the deal for the 1997 Cessna, which Trump primarily flew on during ...",www.benzinga.com,0.258452,Somewhat-Bullish,BA,0.072876,0.103748,Neutral
2024-05-30 13:06:00,American hopes to edge out rival airlines with a brand new Boeing 787-9 cabin. See how its current and future Dreamliners compare.,https://www.businessinsider.com/american-airlines-boeing-787-9-dreamliner-cabin-upgrades-2024-5,American is upgrading its Boeing 787 Dreamliner cabins. See the changes. - Business Insider ...,www.businessinsider.com,0.157761,Somewhat-Bullish,BA,0.07874,0.085055,Neutral
2024-05-30 13:28:54,Boeing To Present Quality Control Plan To FAA In Wake Of 737 Max Crisis - Boeing  ( NYSE:BA ) ,https://www.benzinga.com/government/24/05/39087051/boeing-to-present-quality-control-plan-to-faa-in-wake-of-737-max-crisis,Boeing Co BA is set to present a corrective action plan to U.S. regulators to address significant quality issues within its factories. This move is part of the aerospace giant's efforts to recover from a crisis that began with a near-disaster involving a 737 Max aircraft earlier this year.,www.benzinga.com,0.05798,Neutral,BA,0.582526,0.007073,Neutral
2024-05-30 14:51:31,Friends of Kenya paid for my private jet to the US - President Ruto,https://africa.businessinsider.com/local/lifestyle/friends-of-kenya-paid-for-my-private-jet-to-the-us-president-ruto/w7cfvxs,"This reduced expense was possible after some ""friends of Kenya"" co-sponsored the trip when he first offered to travel on the national carrier, Kenya Airways to save money. He said there was ""no way"" he could have spent about $1.5m - the amount reported to have been the cost of hiring the Boeing ...",africa.businessinsider.com,0.190049,Somewhat-Bullish,BA,0.149656,0.164963,Somewhat-Bullish
2024-05-30 15:55:00,Air Canada Proudly Renews its Partnership with the Canadian Olympic Committee and Canadian Paralympic Committee Until 2030 - Air Canada  ( OTC:ACDVF ) ,https://www.benzinga.com/pressreleases/24/05/n39091418/air-canada-proudly-renews-its-partnership-with-the-canadian-olympic-committee-and-canadian-paralym,"Air Canada is proud to #FlytheFlag as Team Canada's Official Airline for the next four Olympic and Paralympic Games, including Paris 2024 Airline kicks off a series of Olympic and Paralympic-themed activations with unveiling of special Boeing 777 livery",www.benzinga.com,0.460768,Bullish,BA,0.069394,0.188027,Somewhat-Bullish
2024-05-30 17:01:00,UPDATE - Earth Alive highlights a strong first quarter in 2024,https://www.globenewswire.com/news-release/2024/05/30/2891021/0/en/UPDATE-Earth-Alive-highlights-a-strong-first-quarter-in-2024.html,"MONTREAL, May 30, 2024 ( GLOBE NEWSWIRE ) -- In a release issued under the same headline on May 29, 2024 04:15 PM ET by Earth Alive Clean Technologies Inc. ( TSXV: EAC ) , please note its Annual General Meeting will be held on June 27, 2024 at 10:00 AM. The corrected version follows: ...",www.globenewswire.com,0.319863,Somewhat-Bullish,BA,0.041039,0.201756,Somewhat-Bullish
2024-05-30 17:24:02,Investing in Space: The China factor in the U.S. space station race to replace the ISS,https://www.cnbc.com/2024/05/30/investing-in-space-the-china-factor-in-the-us-space-station-race.html,The U.S. is in the throes of sorting out what to do when the ISS comes back to Earth.,www.cnbc.com,0.105919,Neutral,BA,0.036532,0.023837,Neutral
2024-05-30 18:37:05,Boeing presents safety report to FAA as agency plans to increase oversight - .com,https://www.upi.com/Top_News/US/2024/05/30/boeing-faa-quality-control-plan/3261717088596/,Boeing presents safety report to FAA as agency plans to increase oversight UPI News ...,www.upi.com,0.095405,Neutral,BA,0.66527,0.12277,Neutral
2024-05-30 21:45:14,Boeing  ( BA )  Advances While Market Declines: Some Information for Investors,https://www.zacks.com/stock/news/2281693/boeing-ba-advances-while-market-declines-some-information-for-investors,"In the most recent trading session, Boeing (BA) closed at $172.75, indicating a +0.64% shift from the previous trading day.",www.zacks.com,0.173087,Somewhat-Bullish,BA,0.56415,0.143256,Neutral
2024-05-31 02:57:34,"China will restrict exports of some aviation, aerospace equipment to 'safeguard national security'",https://www.cnbc.com/2024/05/31/china-to-restrict-exports-of-some-aviation-and-aerospace-equipment.html,Beijing said it opposes any country or region using controlled items from China to engage in activities that undermine its national security.,www.cnbc.com,0.190321,Somewhat-Bullish,BA,0.173333,0.079249,Neutral
2024-05-31 03:16:07,FAA to not allow Boeing to boost 737 MAX production due to safety issues,https://www.business-standard.com/world-news/faa-to-not-allow-boeing-to-boost-737-max-production-due-to-safety-issues-124053100137_1.html,"The Federal Aviation Administration will not immediately allow Boeing to increase 737 MAX production as it addresses ongoing safety issues, its administrator said on Thursday, after a meeting with outgoing CEO Dave Calhoun and other executives.",www.business-standard.com,0.123988,Neutral,BA,0.863315,0.256285,Somewhat-Bullish
2024-05-31 06:00:37,A private astronaut wants to save the Hubble Space Telescope - but NASA has concerns,https://theweek.com/science/hubble-space-telescope-nasa,"The Hubble Space Telescope was launched into orbit in 1990, and NASA estimates that it will end its lifecycle in the mid-2030s, burning up in the atmosphere as it plummets back to Earth.",theweek.com,0.040854,Neutral,BA,0.036037,0.256682,Somewhat-Bullish
2024-05-31 06:32:39,"China Cites 'National Security' As It Tightens Export Controls On Aviation And Aerospace Equipment Amid US Restrictions - Broadcom  ( NASDAQ:AVGO ) , Advanced Micro Devices  ( NASDAQ:AMD ) ",https://www.benzinga.com/news/24/05/39104542/china-cites-national-security-as-it-tightens-export-controls-on-aviation-and-aerospace-equipment-ami,"China has declared its intention to impose export restrictions on certain aviation and aerospace technologies and components. The new regulations, set to take effect from July 1, are part of an effort to ""safeguard national security.""",www.benzinga.com,0.028621,Neutral,BA,0.288893,-0.08686,Neutral
2024-05-31 07:40:42,FAA Will Ensure Boeing Fixes Are Effective-Production Ramp Up Delayed,https://www.forbes.com/sites/marisagarcia/2024/05/31/faa-will-ensure-boeing-fixes-are-effective-production-ramp-up-delayed/,"Following a meeting at the Federal Aviation Administration's headquarters in Washington, DC, during which Boeing CEO Dave Calhoun and other company executives met with the FAA Administrator Mike Whitaker, the Administrator pledged to hold Boeing accountable to address the findings of an ...",www.forbes.com,0.198977,Somewhat-Bullish,BA,0.74841,0.239567,Somewhat-Bullish
2024-05-31 09:00:00,This new airplane economy-seat concept converts into lie-flat beds,https://www.businessinsider.com/airplane-economy-class-seat-concept-with-lie-flat-bed-2024-5,"• Aircraft service provider Ameco created the ""Fly-Buddy Hub,"" an economy concept with lie-flat beds. • The six-seater design is described as a ""versatile social hub"" for families or business groups. • Adding lie-flat beds to economy is not new, with Air New Zealand pioneering the idea back in ...",www.businessinsider.com,0.171312,Somewhat-Bullish,BA,0.077094,0.075048,Neutral
2024-05-31 10:04:00,Airbus Beluga: World's strangest-looking plane gets its own airline,https://www.cnn.com/travel/airbus-beluga-gets-own-airline/index.html,"Editor's Note: Sign up for Unlocking the World, CNN Travel's weekly newsletter. Get the latest news in aviation, food and drink, where to stay and other travel developments. The Airbus Beluga, one of the world's strangest airplanes, now has its own airline.",www.cnn.com,0.152894,Somewhat-Bullish,BA,0.12165,0.109324,Neutral
2024-05-31 10:54:50,Alaska Airlines Acquires Training Facility Once Owned By Boeing: Details - Alaska Air Gr  ( NYSE:ALK ) ,https://www.benzinga.com/markets/equities/24/05/39107502/alaska-airlines-acquires-training-facility-once-owned-by-boeing-details,"Alaska Air Group Inc ALK has acquired a new facility in Renton, Washington, dedicated to training programs. The newly purchased hub will enhance the training experience for various staff, including flight attendants, pilots, and customer service agents, while centralizing operations into one ...",www.benzinga.com,0.173718,Somewhat-Bullish,BA,0.463792,0.0,Neutral
2024-05-31 11:07:29,"Global Airline Leaders To Discuss Aircraft Shortages, Rising Costs, Geopolitical And Environmental Hurdles At IATA Summit Next Week - Airbus  ( OTC:EADSY ) , Boeing  ( NYSE:BA ) ",https://www.benzinga.com/news/24/05/39107755/global-airline-leaders-to-discuss-aircraft-shortages-rising-costs-geopolitical-and-environmental-hur,"Geopolitical tensions, aircraft shortages, and environmental goals will challenge global airline leaders at the IATA summit next week. What Happened: The International Air Transport Association ( IATA ) will hold its annual meeting from June 2-4 in Dubai, Reuters reported on Friday.",www.benzinga.com,0.028777,Neutral,BA,0.185306,-0.09078,Neutral
2024-05-31 11:24:00,"A passenger with 'no clothes on' ran through a plane mid-journey, causing chaos and knocking over a flight attendant",https://www.businessinsider.com/naked-man-ran-through-plane-knocked-crew-member-police-say-2024-5,"A naked man ran through a plane and knocked a crew member, police say - Business Insider ...",www.businessinsider.com,0.009487,Neutral,BA,0.127456,0.0,Neutral
2024-05-31 13:07:00,They went on a honeymoon to Europe. Then 60 seconds of hell in the air turned it into an experience they'll never forget.,https://www.businessinsider.com/honeymooning-couple-endured-60-seconds-of-hell-aboard-sq321-flight-2024-5,Honeymooning couple endured 60 seconds of hell aboard SQ321 flight - Business Insider ...,www.businessinsider.com,-0.012019,Neutral,BA,0.05234,-0.114569,Neutral
2024-05-31 13:41:21,Fresh Take: Fawn Weaver's $1.1 Billion Whiskey Playbook,https://www.forbes.com/sites/chloesorvino/2024/05/31/fresh-take-fawn-weavers-11-billion-whiskey-playbook/,Fresh Take: How Fawn Weaver made Uncle Nearest a major whiskey brand Forbes ...,www.forbes.com,0.21273,Somewhat-Bullish,BA,0.049732,0.027998,Neutral
2024-05-31 14:07:02,"Ethereum Faces Major Attacks, Dominates 43% Of May's Cryptocurrency Losses As The Most Targeted Blockchain Of 2024; Robert Kennedy Jr. Applauds Trump's Crypto Commitment - Top Headlines Today While US Slept",https://www.benzinga.com/news/24/05/39112122/ethereum-faces-major-attacks-dominates-43-of-mays-cryptocurrency-losses-as-the-most-targeted-blockch,"Surging 'Re-Staking' Craze Draws $18B In Crypto Assets As Investors Seek Higher Returns Bitcoin Spot ETFs See $48M Inflow As Ethereum Spot ETF Trading Draws Nearer Ethereum Could Hit $10K By Year-End, Says Analyst Signaling 'Significant Bullish Move",www.benzinga.com,-0.075711,Neutral,BA,0.044469,0.0,Neutral
2024-05-31 14:30:49,"Airbus Battles Supply Chain Headwinds, Threatening Future Jet Deliveries: Report - Airbus  ( OTC:EADSF ) , Airbus  ( OTC:EADSY ) , Boeing  ( NYSE:BA ) ",https://www.benzinga.com/news/24/05/39112770/airbus-battles-supply-chain-headwinds-threatening-future-jet-deliveries-report,"Airbus SE EADSY is reportedly encountering additional challenges in its planned increase in passenger jet production. The world's leading aircraft manufacturer is struggling with persistent shortages of parts and labor, reported Reuters, citing a source.",www.benzinga.com,-0.100038,Neutral,BA,0.38489,-0.328892,Somewhat-Bearish
2024-05-31 14:39:55,US Faces New Competition As Shark Skin Technology Could Help China Surpass Washington In Jet Engine Race,https://www.benzinga.com/news/24/05/39113042/us-faces-new-competition-as-shark-skin-technology-could-help-china-surpass-washington-in-jet-engine,"In a significant technological breakthrough, Chinese scientists have developed a new jet engine technology inspired by the skin of sharks. This innovation is poised to enhance the efficiency of turbofan engines, marking a notable advancement in the aviation industry.",www.benzinga.com,0.288306,Somewhat-Bullish,BA,0.089797,-0.015807,Neutral
2024-05-31 15:00:31,Stuck in the middle with Sears,https://theweek.com/articles/460712/stuck-middle-sears,"A diminishing middle-class and fumbling management could spell the end for a couple of American icons. As consumers become segregated at the extreme ends of the income spectrum, retailers like Sears and JC Penney are getting squeezed.",theweek.com,0.045592,Neutral,BA,0.055751,0.050295,Neutral
2024-05-31 16:26:31,Boeing's 737 MAX Production Freeze Remains As FAA Demands Safety Overhaul - Boeing  ( NYSE:BA ) ,https://www.benzinga.com/markets/equities/24/05/39115731/boeings-737-max-production-freeze-remains-as-faa-demands-safety-overhaul,"The Federal Aviation Administration ( FAA ) will persist in holding Boeing Co. BA accountable after evaluating the company's roadmap to rectify its systemic safety and quality-control issues, Administrator Mike Whitaker said Thursday, after a three-hour meeting with senior Boeing leaders at FAA ...",www.benzinga.com,0.22964,Somewhat-Bullish,BA,0.885652,0.347363,Somewhat-Bullish
2024-05-31 16:32:12,Can Caitlin Clark continue her success in the WNBA?,https://theweek.com/sports/can-caitlin-clark-continue-her-success-wnba,Caitlin Clark struggles early in WNBA The Week ...,theweek.com,0.165863,Somewhat-Bullish,BA,0.039944,0.049151,Neutral
2024-05-31 16:34:49,Boeing Is Losing the New Space Race,https://www.theatlantic.com/science/archive/2024/05/boeing-starliner-crewed-test-flight-errors-nasa-spacex/678559/,"Tomorrow, in Cape Canaveral, Florida, a Boeing-built spacecraft is set to blast off toward the International Space Station, carrying a human crew for the first time. The astronauts have been in preflight quarantine, getting some extra practice for the historic ride through flight simulations.",www.theatlantic.com,-0.058128,Neutral,BA,0.405651,-0.081779,Neutral
2024-05-31 17:04:46,'We have to stop enjoying our hate so much',https://theweek.com/politics/americans-are-enjoying-political-polarization,"Americans have been divided for a long time, says Peggy Noonan. The ""political polarization"" has been a source of distress. People have lamented the increasing ""harshness of our political discourse"" and the ""outrageous and dehumanizing things"" both the left and the right say about each other.",theweek.com,0.012167,Neutral,BA,0.051663,0.049897,Neutral
2024-05-31 19:03:00,SkyGrid and NASA Work Together to Advance Emerging Aviation Operations with Autonomous Systems,https://www.prnewswire.com/news-releases/skygrid-and-nasa-work-together-to-advance-emerging-aviation-operations-with-autonomous-systems-302160907.html,Collaboration to focus on rigorous testing and safe integration of autonomous systems within the aerospace sector.,www.prnewswire.com,0.524656,Bullish,BA,0.130217,0.250181,Somewhat-Bullish
2024-05-31 19:05:00,Meet the veteran astronauts riding aboard Starliner's historic first crewed launch Saturday,https://www.cnn.com/science/boeing-starliner-crew-preview-scn/index.html,"NASA astronauts Butch Wilmore, Suni Williams 'go' for Boeing Starliner launch Saturday ...",www.cnn.com,0.088775,Neutral,BA,0.118257,0.089806,Neutral
2024-05-31 20:47:25,Boeing's New Legal Nightmare: Potential Damages Of $235 Million In Trade Secrets Suit,https://www.forbes.com/sites/jeremybogaisky/2024/05/31/boeing-lawsuit-zunum-aero/,"s Boeing's legal problems mount over safety problems with its 737 Max airliner, the aerospace giant suffered a potentially expensive loss Thursday in a lawsuit brought by a failed startup it had invested in. It could cost the embattled planemaker $235 million, depending on a federal judge's ...",www.forbes.com,-0.06395,Neutral,BA,0.733479,-0.043637,Neutral
2024-05-31 22:10:00,NASA Awards Advance Technologies for Future Habitable Worlds Mission - PR Newswire,https://www.prnewswire.com/news-releases/nasa-awards-advance-technologies-for-future-habitable-worlds-mission-302161015.html,NASA Awards Advance Technologies for Future Habitable Worlds Mission PR ...,www.prnewswire.com,0.240719,Somewhat-Bullish,BA,0.084423,0.0,Neutral
2024-06-01 00:25:00,Families of those who died in Boeing crashes press the Justice Department to prosecute the company,https://apnews.com/article/boeing-justice-department-fraud-charge-prosecution-12b3661b9d86623f2774cb3a84a7fc68,WASHINGTON ( AP ) - Relatives of passengers who died in two jetliner crashes pushed federal officials Friday to prosecute Boeing on criminal charges related to the accidents no later than this fall but said they got no commitment from the Justice Department.,apnews.com,-0.228747,Somewhat-Bearish,BA,0.736015,-0.37311,Bearish
2024-06-01 01:12:06,Will Packed Airlines Actually Make Any Money This Year?,https://www.forbes.com/sites/michaelgoldstein/2024/05/31/will-packed-airlines-actually-make-any-money-this-year/,"Record-breaking numbers of passengers are traveling this summer. On the Friday before Memorial Day, universally considered the kick-off to summer, were screened at U.S. airports.",www.forbes.com,0.088354,Neutral,BA,0.036255,0.014816,Neutral
2024-06-01 02:32:47,"Current, former Boeing execs unlikely to be charged for 737 Max crashes",https://www.business-standard.com/world-news/current-former-boeing-execs-unlikely-to-be-charged-for-737-max-crashes-124060100106_1.html,"The five-year deadline for bringing criminal charges would likely doom any prosecution effort targeting individuals, department officials said during a meeting with families Friday two weeks after informing the company that it had violated the terms of a deferred-prosecution agreement signed in ...",www.business-standard.com,0.095002,Neutral,BA,0.731515,0.206053,Somewhat-Bullish
2024-06-01 04:33:03,"Fitch lowers Boeing 2024 aircraft delivery, free cash flow forecasts",https://www.business-standard.com/world-news/fitch-lowers-boeing-2024-aircraft-delivery-free-cash-flow-forecasts-124060100200_1.html,Fitch Ratings lowered its 2024 forecasts for Boeing's aircraft delivery and free cash flow on Friday as the planemaker grapples with investigations and slumping production of its strongest-selling jet.,www.business-standard.com,-0.228782,Somewhat-Bearish,BA,0.265378,-0.190365,Somewhat-Bearish
2024-06-01 06:48:17,"Air India San Francisco-Delhi flight endure 30-hour delay due to technical issues, second incident this week - Here's what happened",https://www.financialexpress.com/business/airlines-aviation-air-india-san-francisco-delhi-flight-endure-30-hour-delay-due-to-technical-issues-second-incident-this-week-heres-what-happened-3509013/,"Over 200 passengers of Air India travelling from San Francisco faced a 30-hour delay due to a technical glitch, the aircraft's non-functional air conditioning system and payload issues.",www.financialexpress.com,-0.273198,Somewhat-Bearish,BA,0.10607,-0.10165,Neutral
2024-06-01 08:02:00,Boeing's Stock Price Just Plunged. Is Now the Time to Invest?,https://www.fool.com/investing/2024/06/01/boeings-stock-price-just-plunged-is-now-the-time-t/,"The company's latest presentation shook investors, but did it also create a buying opportunity?",www.fool.com,0.040713,Neutral,BA,0.553595,0.101161,Neutral
2024-06-01 08:30:00,Boeing Starliner launch: Mission called off minutes before liftoff,https://edition.cnn.com/2024/06/01/science/nasa-space-launch-boeing-starliner-scn/index.html,Boeing Starliner launch: How to watch NASA-crewed mission lift off CNN International ...,edition.cnn.com,0.021496,Neutral,BA,0.105326,0.125709,Neutral
2024-06-01 08:57:28,Boeing 737 MAX Crash Victims Families Want DOJ To Charge Executives,https://www.forbes.com/sites/marisagarcia/2024/06/01/boeing-737-max-crash-victims-families-want-doj-to-charge-executives/,"During a meeting on Friday with the Department of Justice, families of the victims of the two deadly 737 MAX crashes pushed for Boeing executives, including former CEO Dennis Muilenburg, to be prosecuted for their alleged participation in a ""conspiracy to defraud.""",www.forbes.com,-0.157581,Somewhat-Bearish,BA,0.769861,-0.21529,Somewhat-Bearish
2024-06-01 11:31:00,Did China Just Build the World's First Drone Aircraft Carrier?,https://www.fool.com/investing/2024/06/01/china-builds-worlds-first-drone-aircraft-carrier/,Three countries are building drone aircraft carriers today. America is not one of them -- and it needs to become one.,www.fool.com,-0.067307,Neutral,BA,0.165883,0.038307,Neutral
2024-06-01 12:25:21,Boeing counts down again for its 1st astronaut launch test flight for NASA,https://www.business-standard.com/companies/news/boeing-counts-down-again-for-its-1st-astronaut-launch-test-flight-for-nasa-124060100608_1.html,"Boeing took another crack Saturday at launching astronauts for the first time aboard its new space capsule, after a delay for leak checks and rocket repairs. The company's Starliner capsule was due to rocket away at midday with a pair of test pilots to the International Space Station for a ...",www.business-standard.com,-0.191513,Somewhat-Bearish,BA,0.310843,-0.406788,Bearish
2024-06-01 13:28:00,Boeing's first astronaut flight halted at the last minute,https://apnews.com/article/boeing-nasa-astronauts-space-rocket-launch-c4caeff8515da9e5effe7bad33cf0b81,Boeing counts down again to its first astronaut launch on a long-delayed test flight for NASA The Associated Press ...,apnews.com,-0.069751,Neutral,BA,0.380495,-0.075252,Neutral
2024-06-01 15:08:00,Weather is 90% favorable for launch,https://www.cnn.com/world/live-news/boeing-starliner-launch-06-01-24-scn/h_db91b573ce29a947f96bc0147b5da794,Boeing scrubs launch of first crewed mission for Starliner spacecraft ...,www.cnn.com,0.100893,Neutral,BA,0.148731,0.255257,Somewhat-Bullish
2024-06-01 15:09:00,Live updates: Boeing and NASA launch Starliner spacecraft,https://www.cnn.com/world/live-news/boeing-starliner-launch-06-01-24-scn/index.html,"With this flight, Suni Williams, who was selected as a NASA astronaut in 1998, will make a bit of history as the mission's pilot. Few women have joined the first flight of a new spacecraft. And it won't be her first entry in the history books.",www.cnn.com,0.047423,Neutral,BA,0.075635,0.005139,Neutral
2024-06-01 15:09:27,Live updates: Boeing and NASA scrub launch of Starliner spacecraft,https://us.cnn.com/world/live-news/boeing-starliner-launch-06-01-24-scn/index.html,Live updates: Boeing to launch first crewed mission of Starliner spacecraft ...,us.cnn.com,0.108198,Neutral,BA,0.483183,0.153992,Somewhat-Bullish
2024-06-01 16:30:00,Boeing and NASA scrub launch of Starliner spacecraft,https://edition.cnn.com/world/live-news/boeing-starliner-launch-06-01-24-scn/index.html,Live updates: Boeing scrubs launch of first crewed mission of Starliner spacecraft CNN International ...,edition.cnn.com,0.108705,Neutral,BA,0.1692,0.08325,Neutral
2024-06-01 16:38:14,Boeing and NASA scrub launch of Starliner spacecraft,https://www.cnn.com/world/live-news/boeing-starliner-launch-06-01-24-scn#h_1f6fe8037ebb88de622e7314a2595e6a,( 25 ) Live updates: Boeing and NASA launch Starliner spacecraft ...,www.cnn.com,0.108705,Neutral,BA,0.1692,0.08325,Neutral
2024-06-01 18:33:00,Why we need to know what time it is on the moon,https://www.cnn.com/2024/06/01/science/moon-time-zone-science-newsletter-wt-scn/index.html,"Editor's note: A version of this story appeared in CNN's Wonder Theory science newsletter. To get it in your inbox, sign up for free here. It's easy to take the moon for granted as a silvery orb in the night sky, providing a soft light on most evenings. But have you ever pondered what time it is ...",www.cnn.com,0.040599,Neutral,BA,0.078226,0.033396,Neutral
2024-06-01 18:33:06,Boeing delays Starliner space capsule launch for at least 24 hours,https://www.aljazeera.com/news/2024/6/1/boeing-delays-starliner-space-capsule-launch-for-at-least-24-hours,"The space capsule will carry a two-person team to the International Space Station ( ISS ) . The launch countdown for Boeing's new Starliner space capsule on its inaugural crewed test flight has been halted, postponing the mission for at least 24 hours.",www.aljazeera.com,0.0805,Neutral,BA,0.279015,0.152807,Somewhat-Bullish
2024-06-01 19:28:00,United Airlines plane to undergo deep cleaning after several passengers report feeling sick on Vancouver-to-Houston flight,https://www.cnn.com/2024/06/01/travel/united-airlines-passengers-illness-vancouver-houston-trnd/index.html,"A United Airlines plane that departed from Vancouver, Canada, was removed from service to undergo a deep cleaning after several passengers who had been on the same cruise ship reported feeling unwell on the Houston-bound flight, according to the airline.",www.cnn.com,-0.111739,Neutral,BA,0.16171,-0.186376,Somewhat-Bearish
2024-06-01 19:58:00,Boeing and NASA scrub launch of Starliner spacecraft,https://www.cnn.com/world/live-news/boeing-starliner-launch-06-01-24-scn#h_e165310f05e799da77722f780a8e0a9d,"ULA CEO: ""The nation needs two ways to get to space"" Starliner is the result of Boeing's efforts to develop a spacecraft to rival SpaceX's Crew Dragon capsule and expand US options for ferrying astronauts to the space station under NASA's Commercial Crew Program.",www.cnn.com,0.108705,Neutral,BA,0.1692,0.08325,Neutral
2024-06-01 20:34:00,Boeing and NASA scrub launch of Starliner spacecraft,https://www.cnn.com/world/live-news/boeing-starliner-launch-06-01-24-scn#h_6ad33c4b3d17e0822059a6092b70b189,Boeing scrubs launch of first crewed mission for Starliner spacecraft ...,www.cnn.com,0.108705,Neutral,BA,0.1692,0.08325,Neutral
2024-06-02 01:27:13,Boeing's first astronaut flight called off due to last minute issues,https://www.business-standard.com/world-news/boeing-s-first-astronaut-flight-called-off-due-to-last-minute-issues-124060100999_1.html,"A last-minute problem nixed Saturday's launch attempt for Boeing's first astronaut flight, the latest in a string of delays over the years. Two NASA astronauts were strapped in the company's Starliner capsule when the countdown automatically was halted at 3 minutes and 50 seconds by the computer ...",www.business-standard.com,-0.14085,Neutral,BA,0.109956,-0.184838,Somewhat-Bearish
2024-06-02 03:04:00,Paris is aiming for the most sustainable Olympics yet. Organizers acknowledge the plan isn't perfect,https://apnews.com/article/paris-olympics-sustainability-climate-carbon-emissions-tahiti-85a237ea50cc2f1e5c60b907e06b7299,"PARIS ( AP ) - Of all the decisions organizers made about where to hold each sport, sending surfing competitions to the other side of the world - in the Pacific waters of Tahiti - provoked the strongest reactions.",apnews.com,0.116143,Neutral,BA,0.028903,0.014852,Neutral
2024-06-02 04:16:29,"Paris aims for most sustainable Olympics, organisers admit plan not perfect",https://www.business-standard.com/sports/olympics/paris-aims-for-most-sustainable-olympics-organisers-admit-plan-not-perfect-124060200096_1.html,"Of all the decisions Paris Olympics organisers made about where to hold each sport, sending surfing competitions to the other side of the world in the Pacific waters of Tahiti provoked the strongest reactions.",www.business-standard.com,0.111514,Neutral,BA,0.029184,0.014881,Neutral
2024-06-02 07:07:08,Air India's Delhi-Vancouver flight takes off after delay of 22 hours,https://www.business-standard.com/india-news/air-india-s-delhi-vancouver-flight-takes-off-after-delay-of-22-hours-124060200172_1.html,"Air India's Vancouver flight from Delhi of June 1 finally departed at 3.15 am on Sunday after a delay of nearly 22 hours, a source said. The flight was scheduled to take off at 5.30 am on Saturday but a ""technical"" issue forced the airline to reschedule it.",www.business-standard.com,-0.198165,Somewhat-Bearish,BA,0.105604,0.036409,Neutral
2024-06-02 09:52:00,"I typically prefer Delta over American. After head-to-head flights, the rival airline is growing on me.",https://www.businessinsider.com/american-vs-delta-airlines-domestic-basic-economy-review-2024-6,I flew American and Delta back-to-back in domestic basic economy - Business Insider ...,www.businessinsider.com,0.293171,Somewhat-Bullish,BA,0.184951,0.10932,Neutral
2024-06-02 09:52:01,"I typically prefer Delta over American. After head-to-head flights, the rival airline is growing on me.",https://africa.businessinsider.com/transportation/i-typically-prefer-delta-over-american-after-head-to-head-flights-the-rival-airline/2wt9srp,"Its good customer service and usually on-time flights have kept me as a fan of the airline well into adulthood. However, Delta recently changed its SkyMiles program to rely on money spent rather than miles flown - pointing to a desire to attract more high-dollar travelers.",africa.businessinsider.com,0.200207,Somewhat-Bullish,BA,0.171485,0.108532,Neutral
2024-06-02 11:50:00,"Managers at Boeing's largest factory 'hound mechanics' to keep quiet about safety concerns, employee says",https://www.businessinsider.com/managers-boeing-everett-hound-mechanics-keep-quiet-over-safety-concerns-2024-6,Managers at Boeing site 'hound mechanics' to keep quiet over safety concerns - Business Insider ...,www.businessinsider.com,0.06664,Neutral,BA,0.57877,0.137697,Neutral
2024-06-02 15:57:00,FAA says it doesn't 'have a timeframe' for when Boeing will be allowed to increase production of its 737 Max planes again,https://www.businessinsider.com/boeing-737-max-plane-safety-faa-production-timeline-2024-6,FAA 'doesn't have a timeframe' for Boeing 737 Max plane production - Business Insider ...,www.businessinsider.com,0.1785,Somewhat-Bullish,BA,0.773597,0.200622,Somewhat-Bullish
2024-06-03 03:04:27,"Boeing, Nasa target June 5 for Starliner's debut crew flight to ISS",https://www.business-standard.com/world-news/boeing-nasa-target-june-5-for-starliner-s-debut-crew-flight-to-iss-124060300081_1.html,Boeing and NASA said on Sunday that their teams are preparing to launch the new Starliner space capsule on June 5 after scrubbing its inaugural test flight launch attempt on Saturday.,www.business-standard.com,0.13385,Neutral,BA,0.323078,0.365503,Bullish
2024-06-03 06:30:07,"Global airlines raise profit outlook for 2024, projects $1 trn in revenue",https://www.business-standard.com/industry/news/global-airlines-raise-profit-outlook-for-2024-projects-1-trn-in-revenue-124060300319_1.html,Global airlines on Monday raised their profit forecast for 2024 and projected industry-wide revenues just shy of $1 trillion as a record number of travellers board flights.,www.business-standard.com,0.045672,Neutral,BA,0.077845,0.030759,Neutral
2024-06-03 07:06:18,"Global airlines on track for $30 billion profit in 2024, predicts IATA",https://www.business-standard.com/world-news/global-airlines-on-track-for-30-billion-profit-in-2024-predicts-iata-124060300373_1.html,"The global airline industry is set to generate $30.5 billion in net income this year, the International Air Transport Association predicted, amid higher ticket prices and a continued desire to travel following the pandemic.",www.business-standard.com,0.172858,Somewhat-Bullish,BA,0.105604,-0.008026,Neutral
2024-06-03 07:17:57,"Boeing Busted For Stealing Trade Secrets? Jury Awards $72M To Electric Aircraft Startup, Troubled Planemaker To Contest Judgment - Boeing  ( NYSE:BA ) ",https://www.benzinga.com/news/24/06/39130171/boeing-busted-for-stealing-trade-secrets-jury-awards-72m-to-electric-aircraft-startup-troubled-plane,A federal jury in Seattle on Thursday reportedly instructed Boeing Co BA to give electric aircraft startup Zunum Aero $72 million for allegedly stealing its trade secrets.,www.benzinga.com,-0.07275,Neutral,BA,0.904419,-0.346374,Somewhat-Bearish
2024-06-03 09:02:00,"What Boeing needs in its next CEO, according to the president of Emirates",https://www.businessinsider.com/next-boeing-ceo-emirates-president-ideas-aerospace-engineer-2024-6,Emirates president has ideas for what Boeing's next CEO needs to do - Business Insider ...,www.businessinsider.com,0.13766,Neutral,BA,0.504646,-0.053677,Neutral
2024-06-03 10:09:00,A United plane had to be taken out of service and deep cleaned after dozens of passengers flying home from a cruise started throwing up,https://www.businessinsider.com/united-briefly-grounds-plane-after-30-passengers-fall-ill-2024-6,United briefly grounds plane after 30 passengers fall ill - Business Insider ...,www.businessinsider.com,-0.285775,Somewhat-Bearish,BA,0.254307,-0.221502,Somewhat-Bearish
2024-06-03 11:17:18,Boeing Starliner Mission To ISS Rescheduled For June 5 After Fixing Launch Pad Equipment Issue - Boeing  ( NYSE:BA ) ,https://www.benzinga.com/news/24/06/39133361/boeing-starliner-mission-to-iss-rescheduled-for-june-5-after-fixing-launch-pad-equipment-issue,"The first crewed flight test of Boeing Co's BA Starliner spacecraft to the International Space Station ( ISS ) will now be launched on June 5, the company said on Sunday, a day after Saturday's scrubbed launch attempt.",www.benzinga.com,0.115432,Neutral,BA,0.699089,0.205601,Somewhat-Bullish
2024-06-03 11:30:00,"""Ab India Door Nahin!"" Air Canada Significantly Expands Service to India for Winter 2024-25, Leveraging its Global Network Strength",https://www.newswire.ca/news-releases/-ab-india-door-nahin-air-canada-significantly-expands-service-to-india-for-winter-2024-25-leveraging-its-global-network-strength-858057321.html,"""Ab India Door Nahin!"" Air Canada Significantly Expands Service to India for Winter 2024-25, Leveraging its Global ... Canada ...",www.newswire.ca,0.188964,Somewhat-Bullish,BA,0.123844,0.026257,Neutral
2024-06-03 12:18:30,Kimberly-Clark To Rally Around 24%? Here Are 10 Top Analyst Forecasts For Monday - Kimberly-Clark  ( NYSE:KMB ) ,https://www.benzinga.com/news/24/06/39135145/kimberly-clark-to-rally-around-24-here-are-10-top-analyst-forecasts-for-monday,"Top Wall Street analysts changed their outlook on these top names. For a complete view of all analyst rating changes, including upgrades and downgrades, please see our analyst ratings page. RBC Capital boosted the price target for Kimberly-Clark Corporation KMB from $126 to $165.",www.benzinga.com,0.240646,Somewhat-Bullish,BA,0.229872,0.130127,Neutral
2024-06-03 12:22:39,Why Saudi Arabia Never Acquired The F-16,https://www.forbes.com/sites/pauliddon/2024/06/03/why-saudi-arabia-never-acquired-the-f-16/,"Boeing hopes Saudi Arabia will choose the F-15EX Eagle II over rival bids for Eurofighter Typhoons from the United Kingdom and Dassault Rafale multirole fighter jets from France. The American aerospace giant pointed to Riyadh's decades-long interest in and experience operating the F-15, of which ...",www.forbes.com,0.143732,Neutral,BA,0.096155,0.08348,Neutral
2024-06-03 12:24:58,Daily: Big Tech Drives S&P 500's Second-Best May In Two Decades,https://www.forbes.com/sites/daniellechemtob/2024/06/03/forbes-daily-big-tech-drives-sp-500s-second-best-may-in-two-decades/,"This is a published version of the Forbes Daily newsletter, you can sign-up to get Forbes Daily in your inbox here. Walking into an Abercrombie & Fitch store today, you won't find shirtless models or a strong cologne scent.",www.forbes.com,0.079279,Neutral,BA,0.026357,-0.235992,Somewhat-Bearish
2024-06-03 12:46:02,Kimberly-Clark To Rally Around 24%? Here Are 10 Top Analyst Forecasts For Monday,https://markets.businessinsider.com/news/stocks/kimberly-clark-to-rally-around-24-here-are-10-top-analyst-forecasts-for-monday-1033445492,"Top Wall Street analysts changed their outlook on these top names. For a complete view of all analyst rating changes, including upgrades and downgrades, please see our analyst ratings page. • RBC Capital boosted the price target for Kimberly-Clark Corporation ( NYSE:KMB ) from $126 to $165.",markets.businessinsider.com,0.238134,Somewhat-Bullish,BA,0.16171,0.131214,Neutral
2024-06-03 12:48:00,Boeing's Starliner Schedules New Launch This Week After Last Minute Cancellation-How To Watch And Why It Matters,https://www.forbes.com/sites/roberthart/2024/06/03/boeings-starliner-schedules-new-launch-this-week-after-last-minute-cancellation-how-to-watch-and-why-it-matters/,How To Watch Boeing's Starliner Launch As Company Targets Musk's SpaceX Forbes ...,www.forbes.com,0.02606,Neutral,BA,0.44074,-0.072764,Neutral
2024-06-03 13:50:07,New Boeing CEO Must Learn From Crisis: IATA Head - Boeing  ( NYSE:BA ) ,https://www.benzinga.com/news/24/06/39137671/new-boeing-ceo-must-learn-from-crisis-iata-head,"The situation was worsened by a recent incident involving a midair panel blowout on a nearly new 737 MAX plane. Now, the head of the International Air Transport Association ( IATA ) is warning the company to learn from past mistakes and adopting best practices.",www.benzinga.com,0.048777,Neutral,BA,0.627119,0.110254,Neutral
2024-06-03 14:45:00,Dow Jones Falls As Fed Official Says This But Nasdaq Leads; GameStop Soars Amid Roaring Kitty Bet,https://www.investors.com/market-trend/stock-market-today/dow-jones-nasdaq-sp500-fed-official-neel-kashkari-gamestop-roaring-kitty-bet/,Dow Jones Falls As Fed Official Says This But Nasdaq Leads. GameStop Soars Amid Roaring Kitty Bet Investor's Business Daily ...,www.investors.com,0.132595,Neutral,BA,0.039289,0.209557,Somewhat-Bullish
2024-06-03 16:33:00,Here's Why Copa Holdings  ( CPA )  Stock Can Grace Your Portfolio,https://www.zacks.com/stock/news/2282926/heres-why-copa-holdings-cpa-stock-can-grace-your-portfolio,Copa Holdings' (CPA) top line gains from improved air travel demand and fleet modernization efforts.,www.zacks.com,0.363406,Bullish,BA,0.327366,-0.009361,Neutral
2024-06-03 17:19:46,Why Is Boeing Stock Soaring On Monday? - Boeing  ( NYSE:BA ) ,https://www.benzinga.com/news/24/06/39142764/why-is-boeing-stock-soaring-on-monday,"On Monday, Airplane maker Boeing Co BA shares are trading higher after a Reuters report that said its executives are unlikely to face criminal charges over the fatal crashes in 2018 and 2019 that resulted in the deaths of 346 individuals.",www.benzinga.com,0.0,Neutral,BA,0.790605,-0.08709,Neutral
2024-06-03 18:03:11,EXCLUSIVE: Tema American Reshoring ETF Outshines S&P 500 Without Owning Magnificent 7 Stocks - 'They Can No Longer Manufacture In China',https://markets.businessinsider.com/news/stocks/exclusive-tema-american-reshoring-etf-outshines-s-p-500-without-owning-magnificent-7-stocks-%E2%80%94-they-can-no-longer-manufacture-in-china-1033446965,EXCLUSIVE: Tema American Reshoring ETF Outshines S&P 500 Without Owning Magnificent 7 Stocks - 'They Can ... - Markets Insider ...,markets.businessinsider.com,0.20189,Somewhat-Bullish,BA,0.068502,-0.234282,Somewhat-Bearish
2024-06-03 19:25:00,Is Boeing Stock Going to $240? 1 Wall Street Analyst Thinks So.,https://www.fool.com/investing/2024/06/03/is-boeing-stock-going-to-240-1-wall-street-analyst/,"According to some on Wall Street, the ailing aerospace and defense giant still has a 35% upside.",www.fool.com,-0.038767,Neutral,BA,0.377142,-0.05057,Neutral
2024-06-03 20:46:05,"As The Glide Bomb War Intensifies Over Ukraine, The Ukrainians Have Enough Jets-But Not Nearly Enough Bombs",https://www.forbes.com/sites/davidaxe/2024/06/03/as-the-glide-bomb-war-intensifies-over-ukraine-the-ukrainians-have-enough-jets-but-not-nearly-enough-bombs/,"The Russian air force lobs as many as 3,000 glide bombs at Ukrainian troops and civilians every month. The satellite-guided bombs range as far as 40 miles, meaning Russian fighter-bombers-Sukhoi Su-30s, Su-34s and Su-35s-can release their bombs from beyond the reach of all but the best, and ...",www.forbes.com,0.002401,Neutral,BA,0.056943,-0.028021,Neutral
2024-06-03 21:30:00,HII Names Strategic Leadership to Advance AUKUS Goals in Australia - Huntington Ingalls Indus  ( NYSE:HII ) ,https://www.benzinga.com/pressreleases/24/06/g39148636/hii-names-strategic-leadership-to-advance-aukus-goals-in-australia,"CANBERRA, Australia, June 03, 2024 ( GLOBE NEWSWIRE ) -- HII's HII Mission Technologies division announced the appointment of Tim Brown as vice president of operations and Terry Nichols as the managing director for two HII business areas in Australia.",www.benzinga.com,0.336149,Somewhat-Bullish,BA,0.059935,0.123002,Neutral
2024-06-03 21:31:00,Boeing's Starliner crew prepares for Wednesday launch,https://www.cnn.com/2024/06/03/science/boeing-starliner-wednesday-launch-scn/index.html,Boeing's Starliner gears up for a third launch attempt after weekend scrub ...,www.cnn.com,0.075898,Neutral,BA,0.127007,0.098232,Neutral
2024-06-04 01:35:18,Killer turbulence makes global airlines turn to IATA's Big Data programme,https://www.business-standard.com/world-news/killer-turbulence-makes-global-airlines-turn-to-iata-s-big-data-programme-124060400082_1.html,"Airlines are expressing a greater interest in IATA's turbulence awareness programme, a data collection system that helps pilots navigate tricky weather in real time, after last month's Singapore Airlines Ltd. incident that left one dead and scores injured.",www.business-standard.com,0.0621,Neutral,BA,0.065866,-0.113196,Neutral
2024-06-04 08:28:10,"Amid Boeing's Production Delays, Airbus Initiate Talks To Sell Over 100 Widebody Jets To China: Report - Airbus  ( OTC:EADSY ) ",https://www.benzinga.com/markets/asia/24/06/39153001/amid-boeings-production-delays-airbus-initiate-talks-to-sell-over-100-widebody-jets-to-china-report,Airbus SE EADSY is negotiating a significant sale of A330Neo aircraft to China. What Happened: The discussions have gained momentum since President Xi Jinping visited French President Emmanuel Macron last month.,www.benzinga.com,0.22594,Somewhat-Bullish,BA,0.298264,0.115565,Neutral
2024-06-04 12:05:03,Boeing Poised To Land A Whopping 250-Jet Order From Turkish Airlines: Report - Boeing  ( NYSE:BA ) ,https://www.benzinga.com/news/24/06/39156834/boeing-poised-to-land-a-whopping-250-jet-order-from-turkish-airlines-report,"In a significant development for the aviation industry, Turkish Airlines is reportedly on the verge of striking a massive deal with Boeing Co. BA for a fleet expansion that could include up to 250 jetliners.",www.benzinga.com,0.098896,Neutral,BA,0.795061,0.131273,Neutral
2024-06-04 14:00:00,"Military Artificial Intelligence  ( AI )  Market Surges to USD 35.54 Billion by 2031, Propelled by 14.49% CAGR - Verified Market Research®",https://www.benzinga.com/pressreleases/24/06/g39161663/military-artificial-intelligence-ai-market-surges-to-usd-35-54-billion-by-2031-propelled-by-14-49-,"Lewes, Delaware, June 04, 2024 ( GLOBE NEWSWIRE ) -- The Global Military Artificial Intelligence ( AI ) Market is projected to grow at a CAGR of 14.49% from 2024 to 2031, according to a new report published by Verified Market Research®.",www.benzinga.com,0.345958,Somewhat-Bullish,BA,0.0312,0.172172,Somewhat-Bullish
2024-06-04 15:11:19,Epoch Times CFO charged with money laundering,https://theweek.com/business/epoch-times-CFO-money-laundering,"Weidong ""Bill"" Guan, chief financial officer of the right-wing Epoch Times news organization, was arrested and charged with ""participating in a transnational scheme to launder at least approximately $67 million of illegally obtained funds,"" the Justice Department said Monday.",theweek.com,-0.075373,Neutral,BA,0.060388,0.050826,Neutral
2024-06-04 16:35:41,Companies Want CFOs Who Can Use AI And Develop Long-Term Strategy,https://www.forbes.com/sites/cfo/2024/06/04/companies-want-cfos-who-can-use-ai-and-develop-long-term-strategy/,"This is the published version of Forbes' CFO newsletter, which offers the latest news for chief finance officers and other leaders focused on the budget. Sign up here to get it delivered to your inbox every Tuesday.",www.forbes.com,0.139446,Neutral,BA,0.03777,-0.026614,Neutral
2024-06-04 17:46:28,United Airlines Hits Brakes On Hiring This Year Due To Boeing Woes: Report - United Airlines Holdings  ( NASDAQ:UAL ) ,https://www.benzinga.com/markets/equities/24/06/39167512/united-airlines-hits-brakes-on-hiring-this-year-due-to-boeing-woes-report,"United Airlines Holdings, Inc. UAL is reportedly expected to scale back on employee hiring this year due to Boeing Company's BA delays in delivering new airplanes. Even though United Airlines is reducing its hiring plans, it still expects to hire a significant number of new employees in 2024, ...",www.benzinga.com,0.050473,Neutral,BA,0.371523,-0.336822,Somewhat-Bearish
2024-06-04 21:41:00,SpaceX gets green light for fourth Starship test flight,https://www.cnn.com/2024/06/04/science/spacex-starship-fourth-flight-faa-approval/index.html,"Sign up for CNN's Wonder Theory science newsletter. Explore the universe with news on fascinating discoveries, scientific advancements and more. SpaceX has received a launch license authorizing the fourth test flight of its massive moon rocket.",www.cnn.com,0.121364,Neutral,BA,0.050679,-0.261529,Somewhat-Bearish
2024-06-05 06:00:00,Watch the historic launch of Boeing's first crewed Starliner mission,https://www.cnn.com/2024/06/05/science/nasa-boeing-starliner-launch-scn/index.html,"Sign up for CNN's Wonder Theory science newsletter. Explore the universe with news on fascinating discoveries, scientific advancements and more. Boeing's Starliner mission will make a third attempt at launching its first crewed flight test Wednesday in a milestone that has been a decade in the ...",www.cnn.com,0.05896,Neutral,BA,0.03453,0.012387,Neutral
2024-06-05 08:12:29,NTSB: American Airlines & Delta Near-Miss At JFK Proves Need For Tech,https://www.forbes.com/sites/marisagarcia/2024/06/05/ntsb-american-airlines--delta-near-miss-at-jfk-proves-need-for-tech/,The National Transportation Safety Board has published an abstract of its final report on a near-miss collision between an American Airlines Boeing 777 and a Delta Air Lines Boeing 737 on the runway at John F. Kennedy International Airport in New York in January of last year.,www.forbes.com,0.009697,Neutral,BA,0.075995,0.006113,Neutral
2024-06-05 09:29:00,Boeing vs. Airbus: Who Wins This Space Dinosaur Race?,https://www.fool.com/investing/2024/06/05/boeing-vs-airbus-who-wins-this-space-dinosaur-race/,Stakes are high as Boeing and the Airbus subsidiary Arianespace compete for bragging rights -- but SpaceX looms in the background.,www.fool.com,0.088502,Neutral,BA,0.417611,0.051372,Neutral
2024-06-05 10:44:42,Govt studying 300 airstrips to develop brownfield airports: Aviation secy,https://www.business-standard.com/industry/news/govt-studying-300-airstrips-to-develop-brownfield-airports-aviation-secy-124060500711_1.html,"The Centre has started studying 300 airstrips across the country as it looks to develop them as brownfield airports to spread air connectivity, Aviation secretary Vumlunmang Vualnam stated on Wednesday. Currently, India has a total of 453 airstrips and 157 of them have been operationalised as ...",www.business-standard.com,0.086339,Neutral,BA,0.154455,0.024591,Neutral
2024-06-05 11:55:00,"United Airlines CEO says he wants to see a competitor break the Airbus-Boeing duopoly, but isn't convinced by Chinese upstart Comac",https://www.businessinsider.com/united-airlines-ceo-criticizes-airbus-boeing-duopoly-calls-for-change-2024-6,"United Airlines CEO criticizes Airbus-Boeing duopoly, calls for change - Business Insider ...",www.businessinsider.com,0.096889,Neutral,BA,0.624172,0.150083,Somewhat-Bullish
2024-06-05 12:52:00,Boeing's Starliner Attempting A NASA Launch Today After Setbacks-How To Watch And Why It Matters,https://www.forbes.com/sites/roberthart/2024/06/05/boeings-starliner-attempting-a-nasa-launch-today-after-setbacks-how-to-watch-and-why-it-matters/,How To Watch Boeing's Starliner Launch As Company Targets Musk's SpaceX Forbes ...,www.forbes.com,0.026066,Neutral,BA,0.44266,-0.058419,Neutral
2024-06-05 13:00:16,Investors Heavily Search The Boeing Company  ( BA ) : Here is What You Need to Know,https://www.zacks.com/stock/news/2283812/investors-heavily-search-the-boeing-company-ba-here-is-what-you-need-to-know,"Zacks.com users have recently been watching Boeing (BA) quite a bit. Thus, it is worth knowing the facts that could determine the stock's prospects.",www.zacks.com,0.229104,Somewhat-Bullish,BA,0.528798,0.148517,Neutral
2024-06-05 13:21:00,Northrop  ( NOC )  Wins a Deal to Aid Its E-2D Advanced Hawkeye Jet,https://www.zacks.com/stock/news/2284049/northrop-noc-wins-a-deal-to-aid-its-e-2d-advanced-hawkeye-jet,Northrop (NOC) is set to provide continued fabrication and installation support to include Tactical Targeting Network Technology and the Beyond Line of Sight for the E-2D Hawkeye aircraft.,www.zacks.com,0.283875,Somewhat-Bullish,BA,0.097062,0.1564,Somewhat-Bullish
2024-06-05 14:53:38,Elon Musk Wishes 'Best Of Luck' As SpaceX Competitor Boeing Takes Another Swing At Sending Astronauts To Space On Starliner - Boeing  ( NYSE:BA ) ,https://www.benzinga.com/news/24/06/39186921/elon-musk-wishes-best-of-luck-as-spacex-competitor-boeing-takes-another-swing-at-sending-astronauts,"Elon Musk, the CEO of SpaceX, extended his best wishes to competitor Boeing Co. BA for the first crewed test flight of their Starliner spacecraft to the International Space Station ( ISS ) .",www.benzinga.com,0.112931,Neutral,BA,0.560594,0.051235,Neutral
2024-06-05 14:55:29,Boeing's Starliner Finally Launches With NASA Crew After Delays-Here's How To Follow Along,https://www.forbes.com/sites/tylerroush/2024/06/05/boeings-starliner-finally-launches-with-nasa-crew-after-delays-heres-how-to-follow-along/,Boeing's Starliner Finally Launches With NASA Crew-Here's How To Follow Along Forbes ...,www.forbes.com,-0.083914,Neutral,BA,0.33628,-0.08997,Neutral
2024-06-05 15:06:23,'His spell over voters seems to have been broken',https://theweek.com/politics/modi-voters-election,"Indian Prime Minister Narendra Modi ""may have finally hit a roadblock"" in the country's recent elections, says Anjali Mody.",theweek.com,0.119881,Neutral,BA,0.109705,0.03091,Neutral
2024-06-05 15:13:00,Live updates: Boeing and NASA launch Starliner spacecraft,https://edition.cnn.com/world/live-news/boeing-starliner-launch-06-05-24-scn/index.html,Live updates: Boeing launches first crewed Starliner spacecraft CNN International ...,edition.cnn.com,0.107725,Neutral,BA,0.307283,0.066989,Neutral
2024-06-05 15:25:15,Boeing's First Astronauts Are Finally on Their Way,https://www.theatlantic.com/science/archive/2024/06/boeing-starliner-launch-nasa-astronauts/678574/,"A Boeing spacecraft launched from the coast of Florida into orbit this morning, taking off in the kind of picture-perfect weather that every rocket hopes for in Cape Canaveral. Two veteran NASA astronauts are now on their way to the International Space Station.",www.theatlantic.com,0.035798,Neutral,BA,0.627617,0.093864,Neutral
2024-06-05 15:36:16,Boeing's Starliner Launches Into Space With NASA Astronauts On Board - Boeing  ( NYSE:BA ) ,https://www.benzinga.com/news/24/06/39188243/boeings-starliner-launches-into-space-with-nasa-astronauts-on-board,"In a historic moment, Boeing Co. BA successfully launched its Starliner spacecraft with astronauts on board for the first time on Tuesday. The spacecraft, carrying NASA astronauts Barry ""Butch"" Wilmore and Sunita Williams, took off from Cape Canaveral, Florida, at 10:52 a.m. ET.",www.benzinga.com,0.209296,Somewhat-Bullish,BA,0.447528,0.492867,Bullish
2024-06-05 15:42:14,Boeing's Starliner Finally Reaches Orbit With NASA Crew-Here's How To Follow Along,https://www.forbes.com/sites/tylerroush/2024/06/05/boeings-starliner-finally-reaches-orbit-with-nasa-crew-heres-how-to-follow-along/,"Boeing's Starliner spacecraft launched Wednesday morning, sending a pair of NASA astronauts to the International Space Station, a milestone for the aerospace firm amid competition with SpaceX and years of delays. Starliner lifted off from Cape Canaveral Space Force Station in Florida shortly ...",www.forbes.com,-0.030897,Neutral,BA,0.453099,-0.068622,Neutral
2024-06-05 16:04:00,Boeing launches NASA astronauts for the first time after years of delays,https://apnews.com/article/boeing-starliner-nasa-astronauts-launch-e139ce1842e0324942746bb0cdee5c73,"CAPE CANAVERAL, Fla. ( AP ) - Boeing launched astronauts for the first time Wednesday, belatedly joining SpaceX as a second taxi service for NASA. A pair of NASA test pilots blasted off aboard for the International Space Station, the first to fly the new spacecraft.",apnews.com,0.085438,Neutral,BA,0.317527,0.06771,Neutral
2024-06-05 16:31:54,Here's Why Shares of Howmet Aerospace Crushed the Market in May,https://www.fool.com/investing/2024/06/05/heres-why-shares-in-howmet-aerospace-crushed-the-m/,"The aerospace supplier beat expectations in the first quarter, and there's reason to believe its strong run can continue.",www.fool.com,0.185668,Somewhat-Bullish,BA,0.119235,-0.193404,Somewhat-Bearish
2024-06-05 16:33:12,Indian-origin astronaut Sunita Williams embarks on her third space mission,https://www.business-standard.com/world-news/indian-origin-astronaut-sunita-williams-embarks-on-her-third-space-mission-124060501125_1.html,"Indian-origin astronaut Sunita Williams flew to space for the third time on Wednesday along with a colleague, scripting history as the first members aboard Boeing's Starliner spacecraft to the International Space Station.",www.business-standard.com,-0.046657,Neutral,BA,0.137671,0.0,Neutral
2024-06-05 17:57:00,Ryanair  ( RYAAY )  Posts Impressive May 2024 Traffic Numbers,https://www.zacks.com/stock/news/2284262/ryanair-ryaay-posts-impressive-may-2024-traffic-numbers,"Ryanair's (RYAAY) load factor for May 2024 improved to 95% from 94% in the year-ago period, driven by a buoyant traffic scenario.",www.zacks.com,0.254622,Somewhat-Bullish,BA,0.107978,0.239595,Somewhat-Bullish
2024-06-05 18:01:00,Live updates: Boeing and NASA launch Starliner spacecraft,https://www.cnn.com/world/live-news/boeing-starliner-launch-06-05-24-scn/index.html,Live updates: Boeing launches first crewed Starliner spacecraft ...,www.cnn.com,0.147165,Neutral,BA,0.308891,0.136178,Neutral
2024-06-05 18:18:00,What to know about Boeing's first spaceflight carrying NASA astronauts,https://apnews.com/article/boeing-test-flight-astronauts-space-station-0d773b17baca7c51427371c54d6ac47b,"CAPE CANAVERAL, Fla. ( AP ) - After years of stumbles and delays, Boeing has to the International Space Station for NASA. It's the first flight of Boeing's Starliner capsule with a crew on board, a pair of NASA pilots who will check out the spacecraft during the test drive and a weeklong stay ...",apnews.com,0.037786,Neutral,BA,0.461468,0.133459,Neutral
2024-06-05 18:23:52,Emirates Executives See No Need To Join A Global Airline Alliance,https://www.forbes.com/sites/douggollan/2024/06/05/emirates-executives-see-no-need-to-join-a-global-airline-alliance/,Emirates executives visiting Miami to launch a new route to Bogota downplayed reports the leading airline could be nearing a move to join Star Alliance. The daily flight to the capital of Colombia is an extension of its current service to Dubai.,www.forbes.com,0.144604,Neutral,BA,0.089295,0.161834,Somewhat-Bullish
2024-06-05 18:29:00,"Distracted pilots led to near collision on JFK runway, NTSB says",https://www.cnn.com/2024/06/05/us/jfk-runway-ntsb-report/index.html,"The landmark near collision last year involving two commercial flights on the runway at New York's John F. Kennedy International Airport was caused by pilots who were repeatedly distracted in the cockpit, according to early findings released by the National Transportation Safety Board.",www.cnn.com,-0.059531,Neutral,BA,0.155954,-0.194137,Somewhat-Bearish
2024-06-05 19:54:12,Starliner enroute to ISS with first crewed mission in Boeing-NASA venture,https://www.aljazeera.com/program/newsfeed/2024/6/5/video-starliner-enroute-to-iss-with-first-crewed-mission-in-boeing-nasa-ve,"After years of delays and two failed attempts, the joint mission to space for Boeing and NASA is in orbit with two astronauts on board. The Starliner took off from Cape Canaveral, US for its first-ever crewed mission.",www.aljazeera.com,-0.192542,Somewhat-Bearish,BA,0.622414,-0.28889,Somewhat-Bearish
2024-06-05 20:17:27,Boeing CEO to testify in Senate hearing June 18,https://www.cnbc.com/2024/06/05/boeing-ceo-dave-calhoun-senate-hearing.html,Boeing's departing CEO Dave Calhoun will face lawmakers' questions about aircraft quality and whistleblower allegations.,www.cnbc.com,0.095236,Neutral,BA,0.619618,0.146323,Neutral
2024-06-05 21:22:00,"Southwest Airlines raises price of early check-ins, upgraded boarding",https://www.foxbusiness.com/lifestyle/southwest-airlines-raises-price-early-check-ins-upgraded-boarding,Southwest Airlines has quietly increased the prices of certain fee-based services that can help passengers get on their flights quicker and increase their chances of getting a better choice of seat.,www.foxbusiness.com,0.1498,Neutral,BA,0.078099,-0.211568,Somewhat-Bearish
2024-06-05 21:45:08,Boeing  ( BA )  Increases Yet Falls Behind Market: What Investors Need to Know,https://www.zacks.com/stock/news/2284317/boeing-ba-increases-yet-falls-behind-market-what-investors-need-to-know,"In the latest trading session, Boeing (BA) closed at $189.85, marking a +0.65% move from the previous day.",www.zacks.com,0.198962,Somewhat-Bullish,BA,0.498827,0.215909,Somewhat-Bullish
2024-06-06 02:49:19,737 MAX case: Boeing CEO to testify before US Senate panel on June 18,https://www.business-standard.com/world-news/737-max-case-boeing-ceo-to-testify-before-us-senate-panel-on-june-18-124060600088_1.html,"Outgoing Boeing CEO Dave Calhoun will testify before a US Senate panel on June 18 after a series of incidents raised concerns about safety and quality, and led regulators to cap the planemaker's production of its best-selling 737 MAX.Senator Richard Blumenthal, who chairs the Permanent ...",www.business-standard.com,0.009843,Neutral,BA,0.864766,0.016928,Neutral
2024-06-06 03:33:45,"Wide-body aircrafts, business class seats - Indigo's new flight plan promises luxurious journey and global expansion",https://www.financialexpress.com/business/airlines-aviation-wide-body-aircrafts-business-class-seats-indigos-new-flight-plan-promises-luxurious-journey-and-global-expansion-3516165/,"Indigo intends to incorporate wide-body aircraft into its fleet by 2027. During a session at the CAPA India Aviation Summit 2024, CEO Pieter Elbers disclosed the airline is exploring diverse financing options for fleet expansion.",www.financialexpress.com,0.362997,Bullish,BA,0.096283,0.0,Neutral
2024-06-06 03:51:50,Boeing's outgoing CEO to front US Senate over safety concerns,https://www.aljazeera.com/economy/2024/6/6/boeings-outgoing-ceo-to-front-us-senate-over-safety-concerns,CEO Dave Calhoun's slated appearance comes after whistleblowers alleged problems in the production of aircraft. Boeing's outgoing chief executive will appear at the United States Senate to answer questions about whistleblowers' claims of safety lapses at the aircraft giant.,www.aljazeera.com,0.123459,Neutral,BA,0.582526,0.359019,Bullish
2024-06-06 05:33:00,Boeing Starliner team detects new helium leaks en route to space station,https://www.cnn.com/2024/06/06/science/boeing-starliner-new-helium-leaks-scn/index.html,"After a successful launch that was a decade in the making, Boeing's Starliner mission is navigating new issues en route to the International Space Station, according to NASA. The space agency said late Wednesday in a post on X that two additional helium leaks had been detected on the vehicle.",www.cnn.com,0.047546,Neutral,BA,0.129516,0.062278,Neutral
2024-06-06 06:34:21,"Sunita Williams, Butch Wilmore test unique Starliner piloting capability",https://www.business-standard.com/world-news/sunita-williams-butch-wilmore-test-unique-starliner-piloting-capability-124060600282_1.html,"On the way to the International Space Station aboard Boeing's Starliner spacecraft, Indian-origin astronaut Sunita Williams and her colleague Butch Wilmore tested out a unique capability of the spacecraft on orbit manual piloting.",www.business-standard.com,-0.011809,Neutral,BA,0.314017,-0.031632,Neutral
2024-06-06 08:35:00,Elon Musk's SpaceX Launches Fourth Test Of Starship Rocket Today-How To Watch And Why It Matters,https://www.forbes.com/sites/roberthart/2024/06/06/elon-musks-spacex-launches-fourth-test-of-starship-rocket-today-how-to-watch-and-why-it-matters/,"Elon Musk's SpaceX is poised to launch its massive Starship rocket for the fourth time on Thursday, in hopes to perfect a reusable rocket that will make space cheaper to access, exploit and even visit.",www.forbes.com,0.159794,Somewhat-Bullish,BA,0.109956,0.021202,Neutral
2024-06-06 11:00:00,SpaceX soars through new milestones in test flight of the most powerful rocket ever built,https://www.cnn.com/2024/06/06/science/spacex-starship-launch-fourth-test-flight-scn,SpaceX's Starship to launch for a fourth time ...,www.cnn.com,0.175511,Somewhat-Bullish,BA,0.028321,0.120961,Neutral
2024-06-06 11:02:45,Boeing's Outgoing CEO Dave Calhoun Set To Testify Before US Senate On June 18 Amid Safety Concerns - Boeing  ( NYSE:BA ) ,https://www.benzinga.com/news/24/06/39202009/boeings-outgoing-ceo-dave-calhoun-set-to-testify-before-us-senate-on-june-18-amid-safety-concerns,"The outgoing CEO of Boeing Co BA, Dave Calhoun, is scheduled to testify before a U.S. Senate panel on June 18. Calhoun's testimony comes in the wake of a series of incidents that have raised concerns about the safety and quality of Boeing aircraft, leading to a reduction in production of its 737 ...",www.benzinga.com,-0.088971,Neutral,BA,0.747404,-0.22204,Somewhat-Bearish
2024-06-06 11:03:00,Boeing Starliner spacecraft experiencing helium leaks ahead of docking at space station,https://www.foxbusiness.com/technology/boeing-starliner-spacecraft-experiencing-helium-leaks-ahead-docking-space-station,"Boeing's Starliner spacecraft, currently in its first crewed test to the International Space Station, is experiencing helium leaks ahead of docking Thursday afternoon.",www.foxbusiness.com,0.114315,Neutral,BA,0.345674,0.187474,Somewhat-Bullish
2024-06-06 12:12:00,Boeing's space capsule springs more helium leaks on its first test flight with astronauts,https://apnews.com/article/boeing-starliner-nasa-astronauts-launch-fc55af012efeb32cbeaa4d264ab85e11,"CAPE CANAVERAL, Fla. ( AP ) - Boeing's developed more leaks during its as it closed in on the International Space Station on Thursday. The already had one small helium leak when it rocketed into orbit Wednesday.",apnews.com,-0.185722,Somewhat-Bearish,BA,0.565345,-0.329446,Somewhat-Bearish
2024-06-06 12:46:51,SpaceX's Starship Rocket Splashes Down For First Time In Key Test Flight,https://www.forbes.com/sites/tylerroush/2024/06/06/spacex-launching-starships-fourth-test-flight-heres-how-to-follow-along/,Elon Musk's SpaceX Returns Starship To Earth's Atmosphere In A First Forbes ...,www.forbes.com,0.103874,Neutral,BA,0.09186,0.00941,Neutral
2024-06-06 15:36:35,Boeing's Starliner Faces Helium Leak Ahead of ISS Docking: Report - Boeing  ( NYSE:BA ) ,https://www.benzinga.com/news/24/06/39210201/boeings-starliner-faces-helium-leak-ahead-of-iss-docking-report,"Boeing Co's BA new Starliner capsule, carrying its inaugural two-member NASA crew, is detecting a helium leak as it approached the International Space Station ( ISS ) . What Happened: Helium leaks on the CST-100 Starliner render some of the craft's 28 thrusters unusable.",www.benzinga.com,-0.045402,Neutral,BA,0.580732,-0.096639,Neutral
2024-06-06 17:16:09,Boeing Starliner attempts delayed ISS docking after thruster issue,https://www.cnbc.com/2024/06/06/boeing-starliner-iss-docking.html,"Boeing's Starliner capsule is making a delayed docking attempt with the International Space Station on Thursday, after NASA called off an initial approach.",www.cnbc.com,0.019019,Neutral,BA,0.122894,0.12593,Neutral
2024-06-06 17:39:00,Boeing's Starliner Capsule Docks At International Space Station In Major Milestone,https://www.forbes.com/sites/tylerroush/2024/06/06/boeings-starliner-capsule-docks-at-international-space-station-in-major-milestone/,Boeing's Starliner Docks At International Space Station Forbes ...,www.forbes.com,-0.06404,Neutral,BA,0.384397,-0.113705,Neutral
2024-06-06 17:58:00,Southwest flight diverted back to Denver as passenger describes 'crying and screaming' before landing,https://www.foxbusiness.com/lifestyle/southwest-flight-diverted-back-denver-passenger-describes-crying-screaming-before-landing,"A passenger onboard a Southwest Airlines flight that was diverted back to Denver after suffering a tire failure says people in the cabin were ""crying and screaming"" before the plane made an emergency landing.",www.foxbusiness.com,-0.272111,Somewhat-Bearish,BA,0.170878,0.0,Neutral
2024-06-06 19:55:15,Boeing Increases Yet Falls Behind Market: What Investors Need to Know - Boeing  ( NYSE:BA ) ,https://www.benzinga.com/news/earnings/24/06/39196619/boeing-increases-yet-falls-behind-market-what-investors-need-to-know,"In the latest trading session, Boeing BA closed at $189.85, marking a +0.65% move from the previous day. The stock's change was less than the S&P 500's daily gain of 1.19%. At the same time, the Dow added 0.25%, and the tech-heavy Nasdaq gained 1.96%.",www.benzinga.com,0.229045,Somewhat-Bullish,BA,0.478494,0.213579,Somewhat-Bullish
2024-06-06 19:57:00,NTSB says an air traffic controller's faulty assumption led to a close call between planes in Texas,https://apnews.com/article/runway-close-call-texas-airport-ntsb-2171cddd3c38b762872b5919344d3a02,"An air traffic's controller's faulty assumption that a Southwest Airlines jetliner would take off from a Texas airport before a landing FedEx plane reached the runway caused the planes to come within less than 200 feet of last year, federal investigators said Thursday.",apnews.com,-0.062125,Neutral,BA,0.050359,0.0,Neutral
2024-06-06 21:17:00,"Two planes nearly collided at Austin's airport last year. An air traffic controller's 'error' was to blame, NTSB chair says",https://www.cnn.com/2024/06/06/us/near-collision-airport-runway-austin/index.html,"2 planes nearly collided at Austin's airport last year. An air traffic controller's 'error' was to blame, NTSB chair says ...",www.cnn.com,-0.108673,Neutral,BA,0.108466,0.129822,Neutral
2024-06-06 21:25:00,"Galley Equipment Market size is set to grow by USD 3.18 billion from 2024-2028, Growing demand for lightweight ... - PR Newswire",https://www.prnewswire.com/news-releases/galley-equipment-market-size-is-set-to-grow-by-usd-3-18-billion-from-2024-2028--growing-demand-for-lightweight-galley-equipment-boost-the-market-technavio-302165050.html,"Galley Equipment Market size is set to grow by USD 3.18 billion from 2024-2028, Growing demand for lightweight ... PR ...",www.prnewswire.com,0.304255,Somewhat-Bullish,BA,0.040416,0.071652,Neutral
2024-06-06 21:45:00,"Aerospace Insurance Market size is set to grow by USD 819.3 million from 2024-2028, Expansion and construction of ... - PR Newswire",https://www.prnewswire.com/news-releases/aerospace-insurance-market-size-is-set-to-grow-by-usd-819-3-million-from-2024-2028--expansion-and-construction-of-new-airports-boost-the-market-technavio-302165236.html,"Aerospace Insurance Market size is set to grow by USD 819.3 million from 2024-2028, Expansion and construction of ... PR ...",www.prnewswire.com,-0.033702,Neutral,BA,0.037387,-0.029297,Neutral
2024-06-06 22:00:13,A Secret 'Electronic Warfare' Startup Is Raising $15 Million From A16z And 8VC,https://www.forbes.com/sites/davidjeans/2024/06/06/secret-electronic-warfare-startup-a16z-8vc/,A16z and 8VC Are Leading $50 Million Round For Secret 'Electronic Warfare' Startup Forbes ...,www.forbes.com,-0.048733,Neutral,BA,0.060388,-0.035065,Neutral
2024-06-07 03:30:23,NCLT approves merger of full-service carriers Vistara with rival Air India,https://www.business-standard.com/companies/news/nclt-approves-merger-of-full-service-carriers-vistara-with-rival-air-india-124060700117_1.html,NCLT approved the merger of full-service carriers Vistara with larger rival Air India bringing both Tata group airlines a step closer to completing the deal.,www.business-standard.com,0.095659,Neutral,BA,0.149656,0.014141,Neutral
2024-06-07 05:16:12,Sunita Williams breaks into gig onbard ISS after arrival on Boeing capsule,https://www.business-standard.com/world-news/sunita-williams-breaks-into-gig-onbard-iss-after-arrival-on-boeing-capsule-124060700183_1.html,"The duo will spend the next eight days on the orbiting laboratory, as reported by CNN ( Photo: Nasa ) Indian-origin Sunita Williams and Butch Wilmore on Friday morning entered the International Space Station, the US space agency said on Friday.",www.business-standard.com,0.126014,Neutral,BA,0.182506,0.093032,Neutral
2024-06-07 07:21:00,A South Korean weapons company once seen as a dinosaur is now churning out howitzers twice as fast as its Western competitors,https://www.businessinsider.com/hanwha-aerospace-arms-manufacturing-howitzer-twice-fast-western-competitors-2024-6,Korean weapons firm once seen as relic makes howitzers twice as fast - Business Insider ...,www.businessinsider.com,0.099042,Neutral,BA,0.065866,-0.075099,Neutral
2024-06-07 08:08:50,"Sunita Williams, Butch Wilmore dock Starliner at ISS after resolving issues",https://www.business-standard.com/world-news/sunita-williams-butch-wilmore-dock-starliner-at-iss-after-resolving-issues-124060700420_1.html,NASA's Indian-origin astronaut Sunita Williams and her colleague Butch Wilmore have successfully docked Boeing's Starliner spacecraft to the International Space Station ( ISS ) after overcoming new issues that cropped up en route to the orbiting laboratory.,www.business-standard.com,0.073196,Neutral,BA,0.21686,0.039068,Neutral
2024-06-07 10:37:00,Warren Buffett's private jet firm NetJets is suing its pilots' union over claims of defamation,https://www.businessinsider.com/warren-buffetts-netjets-accuses-pilots-union-of-defamation-in-lawsuit-2024-6,Warren Buffett's NetJets accuses pilots union of defamation in lawsuit - Business Insider ...,www.businessinsider.com,0.0488,Neutral,BA,0.491255,0.035274,Neutral
2024-06-07 13:02:00,Textron  ( TXT )  Secures a Contract to Aid T-6C Training Aircraft,https://www.zacks.com/stock/news/2285364/textron-txt-secures-a-contract-to-aid-t-6c-training-aircraft,Textron (TXT) is set to exercise options for the procurement of support and supply of an additional three T-6C aircraft.,www.zacks.com,0.342741,Somewhat-Bullish,BA,0.093653,0.115053,Neutral
2024-06-07 13:46:23,What the Options Market Tells Us About Boeing - Boeing  ( NYSE:BA ) ,https://www.benzinga.com/insights/options/24/06/39227615/what-the-options-market-tells-us-about-boeing,"Whales with a lot of money to spend have taken a noticeably bullish stance on Boeing. Looking at options history for Boeing BA we detected 10 trades. If we consider the specifics of each trade, it is accurate to state that 70% of the investors opened trades with bullish expectations and 10% with ...",www.benzinga.com,0.204815,Somewhat-Bullish,BA,0.739953,0.374247,Bullish
2024-06-07 15:40:00,The Long View of the Challenger Disaster,https://www.theatlantic.com/newsletters/archive/2024/06/the-long-view-of-the-challenger-disaster/678629/,The Books Briefing: Adam Higginbotham and Challenger The Atlantic ...,www.theatlantic.com,0.014674,Neutral,BA,0.04028,-0.065514,Neutral
2024-06-07 15:41:52,"Boeing, SpaceX successfully test key rockets",https://theweek.com/tech/boeing-spacex-rocket-test-launch-starliner-starship,"Boeing's Starliner spacecraft docked at the International Space Station on Thursday afternoon, depositing astronauts Barry ""Butch"" Wilmore and Sunita Williams for a brief stay, a day after the aerospace giant's first crewed space flight launched from Cape Canaveral in Florida.",theweek.com,0.076551,Neutral,BA,0.121037,0.064577,Neutral
2024-06-07 16:59:14,Elon Musk's future at Tesla may hang in the  ( very expensive )  balance,https://theweek.com/business/elon-musk-tesla-pay-package-50-billion,Elon Musk's $50 billion bonus - Tesla shareholder debate The Week ...,theweek.com,0.070117,Neutral,BA,0.032382,0.382004,Bullish
2024-06-07 17:51:04,Investing in Space: Boeing and SpaceX had a major week that put their differences on display,https://www.cnbc.com/2024/06/07/investing-in-space-boeing-and-spacex-had-a-major-week.html,"The difference in spaceflight visuals belies an ethos behind SpaceX versus Boeing: SpaceX is selling the future, while Boeing's fulfilling an agreement.",www.cnbc.com,0.084959,Neutral,BA,0.107135,0.064588,Neutral
2024-06-07 19:58:00,"NASA Crew Flight Test Astronauts to Call White House, NASA Leaders - PR Newswire",https://www.prnewswire.com/news-releases/nasa-crew-flight-test-astronauts-to-call-white-house-nasa-leaders-302167387.html,"NASA Crew Flight Test Astronauts to Call White House, NASA Leaders PR ...",www.prnewswire.com,0.222401,Somewhat-Bullish,BA,0.204936,0.10073,Neutral
2024-06-07 21:20:00,"Commercial Aircraft Seating Market size is set to grow by USD 3.11 billion from 2024-2028, Need for cabin retrofitting to ... - PR Newswire",https://www.prnewswire.com/news-releases/commercial-aircraft-seating-market-size-is-set-to-grow-by-usd-3-11-billion-from-2024-2028--need-for-cabin-retrofitting-to-enhance-passenger-comfort-to-boost-the-market-growth-technavio-302165950.html,"Commercial Aircraft Seating Market size is set to grow by USD 3.11 billion from 2024-2028, Need for cabin retrofitting to ... PR ...",www.prnewswire.com,0.318085,Somewhat-Bullish,BA,0.02849,0.074906,Neutral
2024-06-07 22:48:00,NASA Invites Media to Rollout Event for Artemis II Moon Rocket Stage - PR Newswire,https://www.prnewswire.com/news-releases/nasa-invites-media-to-rollout-event-for-artemis-ii-moon-rocket-stage-302167498.html,NASA Invites Media to Rollout Event for Artemis II Moon Rocket Stage PR ...,www.prnewswire.com,0.228432,Somewhat-Bullish,BA,0.090134,0.125577,Neutral
2024-06-08 03:07:45,Air India announces non-stop flights between Bengaluru and London Gatwick - Details inside,https://www.financialexpress.com/business/airlines-aviation-air-india-announces-non-stop-flights-between-bengaluru-and-london-gatwick-details-inside-3518283/,"The Bangalore International Airport Ltd, the operator of Kempegowda International Airport Bengaluru ( BLR Airport ) , on Friday ( June 7 ) announced that Air India will inaugurate non-stop services between Bengaluru and London Gatwick ( LGW ) starting August 18.",www.financialexpress.com,0.197856,Somewhat-Bullish,BA,0.182506,0.089445,Neutral
2024-06-08 06:22:00,1 Magnificent Disruptive Technology Stock Down 53% to Buy and Hold Forever,https://www.fool.com/investing/2024/06/08/1-magnificent-disruptive-technology-stock-down-53/,"The development of automation, robotics, and advanced analytics makes this contract logistics provider's solutions more valuable.",www.fool.com,0.25921,Somewhat-Bullish,BA,0.053153,0.0,Neutral
2024-06-08 08:56:00,2 No-Brainer Industrial Stocks to Buy With $200 Right Now,https://www.fool.com/investing/2024/06/08/2-no-brainer-industrial-stocks-to-buy-with-200-rig/,Discover two industrial stocks currently trading under $200 that promise stability and growth potential in your investment portfolio.,www.fool.com,0.43161,Bullish,BA,0.28305,0.341764,Somewhat-Bullish
2024-06-08 10:18:01,"I toured American's pilot training academy, where new hires learn to fly Airbus and Boeing jets. Here's what the 3-week program looks like.",https://www.businessinsider.com/american-airlines-flight-academy-pilot-training-simulators-2024-6,"By clicking ""Sign Up"", you accept our Terms of Service and Privacy Policy . You can opt-out at any time by visiting our Preferences page or by clicking ""unsubscribe"" at the bottom of the email. Access your favorite topics in a personalized feed while you're on the go. download the app",www.businessinsider.com,0.0,Neutral,BA,0.132611,-0.029816,Neutral
2024-06-08 13:00:02,Behind Boeing's decade-long struggle to launch astronauts on Starliner,https://www.cnbc.com/2024/06/08/boeings-years-long-struggle-to-launch-astronauts-on-starliner.html,Boeing reached a milestone in early June after the company launched its first crewed test on its Starliner capsule following years of delays and cost overruns.,www.cnbc.com,0.051496,Neutral,BA,0.730535,0.02317,Neutral
2024-06-08 15:00:00,"Boeing Starliner, SpaceX Starship missions hit key spaceflight goals",https://www.cnn.com/2024/06/08/science/starship-starliner-science-newsletter-wt-scn/index.html,Boeing Starliner and SpaceX Starship missions both hit spaceflight milestones this week ...,www.cnn.com,0.144329,Neutral,BA,0.040145,0.0,Neutral
2024-06-09 01:31:00,Boeing jet engine seen spewing fire on Air Canada flight: 'Heart in mouth moment',https://www.foxbusiness.com/lifestyle/boeing-jet-engine-spewing-fire-air-canada-flight-heart-mouth-moment,"Social media went ablaze on Friday, after an X account posted video of an Air Canada flight appearing to catch on fire. Air Canada recently addressed concerns about the flight, AC 872, which departed from Toronto en route to Paris on June 5.",www.foxbusiness.com,0.0,Neutral,BA,0.297661,-0.284992,Somewhat-Bearish
2024-06-09 07:08:40,Akasa on path to profitability; will launch more int'l flights: Co-founder,https://www.business-standard.com/industry/news/akasa-on-path-to-profitability-will-launch-more-int-l-flights-co-founder-124060900161_1.html,Akasa on path to profitability. will launch more int'l flights: Co-founder Business Standard ...,www.business-standard.com,0.240998,Somewhat-Bullish,BA,0.152983,0.06658,Neutral
2024-06-09 07:26:12,"Air Canada Boeing Flight AC872 catches fire shortly after takeoff, dramatic landing caught on camera - Watch",https://www.financialexpress.com/business/airlines-aviation-air-canada-boeing-flight-ac872-catches-fire-shortly-after-takeoff-dramatic-landing-caught-on-camera-watch-3519090/,An Air Canada Boeing Flight AC872 caught fire in mid-air shortly after the takeoff at Toronto Pearson Airpor. The horrifying accident occurred in the evening of June 5. The plane headed for Paris went through a terrible ordeal that almost resulted in disaster.,www.financialexpress.com,-0.19234,Somewhat-Bearish,BA,0.350564,-0.320248,Somewhat-Bearish
2024-06-09 08:46:50,"Akasa Air plans to expand on international route, co-founder says airline 'on its way to become profitable'",https://www.financialexpress.com/business/airlines-aviation-akasa-air-plans-to-expand-on-international-route-co-founder-says-airline-on-its-way-to-become-profitable-3519172/,"India's youngest airline Akasa Air is ""well on its way to becoming profitable"" and is also planning to expand its international route network, co-founder of the airline Aditya Ghosh recently said. According to Ghosh, after less than two years of operation, the airline now employs more than 4,000 ...",www.financialexpress.com,0.248652,Somewhat-Bullish,BA,0.188193,0.076678,Neutral
2024-06-09 09:27:58,Air India utilising group airlines' engineering skills for maintenance work,https://www.business-standard.com/companies/news/air-india-utilising-group-airlines-engineering-skills-for-maintenance-work-124060900247_1.html,"Tata Group-owned Air India is utilising the engineering skills available with group airlines to carry out more maintenance work of the aircraft under its own quality control amid multiple instances of its legacy planes facing operational issues, according to a senior company official.",www.business-standard.com,0.049439,Neutral,BA,0.410059,-0.171845,Somewhat-Bearish
2024-06-10 10:02:00,"Military Drone Market size is set to grow by USD 8.50 billion from 2024-2028, Recent developments in military drones ... - PR Newswire",https://www.prnewswire.com/news-releases/military-drone-market-size-is-set-to-grow-by-usd-8-50-billion-from-2024-2028--recent-developments-in-military-drones-boost-the-market-technavio-302166979.html,"Military Drone Market size is set to grow by USD 8.50 billion from 2024-2028, Recent developments in military drones ... PR ...",www.prnewswire.com,0.151707,Somewhat-Bullish,BA,0.035875,0.02339,Neutral
2024-06-10 10:09:10,Cognizant Technologies to acquire Belcan for $1.3 billion in cash and stock,https://www.business-standard.com/amp/world-news/cognizant-technologies-to-acquire-belcan-for-1-3-billion-in-cash-and-stock-124061000563_1.html,"Information technology services provider Cognizant Technologies has agreed to acquire digital engineering firm Belcan for nearly $1.3 billion in cash and stock, according to people familiar with the matter.",www.business-standard.com,0.138903,Neutral,BA,0.205807,0.105808,Neutral
2024-06-10 10:47:00,Southwest Airlines Gets an Activist. Why Elliott Can Only Help Fix Half Its Problems.,https://www.barrons.com/amp/articles/southwest-airlines-stock-price-buy-sell-elliott-03ed6f4c,Southwest Airlines Gets an Activist. Why Elliott Can Only Fix Half Its Problems. ...,www.barrons.com,-0.004747,Neutral,BA,0.519739,-0.052459,Neutral
2024-06-10 10:55:07,This Analyst With 85% Accuracy Rate Sees 17% Upside In Honeywell International - Here Are 5 Stock Picks For Last Week From Wall Street's Most Accurate Analysts - Honeywell Intl  ( NASDAQ:HON ) ,https://www.benzinga.com/trading-ideas/long-ideas/24/06/39246826/this-analyst-with-85-accuracy-rate-sees-17-upside-in-honeywell-international-here-are-5-,"U.S. stocks settled mostly lower on Friday, following the release of stronger-than-expected jobs report. All the three major indices recorded gains last week, with the Dow Jones index gaining 0.29% and the S&P 500 rising around 1.32% during the week. Wall Street analysts make new stock picks on a ...",www.benzinga.com,0.195693,Somewhat-Bullish,BA,0.206392,0.167383,Somewhat-Bullish
2024-06-10 11:24:15,This Analyst With 85% Accuracy Rate Sees 17% Upside In Honeywell International - Here Are 5 Stock Picks For Last Week From Wall Street's Most Accurate Analysts,https://markets.businessinsider.com/news/stocks/this-analyst-with-85-accuracy-rate-sees-17-upside-in-honeywell-international---here-are-5-stock-picks-for-last-week-from-wall-street-s-most-accurate-analysts-1033465133,This Analyst With 85% Accuracy Rate Sees 17% Upside In Honeywell International - Here Are 5 Stock Picks For Last ... - Markets Insider ...,markets.businessinsider.com,0.161386,Somewhat-Bullish,BA,0.147818,0.083998,Neutral
2024-06-10 12:13:00,A Boeing 737 was only 10 feet off the ground as it cleared the runway when a software glitch meant it didn't have enough thrust,https://www.businessinsider.com/boeing-737-barely-cleared-runway-after-auto-throttle-glitch-2024-6,Boeing 737 Barely Cleared Runway After Auto-Throttle Glitch - Business Insider ...,www.businessinsider.com,-0.016773,Neutral,BA,0.682689,-0.022835,Neutral
2024-06-10 12:16:00,Northrop  ( NOC )  Wins $119M Contract to Aid E-2 Hawkeye Jet Program,https://www.zacks.com/stock/news/2285880/northrop-noc-wins-119m-contract-to-aid-e-2-hawkeye-jet-program,"Northrop (NOC) is set to provide long-term, requirements contract for the repair of 17 weapon replaceable assemblies and shop replaceable assemblies to support the E-2 Hawkeye jets.",www.zacks.com,0.250081,Somewhat-Bullish,BA,0.081552,0.150103,Somewhat-Bullish
2024-06-10 12:27:00,Southwest Airlines Stock Jumps; Activist Investor Plots Turnaround With $2 Billion Stake,https://www.investors.com/news/southwest-airlines-stock-elliott-management-stake/,Southwest Airlines Stock Jumps. Activist Investor Plots Turnaround With $2 Billion Stake Investor's Business Daily ...,www.investors.com,0.16252,Somewhat-Bullish,BA,0.199859,-0.141606,Neutral
2024-06-10 13:19:02,Elliott takes $1.9 billion stake in Southwest Airlines and seeks to oust CEO and chair,https://www.cnbc.com/2024/06/10/southwest-luv-activist-elliott-stake.html,The stake makes Elliott one of Southwest's largest shareholders. Shares of Southwest were up 7% in premarket trading Monday.,www.cnbc.com,0.026214,Neutral,BA,0.097457,-0.110222,Neutral
2024-06-10 14:35:24,Why Southwest Airlines Stock Is Flying Higher Today,https://www.fool.com/investing/2024/06/10/why-southwest-airlines-stock-is-flying-higher-toda/,An activist is calling for radical change at the storied discounter.,www.fool.com,0.034089,Neutral,BA,0.106541,-0.005679,Neutral
2024-06-10 14:48:43,"Elliott Investment Criticizes Southwest Airlines Execution In Letter, Promises 77% Stock Return Potential - Southwest Airlines  ( NYSE:LUV ) ",https://www.benzinga.com/m-a/24/06/39252593/elliott-investment-criticizes-southwest-airlines-execution-in-letter-promises-77-stock-return-potent,"Elliott Investment Management, which has a $1.9 billion stake in Southwest Airlines Co LUV, has sent a letter to Southwest's Board of Directors criticizing the company's outdated strategies and poor execution. The reports of Elliott's stake boosted investor confidence, sending the stock price ...",www.benzinga.com,-0.009803,Neutral,BA,0.223866,0.131779,Neutral
2024-06-10 15:57:00,"Activist investor takes $1.9 billion stake in Southwest Airlines, calls for leadership changes | Business",https://edition.cnn.com/2024/06/10/business/southwest-activist-investor-stake/index.html,"Activist investor takes $1.9 billion stake in Southwest Airlines, calls for leadership changes CNN International ...",edition.cnn.com,-0.087155,Neutral,BA,0.179121,-0.088803,Neutral
2024-06-10 17:24:22,"Northrop Wins $119M Contract to Aid E-2 Hawkeye Jet Program - Lockheed Martin  ( NYSE:LMT ) , Boeing  ( NYSE:BA ) ",https://www.benzinga.com/news/earnings/24/06/39250858/northrop-wins-119m-contract-to-aid-e-2-hawkeye-jet-program,"Northrop Grumman Corp.'s NOC, business unit, Northrop Grumman Systems Corp., recently secured a contract involving its E-2 Hawkeye aircraft. The award has been provided by the Naval Supply Systems Command Weapon Systems Support, Philadelphia, PA.",www.benzinga.com,0.261746,Somewhat-Bullish,BA,0.080188,0.207022,Somewhat-Bullish
2024-06-10 17:26:00,Southwest shares jump after activist Elliott buys $2B stake,https://www.foxbusiness.com/markets/southwest-shares-after-activist-elliott-buys-2b-stake,"Southwest Airlines shares jumped on Monday after activist investor Elliott Investment Management took a $2 billion stake in the carrier. Elliott, in a letter sent to Southwest's board on Monday, called on the airline to make leadership changes and take other actions, arguing the carrier needed to ...",www.foxbusiness.com,0.213462,Somewhat-Bullish,BA,0.098255,0.075235,Neutral
2024-06-10 18:16:00,GE Stock Soars On Strong Jet Demand. Is GE Aerospace A Buy?,https://www.investors.com/news/ge-stock-ge-aerospace-stock/,"GE Aerospace ( GE ) has soared in 2024 amid its conversion to a pure-play aerospace company. Meanwhile, many airlines are facing delays from production and quality control issues, which is giving GE Aerospace's aftermarket business a boost. Is GE stock a buy?",www.investors.com,0.188739,Somewhat-Bullish,BA,0.144926,-0.123126,Neutral
2024-06-10 18:16:06,Delta to launch premium economy service on NYC-LA flights in air travel upsell race,https://www.cnbc.com/2024/06/10/delta-premium-economy-nyc-la.html,Delta and other carriers have sought to add premium seating and services on flights to get a revenue premium.,www.cnbc.com,0.08898,Neutral,BA,0.099476,0.062477,Neutral
2024-06-10 18:29:00,"Activist investor takes $1.9 billion stake in Southwest Airlines, calls for leadership changes | Business",https://www.cnn.com/2024/06/10/business/southwest-activist-investor-stake/index.html,"Activist investor takes $1.9 billion stake in Southwest Airlines, calls for leadership changes ...",www.cnn.com,-0.002449,Neutral,BA,0.16171,-0.082685,Neutral
2024-06-10 20:16:31,"Stock Market Today: Stocks Close Higher Ahead of Fed, May CPI",https://www.kiplinger.com/investing/stocks/stock-market-today-stocks-close-higher-ahead-of-fed-may-cpi,Stocks opened lower Monday but climbed into positive territory by the close. Investors' attention this week is trained on Wednesday's release of the May Consumer Price Index ( CPI ) report and the conclusion of the Fed meeting.,www.kiplinger.com,0.216222,Somewhat-Bullish,BA,0.123844,0.129682,Neutral
2024-06-10 20:20:00,How Elliott Plans to Fix Southwest-and Boost the Stock,https://www.barrons.com/amp/articles/southwest-stock-price-elliott-5aec7659,"The forlorn shares of Southwest Airlines were up 7% Monday, after activist firm Elliott Management said it has almost $2 billion in stock and wants the airline to oust its leadership.",www.barrons.com,0.218014,Somewhat-Bullish,BA,0.047465,-0.151661,Somewhat-Bearish
2024-06-10 23:07:00,SOUTHWEST AIRLINES COMMENTS ON LETTER AND PRESENTATION FROM ELLIOTT INVESTMENT MANAGEMENT - Southwest Airlines  ( NYSE:LUV ) ,https://www.benzinga.com/pressreleases/24/06/n39261669/southwest-airlines-comments-on-letter-and-presentation-from-elliott-investment-management,"DALLAS, June 10, 2024 /PRNewswire/ -- Southwest Airlines Co. LUV today reiterated its willingness to meet with Elliott Investment Management L.P. ( ""Elliott"" ) to further discuss the airline's strategy to enhance value for all Shareholders:",www.benzinga.com,0.363873,Bullish,BA,0.117774,0.094987,Neutral
2024-06-11 04:27:00,"As Congress investigates the Osprey, families balance grief with pilots' love for the warplane",https://apnews.com/article/osprey-japan-crash-house-hearing-dfea6299444d65ad8900965e80daaf66,WASHINGTON ( AP ) - The V-22 Osprey that off the coast of Japan last November has brought the aircraft's safety record back under scrutiny - but this time without one of its most vocal defenders. Air Force Maj. Jeff Hoernemann had piloted the Osprey for more than a decade.,apnews.com,-0.169302,Somewhat-Bearish,BA,0.154653,-0.132977,Neutral
2024-06-11 04:57:36,"Singapore Airlines offers compensation of at least $10,000 to passengers of turbulence-hit flight",https://www.cnbc.com/2024/06/11/singapore-sia-offers-compensation-to-passengers-of-turbulence-hit-sq321.html,"SIA will compensate passengers of the ill-fated flight SQ321, which was hit by extreme turbulence that resulted in the death of one passenger.",www.cnbc.com,-0.081301,Neutral,BA,0.088799,-0.063988,Neutral
2024-06-11 05:57:47,"Singapore Airlines Offers Up To $25,000 In Compensation To Passengers After Fatal Turbulence Incident - Singapore Airlines  ( OTC:SINGY ) ",https://www.benzinga.com/markets/asia/24/06/39263875/singapore-airlines-offers-up-to-25-000-in-compensation-to-passengers-after-fatal-turbulence-incident,"Singapore Airlines SINGY has offered compensation to passengers of a flight that encountered extreme turbulence last month, resulting in one fatality and multiple injuries. What Happened: The airline, in a statement on Tuesday, announced that it has offered $10,000 in compensation to passengers ...",www.benzinga.com,0.042726,Neutral,BA,0.099476,-0.057651,Neutral
2024-06-11 06:10:00,Singapore Airlines offers compensation to passengers injured by severe turbulence | Business,https://www.cnn.com/2024/06/11/business/singapore-airlines-turbulence-compensation-intl-hnk/index.html,Singapore Airlines offers compensation to passengers injured by severe turbulence ...,www.cnn.com,-0.14016,Neutral,BA,0.112532,0.0,Neutral
2024-06-11 06:17:00,"Singapore Airlines has offered $10,000 to passengers who got minor injuries when their flight took a plunge during severe turbulence",https://www.businessinsider.com/singapore-airlines-offers-compensation-victims-injured-turbulence-hit-sq321-2024-6,"Singapore Airlines offers $10,000 to victims of turbulence-hit flight - Business Insider ...",www.businessinsider.com,-0.014388,Neutral,BA,0.100308,0.085009,Neutral
2024-06-11 07:00:00,Most punctual African airlines,https://africa.businessinsider.com/local/lifestyle/most-punctual-african-airlines/qyd5nlm,"Safair claimed the second spot on the list with an impressive on-time arrival rate of 92.36%, while Kenya Airways secured the tenth position with a commendable 71.86% on-time arrival rate. Cirium defines ""on-time"" as arriving within 14 minutes and 59 seconds of the airline's scheduled arrival ...",africa.businessinsider.com,0.298702,Somewhat-Bullish,BA,0.115787,0.267142,Somewhat-Bullish
2024-06-11 07:08:20,Sunita Williams in danger? A 'mutated' superbug is lurking in space station,https://www.business-standard.com/world-news/sunita-williams-in-danger-a-mutated-superbug-enterobacter-bugandensis-is-lurking-in-international-space-space-station-124061100354_1.html,"ALSO READ: Sunita Williams breaks into gig onbard ISS after arrival on Boeing capsule Click here to connect with us on WhatsApp The development is seen as a monumental feat, since Williams and Wilmore charted history by becoming the first members of Boeing's inaugural astronaut flight, a mission ...",www.business-standard.com,-0.148661,Neutral,BA,0.087824,0.029667,Neutral
2024-06-11 07:22:30,S'pore Airlines offers compensation to passengers on turbulent flight,https://www.business-standard.com/world-news/s-pore-airlines-offers-compensation-to-passengers-on-turbulent-flight-124061100104_1.html,"Singapore Airlines on Tuesday offered monetary compensation and a full refund of the airfare to the 211 passengers onboard the flag carrier's turbulence-hit London to Singapore flight last month, which led to the death of one passenger and injured many others.",www.business-standard.com,-0.100359,Neutral,BA,0.087185,-0.057588,Neutral
2024-06-11 10:26:31,Boeing Close To Securing Major 737 Max Order From Israel's El Al: Report - Boeing  ( NYSE:BA ) ,https://www.benzinga.com/markets/equities/24/06/39266384/boeing-close-to-securing-major-737-max-order-from-israels-el-al-report,"Boeing Company BA is reportedly nearing what could be its second largest sale of the year for the 737 Max jets, engaging in exclusive talks with El Al Israel Airlines following a turbulent start to the year due to a significant mishap involving the aircraft model.",www.benzinga.com,0.200861,Somewhat-Bullish,BA,0.627119,0.159869,Somewhat-Bullish
2024-06-11 10:31:00,"A British Airways flight to nowhere went across the Atlantic before turning back and flying 2,300 miles home after a technical issue",https://www.businessinsider.com/british-airways-flight-turns-back-to-london-after-crossing-atlantic-2024-6,British Airways flight turns back to London after crossing Atlantic - Business Insider ...,www.businessinsider.com,0.0809,Neutral,BA,0.333257,0.09647,Neutral
2024-06-11 10:31:56,"A British Airways flight to nowhere went across the Atlantic before turning back and flying 2,300 miles home after a technical issue",https://africa.businessinsider.com/news/a-british-airways-flight-to-nowhere-went-across-the-atlantic-before-turning-back-and/l2ysxww,A British Airways flight to nowhere went across the Atlantic before turning back and flying 2300 miles home after a ... - Business Insider Africa ...,africa.businessinsider.com,0.069093,Neutral,BA,0.282234,0.081556,Neutral
2024-06-11 10:40:00,Lockheed  ( LMT )  Secures a Contract to Support F-35 Jet Program,https://www.zacks.com/stock/news/2286441/lockheed-lmt-secures-a-contract-to-support-f-35-jet-program,Lockheed (LMT) is set to procure aircraft armament equipment for its F-35 fighter jets.,www.zacks.com,0.293091,Somewhat-Bullish,BA,0.204072,0.214693,Somewhat-Bullish
2024-06-11 11:17:00,"Singapore Airlines offers passengers injured in 'severe turbulence' at least $10,000 in compensation",https://www.foxbusiness.com/lifestyle/singapore-airlines-offers-passengers-injured-severe-turbulence-least-10000-compensation,"Singapore Airlines is offering passengers who were injured on a flight that encountered ""severe turbulence"" at least $10,000 U.S. dollars in compensation.",www.foxbusiness.com,-0.104842,Neutral,BA,0.114682,-0.188589,Somewhat-Bearish
2024-06-11 12:26:00,Here's Why You Should Retain Ryanair  ( RYAAY )  Stock Now,https://www.zacks.com/stock/news/2286459/heres-why-you-should-retain-ryanair-ryaay-stock-now,"Ryanair's (RYAAY) top line benefits from robust passenger volumes. RYAAY's fleet upgrade efforts are also commendable. However, the high fuel cost is a major headwind.",www.zacks.com,0.130703,Neutral,BA,0.152983,0.066357,Neutral
2024-06-11 13:31:00,Delta  ( DAL )  to Boost Travel Experience on Some Flights Shortly,https://www.zacks.com/stock/news/2286564/delta-dal-to-boost-travel-experience-on-some-flights-shortly,Delta (DAL) intends to start selling Premium Select seats on flights between New York and Los Angeles.,www.zacks.com,0.236312,Somewhat-Bullish,BA,0.087824,0.052503,Neutral
2024-06-11 16:40:26,Israel Could Become A Leading Air-Launched Ballistic Missile Exporter,https://www.forbes.com/sites/pauliddon/2024/06/11/israel-could-become-a-leading-air-launched-ballistic-missile-exporter/,"Israel Aerospace Industries showcased a new air-launched version of its LORA quasi-ballistic missile, simply named Air LORA, in early June. Israel has developed several air-launched ballistic missiles in recent years as a growing market for these relatively cheap but effective long-range, ...",www.forbes.com,0.017096,Neutral,BA,0.042571,0.041778,Neutral
2024-06-11 16:45:18,Boeing sales remain stalled | Business,https://www.cnn.com/2024/06/11/business/boeing-sales/index.html,Boeing sales remain stalled amid questions about plane safety ...,www.cnn.com,0.03353,Neutral,BA,0.355588,0.013281,Neutral
2024-06-11 16:45:58,"Apple unveils AI integration, ChatGPT partnership",https://theweek.com/tech/apple-ai-chatgpt-siri,"Apple unveiled upcoming software changes at its Worldwide Developers Conference on Monday, including the ability to schedule text messages, send texts via satellite when necessary, and record and transcribe calls from the phone app.",theweek.com,0.235819,Somewhat-Bullish,BA,0.062271,0.391124,Bullish
2024-06-11 17:14:00,Boeing sales tumble as the company gets no orders for the 737 Max for the second straight month,https://apnews.com/article/boeing-sales-orders-drop-max-eac0c97322ceda981933f0f1e8447b6c,"Boeing received orders for only four new planes in May - and for the second straight month, none for its best-selling 737 Max, as fallout continues from the blowout of a side panel on a Max during a flight in January.",apnews.com,-0.120485,Neutral,BA,0.89979,-0.23114,Somewhat-Bearish
2024-06-11 18:02:29,Why Boeing Company Shares Are Falling Today - Boeing  ( NYSE:BA ) ,https://www.benzinga.com/markets/equities/24/06/39277102/why-boeing-company-shares-are-falling-today,"On a year-to-date basis, the company delivered 131 airplanes with adjusted net orders of 130 this year. The company reported 142 year-to-date gross orders.",www.benzinga.com,0.156023,Somewhat-Bullish,BA,0.595343,0.298584,Somewhat-Bullish
2024-06-11 20:03:01,Check Out What Whales Are Doing With LUV - Southwest Airlines  ( NYSE:LUV ) ,https://www.benzinga.com/insights/options/24/06/39279158/check-out-what-whales-are-doing-with-luv,"Financial giants have made a conspicuous bullish move on Southwest Airlines. Our analysis of options history for Southwest Airlines LUV revealed 16 unusual trades. Delving into the details, we found 56% of traders were bullish, while 37% showed bearish tendencies.",www.benzinga.com,0.234114,Somewhat-Bullish,BA,0.113062,0.054013,Neutral
2024-06-11 20:04:00,Airplane passengers endure 9-hour 'flight to nowhere',https://www.foxbusiness.com/lifestyle/airplane-passengers-endure-9-hour-flight-nowhere,A British Airways flight on its way to Texas recently crossed the Atlantic Ocean - and immediately went right back. British Airways Flight 195 departed from Heathrow Airport on Monday morning en route to George Bush Intercontinental Airport in Houston.,www.foxbusiness.com,-0.104052,Neutral,BA,0.114682,0.0,Neutral
2024-06-12 09:08:00,"Ospreys won't return to full flight status until at least 2025, program head tells Congress",https://apnews.com/article/osprey-crash-congress-hearing-pentagon-88ae73cb1b4d75eeacccf7ae76c28080,Congress sought Osprey crash and safety documents from the Pentagon last year. It's still waiting The Associated Press ...,apnews.com,-0.2558,Somewhat-Bearish,BA,0.09239,-0.267923,Somewhat-Bearish
2024-06-12 10:30:00,66% of Americans give companies a failing grade for CEO pay | Business,https://www.cnn.com/2024/06/12/business/ceo-pay-poll-gallup/index.html,66% of Americans give companies a failing grade for CEO pay ...,www.cnn.com,-0.159022,Somewhat-Bearish,BA,0.035397,0.041834,Neutral
2024-06-12 10:35:00,Airlines sometimes turn their planes around and fly thousands of miles home when they have problems. Here's why.,https://www.businessinsider.com/how-airlines-decide-where-to-divert-planes-flights-to-nowhere-2024-6,How airlines decide where to divert planes and flights to nowhere - Business Insider ...,www.businessinsider.com,-0.033736,Neutral,BA,0.155954,-0.028767,Neutral
2024-06-12 10:39:07,Boeing Sets Up New Aerospace Tech Hub At Florida - Boeing  ( NYSE:BA ) ,https://www.benzinga.com/markets/equities/24/06/39287159/boeing-sets-up-new-aerospace-tech-hub-at-florida,"Boeing Co BA is set to inaugurate a new engineering hub at the Cici & Hyatt Brown Center for Aerospace Technology located at Embry-Riddle Aeronautical University in Daytona Beach, Florida. The establishment aims to enhance engineering efforts primarily focused on military aviation programs and ...",www.benzinga.com,0.172278,Somewhat-Bullish,BA,0.622414,0.025482,Neutral
2024-06-12 11:00:00,AerCap Signs Lease Agreements with JD Airlines for Four 737-800 Boeing Converted Freighters - AerCap Holdings  ( NYSE:AER ) ,https://www.benzinga.com/pressreleases/24/06/n39287541/aercap-signs-lease-agreements-with-jd-airlines-for-four-737-800-boeing-converted-freighters,"DUBLIN, June 12, 2024 /PRNewswire/ -- AerCap Holdings N.V. ( ""AerCap"" or the ""Company"" ) AER today announced it has signed lease agreements for four 737-800 Boeing Converted Freighter ( BCF ) aircraft with JD Airlines, the cargo airline of JD Logistics ( also known as Jingdong Logistics ) , ...",www.benzinga.com,0.181909,Somewhat-Bullish,BA,0.062597,0.040004,Neutral
2024-06-12 11:28:40,The Cathay Group welcomes back its last aircraft from long-term overseas parking,https://markets.businessinsider.com/news/stocks/the-cathay-group-welcomes-back-its-last-aircraft-from-long-term-overseas-parking-1033471959,"The homecoming marks the close of a remarkable chapter in the carrier's rebuild journey Tuesday, June 11, 2024 The Cathay Group celebrated the completion of one of the most unprecedented undertakings in its 77-year history when on 6 June 2024, it reactivated the 85th and final aircraft to be ...",markets.businessinsider.com,0.319069,Somewhat-Bullish,BA,0.04912,0.167032,Somewhat-Bullish
2024-06-12 12:03:01,Daily: New AI iPhone Features Send Apple Stock To New Heights,https://www.forbes.com/sites/daniellechemtob/2024/06/12/forbes-daily-new-ai-iphone-features-send-apple-stock-to-new-heights/,"This is a published version of the Forbes Daily newsletter, you can sign-up to get Forbes Daily in your inbox here. Apple was long perceived as lagging on the AI front compared to its competitors. The iPhone maker lost its title of world's most valuable company to Microsoft, which invested $10 ...",www.forbes.com,0.067475,Neutral,BA,0.022038,0.040325,Neutral
2024-06-12 12:57:00,Passengers took off their clothes and appeared to pass out when their flight was delayed in a 95-degree heat wave,https://www.businessinsider.com/delayed-passengers-appeared-to-pass-out-95-degree-heat-wave-2024-6,Delayed passengers appeared to pass out in 95-degree heat wave - Business Insider ...,www.businessinsider.com,-0.05565,Neutral,BA,0.18967,-0.004599,Neutral
2024-06-12 13:39:26,"NASA, Boeing Postpone Starliner Crew Return To June 18 Due To Multiple Factors - Boeing  ( NYSE:BA ) ",https://www.benzinga.com/news/24/06/39291920/nasa-boeing-postpone-starliner-crew-return-to-june-18-due-to-multiple-factors,"NASA and Boeing BA have rescheduled the return of the Starliner spacecraft and its first astronaut crew to Earth for June 18. What Happened: The Starliner was initially set to undock on Friday after launching two NASA astronauts Barry ""Butch"" Wilmore and Sunita Williams from Florida on June 5.",www.benzinga.com,0.061629,Neutral,BA,0.529185,0.019949,Neutral
2024-06-12 15:01:09,Southwest CEO vows change as activist investor pushes for new leadership,https://www.cnbc.com/2024/06/12/southwest-ceo-vows-change-amid-activist-pressure.html,Elliott Management on Monday disclosed a nearly $2 billion stake in Southwest Airlines and said it wanted new leadership.,www.cnbc.com,0.077861,Neutral,BA,0.176502,0.042232,Neutral
2024-06-12 17:13:00,United Airlines  ( UAL )  Ups Capacity for Political Conventions,https://www.zacks.com/stock/news/2287486/united-airlines-ual-ups-capacity-for-political-conventions,United Airlines (UAL) is set to add 72 flights to and from Milwaukee in July and 118 flights to and from Chicago in August.,www.zacks.com,0.141125,Neutral,BA,0.076847,0.0,Neutral
2024-06-12 21:45:19,Boeing  ( BA )  Stock Drops Despite Market Gains: Important Facts to Note,https://www.zacks.com/stock/news/2287537/boeing-ba-stock-drops-despite-market-gains-important-facts-to-note,"In the closing of the recent trading day, Boeing (BA) stood at $182.67, denoting a -1.53% change from the preceding trading day.",www.zacks.com,0.194832,Somewhat-Bullish,BA,0.473208,0.276335,Somewhat-Bullish
2024-06-13 01:33:21,Boeing to face FAA scrutiny for foreseeable future after mid-air blowout,https://www.business-standard.com/world-news/boeing-to-face-faa-scrutiny-for-foreseeable-future-after-mid-air-blowout-124061300059_1.html,Whitaker's testimony before the Senate Commerce Committee comes about about two weeks after Boeing submitted an action plan detailing how it plans to rectify its quality issues | Photo: Bloomberg,www.business-standard.com,-0.092192,Neutral,BA,0.546745,-0.175537,Somewhat-Bearish
2024-06-13 04:00:15,Leverage Shares files to launch single-stock ETFs in US,https://www.ft.com/content/45d5c4d1-0966-4849-9879-c81810e943a2,European specialist is planning seven 2x funds and six inverse funds focused on companies such as Apple and Meta ...,www.ft.com,0.172768,Somewhat-Bullish,BA,0.066784,0.0,Neutral
2024-06-13 05:45:29,Europe's Airbus frets over global trade tensions amid EU-China spat,https://www.business-standard.com/world-news/europe-s-airbus-frets-over-global-trade-tensions-amid-eu-china-spat-124061300249_1.html,Europe's Airbus on Wednesday highlighted the impact of growing trade tensions after Europe followed the United States in increasing tariffs on Chinese electric vehicles.,www.business-standard.com,-0.023716,Neutral,BA,0.224903,-0.137156,Neutral
2024-06-13 08:42:00,Where Will Boeing Be in 3 Years?,https://www.fool.com/investing/2024/06/13/where-will-boeing-be-in-3-years/,"The aerospace giant's medium-term outlook is uncertain, and its long-held target of $10 billion in free cash flow in 2025/2026 may need to be walked back.",www.fool.com,0.009563,Neutral,BA,0.694349,0.007626,Neutral
2024-06-13 12:43:00,"Trump's Boeing 757 isn't the perfect private jet, but it's perfect for him",https://www.businessinsider.com/donald-trump-private-boeing-jet-perfect-flying-billboard-2024-6,Donald Trump's Boeing 757 private jet is the perfect flying billboard - Business Insider ...,www.businessinsider.com,0.238278,Somewhat-Bullish,BA,0.368469,0.274334,Somewhat-Bullish
2024-06-13 12:49:08,Netflix To Rally Around 9%? Here Are 10 Top Analyst Forecasts For Thursday - Netflix  ( NASDAQ:NFLX ) ,https://www.benzinga.com/news/24/06/39310941/netflix-to-rally-around-9-here-are-10-top-analyst-forecasts-for-thursday,"Top Wall Street analysts changed their outlook on these top names. For a complete view of all analyst rating changes, including upgrades and downgrades, please see our analyst ratings page. Piper Sandler cut the price target for EPAM Systems, Inc. EPAM from $252 to $230.",www.benzinga.com,0.22578,Somewhat-Bullish,BA,0.229149,0.009567,Neutral
2024-06-13 13:40:13,Here's Why Air Lease  ( AL )  is a Strong Value Stock,https://www.zacks.com/stock/news/2287824/heres-why-air-lease-al-is-a-strong-value-stock,"Wondering how to pick strong, market-beating stocks for your investment portfolio? Look no further than the Zacks Style Scores.",www.zacks.com,0.399849,Bullish,BA,0.089129,0.136751,Neutral
2024-06-13 14:12:00,"Airline Stock Roundup: Activist Stake in LUV, Rosy May Traffic at CPA & More",https://www.zacks.com/stock/news/2287934/airline-stock-roundup-activist-stake-in-luv-rosy-may-traffic-at-cpa-more,Copa Holdings (CPA) reports an 8.7% increase in May traffic. Delta (DAL) intends to capitalize on the increasing demand for premium travel experiences.,www.zacks.com,0.11988,Neutral,BA,0.051999,0.070601,Neutral
2024-06-13 16:26:43,DNA suggests Mayans sacrificed boy siblings,https://theweek.com/science/mayan-sacrifice-dna-boys,"The remains of 64 Mayans believed to have been ritually sacrificed in the ancient Mexican city Chichén Itzá between 500 and 1000 A.D. were local boys, mostly age 3 to 6 and many of them closely related, researchers reported Wednesday in the journal Nature. There were two sets of twins.",theweek.com,0.150532,Somewhat-Bullish,BA,0.070105,0.265024,Somewhat-Bullish
2024-06-13 16:50:23,Why GE Aerospace Is Losing Altitude Today,https://www.fool.com/investing/2024/06/13/why-ge-aerospace-is-losing-altitude-today/,One analyst is worried the company's quarterly sales could fall short.,www.fool.com,-0.029202,Neutral,BA,0.139265,-0.038876,Neutral
2024-06-13 16:52:18,What's Going On With Boeing Shares Today? - Boeing  ( NYSE:BA ) ,https://www.benzinga.com/markets/equities/24/06/39317727/whats-going-on-with-boeing-shares-today,"The head of the Federal Aviation Administration reportedly admitted Thursday to insufficient oversight of Boeing following a mid-air emergency involving Alaska Air Group, Inc. ALK in January.",www.benzinga.com,0.021895,Neutral,BA,0.558244,-0.058953,Neutral
2024-06-13 17:09:54,Boeing Investigating Undelivered 787s For Parts That Were Incorrectly Installed,https://www.forbes.com/sites/tylerroush/2024/06/13/boeing-investigating-undelivered-787s-for-parts-that-were-incorrectly-installed/,Boeing Probes Undelivered 787s For Latest Quality Issue Forbes ...,www.forbes.com,-0.05986,Neutral,BA,0.76676,-0.087508,Neutral
2024-06-13 17:59:41,Investing in Space: Virgin Galactic enters spaceflight hiatus after retiring Unity,https://www.cnbc.com/2024/06/13/investing-in-space-virgin-galactic-enters-spaceflight-hiatus.html,VSS Unity was a good suborbital spaceship. But Virgin Galactic needs a great suborbital spaceship.,www.cnbc.com,0.02146,Neutral,BA,0.025817,0.0,Neutral
2024-06-13 18:11:00,"FAA was 'too hands-off' in watching troubled planemaker Boeing, agency head says | Business",https://www.cnn.com/2024/06/13/business/faa-boeing-oversight-too-hands-off/index.html,"FAA was 'too hands-off' in watching troubled planemaker Boeing, agency head says ...",www.cnn.com,0.095608,Neutral,BA,0.608634,0.082149,Neutral
2024-06-13 19:07:00,The head of the FAA says his agency was too hands-off in its oversight of Boeing,https://apnews.com/article/faa-administrator-boeing-737-max-senate-4e58c2b21980b34bc72cde7779925fe1,The top U.S. aviation regulator said Thursday that the Federal Aviation Administration should have been more aware of manufacturing problems inside before a panel blew off a 737 Max during an in January.,apnews.com,0.062215,Neutral,BA,0.597963,0.17807,Somewhat-Bullish
2024-06-13 21:52:54,"Bezos' Blue Origin joins SpaceX, ULA in winning bids for $5.6 billion Pentagon rocket program",https://www.cnbc.com/2024/06/13/pentagon-picks-blue-origin-spacex-ula-in-5point6-billion-rocket-program.html,The Pentagon announced the first winning bidders in its rocket launch program sweepstakes on Thursday.,www.cnbc.com,0.343463,Somewhat-Bullish,BA,0.310843,0.317092,Somewhat-Bullish
2024-06-13 22:00:00,Could a cockpit warning system prevent close calls between planes at US airports?,https://apnews.com/article/runways-warnings-aviation-safety-airlines-9311e64b83351f170cd966160df641ab,"DALLAS ( AP ) - As a Delta Air Lines jet began roaring down a runway, an air traffic controller at New York's suddenly blurted out an expletive, then ordered the pilots to stop their takeoff roll. The controller saw an American Airlines plane mistakenly crossing the same runway, into the path ...",apnews.com,-0.106588,Neutral,BA,0.072765,0.017156,Neutral
2024-06-13 22:31:49,"Financial Express Hyderabad epaper dated Sat, 15 Jun 24",https://epaper.financialexpress.com/3879870/Hyderabad/June-15-2024#page/1/1,"Financial Express Hyderabad, Fri, 14 Jun 24 The Financial Express ...",epaper.financialexpress.com,0.033399,Neutral,BA,0.016645,0.008772,Neutral
2024-06-13 23:00:00,U.S. regulators are investigating an unusual 'Dutch roll' of a Southwest Airlines Boeing 737 Max,https://apnews.com/article/southwest-boeing-flight-dutch-roll-0f9a5d59e54665902b2a49347164f1af,The FAA and NTSB are investigating an unusual rolling motion of a Southwest Airlines Boeing 737 Max The Associated Press ...,apnews.com,0.019075,Neutral,BA,0.261117,-0.299776,Somewhat-Bearish
2024-06-14 01:46:00,FAA was too handsoff in its oversight of Boeing says agency head,https://www.business-standard.com/world-news/faa-was-too-handsoff-in-its-oversight-of-boeing-says-agency-head-124061400013_1.html,"FAA was too 'hands-off' in its oversight of Boeing, says agency head Business Standard ...",www.business-standard.com,0.10023,Neutral,BA,0.666827,0.122841,Neutral
2024-06-14 01:59:58,"Jeff Bezos' Blue Origin Secures Bid Alongside Elon Musk's SpaceX, ULA For $5.6B Pentagon Rocket Program - Lockheed Martin  ( NYSE:LMT ) , Boeing  ( NYSE:BA ) ",https://www.benzinga.com/news/24/06/39325765/jeff-bezos-blue-origin-secures-bid-alongside-elon-musks-spacex-ula-for-5-6b-pentagon-rocket-program,"The Pentagon has announced the first set of winners in its rocket launch contract competition, with Jeff Bezos' Blue Origin securing a spot for the first time. What Happened: The contracts were awarded under the Pentagon's $5.6 billion National Security Space Launch program, reported CNBC on ...",www.benzinga.com,0.198007,Somewhat-Bullish,BA,0.340915,0.035028,Neutral
2024-06-14 02:27:33,Blue Origin SpaceX ULA picked for Pentagon rocket launch contracts,https://www.business-standard.com/world-news/blue-origin-spacex-ula-picked-for-pentagon-rocket-launch-contracts-124061400071_1.html,"Blue Origin, SpaceX, ULA picked for Pentagon rocket launch contracts Business Standard ...",www.business-standard.com,0.206492,Somewhat-Bullish,BA,0.073321,0.188827,Somewhat-Bullish
2024-06-14 02:38:45,FAA EASA vow to boost collaboration on new airplane certification,https://www.business-standard.com/world-news/faa-easa-vow-to-boost-collaboration-on-new-airplane-certification-124061400075_1.html,"FAA, EASA vow to boost collaboration on new airplane certification Business Standard ...",www.business-standard.com,0.089712,Neutral,BA,0.468029,-0.090439,Neutral
2024-06-14 08:08:00,"If You'd Invested $10,000 in General Electric  ( Now GE Aerospace )  Stock 5 Years Ago, Here's How Much You'd Have Today",https://www.fool.com/investing/2024/06/14/if-youd-invested-10000-in-general-electric-now-ge/,"Following a troubled period, the industrial giant generated significant returns for investors who bought in five years ago.",www.fool.com,0.303706,Somewhat-Bullish,BA,0.255641,0.159443,Somewhat-Bullish
2024-06-14 10:03:00,A boomer who lives on Social Security worries she won't get hired because she can't afford a car: 'I don't even have $1 in my wallet.',https://www.businessinsider.com/boomers-live-on-social-security-cant-afford-healthcare-transportation-retirement-2024-6,"Boomer lives on Social Security, can't afford transportation - Business Insider ...",www.businessinsider.com,0.014459,Neutral,BA,0.086556,-0.023822,Neutral
2024-06-14 11:00:00,"A Southwest Boeing 737 Max experienced a rare but serious 'Dutch roll,' and has now been out of service for 2 weeks",https://www.businessinsider.com/boeing-737-max-out-of-service-for-20-days-after-dutch-roll-2024-6,Boeing 737 Max out of service for 20 days after 'Dutch roll' - Business Insider ...,www.businessinsider.com,-0.131401,Neutral,BA,0.465901,-0.215794,Somewhat-Bearish
2024-06-14 11:46:00,Northrop  ( NOC )  Wins $245M Contract to Aid SEWIP Block 3 Systems,https://www.zacks.com/stock/news/2288302/northrop-noc-wins-245m-contract-to-aid-sewip-block-3-systems,Northrop (NOC) is set to exercise an option for the production of SEWIP Block 3 electronic attack hemisphere systems and ancillary hardware equipment.,www.zacks.com,0.01988,Neutral,BA,0.109956,-0.002318,Neutral
2024-06-14 12:07:56,Daily: What's Next As Shareholders OK Elon Musk's Pay Package,https://www.forbes.com/sites/daniellechemtob/2024/06/14/forbes-daily-whats-next-as-shareholders-ok-elon-musks-pay-package/,"This is a published version of the Forbes Daily newsletter, you can sign-up to get Forbes Daily in your inbox here. Nvidia isn't the only semiconductor giant enjoying the artificial intelligence frenzy.",www.forbes.com,0.156843,Somewhat-Bullish,BA,0.046095,0.006,Neutral
2024-06-14 12:51:00,Boeing investigating quality issue on undelivered 787 Dreamliner planes,https://www.foxbusiness.com/markets/boeing-investigating-quality-issue-undelivered-787-dreamliner-planes,"Boeing is investigating whether some fasteners on its undelivered 787 Dreamliner planes have been incorrectly installed, the aircraft maker told FOX Business.",www.foxbusiness.com,0.157004,Somewhat-Bullish,BA,0.804667,0.186846,Somewhat-Bullish
2024-06-14 13:00:01,Summer Fridays are on the decline-companies may be replacing them with work-from-home days,https://www.cnbc.com/2024/06/14/summer-fridays-are-on-the-declinecompanies-may-be-replacing-them-with-wfh-days.html,Companies may be doing away with Summer Fridays as work-from-home days become more common.,www.cnbc.com,0.304677,Somewhat-Bullish,BA,0.04303,0.148315,Neutral
2024-06-14 13:13:07,Counterfeit titanium was found in Boeing and Airbus jets. The FAA is investigating how it got there | Business,https://www.cnn.com/2024/06/14/business/faa-probe-counterfeit-titanium-boeing-airbus/index.html,Problematic titanium was found in Boeing and Airbus jets. The FAA is investigating how it got there ...,www.cnn.com,-0.150263,Somewhat-Bearish,BA,0.546745,-0.339932,Somewhat-Bearish
2024-06-14 13:35:00,"Investigation underway into rare, unsafe airliner roll experienced by a Boeing 737 Max | Business",https://www.cnn.com/2024/06/14/business/boeing-737-max-dutch-roll-investigation/index.html,"Investigation underway into rare, unsafe airliner roll experienced by a Boeing 737 Max ...",www.cnn.com,-0.085279,Neutral,BA,0.399204,-0.098538,Neutral
2024-06-14 13:51:27,"Southwest Airlines Boeing 737 Max Encounters 'Dutch Roll' Mid-Flight, Prompting FAA Investigation - Southwest Airlines  ( NYSE:LUV ) , Boeing  ( NYSE:BA ) ",https://www.benzinga.com/news/24/06/39333229/southwest-airlines-boeing-737-max-encounters-dutch-roll-mid-flight-prompting-faa-investigation,A Southwest Airlines LUV Boeing 737 Max 8 experienced an unusual rolling motion during a flight from Phoenix to Oakland. The Federal Aviation Administration ( FAA ) is now investigating the incident.,www.benzinga.com,-0.072314,Neutral,BA,0.427184,-0.274804,Somewhat-Bearish
2024-06-14 15:30:06,Copa Holdings  ( CPA )  Down 12.4% Since Last Earnings Report: Can It Rebound?,https://www.zacks.com/stock/news/2288585/copa-holdings-cpa-down-124-since-last-earnings-report-can-it-rebound,Copa Holdings (CPA) reported earnings 30 days ago. What's next for the stock? We take a look at earnings estimates for some clues.,www.zacks.com,0.107155,Neutral,BA,0.257668,0.0,Neutral
2024-06-14 15:49:03,"Boeing And Airbus Under FAA Investigation For Authenticity Of Titanium Parts In Some Jets: Report - Airbus  ( OTC:EADSY ) , Boeing  ( NYSE:BA ) ",https://www.benzinga.com/news/24/06/39335955/boeing-and-airbus-under-faa-investigation-for-authenticity-of-titanium-parts-in-some-jets-report,"Boeing Co BA and Airbus SE EADSY shares are trading lower on Friday. The U.S. Federal Aviation Administration ( FAA ) is currently investigating the possible use of false documentation to verify titanium components in some of Boeing's and Airbus's aircraft, discoveries that could affect the ...",www.benzinga.com,-0.04387,Neutral,BA,0.634884,-0.179252,Somewhat-Bearish
2024-06-14 16:04:19,Tesla investors back Musk's $48B payday,https://theweek.com/business/tesla-elon-musk-pay-package-shareholder-vote,"Tesla shareholders approved a controversial payout for CEO Elon Musk, the company announced Thursday at its annual meeting in Austin. The 2018 compensation package, worth about $48 billion at Tesla's current share price, was blocked by a Delaware court in January.",theweek.com,0.154157,Somewhat-Bullish,BA,0.058047,0.050547,Neutral
2024-06-14 16:08:39,"'Win-win-win': Three-day hybrid work week is a success, largest study to date published in Nature says",https://www.cnbc.com/2024/06/14/three-day-hybrid-work-week-is-success-study-published-in-nature-says.html,"Hybrid work is a big win, according to the largest study to date, published this week in Nature and conducted by Stanford researcher Nicholas Bloom.",www.cnbc.com,0.247528,Somewhat-Bullish,BA,0.04531,-0.007997,Neutral
2024-06-14 17:49:37,"FAA investigating issue with source of titanium used on Boeing, Airbus planes - .com",https://www.upi.com/Top_News/US/2024/06/14/boeing-faa-titanium-sources-airbus/6971718382384/,"FAA investigating issue with source of titanium used on Boeing, Airbus planes UPI News ...",www.upi.com,-0.081008,Neutral,BA,0.882713,-0.298714,Somewhat-Bearish
2024-06-14 18:03:00,Southwest Airlines Boeing jet 'Dutch roll' prompts FAA investigation,https://www.foxbusiness.com/lifestyle/southwest-airlines-boeing-jet-dutch-roll-prompts-faa-investigation,"The Federal Aviation Administration has launched an investigation after a Southwest Airlines Boeing 737 Max plane experienced a ""Dutch roll"" motion on a May 25 flight from Phoenix to Oakland, California, causing ""substantial"" damage to the aircraft.",www.foxbusiness.com,0.042847,Neutral,BA,0.518022,0.039163,Neutral
2024-06-14 18:26:39,This 'Business Class-Only' Airline Proves The Model Can Work,https://www.forbes.com/sites/jenniferleighparker/2024/06/14/this-business-class-only-airline-proves-the-model-can-work/,"The industry said this would never work. But La Compagnie CEO Christian Vernet just celebrated 10 years, and counting. Here's his strategy. On Monday evening, the French boutique airline La Compagnie fêted its 10-year anniversary with a stylish reception at the Amélie Maison D'art gallery in ...",www.forbes.com,0.129431,Neutral,BA,0.072876,0.01724,Neutral
2024-06-14 18:31:41,"Boeing and NASA delay Starliner astronaut return to June 22, nearly doubling mission length to test spacecraft",https://www.cnbc.com/2024/06/14/boeing-and-nasa-delay-starliner-astronaut-return-to-june-22.html,"NASA announced Friday that Boeing's Starliner capsule ""Calypso"" will stay at the International Space Station twice as long as the mission originally planned.",www.cnbc.com,0.0,Neutral,BA,0.408791,-0.016622,Neutral
2024-06-14 19:54:00,FAA investigating how titanium parts with falsified records wound up in Boeing and Airbus planes,https://apnews.com/article/airplanes-titanium-parts-false-records-348c7e984c42fc16a2707a0cb203672a,Federal regulators are investigating how parts made with titanium that was sold with falsified quality documentation wound up in and Airbus passenger jets that were built in recent years.,apnews.com,-0.070892,Neutral,BA,0.508345,-0.174489,Somewhat-Bearish
2024-06-14 20:52:00,A Southwest pilot nearly crashed his flight into the ocean: report,https://www.businessinsider.com/southwest-pilot-nearly-crashed-flight-into-the-ocean-report-2024-6,Southwest pilot nearly crashed a flight into the ocean: report - Business Insider ...,www.businessinsider.com,0.011894,Neutral,BA,0.090816,0.075712,Neutral
2024-06-14 21:34:00,An 8-year-old dies after becoming ill during a flight,https://www.cnn.com/2024/06/14/us/chicago-flight-child-death/index.html,"A girl traveling to Chicago with her family on a commercial airline died on Thursday morning after becoming ill during the flight, according to Peoria County Coroner's Office.",www.cnn.com,-0.132123,Neutral,BA,0.113062,-0.138446,Neutral
2024-06-15 01:37:00,NASA fueling the rise of space stocks in investor portfolios,https://www.financialexpress.com/business/investing-abroad-nasas-cosmic-influence-fueling-the-rise-of-space-stocks-in-investor-portfolios-3525034/,"Should your portfolio give some space to space stocks? Investors are now exploring space as a new frontier for investment opportunities, expanding their portfolios to include exposure beyond Earth.",www.financialexpress.com,0.228482,Somewhat-Bullish,BA,0.194242,0.245873,Somewhat-Bullish
2024-06-15 06:30:00,"How Elon Musk Could Spend His New $56 Billion, From Picassos to Skateboards",https://www.barrons.com/amp/articles/elon-musk-pay-package-how-spend-219cb1e5,What Could Tesla CEO Elon Musk Buy With $56 Billion? We Have Suggestions. ...,www.barrons.com,0.071245,Neutral,BA,0.149656,0.058089,Neutral
2024-06-15 08:40:00,2 Remarkable Growth Stocks to Buy Now and Hold for the Next Decade,https://www.fool.com/investing/2024/06/15/growth-stocks-to-buy-now-and-hold-decade/,These innovators could generate multibagger returns for investors.,www.fool.com,0.320109,Somewhat-Bullish,BA,0.053992,0.121749,Neutral
2024-06-15 11:00:07,How and why do flocks of birds collide with aeroplanes?,https://www.aljazeera.com/news/2024/6/15/how-and-why-do-flocks-of-birds-collide-with-aeroplanes,"Thousands of planes are struck by birds in midair every year. Can people be hurt and how can we prevent it from happening? For people who are fearful of flying, midair turbulence or cabin panels blowing off an airliner are probably among the more frightening things they might imagine happening.",www.aljazeera.com,-0.19569,Somewhat-Bearish,BA,0.0686,-0.10636,Neutral
2024-06-15 12:21:40,USAir Flight 1016 Crashed 30 Years Ago. It Was The Last Wind Shear Crash,https://www.forbes.com/sites/tedreed/2024/06/15/usair-flight-1016-crashed-30-years-ago-it-was-the-last-wind-shear-crash/,"July 2nd will mark the 30th anniversary of an airplane crash that killed 37 people as it sought to land at Charlotte Douglas International Airport. The crash of US Air Flight 1016, which was due to wind shear, is remembered as the fourth in a series of five crashes over five years at USAir.",www.forbes.com,-0.221755,Somewhat-Bearish,BA,0.069798,-0.239636,Somewhat-Bearish
2024-06-15 13:15:57,A Must-Have Accessory For Private Jet Lovers,https://www.forbes.com/sites/douggollan/2024/06/15/a-must-have-accessory-for-private-jet-lovers/,"Aviation, both commercial and business aviation, is a story of visionary entrepreneurs who challenged the naysayers. In the process, they advanced both the industry and humankind. William E. Boeing founded the company we know so well today.",www.forbes.com,0.312644,Somewhat-Bullish,BA,0.085022,0.136531,Neutral
2024-06-15 13:21:24,"Bulls And Bears: GameStop, Apple, Tesla, Bitcoin And Raoul Pal's Dogecoin ETF Prediction",https://www.benzinga.com/markets/equities/24/06/39345716/benzinga-bulls-and-bears-gamestop-apple-tesla-bitcoin-and-raoul-pals-dogecoin-etf-prediction,Benzinga examined the prospects for many investors' favorite stocks over the last week - here's a look at some of our top stories.,www.benzinga.com,0.155962,Somewhat-Bullish,BA,0.175009,-0.121917,Neutral
2024-06-15 16:28:00,FAA investigating Southwest flight that came within 400 feet of crashing into the ocean,https://edition.cnn.com/2024/06/15/us/southwest-flight-hawaii-federal-investigation/index.html,"A federal investigation is underway after a Southwest Airlines flight plunged toward the ocean off the coast of a Hawaiian island. The incident occurred April 11 aboard Southwest Flight 2786, but only came to light publicly on Friday after Bloomberg reported Southwest sent a memo to pilots about ...",edition.cnn.com,-0.058806,Neutral,BA,0.128822,-0.058256,Neutral
2024-06-16 10:15:00,"Instead of Buying the Dip on Boeing, Consider These 3 Dow Dividend Stocks",https://www.fool.com/investing/2024/06/16/instead-buy-dip-boeing-dow-dividend-stocks/,These blue chip dividend stocks are a great value in today's high-flying stock market.,www.fool.com,0.353955,Bullish,BA,0.248682,0.154527,Somewhat-Bullish
2024-06-16 13:01:00,"Start your week smart: Heat dome, Alex Jones bankruptcy, Merrick Garland, FAA investigation, Princess of Wales",https://www.cnn.com/2024/06/16/us/5-things-june-16-trnd/index.html,"Happy Father's Day to all the dads out there! While you're sipping coffee from a new mug and reading homemade construction paper cards, consider this: Fatherhood can be good for men, psychologically speaking, and can act as an antidote to toxic masculinity.",www.cnn.com,0.048356,Neutral,BA,0.164581,-0.179794,Somewhat-Bearish
2024-06-17 08:21:00,"Boeing Stock: Buy, Sell, or Hold?",https://www.fool.com/investing/2024/06/17/boeing-stock-buy-sell-or-hold/,The aerospace giant continues to raise more questions than answers around its operational performance.,www.fool.com,0.067573,Neutral,BA,0.712808,0.261293,Somewhat-Bullish
2024-06-17 08:23:58,Passenger plane lands safely in New Zealand after fire shuts down engine,https://www.business-standard.com/world-news/passenger-plane-lands-safely-in-new-zealand-after-fire-shuts-down-engine-124061700316_1.html,"The Virgin Australia Boeing 737-800 jet bound for Melbourne, Australia, landed in the New Zealand city of Invercargill after the fire forced a diversion. ( Photo: Bloomberg ) A passenger plane landed safely at a New Zealand airport on Monday after a fire shut down one of its engines, the ...",www.business-standard.com,-0.17403,Somewhat-Bearish,BA,0.414559,-0.484905,Bearish
2024-06-17 09:12:10,The Conundrum Facing Boeing And Spirit AeroSystems,https://www.forbes.com/sites/jerroldlundquist/2024/06/17/the-conundrum-facing-boeing-and-spirit-aerosystems/,"The latest chapter of Boeing's difficulties began in January of this year when a door plug on an Alaskan Airlines 737 MAX 9 blew out at 16,000 feet causing an uncontrolled decompression which would most likely have resulted in the loss of the aircraft and passengers had it occurred at a higher ...",www.forbes.com,0.004814,Neutral,BA,0.726873,0.023387,Neutral
2024-06-17 10:20:07,Should You Invest in the Invesco Aerospace & Defense ETF  ( PPA ) ?,https://www.zacks.com/stock/news/2288888/should-you-invest-in-the-invesco-aerospace-defense-etf-ppa,Sector ETF report for PPA ...,www.zacks.com,0.226634,Somewhat-Bullish,BA,0.128478,0.068702,Neutral
2024-06-17 10:54:00,"Oxygen masks were 'inadvertently' deployed, and an emergency announcement played on a United flight - even though everything was fine",https://www.businessinsider.com/oxygen-masks-inadvertently-deployed-on-united-airlines-flight-2024-6,Oxygen masks 'inadvertently' deployed on United Airlines flight - Business Insider ...,www.businessinsider.com,-0.026286,Neutral,BA,0.221819,-0.017383,Neutral
2024-06-17 13:09:00,Here's Why You Should Retain Air Transport Services  ( ATSG ) ,https://www.zacks.com/stock/news/2289045/heres-why-you-should-retain-air-transport-services-atsg,"Air Transport Services' (ATSG) fleet upgrade and expansion efforts are commendable. Shareholder-friendly actions also bode well for the company. However, weak demand for cargo aircraft remains a concern.",www.zacks.com,0.144192,Neutral,BA,0.074926,0.156708,Somewhat-Bullish
2024-06-17 13:27:26,Have to reconsider if India is right market for us says Ace Aviation,https://www.business-standard.com/industry/news/have-to-reconsider-if-india-is-right-market-for-us-says-ace-aviation-124061700681_1.html,"Will rethink India plan if B777 aircraft deal fails, says Ace Aviation Business Standard ...",www.business-standard.com,0.165007,Somewhat-Bullish,BA,0.11123,0.042096,Neutral
2024-06-17 13:36:00,"Company News for June 17, 2024",https://www.zacks.com/stock/news/2289111/company-news-for-june-17-2024,Companies in The News Are: ...,www.zacks.com,0.122816,Neutral,BA,0.588876,-0.077109,Neutral
2024-06-17 15:52:31,How fatherhood changes the brain,https://theweek.com/science/men-brain-fatherhood-bonding-changes,"Women's brains get rewired during and after pregnancy, and new research ""shows that new fathers go through similar changes,"" The Washington Post said. Yes, ""dad brain is real,"" Darby Saxbe, a University of Southern California psychology professor, wrote in a New York Times Father's Day column.",theweek.com,0.100726,Neutral,BA,0.068502,0.26459,Somewhat-Bullish
2024-06-17 17:35:00,Virgin Australia flight's 'possible bird strike' forces Boeing plane's emergency landing in New Zealand,https://www.foxbusiness.com/lifestyle/virgin-australia-flights-possible-bird-strike-forces-boeing-planes-emergency-landing-new-zealand,"A Virgin Australia Boeing jet has been forced to make an emergency landing in New Zealand following a ""possible bird strike"" following takeoff, which caused flames to shoot from its engines, officials and witnesses say.",www.foxbusiness.com,-0.048024,Neutral,BA,0.235823,-0.208735,Somewhat-Bearish
2024-06-17 21:10:51,Boeing CEO admits company has been 'far from perfect' after a flood of safety lapses | Business,https://www.cnn.com/2024/06/17/business/boeing-ceo-calhoun-testimony/index.html,Boeing CEO admits company has been 'far from perfect' after a flood of safety lapses ...,www.cnn.com,-0.004949,Neutral,BA,0.633479,-0.018675,Neutral
2024-06-18 04:18:00,Boeing's CEO is scheduled to field questions about plane safety from U.S. senators,https://apnews.com/article/boeing-ceo-calhoun-safety-senate-investigations-de6a273e5ad69764f4e666cc4afda2c1,"U.S. lawmakers are expected to press Tuesday about the company's latest plan to fix its manufacturing problems, and relatives of people who died in two crashes of Boeing 737 Max jetliners plan to be in the room, watching him. CEO is scheduled to appear before the Senate investigations ...",apnews.com,-0.012391,Neutral,BA,0.861808,-0.180324,Somewhat-Bearish
2024-06-18 05:11:00,New Zealand prime minister hitches ride on commercial plane after jet breaks down,https://www.cnn.com/2024/06/18/travel/christopher-luxon-air-new-zealand-plane-intl-hnk/index.html,"If a plane has to make an unscheduled landing, that often means there's been some kind of medical emergency on board. But an Air New Zealand plane had a very different reason for making an unplanned stop yesterday - they were picking up the country's prime minister after his government aircraft ...",www.cnn.com,-0.131695,Neutral,BA,0.110973,-0.298535,Somewhat-Bearish
2024-06-18 05:36:22,Boeings CEO to face questions about plane safety from US senators,https://www.business-standard.com/world-news/boeings-ceo-to-face-questions-about-plane-safety-from-us-senators-124061800173_1.html,Boeing's CEO to face questions about plane safety from US senators Business Standard ...,www.business-standard.com,-0.027253,Neutral,BA,0.831658,-0.157856,Somewhat-Bearish
2024-06-18 05:42:40,Boeing's CEO David Calhoun To Face US Senators' Questions On Plane Safety Amid Ongoing Investigations - Boeing  ( NYSE:BA ) ,https://www.benzinga.com/markets/equities/24/06/39371119/boeings-ceo-david-calhoun-to-face-us-senators-questions-on-plane-safety-amid-ongoing-investigati,"Boeing Co.'s BA CEO, David Calhoun, is set to appear before U.S. senators on Tuesday, where he will be questioned about the company's safety measures amid ongoing investigations. What Happened: Calhoun is expected to address the Senate investigations subcommittee, chaired by Sen.",www.benzinga.com,0.166636,Somewhat-Bullish,BA,0.598621,0.057712,Neutral
2024-06-18 10:39:00,"5 things to know for June 18: North Korea, Undocumented spouses, Summer heat, LGBTQ+ rights, Boeing",https://www.cnn.com/2024/06/18/us/5-things-to-know-for-june-18-north-korea-undocumented-spouses-summer-heat-lgbtq-rights-boeing/index.html,"A US Secret Service member was robbed at gunpoint during President Joe Biden's recent trip to California for a Hollywood fundraiser. Police say they have not found the suspect, who also stole the Secret Service member's bag during the startling ordeal.",www.cnn.com,-0.024236,Neutral,BA,0.138464,-0.001294,Neutral
2024-06-18 11:00:00,Equatic to Build North America's First Commercial-Scale Ocean-Based Carbon Removal Facility,https://www.benzinga.com/pressreleases/24/06/g39374121/equatic-to-build-north-americas-first-commercial-scale-ocean-based-carbon-removal-facility,"LOS ANGELES, June 18, 2024 ( GLOBE NEWSWIRE ) -- Carbon removal company Equatic, with Canadian carbon removal project developer Deep Sky, today announced that engineering has commenced on North America's first commercial-scale ocean-based carbon dioxide removal ( CDR ) plant.",www.benzinga.com,0.239504,Somewhat-Bullish,BA,0.0428,0.028491,Neutral
2024-06-18 11:10:30,"A Chinese State Company Supplied Suspect Titanium Used In Boeing, Airbus Planes",https://www.forbes.com/sites/jeremybogaisky/2024/06/18/a-chinese-state-company-supplied-suspect-titanium-used-in-boeing-airbus-planes/,"itanium in commercial Boeing and Airbus jets whose murky origins and prevalence are being investigated by U.S. and European regulators was supplied by a division of China's largest state-owned aerospace conglomerate, according to documents obtained by Forbes.",www.forbes.com,-0.038167,Neutral,BA,0.595343,-0.053255,Neutral
2024-06-18 11:12:00,PBS' A CAPITOL FOURTH WELCOMES BACK ALFONSO RIBEIRO TO HOST AMERICA'S INDEPENDENCE DAY CELEBRATION LIVE FROM THE WEST LAWN OF THE U.S. CAPITOL!,https://www.benzinga.com/pressreleases/24/06/n39374571/pbs-a-capitol-fourth-welcomes-back-alfonso-ribeiro-to-host-americas-independence-day-celebration-l,"- Featuring Smokey Robinson, Fantasia, Darren Criss, Sheila E., Fitz & Noelle from Fitz and The Tantrums, Chloe Flower, Sister Sledge ft. Sledgendary, Loren Allred, Britt Stewart and Maestro Jack Everly conducting the National Symphony Orchestra -",www.benzinga.com,0.358301,Bullish,BA,0.036587,0.026538,Neutral
2024-06-18 11:16:00,Boeing mishandled lost track of up to 400 bad 737 parts Whistleblower,https://www.business-standard.com/world-news/boeing-mishandled-lost-track-of-up-to-400-bad-737-parts-whistleblower-124061800688_1.html,"Boeing mishandled, lost track of up to 400 bad 737 parts: Whistleblower Business Standard ...",www.business-standard.com,-0.134115,Neutral,BA,0.688416,-0.231326,Somewhat-Bearish
2024-06-18 11:37:59,"Boeing hid questionable parts from regulators that may have been installed in 737 Max planes, new whistleblower alleges | Business",https://www.cnn.com/2024/06/18/business/boeing-whistleblower-calhoun-testimony/index.html,"Boeing hid questionable parts from regulators that may have been installed in 737 Max planes, new whistleblower ... ...",www.cnn.com,-0.08052,Neutral,BA,0.668721,-0.175683,Somewhat-Bearish
2024-06-18 12:00:00,"Several of Boeing's candidates for CEO have turned it down, report says",https://www.businessinsider.com/boeings-candidates-for-ceo-keep-turning-it-down-wsj-2024-6,Boeing's candidates for CEO keep turning it down: WSJ - Business Insider ...,www.businessinsider.com,-0.081979,Neutral,BA,0.608634,-0.140451,Neutral
2024-06-18 13:41:00,"New Boeing whistleblower alleges faulty parts 'likely installed' on planes, risking 'catastrophic event'",https://www.foxbusiness.com/economy/new-boeing-whistleblower-alleges-faulty-parts-likely-installed-planes-risking-catastrophic-event,"A new Boeing whistleblower has emerged alleging that parts determined to be ""damaged or otherwise out of specification"" are ""likely being installed"" on the company's airplanes, raising the possibility of a ""catastrophic event,"" a Senate subcommittee says.",www.foxbusiness.com,-0.050538,Neutral,BA,0.558244,0.037602,Neutral
2024-06-18 14:32:00,"AAR  ( AIR ) , OTTO Extend Partnership in Electronics Distribution",https://www.zacks.com/stock/news/2289867/aar-air-otto-extend-partnership-in-electronics-distribution,"AAR (AIR), with its extended collaboration with OTTO Engineering, is poised to keep a significant presence in APAC aircraft MRO services.",www.zacks.com,0.316686,Somewhat-Bullish,BA,0.234119,0.301031,Somewhat-Bullish
2024-06-18 15:17:26,What's Going On With Boeing's Shares On Tuesday - Boeing  ( NYSE:BA ) ,https://www.benzinga.com/government/24/06/39383124/whats-going-on-with-boeings-shares-on-tuesday,"Shares of aircraft giant Boeing Co. BA are trading lower on Tuesday. Boeing is facing fresh allegations from a quality inspector, over the alleged mishandling of hundreds of defective parts potentially installed on new 737 Max aircraft, even as the aircraft maker continues to face scrutiny over ...",www.benzinga.com,0.071386,Neutral,BA,0.831224,0.067147,Neutral
2024-06-18 15:33:11,IRS seeks to close loophole used by ultra-wealthy,https://theweek.com/business/IRS-tax-loophole-wealthy-partnership-basis-shifting,The Internal Revenue Service and Treasury Department launched a new initiative Monday aimed at closing a significant tax loophole often used by the super wealthy.,theweek.com,0.041412,Neutral,BA,0.051999,0.049927,Neutral
2024-06-18 15:57:50,Skepticism Can't Find A Runway Amidst Boom Supersonic Revelry,https://www.forbes.com/sites/tedreed/2024/06/18/skepticism-cant-find-a-runway-amidst-boom-supersonic-revelry/,"Boom Supersonic faces a difficult path if it wants to supply aircraft to airlines, but it took a big step Tuesday when it celebrated the opening of its $100 million factory at Piedmont Triad International Airport in Greensboro, North Carolina.",www.forbes.com,0.220879,Somewhat-Bullish,BA,0.185306,0.120742,Neutral
2024-06-18 16:18:23,"Boeing's Search For New CEO Persists As Calhoun Faces Congressional Hearing - GE Aero  ( NYSE:GE ) , Boeing  ( NYSE:BA ) ",https://www.benzinga.com/markets/equities/24/06/39384624/boeings-search-for-new-ceo-persists-as-calhoun-faces-congressional-hearing,Boeing Company BA is reportedly facing complications in its search for a new leader as several high-profile candidates have declined the opportunity amid discussions about the necessity of the next CEO being based near its Seattle-area factories.,www.benzinga.com,-0.004818,Neutral,BA,0.466325,-0.146128,Neutral
2024-06-18 16:25:25,Boeing's CEO appears before Senate panel as new whistleblower emerges,https://www.business-standard.com/world-news/boeing-s-ceo-appears-before-senate-panel-as-new-whistleblower-emerges-124061801017_1.html,"US lawmakers are expected to press Boeing's chief executive Tuesday about the company's latest plan to fix its manufacturing problems, and relatives of people who died in two crashes of Boeing 737 Max jetliners plan to be in the room, watching him.",www.business-standard.com,-0.066195,Neutral,BA,0.764287,-0.164104,Somewhat-Bearish
2024-06-18 16:31:11,Boeing CEO Dave Calhoun testifies at US Senate | Business,https://www.cnn.com/business/live-news/boeing-ceo-testify-senate/index.html,Live Updates: Boeing CEO Dave Calhoun testifies at US Senate ...,www.cnn.com,-0.012126,Neutral,BA,0.737032,-0.019735,Neutral
2024-06-18 17:21:00,Lockheed  ( LMT )  Secures an Army Contract to Aid PAC-3 Program,https://www.zacks.com/stock/news/2290054/lockheed-lmt-secures-an-army-contract-to-aid-pac-3-program,"Lockheed's (LMT) PAC-3 is an advanced defensive missile, which defends against advanced threats, including tactical ballistic missiles, cruise missiles, hypersonic missiles and aircraft.",www.zacks.com,0.309274,Somewhat-Bullish,BA,0.140621,0.11706,Neutral
2024-06-18 17:22:00,Boeing  ( BA )  Wins $128M Contract to Aid CH-47 Chinook Helicopter,https://www.zacks.com/stock/news/2290056/boeing-ba-wins-128m-contract-to-aid-ch-47-chinook-helicopter,Boeing (BA) is set to procure sustainment parts for CH-47 aircraft.,www.zacks.com,0.25478,Somewhat-Bullish,BA,0.401331,0.340584,Somewhat-Bullish
2024-06-18 17:30:23,Watch Boeing CEO Dave Calhoun testify before Senate panel on whistleblower allegations,https://www.cnbc.com/2024/06/18/watch-live-boeing-ceo-dave-calhoun-senate-testimony.html,Boeing CEO Dave Calhoun faces Senate questioning following whistleblower allegations and quality control concerns after a door plug blew out of 737 Max plane.,www.cnbc.com,-0.221997,Somewhat-Bearish,BA,0.514619,-0.43625,Bearish
2024-06-18 17:47:00,'I know it happens': Boeing chief admits the company has retaliated against whistleblowers | Business,https://edition.cnn.com/business/live-news/boeing-ceo-testify-senate/index.html,Live updates: Boeing CEO to testify at the US Senate CNN International ...,edition.cnn.com,0.074162,Neutral,BA,0.772194,0.123144,Neutral
2024-06-18 18:11:00,'I know it happens': Boeing chief admits the company has retaliated against whistleblowers | Business,https://us.cnn.com/business/live-news/boeing-ceo-testify-senate/index.html,Live updates: 'I know it happens': Boeing chief admits the company has retaliated against ...,us.cnn.com,0.074162,Neutral,BA,0.772194,0.123144,Neutral
2024-06-18 18:59:21,Boeing Stock Grounded After CEO Testimony To Congress: 'Issues Before Us Today Have Real Human Consequences: Life And Death' - Boeing  ( NYSE:BA ) ,https://www.benzinga.com/government/24/06/39387675/boeing-stock-grounded-after-ceo-testimony-to-congress-issues-before-us-today-have-real-human-consequ,"On Tuesday, The Boeing Company BA CEO David Calhoun testified before the Homeland Security & Government Affairs subcommittee on investigations sharing more on the shortcoming of the company and what comes next. What Happened: Subcommittee chairman Sen.",www.benzinga.com,0.092006,Neutral,BA,0.930468,0.038615,Neutral
2024-06-18 20:39:00,Bird strike: What happens when a plane collides with a bird?,https://www.cnn.com/travel/bird-strike-plane-what-happens/index.html,"Editor's Note: The views expressed in this commentary are solely those of the writer. CNN is showcasing the work of The Conversation, a collaboration between journalists and academics to provide news analysis and commentary. The content is produced solely by The Conversation.",www.cnn.com,-0.154363,Somewhat-Bearish,BA,0.176287,0.031461,Neutral
2024-06-18 21:30:00,"Fauci's new memoir, Nvidia's meteoric rise, the return of Titanic tourism: Catch up on the day's stories",https://www.cnn.com/2024/06/18/us/5-things-pm-june-18-trnd/index.html,"👋 Welcome to 5 Things PM! Older Americans have plenty to worry about, and the lack of affordable health care is at the top of the list. New research captures their anxiety about the cost of treatment and prescription drugs, along with their ability to pay for them.",www.cnn.com,0.100063,Neutral,BA,0.131643,-0.26182,Somewhat-Bearish
2024-06-18 21:45:19,Boeing  ( BA )  Stock Sinks As Market Gains: Here's Why,https://www.zacks.com/stock/news/2290083/boeing-ba-stock-sinks-as-market-gains-heres-why,"Boeing (BA) reachead $174.99 at the closing of the latest trading day, reflecting a -1.91% change compared to its last close.",www.zacks.com,0.173707,Somewhat-Bullish,BA,0.459624,0.257429,Somewhat-Bullish
2024-06-18 21:58:00,Boeing Starliner return delayed again as mission teams troubleshoot issues,https://www.cnn.com/2024/06/18/science/boeing-starliner-astronaut-mission-return-delay-scn/index.html,Astronauts' return delayed again as Boeing and NASA try to learn more about spacecraft issues ...,www.cnn.com,-0.104587,Neutral,BA,0.290262,-0.140851,Neutral
2024-06-19 02:58:00,These new bombshell allegations from Boeing whistleblowers about what happens to faulty plane parts are pretty horrifying,https://www.businessinsider.com/boeing-whistleblower-faulty-plane-parts-may-be-on-new-aircraft-2024-6,Boeing whistleblower: Faulty plane parts may be on new aircraft - Business Insider ...,www.businessinsider.com,-0.050724,Neutral,BA,0.676525,-0.241304,Somewhat-Bearish
2024-06-19 05:15:00,Boeing CEO David Calhoun says he's 'proud' of the company's safety record,https://www.businessinsider.com/boeing-ceo-david-calhoun-proud-of-safety-record-senate-hearing-2024-6,Boeing CEO David Calhoun tells Congress he's 'proud' of the company's safety record - Business Insider ...,www.businessinsider.com,0.034054,Neutral,BA,0.749619,0.087345,Neutral
2024-06-19 06:00:00,DeFi Technologies' Subsidiary Valour Inc. and The Hashgraph Association  ( THA )  Celebrate Successful Launch of the World's First Valour Hedera  ( HBAR )  ETP at the Börse Frankfurt  ( Zertifikate )  Exchange Closing Bell Ceremony,https://www.newswire.ca/news-releases/defi-technologies-subsidiary-valour-inc-and-the-hashgraph-association-tha-celebrate-successful-launch-of-the-world-s-first-valour-hedera-hbar-etp-at-the-borse-frankfurt-zertifikate-exchange-closing-bell-ceremony-878279942.html,DeFi Technologies' Subsidiary Valour Inc. and The Hashgraph Association ( THA ) Celebrate Successful Launch of the ... Canada ...,www.newswire.ca,0.256845,Somewhat-Bullish,BA,0.022969,0.09989,Neutral
2024-06-19 08:05:00,GE Aerospace's Latest Wall Street Downgrade Isn't a Big Deal: Here's Why,https://www.fool.com/investing/2024/06/19/ge-aerospaces-latest-wall-street-downgrade-isnt-a/,J.P. Morgan recently served notice that the aerospace giant could miss its engine delivery targets in 2024.,www.fool.com,-0.024066,Neutral,BA,0.118354,0.046195,Neutral
2024-06-19 10:00:00,"Boeing's CEO is going to coast into retirement, having never been held to account for the mess he made | Business",https://www.cnn.com/2024/06/19/business/boeings-ceo-responsible/index.html,"Boeing's CEO was supposed to take accountability. Instead, he said he's proud of the company's safety record ...",www.cnn.com,0.077128,Neutral,BA,0.377855,-0.039915,Neutral
2024-06-19 10:21:12,Former United Airlines CEO Slams Boeing's 'Lack Of Trust' As CEO Dave Calhoun Faces Senate Heat - Boeing  ( NYSE:BA ) ,https://www.benzinga.com/analyst-ratings/analyst-color/24/06/39396222/former-united-airlines-ceo-slams-boeings-lack-of-trust-as-ceo-dave-calhoun-faces-se,"Oscar Munoz, former CEO of United Airlines, has voiced his concerns over the current crisis at The Boeing Company BA, criticizing the lack of trust in the company's leadership.",www.benzinga.com,0.053191,Neutral,BA,0.654016,0.0,Neutral
2024-06-19 10:44:00,"5 things to know for June 19: Hurricane season, Immigration, Middle East, Willie Mays, Starliner",https://www.cnn.com/2024/06/19/us/5-things-to-know-for-june-19-hurricane-season-immigration-middle-east-willie-mays-starliner/index.html,"5 things to know for June 19: Hurricane season, Immigration, Middle East, Willie Mays, ...",www.cnn.com,-0.031403,Neutral,BA,0.114318,0.062326,Neutral
2024-06-19 11:49:00,Lockheed  ( LMT )  Wins Contract to Support F-35 Fighter Jet Program,https://www.zacks.com/stock/news/2290259/lockheed-lmt-wins-contract-to-support-f-35-fighter-jet-program,Lockheed (LMT) is set to extend services involving continued infrastructure support for F-35 Joint Strike Fighter (JSF) laboratory facilities and F-35 developmental flight test activities.,www.zacks.com,0.333646,Somewhat-Bullish,BA,0.201523,0.201897,Somewhat-Bullish
2024-06-19 12:00:00,DeFi Technologies' Subsidiary Valour Inc. and The Hashgraph Association  ( THA )  Celebrate Successful Launch of the World's First Valour Hedera  ( HBAR )  ETP at the Börse Frankfurt  ( Zertifikate )  Exchange Closing Bell Ceremony,https://www.globenewswire.com/news-release/2024/06/19/2901071/0/en/DeFi-Technologies-Subsidiary-Valour-Inc-and-The-Hashgraph-Association-THA-Celebrate-Successful-Launch-of-the-World-s-First-Valour-Hedera-HBAR-ETP-at-the-B%C3%B6rse-Frankfurt-Zertifikate.html,"Celebration at Börse Frankfurt's main trading floor, with participation from Valour Inc. and The Hashgraph Association.",www.globenewswire.com,0.254616,Somewhat-Bullish,BA,0.023035,0.097145,Neutral
2024-06-19 13:27:02,GE Aerospace Aims To Slash Carbon Emissions In Sky With Hybrid Electric Engines - GE Aero  ( NYSE:GE ) ,https://www.benzinga.com/news/24/06/39398463/ge-aerospace-aims-to-slash-carbon-emissions-in-sky-with-hybrid-electric-engines,"In a significant leap towards sustainable aviation, GE Aerospace by General Electric GE is developing a hybrid electric engine, aiming to power narrow-body jets by the mid-2020s.",www.benzinga.com,0.146571,Neutral,BA,0.084127,0.178686,Somewhat-Bullish
2024-06-19 17:35:54,SpaceX launches 20 Starlink satellites into orbit from California,https://www.foxbusiness.com/fox-news-tech/spacex-launches-20-starlink-satellites-orbit-from-california,"SpaceX launched a Falcon 9 rocket carrying Starlink broadband satellites into orbit from California on Tuesday, after another mission in Florida was scrubbed. Elon Musk's private spaceflight company successfully deployed 20 Starlink satellites into low earth orbit after launching from Vandenberg ...",www.foxbusiness.com,0.174116,Somewhat-Bullish,BA,0.075874,0.256777,Somewhat-Bullish
2024-06-19 18:20:00,"Boeing committed 'the deadliest corporate crime in U.S. history' and should be fined $24 billion, victims' families say | Business",https://www.cnn.com/2024/06/19/business/boeing-families-lawsuit/index.html,"Boeing committed 'the deadliest corporate crime in US history' and should be fined $24 billion, victims' families say ...",www.cnn.com,0.054282,Neutral,BA,0.708142,0.011849,Neutral
2024-06-19 19:00:00,Two astronauts wait to come home as Boeing races to understand spacecraft issues. Here's what's at stake,https://www.cnn.com/2024/06/19/science/boeing-starliner-astronauts-return-scn/index.html,Two astronauts wait to come home as Boeing's spaceflight reputation hangs in the balance ...,www.cnn.com,-0.040536,Neutral,BA,0.430346,-0.083672,Neutral
2024-06-19 20:40:00,Pilots warned smoke could penetrate cabin if Boeing 737 Max planes have a bird strike | Business,https://www.cnn.com/2024/06/19/business/smoke-cabin-boeing-737-max-bird-strike/index.html,Pilots warned smoke could penetrate cabin if Boeing 737 Max planes have a bird strike ...,www.cnn.com,-0.158954,Somewhat-Bearish,BA,0.627119,-0.232779,Somewhat-Bearish
2024-06-19 21:30:41,Canada lists Iran Revolutionary Guards as 'terrorist' group,https://www.aljazeera.com/news/2024/6/19/canada-lists-iran-revolutionary-guards-as-terrorist-group,"Ottawa cites the IRGC's ties to Hamas and Hezbollah, accusing Iran of 'complete disregard for human rights'. Canada has listed Iran's Islamic Revolutionary Guard Corps ( IRGC ) as a ""terrorist"" entity and urged its citizens in Iran to leave.",www.aljazeera.com,-0.112184,Neutral,BA,0.067347,-0.163675,Somewhat-Bearish
2024-06-20 02:09:14,737 Max crash victims' families demand $25 billion fine on Boeing,https://www.business-standard.com/world-news/737-max-crash-victims-families-demand-25-billion-fine-on-boeing-124062000099_1.html,"Families of the victims of two fatal 737 Max crashes are asking the Justice Department to seek to fine Boeing Co. nearly $25 billion, saying the company committed ""the deadliest corporate crime in U.S. history.""",www.business-standard.com,-0.226883,Somewhat-Bearish,BA,0.82515,-0.372075,Bearish
2024-06-20 06:47:23,Malaysia-bound flight returns back to Hyderabad due to technical snag,https://www.business-standard.com/companies/news/malaysia-bound-flight-returns-back-to-hyderabad-due-to-technical-snag-124062000318_1.html,The Boeing 737-800 aircraft departed at 12:45 am from Hyderabad and was scheduled to land at Kuala Lumpur International Airport at 7:10 am but it returned back around 4 am due to technical reasons ...,www.business-standard.com,-0.071958,Neutral,BA,0.294093,-0.061025,Neutral
2024-06-20 07:50:43,"Copa  ( NYSE:CPA )  Lowered to ""Hold"" at StockNews.com",https://www.defenseworld.net/2024/06/20/copa-nysecpa-lowered-to-hold-at-stocknews-com.html,"StockNews.com cut shares of Copa ( NYSE:CPA - Free Report ) from a buy rating to a hold rating in a report released on Wednesday morning. Several other equities research analysts also recently commented on the company. Morgan Stanley started coverage on Copa in a report on Friday, May 24th.",www.defenseworld.net,0.162207,Somewhat-Bullish,BA,0.246582,0.138547,Neutral
2024-06-20 08:22:00,1 High-Flying Aerospace Stock to Buy Hand Over Fist and 1 to Avoid,https://www.fool.com/investing/2024/06/20/1-high-flying-aerospace-stock-to-buy-hand-over-fis/,Comparing these two high-profile aerospace-related companies highlights the stark difference in their operational performance.,www.fool.com,0.316331,Somewhat-Bullish,BA,0.597525,0.357812,Bullish
2024-06-20 10:59:00,Families of Boeing 737 Max crash victims call for planemaker to be fined $25 billion for 'deadliest corporate crime in US history',https://www.businessinsider.com/boeing-737-max-crash-victims-families-call-for-25b-fine-2024-6,Boeing 737 Max crash victims' families call for $25B fine - Business Insider ...,www.businessinsider.com,-0.134058,Neutral,BA,0.952424,-0.168314,Somewhat-Bearish
2024-06-20 11:28:10,Boeing 737 Max Crash Victim Families Call For $25B Fine As CEO Dave Calhoun Gets Grilled By Senators - Boeing  ( NYSE:BA ) ,https://www.benzinga.com/news/24/06/39408346/boeing-737-max-crash-victim-families-call-for-25b-fine-as-ceo-dave-calhoun-gets-grilled-by-senators,"In the wake of two fatal 737 Max crashes, the victims' families are calling on the Justice Department to impose a fine of nearly $25 billion on Boeing Co. BA. The families have described the incident as ""the deadliest corporate crime in U.S. history.""",www.benzinga.com,-0.049473,Neutral,BA,0.664604,-0.252311,Somewhat-Bearish
2024-06-20 12:01:00,Boeing  ( BA )  Wins $212M Deal to Aid F/A-18 E/F & EA-18G Jets,https://www.zacks.com/stock/news/2290785/boeing-ba-wins-212m-deal-to-aid-fa-18-ef-ea-18g-jets,Boeing (BA) is set to provide for the repair of 11 various configurations of flight control surfaces used on the F/A-18 E/F and EA-18G jets.,www.zacks.com,0.253202,Somewhat-Bullish,BA,0.375016,0.341833,Somewhat-Bullish
2024-06-20 12:04:42,Daily: Nvidia Continues To Prove It's An AI Juggernaut,https://www.forbes.com/sites/daniellechemtob/2024/06/20/forbes-daily-nvidia-continues-to-prove-its-an-ai-juggernaut/,Forbes Daily: Nvidia and CEO Jensen Huang Continue To Grow In Value Forbes ...,www.forbes.com,0.083537,Neutral,BA,0.121404,-0.108365,Neutral
2024-06-20 12:53:00,Sun Country Airlines Enters Into Revised Agreement with Amazon,https://www.globenewswire.com/news-release/2024/06/20/2901711/0/en/Sun-Country-Airlines-Enters-Into-Revised-Agreement-with-Amazon.html,"MINNEAPOLIS, June 20, 2024 ( GLOBE NEWSWIRE ) -- Sun Country Airlines ( NASDAQ: SNCY ) today signed an Amended and Restated Air Transport Services Agreement with Amazon, extending the contract through 2030 with options to further extend the terms through 2037.",www.globenewswire.com,0.399125,Bullish,BA,0.154455,0.216083,Somewhat-Bullish
2024-06-20 13:26:14,Business | Jun 22nd 2024 Edition,https://www.economist.com/the-world-this-week/2024/06/20/business,"Dave Calhoun, Boeing's was questioned by American senators about recent safety incidents involving his company's planes, such as the blowout of a door panel on a Richard Blumenthal, the chairman of the committee investigating the failures, described Boeing as ""an iconic company…that somehow lost ...",www.economist.com,0.139514,Neutral,BA,0.380012,-0.32772,Somewhat-Bearish
2024-06-20 14:32:00,Boeing's leaking Starliner spacecraft has delayed 2 astronauts' return to Earth,https://www.businessinsider.com/boeing-starliner-spaceship-delays-astronauts-return-earth-2024-6,Boeing's leaking Starliner ship delays astronauts' return to Earth - Business Insider ...,www.businessinsider.com,-0.339253,Somewhat-Bearish,BA,0.552443,-0.593538,Bearish
2024-06-20 15:09:47,Southwest Airlines Faces a Shake-Up,https://www.fool.com/investing/2024/06/20/southwest-airlines-faces-a-shake-up/,"We also talk about -- what else? -- tall buildings. Really, really tall buildings.",www.fool.com,0.148759,Neutral,BA,0.024314,0.071765,Neutral
2024-06-20 16:09:47,"Smart Manufacturing Experience, tuX, Women of SMART Wrap Up Successful Pittsburgh Visit",https://www.benzinga.com/pressreleases/24/06/g39416901/smart-manufacturing-experience-tux-women-of-smart-wrap-up-successful-pittsburgh-visit,"PITTSBURGH, June 20, 2024 ( GLOBE NEWSWIRE ) -- Manufacturing technology and talent development were on full display in Pittsburgh this month as the Smart Manufacturing Experience 2024, tuX Workforce Conference and Women of SMART Experience co-located events came to the David L.",www.benzinga.com,0.46802,Bullish,BA,0.063258,0.059017,Neutral
2024-06-20 16:25:31,Why Sun Country Airlines Stock Popped 12% on Thursday,https://www.fool.com/investing/2024/06/20/why-sun-country-airline-stock-popped-on-thursday/,Good news? Sun Country Airlines is expanding its least profitable business.,www.fool.com,0.14812,Neutral,BA,0.208464,0.167473,Somewhat-Bullish
2024-06-20 16:54:00,The new Air Force One won't fly until 2026 - years after the military Boeing 747 was supposed to first take flight,https://www.businessinsider.com/new-boeing-747-presidential-plane-air-force-one-again-delayed-2024-6,US' new Boeing 747 presidential plane is yet-again delayed - Business Insider ...,www.businessinsider.com,0.071174,Neutral,BA,0.518708,-0.061944,Neutral
2024-06-20 16:57:44,How Spirit AeroSystems Is Caught Between Boeing And Airbus Tactics - Spirit AeroSystems Hldgs  ( NYSE:SPR ) ,https://www.benzinga.com/analyst-ratings/analyst-color/24/06/39417878/how-spirit-aerosystems-is-caught-between-boeing-and-airbus-tactics,"While an acquisition by Boeing is ""at least partially baked into the stock,"" there is uncertainty around the timing, according to Benchmark. The Spirit AeroSystems Holdings Analyst: Josh Sullivan downgraded the rating for Spirit AeroSystems Holdings from Buy to Hold.",www.benzinga.com,0.099475,Neutral,BA,0.685927,0.057523,Neutral
2024-06-20 17:09:27,Flying is getting scary. But is it still safe? | Business,https://www.cnn.com/2024/06/20/business/is-it-safe-to-fly-airplanes-boeing-max/index.html,Flying is getting scary. But is it still safe? ...,www.cnn.com,-0.10348,Neutral,BA,0.182047,-0.152304,Somewhat-Bearish
2024-06-20 19:53:43,Sun Country Airlines Shares Surge On Amazon Agreement Extension - Sun Country Airlines  ( NASDAQ:SNCY ) ,https://www.benzinga.com/news/24/06/39421163/sun-country-airlines-shares-surge-on-amazon-agreement-extension,"Sun Country Airlines Inc. SNCY shares wsurgedThursday following an announcement of an Amended and Restated Air Transport Services Agreement with Amazon. What Happened: The agreement extends their partnership through 2030, with provisions for further extension until 2037.",www.benzinga.com,0.428851,Bullish,BA,0.156461,0.178622,Somewhat-Bullish
2024-06-20 21:21:30,"Fears about flying, restaurants dropping prices, song of the summer: Catch up on the day's stories",https://www.cnn.com/2024/06/20/us/5-things-pm-june-20-trnd/index.html,"👋 Welcome to 5 Things PM! Struggling restaurants have been rolling out discounts in an effort to lure customers - but one very popular chain is bucking that trend and refusing to offer deals or drop menu prices. McDonald's, meanwhile, just came out with a new $5 value meal to combat inflation.",www.cnn.com,0.058283,Neutral,BA,0.130217,-0.067452,Neutral
2024-06-20 23:48:00,"Southwest flight flew just 525 feet above Oklahoma town, triggering altitude warning",https://www.cnn.com/2024/06/20/us/southwest-flight-low-altitude-warning-faa/index.html,"FAA investigating Southwest flight that flew just 525 feet above Oklahoma town, triggering altitude warning ...",www.cnn.com,-0.033339,Neutral,BA,0.147818,0.097592,Neutral
2024-06-21 02:48:00,A United Airlines Airbus jet had to turn around after a piece of its engine lining fell off during takeoff,https://www.businessinsider.com/united-airlines-airbus-turned-back-engine-lining-fell-off-2024-6,A United jet turned back after a piece of its engine lining fell off - Business Insider ...,www.businessinsider.com,-0.118017,Neutral,BA,0.131643,-0.004891,Neutral
2024-06-21 09:59:00,"A Malaysia Airlines Boeing plane was seen with its engine ablaze, a midair mishap that forced the flight to turn around",https://www.businessinsider.com/malaysia-airlines-boeing-flight-with-engine-on-fire-2024-6,A Malaysia Airlines Boeing plane was seen with its engine ablaze - Business Insider ...,www.businessinsider.com,-0.22397,Somewhat-Bearish,BA,0.388879,-0.16148,Somewhat-Bearish
2024-06-21 10:00:00,Hexcal Studio Is The Ultimate Power And Lighting System For Office Desks,https://www.forbes.com/sites/marksparrow/2024/06/21/hexcal-studio-is-the-ultimate-power-and-lighting-system-for-office-desks/,"This week I've been spending some time with the Hexcal Studio, not such much a technical gadget as a piece of deluxe office furniture that just happens to incorporate one of the best cable-management and power systems ever produced.",www.forbes.com,0.223384,Somewhat-Bullish,BA,0.037741,0.18588,Somewhat-Bullish
2024-06-21 10:49:00,"5 things to know for June 21: Heat wave, Supreme Court, Middle East, TikTok ban, Southwest Airlines",https://www.cnn.com/2024/06/21/us/5-things-to-know-for-june-21-heat-wave-supreme-court-middle-east-tiktok-ban-southwest-airlines/index.html,Former President Donald Trump will get the final word at the CNN debate next week after a coin flip determined the podium placement and the order of closing statements. Remember to mark your calendars for the historic Biden-Trump showdown set for Thursday at 9 p.m. ET.,www.cnn.com,-0.110747,Neutral,BA,0.036037,-0.036093,Neutral
2024-06-21 11:55:40,"Boeing Nears Deal To Reacquire Spirit AeroSystems In Wake Of Airbus Negotiations: Report Why Is Spirit Aerosystems  ( SPR )  Stock Gaining Today? - Spirit AeroSystems Hldgs  ( NYSE:SPR ) , Boeing  ( NYSE:BA ) ",https://www.benzinga.com/markets/equities/24/06/39430634/boeing-nears-deal-to-reacquire-spirit-aerosystems-in-wake-of-airbus-negotiations-report,"Boeing Co. BA is reportedly close to finalizing a deal to reacquire Spirit AeroSystems Holdings Inc. SPR, its former subsidiary, following significant progress in separate negotiations between Spirit and Airbus SE EADSY to divide Spirit's projects between the two aerospace giants.",www.benzinga.com,0.187408,Somewhat-Bullish,BA,0.718177,0.182987,Somewhat-Bullish
2024-06-21 12:07:00,Boeing Races to Catch SpaceX in Orbit -- But Has It Already Lost?,https://www.fool.com/investing/2024/06/21/boeing-raced-to-catch-spacex-in-orbit-but-lost/,Boeing's days in space may be numbered. And SpaceX may have become NASA's new favorite space contractor.,www.fool.com,-0.045709,Neutral,BA,0.589946,0.077253,Neutral
2024-06-21 13:00:17,The Boeing Company  ( BA )  Is a Trending Stock: Facts to Know Before Betting on It,https://www.zacks.com/stock/news/2291346/the-boeing-company-ba-is-a-trending-stock-facts-to-know-before-betting-on-it,"Boeing (BA) has been one of the stocks most watched by Zacks.com users lately. So, it is worth exploring what lies ahead for the stock.",www.zacks.com,0.204364,Somewhat-Bullish,BA,0.524949,0.122399,Neutral
2024-06-21 14:45:13,"Asana, Clover Health Investments, Hertz Global And Other Big Stocks Moving Higher On Friday - Asana  ( NYSE:ASAN ) ",https://www.benzinga.com/news/24/06/39434352/asana-clover-health-investments-hertz-global-and-other-big-stocks-moving-higher-on-friday,"U.S. stocks were mixed, with the Dow Jones index gaining around 50 points on Friday. Shares of Asana, Inc. ASAN rose sharply during Friday's session after the company announced a $150 million share repurchase program and reaffirmed its forward guidance.",www.benzinga.com,0.287675,Somewhat-Bullish,BA,0.170275,0.19554,Somewhat-Bullish
2024-06-21 15:38:30,The Tipping Point In Commercial Spaceflight: 20 Years Ago Today,https://www.forbes.com/sites/gregautry/2024/06/21/the-tipping-point-in-commercial-spaceflight-20-years-ago-today/,"The Tipping Point In Commercial Spaceflight: 20 Years Ago, Today Forbes ...",www.forbes.com,0.218345,Somewhat-Bullish,BA,0.026184,0.081173,Neutral
2024-06-21 16:26:42,Boeing May Avoid Criminal Charges For Violating Settlement: Federal Monitor To Oversee Safety - Boeing  ( NYSE:BA ) ,https://www.benzinga.com/markets/equities/24/06/39436849/boeing-may-avoid-criminal-charges-for-violating-settlement-federal-monitor-to-oversee-safety,"Boeing Co BA has reportedly been approved by the U.S. Department of Justice to avoid criminal prosecution for breaching terms of a 2021 settlement linked to issues with its 737 Max 8 model, which led to two fatal plane crashes in 2018 and 2019.",www.benzinga.com,-0.104867,Neutral,BA,0.783009,-0.321346,Somewhat-Bearish
2024-06-21 17:49:05,"Boeing Will Likely Avoid Criminal Charges After Violating $2.5 Billion Settlement Linked To Fatal Crashes, Report Says",https://www.forbes.com/sites/antoniopequenoiv/2024/06/21/boeing-will-likely-avoid-criminal-charges-after-violating-25-billion-settlement-linked-to-fatal-crashes-report-says/,"Boeing is expected to avoid criminal prosecution after the Justice Department recently found it violated a $2.5 billion settlement shielding it from charges over two 737 Max 8 model crashes in 2018 and 2019 that killed a total of 346 people, according to The New York Times, which reported that ...",www.forbes.com,-0.260005,Somewhat-Bearish,BA,0.793468,-0.424058,Bearish
2024-06-21 18:11:39,Boeing expected to evade criminal charges for violating settlement: Report,https://www.business-standard.com/world-news/boeing-expected-to-evade-criminal-charges-for-violating-settlement-report-124062101234_1.html,Relatives of the victims of the fatal 737 MAX crashes asked the Justice Department on Wednesday to seek a fine against the planemaker of nearly $25 billion and move forward with a criminal prosecution. ( Photo: Reuters ) The U.S.,www.business-standard.com,-0.230946,Somewhat-Bearish,BA,0.809643,-0.319555,Somewhat-Bearish
2024-06-21 20:00:00,7 Best Stocks For Magnificent Earnings Growth Next Year,https://www.investors.com/research/best-stocks-sp500-sp400-sp600-magnificent-earnings-growth/,Investors looking to supercharge their portfolios would do well to widen the search aperture.,www.investors.com,0.320566,Somewhat-Bullish,BA,0.078611,0.062497,Neutral
2024-06-22 01:40:00,"A Southwest flight dropped to just 525 feet above an Oklahoma town, prompting an altitude warning and FAA investigation",https://www.businessinsider.com/southwest-flight-drops-525-feet-above-town-prompting-faa-probe-2024-6,"Southwest flight drops to 525 feet above town, prompting FAA probe - Business Insider ...",www.businessinsider.com,-0.059566,Neutral,BA,0.122894,0.043441,Neutral
2024-06-22 02:28:00,NASA has again delayed Boeing Starliner's return to Earth,https://www.cnn.com/2024/06/21/science/boeing-starliner-nasa-new-return-delay-scn/index.html,"Sign up for CNN's Wonder Theory science newsletter. Explore the universe with news on fascinating discoveries, scientific advancements and more. NASA announced Friday night that it is again delaying the Boeing Starliner capsule's return to Earth from the International Space Station.",www.cnn.com,0.049594,Neutral,BA,0.263942,-0.175042,Somewhat-Bearish
2024-06-22 06:57:43,Boeing & Spirit AeroSystems Deal Imminent-UK Union Raises Concerns,https://www.forbes.com/sites/marisagarcia/2024/06/22/boeing--spirit-aerosystems-deal-imminent-uk-union-raises-concerns/,"Boeing is nearing a deal to buy back Spirit AeroSystems. The key supplier and former subsidiary, is reported to have made progress with its other chief customer, Airbus, to separate the divisions that handle the Boeing rival's work.",www.forbes.com,0.040853,Neutral,BA,0.553595,-0.05495,Neutral
2024-06-22 08:50:00,Is It Too Late to Buy GE Aerospace Stock?,https://www.fool.com/investing/2024/06/22/is-it-too-late-to-buy-ge-aerospace-stock/,"The aerospace company has a dominant market position and a runway for long-term growth, but it is priced at a premium.",www.fool.com,0.182269,Somewhat-Bullish,BA,0.059049,0.093995,Neutral
2024-06-22 12:19:00,S&P 500 Giants Lead Five Stocks Near Buy Points,https://www.investors.com/news/sp-500-stocks-near-buy-points/,"S&P 500 index components Meta Platforms ( META ) , GE Aerospace ( GE ) and Goldman Sachs ( GS ) , along with Dick's Sporting Goods ( DKS ) and Spotify Technology ( SPOT ) are in focus this week. The stock market rally had a mixed end to the week, after the S&P 500 briefly topped 5,500 for ...",www.investors.com,0.229943,Somewhat-Bullish,BA,0.060617,0.234137,Somewhat-Bullish
2024-06-22 15:00:00,"Meet Lokiceratops, the rock star cousin of Triceratops",https://amp.cnn.com/cnn/2024/06/22/science/loki-dinosaur-science-newsletter-wt-scn,"If Triceratops had a metalhead cousin, this dinosaur would be it ...",amp.cnn.com,0.042924,Neutral,BA,0.038162,-0.155906,Somewhat-Bearish
2024-06-22 22:32:00,Opinion: 'My vision went dark': reporter experiences 6G-force before hitching a fighter jet ride,https://www.cnn.com/2024/06/22/opinions/f4-phantom-south-korea-lendon-intl-hnk-ml/index.html,'My vision went dark': CNN reporter experiences 6G-force before hitching a fighter jet ride ...,www.cnn.com,0.040568,Neutral,BA,0.024801,-0.03827,Neutral
2024-06-23 02:43:13,Boeing Nearing Resolution Of Spirit AeroSystems Stalemate,https://www.forbes.com/sites/jerroldlundquist/2024/06/22/boeing-nearing-resolution-of-spirit-aerosystems-stalemate/,"The next day after the publication of the Forbes article ""The Conundrum Facing Boeing and Spirit AeroSystems"" Reuters reported Boeing was close to achieving a deal to buy back the troubled fabricator of aerostructures.",www.forbes.com,0.119212,Neutral,BA,0.621014,0.123121,Neutral
2024-06-23 14:17:44,Stephanie Pope Has The One Thing Boeing's CEO Says His Successor Needs,https://www.forbes.com/sites/marisagarcia/2024/06/23/stephanie-pope-has-the-one-thing-boeings-ceo-says-his-successor-needs/,"During a sometimes painful Senate Committee hearing this week, Boeing CEO Dave Calhoun faced the wrath of 737 MAX victim families and continued questioning over his $33 million salary. Though he is, by far, not the highest-paid CEO in the U.S., the recent series of debacles at Boeing have made ...",www.forbes.com,0.252508,Somewhat-Bullish,BA,0.713735,0.247174,Somewhat-Bullish
2024-06-23 15:30:46,Canada knew Air India Kanishka was a potential target. Why didn't it act?,https://www.business-standard.com/external-affairs-defence-security/news/canada-had-intel-on-air-india-kanishka-bombing-why-didn-t-it-stop-attack-124062300560_1.html,"Canadian authorities had intelligence that Air India flight 182 Kanishka was a potential terrorist target, but failed to prevent the deaths of the 329 passengers onboard when the flight was destroyed in air 39 years ago by a bomb planted by Canadian Khalistani terrorists.",www.business-standard.com,-0.229509,Somewhat-Bearish,BA,0.023533,-0.170303,Somewhat-Bearish
2024-06-24 00:17:00,Prosecutors recommend DOJ file criminal charges against Boeing: report,https://www.businessinsider.com/prosecutors-recommend-doj-federal-criminal-charges-against-boeing-report-2024-6,Prosecutors Recommend Federal Criminal Charges Against Boeing: Report - Business Insider ...,www.businessinsider.com,-0.370606,Bearish,BA,0.924319,-0.595642,Bearish
2024-06-24 00:28:00,US prosecutors recommend criminal charges against Boeing for violating settlement: report,https://www.foxbusiness.com/markets/us-prosecutors-recommend-criminal-charges-against-boeing-violating-settlement,U.S. prosecutors have reportedly recommended that the Department of Justice ( DOJ ) bring criminal charges against Boeing for violating a settlement related to two fatal crashes.,www.foxbusiness.com,-0.273155,Somewhat-Bearish,BA,0.754476,-0.580835,Bearish
2024-06-24 01:11:23,"US prosecutors recommend criminal charges for Boeing, report says",https://www.aljazeera.com/economy/2024/6/24/us-prosecutors-recommend-criminal-charges-for-boeing-report-says,US Justice Department has until July 7 to prosecute aircraft giant over breaches of settlement related to fatal crashes.,www.aljazeera.com,-0.173854,Somewhat-Bearish,BA,0.621014,-0.292173,Somewhat-Bearish
2024-06-24 02:37:36,Boeing's Starliner: A Cautionary Investor's Tale,https://www.forbes.com/sites/jimosman/2024/06/23/boeings-starliner-a-cautionary-investors-tale/,"In the complex tapestry of aerospace and aviation, Boeing has long been threaded with both innovation and challenge.",www.forbes.com,-0.214454,Somewhat-Bearish,BA,0.395012,-0.094105,Neutral
2024-06-24 05:54:57,"Exclusive | With planned visit from European regulators, China's C919 noses toward approval",https://www.scmp.com/economy/china-economy/article/3267788/chinas-c919-jet-noses-closer-european-certification-regulators-plan-visit,"In a step towards international certification for China's C919 passenger jet, European officials will make a visit next month to get a closer look at the aircraft and its assembly.",www.scmp.com,0.214765,Somewhat-Bullish,BA,0.059636,0.082998,Neutral
2024-06-24 09:24:29,Boeing Delays Starliner's Return To Earth Again: Astronauts Stuck At International Space Station As NASA Says 'We Are Taking Our Time' - Boeing  ( NYSE:BA ) ,https://www.benzinga.com/news/24/06/39451119/boeing-delays-starliners-return-to-earth-again-astronauts-stuck-at-international-space-station-as-na,"Astronauts aboard Boeing Co's BA Starliner spacecraft will take more time than initially estimated to return to Earth from the International Space Station, federal agency NASA said on Friday.",www.benzinga.com,0.07596,Neutral,BA,0.348103,0.186168,Somewhat-Bullish
2024-06-24 09:44:00,"Inside the Korean Air Boeing plane that plummeted 25,000 feet after a pressurization fault",https://www.businessinsider.com/korean-air-boeing-plane-plummeted-13-people-in-hospital-2024-6,At least 13 people in hospital after Korean Air Boeing plane plummeted - Business Insider ...,www.businessinsider.com,-0.080631,Neutral,BA,0.399204,-0.169774,Somewhat-Bearish
2024-06-24 10:26:00,"5 Things to know for June 24: Debate countdown, Dagestan attacks, Middle East, Hajj heat, Starliner",https://www.cnn.com/2024/06/24/us/5-things-june-24-debate-countdown-dagestan-attacks-middle-east-hajj-heat-starliner/index.html,"5 Things to know for June 24: Debate countdown, Dagestan attacks, Middle East, Hajj heat, ...",www.cnn.com,-0.067512,Neutral,BA,0.083107,-0.023674,Neutral
2024-06-24 10:34:00,"As the deadline looms, uncertainty and conflicting reports cloud whether the Justice Department will prosecute Boeing",https://www.businessinsider.com/uncertainty-clouds-impending-doj-decision-on-charges-against-boeing-2024-6,Uncertainty clouds impending DoJ decision on charges against Boeing - Business Insider ...,www.businessinsider.com,-0.173278,Somewhat-Bearish,BA,0.818325,-0.376917,Bearish
2024-06-24 10:47:52,Boeing Risks Criminal Charges As US Prosecutors Reportedly Target Compliance Failures Post-737 MAX Crashes - Boeing  ( NYSE:BA ) ,https://www.benzinga.com/markets/equities/24/06/39452259/boeing-risks-criminal-charges-as-us-prosecutors-reportedly-target-compliance-failures-post-737-m,"Boeing Co BA risks potential criminal charges as U.S. prosecutors reportedly recommend legal action against the aerospace giant, after the company allegedly breached a 2021 deferred prosecution agreement following two fatal 737 MAX crashes.",www.benzinga.com,-0.144409,Neutral,BA,0.924704,-0.427907,Bearish
2024-06-24 11:26:00,RTX Secures a Contract to Build AN/APY-10 Radar Systems,https://www.zacks.com/stock/news/2291987/rtx-secures-a-contract-to-build-anapy-10-radar-systems,RTX is set to manufacture and supply 18 AN/APY-10 Radar Systems for the P-8A Poseidon aircraft.,www.zacks.com,0.248862,Somewhat-Bullish,BA,0.051221,0.166426,Somewhat-Bullish
2024-06-24 11:30:00,FTI Consulting Enhances Aviation Capabilities with Two Senior Commercial and Fleet Strategy Experts,https://www.globenewswire.com/news-release/2024/06/24/2902891/33891/en/FTI-Consulting-Enhances-Aviation-Capabilities-with-Two-Senior-Commercial-and-Fleet-Strategy-Experts.html,"WASHINGTON, June 24, 2024 ( GLOBE NEWSWIRE ) -- FTI Consulting, Inc. ( NYSE: FCN ) today announced the continued expansion of its global Aviation practice with the appointments of Stephen Strange as a Senior Managing Director and David Walfisch as a Managing Director.",www.globenewswire.com,0.260279,Somewhat-Bullish,BA,0.05654,-0.048924,Neutral
2024-06-24 12:05:09,Daily: Record-High Home Prices Raise Stakes For First-Time Buyers,https://www.forbes.com/sites/chrisdobstaff/2024/06/24/forbes-daily-record-high-home-prices-raise-stakes-for-first-time-buyers/,"This is a published version of the Forbes Daily newsletter, you can sign-up to get Forbes Daily in your inbox here. For some, the stock market is a tough nut to crack. While billionaires like Warren Buffett and Bill Ackman make the art of smart investing look easy, some of us could use a crash ...",www.forbes.com,0.188662,Somewhat-Bullish,BA,0.052169,-0.037316,Neutral
2024-06-24 12:16:00,Top 5 Aerospace Defense Equipment Stocks for Second-Half 2024,https://www.zacks.com/stock/news/2292097/top-5-aerospace-defense-equipment-stocks-for-second-half-2024,"We have narrowed our search to five aerospace defense equipment stocks.These are: ESLT, ASLE, AIR, HEI, CW.",www.zacks.com,0.333238,Somewhat-Bullish,BA,0.043658,0.03996,Neutral
2024-06-24 12:22:00,Spirit Aerosystems  ( SPR )  Surges 6.0%: Is This an Indication of Further Gains?,https://www.zacks.com/stock/news/2291985/spirit-aerosystems-spr-surges-60-is-this-an-indication-of-further-gains,Spirit Aerosystems (SPR) was a big mover last session on higher-than-average trading volume. The latest trend in earnings estimate revisions might not help the stock continue moving higher in the near term.,www.zacks.com,0.238887,Somewhat-Bullish,BA,0.118647,0.25834,Somewhat-Bullish
2024-06-24 12:36:00,World's best airline for 2024 named by Skytrax,https://www.cnn.com/2024/06/24/travel/worlds-best-airline-2024-skytrax/index.html,World's best airline for 2024 named by ...,www.cnn.com,0.479316,Bullish,BA,0.072655,0.0,Neutral
2024-06-24 13:20:00,Triumph Group  ( TGI )  Surges 7.3%: Is This an Indication of Further Gains?,https://www.zacks.com/stock/news/2292103/triumph-group-tgi-surges-73-is-this-an-indication-of-further-gains,Triumph Group (TGI) saw its shares surge in the last session with trading volume being higher than average. The latest trend in earnings estimate revisions may not translate into further price increase in the near term.,www.zacks.com,0.229037,Somewhat-Bullish,BA,0.230235,0.225235,Somewhat-Bullish
2024-06-24 14:27:00,NASA waves off spacewalk after astronaut suit springs a leak,https://www.cnn.com/2024/06/24/science/spacewalk-astronauts-canceled-iss-space-station-scn/index.html,"Sign up for CNN's Wonder Theory science newsletter. Explore the universe with news on fascinating discoveries, scientific advancements and more. Two US astronauts abandoned plans to exit the International Space Station to conduct maintenance on Monday due to a spacesuit malfunction.",www.cnn.com,-0.125767,Neutral,BA,0.079656,-0.162918,Somewhat-Bearish
2024-06-24 16:06:48,Which Airlines Have the Most Legroom - and Which Have the Least?,https://www.kiplinger.com/personal-finance/travel/airlines-most-and-least-legroom,"Legroom can make or break a flight for me. I'm not the tallest person but I have long legs and don't like being cramped. Whether I'm flying for a few hours or across an ocean, a few extra inches of legroom can make all the difference between feeling cramped or comfortable.",www.kiplinger.com,0.29185,Somewhat-Bullish,BA,0.041394,0.034812,Neutral
2024-06-24 17:16:42,"Top 5 Aerospace Defense Equipment Stocks for Second-Half 2024 - AerSale  ( NASDAQ:ASLE ) , AAR  ( NYSE:AIR ) ",https://www.benzinga.com/news/earnings/24/06/39456366/top-5-aerospace-defense-equipment-stocks-for-second-half-2024,"The aerospace defense equipment industry has maintained its northbound journey amid supply-chain woes. Nevertheless, improving defense budget funding from the U.S. administration and impressive year-over-year projections for global air passenger numbers are likely to boost this space in the ...",www.benzinga.com,0.348434,Somewhat-Bullish,BA,0.043342,0.044814,Neutral
2024-06-24 22:04:01,Prosecutors urge Justice Department to file criminal charges against Boeing over 737 Max | Business,https://www.cnn.com/2024/06/24/business/boeing-doj-criminal-faa-737-max/index.html,Prosecutors urge Justice Department to file criminal charges against Boeing over 737 Max ...,www.cnn.com,-0.308485,Somewhat-Bearish,BA,0.799455,-0.476733,Bearish
2024-06-25 03:34:50,Boeing offers to buy 737 supplier Spirit AeroSystems for $35 per share,https://www.business-standard.com/world-news/boeing-offers-to-buy-737-supplier-spirit-aerosystems-for-35-per-share-124062500151_1.html,"Boeing has said it is buying back Spirit to secure safety and quality in its plants, after blaming Spirit for sending incomplete or faulty parts to its factories. ( Photo: Reuters )",www.business-standard.com,0.077769,Neutral,BA,0.7887,0.185607,Somewhat-Bullish
2024-06-25 03:57:00,"People thought they might die when oxygen masks deployed on a United flight to Maui, passenger says",https://www.businessinsider.com/oxygen-masks-dropped-united-flight-maui-panic-passenger-says-2024-6,"Oxygen masks dropped on United flight to Maui, causing panic: passenger - Business Insider ...",www.businessinsider.com,0.002407,Neutral,BA,0.176287,0.066079,Neutral
2024-06-25 04:04:32,"Boeing Offers To Acquire Spirit Aerosystems In $35 Per Share Deal Funded Mostly By Stock: Report - Spirit AeroSystems Hldgs  ( NYSE:SPR ) , Boeing  ( NYSE:BA ) ",https://www.benzinga.com/markets/equities/24/06/39470596/boeing-offers-to-acquire-spirit-aerosystems-in-35-per-share-deal-funded-mostly-by-stock-report,"Boeing Co. BA has proposed to acquire Spirit AeroSystems Holdings Inc. SPR in a deal largely financed by stock, valuing the supplier at approximately $35 per share.",www.benzinga.com,0.002415,Neutral,BA,0.726873,0.039309,Neutral
2024-06-25 04:05:00,Astronauts from Boeing's Starliner were supposed to be in space for 8 days. Now they're stuck there with no scheduled return date.,https://www.businessinsider.com/boeing-nasa-starliner-astronauts-stuck-in-space-2024-6,Boeing Starliner astronauts stuck in space after delays - Business Insider ...,www.businessinsider.com,-0.104484,Neutral,BA,0.772973,-0.147984,Neutral
2024-06-25 06:00:30,Boeing's ongoing problems could create summer travel havoc,https://theweek.com/travel/boeing-summer-aviation,"The summer travel season is once again in full swing, but if you're looking to jet off to a sun-soaked beach, you may have some difficulty thanks to recent calamities at Boeing.",theweek.com,0.050601,Neutral,BA,0.367535,-0.131249,Neutral
2024-06-25 06:33:16,"Stocks To Watch On Tuesday: Boeing, FedEx And More - Carnival  ( NYSE:CCL ) ",https://www.benzinga.com/news/earnings/24/06/39471224/stocks-to-watch-on-tuesday-boeing-fedex-and-more,"With U.S. stock futures trading higher this morning on Tuesday, some of the stocks that may grab investor focus today are as follows: Wall Street expects Carnival Corporation CCL to report a quarterly loss at $0.2 per share on revenue of $5.68 billion after the closing bell, according to data ...",www.benzinga.com,0.344441,Somewhat-Bullish,BA,0.441059,0.460944,Bullish
2024-06-25 08:45:00,10 best performing airlines in Africa 2024,https://africa.businessinsider.com/local/lifestyle/10-best-performing-airlines-in-africa-2024/tfc7b21,"When you travel by air, you want the journey to be smooth, stress-free, and comfortable, with top-notch service all the way. While not every flight can offer the same level of comfort or customer service, some airlines really stand out in making air travel a great experience.",africa.businessinsider.com,0.311611,Somewhat-Bullish,BA,0.148731,0.201165,Somewhat-Bullish
2024-06-25 08:57:03,The US-India Defence Partnership Witnesses Big Jump,https://www.financialexpress.com/business/defence-the-us-india-defence-partnership-witnesses-big-jump-3534292/,"In the defence alliance between India and the United States there has been a significant advancement, says the American Chamber of Commerce in India ( AMCHAM ) . This partnership, focusing on cooperative efforts, is seen as crucial for global security and economic prosperity for both nations.",www.financialexpress.com,0.500635,Bullish,BA,0.082677,0.316694,Somewhat-Bullish
2024-06-25 08:59:00,"Nvidia, Trump Media, Airbus, SolarEdge, Carnival, Pool, Gap, and More Stock Market Movers",https://www.barrons.com/amp/articles/stock-market-movers-9926ff7d,"Nvidia, Super Micro, DJT, Pool, SolarEdge, FedEx, and More Stock Market Movers ...",www.barrons.com,0.038463,Neutral,BA,0.093289,0.047124,Neutral
2024-06-25 09:06:00,Why I Can't Seem to Get Enough of This Ultra-High-Yielding Dividend S&P 500 ETF,https://www.fool.com/investing/2024/06/25/why-i-cant-seem-to-get-enough-of-this-ultra-high-y/,This ETF can generate lots of passive income.,www.fool.com,0.326408,Somewhat-Bullish,BA,0.059785,0.054074,Neutral
2024-06-25 09:45:17,"Pool Lowers FY24 EPS Forecast, Joins SolarEdge Technologies, Spirit AeroSystems And Other Big Stocks Moving Lower In Tuesday'S Pre-Market Session - Pool  ( NASDAQ:POOL ) ",https://www.benzinga.com/news/24/06/39472961/pool-lowers-fy24-eps-forecast-joins-solaredge-technologies-spirit-aerosystems-and-other-big-stocks-m,"U.S. stock futures were mixed this morning, with the Nasdaq futures gaining around 80 points on Tuesday. Shares of Pool Corporation POOL fell sharply in today's pre-market trading after the company cut its FY24 EPS guidance.",www.benzinga.com,0.03956,Neutral,BA,0.27432,0.096718,Neutral
2024-06-25 09:52:00,"The Zacks Analyst Blog Highlights Elbit, AerSale, AAR, HEICO and Curtiss-Wright",https://www.zacks.com/stock/news/2292612/the-zacks-analyst-blog-highlights-elbit-aersale-aar-heico-and-curtiss-wright,"Elbit, AerSale, AAR, HEICO and Curtiss-Wright are included in this Analyst Blog.",www.zacks.com,0.324544,Somewhat-Bullish,BA,0.040212,0.046294,Neutral
2024-06-25 10:20:30,"A Month Back Elon Musk Said Boeing Was Weighed Down By 'Too Many Non-Technical Managers.' Fast-Forward, The Plane Maker Has Stranded 2 Astronauts In Space: They Have Only 27 Days Of Fuel Left, Here's What Happens Next - Boeing  ( NYSE:BA ) ",https://www.benzinga.com/news/24/06/39473620/a-month-back-elon-musk-said-boeing-was-weighed-down-by-too-many-non-technical-managers-fast-forward,"The return of two astronauts aboard Boeing Co.'s BA Starliner spacecraft has been further delayed, leaving them with a dwindling fuel supply and an uncertain return date. What Happened: NASA astronauts Butch Wilmore and Sunita Williams were launched to the International Space Station, or ISS, on ...",www.benzinga.com,-0.007187,Neutral,BA,0.812724,-0.117124,Neutral
2024-06-25 10:47:00,"Airbus may have benefited from Boeing's struggles, but it isn't smooth sailing for the rival aviation giant",https://www.businessinsider.com/airbus-lowers-targets-after-benefiting-from-boeing-struggles-2024-6,Airbus lowers targets after benefiting from Boeing struggles - Business Insider ...,www.businessinsider.com,-0.104594,Neutral,BA,0.530253,-0.192914,Somewhat-Bearish
2024-06-25 11:39:00,Analysis: The fertility crisis is here and it will permanently alter the economy | Business,https://www.cnn.com/2024/06/25/investing/premarket-stocks-trading/index.html,The fertility crisis is here and it will permanently alter the economy ...,www.cnn.com,0.019457,Neutral,BA,0.104002,-0.082517,Neutral
2024-06-25 11:53:00,"Korean Air, Malaysia Airlines flights disrupted by pressurization problems",https://apnews.com/article/airline-depressurization-malaysia-korea-a70a54cc08e5f73943b1e14197de3742,"SEOUL, South Korea ( AP ) - A Korean Air flight to Taiwan was forced to return to Incheon airport west of Seoul after a sudden depressurization on the plane, a Boeing 737 Max 8, the transport ministry said Tuesday.",apnews.com,-0.214996,Somewhat-Bearish,BA,0.16849,-0.146249,Neutral
2024-06-25 12:01:00,Boeing  ( BA )  Wins $211M Deal to Aid F/A-18E/F & E/A-18G Jets,https://www.zacks.com/stock/news/2292775/boeing-ba-wins-211m-deal-to-aid-fa-18ef-ea-18g-jets,"Boeing (BA) is set to procure nine various configurations of flight control surface spares, which will be used on the F/A-18E/F and E/A-18G aircraft.",www.zacks.com,0.205585,Somewhat-Bullish,BA,0.360005,0.212293,Somewhat-Bullish
2024-06-25 12:12:05,"Boeing stock caught in 'severe turbulence', share price down 30% this year",https://www.financialexpress.com/business/investing-abroad-boeing-stock-price-severe-turbulence-for-shareholders-as-share-price-down-by-over-30-ytd-3534531/,"Boeing has been dealing with stormy weather lately, especially following several mishaps involving its aircraft. Boeing's aircraft manufacturing has slowed significantly in response to increasing scrutiny from regulators, airlines, and lawmakers following a January incident in which a door plug ...",www.financialexpress.com,-0.108492,Neutral,BA,0.807885,-0.183429,Somewhat-Bearish
2024-06-25 13:37:18,"Korean Air, Malaysia Airlines flights disrupted by pressurisation issues",https://www.business-standard.com/industry/auto/korean-air-malaysia-airlines-flights-disrupted-by-pressurisation-issues-124062500878_1.html,"An investigation is underway into the issues. ( Representative Image ) A Korean Air flight to Taiwan was forced to return to Incheon airport west of Seoul after a sudden depressurization on the plane, a Boeing 737 Max 8, the transport ministry said Tuesday.",www.business-standard.com,-0.221644,Somewhat-Bearish,BA,0.160633,-0.16167,Somewhat-Bearish
2024-06-25 14:08:00,"Travelers could see higher fares, fewer available seats as Airbus cuts number of planes it expects to make this year | Business",https://www.cnn.com/2024/06/25/business/airbus-production-target-cut/index.html,"Travelers could see higher fares, fewer available seats as Airbus cuts number of planes it expects to make this year ...",www.cnn.com,-0.123394,Neutral,BA,0.074692,-0.130169,Neutral
2024-06-25 14:46:00,Lockheed  ( LMT )  Wins $2.3B Contract to Build GeoXO Spacecraft,https://www.zacks.com/stock/news/2292972/lockheed-lmt-wins-23b-contract-to-build-geoxo-spacecraft,"Lockheed (LMT) has been chosen by NASA to develop and build the spacecraft for the GeoXO satellite program, which is expected to deliver more accurate weather forecasting.",www.zacks.com,0.3031,Somewhat-Bullish,BA,0.197011,0.263255,Somewhat-Bullish
2024-06-25 16:48:00,Northrop  ( NOC )  Wins Contract to Support E-2D Hawkeye Jets,https://www.zacks.com/stock/news/2293136/northrop-noc-wins-contract-to-support-e-2d-hawkeye-jets,"Northrop (NOC) is set to manufacture and supply 12 motor controllers, 13 n-voice and data recorders, and 12 standard automatic flight control systems to support E-2D Hawkeye jets.",www.zacks.com,0.276432,Somewhat-Bullish,BA,0.09439,0.158476,Somewhat-Bullish
2024-06-25 17:39:00,Why Investors Should Hold Copa Holdings  ( CPA )  Stock for Now,https://www.zacks.com/stock/news/2293132/why-investors-should-hold-copa-holdings-cpa-stock-for-now,Improved air-travel demand and fleet modernization efforts bode well for Copa Holdings (CPA). Low liquidity & rising expenses pose a threat to the bottom line.,www.zacks.com,0.109088,Neutral,BA,0.499789,0.111525,Neutral
2024-06-25 17:52:45,"Aerospace Industry Faces More Downgrades, But Recovery Expected, Says Analyst - Boeing  ( NYSE:BA ) ",https://www.benzinga.com/analyst-ratings/analyst-color/24/06/39487054/aerospace-industry-faces-more-downgrades-but-recovery-expected-says-analyst,"Stifel analyst Bert W. Subin expressed his view on The Boeing Company's BA reported proposition to acquire Spirit Aerosystems Holdings, Inc. SPR in a deal valuing the company at approximately $35 per share.",www.benzinga.com,0.185923,Somewhat-Bullish,BA,0.790817,0.198131,Somewhat-Bullish
2024-06-25 18:35:33,"Nvidia Bounces After Touching Mini Support, Wait For Micron Earnings, Airbus Falters - NVIDIA  ( NASDAQ:NVDA ) ",https://www.benzinga.com/24/06/39487814/nvidia-bounces-after-touching-mini-support-wait-for-micron-earnings-airbus-falters,"To gain an edge, this is what you need to know today. Please click here for an enlarged chart of NVIDIA Corp NVDA. This article is about the big picture, not an individual stock. The chart of NVDA stock is being used to illustrate the point.",www.benzinga.com,0.217492,Somewhat-Bullish,BA,0.08398,-0.258337,Somewhat-Bearish
2024-06-25 20:15:11,"Stock Market Today: S&P 500, Nasdaq Snap Losing Streaks",https://www.kiplinger.com/investing/stocks/stock-market-today-sandp-500-nasdaq-snap-losing-streaks,"Stocks went in different directions again Tuesday, only this time, it was the blue chip Dow Jones Industrial Average that lagged. Indeed, a bounce in tech stocks helped the S&P 500 and Nasdaq Composite snap their three-day losing streaks.",www.kiplinger.com,0.204174,Somewhat-Bullish,BA,0.236588,-0.113717,Neutral
2024-06-25 20:29:13,"GM's Cruise names former Amazon, Microsoft Xbox executive as new CEO",https://www.cnbc.com/2024/06/25/gms-cruise-names-former-amazon-microsoft-xbox-executive-as-new-ceo.html,"General Motors' Cruise autonomous vehicle unit on Tuesday announced Marc Whitten, a former Amazon and Microsoft executive, as its new CEO.",www.cnbc.com,0.241914,Somewhat-Bullish,BA,0.07446,0.129244,Neutral
2024-06-26 00:14:00,"Airplane suddenly drops 25,000 feet midflight, injuring 17 passengers",https://www.foxbusiness.com/lifestyle/airplane-suddenly-drops-25000-feet-air-mid-flight-injuring-17-passengers,Korean Air passengers injured after plane suffers sudden drop mid-flight Fox Business ...,www.foxbusiness.com,-0.082384,Neutral,BA,0.120431,-0.103151,Neutral
2024-06-26 00:45:18,FedEx  ( FDX )  Q4 2024 Earnings Call Transcript,https://www.fool.com/earnings/call-transcripts/2024/06/25/fedex-fdx-q4-2024-earnings-call-transcript/,"FDX earnings call for the period ending March 31, 2024.",www.fool.com,0.332727,Somewhat-Bullish,BA,0.004701,0.13598,Neutral
2024-06-26 09:10:31,"Elon Musk Takes A Dig At Dave Calhoun Amid Boeing's Starliner Crisis: 'CEO Of An Aircraft Company Should Know How To Design Aircraft, Not Spreadsheets' - Boeing  ( NYSE:BA ) ",https://www.benzinga.com/news/24/06/39496118/elon-musk-takes-a-dig-at-dave-calhoun-amid-boeings-starliner-crisis-ceo-of-an-aircraft-company-shoul,"Billionaire entrepreneur Elon Musk on Tuesday pegged Boeing Co's BA lack of engineers in its leadership as the prime reason behind its ongoing crisis. What Happened: ""The CEO of an aircraft company should know how to design aircraft, not spreadsheets,"" Musk wrote on X, formerly Twitter.",www.benzinga.com,-0.06228,Neutral,BA,0.673971,-0.3031,Somewhat-Bearish
2024-06-26 10:30:00,Walmart Is Finally Capitalizing On Amazon And Temu's China Playbook,https://www.forbes.com/sites/cyrusfarivar/2024/06/26/walmart-is-finally-capitalizing-on-amazon-and-temus-china-playbook/,"When you search for a product on Walmart.com, you'll likely see a few well-known American brands. But many of the results will be from Chinese manufacturers with inscrutable names.",www.forbes.com,0.176697,Somewhat-Bullish,BA,0.033751,0.12385,Neutral
2024-06-26 10:38:00,"Elon Musk is beefing with Boeing again, calling out its CEO and saying he should be able to 'design aircraft, not spreadsheets'",https://www.businessinsider.com/elon-musk-beefing-with-boeing-again-over-ceos-accountancy-degree-2024-6,Elon Musk is beefing with Boeing again over CEO's accountancy degree - Business Insider ...,www.businessinsider.com,-0.26427,Somewhat-Bearish,BA,0.890401,-0.524755,Bearish
2024-06-26 11:12:00,PBS' A CAPITOL FOURTH WELCOMES BACK ALFONSO RIBEIRO TO HOST AMERICA'S INDEPENDENCE DAY CELEBRATION LIVE FROM THE WEST LAWN OF THE U.S. CAPITOL!,https://www.benzinga.com/pressreleases/24/06/n39498212/pbs-a-capitol-fourth-welcomes-back-alfonso-ribeiro-to-host-americas-independence-day-celebration-l,"WASHINGTON, June 26, 2024 /PRNewswire/ -- The 44th annual edition of A CAPITOL FOURTH, broadcast live from the West Lawn of the U.S.",www.benzinga.com,0.267602,Somewhat-Bullish,BA,0.046907,0.049196,Neutral
2024-06-26 13:50:12,Why Air Lease  ( AL )  is a Top Momentum Stock for the Long-Term,https://www.zacks.com/stock/news/2293660/why-air-lease-al-is-a-top-momentum-stock-for-the-long-term,"Whether you're a value, growth, or momentum investor, finding strong stocks becomes easier with the Zacks Style Scores, a top feature of the Zacks Premium research service.",www.zacks.com,0.424557,Bullish,BA,0.069495,0.132602,Neutral
2024-06-26 14:04:22,FAA Issues New Safety Directive For Boeing 757-200 Over Cracking Concerns - Boeing  ( NYSE:BA ) ,https://www.benzinga.com/news/24/06/39503499/faa-issues-new-safety-directive-for-boeing-757-200-over-cracking-concerns,"The Federal Aviation Administration ( FAA ) has issued a new airworthiness directive targeting specific structural issues in 13 Boeing Co's BA 757-200 airplanes registered in the U.S., aiming to mitigate the risk of in-flight problems due to identified fatigue cracking.",www.benzinga.com,-0.091713,Neutral,BA,0.662393,-0.346247,Somewhat-Bearish
2024-06-26 14:38:00,Lockheed's  ( LMT )  GOES-U Satellite Launch to Provide Critical Data,https://www.zacks.com/stock/news/2293728/lockheeds-lmt-goes-u-satellite-launch-to-provide-critical-data,"Lockheed's (LMT) GOES-U advanced weather satellite has been launched, and it is likely to provide climate monitoring and weather forecasting with increased accuracy.",www.zacks.com,0.240503,Somewhat-Bullish,BA,0.201523,0.218625,Somewhat-Bullish
2024-06-26 15:54:00,"A new carbon removal plant will absorb carbon dioxide 99,000 times faster than Earth's oceans",https://www.businessinsider.com/carbon-dioxide-removal-plant-equatic-commercial-scale-north-america-2024-6,"New carbon removal plant to absorb CO2 99,000 faster than oceans - Business Insider ...",www.businessinsider.com,0.054127,Neutral,BA,0.047278,0.135648,Neutral
2024-06-26 16:11:33,"Southwest Cuts Guidance, Giving Activist Investor More Ammo",https://www.forbes.com/sites/suzannerowankelleher/2024/06/26/southwest-guidance-activist-investor/,"arely two weeks after a high-profile investor fired a shot across the company bow, Southwest Airlines submitted a SEC regulatory filing on Wednesday, cutting its revenue guidance for the quarter.",www.forbes.com,0.140461,Neutral,BA,0.051663,0.076976,Neutral
2024-06-26 18:56:00,Why NASA astronauts are delayed at the space station after Boeing Starliner launch,https://apnews.com/article/boeing-capsule-nasa-astronauts-space-station-leaks-0a1b178e04e2f7031c0a1c97bd73dcac,"NEW YORK ( AP ) - When two veteran NASA astronauts blasted off on a , they expected to head home from the International Space Station in a week or so. It's now three weeks and counting for as NASA and Boeing troubleshoot that popped up on the way there.",apnews.com,-0.127537,Neutral,BA,0.531594,-0.181109,Somewhat-Bearish
2024-06-26 20:27:30,Whistleblower warned Boeing of flaws in 787 planes that could have 'devastating consequences' | Business,https://www.cnn.com/2024/06/26/business/boeing-whistleblower-787/index.html,Whistleblower warned Boeing of flaws in 787 planes that could have 'devastating consequences' ...,www.cnn.com,-0.169708,Somewhat-Bearish,BA,0.625665,-0.273165,Somewhat-Bearish
2024-06-26 21:45:19,Boeing  ( BA )  Beats Stock Market Upswing: What Investors Need to Know,https://www.zacks.com/stock/news/2293943/boeing-ba-beats-stock-market-upswing-what-investors-need-to-know,"Boeing (BA) concluded the recent trading session at $178.51, signifying a +1.95% move from its prior day's close.",www.zacks.com,0.254169,Somewhat-Bullish,BA,0.473208,0.343027,Somewhat-Bullish
2024-06-26 22:35:23,"Financial Express Hyderabad epaper dated Fri, 28 Jun 24",https://epaper.financialexpress.com/3885186/Hyderabad/June-28-2024#page/1/1,"Financial Express Hyderabad, Thu, 27 Jun 24 The Financial Express ...",epaper.financialexpress.com,0.11743,Neutral,BA,0.015562,0.043129,Neutral
2024-06-27 02:37:59,Troubles mount for Boeing amid whistleblower claims of lapses on 787 jets,https://www.business-standard.com/world-news/troubles-mount-for-boeing-amid-whistleblower-claims-of-lapses-on-787-jets-124062700088_1.html,"Boeing said in a statement that the claims were reported previously and thoroughly investigated | Photo: Bloomberg A subcontractor mechanic who worked on Boeing Co.'s 787 Dreamliner alleged he was retaliated against after raising concerns about work he observed on the plane, according to a ...",www.business-standard.com,-0.10599,Neutral,BA,0.744851,-0.102092,Neutral
2024-06-27 02:49:23,Why the rise of China's EV makers holds lessons for other countries,https://www.business-standard.com/world-news/why-the-rise-of-china-s-ev-makers-holds-lessons-for-other-countries-124062700092_1.html,"China became a world leader in electric vehicles by showering companies with public cash. It's a charge increasingly heard in the US and Europe, and a refrain that's central to the escalating trade war.",www.business-standard.com,0.168251,Somewhat-Bullish,BA,0.031654,0.088054,Neutral
2024-06-27 03:00:20,Fares as low as Rs 883: Air India Express launches splash sale till 28 June,https://www.business-standard.com/finance/personal-finance/fares-as-low-as-rs-883-air-india-express-launches-splash-sale-till-28-june-124062700095_1.html,"The sale applies to bookings made till June 28th, 2024, for travel valid until September 30th, 2024. Here's what passengers can expect ...",www.business-standard.com,0.222512,Somewhat-Bullish,BA,0.111488,0.143282,Neutral
2024-06-27 03:47:41,"Boeing Dismisses Claims Of 'Stranded' NASA Astronauts On Starliner: 'The Mission Is Still Going And It Is Going Well' - Spirit AeroSystems Hldgs  ( NYSE:SPR ) , Boeing  ( NYSE:BA ) ",https://www.benzinga.com/news/24/06/39516763/boeing-dismisses-claims-of-stranded-nasa-astronauts-on-starliner-the-mission-is-still-going-and-it-i,"Boeing Co. BA has refuted claims that two NASA astronauts are ""stranded"" on its Starliner spacecraft, asserting that the craft is functioning well despite its delayed return from the International Space Station.",www.benzinga.com,-0.078107,Neutral,BA,0.640873,-0.320286,Somewhat-Bearish
2024-06-27 05:31:15,"Financial Express Hyderabad epaper dated Fri, 28 Jun 24",https://epaper.financialexpress.com/3885186/Hyderabad/June-28-2024#page/1/1,"Financial Express Hyderabad, Thu, 27 Jun 24 The Financial Express ...",epaper.financialexpress.com,0.11743,Neutral,BA,0.015562,0.043129,Neutral
2024-06-27 07:10:00,"A Boeing whistleblower says he saw holes being drilled incorrectly on 787 planes, adding to the chorus of people speaking up against the company",https://www.businessinsider.com/boeing-whistleblower-says-he-saw-holes-drilled-wrongly-on-787s-2024-6,Boeing whistleblower says he saw holes drilled wrongly on 787s - Business Insider ...,www.businessinsider.com,-0.120019,Neutral,BA,0.656549,-0.187857,Somewhat-Bearish
2024-06-27 07:34:12,Boeing Runs Afoul Of NTSB For Media Leak Of 737 MAX 9 Incident,https://www.forbes.com/sites/marisagarcia/2024/06/27/boeing-runs-afoul-of-ntsb-for-media-leak-of-737-max-9-incident/,The National Transportation Safety Board has issued restrictions and sanctions on Boeing for disclosing non-public details of its investigation into the Alaska Airlines flight 1282 door plug blow-out during a media briefing at its Renton facility this Tuesday.,www.forbes.com,0.004867,Neutral,BA,0.900524,0.06806,Neutral
2024-06-27 07:41:57,Air India to deploy A350 planes on Delhi-London route starting September 1,https://www.business-standard.com/companies/news/air-india-to-deploy-a350-planes-on-delhi-london-route-starting-september-1-124062700357_1.html,"Air India will start operating its wide-body A350-900 aircraft on the Delhi-London route with two daily flights from September 1. The flights will mark the introduction of the plane on the international long-haul route, as Air India revamps and expands its operations to strengthen presence in ...",www.business-standard.com,0.115113,Neutral,BA,0.262522,0.082511,Neutral
2024-06-27 09:00:41,"Boeing blames missing paperwork for Alaska Air incident, prompting NTSB rebuke | Business",https://www.cnn.com/2024/06/27/business/boeing-cause-alaska-air-door-plug/index.html,"Boeing blames missing paperwork for Alaska Air incident, prompting NTSB rebuke ...",www.cnn.com,-0.048098,Neutral,BA,0.479683,-0.145423,Neutral
2024-06-27 09:46:00,Starliner still hasn't returned to Earth. The repeated delays may be the next big headache for Boeing.,https://www.businessinsider.com/boeing-starliner-spacecraft-nasa-mission-astronauts-2024-6,Starliner delays may be the next big headache for Boeing - Business Insider ...,www.businessinsider.com,-0.102027,Neutral,BA,0.633079,-0.033123,Neutral
2024-06-27 09:51:57,"Boeing Whistleblower Alleges Unsafe Manufacturing Of 787 Dreamliner, Plane Maker Says It 'Did Not Present A Safety Concern' - Boeing  ( NYSE:BA ) ",https://www.benzinga.com/markets/equities/24/06/39519439/boeing-whistleblower-alleges-unsafe-manufacturing-of-787-dreamliner-plane-maker-says-it-did-not-,"A whistleblower has come forward with alarming allegations about the safety of Boeing's BA 787 Dreamliner planes, claiming that the company ignored his warnings.",www.benzinga.com,-0.220093,Somewhat-Bearish,BA,0.721785,-0.405894,Bearish
2024-06-27 09:58:00,Job interviews are about to get a whole lot more stressful,https://www.businessinsider.com/new-job-stress-test-nfl-football-ceo-careers-s2-2024-6,Inside the New Job Stress Test Used From the NFL to the C-Suite - Business Insider ...,www.businessinsider.com,0.121062,Neutral,BA,0.019132,0.085955,Neutral
2024-06-27 10:11:22,NASA Gives SpaceX $843 Million To Junk The International Space Station,https://www.forbes.com/sites/jamiecartereurope/2024/06/27/nasa-gives-spacex-843-million-to-junk-the-international-space-station/,"NASA will pay SpaceX $843 million to dispose of the International Space Station Elon Musk's SpaceX has won a $843 million contract to safely deorbit the International Space Station within the next decade. In orbit of Earth since 1998, the ISS is due to come to the end of its operational life in ...",www.forbes.com,0.146935,Neutral,BA,0.165031,0.115837,Neutral
2024-06-27 10:20:05,Should You Invest in the iShares U.S. Aerospace & Defense ETF  ( ITA ) ?,https://www.zacks.com/stock/news/2294069/should-you-invest-in-the-ishares-us-aerospace-defense-etf-ita,Sector ETF report for ITA ...,www.zacks.com,0.230173,Somewhat-Bullish,BA,0.131284,0.070609,Neutral
2024-06-27 10:44:00,"Did Elon Musk Just Say ""Checkmate"" to Boeing?",https://www.fool.com/investing/2024/06/27/did-elon-musk-just-say-checkmate-to-boeing/,"Boeing has gotten off to a rough start in 2024, and Elon Musk has something to say about it.",www.fool.com,0.081823,Neutral,BA,0.853391,0.0708,Neutral
2024-06-27 11:58:00,Analysis: Markets are adjusting to stubborn inflation. Election noise could spoil the calm | Business,https://www.cnn.com/2024/06/27/investing/premarket-stocks-trading/index.html,Markets are adjusting to stubborn inflation. Election noise could spoil the calm ...,www.cnn.com,-0.029295,Neutral,BA,0.161494,-0.173755,Somewhat-Bearish
2024-06-27 12:41:00,Thousands of doctors go on strike in England a week before the UK general election,https://apnews.com/article/england-junior-doctors-strike-uk-election-pay-61b30a19987ba4f8517702ee260642d2,"LONDON ( AP ) - Thousands of doctors in England are staging their 11th walkout on Thursday in a long-running dispute with the government over pay and working conditions, disrupting hospital services just days before the U.K. .",apnews.com,-0.058027,Neutral,BA,0.068306,0.004026,Neutral
2024-06-27 12:44:00,Boeing says its space mission is 'going well' despite its Starliner leaving 2 astronauts stuck on the ISS,https://www.businessinsider.com/boeing-space-mission-is-going-well-astronauts-stranded-2024-6,Boeing said space mission is 'going well' as astronauts stranded - Business Insider ...,www.businessinsider.com,-0.102243,Neutral,BA,0.334008,-0.327203,Somewhat-Bearish
2024-06-27 13:02:37,US sanctions Boeing for leaking information about 737 Max 9 probe to media,https://www.business-standard.com/world-news/us-sanctions-boeing-for-leaking-information-about-737-max-9-probe-to-media-124062700830_1.html,Boeing is being sanctioned by US investigators for sharing information about a federal investigation of a door plug blowout that left a gaping hole in a Boeing 737 Max 9.,www.business-standard.com,-0.084817,Neutral,BA,0.871234,-0.138118,Neutral
2024-06-27 13:25:00,ETFs in Focus as Amazon Joins $2T Club for the First Time,https://www.zacks.com/stock/news/2294211/etfs-in-focus-as-amazon-joins-2t-club-for-the-first-time,"Amazon achieved a key milestone on Jun 26, 2024, having topped the $2 trillion market capitalization. What lies ahead?",www.zacks.com,0.271945,Somewhat-Bullish,BA,0.055751,0.223043,Somewhat-Bullish
2024-06-27 13:33:00,Singapore won best first-class airline in the world for its exclusive hotel-like Airbus A380 suite. Here's what it's like inside.,https://www.businessinsider.com/singapore-airlines-first-class-suite-double-bed-is-worlds-best-2024-6,Singapore's first-class suite with a bed officially the world's best - Business Insider ...,www.businessinsider.com,0.221667,Somewhat-Bullish,BA,0.167709,0.107719,Neutral
2024-06-27 15:26:00,Lockheed  ( LMT )  Wins Contract to Support F-35 Jet program,https://www.zacks.com/stock/news/2294541/lockheed-lmt-wins-contract-to-support-f-35-jet-program,Lockheed (LMT) is set to provide production and non-recurring engineering support to aid the F-35 landing and arresting gear system.,www.zacks.com,0.311662,Somewhat-Bullish,BA,0.199447,0.200342,Somewhat-Bullish
2024-06-27 17:01:38,Why are two Boeing astronauts stuck in space?,https://www.aljazeera.com/news/2024/6/27/why-are-two-boeing-astronauts-stuck-in-space,A series of problems with the new Boeing CST-100 Starliner spacecraft has delayed their return from the International Space Station.,www.aljazeera.com,-0.014246,Neutral,BA,0.249873,-0.09513,Neutral
2024-06-27 17:02:55,Boeing's Options: A Look at What the Big Money is Thinking - Boeing  ( NYSE:BA ) ,https://www.benzinga.com/insights/options/24/06/39531951/boeings-options-a-look-at-what-the-big-money-is-thinking,"Financial giants have made a conspicuous bullish move on Boeing. Our analysis of options history for Boeing BA revealed 36 unusual trades. Delving into the details, we found 44% of traders were bullish, while 44% showed bearish tendencies.",www.benzinga.com,0.198993,Somewhat-Bullish,BA,0.845475,0.312285,Somewhat-Bullish
2024-06-27 18:46:16,US investigators sanction Boeing for sharing information on mid-air blowout,https://www.aljazeera.com/economy/2024/6/27/us-investigators-sanction-boeing-for-sharing-information-on-mid-air-blowout,"United States investigators have sanctioned Boeing for revealing details of a probe into a 737 MAX mid-air blowout and said they would refer its conduct to the US Department of Justice ( DOJ ) , prompting the embattled planemaker to issue an apology.",www.aljazeera.com,-0.167721,Somewhat-Bearish,BA,0.635581,-0.182415,Somewhat-Bearish
2024-06-27 20:30:03,Investing in Space: Why ULA needs to launch its second Vulcan rocket as soon as possible,https://www.cnbc.com/2024/06/27/investing-in-space-ula-needs-to-launch-second-vulcan-rocket.html,United Launch Alliance CEO Tory Bruno announced that his company will bite the bullet and fly Cert-2 without a customer payload.,www.cnbc.com,0.096296,Neutral,BA,0.040899,-0.072875,Neutral
2024-06-27 21:44:00,"NASA, Boeing to Provide Commercial Crew, Space Station Update",https://www.prnewswire.com/news-releases/nasa-boeing-to-provide-commercial-crew-space-station-update-302185155.html,"WASHINGTON, June 27, 2024 /PRNewswire/ -- Leadership from NASA's International Space Station and Commercial Crew Programs, as well as Boeing, will participate in a media teleconference at 2 p.m. EDT Friday, June 28.",www.prnewswire.com,0.115597,Neutral,BA,0.240489,0.055349,Neutral
2024-06-28 04:38:00,A father who lost 2 sons in a Boeing Max crash waits to hear if the US will prosecute the company,https://apnews.com/article/boeing-plane-crashes-737-max-justice-department-da2977c487811e873be2d118b3c5e529,"As they travel around Alaska on a long-planned vacation, Ike and Susan Riffel stop now and then to put up stickers directing people to ""Live Riffully."" It's a way for the California couple to honor the memories of their sons, Melvin and Bennett, who died in 2019 when a Boeing 737 Max jetliner .",apnews.com,-0.04866,Neutral,BA,0.580174,-0.218686,Somewhat-Bearish
2024-06-28 07:07:00,"Down 32% in 2024, Can Boeing Make a Big Second-Half Recovery?",https://www.fool.com/investing/2024/06/28/down-32-in-2024-can-boeing-make-a-big-second-half/,"The beleaguered aerospace giant's share price reflects many of its operational headwinds this year, but management needs to do three things before the stock is a confident buy.",www.fool.com,0.188784,Somewhat-Bullish,BA,0.529767,0.270904,Somewhat-Bullish
2024-06-28 07:30:47,Boeing Warned By NTSB Over 737 MAX Probe Status: 'This Disregard Cannot Be Tolerated' - Boeing  ( NYSE:BA ) ,https://www.benzinga.com/markets/equities/24/06/39542115/boeing-warned-by-ntsb-over-737-max-probe-status-this-disregard-cannot-be-tolerated,Boeing Co. BA has been cautioned by the National Transportation Safety Board that it could lose its status as a party to the investigation into a 737 MAX mid-air blowout. This warning comes after Boeing allegedly violated regulations by disclosing non-public information to the media and ...,www.benzinga.com,-0.070041,Neutral,BA,0.855251,-0.197216,Somewhat-Bearish
2024-06-28 09:19:28,ISS astronauts take cover as defunct Russian satellite shatters,https://www.aljazeera.com/news/2024/6/28/iss-astronauts-take-cover-as-defunct-russian-satellite-shatters,"RESURS-P1 satellite splits into nearly 200 pieces, adding to the dangerous mass of debris already in orbit. A defunct Russian satellite broke up into nearly 200 pieces of debris forcing astronauts on the International Space Station ( ISS ) to take shelter for about an hour.",www.aljazeera.com,-0.194497,Somewhat-Bearish,BA,0.075635,0.0,Neutral
2024-06-28 10:00:00,The Boeing saga has reached a new level of absurdity | Business,https://www.cnn.com/2024/06/28/business/boeing-ntsb-violation-absurdity/index.html,The Boeing saga has reached a new level of absurdity ...,www.cnn.com,0.038943,Neutral,BA,0.652659,0.074912,Neutral
2024-06-28 10:03:00,Federal investigators slammed Boeing for 'blatantly violating' the rules by sharing unproven speculation about the 737 Max blowout,https://www.businessinsider.com/ntsb-annoyed-boeing-unsubstantiated-speculations-737-max-blowout-dutch-roll-2024-6,NTSB Annoyed With Boeing for Sharing 'Unsubstantiated Speculation' - Business Insider ...,www.businessinsider.com,-0.024179,Neutral,BA,0.694564,-0.107476,Neutral
2024-06-28 10:49:00,"5 things to know for June 28: Debate recap, Religious freedom, Uvalde, Mobile outage, Peru earthquake",https://www.cnn.com/2024/06/28/us/5-things-to-know-for-june-28-debate-recap-religious-freedom-uvalde-mobile-outage-peru-earthquake/index.html,"Passenger traffic at US airports is on pace to make today the busiest day ever for the Transportation Security Administration. The TSA is predicting more than 3 million passengers will be screened, likely creating longer wait times and crowded checkpoints.",www.cnn.com,-0.043227,Neutral,BA,0.034381,0.018701,Neutral
2024-06-28 11:49:37,Debris from Russian satellite forces Sunita Williams into emergency shelter,https://www.business-standard.com/world-news/debris-from-russian-satellite-forces-sunita-williams-into-emergency-shelter-124062800726_1.html,"NASA astronaut Sunita Williams waves to well wishers as she leaves the Operations and Checkout building before heading to Space Launch Complex 41 to board the Boeing's Starliner capsule atop, May 6, 2024, in Cape Canaveral, Fla. ( Photo: PTI )",www.business-standard.com,-0.071977,Neutral,BA,0.186738,0.154666,Somewhat-Bullish
2024-06-28 12:49:44,Boeing's Labor Countdown: Union Stands Firm As Strike Vote Looms - Boeing  ( NYSE:BA ) ,https://www.benzinga.com/markets/equities/24/06/39547413/boeings-labor-countdown-union-stands-firm-as-strike-vote-looms,Boeing Co. BA is facing significant financial and production challenges following a January incident where a panel blew out mid-air on a 737 MAX jet.,www.benzinga.com,0.232483,Somewhat-Bullish,BA,0.757528,0.067016,Neutral
2024-06-28 13:30:10,Is It Worth Investing in Boeing  ( BA )  Based on Wall Street's Bullish Views?,https://www.zacks.com/stock/news/2294933/is-it-worth-investing-in-boeing-ba-based-on-wall-streets-bullish-views,"Based on the average brokerage recommendation (ABR), Boeing (BA) should be added to one's portfolio. Wall Street analysts' overly optimistic recommendations cast doubt on the effectiveness of this highly sought-after metric. So, is the stock worth buying?",www.zacks.com,0.281158,Somewhat-Bullish,BA,0.360752,0.182766,Somewhat-Bullish
2024-06-28 13:33:03,"The Future Of Air Mobility: Horizon Aircraft's Cavorite X7 Leading The Charge In eVTOL Innovation - Archer Aviation  ( NYSE:ACHR ) , Boeing  ( NYSE:BA ) ",https://www.benzinga.com/partner/emerging-markets/24/06/39548816/the-future-of-air-mobility-horizon-aircrafts-cavorite-x7-leading-the-charge-in-evtol-inn,"Imagine being able to order a flying taxi at the touch of a button, then to be whisked over the traffic and across the city in minutes, navigating above skyscrapers to an awaiting vertiport. Imagine a loved one being airlifted to the hospital in half of the time of a traditional helicopter.",www.benzinga.com,0.321006,Somewhat-Bullish,BA,0.124486,0.057338,Neutral
2024-06-28 16:02:07,Southwest Airlines Faces Scrutiny Over Recent Closed Runway Takeoff: Report - Southwest Airlines  ( NYSE:LUV ) ,https://www.benzinga.com/markets/equities/24/06/39553077/southwest-airlines-faces-scrutiny-over-recent-closed-runway-takeoff-report,Southwest Airlines Co. LUV is reportedly under investigation by the National Transportation Safety Board ( NTSB ) and the Federal Aviation Administration ( FAA ) following an incident where a jet allegedly took off from a closed runway.,www.benzinga.com,0.128377,Neutral,BA,0.230235,0.0,Neutral
2024-06-28 18:32:00,NASA astronauts will stay at the space station longer for more troubleshooting of Boeing capsule,https://apnews.com/article/boeing-starliner-nasa-astronauts-space-station-2fe81a09bcd77563dadae2f86d4275fe,No return date yet for NASA astronauts who launched to space station aboard Boeing's capsule The Associated Press ...,apnews.com,-0.164156,Somewhat-Bearish,BA,0.377142,-0.266694,Somewhat-Bearish
2024-06-28 19:01:12,"NASA, Boeing Say Starliner And Astronauts To Continue Extended ISS Stay",https://www.forbes.com/sites/ericmack/2024/06/28/nasa-boeing-say-starliner-and-astronauts-to-continue-extended-iss-stay/,"Boeing's leaky Starliner space capsule is poised to hang out at the International Space Station even longer, NASA told reporters Friday. The troubled vehicle is one of two that the agency selected through its Commercial Crew program to ferry astronauts to space.",www.forbes.com,-0.04784,Neutral,BA,0.162802,-0.021159,Neutral
2024-06-28 20:24:51,"Boeing, NASA consider extending astronauts' Starliner mission up to 3 months",https://www.cnn.com/2024/06/28/science/nasa-boeing-starliner-mission-90-days-scn/index.html,"Boeing Starliner spacecraft could wait months before return, but officials say astronauts aren't stranded ...",www.cnn.com,-0.073795,Neutral,BA,0.377142,-0.162663,Somewhat-Bearish
2024-06-29 01:33:16,No return date yet for Nasa astronauts who used Boeing's space capsule,https://www.business-standard.com/world-news/no-return-date-yet-for-nasa-astronauts-who-used-boeing-s-space-capsule-124062900005_1.html,"We're not in any rush to come home, said Nasa's commercial crew programme manager Steve Stich. ( Photo: Shutterstock ) Two Nasa astronauts will stay longer at the International Space Station as engineers troubleshoot problems on Boeing's new space capsule that cropped up on the trip there.",www.business-standard.com,-0.22038,Somewhat-Bearish,BA,0.495015,-0.349127,Somewhat-Bearish
2024-06-29 02:30:19,Boeing in talks with US justice dept to resolve charges over safety lapses,https://www.business-standard.com/world-news/boeing-in-talks-with-us-justice-dept-to-resolve-charges-over-safety-lapses-124062900069_1.html,"As part of the 2021 deal, Boeing pledged to improve its internal compliance and control structure, but the government didn't call for an outside monitor. ( Photo: Bloomberg )",www.business-standard.com,-0.172308,Somewhat-Bearish,BA,0.580018,-0.233472,Somewhat-Bearish
2024-06-29 05:01:26,Good news for flyers! Akasa Air offering up to 20% off on domestic flights - Check details,https://www.financialexpress.com/business/airlines-aviation-good-news-for-flyers-akasa-air-offering-up-to-20-off-on-domestic-flights-check-details-3538584/,"Akasa Air has announced a network wide sale. With this, customers will get a chance to book their air travel at attractive fares during the upcoming travel season.",www.financialexpress.com,0.237334,Somewhat-Bullish,BA,0.227007,0.385471,Bullish
2024-06-29 08:06:18,NASA may extend Starliner's mission to 90 days; Here's why,https://www.financialexpress.com/world-news/nasa-may-extend-starliners-mission-to-90-days-heres-why/3538722/,NASA may extend Starliner's mission to 90 days. Here's why The Financial Express ...,www.financialexpress.com,-0.02844,Neutral,BA,0.222838,-0.065468,Neutral
2024-06-29 10:00:00,Here's what it means when a company like Boeing faces criminal charges | Business,https://www.cnn.com/2024/06/29/business/boeing-criminal-charges-implications/index.html,Here's what it means when a company like Boeing faces criminal charges ...,www.cnn.com,-0.3196,Somewhat-Bearish,BA,0.562486,-0.407973,Bearish
2024-06-29 10:43:00,"I was the first Black female pilot in the US Air Force, and captained a commercial jet for 30 years. Some people still questioned if I was qualified to fly.",https://www.businessinsider.com/captain-theresa-claiborne-first-black-female-pilot-air-force-united-2024-6,"I was the first Black, female pilot in the US Air Force. - Business Insider ...",www.businessinsider.com,0.110151,Neutral,BA,0.03798,0.0,Neutral
2024-06-29 10:53:02,"Airlines got too confident, and now they are paying the price despite record-breaking travel",https://www.businessinsider.com/why-airlines-are-struggling-despite-record-travel-demand-profits-revenue-2024-6,"By clicking ""Sign Up"", you accept our Terms of Service and Privacy Policy . You can opt-out at any time by visiting our Preferences page or by clicking ""unsubscribe"" at the bottom of the email. Access your favorite topics in a personalized feed while you're on the go. download the app",www.businessinsider.com,0.041311,Neutral,BA,0.069294,-0.06499,Neutral
2024-06-29 13:40:50,"Nvidia, Tesla, Microsoft, Microsoft, Dogecoin And Elon Musk Calls Out Boeing's CEO: Bulls And Bears",https://www.benzinga.com/markets/cryptocurrency/24/06/39563150/benzinga-bulls-and-bears-nvidia-tesla-microsoft-microsoft-dogecoin-and-elon-musk-calls-out,Benzinga examined the prospects for many investors' favorite stocks over the last week - here's a look at some of our top stories. Stocks dipped on Friday as traders digested new economic data showing slowing inflation and better-than-expected consumer sentiment figures.,www.benzinga.com,0.075708,Neutral,BA,0.116631,-0.17904,Somewhat-Bearish
2024-06-29 15:00:00,Rare purple pigment found in Bronze Age pottery,https://www.cnn.com/2024/06/29/science/purple-dye-science-newsletter-wt-scn/index.html,Bronze Age workshop reveals precious pigment made from a recipe lost to time ...,www.cnn.com,0.052358,Neutral,BA,0.04076,-0.062942,Neutral
2024-06-29 15:13:12,Pilot Leader Blasts Airbus For Backing Single Pilot Flight Deck - 'It's Insane',https://www.forbes.com/sites/tedreed/2024/06/29/pilot-leader-blasts-airbus-for-backing-single-pilot-flight-deck---its-insane/,"Last month the Air Line Pilots Association came out ahead on FAA reauthorization, largely achieving its goals for the five-year funding bill. Now ALPA, led by an activist president, is focused on opposing an effort to incrementally reduce the number of pilots in the flight deck to one from two.",www.forbes.com,0.138206,Neutral,BA,0.09347,-0.025221,Neutral
2024-06-29 22:32:00,"These 3 Stocks Are Down in 2024, but Look Set for a Spectacular Recovery in the Second Half",https://www.fool.com/investing/2024/06/29/these-3-stocks-are-down-in-2024-but-look-set-for-a/,Value investors should consider these stocks because they have significant upside potential for the rest of 2024.,www.fool.com,0.268049,Somewhat-Bullish,BA,0.209819,0.164038,Somewhat-Bullish
2024-06-30 07:56:20,Aviation market big enough for Akasa Air to succeed: CEO Vinay Dube,https://www.business-standard.com/industry/news/aviation-market-big-enough-for-akasa-air-to-succeed-ceo-vinay-dube-124063000223_1.html,"As Akasa Air spreads its wings on domestic and international routes, the less-than-two-year-old airline's chief Vinay Dube has said he does not think about competition in encouraging or discouraging terms, as the aviation market is ""big enough for us to succeed"".",www.business-standard.com,0.181943,Somewhat-Bullish,BA,0.202366,0.040432,Neutral
2024-06-30 10:18:02,I went on board the Embraer Phenom 300E and saw why this private jet is the most flown aircraft in the US,https://africa.businessinsider.com/transportation/i-went-on-board-the-embraer-phenom-300e-and-saw-why-this-private-jet-is-the-most/w6erhrk,"I went inside an Embraer Phenom 300E at the European Business Aviation Conference and Exhibition in Geneva in May, and had a look around. It was a tight squeeze since the cabin is less than five feet tall, but this makes sense when you know the jet is designed for shorter journeys.",africa.businessinsider.com,0.245394,Somewhat-Bullish,BA,0.146025,0.141421,Neutral
2024-06-30 12:32:55,"Akasa Air to add 200 aircraft to its fleet over next eight years, to commence flights to Abu Dhabi on THIS date",https://www.financialexpress.com/business/airlines-aviation-akasa-air-to-add-200-aircraft-to-its-fleet-over-next-eight-years-to-commence-flights-to-abu-dhabi-on-this-date-3539603/,"Akasa Air, which currently has a fleet of 24 Boeing 737 Max planes and runs over 900 flights weekly, expects over 200 aircraft to join its fleet over the next eight years, CEO Vinay Dube said. He further added that the airline has placed an order for 226 Boeing 737 Max aircraft.",www.financialexpress.com,0.172497,Somewhat-Bullish,BA,0.265378,0.079369,Neutral
2024-06-30 12:48:19,Is Delta Air Lines Still Undervalued?,https://markets.businessinsider.com/news/stocks/is-delta-air-lines-still-undervalued-1033517110,"Delta Air Lines ( NYSE:DAL ) stock has gained over the past 12 months but continues to trade at a discount - around 13% - to its pre-pandemic price. Looking forward, the Atlanta-based company looks like it could benefit from loosening monetary policy, and this is reflected in some strong earnings ...",markets.businessinsider.com,0.173523,Somewhat-Bullish,BA,0.332403,0.098484,Neutral
2024-06-30 15:54:00,"Dutch Prime Minister Mark Rutte urged support for Ukraine, EU and NATO in his farewell speech",https://apnews.com/article/dutch-prime-minister-rutte-ukraine-c59dba6d1ab130c3d84bdb1ba18343e5,"THE HAGUE, Netherlands ( AP ) - Long-serving Dutch Prime Minister urged his country to support Ukraine and international cooperation in his final address to his compatriots Sunday, as an inward-looking new government is set to take over the Netherlands in two days.",apnews.com,0.067822,Neutral,BA,0.140076,0.0,Neutral
2024-06-30 20:02:00,"Federal prosecutors meet with Boeing, crash victims' relatives ahead of looming charging decision: report",https://www.foxbusiness.com/markets/federal-prosecutors-meet-boeing-crash-victims-relatives-ahead-looming-charging-decision-report,"Federal prosecutors are meeting with and the relatives of victims killed in two 737 Max crashes in 2018 and 2019 ahead of a July 7 deadline for the Justice Department to decide whether the company will face criminal charges, according to a report by Reuters.",www.foxbusiness.com,-0.225857,Somewhat-Bearish,BA,0.665411,-0.408953,Bearish
2024-06-30 20:11:00,"US wants Boeing to plead guilty to fraud over fatal crashes, lawyers say",https://apnews.com/article/boeing-criminal-charges-plea-deal-861175435e04039112fde0ac6bdbf75a,"The U.S. Justice Department plans to propose that plead guilty in connection with two deadly plane crashes involving its 737 Max jetliners, according to two people who heard federal prosecutors detail the offer Sunday.",apnews.com,-0.27238,Somewhat-Bearish,BA,0.616842,-0.294097,Somewhat-Bearish
2024-06-30 21:08:37,Justice Department Planning Fraud Charge Against Boeing,https://www.forbes.com/sites/maryroeloffs/2024/06/30/justice-department-planning-fraud-charge-against-boeing/,Justice Department Plans To Charge Boeing With Fraud Forbes ...,www.forbes.com,-0.226403,Somewhat-Bearish,BA,0.677874,-0.366917,Bearish
2024-06-30 22:37:00,"Boeing will get a 'sweetheart' plea deal, says lawyer representing 737 Max crash victims | Business",https://www.cnn.com/2024/06/30/business/boeing-plea-deal/index.html,"Boeing will get a 'sweetheart' plea deal, says lawyer representing 737 Max crash victims ...",www.cnn.com,-0.2262,Somewhat-Bearish,BA,0.681079,-0.454479,Bearish
2024-06-30 22:53:00,"Families of Boeing victims object to its proposed 'sweetheart plea deal' with the DOJ, attorney says",https://www.businessinsider.com/boeing-737-max-fatal-crashes-doj-fraud-chrage-2024-6,"DOJ seeking 'sweetheart plea deal' with Boeing, attorney says - Business Insider ...",www.businessinsider.com,-0.178123,Somewhat-Bearish,BA,0.709186,-0.501167,Bearish
2024-06-30 22:54:17,U.S. plans to seek guilty plea from Boeing over fatal 737 Max crashes,https://www.cnbc.com/2024/06/30/us-seeks-guilty-plea-from-boeing-over-737-max-crashes.html,"The U.S. is expected to seek a guilty plea and offer Boeing a deal over the fatal 737 Max crashes, victims' family members said Sunday.",www.cnbc.com,-0.242803,Somewhat-Bearish,BA,0.712594,-0.514873,Bearish
2024-07-01 01:22:04,US justice dept wants Boeing to plead guilty to fraud over fatal crashes,https://www.business-standard.com/world-news/us-justice-dept-wants-boeing-to-plead-guilty-to-fraud-over-fatal-crashes-124070100022_1.html,"The US Justice Department plans to propose that Boeing plead guilty to fraud in connection with two deadly plane crashes involving its 737 Max jetliners, according to two people who heard prosecutors detail the offer Sunday.",www.business-standard.com,-0.229936,Somewhat-Bearish,BA,0.77735,-0.428659,Bearish
2024-07-01 01:52:12,Boeing agrees to purchase Spirit Aero for $4.7 billion in stock deal,https://www.business-standard.com/world-news/boeing-agrees-to-purchase-spirit-aero-for-4-7-billion-in-stock-deal-124070100056_1.html,"Boeing Co. agreed Sunday to purchase Spirit AeroSystems Holdings Inc. for $37.25 per share in an all-stock deal . Image: Bloomberg Boeing Co. agreed Sunday to purchase Spirit AeroSystems Holdings Inc. for $37.25 per share in an all-stock deal that values the company at $4.7 billion, according to ...",www.business-standard.com,0.132144,Neutral,BA,0.845242,0.309495,Somewhat-Bullish
2024-07-01 02:47:00,Boeing to purchase Spirit Aero in $4.7 billion all-stock deal: report,https://www.businessinsider.com/boeing-acquires-spirit-aerosystems-multi-billion-stock-deal-report-2024-6,Boeing to buy Spirit AeroSystems in $4.7 billion deal: report - Business Insider ...,www.businessinsider.com,0.026801,Neutral,BA,0.841002,0.08717,Neutral
2024-07-01 03:51:00,All Automotive & Transportation News and Press Releases from PR Newswire,https://www.prnewswire.com/news-releases/automotive-transportation-latest-news/automotive-transportation-latest-news-list/,"The Maglite brand partners with the Pedestrian Safety Institute ( PSI ) to support traffic and pedestrian safety during one of the deadliest times of... Aircastle Limited ( ""Aircastle"" ) has announced that it has received $300 million of equity from its shareholders, Marubeni Corporation and ...",www.prnewswire.com,0.32567,Somewhat-Bullish,BA,0.215894,0.246581,Somewhat-Bullish
2024-07-01 04:05:00,Spirit AeroSystems Announces Acquisition by Boeing in $8.3 Billion Transaction,https://www.prnewswire.com/news-releases/spirit-aerosystems-announces-acquisition-by-boeing-in-8-3-billion-transaction-302186491.html,Enters into Term Sheet for Airbus to Assume Ownership of Certain Airbus Program Assets,www.prnewswire.com,0.197806,Somewhat-Bullish,BA,0.437745,0.24716,Somewhat-Bullish
2024-07-01 04:11:41,Boeing agrees to buy fuselage maker Spirit AeroSystems in $4.7 billion deal,https://www.cnbc.com/2024/07/01/boeing-to-buy-spirit-aerosystems.html,Boeing is buying the supplier of fuselages as it looks for a way out of its manufacturing and safety crisis.,www.cnbc.com,-0.048333,Neutral,BA,0.82023,0.012309,Neutral
2024-07-01 04:47:44,"Boeing To Acquire Spirit Aerosystems For $4.7B After Months Of Negotiations - Airbus  ( OTC:EADSF ) , Boeing  ( NYSE:BA ) ",https://www.benzinga.com/24/07/39567358/boeing-to-acquire-spirit-aerosystems-for-4-7b-after-months-of-negotiations,"Boeing Co. BA has announced the acquisition of Spirit AeroSystems Holdings Inc SPR in a $4.7 billion all-stock deal, in a bid to address the safety and regulatory challenges faced by its supplier.",www.benzinga.com,0.267738,Somewhat-Bullish,BA,0.868543,0.42443,Bullish
2024-07-01 05:07:00,Boeing announces purchase of Spirit AeroSystems for $4.7 billion in stock,https://apnews.com/article/boeing-acquisition-spirit-aerosystems-c6956d6f22355c95aa39a79eb384ff41,"ARLINGTON, Va. ( AP ) - Boeing announced plans to aquire Spirit AeroSystems for $4.7 billion in an all-stock transaction for the manufacturing firm, which already was part of the aerospace company's manufacturing chain. , located in Arlington, Virginia, announced the purchase in a statement ...",apnews.com,0.142012,Neutral,BA,0.834422,0.310085,Somewhat-Bullish
2024-07-01 05:21:02,Boeing Announces $4.7 Billion Deal To Acquire Supplier Spirit AeroSystems,https://www.forbes.com/sites/siladityaray/2024/07/01/boeing-announces-47-billion-deal-to-acquire-supplier-spirit-aerosystems/,"Boeing has agreed to acquire key supplier Spirit AeroSystems in a deal valued at $4.7 billion, the plane maker said early on Monday, after months of negotiations amid major turmoil at the company over safety and regulatory issues.",www.forbes.com,0.260904,Somewhat-Bullish,BA,0.636698,0.483819,Bullish
2024-07-01 05:29:08,"After regulatory review, Boeing restarts new plane deliveries to China",https://www.business-standard.com/world-news/after-regulatory-review-boeing-restarts-new-plane-deliveries-to-china-124070100237_1.html,"New Boeing deliveries to China have been off and on since 2019. ( Photo: Reuters ) Boeing has restarted wide-body jet deliveries to China that were halted in recent weeks due to a Chinese regulatory review which also stalled new narrow-body deliveries by the US planemaker, according to flight ...",www.business-standard.com,-0.165456,Somewhat-Bearish,BA,0.846873,-0.389293,Bearish
2024-07-01 06:49:41,Boeing Strikes $4.7 Billion Deal For Spirit AeroSystems,https://www.forbes.com/sites/marisagarcia/2024/07/01/boeing-strikes-47-billion-deal-for-spirit-aerosystems/,"Boeing has reached an agreement to bring Spirit AeroSystems back under its control, after spinning off the critical contributor to its supply chain in 2025. The deal is an all-stock transaction of $4.7 billion, $37.25 per share.",www.forbes.com,0.263879,Somewhat-Bullish,BA,0.526267,0.470517,Bullish
2024-07-01 06:58:00,Boeing agrees to buy Spirit Aerosystems as part of plan to shore up safety | Business,https://edition.cnn.com/2024/07/01/investing/boeing-spirit-aerosystems/index.html,Boeing agrees to buy spinoff Spirit Aerosystems as part of its plan to shore up safety CNN International ...,edition.cnn.com,0.038888,Neutral,BA,0.813936,0.078352,Neutral
2024-07-01 09:09:00,"Chewy, GameStop, Boeing, Spirit Aero, Tesla, NIO, DJT, Cassava, and More Stock Market Movers",https://www.barrons.com/amp/articles/stock-market-movers-869f197e,"Boeing, Spirit Aero, Tesla, DJT, Cassava Sciences, and More Stock Market Movers ...",www.barrons.com,0.065466,Neutral,BA,0.427425,0.163671,Somewhat-Bullish
2024-07-01 09:57:00,Boeing agrees to buy Spirit AeroSystems for $4.7B as manufacturer addresses safety concerns,https://www.foxbusiness.com/economy/boeing-buy-spirit-aerosystems-4-7-billion-manufacturer-addresses-safety-concerns,"Boeing announced Monday a deal to purchase Spirit AeroSystems for $4.7 billion, as the plane manufacturer looks to address and resolve recent safety concerns. The company will pay $37.25 per share for Spirit AeroSystems, Boeing said in a news release.",www.foxbusiness.com,0.273274,Somewhat-Bullish,BA,0.868004,0.406272,Bullish
2024-07-01 10:24:17,Justice Department Moves To Charge Boeing Over Fatal Crashes: Report - Boeing  ( NYSE:BA ) ,https://www.benzinga.com/markets/equities/24/07/39570406/justice-department-moves-to-charge-boeing-over-fatal-crashes-report,"Boeing Co BA reportedly faces serious criminal charges from the U.S. Justice Department related to two fatal 737 MAX crashes, with the department expected to offer Boeing a plea agreement, which includes a substantial financial penalty and the imposition of an independent monitor to oversee the ...",www.benzinga.com,-0.067933,Neutral,BA,0.807885,-0.273069,Somewhat-Bearish
2024-07-01 11:01:00,"5 things to know for July 1: Presidential race, Supreme Court, Hurricane Beryl, Plane safety, France election",https://www.cnn.com/2024/07/01/us/5-things-to-know-for-july-1-presidential-race-supreme-court-hurricane-beryl-plane-safety-france-election/index.html,"As our daily interactions become more digital, emojis are evolving to help us convey our particular emotions via text messages. Emojis can also dramatically alter the meaning of a sentence - and sometimes reveal what generation you belong to. 👀 Take this CNN quiz to see what your texting style ...",www.cnn.com,-0.029167,Neutral,BA,0.109289,-0.016685,Neutral
2024-07-01 11:35:28,"Nasdaq Futures Underperform In New Week: What's Driving Sentiment - Invesco QQQ Trust, Series 1  ( NASDAQ:QQQ ) , SPDR S&P 500  ( ARCA:SPY ) ",https://www.benzinga.com/news/earnings/24/07/39572273/wall-street-eyes-cautious-start-nvidia-falls-optimistic-analyst-says-s-p-500-could-challenge-all-ti,"U.S. stocks could start the week on a tentative note, going by the trading in the futures market. The subdued mood comes on the back of a very solid performance so far this year. Nvidia Corp. NVDA will likely extend its slide and exert downward pressure on tech stocks.",www.benzinga.com,0.121144,Neutral,BA,0.103554,-0.13439,Neutral
2024-07-01 11:38:19,Air India to set up flying training organisation in Maharashtra's Amravati,https://www.business-standard.com/companies/news/air-india-to-set-up-flying-training-organisation-in-maharashtra-s-amravati-124070100740_1.html,"To meet the growing demand in the country's air travel market, Indian carriers have made four significant aircraft orders since last year ...",www.business-standard.com,-0.044848,Neutral,BA,0.175221,0.028226,Neutral
2024-07-01 11:40:00,Airbus agrees to pay $1 for Spirit AeroSystems assets in deal sparked by Boeing 737 Max blowout,https://www.businessinsider.com/airbus-in-1-spirit-aerosystems-deal-sparked-by-boeing-crisis-2024-7,Airbus in $1 Spirit AeroSystems deal sparked by Boeing crisis - Business Insider ...,www.businessinsider.com,0.050376,Neutral,BA,0.711131,0.042503,Neutral
2024-07-01 12:06:17,Daily: 'No Quick Rebound' For Nike Amid Athletic Wear Decline,https://www.forbes.com/sites/daniellechemtob/2024/07/01/forbes-daily-no-quick-rebound-for-nike-amid-athletic-wear-decline/,"This is a published version of the Forbes Daily newsletter, you can sign-up to get Forbes Daily in your inbox here. Barbecue sauce is sure to be a staple at Fourth of July celebrations this week, and there's a new player gaining traction in the approximately $1 billion market for the condiment.",www.forbes.com,0.116511,Neutral,BA,0.068962,-0.134065,Neutral
2024-07-01 12:23:00,Work is getting really weird,https://www.businessinsider.com/shadow-stand-ins-outsourcing-jobs-lack-of-promotions-weird-workplace-2024-7,"Shadow stand-ins, fewer promotions are among new work trends. - Business Insider ...",www.businessinsider.com,0.088822,Neutral,BA,0.030292,0.057157,Neutral
2024-07-01 12:56:00,Northrop  ( NOC )  Secures a Contract to Aid E-2D Hawkeye Jet Program,https://www.zacks.com/stock/news/2295863/northrop-noc-secures-a-contract-to-aid-e-2d-hawkeye-jet-program,Northrop (NOC) is set to procure four E-2D rotodome spares for enhancing the E-2D advance capabilities used on the E-2D Advanced Hawkeye jets.,www.zacks.com,0.271878,Somewhat-Bullish,BA,0.09186,0.232142,Somewhat-Bullish
2024-07-01 13:02:22,Second Half Of The Year Begins - Can Nvidia And AI Continue Their Momentum?,https://www.forbes.com/sites/jjkinahan/2024/07/01/second-half-of-the-year-beginscan-nvidia-and-ai-continue-their-momentum/,"Stocks begin the second half of the year after booking impressive gains for the first six months. The Nasdaq Composite led the way, up 18%. The S&P 500 follows closely behind, up 14.5%. The two laggards are Dow Jones Industrial Average and Russell 2000 up 3.8% and just over 1%, respectively.",www.forbes.com,0.241994,Somewhat-Bullish,BA,0.100308,0.080177,Neutral
2024-07-01 13:07:21,"SpaceX Overtakes ULA In Military Space Missions As Vulcan Centaur Rocket Experiences Delays - Lockheed Martin  ( NYSE:LMT ) , Boeing  ( NYSE:BA ) ",https://www.benzinga.com/news/24/07/39574766/spacex-overtakes-ula-in-military-space-missions-as-vulcan-centaur-rocket-experiences-delays,"United Launch Alliance ( ULA ) , once the primary choice for Pentagon satellite launches, is facing tough competition from SpaceX, the company founded by Elon Musk. Over the past decade, SpaceX has become the leading partner for U.S. military space missions, challenging ULA's dominance.",www.benzinga.com,0.198858,Somewhat-Bullish,BA,0.327366,0.031402,Neutral
2024-07-01 13:25:00,Lockheed  ( LMT )  Clinches a $4.5B Contract for PAC-3 MSE Missiles,https://www.zacks.com/stock/news/2295511/lockheed-lmt-clinches-a-45b-contract-for-pac-3-mse-missiles,"Lockheed (LMT), with its recent contract win, is likely to provide 870 PAC-3 MSE missiles, an advanced defensive missile, to the U.S. Army.",www.zacks.com,0.280763,Somewhat-Bullish,BA,0.206245,0.181522,Somewhat-Bullish
2024-07-01 13:41:00,How An Old Greek Airport Is Becoming A $14 Billion Tourism Project,https://www.forbes.com/sites/ramseyqubein/2024/07/01/how-an-old-greek-airport-is-becoming-a-14-billion-tourism-project/,"The largest smart city built from the ground up in Europe is well underway, but it's not in the usual-suspect destinations like London or Paris. Instead, this fully sustainable city is just 20 minutes from the Greek capital of Athens along the Athenian Riviera coastline.",www.forbes.com,0.166576,Somewhat-Bullish,BA,0.025761,0.0,Neutral
2024-07-01 13:49:11,Airbus Scores $559M Compensation In Spirit AeroSystems Deal: Details - Airbus  ( OTC:EADSY ) ,https://www.benzinga.com/markets/equities/24/07/39575766/airbus-scores-559m-compensation-in-spirit-aerosystems-deal-details,"Airbus SE EADSY has signed a binding term sheet with Spirit AeroSystems Holdings Inc SPR for a potential acquisition of key production activities, including A350 fuselage sections in Kinston, North Carolina, and St. Nazaire, France, as well as A220 components in Belfast, Northern Ireland, and ...",www.benzinga.com,0.259441,Somewhat-Bullish,BA,0.421485,-0.014091,Neutral
2024-07-01 14:06:31,Boeing in $4.7B takeover of Spirit AeroSystems as part of effort to boost safety - .com,https://www.upi.com/Top_News/US/2024/07/01/Boeing-Spirit-AeroSystems-merger/2191719833263/,Boeing in $4.7B takeover of Spirit AeroSystems as part of effort to boost safety UPI News ...,www.upi.com,0.165956,Somewhat-Bullish,BA,0.877585,0.312368,Somewhat-Bullish
2024-07-01 14:53:21,Boeing to Acquire Spirit AeroSystems: What to Know,https://www.kiplinger.com/investing/stocks/boeing-to-acquire-spirit-aerosystems-what-to-know,"Boeing ( BA ) announced early Monday that it will buy Spirit AeroSystems ( SPR ) in an all-stock deal that values the fuselage maker at approximately $4.7 billion, or $37.25 per SPR share.",www.kiplinger.com,0.441158,Bullish,BA,0.824531,0.623011,Bullish
2024-07-01 15:23:00,Why Boeing Shares Are Moving Higher Monday - Boeing  ( NYSE:BA ) ,https://www.benzinga.com/news/24/07/39578138/why-boeing-shares-are-moving-higher-monday,"Boeing BA stock is trading higher on Monday following the company's announcement that it will acquire Spirit AeroSystems SPR. What Happened: Boeing entered into a definitive agreement to purchase Spirit AeroSystems at $37.25 a share, a 30% premium to Spirit's closing stock price on February 29.",www.benzinga.com,0.386235,Bullish,BA,0.827318,0.603672,Bullish
2024-07-01 16:48:58,Boeing planning to acquire key supplier Spirit AeroSystems for $4.7 bn,https://www.business-standard.com/world-news/boeing-planning-to-acquire-key-supplier-spirit-aerosystems-for-4-7-bn-124070101056_1.html,"Spirit removed its CEO in October and replaced him with Patrick Shanahan, a former Boeing executive who served as acting defense secretary in the Trump administration. ( Photo: Reuters )",www.business-standard.com,0.017348,Neutral,BA,0.7887,-0.049412,Neutral
2024-07-01 17:17:01,"BRODSKY & SMITH SHAREHOLDER UPDATE: Notifying Investors of the Following Investigations: Spirit AeroSystems Holdings, Inc.  ( NYSE - SPR ) , Sharecare, Inc.  ( Nasdaq - SHCR ) , GRIID Infrastructure Inc.  ( Nasdaq - GRDI ) , Infinera Corporation  ( Nasdaq - INFN ) ",https://www.benzinga.com/pressreleases/24/07/g39580575/brodsky-smith-shareholder-update-notifying-investors-of-the-following-investigations-spirit-aerosy,"BALA CYNWYD, Pa., July 01, 2024 ( GLOBE NEWSWIRE ) -- Brodsky & Smith reminds investors of the following investigations. If you own shares and wish to discuss the investigation, contact Jason Brodsky ( jbrodsky@brodskysmith.com ) or Marc Ackerman ( mackerman@brodskysmith.com ) at 855-576-4847.",www.benzinga.com,0.234477,Somewhat-Bullish,BA,0.329551,0.399507,Bullish
2024-07-01 19:32:26,Why Are Spirit Shares Trading Higher Monday? - Spirit AeroSystems Hldgs  ( NYSE:SPR ) ,https://www.benzinga.com/news/24/07/39582550/why-are-spirit-shares-trading-higher-monday,"Spirit AeroSystems Holdings, Inc. SPRHTTPSSPR shares are higher Monday following news of its acquisition by Boeing BA. What To Know: Boeing has agreed to acquire Spirit AeroSystems at a price of $37.25 per share in Boeing common stock, a deal valued at approximately $4.7 billion in equity and ...",www.benzinga.com,0.424478,Bullish,BA,0.854205,0.65955,Bullish
2024-07-01 20:11:22,Stock Market Today: Stocks Close Higher Ahead of Powell Speech,https://www.kiplinger.com/investing/stocks/stock-market-today-stocks-close-higher-ahead-of-powell-speech,"Stocks started a historically strong month on a positive note as investors looked ahead to several key events scheduled for the holiday-shortened week. As a reminder, the stock and bond markets will close early Wednesday and stay shuttered Thursday for the Fourth of July holiday.",www.kiplinger.com,0.257697,Somewhat-Bullish,BA,0.317254,0.306393,Somewhat-Bullish
2024-07-01 20:21:00,Boeing rival Airbus is set to launch its game-changing A321XLR plane this year. Here's where it's expected to fly.,https://www.businessinsider.com/airbus-a321-xlr-plane-launch-game-changer-new-routes-iberia-2024-7,Boeing rival Airbus to launch game-changing A321XLR plane this year - Business Insider ...,www.businessinsider.com,0.103507,Neutral,BA,0.042723,0.022683,Neutral
2024-07-01 20:33:00,NASA administrator weighs in on China's historic lunar far side samples - and potential US access,https://www.cnn.com/2024/07/01/science/nasa-bill-nelson-china-change-6-samples-scn/index.html,"Sign up for CNN's Wonder Theory science newsletter. Explore the universe with news on fascinating discoveries, scientific advancements and more. The government of China now possesses something that no other humans have ever encountered - rocks and soil from the far side of the moon.",www.cnn.com,0.112886,Neutral,BA,0.035875,0.110194,Neutral
2024-07-01 20:47:00,Thirty passengers injured after 'strong turbulence' forces Air Europa Boeing plane to land in Brazil,https://edition.cnn.com/2024/07/01/world/turbulence-air-europa-boeing-spain-uruguay-intl-latam/index.html,"Thirty passengers were injured after a flight from Madrid to Uruguay was hit by ""strong turbulence"" and had to make an emergency landing in Brazil, Spanish airline Air Europa said on Monday.",edition.cnn.com,-0.081043,Neutral,BA,0.63188,-0.165752,Somewhat-Bearish
2024-07-01 21:25:34,"Financial Express Hyderabad epaper dated Tue, 2 Jul 24",https://epaper.financialexpress.com/3886936/Hyderabad/July-02-2024#page/1/1,"Financial Express Hyderabad, Tue, 2 Jul 24 The Financial Express ...",epaper.financialexpress.com,0.038338,Neutral,BA,0.015063,0.01398,Neutral
2024-07-01 22:00:28,"For Boeing, Buying Spirit Is Only The Start Of Solving Its Problems",https://www.forbes.com/sites/jeremybogaisky/2024/07/01/boeing-spirit-737-max/,"oeing is bringing production of its plane fuselages back in-house. The aerospace giant announced early Monday it had agreed to acquire its largest supplier, Spirit AeroSystems, in an $8.3 billion deal, including debt, 19 years after it had spun out the operation.",www.forbes.com,0.041337,Neutral,BA,0.644329,0.107665,Neutral
2024-07-01 22:06:00,What to know about the plea deal offered Boeing in connection with 2 plane crashes,https://apnews.com/article/boeing-crash-plea-deal-fraud-d0531d9e9858689bf0d572584dc36b83,Federal prosecutors and victims' families are waiting for to decide whether to accept a plea deal that would accusing the aerospace giant of misleading regulators who approved the 737 Max jetliner before two of the planes crashed.,apnews.com,-0.156681,Somewhat-Bearish,BA,0.79678,-0.16356,Somewhat-Bearish
2024-07-01 23:34:00,Heavy turbulence leaves 30 injured on flight that was forced to divert,https://www.foxbusiness.com/markets/heavy-turbulence-leaves-30-injured-flight-forced-divert,"An Air Europa flight heading to Uruguay on Monday morning was diverted to Brazil after experiencing ""heavy turbulence,"" resulting in multiple people being injured, according to airline officials.",www.foxbusiness.com,-0.159297,Somewhat-Bearish,BA,0.139265,0.0,Neutral
2024-07-02 01:00:00,"Milled Carbon Fiber Market worth $302 million by 2029, at a CAGR of 10.8%, says MarketsandMarkets™",https://www.benzinga.com/pressreleases/24/07/g39587396/milled-carbon-fiber-market-worth-302-million-by-2029-at-a-cagr-of-10-8-says-marketsandmarkets,"Chicago, July 01, 2024 ( GLOBE NEWSWIRE ) -- The Milled Carbon Fiber Market is projected to grow USD 182 million in 2024 and is projected to reach USD 302 million by 2029, at a CAGR of 10.8%, in terms of value, from 2024 to 2029, as per the recent study by MarketsandMarkets™.",www.benzinga.com,0.339152,Somewhat-Bullish,BA,0.044222,0.179213,Somewhat-Bullish
2024-07-02 03:07:38,Air Europa flight makes emergency landing in Brazil after severe turbulence injures 30 passengers,https://www.financialexpress.com/business/airlines-aviation-air-europa-flight-makes-emergency-landing-in-brazil-after-severe-turbulence-injures-30-passengers-3540913/,"An Air Europa flight traveling from Madrid to Montevideo, Uruguay, had to be rerouted to a Brazilian airport on Monday ( Juny 1 ) due to severe turbulence, resulting in minor injuries for 30 passengers, according to local health authorities.",www.financialexpress.com,-0.08922,Neutral,BA,0.124809,-0.068938,Neutral
2024-07-02 05:23:00,An Air Europa flight was forced to make an emergency landing after passengers suffered neck and skull fractures during severe turbulence,https://www.businessinsider.com/air-europa-flight-faces-severe-turbulence-injuries-fractures-report-2024-7,"Air Europa flight faces severe turbulence, with 30 injured: report - Business Insider ...",www.businessinsider.com,-0.110014,Neutral,BA,0.16117,-0.053849,Neutral
2024-07-02 06:17:01,Turbulence tosses passenger into overhead bin on Air Europa flight. Watch,https://www.business-standard.com/world-news/turbulence-tosses-passenger-into-overhead-bin-on-air-europa-flight-watch-124070200309_1.html,"An Air Europa Boeing 787-9 Dreamliner en route from Madrid, Spain, to Montevideo, Uruguay, encountered severe turbulence on Monday, necessitating an emergency landing in Brazil and resulting in injuries to 30 passengers, The New York Post reported.",www.business-standard.com,-0.243621,Somewhat-Bearish,BA,0.099066,-0.136962,Neutral
2024-07-02 08:28:29,"SHAREHOLDER INVESTIGATION: Halper Sadeh LLC Investigates INFN, SPR, AGRX, GRDI on Behalf of Shareholders - GRIID Infrastructure  ( NASDAQ:GRDI ) , Agile Therapeutics  ( OTC:AGRX ) ",https://www.benzinga.com/pressreleases/24/07/g39589807/shareholder-investigation-halper-sadeh-llc-investigates-infn-spr-agrx-grdi-on-behalf-of-shareholde,"NEW YORK, July 02, 2024 ( GLOBE NEWSWIRE ) -- Halper Sadeh LLC, an investor rights law firm, is investigating the following companies for potential violations of the federal securities laws and/or breaches of fiduciary duties to shareholders relating to: Infinera Corporation INFN's sale to ...",www.benzinga.com,0.182427,Somewhat-Bullish,BA,0.106541,0.081127,Neutral
2024-07-02 09:41:14,"Severe turbulence in Air Europa flight tosses passenger into overhead bin, viral video captures rescue - Watch",https://www.financialexpress.com/business/airlines-aviation-severe-turbulence-in-air-europa-flight-tosses-passenger-into-overhead-bin-viral-video-captures-rescue-watch-3541389/,"A severe turbulence on Monday struck an Air Europa aircraft, resulting in injuries to at least 30 people. When the mishap happened, the Air Europa Boeing 787-9 Dreamliner was travelling from Spain to Uruguay. The flight was supposed to arrive in Montevideo, the capital of Uruguay, but it was ...",www.financialexpress.com,-0.163288,Somewhat-Bearish,BA,0.183895,-0.191725,Somewhat-Bearish
2024-07-02 09:56:00,"Video appears to show a passenger on a plane hit by severe turbulence laying in an overhead bin, with a fellow traveler saying he 'got stuck in the roof'",https://www.businessinsider.com/video-passenger-seemingly-stuck-in-overhead-bin-during-turbulence-2024-7,Video: Passenger seemingly stuck in overhead bin during turbulence - Business Insider ...,www.businessinsider.com,-0.185448,Somewhat-Bearish,BA,0.194242,-0.113127,Neutral
2024-07-02 10:29:11,"Boeing's Safety Woes Taking A Toll On Business? Rival Airbus Lands Record $24B Deal Fro Philippines Largest Airline Cebu Pacific - Airbus  ( OTC:EADSY ) , Boeing  ( NYSE:BA ) ",https://www.benzinga.com/news/24/07/39591438/boeings-safety-woes-taking-a-toll-on-business-rival-airbus-lands-record-24b-deal-fro-philippines-lar,"Cebu Pacific Air has chosen to purchase 152 single-aisle jets from Airbus SE EADSY in a preliminary agreement worth $24 billion. What Happened: The deal, which is the largest jet purchase in the history of the Philippines, will see Cebu Pacific Air acquiring 102 A321neo jets with an option for an ...",www.benzinga.com,0.124323,Neutral,BA,0.606385,0.04283,Neutral
2024-07-02 10:29:13,"Boeing's Safety Woes Taking A Toll On Business? Rival Airbus Lands Record $24B Deal From Philippines Largest Airline Cebu Pacific - Airbus  ( OTC:EADSY ) , Boeing  ( NYSE:BA ) ",https://www.benzinga.com/news/24/07/39591439/boeings-safety-woes-taking-a-toll-on-business-rival-airbus-lands-record-24b-deal-from-philippines-la,"Cebu Pacific Air has chosen to purchase 152 single-aisle jets from Airbus SE EADSY in a preliminary agreement worth $24 billion. What Happened: The deal, which is the largest jet purchase in the history of the Philippines, will see Cebu Pacific Air acquiring 102 A321neo jets with an option for an ...",www.benzinga.com,0.124323,Neutral,BA,0.606385,0.04283,Neutral
2024-07-02 10:52:00,"5 things to know for July 2: Hurricane Beryl, Supreme Court, Social media, Ukraine coup attempt, Gaza",https://www.cnn.com/2024/07/02/us/5-things-to-know-for-july-2-hurricane-beryl-supreme-court-social-media-ukraine-coup-attempt-gaza/index.html,"5 things to know for July 2: Hurricane Beryl, Presidential immunity, Social media, Ukraine coup attempt, ...",www.cnn.com,-0.197991,Somewhat-Bearish,BA,0.073659,-0.132632,Neutral
2024-07-02 12:00:00,Air Canada To Receive Eight Boeing 737-8 Aircraft,https://www.newswire.ca/news-releases/air-canada-to-receive-eight-boeing-737-8-aircraft-869135534.html,"MONTREAL, July 2, 2024 /CNW/ - Air Canada announced today an agreement with BOC Aviation Limited ( ""BOC Aviation"" ) for the placement of eight Boeing 737-8 aircraft. ""We look forward to these aircraft entering into service next year, upon the completion of some required modifications.",www.newswire.ca,0.244893,Somewhat-Bullish,BA,0.07446,0.049054,Neutral
2024-07-02 12:15:22,Daily: Supreme Court's Immunity Answer Raises New Questions,https://www.forbes.com/sites/daniellechemtob/2024/07/02/forbes-daily-supreme-courts-immunity-answer-raises-new-questions/,"Forbes Daily: Supreme Court's President Immunity Decision, Biden Reacts Forbes ...",www.forbes.com,0.053336,Neutral,BA,0.025734,-0.119439,Neutral
2024-07-02 13:00:00,Turkish Airlines Orders Four More Boeing 777 Freighters - Boeing  ( NYSE:BA ) ,https://www.benzinga.com/pressreleases/24/07/n39595066/turkish-airlines-orders-four-more-boeing-777-freighters,"ISTANBUL, July 2, 2024 /PRNewswire/ -- Boeing BA and Turkish Airlines today announced an order for four 777 Freighters to further strengthen the airline's position in the global air cargo market. With this order, Turkish Airlines will operate 12 777 Freighters.",www.benzinga.com,0.361482,Bullish,BA,0.690822,0.516945,Bullish
2024-07-02 13:02:00,Here's Why You Should Retain FedEx  ( FDX )  Stock for Now,https://www.zacks.com/stock/news/2296105/heres-why-you-should-retain-fedex-fdx-stock-for-now,"FedEx's (FDX) bottom line is bolstered by reduced structural cost initiatives. Efforts to reward shareholders are commendable. However, FedEx grapples with geopolitical uncertainties and higher inflation.",www.zacks.com,0.189735,Somewhat-Bullish,BA,0.06623,0.149679,Neutral
2024-07-02 13:05:42,Ryanair Records Solid Traffic Numbers In June: Details - Ryanair Hldgs  ( NASDAQ:RYAAY ) ,https://www.benzinga.com/markets/equities/24/07/39595403/ryanair-records-solid-traffic-numbers-in-june-details,"Ryanair Holdings plc RYAAY reported a record 19.3 million passengers, up 11% Y/Y, in June 2024. Also, the company's flights were, on average, 95% full ( flat Y/Y ) in June. Ryanair carried 18.9 million passengers in May, equaling its previous monthly record, reported Reuters.",www.benzinga.com,0.18321,Somewhat-Bullish,BA,0.428632,0.0,Neutral
2024-07-02 14:16:25,Steering the Course: GE Aerospace Keeps CEO Culp At The Helm Through 2027 - GE Aero  ( NYSE:GE ) ,https://www.benzinga.com/markets/equities/24/07/39597343/steering-the-course-ge-aerospace-keeps-ceo-culp-at-the-helm-through-2027,"GE Aerospace GE disclosed that it has extended CEO Larry Culp's tenure until the end of 2027, with the option for an additional one-year extension. Notably, Culp's employment agreement was earlier scheduled to end on August 17, 2024.",www.benzinga.com,0.218915,Somewhat-Bullish,BA,0.325208,-0.250417,Somewhat-Bearish
2024-07-02 14:31:06,"Spirit AeroSystems CEO A Candidate To Lead Boeing? Investors Focus On Top Post - Spirit AeroSystems Hldgs  ( NYSE:SPR ) , Boeing  ( NYSE:BA ) ",https://www.benzinga.com/news/24/07/39597632/spirit-aerosystems-ceo-a-candidate-to-lead-boeing-investors-focus-on-top-post,"Investors are zeroing in on Boeing Co's BA acquisition of its supplier, Spirit AeroSystems Holdings Inc SPR, and whether it will affect the airplane manufacturer's ongoing search for a new CEO. What Happened: The search follows CEO Dave Calhoun's announcement in March that he would step down by ...",www.benzinga.com,0.262729,Somewhat-Bullish,BA,0.640873,0.242391,Somewhat-Bullish
2024-07-02 14:43:00,Boeing  ( BA )  Set to Buy Back Spirit AeroSystems for $8.3B,https://www.zacks.com/stock/news/2296197/boeing-ba-set-to-buy-back-spirit-aerosystems-for-83b,"Boeing (BA) is set to acquire Spirit AeroSystems for approximately $8.3 billion, including the company's most recent reported net debt.",www.zacks.com,0.255239,Somewhat-Bullish,BA,0.481677,0.315081,Somewhat-Bullish
2024-07-02 15:54:00,Ryanair  ( RYAAY )  Posts Impressive June 2024 Traffic Numbers,https://www.zacks.com/stock/news/2296268/ryanair-ryaay-posts-impressive-june-2024-traffic-numbers,Ryanair's (RYAAY) load factor for June 2024 remained flat at 95%.,www.zacks.com,0.213882,Somewhat-Bullish,BA,0.109455,0.298226,Somewhat-Bullish
2024-07-02 16:19:10,Boeing And Volkswagen Enter Deals With Uncertain Payoffs,https://www.forbes.com/sites/cfo/2024/07/02/boeing-and-volkswagen-enter-deals-with-uncertain-payoffs/,"This is the published version of Forbes' CFO newsletter, which offers the latest news for chief finance officers and other leaders focused on the budget. Sign up here to get it delivered to your inbox every Tuesday.",www.forbes.com,0.002433,Neutral,BA,0.270047,0.048552,Neutral
2024-07-02 17:34:28,Boeing Receives Order For Four 777 Freighters From Turkish Airlines - Boeing  ( NYSE:BA ) ,https://www.benzinga.com/news/24/07/39602971/boeing-receives-order-for-four-777-freighters-from-turkish-airlines,"Boeing BA stock is trending on Tuesday. The company received an order of four 777 Freighters from Turkish Airlines, bringing the airlines total to 12. What To Know: According to Boeing, the 777 Freighter is its best selling freighter airplane with more than 265 deliveries.",www.benzinga.com,0.273199,Somewhat-Bullish,BA,0.769861,0.439382,Bullish
2024-07-02 17:46:00,Air Europa passengers 'thought we were going to die' during severe turbulence,https://www.foxbusiness.com/fox-news-air-space/air-europa-passengers-thought-we-were-going-die-severe-turbulence,"Those on board a Uruguay-bound Air Europa flight that was diverted to Brazil due to ""heavy turbulence"" Monday say they feared for their lives. The Boeing 787 Dreamliner left from Madrid-Barajas Airport in Madrid with a final destination of Carrasco International Airport in Montevideo, Uruguay, on ...",www.foxbusiness.com,-0.102042,Neutral,BA,0.102888,0.0,Neutral
2024-07-02 17:58:10,Cebu Air signs $24 billion preliminary pact with Airbus for over 150 Jets,https://www.business-standard.com/world-news/cebu-air-signs-24-billion-preliminary-pact-with-airbus-for-over-150-jets-124070201290_1.html,"Cebu Pacific Air reached a preliminary agreement to buy 152 single-aisle jets from Airbus SE in a deal worth $24 billion at list price, the company announced on Tuesday.",www.business-standard.com,0.150431,Somewhat-Bullish,BA,0.103331,0.053904,Neutral
2024-07-02 19:15:18,"Ryanair Posts Impressive June 2024 Traffic Numbers - SkyWest  ( NASDAQ:SKYW ) , Ryanair Hldgs  ( NASDAQ:RYAAY ) ",https://www.benzinga.com/news/earnings/24/07/39602486/ryanair-posts-impressive-june-2024-traffic-numbers,"Ryanair Holdings RYAAY reported solid traffic numbers for June 2024, driven by upbeat air-travel demand. The number of passengers transported on Ryanair flights was 19.3 million in June 2024, reflecting an 11% year-over-year increase.",www.benzinga.com,0.234723,Somewhat-Bullish,BA,0.106541,0.295579,Somewhat-Bullish
2024-07-02 20:13:00,"Boeing Set to Buy Back Spirit AeroSystems for $8.3B - Spirit AeroSystems Hldgs  ( NYSE:SPR ) , Boeing  ( NYSE:BA ) ",https://www.benzinga.com/news/earnings/24/07/39600896/boeing-set-to-buy-back-spirit-aerosystems-for-8-3b,"The Boeing Company BA recently signed a contract to buy back Spirit AeroSystems SPR, its largest independent supplier of aerostructures, which spun off from the jet maker in 2005.",www.benzinga.com,0.271301,Somewhat-Bullish,BA,0.56578,0.304922,Somewhat-Bullish
2024-07-02 20:34:42,Boeing Set to Buy Back Spirit AeroSystems for $8.3B,https://markets.businessinsider.com/news/stocks/boeing-set-to-buy-back-spirit-aerosystems-for-8-3b-1033524464,"The Boeing Company ( NYSE:BA ) recently signed a contract to buy back Spirit AeroSystems ( NYSE:SPR ) , its largest independent supplier of aerostructures, which spun off from the jet maker in 2005.",markets.businessinsider.com,0.264558,Somewhat-Bullish,BA,0.503559,0.298017,Somewhat-Bullish
2024-07-03 04:04:31,Technology and cyber crime: how to keep out the bad guys,https://www.ft.com/content/8a79ab25-c902-4110-bcb8-be2fd422f6bf,Maintaining strict security protocols and monitoring your firm's digital activity can improve your chances of fending off an attack ...,www.ft.com,-0.036613,Neutral,BA,0.008337,0.064613,Neutral
2024-07-03 05:56:01,"Elon Musk's SpaceX Launches 67 Missions In First Half Of 2024, Trailing Own Targets",https://www.benzinga.com/news/24/07/39612042/elon-musks-spacex-launches-67-missions-in-first-half-of-2024-trailing-own-targets,"Elon Musk's SpaceX said on Tuesday that the company completed 67 missions using its Falcon launch vehicles as of the end of the second quarter, trailing behind its self-set launch targets. What Happened: The company is looking to launch 144 times in 2024, averaging twelve times per month.",www.benzinga.com,0.123036,Neutral,BA,0.100308,0.072191,Neutral
2024-07-03 08:44:00,Bear of the Day: Airbus Group  ( EADSY ) ,https://www.zacks.com/commentary/2296383/bear-of-the-day-airbus-group-eadsy,"Airbus cannot gain traction in the airline industry even though Boeing, its main competitor, has suffered a string of safety issues and a tarnished reputation. Meanwhile, China's state-owned airplane manufacturer threatens to grab a slice of the market.",www.zacks.com,-0.218089,Somewhat-Bearish,BA,0.575407,-0.254674,Somewhat-Bearish
2024-07-03 09:29:00,2 Unstoppable Vanguard ETFs to Buy With $700 During the S&P 500 Bull Market,https://www.fool.com/investing/2024/07/03/vanguard-etf-buy-700-during-sp-500-bull-market/,"The stock market is trading at a record high, led by some of America's largest technology stocks.",www.fool.com,0.231584,Somewhat-Bullish,BA,0.047559,0.122751,Neutral
2024-07-03 10:34:00,Turbulence is getting more frequent and more severe. An aviation and climate expert explains why.,https://www.businessinsider.com/turbulence-more-frequent-stronger-expert-aviation-explains-why-2024-7,Why is there more turbulence and what is causing it: expert explains - Business Insider ...,www.businessinsider.com,0.019091,Neutral,BA,0.050465,-0.142287,Neutral
2024-07-03 11:35:00,Barrick Gold and Airbus have been highlighted as Zacks Bull and Bear of the Day,https://www.zacks.com/stock/news/2296483/barrick-gold-and-airbus-have-been-highlighted-as-zacks-bull-and-bear-of-the-day,Barrick Gold and Airbus are part of the Zacks Bull and Bear of the Day article.,www.zacks.com,0.17228,Somewhat-Bullish,BA,0.127007,-0.103139,Neutral
2024-07-03 11:46:00,Record numbers of people are flying these days. So why are airline profits plunging? | Business,https://www.cnn.com/2024/07/03/business/airline-woes-despite-record-passenger-traffic/index.html,Record numbers of people are flying. Airlines can't make a buck off of it ...,www.cnn.com,-0.079825,Neutral,BA,0.312423,-0.159247,Somewhat-Bearish
2024-07-03 12:07:00,"Kuehn Law Encourages AGRX, SPR, HCP, and ALLG Investors to Contact Law Firm - Allego  ( NYSE:ALLG ) , Agile Therapeutics  ( OTC:AGRX ) ",https://www.benzinga.com/pressreleases/24/07/g39615751/kuehn-law-encourages-agrx-spr-hcp-and-allg-investors-to-contact-law-firm,"NEW YORK, July 03, 2024 ( GLOBE NEWSWIRE ) -- Kuehn Law, PLLC, a shareholder litigation law firm, is investigating potential claims related to the below-listed proposed mergers. Kuehn Law may seek additional disclosures or other relief on behalf of the shareholders of these companies.",www.benzinga.com,0.360842,Bullish,BA,0.239305,0.485581,Bullish
2024-07-03 17:39:15,Firstup Created To Increase Employee Engagement Among Non-Office Workers,https://www.forbes.com/sites/brucerogers/2024/07/03/firstup-created-to-increase-employee-engagement-among-non-office-workers/,"The vast majority of employees do not work in an office. In fact, 77.8% of the US labor force work outside the office as professional, technicians or laborers such as nurses, truck drivers, construction workers, police and firemen, according to US Department of Labor Statistics.",www.forbes.com,0.184283,Somewhat-Bullish,BA,0.036365,0.186141,Somewhat-Bullish
2024-07-03 17:59:18,"Boeing Set For Improved Deliveries And Production Rates, Goldman Sachs Analyst Says - Boeing  ( NYSE:BA ) ",https://www.benzinga.com/analyst-ratings/analyst-color/24/07/39623013/boeing-set-for-improved-deliveries-and-production-rates-goldman-sachs-analyst-says,"Goldman Sachs analyst Noah Poponak stated that their analysis suggests that The Boeing Company BA ( Buy rating, $243 price target ) is expected to achieve 43 deliveries in June, comprising 34 737 MAX, three 787s, and six other aircraft.",www.benzinga.com,0.220224,Somewhat-Bullish,BA,0.555911,0.321033,Somewhat-Bullish
2024-07-03 18:37:54,Investing in Space: Why military contracts are crucial for space companies,https://www.cnbc.com/2024/07/03/investing-in-space-why-military-contracts-are-crucial-for-companies.html,"Military contracts often represent ""we made it"" moments for space companies.",www.cnbc.com,0.073086,Neutral,BA,0.031949,-0.038103,Neutral
2024-07-03 20:21:45,"Boeing Faces High-Stakes Decision: Accept Plea Deal Or Risk Trial Over 737 MAX Safety Violations - Spirit AeroSystems Hldgs  ( NYSE:SPR ) , Boeing  ( NYSE:BA ) ",https://www.benzinga.com/government/24/07/39625439/boeing-faces-high-stakes-decision-accept-plea-deal-or-risk-trial-over-737-max-safety-violations,Boeing Co BA investors appeared unaltered this week by a suspenseful decision that could put the company under independent monitoring for three years or take it back to court on criminal charges.,www.benzinga.com,-0.100501,Neutral,BA,0.78028,-0.235417,Somewhat-Bearish
2024-07-04 00:00:21,Former Boeing inspector alleges 'scrap' parts ended up on assembly lines | Business,https://www.cnn.com/2024/07/03/business/former-boeing-inspector-scrap-parts-assembly-lines/index.html,Former Boeing inspector alleges 'scrap' parts ended up on assembly lines ...,www.cnn.com,-0.081832,Neutral,BA,0.692238,-0.2106,Somewhat-Bearish
2024-07-04 04:10:10,Did Air India divert a flight for Indian cricket team? DGCA seeks report,https://www.business-standard.com/india-news/did-air-india-divert-a-flight-for-indian-cricket-team-dgca-seeks-report-124070400123_1.html,"The Directorate General of Civil Aviation ( DGCA ) has requested a detailed report from Air India following allegations that a scheduled flight was diverted to transport India's victorious T20 World Cup team from Barbados, according to a report by the Indian Express.",www.business-standard.com,0.069303,Neutral,BA,0.175859,-0.024698,Neutral
2024-07-04 06:49:00,Qatar Airways to Increase Colombo-Doha Flight Frequency Starting 10 July 2024,https://www.prnewswire.com/apac/news-releases/qatar-airways-to-increase-colombo-doha-flight-frequency-starting-10-july-2024-302189449.html,"• Increasing from five to six-daily flights from • The increased flight frequencies will provide passengers with better connectivity and more options to destinations in the , , and beyond",www.prnewswire.com,0.404508,Bullish,BA,0.078099,0.060759,Neutral
2024-07-04 08:30:00,Not An Everything Rally: 2024's Worst S&P 500 Stocks So Far From Boeing To Intel,https://www.forbes.com/sites/dereksaul/2024/07/04/not-an-everything-rally-2024s-worst-sp-500-stocks-so-far-from-boeing-to-intel/,"Boeing, Intel And Lululemon Are 2024's Worst Stocks On S&P 500 Forbes ...",www.forbes.com,-0.101904,Neutral,BA,0.109705,-0.040306,Neutral
2024-07-04 09:26:22,Former Boeing Inspector Says Scrap Parts Were Used In Planes For Over A Decade: Report - Boeing  ( NYSE:BA ) ,https://www.benzinga.com/markets/equities/24/07/39633208/former-boeing-inspector-says-scrap-parts-were-used-in-planes-for-over-a-decade-report,A former Boeing Co BA inspector said that the company's workers used parts deemed unsuitable for flying in its 787 Dreamliner assembly lines. This comes amid a series of safety issues that have plagued the company.,www.benzinga.com,0.055472,Neutral,BA,0.733479,0.074595,Neutral
2024-07-04 09:57:00,"Why so much is riding on the 777X, Boeing's newest long-haul plane that is already 5 years late and costing billions",https://www.businessinsider.com/boeing-777x-why-so-important-delays-future-airlines-2024-7,Why Boeing's new 777X plane is so important to the company's future - Business Insider ...,www.businessinsider.com,0.172353,Somewhat-Bullish,BA,0.484408,0.137404,Neutral
2024-07-04 10:30:00,"The Best-And Worst-Of 2024 So Far: Stocks, Crypto, AI",https://www.forbes.com/sites/forbesstaff/2024/07/04/the-best-and-worst-of-2024-so-far-stocks-crypto-ai/,"Halfway through 2024, Nvidia and other major AI darlings are having a great year, along with quirky meme cryptocurrencies like ""dogwifhat""-but it's a bumpier road for Boeing investors, remote workers and Elon Musk.",www.forbes.com,0.194277,Somewhat-Bullish,BA,0.219809,0.119403,Neutral
2024-07-04 13:11:04,Business | Jul 6th 2024 Edition,https://www.economist.com/the-world-this-week/2024/07/04/business,"Boeing agreed to buy Spirit AeroSystems, a maker of jet fuselages that Boeing hived off from its operations in Wichita in 2005, in an $8.3bn transaction. Reincorporating Spirit will help Boeing streamline its production process after a host of claims about shoddy workmanship.",www.economist.com,0.097308,Neutral,BA,0.699089,0.238217,Somewhat-Bullish
2024-07-04 13:53:00,"SHAREHOLDER INVESTIGATION: Halper Sadeh LLC Investigates SPR, INFN, GRDI on Behalf of Shareholders",https://www.prnewswire.com/news-releases/shareholder-investigation-halper-sadeh-llc-investigates-spr-infn-grdi-on-behalf-of-shareholders-302189554.html,"NEW YORK, July 4, 2024 /PRNewswire/ -- Halper Sadeh LLC, an investor rights law firm, is investigating the following companies for potential violations of the federal securities laws and/or breaches of fiduciary duties to shareholders relating to: sale to The Boeing Company.",www.prnewswire.com,0.176376,Somewhat-Bullish,BA,0.155451,0.106255,Neutral
2024-07-04 21:57:00,NASA says astronauts from Boeing's Starliner could be in space for a couple more weeks even though their test flight was only supposed to last 8 days,https://www.businessinsider.com/boeing-thruster-tests-may-take-weeks-before-astronauts-come-home-2024-7,"Boeing thruster tests may take ""weeks"" before astronauts come home - Business Insider ...",www.businessinsider.com,-0.067187,Neutral,BA,0.349329,-0.035347,Neutral
2024-07-05 04:50:00,US sending dozens of new fighter jets to Japan bases in $10 billion force modernization,https://www.cnn.com/2024/07/05/asia/japan-us-fighter-jets-intl-hnk-ml/index.html,"The US military will send dozens of its newest fighter jets to Japan as part of a $10 billion upgrade of its forces in the country, the Defense Department announced Wednesday.",www.cnn.com,0.092741,Neutral,BA,0.085022,0.048495,Neutral
2024-07-05 13:25:16,The Boeing/Airbus Duopoly Is Aging And Impeded. Boom Supersonic Wants A Spot.,https://www.forbes.com/sites/tedreed/2024/07/05/the-boeingairbus-duopoly-is-aging-and-impeded-boom-supersonic-wants-a-spot/,"Whatever one thinks of the likelihood that Boom Supersonic can sell its new airplane to airlines, it seems clear the company picked a good time to try.",www.forbes.com,0.181394,Somewhat-Bullish,BA,0.552443,0.166352,Somewhat-Bullish
2024-07-05 15:36:10,Saks buys Neiman Marcus in $2.65B deal,https://theweek.com/business/saks-buys-neiman-marcus-amazon-luxury-retail,"Hudson's Bay Company, which owns Saks Fifth Avenue, will buy Neiman Marcus and Bergdorf Goodman in a $2.65 billion deal announced Thursday. The luxury retailers will be combined under a new entity, Saks Global, but will continue to operate under their existing brand names.",theweek.com,0.115014,Neutral,BA,0.062926,0.051151,Neutral
2024-07-05 15:48:53,Is Boeing Stock a No-Brainer Buy Right Now?,https://www.fool.com/investing/2024/07/05/is-boeing-stock-a-no-brainer-buy-right-now/,The duopoly is the reason this stock could still fly high.,www.fool.com,0.040147,Neutral,BA,0.947069,0.12415,Neutral
2024-07-05 16:01:24,A Closer Look at Boeing's Options Market Dynamics - Boeing  ( NYSE:BA ) ,https://www.benzinga.com/insights/options/24/07/39649045/a-closer-look-at-boeings-options-market-dynamics,"Investors with a lot of money to spend have taken a bullish stance on Boeing BA. We noticed this today when the trades showed up on publicly available options history that we track here at Benzinga. Whether these are institutions or just wealthy individuals, we don't know.",www.benzinga.com,0.182751,Somewhat-Bullish,BA,0.737923,0.279742,Somewhat-Bullish
2024-07-05 17:21:00,Boeing  ( BA )  Wins Turkish Airlines' Four 777 Freighters Order,https://www.zacks.com/stock/news/2297387/boeing-ba-wins-turkish-airlines-four-777-freighters-order,"Boeing (BA) has received an order for four 777 Freighters from its repeat customer, Turkish Airlines.",www.zacks.com,0.223473,Somewhat-Bullish,BA,0.628473,0.315611,Somewhat-Bullish
2024-07-05 18:55:00,"Structural Health Monitoring Market size is set to grow by USD 2.61 billion from 2024-2028, Increasing need for ... - PR Newswire",https://www.prnewswire.com/news-releases/structural-health-monitoring-market-size-is-set-to-grow-by-usd-2-61-billion-from-2024-2028--increasing-need-for-infrastructure-maintenance-and-safety-boost-the-market-technavio-302189570.html,"Structural Health Monitoring Market size is set to grow by USD 2.61 billion from 2024-2028, Increasing need for ... PR ...",www.prnewswire.com,0.213245,Somewhat-Bullish,BA,0.024248,0.123166,Neutral
2024-07-05 21:30:00,"Aerospace Market Size in Mexico is set to grow by USD 15.61 billion from 2024-2028, Favorable regulatory ... - PR Newswire",https://www.prnewswire.com/news-releases/aerospace-market-size-in-mexico-is-set-to-grow-by-usd-15-61-billion-from-2024-2028--favorable-regulatory-environment-boost-the-market-technavio-302189534.html,"Aerospace Market Size in Mexico is set to grow by USD 15.61 billion from 2024-2028, Favorable regulatory ... PR ...",www.prnewswire.com,0.321483,Somewhat-Bullish,BA,0.033282,0.084034,Neutral
2024-07-06 12:15:55,Now's a Great Time to Build a Bond Ladder,https://www.kiplinger.com/investing/bonds/nows-a-great-time-to-build-a-bond-ladder,"Even after two favorable monthly inflation reports, cash and bond yields remain high and steady. It continues to be a buyer's market. Still, readers are often uncertain how best to proceed, particularly with new or rollover money. You may be tempted by a basic broad-based bond market index fund.",www.kiplinger.com,0.258783,Somewhat-Bullish,BA,0.12013,0.015123,Neutral
2024-07-06 18:15:06,"New Pan Am Soars, Reviving The Golden Age Of Air Travel",https://www.forbes.com/sites/irenelevine/2024/07/06/new-pan-am-soars-reviving-the-golden-age-of-air-travel/,"Under new ownership, Pan American World Airways has announced the first in a series of planned themed journeys that harken back to its heyday. For decades, the Pan Am brand and its distinctive blue and white logo symbolized the excitement and elegance of air travel's golden age.",www.forbes.com,0.169169,Somewhat-Bullish,BA,0.060541,0.02102,Neutral
2024-07-07 11:54:00,I flew on a major airline's Pokémon-themed plane. The unforgettable experience didn't cost extra - and it came with souvenirs.,https://www.businessinsider.com/review-pokemon-airplane-all-nippon-airways-what-its-like-freebies-2024-7,"I flew on ANA's Pokemon airplane, what it was like + freebies I got - Business Insider ...",www.businessinsider.com,0.165665,Somewhat-Bullish,BA,0.227007,0.086074,Neutral
2024-07-08 04:00:00,"Boeing accepts a plea deal to avoid a criminal trial over 737 Max crashes, Justice Department says",https://apnews.com/article/boeing-guilty-plea-crashes-245a38dc6d3082f4ddff1f6f74f274f2,"Boeing will plead guilty to a criminal fraud charge stemming from two deadly crashes of 737 Max jetliners after the government determined the company that had protected it from prosecution for more than three years, the Justice Department said Sunday night.",apnews.com,-0.132064,Neutral,BA,0.712297,-0.187233,Somewhat-Bearish
2024-07-08 04:00:14,The age of drone warfare is disrupting the defence industry,https://www.ft.com/content/cf6ded0f-f595-4359-b8f7-273799f1149c,Rapidly evolving technology designed by smaller players is challenging the dominance of sluggish industry giants ...,www.ft.com,0.057925,Neutral,BA,0.017331,0.194114,Somewhat-Bullish
2024-07-08 04:18:41,Boeing to plead guilty to criminal fraud charge stemming from 737 Max crashes,https://www.cnbc.com/2024/07/08/boeing-to-plead-guilty-to-criminal-fraud-charge-stemming-from-737-max-crashes.html,The Justice Department said in May that Boeing violated its 2021 settlement by failing to implement a certain compliance program.,www.cnbc.com,-0.005042,Neutral,BA,0.943189,0.057319,Neutral
2024-07-08 04:22:00,Key events in the troubled history of the Boeing 737 Max,https://apnews.com/article/boeing-plea-737-max-crashes-b34daa014406657e720bec4a990dccf6,"Boeing's 737 Max is a more fuel-efficient version of the American aerospace company's popular 737, the best-selling airliner ever. Airlines have flown for just seven years, but in that short time two of them crashed, killing 346 people, and the plane has become a symbol of safety concerns ...",apnews.com,-0.101442,Neutral,BA,0.683391,-0.200223,Somewhat-Bearish
2024-07-08 04:35:26,Boeing to plead guilty to avoid US criminal trial over 737 Max crashes,https://www.business-standard.com/amp/world-news/boeing-accepts-plea-deal-to-avoid-criminal-trial-over-737-max-crashes-124070800135_1.html,Boeing accepts plea deal to avoid criminal trial over 737 Max crashes Business Standard ...,www.business-standard.com,-0.156201,Somewhat-Bearish,BA,0.714751,-0.239994,Somewhat-Bearish
2024-07-08 04:35:28,Boeing accepts plea deal to avoid criminal trial over 737 Max crashes,https://www.business-standard.com/world-news/boeing-accepts-plea-deal-to-avoid-criminal-trial-over-737-max-crashes-124070800135_1.html,Boeing will plead guilty to a criminal fraud charge stemming from two deadly crashes of 737 Max jetliners. ( Photo: Reuters ),www.business-standard.com,-0.243395,Somewhat-Bearish,BA,0.801457,-0.335186,Somewhat-Bearish
2024-07-08 04:53:00,Boeing agrees to plead guilty to defrauding US regulators but escapes punishment sought by victims' families | Business,https://edition.cnn.com/2024/07/08/business/boeing-doj-criminal-charges/index.html,Boeing pleads guilty to defrauding US regulators but escapes punishment sought by victims' families CNN International ...,edition.cnn.com,-0.436698,Bearish,BA,0.468029,-0.286077,Somewhat-Bearish
2024-07-08 04:53:28,Boeing agrees to plead guilty to defrauding US regulators but escapes punishment sought by victims' families | Business,https://www.cnn.com/2024/07/08/business/boeing-doj-criminal-charges/index.html,Boeing agrees to plead guilty to defrauding US regulators but escapes punishment sought by victims' families ...,www.cnn.com,-0.22779,Somewhat-Bearish,BA,0.587962,-0.234563,Somewhat-Bearish
2024-07-08 05:58:26,How Boeing's plea deal could affect planemaker: All you need to know,https://www.business-standard.com/world-news/how-boeing-s-plea-deal-could-affect-planemaker-all-you-need-to-know-124070800243_1.html,"Boeing will plead guilty to criminal fraud conspiracy to resolve a US Justice Department ( DOJ ) investigation linked to two 737 MAX fatal crashes, the government said in a court filing late on Sunday.",www.business-standard.com,-0.185524,Somewhat-Bearish,BA,0.761208,-0.287515,Somewhat-Bearish
2024-07-08 06:25:40,Boeing Strikes Plea Deal With DOJ For Defrauding US Regulator Over 737 MAX Safety: Victims' Lawyer Calls It 'Deceptive And Generous…Not In Public Interest' - Boeing  ( NYSE:BA ) ,https://www.benzinga.com/news/24/07/39658887/boeing-strikes-plea-deal-with-doj-for-defrauding-us-regulator-over-737-max-safety-victims-lawyer-cal,"Embattled aerospace company Boeing BA has agreed to plead guilty to criminal conspiracy to defraud the U.S. by allegedly misleading the Federal Aviation Administration regarding the safety of its 737 MAX, a late-Sunday court filing by the Department of Justice said, according to media reports.",www.benzinga.com,-0.04264,Neutral,BA,0.705186,-0.05535,Neutral
2024-07-08 06:56:01,Boeing to plead guilty to avoid trial over fatal 737 Max crashes,https://www.aljazeera.com/news/2024/7/8/boeing-to-plead-guilty-to-avoid-trial-over-fatal-737-max-crashes,Lawyer for relatives of crash victims blasts plea agreement with US Department of Justice as a 'sweetheart deal'. Boeing has agreed to plead guilty to fraud to avoid going on trial in the United States on charges stemming from two fatal crashes involving its 737 Max.,www.aljazeera.com,-0.060351,Neutral,BA,0.6809,0.007812,Neutral
2024-07-08 07:11:00,Boeing agrees to plea deal to avoid criminal trial over deadly 737 Max crashes,https://www.foxbusiness.com/fox-news-crime/boeing-agrees-plea-deal-avoid-criminal-trial-deadly-737-max-crashes,"Boeing has agreed to plead guilty to a criminal fraud conspiracy charge to avoid a criminal trial in connection with a Justice Department investigation into two deadly crashes involving 737 MAX jetliners, FOX Business can confirm.",www.foxbusiness.com,-0.235944,Somewhat-Bearish,BA,0.714462,-0.366976,Bearish
2024-07-08 07:35:00,Boeing's big mea culpa just dropped and it doesn't look pretty,https://www.businessinsider.com/boeing-big-mea-culpa-just-dropped-does-not-look-pretty-2024-7,"By clicking ""Sign Up"", you accept our Terms of Service and Privacy Policy . You can opt-out at any time by visiting our Preferences page or by clicking ""unsubscribe"" at the bottom of the email. Access your favorite topics in a personalized feed while you're on the go. download the app",www.businessinsider.com,0.034634,Neutral,BA,0.832899,0.054744,Neutral
2024-07-08 09:08:00,Boeing to Plead Guilty. 3 Reasons the Stock Is Up.,https://www.barrons.com/amp/articles/boeing-stock-price-plead-guilty-fine-6df8d249,Boeing Stock Rises After Guilty Plea in Criminal Case. Why It's a Relief. ...,www.barrons.com,-0.049814,Neutral,BA,0.668563,-0.015335,Neutral
2024-07-08 10:48:00,"5 things to know for July 8: Presidential race, Hurricane Beryl, France election, Covid-19, Boeing plea deal",https://edition.cnn.com/2024/07/08/us/5-things-to-know-for-july-8-presidential-race-hurricane-beryl-france-election-covid-19-boeing-plea-deal/index.html,"It's that time of year again: officials in the US are on alert for shark attacks that, while rare, pose a threat to summer beachgoers. Learn how to survive an unwanted shark encounter - or better yet, avoid one entirely. Here's what else you need to know to Get Up to Speed and On with Your Day.",edition.cnn.com,-0.054269,Neutral,BA,0.106384,-0.152823,Somewhat-Bearish
2024-07-08 10:57:03,"Boeing agreed to plead guilty to a fraud conspiracy charge over the 737 Max saga, but it isn't out of the woods just yet",https://www.businessinsider.com/boeing-to-plead-guilty-isnt-out-woods-yet-government-contracts-2024-7,"Boeing agreed to plead guilty, but isn't out of the woods yet - Business Insider ...",www.businessinsider.com,-0.151222,Somewhat-Bearish,BA,0.726144,-0.267144,Somewhat-Bearish
2024-07-08 11:00:00,"AerCap Leased, Purchased and Sold 246 Assets in the Second Quarter 2024",https://www.prnewswire.com/news-releases/aercap-leased-purchased-and-sold-246-assets-in-the-second-quarter-2024-302190093.html,"DUBLIN, July 8, 2024 /PRNewswire/ -- AerCap Holdings N.V. ( ""AerCap"" ) ( NYSE: AER ) has announced its major business transactions during the second quarter 2024: AerCap is the global leader in aviation leasing with one of the most attractive order books in the industry.",www.prnewswire.com,0.080601,Neutral,BA,0.054114,0.099757,Neutral
2024-07-08 11:30:00,"SOUTHWEST AIRLINES ANNOUNCES APPOINTMENT OF RAKESH GANGWAL, EXPERIENCED AIRLINE EXECUTIVE AND ENTREPRENEUR, TO BOARD OF DIRECTORS",https://www.prnewswire.com/news-releases/southwest-airlines-announces-appointment-of-rakesh-gangwal-experienced-airline-executive-and-entrepreneur-to-board-of-directors-302190482.html,"SOUTHWEST AIRLINES ANNOUNCES APPOINTMENT OF RAKESH GANGWAL, EXPERIENCED AIRLINE ... PR ...",www.prnewswire.com,0.279271,Somewhat-Bullish,BA,0.140403,0.089899,Neutral
2024-07-08 11:44:06,"Nasdaq, S&P To Stall Record Run? Here's What Futures Trading Suggests - Invesco QQQ Trust, Series 1  ( NASDAQ:QQQ ) , SPDR S&P 500  ( ARCA:SPY ) ",https://www.benzinga.com/news/earnings/24/07/39663936/wall-street-sentiment-skittish-at-start-of-fresh-trading-week-bitcoin-stabilizes-analyst-says-first,"U.S. stock futures are pointing to a flattish start as the broader market is perched at a record high, propped up by the tech rally. The recent strong gains are likely leaving traders a lot cautious ahead of some market-moving catalysts scheduled for the week.",www.benzinga.com,0.101183,Neutral,BA,0.123526,0.096641,Neutral
2024-07-08 11:58:00,Lockheed  ( LMT )  Wins $227M Deal for Army Tactical Missile System,https://www.zacks.com/stock/news/2297583/lockheed-lmt-wins-227m-deal-for-army-tactical-missile-system,"Lockheed's (LMT) ATACMS is a conventional surface-to-surface artillery weapon system, which comes with an improved guidance package with Global Positioning System.",www.zacks.com,0.224652,Somewhat-Bullish,BA,0.18967,0.243175,Somewhat-Bullish
2024-07-08 12:02:29,Daily: Weak Jobs Report Stokes Stock Market Rally,https://www.forbes.com/sites/daniellechemtob/2024/07/08/forbes-daily-weak-jobs-report-stokes-stock-market-rally/,"This is a published version of the Forbes Daily newsletter, you can sign-up to get Forbes Daily in your inbox here. New York Times bestselling author and Forbes 50 Over 50 honoree Kristin Hannah has many fans, including Bill Gates.",www.forbes.com,0.024291,Neutral,BA,0.047892,-0.217073,Somewhat-Bearish
2024-07-08 13:48:49,French Luxury Stocks Fall As Tax Concerns Rise After Left-Wing Election Upset: 'A Left Government Might Pose Challenges For Billionaire Owners',https://markets.businessinsider.com/news/etf/french-luxury-stocks-fall-as-tax-concerns-rise-after-left-wing-election-upset-a-left-government-might-pose-challenges-for-billionaire-owners-1033535858,French Luxury Stocks Fall As Tax Concerns Rise After Left-Wing Election Upset: 'A Left Government Might Pose ... - Markets Insider ...,markets.businessinsider.com,0.105503,Neutral,BA,0.060541,-0.190079,Somewhat-Bearish
2024-07-08 14:30:40,"BRODSKY & SMITH SHAREHOLDER UPDATE: Notifying Investors of the Following Investigations: Spirit AeroSystems Holdings, Inc.  ( NYSE - SPR ) , Sharecare, Inc.  ( Nasdaq - SHCR ) , GRIID Infrastructure Inc.  ( Nasdaq - GRDI ) , Infinera Corporation  ( Nasdaq - INFN ) ",https://www.benzinga.com/pressreleases/24/07/g39668353/brodsky-smith-shareholder-update-notifying-investors-of-the-following-investigations-spirit-aerosy,"BALA CYNWYD, Pa., July 08, 2024 ( GLOBE NEWSWIRE ) -- Brodsky & Smith reminds investors of the following investigations. If you own shares and wish to discuss the investigation, contact Jason Brodsky ( jbrodsky@brodskysmith.com ) or Marc Ackerman ( mackerman@brodskysmith.com ) at 855-576-4847.",www.benzinga.com,0.234477,Somewhat-Bullish,BA,0.329551,0.399507,Bullish
2024-07-08 15:14:19,Analyst Ratings For Southwest Airlines,https://markets.businessinsider.com/news/stocks/analyst-ratings-for-southwest-airlines-1033536462,"During the last three months, 9 analysts shared their evaluations of Southwest Airlines ( NYSE:LUV ) , revealing diverse outlooks from bullish to bearish. The table below summarizes their recent ratings, showcasing the evolving sentiments within the past 30 days and comparing them to the ...",markets.businessinsider.com,0.280903,Somewhat-Bullish,BA,0.05387,0.048802,Neutral
2024-07-08 15:15:41,"SHAREHOLDER INVESTIGATION: Halper Sadeh LLC Investigates SPR, INFN, GRDI on Behalf of Shareholders - GRIID Infrastructure  ( NASDAQ:GRDI ) , Infinera  ( NASDAQ:INFN ) ",https://www.benzinga.com/pressreleases/24/07/g39669345/shareholder-investigation-halper-sadeh-llc-investigates-spr-infn-grdi-on-behalf-of-shareholders,"NEW YORK, July 08, 2024 ( GLOBE NEWSWIRE ) -- Halper Sadeh LLC, an investor rights law firm, is investigating the following companies for potential violations of the federal securities laws and/or breaches of fiduciary duties to shareholders relating to: Spirit AeroSystems Holdings, Inc.",www.benzinga.com,0.15946,Somewhat-Bullish,BA,0.116348,0.083735,Neutral
2024-07-08 17:07:00,Here's Why Investors Should Retain Air Lease  ( AL )  Stock Now,https://www.zacks.com/stock/news/2298042/heres-why-investors-should-retain-air-lease-al-stock-now,Growth in the company's fleet and increase in sales activity is driving Air Lease's (AL) top line. Rising operating expenses and a debt-laden balance sheet weigh on the company's bottom line.,www.zacks.com,0.174528,Somewhat-Bullish,BA,0.08687,0.15817,Somewhat-Bullish
2024-07-08 17:07:34,Legal Turbulence Shakes Boeing Stock: Is There More Altitude Ahead? - Boeing  ( NYSE:BA ) ,https://www.benzinga.com/trading-ideas/technicals/24/07/39671517/legal-turbulence-shakes-boeing-stock-is-there-more-altitude-ahead,"Boeing Co's BA stock might have more room to fly. What Happened: The Arlington County, Virginia-based aerospace company entered into a plea deal with the Department of Justice, avoiding a trial for conspiracy to defraud the U.S.",www.benzinga.com,0.273023,Somewhat-Bullish,BA,0.565345,0.058966,Neutral
2024-07-08 17:20:16,"FAA orders mandatory inspections for 2,600 Boeing 737 planes over oxygen mask safety concerns",https://www.financialexpress.com/business/airlines-aviation-faa-orders-mandatory-inspections-for-2600-boeing-737-planes-over-oxygen-mask-safety-concerns-3547782/,"The Federal Aviation Administration ( FAA ) announced on Monday mandatory inspections for 2,600 Boeing 737 airplanes due to concerns over potential failures of passenger oxygen masks in emergency situations.",www.financialexpress.com,-0.126633,Neutral,BA,0.595343,-0.42424,Bearish
2024-07-08 18:13:18,"FAA orders inspection of 2,600 Boeing 737s over oxygen mask issue",https://www.business-standard.com/amp/world-news/faa-orders-inspection-of-2-600-boeing-737s-over-oxygen-mask-issue-124070801294_1.html,"The Federal Aviation Administration said on Monday it is requiring inspections of 2,600 Boeing 737 airplanes because passenger oxygen masks could fail during an emergency.",www.business-standard.com,-0.166921,Somewhat-Bearish,BA,0.388879,-0.297189,Somewhat-Bearish
2024-07-08 20:06:01,"Boeing agrees to plead guilty over 737 MAX crashes, avoids trial",https://www.aljazeera.com/program/newsfeed/2024/7/8/boeing-agrees-to-plead-guilty-over-737-max-crashes-avoids-trial,"The US Justice Department says Boeing has agreed to plead guilty to a criminal fraud charge related to two fatal crashes of its 737 MAX jets in 2018 and 2019. The plea means Boeing will not face a criminal trial, a decision many families of victims say they oppose.",www.aljazeera.com,-0.508417,Bearish,BA,0.9545,-0.754289,Bearish
2024-07-08 20:27:04,Once high-flying Boeing is now a corporate criminal,https://www.economist.com/business/2024/07/08/once-high-flying-boeing-is-now-a-corporate-criminal,"A of the century Boeing launched an advertising blitz to showing what a marvel of American manufacturing it was. Called ""Forever New Frontiers"", it highlighted its pioneering work on some of the 20th century's biggest breakthroughs, from passenger and fighter jets to space rockets and satellites.",www.economist.com,0.303161,Somewhat-Bullish,BA,0.856646,0.495941,Bullish
2024-07-08 20:59:45,'Boeing Is Everything Wrong With American Capitalism': Ex-Labor Secretary Robert Reich Responds To Plea Deal - Boeing  ( NYSE:BA ) ,https://www.benzinga.com/government/24/07/39676564/boeing-is-everything-wrong-with-american-capitalism-ex-labor-secretary-robert-reich-responds-to-plea,"A Former Secretary of Labor chimed in on Boeing Co's BA emblematic market position following years of safety concerns and a plea deal with the United States Department of Justice on Monday. The Plea Deal: Boeing and the DOJ agreed to a preliminary plea deal, according to a court filing on Sunday ...",www.benzinga.com,0.017445,Neutral,BA,0.895837,-0.021588,Neutral
2024-07-08 22:45:00,Here's what to know about Boeing agreeing to plead guilty to fraud in 737 Max crashes,https://apnews.com/article/boeing-guilty-plea-fraud-justice-victims-fd309f4cc643637ebd9637fd5864dbb9,"Boeing will have a felony conviction if it follows through on an to plead guilty to fraud in connection with approval of its 737 Max before two of the planes crashed, killing 346 people off the coast and .",apnews.com,-0.059576,Neutral,BA,0.547373,0.066207,Neutral
2024-07-08 23:13:00,Victims families disappointed by plea deal given to Boeing,https://apnews.com/video/plane-crashes-fraud-accidents-legal-proceedings-crime-15de8f11779749c7b003c95e45923ff4,"Boeing is expected to plead guilty to fraud in connection with approval of its 737 Max before two of the planes crashed, killing 346 people. Victims of the plane crashes families are disappointed that Boeing will now have the option to accept a plea deal shielding the aerospace giant from ...",apnews.com,-0.607099,Bearish,BA,0.973732,-0.8476,Bearish
2024-07-09 00:34:00,United Airlines flight loses wheel after takeoff from Los Angeles and lands safely in Denver,https://apnews.com/article/united-airlines-jet-lost-wheel-777fc7ec8ad1953fe18023b1335b0e47,"LOS ANGELES ( AP ) - A United Airlines jet lost a main landing gear wheel Monday while taking off from Los Angeles and later landed safely in Denver, the airline said. There were no reported injuries on the ground or on board Flight 1001, United said in a statement.",apnews.com,-0.028886,Neutral,BA,0.666827,-0.239198,Somewhat-Bearish
2024-07-09 02:34:20,"United Airlines Boeing Jet Loses Wheel After Takeoff From Los Angeles, Lands Safely In Denver - United Airlines Holdings  ( NASDAQ:UAL ) , Boeing  ( NYSE:BA ) ",https://www.benzinga.com/markets/equities/24/07/39678986/united-airlines-boeing-jet-loses-wheel-after-takeoff-from-los-angeles-lands-safely-in-denver,A United Airlines Holdings Inc's UAL Boeing Co BA jet lost a main landing gear wheel while departing from Los Angeles but managed to land safely in Denver. What Happened: The incident occurred on Monday.,www.benzinga.com,0.064551,Neutral,BA,0.614086,0.122451,Neutral
2024-07-09 06:01:34,US flight loses landing gear wheel after takeoff from Los Angeles - Here's what happened next,https://www.financialexpress.com/business/airlines-aviation-us-flight-loses-landing-gear-wheel-after-takeoff-from-los-angeles-heres-what-happened-next-3547997/,"A United Airlines Boeing jet experienced the loss of a main landing gear wheel during takeoff from Los Angeles on Monday ( July 8 ) . Despite this incident, Flight 1001 safely landed in Denver, as confirmed by the airline.",www.financialexpress.com,-0.014218,Neutral,BA,0.601928,0.063825,Neutral
2024-07-09 09:50:46,Uganda Airlines secures London Gatwick slots after missing Heathrow,https://africa.businessinsider.com/local/markets/uganda-airlines-london-gatwick-flights-to-commence-in-2024/7y3bsmb,Uganda Airlines London Gatwick flights to commence in 2024 - Business Insider Africa ...,africa.businessinsider.com,0.286053,Somewhat-Bullish,BA,0.199859,0.323037,Somewhat-Bullish
2024-07-09 10:05:00,Why Boeing's Guilty Plea Won't Fix 737 MAX Crisis Of Trust,https://www.forbes.com/sites/marisagarcia/2024/07/09/why-boeings-guilty-plea-wont-fix-737-max-crisis-of-trust/,"Just in time for the deadline imposed by the Department of Justice, Boeing agreed to plead guilty to ""conspiracy to defraud the United States, specifically, the lawful function of the Federal Aviation Administration Aircraft Evaluation Group"" during the original certification of the 737 MAX. ...",www.forbes.com,0.041957,Neutral,BA,0.729826,0.039817,Neutral
2024-07-09 10:30:00,"Tire falls off United Airlines plane during takeoff at LAX, 2nd time in months",https://www.foxbusiness.com/fox-news-travel/tire-falls-off-united-airlines-plane-during-takeoff-lax-2nd-time-months,"For the second time in less than three months, a United Airlines flight has lost a part during takeoff from a California-based airport. Around 7 a.m. on Monday, United Airlines flight 1001 was flying from Los Angeles International Airport ( LAX ) to Denver when a wheel fell off during takeoff.",www.foxbusiness.com,-0.213897,Somewhat-Bearish,BA,0.131643,0.0,Neutral
2024-07-09 10:56:00,What a Trump presidency could mean for the dollar and the stock market | Business,https://www.cnn.com/2024/07/09/investing/premarket-stocks-trading/index.html,What a Trump presidency could mean for the dollar and the stock market ...,www.cnn.com,-0.054605,Neutral,BA,0.124378,-0.115207,Neutral
2024-07-09 11:00:00,Nolinor revolutionizes its pilot training with virtual reality - Canada NewsWire,https://www.newswire.ca/news-releases/nolinor-revolutionizes-its-pilot-training-with-virtual-reality-841901681.html,Nolinor revolutionizes its pilot training with virtual reality Canada ...,www.newswire.ca,0.366106,Bullish,BA,0.087824,0.160271,Somewhat-Bullish
2024-07-09 11:00:21,"Asia Markets Rise, Europe Dips While Dollar Advances - Global Markets Today While US Slept - SmartETFs Asia Pacific Dividend Builder ETF  ( ARCA:ADIV ) ",https://www.benzinga.com/markets/asia/24/07/39683399/asia-markets-rise-europe-dips-while-dollar-advances-global-markets-today-while-us-slept,"On Monday, July 8th, U.S. stock markets closed mixed, with the S&P 500 and Nasdaq reaching record highs as investors anticipated upcoming inflation data, Federal Reserve Chair Jerome Powell's comments, and the start of the earnings season.",www.benzinga.com,0.017252,Neutral,BA,0.096283,-0.161928,Somewhat-Bearish
2024-07-09 11:07:16,"Boeing To Have Minimal Impact Of Guilty Plea Over Safety Failures, Say Experts: 'Settlement Gives You The Idea That Justice Can Be Bought...Very Cheaply' - Boeing  ( NYSE:BA ) ",https://www.benzinga.com/news/24/07/39683568/boeing-to-have-minimal-impact-of-guilty-plea-over-safety-failures-say-experts-settlement-gives-you-t,"In a recent development, Boeing BA has agreed to plead guilty to defrauding the U.S. government over safety failures. However, experts predict that the impact on the company will be minimal.",www.benzinga.com,0.009857,Neutral,BA,0.713572,-0.09812,Neutral
2024-07-09 12:05:21,"US Regulator Orders Inspection Of 2,600 Boeing 737s Over Oxygen Mask Concerns Amid Legal Woes - Boeing  ( NYSE:BA ) ",https://www.benzinga.com/news/24/07/39685172/us-regulator-orders-inspection-of-2-600-boeing-737s-over-oxygen-mask-concerns-amid-legal-woes,"The Federal Aviation Administration ( FAA ) has mandated inspections of 2,600 Boeing Co. BA 737 airplanes due to potential issues with passenger oxygen masks. What Happened: The FAA has ordered inspections of 737 airplanes, including the MAX and Next Generation models, Reuters reported on ...",www.benzinga.com,0.107453,Neutral,BA,0.396574,0.073092,Neutral
2024-07-09 13:49:54,"""Dogecoin Killer"" Shiba Inu Experiences A 440% Surge In Burn Rate; Biden's Campaign Fundraising Declines Following Poor Debate Performance - Top Headlines Today While US Slept",https://www.benzinga.com/news/24/07/39689670/dogecoin-killer-shiba-inu-experiences-a-440-surge-in-burn-rate-bidens-campaign-fundraising-declines,"'Dogecoin Killer' Shiba Inu Sees Burn Rate Explode 440%: Here's How It Impacts Technical Analysis Bitcoin Analyst Raises Doubts About Practicality Of S2F And Power Law Models: 'They Both Will Break' Bitcoin, Ethereum And Other Crypto-related Thefts Soar To $1.38B In First Half Of 2024, Almost ...",www.benzinga.com,-0.009849,Neutral,BA,0.140621,-0.117728,Neutral
2024-07-09 14:02:00,United Airlines  ( UAL )  Files for New Routes From Washington,https://www.zacks.com/stock/news/2298475/united-airlines-ual-files-for-new-routes-from-washington,United Airlines (UAL) aims to widen its presence with the newly proposed routes between Washington National-San Francisco and Washington National-Los Angeles.,www.zacks.com,0.159326,Somewhat-Bullish,BA,0.150592,-0.071039,Neutral
2024-07-09 14:29:42,How Boeing's Guilty Plea Could Impact US Defense Contracts - Boeing  ( NYSE:BA ) ,https://www.benzinga.com/government/24/07/39690807/how-boeings-guilty-plea-could-impact-us-defense-contracts,"Boeing Co BA is negotiating with the U.S. Defense Department to understand how its planned guilty plea could impact its substantial government contracts. This follows the company's agreement to plead guilty to a criminal fraud conspiracy charge related to the two 737 MAX crashes in 2018 and 2019, ...",www.benzinga.com,0.044342,Neutral,BA,0.597213,0.200396,Somewhat-Bullish
2024-07-09 14:46:00,"United Airlines plane loses wheel on takeoff in Los Angeles, marking latest incident for the airline",https://www.cnn.com/2024/07/09/us/united-plane-loses-wheel-takeoff/index.html,"A United Airlines plane lost a wheel while taking off Monday from Los Angeles International Airport, officials said, marking the latest issue this year for the airline, which was already the focus of a safety review by federal aviation officials.",www.cnn.com,0.111582,Neutral,BA,0.07887,0.049575,Neutral
2024-07-09 16:28:00,Boeing sold just three passenger jets in the past month | Business,https://www.cnn.com/2024/07/09/business/boeing-sales/index.html,Boeing sold just three passenger jets in the past month ...,www.cnn.com,-0.104667,Neutral,BA,0.436009,-0.041434,Neutral
2024-07-09 16:54:04,Why The CFO's Role And Ambitions Are Getting Broader,https://www.forbes.com/sites/cfo/2024/07/09/why-the-cfos-role-and-ambitions-are-getting-broader/,"This is the published version of Forbes' CFO newsletter, which offers the latest news for chief finance officers and other leaders focused on the budget. Sign up here to get it delivered to your inbox every Tuesday. Last week was another example of today's economic contradictions.",www.forbes.com,0.09394,Neutral,BA,0.077156,-0.051463,Neutral
2024-07-09 17:00:35,Why Boeing's Shares Are Flying Lower On Tuesday - Boeing  ( NYSE:BA ) ,https://www.benzinga.com/markets/equities/24/07/39694403/why-boeings-shares-are-flying-lower-on-tuesday,"Boeing Co BA shares are trading lower after the company announced its June FY24 deliveries across its commercial and defense operations. The aircraft manufacturer announced on Tuesday that it delivered 44 commercial jets in June, the highest monthly total this year, though this represents a 27% ...",www.benzinga.com,-0.041419,Neutral,BA,0.766141,-0.236509,Somewhat-Bearish
2024-07-09 17:17:39,Boeing Delivers Most Planes Since Alaska Airlines Blowout-But Still Trails Competitor Airbus,https://www.forbes.com/sites/tylerroush/2024/07/09/boeing-delivers-most-planes-since-alaska-airlines-blowout-but-still-trails-competitor-airbus/,Boeing's Monthly Aircraft Deliveries Peaked Last Month-Most Since Alaska Airlines Incident Forbes ...,www.forbes.com,-0.115257,Neutral,BA,0.85246,-0.193357,Somewhat-Bearish
2024-07-09 20:16:00,"STOCKHOLDER ALERT: The M&A Class Action Firm Investigates Merger of Spirit AeroSystems Holdings, Inc. - SPR",https://www.prnewswire.com/news-releases/stockholder-alert-the-ma-class-action-firm-investigates-merger-of-spirit-aerosystems-holdings-inc--spr-302192357.html,"( the ""M&A Class Action Firm"" ) , has recovered money for shareholders and is recognized as a Top 50 Firm in the 2018-2022 ISS Securities Class Action Services Report.",www.prnewswire.com,0.270128,Somewhat-Bullish,BA,0.156461,0.20344,Somewhat-Bullish
2024-07-10 07:00:00,FTAI Aviation Stock Is Falling Fast. What It Means for Small Caps Funds.,https://www.barrons.com/amp/articles/ftai-aviation-stock-price-small-cap-funds-8e93ef21,FTAI Avaiation Stock Is a Sleeper Hit Among Winning Small-Cap Funds ...,www.barrons.com,0.123025,Neutral,BA,0.060388,0.048225,Neutral
2024-07-10 10:58:00,Why the Fed is stressed about presidential elections | Business,https://www.cnn.com/2024/07/10/investing/premarket-stocks-trading/index.html,The Fed is stressed out about the presidential election ...,www.cnn.com,-0.024162,Neutral,BA,0.058472,-0.028066,Neutral
2024-07-10 11:30:00,"DeFi Technologies Provides Monthly Corporate Update: Subsidiary Valour Reports Assets Under Management at C$698 Million  ( US$512 Million ) , Up 37% This Fiscal Year, Bolstered by Continued Month Over Month Net Inflows of C$6.5 Million  ( US$4.8 Million ) , Among Other Key Developments",https://www.newswire.ca/news-releases/defi-technologies-provides-monthly-corporate-update-subsidiary-valour-reports-assets-under-management-at-c-698-million-us-512-million-up-37-this-fiscal-year-bolstered-by-continued-month-over-month-net-inflows-of-c-6-5-million-us-4-8-million-802410793.html,"DeFi Technologies Provides Monthly Corporate Update: Subsidiary Valour Reports Assets Under Management at C$698 Million ( US$512 Million ) , Up 37% This Fiscal Year, Bolstered by Continued Month Over Month Net Inflows of C$6.5 Million ( US$4.8 Millio Canada ...",www.newswire.ca,0.265088,Somewhat-Bullish,BA,0.019178,0.105784,Neutral
2024-07-10 11:52:00,Lockheed  ( LMT )  Wins $520M Deal to Aid F-16 Block 70/72 Jet,https://www.zacks.com/stock/news/2299078/lockheed-lmt-wins-520m-deal-to-aid-f-16-block-7072-jet,Lockheed's (LMT) F-16 Block 70/72 comes with next-generation capabilities like high-resolution Center Pedestal Display and Northrop's 5th generation APG-83 AESA radar.,www.zacks.com,0.316502,Somewhat-Bullish,BA,0.186378,0.224199,Somewhat-Bullish
2024-07-10 12:14:46,"Daily: Tesla Stock Keeps Rallying, Reversing Earlier Declines",https://www.forbes.com/sites/daniellechemtob/2024/07/10/forbes-daily-tesla-stock-keeps-rallying-reversing-earlier-declines/,"This is a published version of the Forbes Daily newsletter, you can sign-up to get Forbes Daily in your inbox here. Robots may not be human, but they still need brains, and one startup is taking a novel approach to building them.",www.forbes.com,0.081182,Neutral,BA,0.027319,0.013859,Neutral
2024-07-10 12:42:00,A Ukrainian minister says she's frustrated by the West's inability to adapt its weapons to Russian tactics: report,https://www.businessinsider.com/western-manufacturers-too-slow-to-adapt-weapons-for-ukraine-wsj-2024-7,Western manufacturers too slow to adapt weapons for Ukraine: WSJ - Business Insider ...,www.businessinsider.com,-0.031564,Neutral,BA,0.075397,0.028702,Neutral
2024-07-10 12:57:00,Boeing criminal fraud case: Why has aerospace group made a plea deal?,https://www.aljazeera.com/news/2024/7/10/boeing-criminal-fraud-case-why-has-aerospace-group-made-a-plea-deal,"Under the plea deal, Boeing will pay a $240m fine for failing to comply with a prior agreement relating to two passenger jet crashes which killed 346 people in 2018 and 2019.",www.aljazeera.com,-0.20653,Somewhat-Bearish,BA,0.878329,-0.335906,Somewhat-Bearish
2024-07-10 12:58:00,A new US-Swedish bomb may have already been pulled from Ukraine because it's useless against Russian jamming,https://www.businessinsider.com/new-us-bomb-may-have-been-pulled-from-ukraine-vulnerable-to-jamming-2024-7,"New US bomb may have been pulled from Ukraine, vulnerable to jamming - Business Insider ...",www.businessinsider.com,-0.149532,Neutral,BA,0.144708,-0.209279,Somewhat-Bearish
2024-07-10 13:35:04,Iranian Mechanic Dies After Being Sucked Into Boeing Engine During Maintenance Work: Report - Boeing  ( NYSE:BA ) ,https://www.benzinga.com/news/24/07/39709766/iranian-mechanic-dies-after-being-sucked-into-boeing-engine-during-maintenance-work-report,A mechanic reportedly lost his life after being sucked into a running engine during routine maintenance work on a Boeing Co BA 737-500 at Iran's Char Bahar international airport.,www.benzinga.com,-0.029594,Neutral,BA,0.649352,-0.161183,Somewhat-Bearish
2024-07-10 15:10:30,NATO pushes members to raise defence spending to 2% of GDP,https://www.aljazeera.com/program/counting-the-cost/2024/7/10/nato-pushes-members-to-raise-defence-spending-to-2-of-gdp,"Military alliance scrambles to deter Russia and prepare for a potential Donald Trump presidency as it marks 75 years. NATO is holding a summit in Washington, DC, to mark its 75th anniversary. The celebrations come at a time of uncertainty over the United States presidential election in November ...",www.aljazeera.com,-0.17929,Somewhat-Bearish,BA,0.306963,-0.254346,Somewhat-Bearish
2024-07-10 15:43:00,"Astronauts confident Boeing space capsule can safely return them to Earth, despite failures",https://apnews.com/article/boeing-space-astronauts-starliner-nasa-df30b94b0463a20eec72ce494d9bccc4,"CAPE CANAVERAL, Fla. ( AP ) - Two astronauts who should have been back on Earth weeks ago said Wednesday that they're confident that Boeing's space capsule can return them safely, despite breakdowns.",apnews.com,0.038539,Neutral,BA,0.188928,-0.213156,Somewhat-Bearish
2024-07-10 16:49:00,Boeing Starliner astronaut says the spacecraft is 'truly amazing' despite malfunctions and delays,https://www.cnn.com/2024/07/10/science/nasa-boeing-starliner-astronauts-update/index.html,"Sign up for CNN's Wonder Theory science newsletter. Explore the universe with news on fascinating discoveries, scientific advancements and more. Boeing's Starliner spacecraft and its crew have been in space for more than a month - much longer than the weeklong stay initially expected.",www.cnn.com,0.0,Neutral,BA,0.155702,-0.02963,Neutral
2024-07-10 17:25:26,Confident despite setbacks: Astronauts believe Boeing's Starliner capsule will safely return them home,https://www.financialexpress.com/life/science-confident-despite-setbacks-astronauts-believe-boeings-starliner-capsule-will-safely-return-them-home-3550010/,"Two NASA astronauts, who were scheduled to return to Earth weeks ago, expressed confidence on Wednesday in Boeing's Starliner space capsule's ability to safely bring them back despite technical challenges encountered during their mission.",www.financialexpress.com,0.217071,Somewhat-Bullish,BA,0.130926,0.024402,Neutral
2024-07-10 18:33:01,NASA Astronauts 'Confident' Boeing's Starliner Will Return Them Home After Weeks Of Delays,https://www.forbes.com/sites/tylerroush/2024/07/10/nasa-astronauts-confident-boeings-starliner-will-return-them-home-after-weeks-of-delays/,"Two NASA astronauts aboard the International Space Station, who were scheduled to return to Earth weeks ago, said Wednesday they were confident Boeing's Starliner capsule can bring them home, after a series of technical issues caused their return from the International Space Station to be ...",www.forbes.com,0.002401,Neutral,BA,0.294977,-0.065628,Neutral
2024-07-10 18:43:00,"US-made munitions used in deadly Israeli strike on school complex near Khan Younis, analysis finds",https://www.cnn.com/2024/07/10/middleeast/israel-us-munitions-school-strike-khan-younis-intl-latam/index.html,"US-made munitions used in deadly Israeli strike on school complex near Khan Younis, CNN analysis finds ...",www.cnn.com,-0.352928,Bearish,BA,0.096671,-0.270574,Somewhat-Bearish
2024-07-10 19:34:10,How Return To Office Policies Are Affecting Employees In 2024,https://www.forbes.com/sites/karadennison/2024/07/10/how-return-to-office-policies-are-affecting-employees-in-2024/,"A recent survey from ResumeBuilder found that 8 in 10 employers lost talent to return-to-office mandates. This has been a hugely debated topic in the business world post-COVID, as companies and their workers strive to find common ground with a preferred working arrangement.",www.forbes.com,0.303225,Somewhat-Bullish,BA,0.021106,0.049063,Neutral
2024-07-10 19:41:00,"NASA astronauts describe flight aboard Boeing's glitching, leaking Starliner spaceship",https://www.businessinsider.com/nasa-astronauts-speak-out-boeing-starliner-spaceship-issues-space-station-2024-7,NASA astronauts speak out about the leaking Boeing Starliner spaceship - Business Insider ...,www.businessinsider.com,0.095581,Neutral,BA,0.193465,-0.109486,Neutral
2024-07-10 19:56:00,SunExpress Further Reduces its Carbon Footprint as VCT's European Launch Customer of Finlets for its 737-800 Aircraft,https://www.benzinga.com/pressreleases/24/07/n39717605/sunexpress-further-reduces-its-carbon-footprint-as-vcts-european-launch-customer-of-finlets-for-it,SunExpress will decrease its carbon footprint by 6 million kilograms of CO2 annually,www.benzinga.com,0.268329,Somewhat-Bullish,BA,0.069495,0.044233,Neutral
2024-07-10 21:45:21,Boeing  ( BA )  Gains But Lags Market: What You Should Know,https://www.zacks.com/stock/news/2299545/boeing-ba-gains-but-lags-market-what-you-should-know,"Boeing (BA) closed the most recent trading day at $183.73, moving +0.27% from the previous trading session.",www.zacks.com,0.160948,Somewhat-Bullish,BA,0.464633,0.205275,Somewhat-Bullish
2024-07-11 10:14:00,"A first-time flyer in China opened an emergency exit after mistaking it for the bathroom door, local media reported",https://www.businessinsider.com/first-time-flier-opens-exit-mistook-for-bathroom-local-media-2024-7,First-time flyer opens exit after mistaking it for bathroom: local media - Business Insider ...,www.businessinsider.com,-0.207358,Somewhat-Bearish,BA,0.103331,-0.081434,Neutral
2024-07-11 10:25:00,NASA says it has no plans to use SpaceX to rescue two stranded astronauts,https://www.businessinsider.com/nasa-no-plans-to-use-spacex-dragon-rescue-stranded-astronauts-2024-7,NASA says no plans to use SpaceX to rescue stranded astronauts - Business Insider ...,www.businessinsider.com,-0.045975,Neutral,BA,0.508345,-0.22449,Somewhat-Bearish
2024-07-11 10:28:00,"A NASA astronaut stuck indefinitely in space due to Boeing's Starliner delays has a 'good feeling' she'll get home safe, but for now she's just floating around",https://www.businessinsider.com/nasa-astronaut-boeing-starliner-good-feeling-be-back-safe-2024-7,NASA Astronaut Stuck in Space Has a Good Feeling She'll Be Back Safe - Business Insider ...,www.businessinsider.com,0.112084,Neutral,BA,0.249531,0.074336,Neutral
2024-07-11 10:44:07,When will Sunita Williams and Butch Wilmore finally return to Earth?,https://www.business-standard.com/world-news/when-will-sunita-williams-and-butch-wilmore-finally-return-to-earth-124071100672_1.html,The much-anticipated return of National Aeronautics and Space Administration ( Nasa ) astronauts Sunita Williams and Butch Wilmore has been the subject of widespread curiosity.,www.business-standard.com,0.033589,Neutral,BA,0.439786,-0.193616,Somewhat-Bearish
2024-07-11 10:59:00,"5 things to know for July 11: Biden's health, Power outages, Gaza, 'Rust' movie shooting, NASA",https://www.cnn.com/2024/07/11/us/5-things-to-know-for-july-11-bidens-health-power-outages-gaza-rust-movie-shooting-nasa/index.html,"Costco is raising membership fees for the first time since 2017. The hikes, which go into effect on September 1, are part of a larger effort to crack down on membership moochers and boost revenue for the warehouse chain. Here's what else you need to know to Get Up to Speed and On with Your Day.",www.cnn.com,0.014534,Neutral,BA,0.036983,0.022439,Neutral
2024-07-11 13:02:13,"Boeing's Turbulence Sends Kaiser Aluminum's Short Interest Soaring To 12-Month High - Kaiser Aluminum  ( NASDAQ:KALU ) , Boeing  ( NYSE:BA ) ",https://www.benzinga.com/analyst-ratings/analyst-color/24/07/39729101/boeings-turbulence-sends-kaiser-aluminums-short-interest-soaring-to-12-month-high,"In the world of aerospace, when a giant like Boeing Co BA hits turbulence - the shockwaves are felt far and wide. One such ripple effect has landed squarely on Kaiser Aluminum Corp KALU. Kaiser has a long-term contract with Boeing.",www.benzinga.com,0.002454,Neutral,BA,0.612521,-0.26524,Somewhat-Bearish
2024-07-11 13:57:14,Business | Jul 13th 2024 Edition,https://www.economist.com/the-world-this-week/2024/07/11/business,Business The Economist ...,www.economist.com,-0.225023,Somewhat-Bearish,BA,0.774534,-0.497306,Bearish
2024-07-11 15:03:15,Mammoth Freighters Receives its First 777-200LRMF Cargo Loading System from Collins Aerospace,https://www.benzinga.com/pressreleases/24/07/g39732433/mammoth-freighters-receives-its-first-777-200lrmf-cargo-loading-system-from-collins-aerospace,"FORT WORTH, Texas, July 11, 2024 ( GLOBE NEWSWIRE ) -- Mammoth Freighters LLC ( ""Mammoth"" ) , is pleased to announce it has received the first complete shipset of the Collins Aerospace ( ""Collins"" ) cargo loading system for the Mammoth 777-200LRMF passenger-to-freighter conversion.",www.benzinga.com,0.246522,Somewhat-Bullish,BA,0.264897,0.157918,Somewhat-Bullish
2024-07-11 15:05:21,NATO pushes members to raise defence spending to 2% of GDP,https://www.aljazeera.com/program/counting-the-cost/2024/7/11/nato-pushes-members-to-raise-defence-spending-to-2-of-gdp,"Military alliance scrambles to deter Russia and prepare for a potential Donald Trump presidency as it marks 75 years. NATO is holding a summit in Washington, DC, to mark its 75th anniversary. The celebrations come at a time of uncertainty over the United States presidential election in November ...",www.aljazeera.com,-0.17929,Somewhat-Bearish,BA,0.306963,-0.254346,Somewhat-Bearish
2024-07-11 15:06:14,NATO pushes members to raise defence spending to 2% of GDP,https://www.aljazeera.com/amp/program/counting-the-cost/2024/7/11/nato-pushes-members-to-raise-defence-spending-to-2-of-gdp,"Military alliance scrambles to deter Russia and prepare for a potential Donald Trump presidency as it marks 75 years. NATO is holding a summit in Washington, DC, to mark its 75th anniversary. The celebrations come at a time of uncertainty over the United States presidential election in November ...",www.aljazeera.com,-0.17929,Somewhat-Bearish,BA,0.306963,-0.254346,Somewhat-Bearish
2024-07-11 16:00:00,The Japanese Air Force Is Arming Its F-15 Fighters With Cruise Missiles-Turning Them Into Fighter-Bombers,https://www.forbes.com/sites/davidaxe/2024/07/11/the-japanese-air-force-is-transforming-its-f-15-fighters-into-deep-striking-fighter-bombers/,"The Japanese air force is transforming up to half of its 201 Boeing F-15J air-superiority fighters into deep-striking fighter-bombers. For the defensively-oriented Japan Air Self-Defense Force, the F-15 upgrade represents another step toward a true offensive capability-one squarely aimed at an ...",www.forbes.com,0.007233,Neutral,BA,0.083833,-0.063368,Neutral
2024-07-11 16:22:25,"NASA, astronauts shrug off Starliner return trip delay",https://theweek.com/science/nasa-boeing-astronauts-starliner-ISS-delay,"Astronauts Suni Williams and Barry ""Butch"" Wilmore said Wednesday they are enjoying their extended stay aboard the International Space Station after their return to Earth was indefinitely postponed due to thruster glitches and helium leaks on Boeing's Starliner spacecraft.",theweek.com,0.163302,Somewhat-Bullish,BA,0.067919,0.232915,Somewhat-Bullish
2024-07-11 18:09:44,"Home Depot, Boeing Among Big-Name Corporates Feeding Global M&A Activity As $1 Billion-Plus Deals Return - BlackRock  ( NYSE:BLK ) , Boeing  ( NYSE:BA ) ",https://www.benzinga.com/m-a/24/07/39736690/home-depot-boeing-among-big-name-corporates-feeding-global-m-a-activity-as-1-billion-plus-deals-retu,"Global mergers and acquisitions ( M&A ) activity has kept pace in the second quarter, with positive momentum set in the first three months of the year, according to a quarterly report from Willows Towers Watson WTW.",www.benzinga.com,0.0968,Neutral,BA,0.127456,0.11867,Neutral
2024-07-11 20:15:15,Delta Air Lines  ( DAL )  Q2 2024 Earnings Call Transcript,https://www.fool.com/earnings/call-transcripts/2024/07/11/delta-air-lines-dal-q2-2024-earnings-call-transcri/,"DAL earnings call for the period ending June 30, 2024.",www.fool.com,0.306598,Somewhat-Bullish,BA,0.028501,0.11625,Neutral
2024-07-11 20:51:58,"SHAREHOLDER INVESTIGATION: Halper Sadeh LLC Investigates SPR, MORF on Behalf of Shareholders - Morphic Holding  ( NASDAQ:MORF ) , Spirit AeroSystems Hldgs  ( NYSE:SPR ) ",https://www.benzinga.com/pressreleases/24/07/g39739920/shareholder-investigation-halper-sadeh-llc-investigates-spr-morf-on-behalf-of-shareholders,"NEW YORK, July 11, 2024 ( GLOBE NEWSWIRE ) -- Halper Sadeh LLC, an investor rights law firm, is investigating the following companies for potential violations of the federal securities laws and/or breaches of fiduciary duties to shareholders relating to: Spirit AeroSystems Holdings, Inc.",www.benzinga.com,0.139132,Neutral,BA,0.13459,0.089473,Neutral
2024-07-11 21:13:30,Boeing Astronauts Stuck In Space Speak Out: 'Absolutely Confident' Will Return Home - Boeing  ( NYSE:BA ) ,https://www.benzinga.com/news/24/07/39740315/boeing-astronauts-stuck-in-space-speak-out-absolutely-confident-will-return-home,Astronauts Butch Wilmore and Suni Williams were the first crewed flight for the Boeing Co BA Starliner that took off on June 5. The astronauts remain stuck aboard the International Space Station as Boeing has had setbacks bringing them home. The astronauts spoke publicly for the first time this ...,www.benzinga.com,-0.016945,Neutral,BA,0.595343,-0.577948,Bearish
2024-07-11 21:39:06,"How to combat body-shaming, a slippery scam, this year's 'Barbenheimer': Catch up on the day's stories",https://www.cnn.com/2024/07/11/us/5-things-pm-july-11-trnd/index.html,"👋 Welcome to 5 Things PM! Adult cancer deaths in the US could be prevented if people made lifestyle changes, according to a new study. Smoking posed the biggest risk by far, of course. Other important factors include excess body weight, lack of exercise and alcohol consumption.",www.cnn.com,-0.131324,Neutral,BA,0.062434,0.0,Neutral
2024-07-12 02:19:35,"Nato summit showcases significant defence deals for RTX, Boeing, and others",https://www.business-standard.com/world-news/nato-summit-showcases-significant-defence-deals-for-rtx-boeing-and-others-124071200078_1.html,"Nato summit in Washington showcased a series of significant deals for top US defense companies and others. ( Photo: PTI ) The Nato summit in Washington showcased a series of significant deals for top US defense companies and others, including RTX, Lockheed Martin, Boeing, Norway's Kongsberg ...",www.business-standard.com,0.20914,Somewhat-Bullish,BA,0.173958,0.224117,Somewhat-Bullish
2024-07-12 10:45:00,"Boeing just scored a big win for the 737 Max, but its order delay problem seems to be getting worse",https://www.businessinsider.com/boeing-secures-737-max-order-but-delays-getting-worse-2024-7,Boeing secures 737 Max order but delays seem to be getting worse - Business Insider ...,www.businessinsider.com,-0.166811,Somewhat-Bearish,BA,0.753259,-0.278046,Somewhat-Bearish
2024-07-12 12:28:00,SpaceX rocket fails during routine mission,https://www.cnn.com/2024/07/12/science/spacex-falcon-9-failure-starlink/index.html,"SpaceX's stalwart Falcon 9 rocket, which powers satellite launches as well as trips to orbit for NASA astronauts, experienced a rare failure Thursday night at it attempted to haul a batch of internet satellites to orbit.",www.cnn.com,-0.059424,Neutral,BA,0.041538,0.079753,Neutral
2024-07-12 13:00:00,Phoenix Aviation Capital and AIP Capital Announce Agreement to Acquire Ten CFM LEAP-1B Engines - Canada NewsWire,https://www.newswire.ca/news-releases/phoenix-aviation-capital-and-aip-capital-announce-agreement-to-acquire-ten-cfm-leap-1b-engines-845054811.html,Phoenix Aviation Capital and AIP Capital Announce Agreement to Acquire Ten CFM LEAP-1B Engines Canada ...,www.newswire.ca,0.386735,Bullish,BA,0.086245,0.129706,Neutral
2024-07-12 13:15:00,Air Lease  ( AL )  Reports Rosy Second-Quarter Activity Update,https://www.zacks.com/stock/news/2300682/air-lease-al-reports-rosy-second-quarter-activity-update,"Air Lease (AL) rides on its robust fleet size, contributing to an encouraging activity update for the second quarter of 2024.",www.zacks.com,0.202506,Somewhat-Bullish,BA,0.443626,0.051668,Neutral
2024-07-12 13:17:51,Airways major Lufthansa slashes 2024 profit target for a second time,https://www.business-standard.com/companies/news/germany-s-lufthansa-slashes-profit-target-for-a-second-time-in-2024-124071200933_1.html,"Equity analysts said Lufthansa's decision was not surprising, given its cost challenges linked to strikes earlier this year and delivery delays from plane manufacturers ...",www.business-standard.com,-0.315402,Somewhat-Bearish,BA,0.099066,-0.143265,Neutral
2024-07-12 13:56:00,"American Airlines Awaits Contract Talks With 35,000 Fleet Workers And Mechanics",https://www.forbes.com/sites/tedreed/2024/07/12/american-airlines-awaits-contract-talks-with-35000-fleet-workers-and-mechanics/,"Even as contract talks between American Airlines and its flight attendants appear to be moving towards a conclusion, another round of important talks is looming. ""The Association"" is a group of 35,000 workers jointly represented by the Transport Workers Union and the International Association of ...",www.forbes.com,0.072653,Neutral,BA,0.0699,-0.139661,Neutral
2024-07-12 14:10:00,SpaceX rocket fails during routine mission,https://edition.cnn.com/2024/07/12/science/spacex-falcon-9-failure-starlink/index.html,"SpaceX's stalwart Falcon 9 rocket, which powers satellite launches as well as trips to orbit for NASA astronauts, experienced a rare failure Thursday night at it attempted to haul a batch of internet satellites to orbit.",edition.cnn.com,-0.059424,Neutral,BA,0.041538,0.079753,Neutral
2024-07-12 14:16:00,"Boeing  ( BA )  Q2 Commercial Deliveries Plunge 32% Y/Y, Lag Airbus",https://www.zacks.com/stock/news/2300873/boeing-ba-q2-commercial-deliveries-plunge-32-yy-lag-airbus,Boeing's (BA) second-quarter total deliveries total 120 units compared with 174 in the year-ago period. Airbus delivers 181 commercial aircraft in the second quarter.,www.zacks.com,0.018937,Neutral,BA,0.409503,0.01394,Neutral
2024-07-12 15:17:09,Boeing Options Trading: A Deep Dive into Market Sentiment - Boeing  ( NYSE:BA ) ,https://www.benzinga.com/insights/options/24/07/39751843/boeing-options-trading-a-deep-dive-into-market-sentiment,"Investors with a lot of money to spend have taken a bearish stance on Boeing BA. We noticed this today when the trades showed up on publicly available options history that we track here at Benzinga. Whether these are institutions or just wealthy individuals, we don't know.",www.benzinga.com,0.174417,Somewhat-Bullish,BA,0.687553,0.2304,Somewhat-Bullish
2024-07-12 15:40:00,Lockheed Martin  ( LMT )  Wins $252M Deal for UH-60M Helicopter,https://www.zacks.com/stock/news/2300994/lockheed-martin-lmt-wins-252m-deal-for-uh-60m-helicopter,"Lockheed's (LMT) UH-60M Black Hawk helicopters are used for multiple purposes, ranging from delivering and extracting troops, saving lives to performing as an aerial firefighter ...",www.zacks.com,0.294979,Somewhat-Bullish,BA,0.114137,0.25407,Somewhat-Bullish
2024-07-12 16:42:15,Senate Commerce Chair Cantwell Calls Boeing CEO Calhoun To Testify Amid Regulatory Oversight Concerns: 'Why Did The FAA Drop The Ball?' - Boeing  ( NYSE:BA ) ,https://www.benzinga.com/markets/equities/24/07/39753512/senate-commerce-chair-cantwell-calls-boeing-ceo-calhoun-to-testify-amid-regulatory-oversight-con,"Maria Cantwell, chair of the U.S. Senate Commerce Committee, announced that she has invited Boeing Company BA CEO Dave Calhoun to testify before her committee. This invitation comes as Cantwell prepares legislation aimed at increasing Federal Aviation Administration oversight of the aircraft ...",www.benzinga.com,0.083564,Neutral,BA,0.593175,0.091746,Neutral
2024-07-12 17:23:28,Airbus launches cost cutting measures to 'save 2024' after output troubles,https://www.business-standard.com/world-news/airbus-launches-cost-cutting-measures-to-save-2024-after-output-troubles-124071201259_1.html,"In the memo, Scherer predicted that Boeing's ongoing corporate and industrial crisis would force Airbus' main rival to ""radically change for the better,"" the sources said. ( Photo: Reuters )",www.business-standard.com,-0.113647,Neutral,BA,0.086556,0.01414,Neutral
2024-07-12 18:19:31,"Airbus Launches 'LEAD!' Initiative, Reportedly Aims To Strengthen Aircraft Manufacturing Ahead Of Boeing's Recovery - Airbus  ( OTC:EADSY ) ",https://www.benzinga.com/markets/equities/24/07/39755144/airbus-launches-lead-initiative-reportedly-aims-to-strengthen-aircraft-manufacturing-ahead-of-bo,"Airbus SE EADSY has reportedly initiated a cost-cutting program and implemented a hiring freeze to bolster performance in its main aircraft manufacturing business for 2024 and beyond, following recent adjustments to production targets.",www.benzinga.com,0.16683,Somewhat-Bullish,BA,0.334008,0.159592,Somewhat-Bullish
2024-07-12 18:21:05,If the Moon Landing Were a Romantic Comedy,https://www.theatlantic.com/culture/archive/2024/07/fly-me-to-the-moon-movie/678982/,"Near the end of The Truman Show, Truman Burbank ( played by Jim Carrey ) flees his home in the middle of the night. He's come to believe that his surroundings are fake, that the people around him are actors, and that everything he does is being broadcast as ""authentic"" entertainment to an ...",www.theatlantic.com,0.11646,Neutral,BA,0.04583,0.146812,Neutral
2024-07-12 18:59:00,"Fourth Avenue Capital Acquires Alder Walk Apartments in Puyallup, WA",https://www.prnewswire.com/news-releases/fourth-avenue-capital-acquires-alder-walk-apartments-in-puyallup-wa-302196071.html,"SEATTLE, July 12, 2024 /PRNewswire/ -- Fourth Avenue Capital purchased Alder Walk, a stabilized, newly constructed Class-A multifamily property located in Puyallup, WA. Fourth Avenue Capital now owns 19 assets across its portfolio, including five other properties in the Seattle MSA.",www.prnewswire.com,0.355184,Bullish,BA,0.085629,0.0559,Neutral
2024-07-12 19:45:00,"Maritime Surveillance Market size is set to grow by USD 1.48 billion from 2023-2027, Growing marine threats boost the market, Technavio - PR Newswire",https://www.prnewswire.com/news-releases/maritime-surveillance-market-size-is-set-to-grow-by-usd-1-48-billion-from-2023-2027--growing-marine-threats-boost-the-market-technavio-302194940.html,"Maritime Surveillance Market size is set to grow by USD 1.48 billion from 2023-2027, Growing marine threats boost the market, Technavio PR ...",www.prnewswire.com,0.132771,Neutral,BA,0.029472,0.003744,Neutral
2024-07-12 20:33:00,Scientists unveil prototype spacesuit system that recycles urine as drinking water,https://www.cnn.com/2024/07/12/science/prototype-spacesuit-recycles-urine-drinking-water-intl-scli/index.html,"Sign up for CNN's Wonder Theory science newsletter. Explore the universe with news on fascinating discoveries, scientific advancements and more. A marvel of the ""Dune"" sci-fi film franchise is the survival outfit worn by the desert-dwelling Fremen - ""stillsuits"" that recycle all bodily fluids ...",www.cnn.com,0.040541,Neutral,BA,0.036365,0.408027,Bullish
2024-07-13 09:37:00,"Finally, an explanation for why it's so frustrating to deal with customer service",https://www.businessinsider.com/flight-refunds-customer-service-accountability-sinks-dan-davies-2024-7,Why customer service is so frustrating - Business Insider ...,www.businessinsider.com,-0.007338,Neutral,BA,0.210823,-0.083105,Neutral
2024-07-13 10:00:00,Analysis: How Boeing defrauded the United States and escaped with a 'slap on the wrist' | Business,https://www.cnn.com/2024/07/13/business/boeing-slap-on-wrist/index.html,How Boeing defrauded the United States and escaped with a 'slap on the wrist' ...,www.cnn.com,-0.139165,Neutral,BA,0.626443,-0.316692,Somewhat-Bearish
2024-07-13 10:59:55,At least 90 Palestinians reported killed in Israeli strike targeting Hamas military chief,https://us.cnn.com/2024/07/13/middleeast/mawasi-deif-israel-hamas-gaza-intl,Israel targets top Hamas commander in strike Palestinian officials say killed at least 70 people ...,us.cnn.com,-0.240898,Somewhat-Bearish,BA,0.030216,-0.081365,Neutral
2024-07-13 11:04:02,"I flew United's basic economy. The fare is restrictive, but I'd book again if the price were right.",https://www.businessinsider.com/united-basic-economy-review-carryon-middle-seat-new-york-denver-2024-7,"Most of my experiences on United have been transatlantic, with my last domestic flight being in the summer of 2022. United's 767-300ER widebody cabin has comfortable seats and the much-needed adjustable headrest, but the soft products - like food and linens - need improvement.",www.businessinsider.com,0.285953,Somewhat-Bullish,BA,0.031405,0.239924,Somewhat-Bullish
2024-07-13 11:07:00,"With Palantir on the Team, the Coalition to Build an International Space Station Replacement Just Keeps Getting Bigger",https://www.fool.com/investing/2024/07/13/palantir-stock-international-space-station-team/,"With or without Palantir, Starlab will probably be America's next space station.",www.fool.com,0.211326,Somewhat-Bullish,BA,0.056143,0.069977,Neutral
2024-07-13 14:51:16,Boeing begins long-delayed 777-9 certification flight testing with US FAA,https://www.business-standard.com/world-news/boeing-begins-long-delayed-777-9-certification-flight-testing-with-us-faa-124071300769_1.html,"Boeing has started certification flight testing of its long-delayed 777-9 with U.S. aviation regulators onboard, the U.S. planemaker said in an emailed statement. The company said it conducted its first flight on Friday night after receiving Type Inspection Authorization ( TIA ) .",www.business-standard.com,0.014263,Neutral,BA,0.541149,0.132039,Neutral
2024-07-13 15:00:00,"Bronze Age-style ship recreates a 4,000-year-old journey",https://www.cnn.com/2024/07/13/science/bronze-age-ship-science-newsletter-wt/index.html,Reconstructed Bronze Age boat aces its maiden voyage ...,www.cnn.com,0.055096,Neutral,BA,0.041394,-0.07925,Neutral
2024-07-13 20:08:19,Why Alaska Air Stock  ( NYSE: ALK )  Could Surge Over 47%,https://markets.businessinsider.com/news/stocks/why-alaska-air-stock-nyse-alk-could-surge-over-47-1033551875,Why Alaska Air Stock (NYSE: ALK) Could Surge Over 47% - Markets Insider ...,markets.businessinsider.com,0.218855,Somewhat-Bullish,BA,0.186163,0.039994,Neutral
2024-07-13 21:36:00,"The legendary Pan Am is returning for a 12-day trip tracing the airline's historic routes - but it'll cost you $59,950",https://www.businessinsider.com/pan-am-airlines-jet-age-transatlantic-journey-2024-7,Pan Am will bring its Jet Age glamour back to the skies in 2025 - Business Insider ...,www.businessinsider.com,-0.061446,Neutral,BA,0.113062,-0.04797,Neutral
2024-07-14 09:42:00,4 Gen Zers share how they're already on pace to retire early - though some don't want to,https://www.businessinsider.com/gen-z-financial-independence-retire-early-fire-investing-real-estate-2024-7,"Gen Zers on track to retire early, reach financial independence - Business Insider ...",www.businessinsider.com,0.171374,Somewhat-Bullish,BA,0.053629,0.072,Neutral
2024-07-14 09:55:00,This Aerospace Stock Outperformed the S&P 500 in the First Half of 2024. Is It Still a Buy?,https://www.fool.com/investing/2024/07/14/aerospace-stock-beat-sp-500-in-half-2024-buy/,GE Aerospace's stock price rose 58% in the first six months of the year. Can it keep going higher?,www.fool.com,0.189787,Somewhat-Bullish,BA,0.058472,0.038978,Neutral
2024-07-14 10:30:00,Flying High: Cathay Pacific Business Class,https://www.forbes.com/sites/sandramacgregor/2024/07/14/flying-high-cathay-pacific-business-class/,"There's a reason that you'll likely elicit ""ooh and ahs"" if you tell someone that you're flying on a long-haul flight aboard Cathay Pacific - especially if you're flying business class.",www.forbes.com,0.412674,Bullish,BA,0.026386,0.029651,Neutral
2024-07-14 10:43:00,"See inside the $21 million Embraer Praetor 600, one of the most advanced midsize private jets on the market",https://www.businessinsider.com/see-inside-21-million-embraer-praetor-600-with-advanced-tech-2024-7,See inside the $21 million Embraer Praetor 600 with advanced tech - Business Insider ...,www.businessinsider.com,0.188027,Somewhat-Bullish,BA,0.194242,0.0,Neutral
2024-07-14 11:07:00,Billionaire Elon Musk Gets to Destroy the International Space Station. Here's What Happens Next.,https://www.fool.com/investing/2024/07/14/billionaire-elon-musk-will-destroy-space-station/,NASA plans to pay Elon Musk close to $850 million to dispose of its old space station. Other companies will pay him even more money to replace it.,www.fool.com,0.118534,Neutral,BA,0.050894,0.068497,Neutral
2024-07-14 15:04:05,The Gathering of the Flock - 2024 Farnborough International AirShow,https://www.forbes.com/sites/jerroldlundquist/2024/07/14/the-gathering-of-the-flock2024-farnborough-international-airshow/,"In a week from now, 80,000 visitors will descend on a military airfield outside of London to participate in the Farnborough International Airshow. Begun in 1948, Farnborough is held on even numbered years, alternating with the Paris Air Show on odd years.",www.forbes.com,0.002425,Neutral,BA,0.230892,-0.044461,Neutral
2024-07-15 01:26:32,Here's Why Boeing Stock Slumped 30% in the 1st Half of 2024,https://www.fool.com/investing/2024/07/14/heres-why-boeing-stock-slumped-30-in-the-first-hal/,"The aerospace giant faced a multitude of issues in the first half, and they're not over yet.",www.fool.com,-0.038404,Neutral,BA,0.678673,-0.075666,Neutral
2024-07-15 05:04:36,Boeing plea deal: Manufacturer has long road ahead to regain public trust,https://www.business-standard.com/amp/world-news/boeing-plea-deal-manufacturer-has-long-road-ahead-to-regain-public-trust-124071500202_1.html,"If ever there was a need to exemplify the term annus horribilis in the annals of corporate history, 2024 and the Boeing Company would be the perfect match. And the year is not even over yet. The last seven days have seen Boeing face a number of issues.",www.business-standard.com,-0.122939,Neutral,BA,0.803061,-0.142197,Neutral
2024-07-15 05:13:00,"A decade after deadly MH17 crash, the father of one victim is still waiting for Russia to say sorry",https://apnews.com/article/mh17-netherlands-ukraine-russia-anniversary-671e71826af70b025cebbbd07c529da3,"HILVERSUM, Netherlands ( AP ) - Quinn Schansman dreamed of becoming the youngest-ever CEO of an American company. A decade ago, he'd just finished the first year of an international business degree in Amsterdam as a step toward that lofty goal.",apnews.com,-0.160398,Somewhat-Bearish,BA,0.105141,-0.136472,Neutral
2024-07-15 07:07:30,Sunita Williams sends her 1st message to Earth; know all about her mission,https://www.business-standard.com/world-news/sunita-williams-sends-her-1st-message-to-earth-know-all-about-her-mission-124071500342_1.html,Sunita Williams sends her 1st message to Earth. know all about her mission Business Standard ...,www.business-standard.com,0.097561,Neutral,BA,0.298749,0.140821,Neutral
2024-07-15 07:43:05,"Airbus expects China, India to drive jet sales in next two decades",https://www.business-standard.com/companies/news/airbus-expects-china-india-to-drive-jet-sales-in-next-two-decades-124071500391_1.html,Carriers in India have loaded up on new plane orders as demand for flying soars with a growing middle class ...,www.business-standard.com,0.014352,Neutral,BA,0.109455,-0.117742,Neutral
2024-07-15 08:23:00,Fully electric 90-passenger plane could fly 500 miles,https://www.cnn.com/travel/elysian-electric-plane-90-passenger-spc/index.html,Commercial aviation is struggling to reduce its climate impact and it's currently not on track to meet its goal of net-zero emissions by 2050. Sustainable aviation fuel is not being produced fast enough and there seem to be few alternatives on the horizon to fuel-hungry jet engines and turboprops.,www.cnn.com,0.061661,Neutral,BA,0.029951,0.109408,Neutral
2024-07-15 09:48:13,Boeing Commences Critical 777-9 Certification Tests With FAA Regulators Onboard: Report - Boeing  ( NYSE:BA ) ,https://www.benzinga.com/markets/equities/24/07/39767194/boeing-commences-critical-777-9-certification-tests-with-faa-regulators-onboard-report,"Boeing Co BA has reportedly commenced certification flight testing for its much-delayed 777-9 aircraft, with U.S. aviation regulators onboard.",www.benzinga.com,0.141616,Neutral,BA,0.629492,0.207581,Somewhat-Bullish
2024-07-15 09:58:00,"As Boeing bleeds cash, Airbus predicts it'll double the size of its fleet worldwide in the next 20 years",https://www.businessinsider.com/airbus-predict-double-current-fleet-20-years-2024-7,Airbus predicts it'll double its current fleet in 2 decades - Business Insider ...,www.businessinsider.com,-0.03723,Neutral,BA,0.720958,-0.111786,Neutral
2024-07-15 12:17:44,Bitcoin Surpasses $63K As US Institutional Investors Buy In; Biden Says 'Time To Cool It Down' And Urges Americans To Lower Political Rhetoric Following Trump Assassination Attempt - Top Headlines Today While US Slept,https://www.benzinga.com/markets/cryptocurrency/24/07/39770177/bitcoin-surpasses-63k-as-us-institutional-investors-buy-in-biden-says-time-to-cool-it-down,Bitcoin Breaks $63K As Institutional US Investors Start Stocking Up Digital Asset: Analysts Say Possibility Of A Further Rebound Is Open Notorious North Korean Hacker Group Lazarus Suspected Of Laundering $35M From The Infamous $305M DMM Bitcoin Heist,www.benzinga.com,0.01733,Neutral,BA,0.046543,-0.185401,Somewhat-Bearish
2024-07-15 12:35:31,Daily: Calls For Unity After Violent Attack On Trump,https://www.forbes.com/sites/daniellechemtob/2024/07/15/forbes-daily-calls-for-unity-after-violent-attack-on-trump/,"This is a published version of the Forbes Daily newsletter, you can sign-up to get Forbes Daily in your inbox here. All eyes are on Donald Trump and his party after Saturday's assassination attempt by a lone gunman in Pennsylvania grazed the former president before he was rushed to safety.",www.forbes.com,0.110357,Neutral,BA,0.02627,0.10155,Neutral
2024-07-15 12:42:25,"Boeing Rival Airbus Foresees Global Fleet Doubling In Two Decades Amid Soaring Demand - Airbus  ( OTC:EADSY ) , Boeing  ( NYSE:BA ) ",https://www.benzinga.com/news/24/07/39770942/boeing-rival-airbus-foresees-global-fleet-doubling-in-two-decades-amid-soaring-demand,"In a recent update to its 20-year forecast, Boeing's BA rival Airbus EADSY predicts a significant surge in demand for jetliners over the next two decades. The company's projections are driven by the modernization of long-haul fleets by airlines and the continuous growth of Asian economies.",www.benzinga.com,0.187507,Somewhat-Bullish,BA,0.270773,0.059484,Neutral
2024-07-15 13:30:11,Boeing  ( BA )  Is Considered a Good Investment by Brokers: Is That True?,https://www.zacks.com/stock/news/2301543/boeing-ba-is-considered-a-good-investment-by-brokers-is-that-true,"The average brokerage recommendation (ABR) for Boeing (BA) is equivalent to a Buy. The overly optimistic recommendations of Wall Street analysts make the effectiveness of this highly sought-after metric questionable. So, is it worth buying the stock?",www.zacks.com,0.274264,Somewhat-Bullish,BA,0.356317,0.143612,Neutral
2024-07-15 13:45:00,Here's What Boeing's Latest Big News Means to Investors,https://www.fool.com/investing/2024/07/15/heres-what-boeings-latest-big-news-means-to-invest/,The aerospace giant's latest delivery update contained some good news.,www.fool.com,0.115619,Neutral,BA,0.704675,0.18176,Somewhat-Bullish
2024-07-15 13:57:00,Here's Why You Should Retain Hawaiian Holdings  ( HA )  Stock,https://www.zacks.com/stock/news/2301676/heres-why-you-should-retain-hawaiian-holdings-ha-stock,"Hawaiian Holdings' (HA) top line is bolstered by an uptick in air travel demand. However, elevated operating expenses hurt the company's bottom line.",www.zacks.com,0.172831,Somewhat-Bullish,BA,0.066784,0.099206,Neutral
2024-07-15 13:57:07,"SHAREHOLDER INVESTIGATION: Halper Sadeh LLC Investigates ENV, SPR, UMBF, AGRX on Behalf of Shareholders - Agile Therapeutics  ( OTC:AGRX ) , Envestnet  ( NYSE:ENV ) ",https://www.benzinga.com/pressreleases/24/07/g39772975/shareholder-investigation-halper-sadeh-llc-investigates-env-spr-umbf-agrx-on-behalf-of-shareholder,"NEW YORK, July 15, 2024 ( GLOBE NEWSWIRE ) -- Halper Sadeh LLC, an investor rights law firm, is investigating the following companies for potential violations of the federal securities laws and/or breaches of fiduciary duties to shareholders relating to: Envestnet, Inc.",www.benzinga.com,0.159569,Somewhat-Bullish,BA,0.113062,0.08282,Neutral
2024-07-15 14:00:00,Aviation Capital Group Grows Boeing 737 MAX Portfolio with Order for 35 Jets - Boeing  ( NYSE:BA ) ,https://www.benzinga.com/pressreleases/24/07/n39773037/aviation-capital-group-grows-boeing-737-max-portfolio-with-order-for-35-jets,"SEATTLE, July 15, 2024 /PRNewswire/ -- Boeing BA and Aviation Capital Group LLC ( ACG ) announced today the airplane lessor has finalized an order for 35 737 MAX jets, including 16 737-8 and 19 of the larger 737-10 variant.",www.benzinga.com,0.312665,Somewhat-Bullish,BA,0.31282,0.268385,Somewhat-Bullish
2024-07-15 16:30:00,SkyWest  ( SKYW )  Trading Near 52-Week High: Too Late to Invest?,https://www.zacks.com/stock/news/2301933/skywest-skyw-trading-near-52-week-high-too-late-to-invest,"With SkyWest (SKYW) stock gaining almost 60% year to date, let's assess if it is still an investment option at the current levels.",www.zacks.com,0.349078,Somewhat-Bullish,BA,0.151222,0.136903,Neutral
2024-07-15 19:06:38,"Here's Why You Should Retain Hawaiian Holdings Stock - Alaska Air Gr  ( NYSE:ALK ) , Air Lease  ( NYSE:AL ) ",https://www.benzinga.com/news/earnings/24/07/39774580/heres-why-you-should-retain-hawaiian-holdings-stock,"Hawaiian Holdings HA is riding on its continued healthy demand scenario. The company's efforts to expand are commendable. However, a surge in operating expenses and weak liquidity does not bode well for the company. The uptick in air travel demand bodes well for Hawaiian Holdings.",www.benzinga.com,0.201049,Somewhat-Bullish,BA,0.06623,0.099175,Neutral
2024-07-16 04:32:43,SpiceJet shares fly 7% on six-fold jump in Q4 profit; gains 15% in 2 days,https://www.business-standard.com/markets/news/spicejet-shares-fly-7-on-six-fold-jump-in-q4-profit-gains-15-in-2-days-124071600202_1.html,SpiceJet shares: SpiceJet airline reported a standalone net profit of Rs 119 crore in ...,www.business-standard.com,0.153305,Somewhat-Bullish,BA,0.060694,-0.086362,Neutral
2024-07-16 05:54:00,Spicejet rallies after Q4 PAT zooms to Rs 119 cr in FY24,https://www.business-standard.com/markets/capital-market-news/spicejet-rallies-after-q4-pat-zooms-to-rs-119-cr-in-fy24-124071600438_1.html,"Spicejet jumped 5.42% to Rs 58.92 after the company reported standalone net profit of Rs 119 crore in Q4 FY24, steeply higher than Rs 16.85 crore posted in Q4 FY23.",www.business-standard.com,0.302471,Somewhat-Bullish,BA,0.110973,0.054748,Neutral
2024-07-16 06:16:22,Planning to travel by air during festivals? Your tickets may be costlier,https://www.business-standard.com/industry/news/planning-to-travel-by-air-during-festivals-your-tickets-may-be-costlier-124071600405_1.html,"The surge in demand for domestic flights even on shorter routes is a consequence of multiple public holidays ahead. For those planning to travel via air during the upcoming festival season, the costlier ticket prices may dampen the mood.",www.business-standard.com,0.058474,Neutral,BA,0.179121,0.0,Neutral
2024-07-16 10:04:53,Judge Allots Time For Boeing 737 MAX Crash Victims' Relatives To Object Plea Deal: Report - Boeing  ( NYSE:BA ) ,https://www.benzinga.com/markets/equities/24/07/39788122/judge-allots-time-for-boeing-737-max-crash-victims-relatives-to-object-plea-deal-report,"On Monday, a U.S. judge set a rapid schedule to address objections from the victims' families regarding the Justice Department's plea deal with Boeing Co. BA on legal proceedings over its involvement in two fatal 737 MAX crashes.",www.benzinga.com,-0.069909,Neutral,BA,0.768168,-0.00814,Neutral
2024-07-16 12:00:00,What To Expect From United Airlines' Q2?,https://www.forbes.com/sites/greatspeculations/2024/07/16/what-to-expect-from-united-airlines-q2/,"United Airlines ( NASDAQ: UAL ) will report its Q2 2024 results on Wednesday, July 17. We expect the company's revenues to come in at $15.2 billion and earnings to be $3.99 per share, aligning with the consensus estimates. The company should benefit from a buoyant travel demand.",www.forbes.com,0.140786,Neutral,BA,0.066047,0.030136,Neutral
2024-07-16 12:37:00,An Airbus A380 flying to London turned back when the powerful scent of laundry detergent made people feel sick and dizzy,https://www.businessinsider.com/british-airways-a380-diverted-as-smell-of-laundry-beads-filled-cabin-2024-7,British Airways A380 diverted as smell of laundry beads filled cabin - Business Insider ...,www.businessinsider.com,-0.100481,Neutral,BA,0.128135,-0.045888,Neutral
2024-07-16 12:54:00,Lockheed  ( LMT )  Wins Contract to Support F-35 Jet Program,https://www.zacks.com/stock/news/2302544/lockheed-lmt-wins-contract-to-support-f-35-jet-program,Lockheed (LMT) is set to provide a redesign for the synchronous dynamic random-access memory for supporting the F-35 aircraft diminishing manufacturing sources and material shortages.,www.zacks.com,0.292421,Somewhat-Bullish,BA,0.138997,0.10712,Neutral
2024-07-16 14:48:29,Here's Why GE Aerospace Stock Soared 24.6% in the First Half of 2024,https://www.fool.com/investing/2024/07/16/heres-why-ge-aerospace-stock-soared-246-in-the-fir/,The aerospace company has a bright future due to its dominant position in airplane engines.,www.fool.com,0.333678,Somewhat-Bullish,BA,0.113597,0.017382,Neutral
2024-07-16 15:12:00,Dow Jones Up As Retail Sales Beat Views; UnitedHealth Soars After Earnings,https://www.investors.com/market-trend/stock-market-today/dow-jones-sp-500-nasdaq-retail-sales-unitedhealth-unh-stock-earnings/,Stock Market Today: Dow Jones Up As Retail Sales Beat Views. UnitedHealth Soars After Earnings Investor's Business Daily ...,www.investors.com,0.164976,Somewhat-Bullish,BA,0.09495,0.031284,Neutral
2024-07-16 15:25:37,Can the Republican Party make inroads with organised labour?,https://www.aljazeera.com/news/2024/7/16/can-the-republican-party-make-inroads-with-organised-labour,"While pro-worker rhetoric has become more prevalent in the party, support for unions is in shorter supply.",www.aljazeera.com,0.233588,Somewhat-Bullish,BA,0.032382,-0.097118,Neutral
2024-07-16 17:16:35,Dow Sets All-Time High For Third-Straight Day,https://www.forbes.com/sites/tylerroush/2024/07/16/dow-sets-all-time-high-for-third-straight-day/,"The Dow Jones Industrial Average set another record on Tuesday, surging to an all-time intraday high for the third-straight session as markets respond positively to prospect of the Federal Reserve cutting interest rates.",www.forbes.com,0.131557,Neutral,BA,0.10607,0.072878,Neutral
2024-07-16 17:58:11,"Dow Rallies To All-Time Highs, Small Caps Outperform Tech, Gold Hits Records On Heightened September Rate Cut Bets: What's Driving Markets Tuesday?",https://markets.businessinsider.com/news/stocks/dow-rallies-to-all-time-highs-small-caps-outperform-tech-gold-hits-records-on-heightened-september-rate-cut-bets-what-s-driving-markets-tuesday-1033560528,"Wall Street continues to experience a series of memorable days, with the bulls riding the rally with increasing confidence, certain that the Federal Reserve will begin cutting interest rates in September.",markets.businessinsider.com,0.233362,Somewhat-Bullish,BA,0.070935,0.102078,Neutral
2024-07-16 19:40:49,Alaska And Hawaiian Airlines Apply To USDOT For Mutual Route Transfer,https://www.forbes.com/sites/marisagarcia/2024/07/16/alaska--hawaiian-airlines-apply-to-usdot-for-mutual-route-transfer/,Alaska Airlines and Hawaiian Airlines have jointly filed two critical applications with the U.S. Department of Transportation in anticipation of the transaction completing their planned merger.,www.forbes.com,0.108263,Neutral,BA,0.058615,-0.10314,Neutral
2024-07-16 20:07:00,"JD Vance charted a Trump-centric, populist path in Senate as he fought GOP establishment",https://apnews.com/article/trump-vance-senate-vice-president-convention-republican-60796609a2ed029a449d5dfd0cd7a38f,"WASHINGTON ( AP ) - When Ohio Sen. traveled to the Munich Security Conference earlier this year, he wasn't there to reassure Europe and other global allies that America would aid Ukraine in its war against Russia, as all of the other senators were.",apnews.com,0.05572,Neutral,BA,0.032035,-0.00389,Neutral
2024-07-16 20:46:00,Dow Sets Record With 743-Point Gain; Charles Schwab Flashes This Sell Signal  ( Live Coverage ) ,https://www.investors.com/market-trend/stock-market-today/dow-jones-sp-500-nasdaq-retail-sales-unitedhealth-unh-stock-earnings/,Dow Sets Record With 743-Point Gain. Charles Schwab Flashes This Sell Signal ( Live Coverage ) Investor's Business Daily ...,www.investors.com,0.182828,Somewhat-Bullish,BA,0.050306,0.028999,Neutral
2024-07-16 21:16:36,The Story And Millions Behind Trump VP J.D. Vance's Private Jet,https://www.forbes.com/sites/douggollan/2024/07/16/the-story-and-price-behind-trump-vp-jd-vances-private-jet/,The Story And Price Behind Trump VP J.D. Vance's Private Jet Forbes ...,www.forbes.com,0.211881,Somewhat-Bullish,BA,0.162802,0.037642,Neutral
2024-07-16 21:34:00,"JD Vance charted a Trump-centric, populist path in Senate as he fought GOP establishment",https://apnews.com/article/trump-vance-senate-vice-president-convention-republican-60796609a2ed029a449d5dfd0cd7a38f,"WASHINGTON ( AP ) - When Ohio Sen. traveled to the Munich Security Conference earlier this year, he wasn't there to reassure Europe and other global allies that America would aid Ukraine in its war against Russia, as all of the other senators were.",apnews.com,0.05572,Neutral,BA,0.032035,-0.00389,Neutral
2024-07-16 22:08:00,Fleet Modernization - Newly Acquired Boeing Next-Generation 737-800 Aircraft Makes Inaugural Freight Delivery to Nunavik - Canada NewsWire,https://www.newswire.ca/news-releases/fleet-modernization-newly-acquired-boeing-next-generation-737-800-aircraft-makes-inaugural-freight-delivery-to-nunavik-808028562.html,Fleet Modernization - Newly Acquired Boeing Next-Generation 737-800 Aircraft Makes Inaugural Freight Delivery to Nunavik Canada ...,www.newswire.ca,0.246341,Somewhat-Bullish,BA,0.182506,0.027973,Neutral
2024-07-17 01:30:00,Pan Am launches comeback with $65K exclusive trip allowing passengers to relive 'golden days of travel',https://www.foxbusiness.com/media/pan-am-launches-comeback-65k-exclusive-trip-allowing-passengers-relive-golden-days-travel,"Defunct airline Pan Am is returning to the skies for the first time in more than 30 years to help fliers ""relive the golden days of travel,"" but securing a seat to witness its comeback comes with a hefty price tag.",www.foxbusiness.com,0.055856,Neutral,BA,0.104683,-0.045376,Neutral
2024-07-17 03:20:18,Relatives of MH17 shooting victims mark 10 years of tragedy that killed 298,https://www.business-standard.com/world-news/relatives-of-mh17-shooting-victims-mark-10-years-of-tragedy-that-killed-298-124071700064_1.html,Moscow has repeatedly denied responsibility for MH17's destruction and refused to hand over two Russians and a Ukrainian convicted by a Dutch court.,www.business-standard.com,-0.174666,Somewhat-Bearish,BA,0.052801,0.039772,Neutral
2024-07-17 09:00:00,"MH17 passengers' relatives mark 10 years since plane was shot down over Ukraine, killing 298",https://www.cnn.com/2024/07/17/world/mh17-ukraine-australia-anniversary-intl/index.html,"MH17 passengers' relatives mark 10 years since plane was shot down over Ukraine, killing ...",www.cnn.com,-0.139566,Neutral,BA,0.049424,0.039546,Neutral
2024-07-17 09:54:55,Boeing Delivers Critical Core Stage for NASA's Lunar Mission: Details - Boeing  ( NYSE:BA ) ,https://www.benzinga.com/markets/equities/24/07/39810693/boeing-delivers-critical-core-stage-for-nasas-lunar-mission-details,"The Boeing Company BA has delivered the second core stage of the Space Launch System ( SLS ) rocket to NASA. Built at NASA's Michoud Assembly Facility, this stage will send the Artemis II crew into lunar orbit for the first time in 50 years.",www.benzinga.com,0.149576,Neutral,BA,0.691995,0.197244,Somewhat-Bullish
2024-07-17 13:56:00,Strength Seen in Moog  ( MOG.A ) : Can Its 5.4% Jump Turn into More Strength?,https://www.zacks.com/stock/news/2303458/strength-seen-in-moog-moga-can-its-54-jump-turn-into-more-strength,Moog (MOG.A) was a big mover last session on higher-than-average trading volume. The latest trend in earnings estimate revisions might not help the stock continue moving higher in the near term.,www.zacks.com,0.251443,Somewhat-Bullish,BA,0.122894,0.15245,Somewhat-Bullish
2024-07-17 14:20:00,Boeing  ( BA )  Wins Order to Supply 5 777 Freighters to Emirates,https://www.zacks.com/stock/news/2303579/boeing-ba-wins-order-to-supply-5-777-freighters-to-emirates,Boeing (BA) receives an order to deliver five 777 Freighters from Emirates SkyCargo.,www.zacks.com,0.38324,Bullish,BA,0.608634,0.495832,Bullish
2024-07-17 15:08:04,"Boeing's 737 MAX Crisis Ripple Effects Disrupt Airlines, Suppliers - Boeing  ( NYSE:BA ) ",https://www.benzinga.com/news/24/07/39818420/boeings-737-max-crisis-ripple-effects-disrupt-airlines-suppliers,"The midair incident in January involving a door panel blowing off an Alaska Air Group Inc ALK operated Boeing Co. BA 737 MAX 9 jet, leading the carrier to ground its MAX 9 fleet has had a domino effect on all aspects of aviation industry.",www.benzinga.com,0.093714,Neutral,BA,0.71032,0.201317,Somewhat-Bullish
2024-07-17 15:20:00,Dow ETF Surges on Index's Best Day This Year: 5 Top Stocks,https://www.zacks.com/stock/news/2303637/dow-etf-surges-on-indexs-best-day-this-year-5-top-stocks,"The Dow Jones Index hit a new all-time high, notching its best one-day gain since June 2023, after reclaiming the 40,000 milestone for the first time since May.",www.zacks.com,0.27421,Somewhat-Bullish,BA,0.199859,0.194511,Somewhat-Bullish
2024-07-17 21:45:18,Boeing  ( BA )  Stock Moves -0.65%: What You Should Know,https://www.zacks.com/stock/news/2303921/boeing-ba-stock-moves--065-what-you-should-know,"Boeing (BA) concluded the recent trading session at $184.84, signifying a -0.65% move from its prior day's close.",www.zacks.com,0.145354,Neutral,BA,0.478494,0.009317,Neutral
2024-07-18 05:02:00,Spicejet drops after CFO Ashish Kumar resigns,https://www.business-standard.com/markets/capital-market-news/spicejet-drops-after-cfo-ashish-kumar-resigns-124071800291_1.html,"Spicejet declined 2.41% to Rs 2.41 after the company's head of finance and chief financial officer (CFO), Ashish Kumar has resigned from the position to pursue other opportunities.",www.business-standard.com,0.009388,Neutral,BA,0.255641,0.093894,Neutral
2024-07-18 07:02:53,CNBC Daily Open: Rising geopolitical risk,https://www.cnbc.com/2024/07/18/cnbc-daily-open-emea-rising-geopolitical-risk.html,The Nasdaq Composite plunged nearly 3% as semiconductors came under pressure amid reports of tougher trade restrictions.,www.cnbc.com,-0.092181,Neutral,BA,0.11324,-0.036426,Neutral
2024-07-18 12:30:46,Boeing Workers Vote For Strike Mandate - Boeing  ( NYSE:BA ) ,https://www.benzinga.com/news/24/07/39836988/boeing-workers-vote-for-strike-mandate,"Boeing Co BA faces yet another challenge as Washington state factory workers voted overwhelmingly in favor of a strike mandate, amid the workers' demand for a 40% raise during their first full negotiation with Boeing in 16 years.",www.benzinga.com,0.17236,Somewhat-Bullish,BA,0.653656,0.28075,Somewhat-Bullish
2024-07-18 13:10:00,Is Now a Good Time to Buy Boeing Stock?,https://www.fool.com/investing/2024/07/18/is-now-a-good-time-to-buy-boeing-stock/,Boeing is one of the worst performers in the Dow Jones so far this year.,www.fool.com,-0.046276,Neutral,BA,0.889971,-0.147416,Neutral
2024-07-18 20:45:55,Boeing Options Trading: A Deep Dive into Market Sentiment - Boeing  ( NYSE:BA ) ,https://www.benzinga.com/insights/options/24/07/39849610/boeing-options-trading-a-deep-dive-into-market-sentiment,"Deep-pocketed investors have adopted a bearish approach towards Boeing BA, and it's something market players shouldn't ignore. Our tracking of public options records at Benzinga unveiled this significant move today.",www.benzinga.com,0.235554,Somewhat-Bullish,BA,0.717746,0.315514,Somewhat-Bullish
2024-07-18 21:00:23,Alaska Air Group  ( ALK )  Q2 2024 Earnings Call Transcript,https://www.fool.com/earnings/call-transcripts/2024/07/18/alaska-air-group-alk-q2-2024-earnings-call-transcr/,"ALK earnings call for the period ending June 30, 2024.",www.fool.com,0.271067,Somewhat-Bullish,BA,0.028735,0.092723,Neutral
2024-07-19 04:34:47,SpiceJet gains 5% on fresh capital raising plan; stock up 12% in 4 days,https://www.business-standard.com/markets/news/spicejet-gains-5-on-fresh-capital-raising-plan-stock-up-12-in-4-days-124071900163_1.html,"However, in the past six months, the SpiceJet stock has underperformed the market by falling nearly 10 per cent, as compared to 13 per cent rally in the BSE Sensex.",www.business-standard.com,0.059649,Neutral,BA,0.079656,0.050731,Neutral
2024-07-20 10:06:00,"Boeing's Bad, Yes. But Even SpaceX Is Not Perfect.",https://www.fool.com/investing/2024/07/20/boeings-bad-yes-but-even-spacex-is-not-perfect/,"More and more space companies are competing for space work, which is good news for NASA -- and for space investors as well.",www.fool.com,0.021814,Neutral,BA,0.221212,-0.098039,Neutral
2024-07-20 10:58:02,Boeing keeps throwing shade at the Airbus jet it doesn't have an answer to,https://www.businessinsider.com/boeing-737max-10-competition-airbus-a321xlr-2024-7,• The Boeing 737 Max 10 has struggled to compete against the Airbus A321neo. • The largest variant of the 737 Max is being outsold by Airbus 7 to 1. • Boeing continues to downplay the competitive advantage Airbus has in the large single-aisle market.,www.businessinsider.com,0.079954,Neutral,BA,0.792165,0.134814,Neutral
2024-07-20 14:05:17,"Boeing restoring output, expects 787 suppliers to catch up by year end",https://www.business-standard.com/companies/news/boeing-restoring-output-expects-787-suppliers-to-catch-up-by-year-end-124072000672_1.html,Boeing halted deliveries of the 787 widebody jet for more than a year until August 2022 as the FAA investigated quality problems and manufacturing flaws ...,www.business-standard.com,-0.023959,Neutral,BA,0.598621,-0.09563,Neutral
2024-07-21 04:00:24,Delays in new aircraft deliveries to slow sector's progress on climate ambitions,https://www.ft.com/content/a77bf15f-56ec-45b0-b357-4151b368a3ae,Supply chain disruptions and labour shortages continue to hamper production ...,www.ft.com,-0.052719,Neutral,BA,0.137148,-0.073118,Neutral
2024-07-21 09:55:00,Should You Buy Boeing Stock Before July 31?,https://www.fool.com/investing/2024/07/21/should-you-buy-boeing-stock-before-july-31/,Is this global aerospace giant ready to take flight?,www.fool.com,-0.019723,Neutral,BA,0.531326,-0.128193,Neutral
2024-07-21 10:23:02,Airlines have fallen back in love with the Airbus A380. Here's every route flown by the world's largest passenger jet.,https://www.businessinsider.com/every-airline-flies-the-airbus-a380-and-their-destinations-2024-7,"An Emirates flight attendant behind the bar on an A380. Dubai's airline is by far and away the world's largest operator of the A380. According to ch-aviation, Emirates has 118, of which 27 are in storage or maintenance. This means that it owns 61% of the world's active A380s.",www.businessinsider.com,0.12581,Neutral,BA,0.211806,0.149424,Neutral
2024-07-21 11:07:00,Airbus Is Finally Back in Orbit. Does That Make the Stock a Buy?,https://www.fool.com/investing/2024/07/21/airbus-is-back-in-orbit-is-airbus-stock-a-buy/,"Airbus' new rocket ship costs too much, and arrived too late, to save the company's space business.",www.fool.com,0.110743,Neutral,BA,0.054732,0.146833,Neutral
2024-07-21 12:15:00,Should You Buy the Third-Highest Yielding Stock in the Dow Jones Industrial Average?,https://www.fool.com/investing/2024/07/21/buy-high-yield-stock-dow-jones/,Chevron combines a high yield with decades of consecutive dividend raises.,www.fool.com,0.082834,Neutral,BA,0.04406,-0.05152,Neutral
2024-07-21 16:07:05,"Boeing 'disappointed' customers but is on the path to 'transformational change,' commercial jet CEO says",https://www.cnbc.com/2024/07/21/boeing-on-path-to-transformational-change-commercial-jet-ceo-says.html,Boeing's troubled 737 Max has been at the center of a safety crisis at the company after a door plug blew out midair earlier this year.,www.cnbc.com,0.08871,Neutral,BA,0.5633,0.10303,Neutral
2024-07-22 06:56:45,"Verizon, SAP And 3 Stocks To Watch Heading Into Monday - Verizon Communications  ( NYSE:VZ ) ",https://www.benzinga.com/news/earnings/24/07/39876573/verizon-sap-and-3-stocks-to-watch-heading-into-monday,"With U.S. stock futures trading higher this morning on Monday, some of the stocks that may grab investor focus today are as follows: Wall Street expects Verizon Communications Inc. VZ to report quarterly earnings at $1.15 per share on revenue of $33.06 billion before the opening bell, according ...",www.benzinga.com,0.269055,Somewhat-Bullish,BA,0.456884,0.286641,Somewhat-Bullish
2024-07-22 07:00:38,Boeing Selects Woodward to Design Innovative Rotary Actuator for the NASA Sustainable Flight Demonstrator X-66A Aircraft - Woodward  ( NASDAQ:WWD ) ,https://www.benzinga.com/pressreleases/24/07/g39876628/boeing-selects-woodward-to-design-innovative-rotary-actuator-for-the-nasa-sustainable-flight-demon,"FORT COLLINS, Colo., July 22, 2024 ( GLOBE NEWSWIRE ) -- Woodward, Inc. WWD, a global leader in energy control solutions for aerospace and industrial applications, announced it has been selected to provide rotary actuation solutions for the NASA and Boeing Transonic Truss-braced Wing ( TTBW ) ...",www.benzinga.com,0.328755,Somewhat-Bullish,BA,0.41627,0.445532,Bullish
2024-07-22 09:29:00,National Airlines Selects Four Boeing 777 Freighters to Expand Global Fleet - Boeing  ( NYSE:BA ) ,https://www.benzinga.com/pressreleases/24/07/n39877981/national-airlines-selects-four-boeing-777-freighters-to-expand-global-fleet,"FARNBOROUGH, United Kingdom, July 22, 2024 /PRNewswire/ -- Boeing BA and National Airlines announced today the global carrier has committed to place its first order for four 777 Freighters.",www.benzinga.com,0.470381,Bullish,BA,0.666827,0.705361,Bullish
2024-07-22 10:10:00,Korean Air Commits to Up to 50 Boeing Widebodies to Strengthen Future Long-Haul Fleet - Boeing  ( NYSE:BA ) ,https://www.benzinga.com/pressreleases/24/07/n39878550/korean-air-commits-to-up-to-50-boeing-widebodies-to-strengthen-future-long-haul-fleet,"FARNBOROUGH, United Kingdom, July 22, 2024 /PRNewswire/ -- Boeing BA and Korean Air announced today the airline's intent to purchase up to 50 of Boeing's highly fuel-efficient widebody airplanes, including 20 777-9s and 20 787-10s with options for 10 more of the largest 787 Dreamliner variant.",www.benzinga.com,0.427104,Bullish,BA,0.443626,0.574887,Bullish
2024-07-22 10:23:22,"Boeing's Commercial Market Outlook Predicts Soaring Demand: 44,000 New Airplanes Needed By 2043 - Boeing  ( NYSE:BA ) ",https://www.benzinga.com/markets/equities/24/07/39878752/boeings-commercial-market-outlook-predicts-soaring-demand-44-000-new-airplanes-needed-by-2043,"The Boeing Company BA disclosed that it forecasts a 3% increase in airplane deliveries over the next 20 years, estimating a need for nearly 44,000 new commercial airplanes by 2043.",www.benzinga.com,0.240382,Somewhat-Bullish,BA,0.753259,0.405582,Bullish
2024-07-22 10:43:27,"Ryanair Shares Plummet on Q1 Miss: Traffic Up, Fares Down & More - Ryanair Hldgs  ( NASDAQ:RYAAY ) ",https://www.benzinga.com/news/earnings/24/07/39879156/ryanair-shares-plummet-on-q1-miss-traffic-up-fares-down-more,"Ryanair Holdings plc RYAAY shares are trading lower after the company reported first-quarter FY25 results. Revenue fell 1% Y/Y to €3.63 billion. Scheduled revenues declined 6% Y/Y to €2.33 billion, with a 15% Y/Y decrease in average fares to €41.93.",www.benzinga.com,0.09839,Neutral,BA,0.295867,0.02018,Neutral
2024-07-22 11:07:00,Good News for Boeing and Lockheed: SpaceX Just Raised Its Launch Price,https://www.fool.com/investing/2024/07/22/good-news-boeing-lockheed-spacex-raise-price/,Boeing and Lockheed's space joint venture has never been closer to SpaceX on price than it is now. But is it close enough?,www.fool.com,0.16515,Somewhat-Bullish,BA,0.248851,0.078845,Neutral
2024-07-22 11:12:00,"Luxair Selects Largest Boeing 737 MAX Model, Buying up to 4 737-10 Jets - Boeing  ( NYSE:BA ) ",https://www.benzinga.com/pressreleases/24/07/n39879892/luxair-selects-largest-boeing-737-max-model-buying-up-to-4-737-10-jets,"FARNBOROUGH, United Kingdom, July 22, 2024 /PRNewswire/ -- Boeing BA and Luxair announced today the European regional carrier is again ordering a new member of the 737 MAX family to power its sustainable growth.",www.benzinga.com,0.334369,Somewhat-Bullish,BA,0.259037,0.389845,Bullish
2024-07-22 11:23:44,Korean Air orders at least 40 Boeing wide-body planes in a vote of confidence for the manufacturer,https://www.cnbc.com/2024/07/22/korean-air-boeing-order.html,Korean Air gave Boeing a vote of confidence with an order of at least 40 wide-body planes.,www.cnbc.com,0.107276,Neutral,BA,0.507107,0.121002,Neutral
2024-07-22 12:00:00,FinWise Bancorp Expands and Further Strengthens Board of Directors,https://www.globenewswire.com/news-release/2024/07/22/2916487/0/en/FinWise-Bancorp-Expands-and-Further-Strengthens-Board-of-Directors.html,- Appoints Susan Ehrlich to Board - - Appoints Susan Ehrlich to Board ...,www.globenewswire.com,0.382634,Bullish,BA,0.09186,0.183918,Somewhat-Bullish
2024-07-22 12:07:00,Japan Airlines Will Modernize Fleet with up to 20 More Boeing 787 Dreamliners - Boeing  ( NYSE:BA ) ,https://www.benzinga.com/pressreleases/24/07/n39881143/japan-airlines-will-modernize-fleet-with-up-to-20-more-boeing-787-dreamliners,"FARNBOROUGH, United Kingdom, July 22, 2024 /PRNewswire/ -- Boeing BA and Japan Airlines ( JAL ) today announced an agreement for up to 20 more 787 Dreamliners, as the 787's market-leading efficiency and range are valued on international routes to North America, Asia and India.",www.benzinga.com,0.397087,Bullish,BA,0.422897,0.573297,Bullish
2024-07-22 12:46:00,"Lufthansa Technik, Boeing Sign License Agreement for 787 Dreamliner Cabin Modifications - Boeing  ( NYSE:BA ) ",https://www.benzinga.com/pressreleases/24/07/n39883093/lufthansa-technik-boeing-sign-license-agreement-for-787-dreamliner-cabin-modifications,"FARNBOROUGH, United Kingdom, July 22, 2024 /PRNewswire/ -- Boeing BA and Lufthansa Technik announced an agreement to designate Lufthansa Technik as the first Boeing-licensed Service Center ( BLSC ) for cabin modifications on 787 Dreamliner airplanes, bringing additional choice and capacity to ...",www.benzinga.com,0.344927,Somewhat-Bullish,BA,0.548003,0.508119,Bullish
2024-07-22 14:22:00,Should You Buy SkyWest  ( SKYW )  Stock Ahead of Q2 Earnings?,https://www.zacks.com/stock/news/2306119/should-you-buy-skywest-skyw-stock-ahead-of-q2-earnings,"As SkyWest (SKYW) gears up to report second-quarter earnings, let's find out how the expectations stack up. Also, is it the right time to buy the stock?",www.zacks.com,0.307053,Somewhat-Bullish,BA,0.180236,0.174177,Somewhat-Bullish
2024-07-22 15:20:43,"BRODSKY & SMITH SHAREHOLDER UPDATE: Notifying Investors of the Following Investigations: Spirit AeroSystems Holdings, Inc.  ( NYSE - SPR ) , Sharecare, Inc.  ( Nasdaq - SHCR ) , GRIID Infrastructure Inc.  ( Nasdaq - GRDI ) , Infinera Corporation  ( Nasdaq - INFN ) ",https://www.benzinga.com/pressreleases/24/07/g39887086/brodsky-smith-shareholder-update-notifying-investors-of-the-following-investigations-spirit-aerosy,"BALA CYNWYD, Pa., July 22, 2024 ( GLOBE NEWSWIRE ) -- Brodsky & Smith reminds investors of the following investigations. If you own shares and wish to discuss the investigation, contact Jason Brodsky ( jbrodsky@brodskysmith.com ) or Marc Ackerman ( mackerman@brodskysmith.com ) at 855-576-4847.",www.benzinga.com,0.234477,Somewhat-Bullish,BA,0.329551,0.399507,Bullish
2024-07-22 17:00:49,Boeing Options Trading: A Deep Dive into Market Sentiment - Boeing  ( NYSE:BA ) ,https://www.benzinga.com/insights/options/24/07/39889748/boeing-options-trading-a-deep-dive-into-market-sentiment,"Financial giants have made a conspicuous bullish move on Boeing. Our analysis of options history for Boeing BA revealed 19 unusual trades. Delving into the details, we found 47% of traders were bullish, while 31% showed bearish tendencies.",www.benzinga.com,0.211298,Somewhat-Bullish,BA,0.642977,0.23742,Somewhat-Bullish
2024-07-22 17:27:00,"Media Advisory: I AM Photo Opportunity: 10:30 a.m. - 11:30 a.m. PT, Tuesday July 23 2024",https://www.benzinga.com/pressreleases/24/07/n39890292/media-advisory-i-am-photo-opportunity-10-30-a-m-11-30-a-m-pt-tuesday-july-23-2024,"VANCOUVER, BC, July 22, 2024 /CNW/ - On Tuesday July 23, Invictus Games Vancouver Whistler 2025, presented by ATCO and Boeing, will kickoff its I AM Campaign with an unveiling at Jack Poole Plaza of the first of ten striking signature elements of the Campaign that will be featured throughout ...",www.benzinga.com,0.395989,Bullish,BA,0.158,0.214399,Somewhat-Bullish
2024-07-23 05:24:47,China hopes US firms can 'play a strong role' after top executives visit Beijing,https://www.scmp.com/economy/global-economy/article/3271511/china-hopes-us-firms-can-play-strong-role-after-top-executives-visit-beijing,A delegation from the US-China Business Council met with Chinese Vice-Premier He Lifeng and Foreign Minister Wang Yi in Beijing on Monday.,www.scmp.com,0.288506,Somewhat-Bullish,BA,0.068698,0.0,Neutral
2024-07-23 12:16:22,Boeing is running out of parking space - again,https://www.businessinsider.com/boeing-airplanes-awaiting-parts-delivery-clog-up-parking-spaces-2024-7,"• Around 200 Boeing jets are sitting idle in airfields and outside plants, per the Wall Street Journal. • The jets are mostly complete but are reportedly awaiting parts or delivery. • This isn't the first time Boeing planes have built-up at manufacturing facilities and airfields.",www.businessinsider.com,-0.099038,Neutral,BA,0.782378,-0.186073,Somewhat-Bearish
2024-07-23 16:44:23,Why Is Boeing Stock Seeing Blue Skies Today? - Boeing  ( NYSE:BA ) ,https://www.benzinga.com/markets/equities/24/07/39912973/why-is-boeing-stock-seeing-blue-skies-today,"The Boeing Company BA shares are trading higher on Tuesday. Boeing announced it has won contracts from major airline operators. In particular, the company disclosed an order for 20 additional 777-9 planes from Qatar Airways.",www.benzinga.com,0.187149,Somewhat-Bullish,BA,0.735253,0.334354,Somewhat-Bullish
2024-07-23 16:45:14,Why GE Aerospace Stock Is Flying Higher Today,https://www.fool.com/investing/2024/07/23/why-ge-aerospace-stock-is-flying-higher-today/,Strong aftermarket demand is pushing earnings higher.,www.fool.com,0.282143,Somewhat-Bullish,BA,0.127456,0.092802,Neutral
2024-07-24 08:00:00,EVA Orders GEnx Engines to Power Boeing 787 Fleet Expansion - GE Aero  ( NYSE:GE ) ,https://www.benzinga.com/pressreleases/24/07/n39924815/eva-orders-genx-engines-to-power-boeing-787-fleet-expansion,"FARNBOROUGH, England, July 24, 2024 /PRNewswire/ -- GE Aerospace GE announced that following EVA Air's recent deal to purchase four Boeing 787-10 Dreamliner aircraft, the airline has placed an order for GEnx engines to power their new aircraft.",www.benzinga.com,0.261144,Somewhat-Bullish,BA,0.177802,0.127786,Neutral
2024-07-24 10:25:40,GE Aerospace Wins Orders From EVA Air And American Airlines: Details - GE Aero  ( NYSE:GE ) ,https://www.benzinga.com/markets/equities/24/07/39926868/ge-aerospace-wins-orders-from-eva-air-and-american-airlines-details,"GE Aerospace GE shares are trading lower today. The company revealed that EVA Air, following its recent order for four Boeing 787-10 Dreamliners, has also ordered GEnx engines for their new aircraft.",www.benzinga.com,0.211335,Somewhat-Bullish,BA,0.114682,0.0,Neutral
2024-07-24 11:40:07,Boeing Resumes 737 MAX Deliveries To China After Regulatory Delay: Report - Boeing  ( NYSE:BA ) ,https://www.benzinga.com/markets/equities/24/07/39928770/boeing-resumes-737-max-deliveries-to-china-after-regulatory-delay-report,Boeing Company BA has reportedly resumed deliveries of its 737 MAX aircraft to China after a prolonged delay due to regulatory issues. The deliveries had been stalled for weeks following a Chinese regulatory review of the batteries powering the cockpit voice recorder.,www.benzinga.com,-0.031542,Neutral,BA,0.774534,0.075884,Neutral
2024-07-24 12:00:00,Boeing Provides Digital Flight Operations Solution for Ryanair - Boeing  ( NYSE:BA ) ,https://www.benzinga.com/pressreleases/24/07/n39929316/boeing-provides-digital-flight-operations-solution-for-ryanair,- Strategic multi-year agreement underscores Ryanair's dedication to continuous improvement and innovation in airline operations.,www.benzinga.com,0.560525,Bullish,BA,0.402941,0.584914,Bullish
2024-07-24 12:25:00,Watch These 3 Defense Stocks for Q2 Earnings: Beat or Miss?,https://www.zacks.com/stock/news/2307677/watch-these-3-defense-stocks-for-q2-earnings-beat-or-miss,"Rising interest expenses might have hurt aerospace-defense stocks' Q2 earnings amid mixed delivery impacts. Let's see how LHX, NOC & RTX report.",www.zacks.com,0.121774,Neutral,BA,0.09495,-0.136714,Neutral
2024-07-24 13:00:00,"WestJet and TELUS form partnership to revolutionize guest experience, including free inflight Wi-Fi, delivered by Starlink - TELUS  ( NYSE:TU ) ",https://www.benzinga.com/pressreleases/24/07/n39931332/westjet-and-telus-form-partnership-to-revolutionize-guest-experience-including-free-inflight-wi-fi,"WestJet and TELUS will be Canada's first to leverage Starlink technology to bring Canadians best-in-class, high-speed internet onboard beginning December 2024",www.benzinga.com,0.319741,Somewhat-Bullish,BA,0.045396,-0.003971,Neutral
2024-07-24 14:01:30,Analysts Estimate Boeing  ( BA )  to Report a Decline in Earnings: What to Look Out for,https://www.zacks.com/stock/news/2307911/analysts-estimate-boeing-ba-to-report-a-decline-in-earnings-what-to-look-out-for,Boeing (BA) doesn't possess the right combination of the two key ingredients for a likely earnings beat in its upcoming report. Get prepared with the key expectations.,www.zacks.com,0.110104,Neutral,BA,0.262994,-0.064545,Neutral
2024-07-24 14:57:00,"Ryanair  ( RYAAY )  Q1 Earnings & Revenues Lag Estimates, Down Y/Y",https://www.zacks.com/stock/news/2308037/ryanair-ryaay-q1-earnings-revenues-lag-estimates-down-yy,Ryanair (RYAAY) reports traffic growth of 10% on a year-over-year basis in the first quarter of fiscal 2025.,www.zacks.com,-0.119914,Neutral,BA,0.201244,-0.020971,Neutral
2024-07-24 15:04:00,3 Airline Stocks to Monitor Closely Despite Industry Headwinds,https://www.zacks.com/commentary/2307863/3-airline-stocks-to-monitor-closely-despite-industry-headwinds,"High costs and plane delivery delays do not bode well for the Zacks Transportation -Airline industry. However, stocks like CPA, SKYW and JBLU appear well-poised to beat the industry challenges.",www.zacks.com,0.098282,Neutral,BA,0.189373,-0.110941,Neutral
2024-07-24 15:45:00,Michelin: Segment operating income of 13.2% of sales in the first half of 2024. Strong free cash flow generation. Full-year guidance maintained.,https://www.globenewswire.com/news-release/2024/07/24/2918241/0/en/Michelin-Segment-operating-income-of-13-2-of-sales-in-the-first-half-of-2024-Strong-free-cash-flow-generation-Full-year-guidance-maintained.html,Clermont-Ferrand - July ...,www.globenewswire.com,0.245893,Somewhat-Bullish,BA,0.006864,0.087137,Neutral
2024-07-24 17:10:46,What's Going On With Boeing Airlines Stock Wednesday? - Boeing  ( NYSE:BA ) ,https://www.benzinga.com/news/24/07/39938600/whats-going-on-with-boeing-airlines-stock-wednesday,"The Boeing Company BA shares are trading lower on Wednesday. The company is anticipated to release earnings next week on July 31 before the market opens. What To Know: For the 2024 fiscal year second quarter, analysts estimate a loss of $1.76 per share and revenue of $17.26 billion.",www.benzinga.com,0.01483,Neutral,BA,0.975825,-0.083413,Neutral
2024-07-25 06:28:54,"SpaceX's Starlink Now Provides Internet Connectivity To Over 1,000 Aircraft Around The World, Allowing Passengers To Make Video Calls And Play Online Games",https://www.benzinga.com/news/24/07/39949583/spacexs-starlink-now-provides-internet-connectivity-to-over-1-000-aircraft-around-the-world-allowing,"SpaceX said on Wednesday that its satellite internet segment Starlink is now on contract to provide connectivity to over 1,000 aircraft around the globe.",www.benzinga.com,0.116011,Neutral,BA,0.126784,0.116041,Neutral
2024-07-25 07:30:12,Not yet clear skies for Boeing in China as Beijing focuses on 'absolute safety',https://www.scmp.com/economy/global-economy/article/3271827/boeing-not-yet-facing-clear-skies-china-even-deliveries-resume-executive-visits,"Boeing Global president Brendan Nelson concluded a visit to Beijing on Tuesday, while deliveries of the troubled 737 Max jet to China also resumed this week.",www.scmp.com,0.114485,Neutral,BA,0.644468,0.152938,Somewhat-Bullish
2024-07-25 09:27:00,2 Unstoppable Vanguard ETFs to Buy With $950 During the S&P 500 Bull Market,https://www.fool.com/investing/2024/07/25/2-vanguard-etfs-buy-950-during-sp-500-bull-market/,"The S&P 500 is trading near a record high, but it isn't too late for investors to buy the best-performing stocks in the index using this simple strategy.",www.fool.com,0.240257,Somewhat-Bullish,BA,0.046363,0.094652,Neutral
2024-07-25 10:51:26,Southwest profit falls 46% as airline takes 'urgent' steps to increase revenue,https://www.cnbc.com/2024/07/25/southwest-airlines-luv-earnings-q2-2024.html,Southwest is under pressure from an activist investor after it lagged competitors.,www.cnbc.com,0.111525,Neutral,BA,0.237358,0.025062,Neutral
2024-07-25 13:43:00,"Zacks Industry Outlook Highlights Boeing, Copa Holdings, SkyWest, United Airlines and JetBlue Airways",https://www.zacks.com/stock/news/2309153/zacks-industry-outlook-highlights-boeing-copa-holdings-skywest-united-airlines-and-jetblue-airways,"Boeing, Copa Holdings, SkyWest, United Airlines and JetBlue Airways are part of the Zacks Industry Outlook article.",www.zacks.com,0.119438,Neutral,BA,0.208464,-0.069457,Neutral
2024-07-25 13:46:20,What's Going On With Boeing Shares On Thursday? - Boeing  ( NYSE:BA ) ,https://www.benzinga.com/news/24/07/39959380/whats-going-on-with-boeing-shares-on-thursday,"Boeing Co BA was trading lower in premarket Thursday, opening at $179.76 per share. The air carrier has agreed to finalize a guilty plea to a criminal fraud conspiracy charge and pay at least $243.6 million for breaching a 2021 agreement with the U.S. Justice Department.",www.benzinga.com,0.08273,Neutral,BA,0.756917,0.254487,Somewhat-Bullish
2024-07-25 13:56:16,Can China smash the Airbus-Boeing duopoly?,https://www.economist.com/business/2024/07/25/can-china-smash-the-airbus-boeing-duopoly,It hopes to succeed where others have failed ...,www.economist.com,-0.045082,Neutral,BA,0.546745,-0.063644,Neutral
2024-07-25 14:02:20,Huntington Ingalls  ( HII )  Reports Next Week: Wall Street Expects Earnings Growth,https://www.zacks.com/stock/news/2308989/huntington-ingalls-hii-reports-next-week-wall-street-expects-earnings-growth,Huntington Ingalls (HII) possesses the right combination of the two key ingredients for a likely earnings beat in its upcoming report. Get prepared with the key expectations.,www.zacks.com,0.151854,Somewhat-Bullish,BA,0.174903,-0.033061,Neutral
2024-07-25 17:00:21,RTX  ( RTX )  Q2 2024 Earnings Call Transcript,https://www.fool.com/earnings/call-transcripts/2024/07/25/rtx-rtx-q2-2024-earnings-call-transcript/,"RTX earnings call for the period ending June 30, 2024.",www.fool.com,0.242621,Somewhat-Bullish,BA,0.012945,0.082822,Neutral
2024-07-25 18:15:16,Northrop Grumman  ( NOC )  Q2 2024 Earnings Call Transcript,https://www.fool.com/earnings/call-transcripts/2024/07/25/northrop-grumman-noc-q2-2024-earnings-call-transcr/,"NOC earnings call for the period ending June 30, 2024.",www.fool.com,0.28276,Somewhat-Bullish,BA,0.005282,0.078447,Neutral
2024-07-26 10:11:17,"Boeing's CEO Search Intensifies As Stephanie Pope Takes Center Stage At Farnborough International Airshow - Spirit AeroSystems Hldgs  ( NYSE:SPR ) , Boeing  ( NYSE:BA ) ",https://www.benzinga.com/markets/equities/24/07/39979612/boeings-ceo-search-intensifies-as-stephanie-pope-takes-center-stage-at-farnborough-international,"Amid Boeing Co.'s BA ongoing CEO search, Stephanie Pope, the internal favorite for the position, has taken the spotlight at the Farnborough International Airshow. What Happened: Pope, who currently heads Boeing's commercial airplane unit, has been actively engaging with customers and journalists ...",www.benzinga.com,0.191424,Somewhat-Bullish,BA,0.59972,0.137818,Neutral
2024-07-26 10:18:21,Return Of Astronauts Aboard Boeing's Starliner Uncertain Even After 50 Days Of Launch: NASA Hints At Possibility Of Using SpaceX's Dragon Spacecraft To Bring Them Back - Boeing  ( NYSE:BA ) ,https://www.benzinga.com/news/24/07/39979702/return-of-astronauts-aboard-boeings-starliner-uncertain-even-after-50-days-of-launch-nasa-hints-at-p,"The return of two astronauts aboard Boeing's BA Starliner spacecraft remains uncertain 50 days past launch due to ongoing technical issues. What Happened: ""We don't have a major announcement today relative to a return date.",www.benzinga.com,0.012059,Neutral,BA,0.298264,0.068436,Neutral
2024-07-26 12:22:00,4 Aerospace-Defense Stocks Poised to Beat on Q2 Earnings,https://www.zacks.com/stock/news/2309867/4-aerospace-defense-stocks-poised-to-beat-on-q2-earnings,"Second-quarter earnings for the Aerospace sector, which houses aerospace-defense stocks, are expected to have declined 2.3%. Let's see how LDOS, CW, ERJ & HII report.",www.zacks.com,0.191519,Somewhat-Bullish,BA,0.031612,-0.037367,Neutral
2024-07-26 13:15:24,Countdown to Boeing  ( BA )  Q2 Earnings: A Look at Estimates Beyond Revenue and EPS,https://www.zacks.com/stock/news/2309835/countdown-to-boeing-ba-q2-earnings-a-look-at-estimates-beyond-revenue-and-eps,"Besides Wall Street's top -and-bottom-line estimates for Boeing (BA), review projections for some of its key metrics to gain a deeper understanding of how the company might have fared during the quarter ended June 2024.",www.zacks.com,0.125324,Neutral,BA,0.411848,0.041702,Neutral
2024-07-26 13:42:00,Boeing  ( BA )  Stock Falls 29.5% YTD: What's Next for Its Investors?,https://www.zacks.com/stock/news/2310114/boeing-ba-stock-falls-295-ytd-whats-next-for-its-investors,Boeing (BA) has been staggering for quite some time at the bourses due to persistent quality control issues with one of its major commercial programs amid soaring demand for its aftermarket services.,www.zacks.com,0.116416,Neutral,BA,0.583426,0.191805,Somewhat-Bullish
2024-07-26 14:50:00,"Warner Bros. World™ Yas Island, Abu Dhabi soars to new heights with Etihad Airways partnership",https://www.benzinga.com/pressreleases/24/07/n39986614/warner-bros-world-yas-island-abu-dhabi-soars-to-new-heights-with-etihad-airways-partnership,"ABU DHABI, UAE, July 26, 2024 /PRNewswire/ -- Warner Bros. World™ Yas Island, Abu Dhabi, the region's largest indoor theme park, is thrilled to announce a groundbreaking extension to its partnership with Etihad Airways, marking a monumental milestone in its history.",www.benzinga.com,0.513871,Bullish,BA,0.066784,0.225404,Somewhat-Bullish
2024-07-26 15:17:00,"Warner Bros. World™ Yas Island, Abu Dhabi soars to new heights with Etihad Airways partnership",https://www.benzinga.com/pressreleases/24/07/n39987329/warner-bros-world-yas-island-abu-dhabi-soars-to-new-heights-with-etihad-airways-partnership,"Warner Bros. World™ brings the park experience directly to travelers with its first-ever branded aircraft and exclusive themed lounge at Zayed International Airport The collaboration marks the first-ever partnership of its kind in the region, offering an unparalleled experience.",www.benzinga.com,0.510816,Bullish,BA,0.028355,0.214225,Somewhat-Bullish
2024-07-26 21:45:18,Why Boeing  ( BA )  Outpaced the Stock Market Today,https://www.zacks.com/stock/news/2310356/why-boeing-ba-outpaced-the-stock-market-today,"In the latest trading session, Boeing (BA) closed at $186.89, marking a +1.38% move from the previous day.",www.zacks.com,0.269794,Somewhat-Bullish,BA,0.482078,0.345308,Somewhat-Bullish
2024-07-26 22:43:00,Breaking Down Magnificent 7 Earnings,https://www.zacks.com/commentary/2310420/breaking-down-magnificent-7-earnings,"The Mag 7 group is expected to see +26.8% earnings growth on +13.7% higher revenues, penciling in another strong showing. Can their results lift the market higher?",www.zacks.com,0.042737,Neutral,BA,0.043658,0.0,Neutral
2024-07-26 23:00:25,NASA Discovers Potential Signs of Ancient Life on Mars,https://decrypt.co/241946/nasa-discovers-potential-signs-of-ancient-life-on-mars,"""We have thrown all of our instruments at this,"" a NASA scientist tells Decrypt, but more study is needed to determine the origin.",decrypt.co,0.065542,Neutral,BA,0.074926,0.093874,Neutral
2024-07-27 07:15:28,Vistara introduces free Wi-Fi on international flights: Check pricing here,https://www.business-standard.com/companies/news/vistara-introduces-free-wi-fi-on-international-flights-check-pricing-here-124072700333_1.html,Tata-Singapore Airlines joint venture becomes first Indian airline to offer free Wi-Fi benefit ...,www.business-standard.com,0.416188,Bullish,BA,0.102449,0.158787,Somewhat-Bullish
2024-07-27 08:00:00,2 Great Stocks to Buy on a Dip This Earnings Season,https://www.fool.com/investing/2024/07/27/2-great-stocks-to-buy-on-a-dip-this-earnings-seaso/,These two stocks seem to be excellent value and have been sold off unfairly due to near-term earnings headwinds.,www.fool.com,0.053037,Neutral,BA,0.18046,0.105391,Neutral
2024-07-27 08:36:00,Boeing's Latest Outlook Is Great News for These 3 Companies,https://www.fool.com/investing/2024/07/27/boeings-latest-outlook-is-great-news-for-these-3-c/,The aerospace giant's commercial market outlook contained many interesting takeaways for investors to consider.,www.fool.com,0.311755,Somewhat-Bullish,BA,0.367606,0.162391,Somewhat-Bullish
2024-07-29 07:40:39,"Boeing Wins Space Mission Contracts Owing To Its 'Armies Of Lobbyists,' Says SpaceX CEO Elon Musk Amid Starliner Return Delay",https://www.benzinga.com/news/24/07/40004587/boeing-wins-space-mission-contracts-owing-to-its-armies-of-lobbyists-says-spacex-ceo-elon-musk-amid,"SpaceX CEO Elon Musk said on Saturday that its rival Boeing Co. is awarded government contracts in the space segment owing to their ""armies of lobbyists"" despite safety concerns around its commercial plane segment.",www.benzinga.com,0.019216,Neutral,BA,0.625544,0.100927,Neutral
2024-07-29 09:12:00,"Tesla, Alphabet, Apple, Meta and Microsoft are part of Zacks Earnings Preview",https://www.zacks.com/stock/news/2310462/tesla-alphabet-apple-meta-and-microsoft-are-part-of-zacks-earnings-preview,"Chicago, IL - July 29, 2024 - Zacks.com releases the list of companies likely to issue earnings surprises. This week's list includes Tesla ( TSLA Quick QuoteTSLA - ) , Alphabet ( GOOGL Quick QuoteGOOGL - ) , Apple ( AAPL Quick QuoteAAPL - ) , Meta ( META Quick QuoteMETA - ) and Microsoft ( MSFT ...",www.zacks.com,0.026206,Neutral,BA,0.047185,0.0,Neutral
2024-07-29 09:32:00,Boeing and Lockheed Martin Crush SpaceX in Latest Space Force Awards,https://www.fool.com/investing/2024/07/29/boeing-and-lockheed-martin-crush-spacex-in-latest/,Just because SpaceX has the world's cheapest rocket prices doesn't mean it will win all the contracts.,www.fool.com,0.299538,Somewhat-Bullish,BA,0.094204,0.173145,Somewhat-Bullish
2024-07-29 13:47:00,Boeing  ( BA )  Q2 Earnings Coming Up: Should You Buy or Sell?,https://www.zacks.com/stock/news/2311060/boeing-ba-q2-earnings-coming-up-should-you-buy-or-sell,"One should refrain from buying Boeing (BA) ahead of its Q2 results, considering its downward earnings estimate revision, dismal delivery figures as well as poor price performance.",www.zacks.com,0.029202,Neutral,BA,0.475918,0.265533,Somewhat-Bullish
2024-07-30 01:00:08,Can vibrant Southeast Asia 'tick all the boxes' as China seeks C919 buyers?,https://www.scmp.com/economy/china-economy/article/3272326/southeast-asia-seen-tick-all-boxes-china-seeks-c919-buyers,Indonesia and Brunei are firmly on China's radar as it seeks to expand the reach of its C919 and ARJ21 passenger jets.,www.scmp.com,0.110605,Neutral,BA,0.07157,-0.01119,Neutral
2024-07-30 08:03:00,Where Will Boeing Stock Be in 5 Years?,https://www.fool.com/investing/2024/07/30/where-will-boeing-stock-be-in-5-years/,This once iconic aerospace company has fallen from grace. Is now the time to buy its beaten-down stock?,www.fool.com,-0.009954,Neutral,BA,0.581269,-0.124485,Neutral
2024-07-30 12:52:07,"At the year's biggest air show, Boeing and Airbus orders were muted. Supply chain worries were not",https://www.cnbc.com/2024/07/30/farnborough-air-show-boeing-airbus-orders-supply-chain-woes.html,"A roadmap of the next few months of production will come this week, when Airbus reports quarterly results on Tuesday, followed by Boeing on Wednesday.",www.cnbc.com,-0.071125,Neutral,BA,0.460314,-0.125815,Neutral
2024-07-30 15:10:31,Why Howmet Aerospace Stock Is Flying Higher Today,https://www.fool.com/investing/2024/07/30/why-howmet-aerospace-stock-is-flying-higher-today/,Strong commercial aerospace demand fuels a big quarterly beat.,www.fool.com,0.197083,Somewhat-Bullish,BA,0.110973,0.031254,Neutral
2024-07-30 17:39:36,Will Boeing Stock Take Off On Q2 Earnings - Or Remain Grounded? What Investors Should Know Before The Report - Boeing  ( NYSE:BA ) ,https://www.benzinga.com/news/earnings/24/07/40046894/will-boeing-stock-take-off-on-q2-earnings-or-remain-grounded-what-investors-should-know-before-the-,Boeing Co BA is gearing up to report second-quarter earnings this week. Investors will be watching for any signs of a turnaround given the planemaker's dismal performance year-to-date. Here's what you need to know ahead of the print.,www.benzinga.com,0.191394,Somewhat-Bullish,BA,0.931406,0.240027,Somewhat-Bullish
2024-07-30 21:29:00,"BRODSKY & SMITH SHAREHOLDER UPDATE: Notifying Investors of the Following Investigations: Spirit AeroSystems Holdings, Inc.  ( NYSE - SPR ) , Sharecare, Inc.  ( Nasdaq - SHCR ) , GRIID Infrastructure Inc.  ( Nasdaq - GRDI ) , Infinera Corporation  ( Nasdaq - INFN ) ",https://www.benzinga.com/pressreleases/24/07/g40053853/brodsky-smith-shareholder-update-notifying-investors-of-the-following-investigations-spirit-aerosy,"BALA CYNWYD, Pa., July 30, 2024 ( GLOBE NEWSWIRE ) -- Brodsky & Smith reminds investors of the following investigations. If you own shares and wish to discuss the investigation, contact Jason Brodsky ( jbrodsky@brodskysmith.com ) or Marc Ackerman ( mackerman@brodskysmith.com ) at 855-576-4847.",www.benzinga.com,0.234477,Somewhat-Bullish,BA,0.329551,0.399507,Bullish
2024-07-30 22:32:52,"SHAREHOLDER INVESTIGATION: Halper Sadeh LLC Investigates EVRI, SPR, INFN, GRDI on Behalf of Shareholders - GRIID Infrastructure  ( NASDAQ:GRDI ) , Everi Hldgs  ( NYSE:EVRI ) ",https://www.benzinga.com/pressreleases/24/07/g40054726/shareholder-investigation-halper-sadeh-llc-investigates-evri-spr-infn-grdi-on-behalf-of-shareholde,"NEW YORK, July 30, 2024 ( GLOBE NEWSWIRE ) -- Halper Sadeh LLC, an investor rights law firm, is investigating the following companies for potential violations of the federal securities laws and/or breaches of fiduciary duties to shareholders relating to: Everi Holdings Inc.",www.benzinga.com,0.159023,Somewhat-Bullish,BA,0.104228,0.080568,Neutral
2024-07-31 00:15:17,Advanced Micro Devices  ( AMD )  Q2 2024 Earnings Call Transcript,https://www.fool.com/earnings/call-transcripts/2024/07/30/advanced-micro-devices-amd-q2-2024-earnings-call-t/,"AMD earnings call for the period ending June 30, 2024.",www.fool.com,0.295842,Somewhat-Bullish,BA,0.005172,0.210097,Somewhat-Bullish
2024-07-31 02:41:53,Akasa eyes flights to Asia tourist hotspots as overseas travel demand rises,https://www.business-standard.com/companies/news/akasa-eyes-flights-to-asia-tourist-hotspots-as-overseas-travel-demand-rises-124073100118_1.html,The Mumbai-based budget carrier is gearing up to start flights to Kathmandu in Nepal and Bangladesh's capital ...,www.business-standard.com,0.128018,Neutral,BA,0.072876,0.065417,Neutral
2024-07-31 04:45:14,Hawaiian  ( HA )  Q2 2024 Earnings Call Transcript,https://www.fool.com/earnings/call-transcripts/2024/07/31/hawaiian-ha-q2-2024-earnings-call-transcript/,"HA earnings call for the period ending June 30, 2024.",www.fool.com,0.247658,Somewhat-Bullish,BA,0.007522,0.18814,Somewhat-Bullish
2024-07-31 06:37:25,"Microsoft, Boeing And 3 Stocks To Watch Heading Into Wednesday - Microsoft  ( NASDAQ:MSFT ) ",https://www.benzinga.com/news/earnings/24/07/40059026/microsoft-boeing-and-3-stocks-to-watch-heading-into-wednesday,"With U.S. stock futures trading mixed this morning on Wednesday, some of the stocks that may grab investor focus today are as follows: Wall Street expects The Boeing Company BA to report a quarterly loss at $1.91 per share on revenue of $17.23 billion before the opening bell, according to data ...",www.benzinga.com,0.200212,Somewhat-Bullish,BA,0.419153,0.259649,Somewhat-Bullish
2024-07-31 06:50:20,Nasdaq Tumbles Amid Decline In Tech Stocks: Greed Index Moves To 'Fear' Zone - Microsoft  ( NASDAQ:MSFT ) ,https://www.benzinga.com/news/earnings/24/07/40059087/nasdaq-tumbles-amid-decline-in-tech-stocks-greed-index-moves-to-fear-zone,"The CNN Money Fear and Greed index showed a decline in the overall market sentiment, with the index moving to the ""Fear"" zone on Tuesday. U.S. stocks closed mixed on Monday, with the Dow Jones gaining more than 200 points ahead of earnings results from major companies and the Federal Reserve's ...",www.benzinga.com,-0.087127,Neutral,BA,0.194242,0.0,Neutral
2024-07-31 09:03:00,"Lockheed Martin Stock: Buy, Sell, or Hold?",https://www.fool.com/investing/2024/07/31/lockheed-martin-stock-buy-sell-or-hold/,The defense company's stock has had a strong run recently due to derisking the F-35 program and some improved margin performance.,www.fool.com,0.203175,Somewhat-Bullish,BA,0.052112,0.085281,Neutral
2024-07-31 10:30:00,GE Aerospace Silences the Doubters -- Here's Why the Stock Is a Buy,https://www.fool.com/investing/2024/07/31/ge-aerospace-silences-the-doubters-heres-why-the/,Investors worried about the impact of reduced production expectations at Boeing and Airbus will have been reassured by the aerospace giant's latest earnings report.,www.fool.com,0.150648,Somewhat-Bullish,BA,0.344872,0.162591,Somewhat-Bullish
2024-07-31 10:45:00,"Instead of Buying the Dip on ""Magnificent Seven"" Stocks Like Nvidia and Tesla, Consider These 3 Growth Stocks",https://www.fool.com/investing/2024/07/31/buy-dip-nvidia-tesla-growth-stocks-investing/,The best growth stocks aren't always the ones that are capturing the spotlight.,www.fool.com,0.250165,Somewhat-Bullish,BA,0.038843,0.103484,Neutral
2024-07-31 10:51:00,A Russell 2000 Bull Market Is Coming: 1 Unstoppable Vanguard ETF to Buy Hand Over Fist,https://www.fool.com/investing/2024/07/31/a-russell-2000-bull-market-1-vanguard-etf-buy-fist/,"Small-cap stocks are on fire in July, but the Russell 2000 is still in a technical bear market.",www.fool.com,0.131702,Neutral,BA,0.042122,0.068217,Neutral
2024-07-31 11:00:01,Boeing is set to report results before the market opens. Here's what Wall Street expects,https://www.cnbc.com/2024/07/31/boeing-ba-earnings-q2-2024.html,Boeing is expected to post another loss as a safety and manufacturing crisis weighs on deliveries of new planes.,www.cnbc.com,-0.117864,Neutral,BA,0.537474,-0.249777,Somewhat-Bearish
2024-07-31 11:56:01,"Nasdaq, S&P 500 Futures Rip Higher Wednesday: What's Going On - Invesco QQQ Trust, Series 1  ( NASDAQ:QQQ ) , SPDR S&P 500  ( ARCA:SPY ) ",https://www.benzinga.com/news/earnings/24/07/40065233/wall-street-remains-on-track-for-amd-led-rebound-ahead-of-fed-decision-meta-earnings-analyst-says-t,"Tech optimism is likely to abound on Wall Street as AI-levered stocks are feeding off the strength generated by Advanced Micro Devices, Inc.'s AMD robust second-quarter results. The major index futures are all sharply higher early Wednesday.",www.benzinga.com,0.118921,Neutral,BA,0.065327,-0.030021,Neutral
2024-07-31 12:18:43,Boeing taps former Collins Aerospace CEO Kelly Ortberg to replace Dave Calhoun,https://www.cnbc.com/2024/07/31/boeing-taps-former-collins-aerospace-ceo-kelly-ortberg-to-replace-dave-calhoun.html,"Boeing announced in March that Calhoun would step down by year's end, part of a broader company shakeup following a door plug blowout in January.",www.cnbc.com,-0.050714,Neutral,BA,0.619618,0.128886,Neutral
2024-07-31 12:18:50,"Boeing's Q2 Earnings: Huge Revenue Decline, Lower Deliveries, Names Former Aerospace Industries Association Chair Kelly Ortberg As New CEO - Boeing  ( NYSE:BA ) ",https://www.benzinga.com/news/earnings/24/07/40066164/boeings-q2-earnings-huge-revenue-decline-lower-deliveries-names-former-aerospace-industries-associa,"Boeing Co BA reported second-quarter 2024 results and named Kelly Ortberg its new President and CEO, effective August 8, 2024. Boeing reported a second-quarter revenue decline of 15% year-over-year to $16.866 billion, missing the consensus of $17.23 billion.",www.benzinga.com,0.0,Neutral,BA,0.518022,-0.032682,Neutral
2024-07-31 12:40:04,"Boeing  ( BA )  Reports Q2 Loss, Lags Revenue Estimates",https://www.zacks.com/stock/news/2312740/boeing-ba-reports-q2-loss-lags-revenue-estimates,"Boeing (BA) delivered earnings and revenue surprises of -62.01% and 3.53%, respectively, for the quarter ended June 2024. Do the numbers hold clues to what lies ahead for the stock?",www.zacks.com,0.112646,Neutral,BA,0.408949,0.028033,Neutral
2024-07-31 13:30:12,Wall Street Analysts Think Boeing  ( BA )  Is a Good Investment: Is It?,https://www.zacks.com/stock/news/2312923/wall-street-analysts-think-boeing-ba-is-a-good-investment-is-it,"According to the average brokerage recommendation (ABR), one should invest in Boeing (BA). It is debatable whether this highly sought-after metric is effective because Wall Street analysts' recommendations tend to be overly optimistic. Would it be worth investing in the stock?",www.zacks.com,0.272171,Somewhat-Bullish,BA,0.358521,0.176857,Somewhat-Bullish
2024-07-31 14:03:00,"Boeing's  ( BA )  Q2 Earnings Miss Estimates, Revenues Decline Y/Y",https://www.zacks.com/stock/news/2313228/boeings-ba-q2-earnings-miss-estimates-revenues-decline-yy,Boeing's (BA) Q2 revenues of $16.87 billion miss the Zacks Consensus Estimate by 3.5% and decline 15% from the year-ago quarter's reported figure.,www.zacks.com,-0.009638,Neutral,BA,0.455525,-0.11092,Neutral
2024-07-31 14:33:00,Pre-Markets Move Forward Ahead of Fed Announcement,https://www.zacks.com/stock/news/2313178/pre-markets-move-forward-ahead-of-fed-announcement,"The Dow is +100 points at this hour, the S&P 500 is +70 points and the Nasdaq has rocketed +410 points higher currently.",www.zacks.com,0.047301,Neutral,BA,0.091684,0.010687,Neutral
2024-07-31 14:58:00,Market Awaits Direction From Fed Meeting,https://www.zacks.com/stock/news/2313202/market-awaits-direction-from-fed-meeting,"Pre-market futures are rallying this morning. This follows a rather tepid start to the week, which appeared to take a powder ahead of today's Fed announcement on interest rates from the Federal Open Market Committee ( FOMC ) , but now looks to break out to the upside - perhaps based on pre-market ...",www.zacks.com,0.047338,Neutral,BA,0.094204,-0.0806,Neutral
2024-07-31 15:39:05,Who Is Boeing's New CEO Kelly Ortberg? Former Rockwell Collins Chief Comes Out Of Retirement - Boeing  ( NYSE:BA ) ,https://www.benzinga.com/markets/equities/24/07/40073628/who-is-boeings-new-ceo-kelly-ortberg-former-rockwell-collins-chief-comes-out-of-retirement,"After years of operations marred in controversy, Boeing Co BA announced the hire of a new chief executive on Wednesday, replacing the outgoing Dave Calhoun. What Happened: Boeing has faced years of widespread criticism following two crashes of its 737 Max and the fleet's subsequent grounding.",www.benzinga.com,0.201673,Somewhat-Bullish,BA,0.625937,0.346416,Somewhat-Bullish
2024-07-31 16:39:04,Will Boeing Earnings Drive Stock Higher? - Boeing  ( NYSE:BA ) ,https://www.benzinga.com/trading-ideas/long-ideas/24/07/40075613/stock-of-the-day-will-boeing-earnings-drive-stock-higher,The Boeing Company BA reported earnings that were well short of estimates. But the stock has moved higher and may continue to do so. The stock has formed a classic 'Ascending Triangle' on the chart. These patterns are typically reliable and have bullish implications.,www.benzinga.com,0.161417,Somewhat-Bullish,BA,0.293506,0.165606,Somewhat-Bullish
2024-07-31 16:46:18,"Boeing Reports Worse-Than-Expected Q2 Losses, Fewer Deliveries",https://www.fool.com/data-news/2024/07/31/boeing-reports-worse-than-expected-q2-losses-fewer-deliveries/,The aerospace giant's latest earnings report reveals significant financial challenges amid ongoing operational and production issues.,www.fool.com,0.004897,Neutral,BA,0.395792,0.080616,Neutral
2024-07-31 18:00:17,Boeing  ( BA )  Q2 2024 Earnings Call Transcript,https://www.fool.com/earnings/call-transcripts/2024/07/31/boeing-ba-q2-2024-earnings-call-transcript/,"BA earnings call for the period ending June 30, 2024.",www.fool.com,0.288233,Somewhat-Bullish,BA,0.088407,0.149428,Neutral
2024-07-31 19:21:36,Why Boeing Stock Is Flying Today Despite Q2's Falling Sales and Bigger Loss,https://www.fool.com/investing/2024/07/31/why-boeing-stock-is-flying-today-despite-q2/,Investors finally have good reason to believe this beleaguered company is ready for better days.,www.fool.com,0.11003,Neutral,BA,0.573651,-0.105727,Neutral
2024-08-01 02:17:51,CNBC Daily Open: Fed signals possible rate cut; Wall Street soars; oil gains as Middle East tensions rise,https://www.cnbc.com/2024/08/01/cnbc-daily-open-fed-signals-possible-rate-cut-wall-street-soars.html,"The Fed kept its benchmark rate steady at 5.25% to 5.50%, but Chair Jerome Powell signaled the U.S. central bank could cut rates in its September meeting.",www.cnbc.com,-0.004854,Neutral,BA,0.052801,0.022038,Neutral
2024-08-01 08:42:00,Air India Express freedom sale: Get fares starting at Rs 1947 from today,https://www.business-standard.com/finance/personal-finance/air-india-express-freedom-sale-get-fares-starting-at-rs-1947-from-today-124080100677_1.html,"Book your flights between now and August 5th for travel until September 30th, 2024.",www.business-standard.com,0.272161,Somewhat-Bullish,BA,0.213988,0.096031,Neutral
2024-08-01 09:13:02,Nasdaq Settles Higher As Nvidia Records Best Session Since February: Fear & Greed Index Now In 'Neutral' Zone As Investor Sentiment Improves - Amazon.com  ( NASDAQ:AMZN ) ,https://www.benzinga.com/news/earnings/24/08/40092288/nasdaq-settles-higher-as-nvidia-records-best-session-since-february-fear-greed-index-now-in-neutral,"The CNN Money Fear and Greed index showed some improvement in the overall market sentiment, while the index remained in the ""Neutral"" zone on Wednesday. U.S. stocks settled higher on Wednesday, after the Federal Reserve maintained interest rates, as widely expected.",www.benzinga.com,0.082162,Neutral,BA,0.200688,0.370998,Bullish
2024-08-01 11:49:39,"Starliner Delays Weigh On Boeing's Space Segment, Company Reports $1B Loss On Fixed-Price Programs In Q2 - Boeing  ( NYSE:BA ) ",https://www.benzinga.com/news/24/08/40097041/starliner-delays-weigh-on-boeings-space-segment-company-reports-1b-loss-on-fixed-price-programs-in-q,"Boeing Co's BA defense, space, and security segment recorded an increased loss from operations of $913 million in the second quarter and revenue of $6 billion, marking a drop of 2% year-on-year, owing to multiple factors including delays associated with its Starliner spacecraft.",www.benzinga.com,-0.004797,Neutral,BA,0.558244,-0.154511,Somewhat-Bearish
2024-08-01 15:35:14,Best Stocks To Buy Today? 2 Defense Stocks To Know,https://stockmarket.com/featured/best-stocks-to-buy-today-2-defense-stocks-to-know-2024-08-01,"The defense sector comprises companies that provide military and national security-related products and services. These firms develop and manufacture weapons, aircraft, vehicles, and technology for defense purposes. Defense stocks represent shares in these companies that are publicly traded on ...",stockmarket.com,0.267485,Somewhat-Bullish,BA,0.472959,0.247331,Somewhat-Bullish
2024-08-01 17:45:38,"Boeing's Turning Point: Analysts Raise Price Forecasts, Highlighting CEO Change and Anticipated Delivery Growth - Boeing  ( NYSE:BA ) ",https://www.benzinga.com/analyst-ratings/analyst-color/24/08/40110266/boeings-turning-point-analysts-raise-price-forecasts-highlighting-ceo-change-and-an,"Boeing Co BA shares are trading lower today following second quarter earnings miss reported yesterday. Several analysts raised the price target on the stock. Boeing reported a revenue decline of 15% Y/Y to $16.866 billion, missing the consensus of $17.23 billion, and adjusted loss per share of $ ...",www.benzinga.com,0.140133,Neutral,BA,0.782378,0.174112,Somewhat-Bullish
2024-08-02 07:01:48,SpiceJet passengers stranded at Dubai airport due to flight cancellations,https://www.business-standard.com/companies/news/spicejet-passengers-stranded-at-dubai-airport-due-to-flight-cancellations-124080200397_1.html,"Hundreds of SpiceJet passengers were stranded at the Dubai airport on Wednesday after some flights were cancelled due to to non-payment of dues by the airline to the Dubai airport authorities, according to a source.",www.business-standard.com,-0.042396,Neutral,BA,0.094762,0.0,Neutral
2024-08-02 12:14:41,Here's Why This Hot Aerospace Stock Surged This Week,https://www.fool.com/investing/2024/08/02/heres-why-this-hot-aerospace-stock-surged-this-wee/,This aerospace and defense supplier continues to exceed expectations.,www.fool.com,0.191244,Somewhat-Bullish,BA,0.497391,0.21322,Somewhat-Bullish
2024-08-02 14:16:59,Decoding Boeing's Options Activity: What's the Big Picture? - Boeing  ( NYSE:BA ) ,https://www.benzinga.com/insights/options/24/08/40132614/decoding-boeings-options-activity-whats-the-big-picture,"Whales with a lot of money to spend have taken a noticeably bullish stance on Boeing. Looking at options history for Boeing BA we detected 22 trades. If we consider the specifics of each trade, it is accurate to state that 45% of the investors opened trades with bullish expectations and 40% with ...",www.benzinga.com,0.232268,Somewhat-Bullish,BA,0.758753,0.314089,Somewhat-Bullish
2024-08-02 17:51:19,Here's Why Boeing Stock Slumped Today,https://www.fool.com/investing/2024/08/02/heres-why-boeing-stock-slumped-today/,The aerospace company's shares declined more than the market today.,www.fool.com,0.137865,Neutral,BA,0.595343,0.290847,Somewhat-Bullish
2024-08-02 18:05:54,Delta CEO offers employees free flights after CrowdStrike-Microsoft chaos,https://www.cnbc.com/2024/08/02/delta-ceo-offers-employees-free-flights-after-crowdstrike-microsoft-chaos.html,CEO Ed Bastian earlier this week said the massive IT outage cost the company about $500 million.,www.cnbc.com,-0.055352,Neutral,BA,0.127456,0.0,Neutral
2024-08-05 08:32:00,3 Stocks Down More Than 11% in 2024 That Are Screaming Buys in August,https://www.fool.com/investing/2024/08/05/3-stocks-down-more-than-11-in-2024-that-are-scream/,"The stocks have underperformed in 2024, but they all have great long-term growth prospects and investors should look at buying them on a dip.",www.fool.com,0.315922,Somewhat-Bullish,BA,0.196212,0.027003,Neutral
2024-08-05 15:58:33,Poland Taps GE Aerospace for Apache Engine Support: Finalizes New Offset Agreement - GE Aero  ( NYSE:GE ) ,https://www.benzinga.com/markets/equities/24/08/40165662/poland-taps-ge-aerospace-for-apache-engine-support-finalizes-new-offset-agreement,"GE Aerospace GE and the Polish Ministry of National Defense finalized an offset agreement for the anticipated purchase of 96 Boeing Company BA AH-64E Apache Guardian helicopters, which will use GE's T700 engines.",www.benzinga.com,0.3791,Bullish,BA,0.272788,0.156197,Somewhat-Bullish
2024-08-05 18:24:05,"Boeing Poised for Free Cash Flow Surge Post-2024, Optimism Fueled by Production and New CEO: Goldman Sachs - Boeing  ( NYSE:BA ) ",https://www.benzinga.com/analyst-ratings/analyst-color/24/08/40168743/boeing-poised-for-free-cash-flow-surge-post-2024-optimism-fueled-by-production-and-,"The Boeing Company BA shares are trading lower today. The National Transportation Safety Board disclosed that executives from Boeing and Spirit AeroSystems Holdings, Inc. SPR will testify at a hearing scheduled for Aug. 6-7 in Washington regarding the in-flight blowout on a Boeing 737-9 MAX in ...",www.benzinga.com,0.136022,Neutral,BA,0.733479,0.062733,Neutral
2024-08-05 18:45:00,"2 Top Recession-Proof Dividend Stocks to Buy Now: ATO, KMB",https://www.zacks.com/stock/news/2316391/2-top-recession-proof-dividend-stocks-to-buy-now-ato-kmb,"With things looking gloomy for the economy, investing in recession-proof stocks such as Atmos Energy (ATO) and Kimberly-Clark (KMB) seems prudent.",www.zacks.com,0.092217,Neutral,BA,0.103778,-0.037804,Neutral
2024-08-06 21:20:30,"Federal safety hearing over 737 Max blowout puts Boeing, Spirit AeroSystems factories in spotlight",https://www.cnbc.com/2024/08/06/federal-hearing-737-max-9-blowout-boeing-spirit-aerosystems.html,Boeing and Spirit AeroSystems executives faced an NTSB safety hearing over the Jan. 5 midair blowout of a door panel of a nearly-new Max 9.,www.cnbc.com,0.014377,Neutral,BA,0.615462,-0.007193,Neutral
2024-08-07 08:27:24,Boeing Says It Has A Design Change That Will Prevent Plane Doors From Flying Out Mid-Air Like What Happened On Alaska Airlines Flight - Boeing  ( NYSE:BA ) ,https://www.benzinga.com/markets/equities/24/08/40212583/boeing-says-it-has-a-design-change-that-will-prevent-plane-doors-from-flying-out-mid-air-like-wh,"Boeing Co. BA has announced plans to implement design changes aimed at preventing future mid-air cabin panel blowouts. What Happened: Boeing intends to make design alterations to prevent mid-air cabin panel blowouts, such as the one that occurred on an Alaska Airlines 737 MAX 9 flight in January, ...",www.benzinga.com,0.031526,Neutral,BA,0.794423,-0.05661,Neutral
2024-08-07 13:00:19,The Boeing Company  ( BA )  is Attracting Investor Attention: Here is What You Should Know,https://www.zacks.com/stock/news/2317839/the-boeing-company-ba-is-attracting-investor-attention-here-is-what-you-should-know,"Boeing (BA) has received quite a bit of attention from Zacks.com users lately. Therefore, it is wise to be aware of the facts that can impact the stock's prospects.",www.zacks.com,0.242156,Somewhat-Bullish,BA,0.531716,0.164248,Somewhat-Bullish
2024-08-07 16:16:12,Market Whales and Their Recent Bets on Boeing Options - Boeing  ( NYSE:BA ) ,https://www.benzinga.com/insights/options/24/08/40226992/market-whales-and-their-recent-bets-on-boeing-options,"Deep-pocketed investors have adopted a bullish approach towards Boeing BA, and it's something market players shouldn't ignore. Our tracking of public options records at Benzinga unveiled this significant move today.",www.benzinga.com,0.2161,Somewhat-Bullish,BA,0.785778,0.44593,Bullish
2024-08-07 17:28:00,The Tasty Details From Chipotle,https://www.fool.com/investing/2024/08/07/the-tasty-details-from-chipotle/,And Southwest's seating change.,www.fool.com,0.174296,Somewhat-Bullish,BA,0.018765,0.057009,Neutral
2024-08-08 03:46:00,Unit X and the Future of Defense,https://www.fool.com/investing/2024/08/07/unit-x-and-the-future-of-defense/,Bringing innovation to the government.,www.fool.com,0.065264,Neutral,BA,0.018098,0.043902,Neutral
2024-08-08 08:02:04,SpaceX CEO Elon Musk Applauds Company President Gwynne Shotwell After She Envisions Complete Worldwide Internet Connectivity In 5 Years: 'Gwynne Is Awesome',https://www.benzinga.com/news/24/08/40243971/spacex-ceo-elon-musk-applauds-company-president-gwynne-shotwell-after-she-envisions-complete-worldwi,"SpaceX CEO Elon Musk on Wednesday applauded the president of his rocket manufacturing company after the latter detailed her vision for worldwide internet connectivity in about five years at a conference this week. What Happened: ""Gwynne is awesome,"" Musk said on X.",www.benzinga.com,0.194229,Somewhat-Bullish,BA,0.080728,0.145789,Neutral
2024-08-08 08:15:00,These 3 Stocks Could Soar Under Their New CEOs,https://www.fool.com/investing/2024/08/08/these-3-stocks-could-soar-under-their-new-ceos/,New CEOs are set to have a big impact at these companies.,www.fool.com,0.336249,Somewhat-Bullish,BA,0.284972,0.198628,Somewhat-Bullish
2024-08-08 09:41:50,NTSB Calls Out Boeing For Safety Lapses: FAA Steps Up Scrutiny - Boeing  ( NYSE:BA ) ,https://www.benzinga.com/markets/equities/24/08/40245022/ntsb-calls-out-boeing-for-safety-lapses-faa-steps-up-scrutiny,"The Boeing Company BA shares are trading lower premarket today. On Wednesday, the head of the National Transportation Safety Board ( NTSB ) stated that the mid-air emergency involving Alaska Air Group, Inc. ALK Boeing 737 MAX 9 was entirely avoidable, as Boeing should have addressed unauthorized ...",www.benzinga.com,0.12186,Neutral,BA,0.855019,0.041399,Neutral
2024-08-08 09:49:02,NASA Abandoning Boeing Starliner? Space Agency Might Bring Back Sunita Williams And Butch Wilmore With 2 SpaceX Crew-9 Astronauts In February 2025 - Boeing  ( NYSE:BA ) ,https://www.benzinga.com/news/24/08/40245102/nasa-abandoning-boeing-starliner-space-agency-might-bring-back-sunita-williams-and-butch-wilmore-wit,NASA's Commercial Crew Program manager Steve Stich said on Wednesday that the agency would make a final decision on the return of astronauts Butch Wilmore and Sunita Williams from the International Space Station back home by mid-August.,www.benzinga.com,0.037846,Neutral,BA,0.420083,0.017032,Neutral
2024-08-08 16:22:00,"Copa Holdings  ( CPA )  Q2 Earnings Top, 2024 Outlook Updated",https://www.zacks.com/stock/news/2319455/copa-holdings-cpa-q2-earnings-top-2024-outlook-updated,Copa Holdings (CPA) load factor increases 0.7 percentage points to 86.8% in the second quarter of 2024.,www.zacks.com,-0.012008,Neutral,BA,0.173645,0.0,Neutral
2024-08-08 19:25:43,Delta says chaos after CrowdStrike outage cost it $380 million in revenue,https://www.cnbc.com/2024/08/08/delta-says-chaos-after-crowdstrike-outage-cost-it-380-million-in-revenue.html,Delta Air Lines on Thursday said last month's CrowdStrike outage and subsequent mass flight cancellations cost it some $550 million ...,www.cnbc.com,0.037825,Neutral,BA,0.227007,0.0,Neutral
2024-08-09 10:30:14,Waiting in the wings: Shanghai's plane swap plan likely includes China's C919,https://www.scmp.com/economy/china-economy/article/3273892/chinas-c919-waiting-wings-shanghai-announces-plane-replacement-plan,"In a recent plan suggesting its airlines replace their older aircraft by 2027, Shanghai has opened the door for newer models - like China's home-grown planes - to repopulate the city's sizeable fleets.",www.scmp.com,0.249157,Somewhat-Bullish,BA,0.118647,0.0,Neutral
2024-08-09 10:55:28,SpaceX President And Elon Musk Hit Back At ULA CEO For Comments On Starship's Raptor 3: 'Works Pretty Good For A 'Partially Assembled' Engine',https://www.benzinga.com/news/24/08/40279896/spacex-president-and-elon-musk-hit-back-at-ula-ceo-for-comments-on-starships-raptor-3-works-pretty-g,SpaceX President Gwynne Shotwell and CEO Elon Musk hit back at rival rocket manufacturing company United Launch Alliance's CEO Tory Bruno on Thursday for his comments on the company's Raptor 3 engine. What Happened: Musk and SpaceX unveiled pictures of the company's latest iteration of its Raptor ...,www.benzinga.com,0.188023,Somewhat-Bullish,BA,0.085022,0.099497,Neutral
2024-08-09 10:57:40,"Lockheed Martin, Boeing, And Northrop Grumman Rival Anduril, Led By Peter Thiel's Venture Capital, Raises $1.5B At $14B Valuation To Accelerate Autonomous Weapons Production - Lockheed Martin  ( NYSE:LMT ) , Boeing  ( NYSE:BA ) ",https://www.benzinga.com/news/24/08/40280155/lockheed-martin-boeing-and-northrop-grumman-rival-anduril-led-by-peter-thiels-venture-capital-raises,"Anduril Industries, a U.S. defense technology startup, has successfully secured $1.5 billion in funding. The investment, co-led by Peter Thiel's venture capital firm, is aimed at bolstering the production of autonomous weapons for the U.S. military and its allies.",www.benzinga.com,0.198408,Somewhat-Bullish,BA,0.171485,0.056281,Neutral
2024-08-09 12:27:37,"Boeing's New CEO Kelly Ortberg Shifts Base To Seattle Amid Airplane-Maker's Safety Crisis - Spirit AeroSystems Hldgs  ( NYSE:SPR ) , Boeing  ( NYSE:BA ) ",https://www.benzinga.com/news/24/08/40282460/boeings-new-ceo-kelly-ortberg-shifts-base-to-seattle-amid-airplane-makers-safety-crisis,"The newly appointed CEO of Boeing BA, Kelly Ortberg, has decided to move to Seattle, the company's original home, in a bid to address the ongoing safety crisis.",www.benzinga.com,-0.01452,Neutral,BA,0.682689,-0.079584,Neutral
2024-08-09 14:25:00,"Pre-Markets in Red to Close an Eventful Week, Earnings Mixed",https://www.zacks.com/stock/news/2320112/pre-markets-in-red-to-close-an-eventful-week-earnings-mixed,"U.S. stock futures inch lower after yesterday's rally, in which the broad-market index - the S&P 500 - recorded its best daily performance since November 2022. Wall Street suffered a major blow from last week's Thursday to this week's Monday, on concerns about the health of the U.S. economy, ...",www.zacks.com,-0.155531,Somewhat-Bearish,BA,0.156461,-0.181949,Somewhat-Bearish
2024-08-09 14:45:00,Mortgage Rates Fall to a 12-Month Low,https://www.zacks.com/stock/news/2320133/mortgage-rates-fall-to-a-12-month-low,"U.S. stock futures inch lower after yesterday's rally, in which the broad-market index - the S&P 500 - recorded its best daily performance since November 2022. Wall Street suffered a major blow from last week's Thursday to this week's Monday, on concerns about the health of the U.S. economy, ...",www.zacks.com,-0.162955,Somewhat-Bearish,BA,0.164468,-0.187983,Somewhat-Bearish
2024-08-10 22:48:00,"Boeing's Going, and Its CEO is Already Gone",https://www.fool.com/investing/2024/08/10/boeings-going-and-its-ceo-is-already-gone/,Boeing has a lot of problems. Can one new CEO fix them all?,www.fool.com,-0.06301,Neutral,BA,0.845307,-0.111779,Neutral
2024-08-11 17:15:37,CNBC Speculates Reasons Why Elon Musk And Donald Trump Are 'Teaming Up To Win The White House' - Is The EV Revolution Worth It?,https://www.benzinga.com/news/24/08/40303828/cnbc-speculates-reasons-why-elon-musk-and-donald-trump-are-teaming-up-to-win-the-white-house-is-the,"Once on opposite sides, Elon Musk and Donald Trump are now working together as the 2024 presidential election draws near.",www.benzinga.com,0.346875,Somewhat-Bullish,BA,0.051774,0.174522,Somewhat-Bullish
2024-08-12 07:27:52,Elon Musk Agrees SpaceX Would Have Received More Attention Had It Faced A Crisis Like Boeing With Starliner Spacecraft,https://www.benzinga.com/news/24/08/40306429/elon-musk-agrees-spacex-would-have-received-more-attention-had-it-faced-a-crisis-like-boeing-with-st,SpaceX CEO Elon Musk agreed with X users who alleged that an issue with his company's launch vehicle would gain more media attention than Boeing Co.'s Starliner crisis has been receiving.,www.benzinga.com,0.002391,Neutral,BA,0.493666,-0.041315,Neutral
2024-08-12 08:33:00,Prediction: This CEO of a Boeing and Lockheed Joint Venture Sees Billions of Dollars in His Future,https://www.fool.com/investing/2024/08/12/boeing-lockheed-joint-venture-ceo-predict-billions/,"Against all odds, United Launch Alliance's sales -- and profits -- are starting to climb again.",www.fool.com,0.207054,Somewhat-Bullish,BA,0.301686,0.347385,Somewhat-Bullish
2024-08-12 14:01:23,Smart Money Is Betting Big In Boeing Options - Boeing  ( NYSE:BA ) ,https://www.benzinga.com/insights/options/24/08/40314237/smart-money-is-betting-big-in-boeing-options,"Investors with a lot of money to spend have taken a bearish stance on Boeing BA. We noticed this today when the trades showed up on publicly available options history that we track here at Benzinga. Whether this is an institution or just a wealthy individual, we don't know.",www.benzinga.com,0.19184,Somewhat-Bullish,BA,0.780804,0.285538,Somewhat-Bullish
2024-08-12 23:30:13,Tuesday's big stock stories: What's likely to move the market in the next trading session,https://www.cnbc.com/2024/08/12/tuesdays-big-stock-stories-whats-likely-to-move-the-market-in-the-next-trading-session.html,Here's what's on the radar for CNBC TV heading into Tuesday's session as traders try to build on last week's big comeback.,www.cnbc.com,0.00938,Neutral,BA,0.099066,0.0,Neutral
2024-08-13 11:13:45,Boeing's new CEO is already showing that improving quality control is his top priority,https://www.businessinsider.com/boeings-new-ceo-tours-factories-signaling-intent-for-change-2024-8,"• Kelly Ortberg visited two key production facilities in his first few days in charge. • It signals his intent to revamp the planemaker's production quality and rebuild trust. • Ortberg also plans to be based near Seattle, Boeing's historic base and its manufacturing hub.",www.businessinsider.com,-0.068882,Neutral,BA,0.511734,-0.11315,Neutral
2024-08-13 11:59:07,Boeing partners with AIESL to service Indian Navy's P-8I aircraft,https://www.business-standard.com/companies/news/boeing-partners-with-aiesl-to-service-indian-navy-s-p-8i-aircraft-124081301219_1.html,"US aerospace giant Boeing has partnered with India's AI Engineering Services Ltd to provide overhaul services to the Indian Navy's fleet of 12 P-8I maritime surveillance aircraft. As part of the partnership, the first landing gear overhaul of a P-8I aircraft was recently completed at naval base ...",www.business-standard.com,0.22056,Somewhat-Bullish,BA,0.766141,0.279624,Somewhat-Bullish
2024-08-13 13:17:04,What's Going On With Spirit AeroSystems Shares Premarket Tuesday? - Spirit AeroSystems Hldgs  ( NYSE:SPR ) ,https://www.benzinga.com/m-a/24/08/40338746/whats-going-on-with-spirit-aerosystems-shares-premarket-tuesday,"Spirit AeroSystems Holdings, Inc. SPR shares are trading lower premarket Tuesday after the company's CEO, Patrick Shanahan, stated that they will receive a $28.5 million payout following the company's merger with The Boeing Company BA.",www.benzinga.com,0.128864,Neutral,BA,0.56217,0.240553,Somewhat-Bullish
2024-08-13 15:30:28,"Moody's, S&P Cast Doubt on Boeing's 737 MAX Target: Report - Boeing  ( NYSE:BA ) ",https://www.benzinga.com/markets/equities/24/08/40344147/moodys-s-p-cast-doubt-on-boeings-737-max-target-report,"The Boeing Company BA shares are trading nearly flat on Tuesday. According to analysts from Moody's and S&P, Boeing is reportedly expected to miss a crucial 737 MAX production target for 2024. Moody's and S&P warn that Boeing might not meet its goal of 38 MAX jets per month until 2025 due to ...",www.benzinga.com,0.066641,Neutral,BA,0.737032,-0.019512,Neutral
2024-08-13 15:34:04,Boeing partners with AI Engineering Services to support navy's P-81 fleet,https://www.business-standard.com/companies/news/boeing-partners-indian-firm-aiesl-to-support-navy-s-p-8i-fleet-124081301658_1.html,These aircraft are integral to the Indian Navy's maritime surveillance missions to pick up enemy submarines in the Indian Ocean ...,www.business-standard.com,0.033472,Neutral,BA,0.733479,0.23239,Somewhat-Bullish
2024-08-14 04:42:30,"SpiceJet Promoter Ajay Singh to dilute over 10% stake to raise Rs 3,000 cr",https://www.business-standard.com/companies/news/spicejet-promoter-ajay-singh-to-dilute-over-10-stake-to-raise-rs-3-000-cr-124081400519_1.html,"After the fundraising, Ajay Singh's shareholding in SpiceJet may drop to 30-35% from ...",www.business-standard.com,0.11455,Neutral,BA,0.089797,-0.019151,Neutral
2024-08-14 11:00:00,SOUTHWEST AIRLINES COMMENTS ON ELLIOTT MANAGEMENT'S INTENT TO REPLACE A MAJORITY OF ITS BOARD - Southwest Airlines  ( NYSE:LUV ) ,https://www.benzinga.com/pressreleases/24/08/n40362098/southwest-airlines-comments-on-elliott-managements-intent-to-replace-a-majority-of-its-board,"DALLAS, Aug. 14, 2024 /PRNewswire/ -- Southwest Airlines Co. LUV ( the ""Company"" ) has the following response to an announcement made by one of its Shareholders, Elliott Investment Management L.P. ( ""Elliott"" ) , stating its intention to replace a majority of the Southwest Airlines Board of ...",www.benzinga.com,0.263185,Somewhat-Bullish,BA,0.08282,0.083949,Neutral
2024-08-14 13:03:00,Embraer  ( ERJ )  Secures Contract to Deliver 8 E190-E2 Jets,https://www.zacks.com/stock/news/2321835/embraer-erj-secures-contract-to-deliver-8-e190-e2-jets,"Embraer (ERJ), with its recent order win, is set to provide eight E190-E2 small narrowbody aircraft to Virgin Australia.",www.zacks.com,0.229403,Somewhat-Bullish,BA,0.261818,0.254539,Somewhat-Bullish
2024-08-14 13:52:00,3 Defense Equipment Stocks to Buy Amid Solid Air Traffic View,https://www.zacks.com/commentary/2320524/3-defense-equipment-stocks-to-buy-amid-solid-air-traffic-view,"Aerospace-defense equipment stocks continue to face persistent supply-chain issues, which are likely to be offset by steadily growing air travel and valuable acquisitions. You may buy TDG, HEI and DRS.",www.zacks.com,0.216577,Somewhat-Bullish,BA,0.032251,0.069443,Neutral
2024-08-14 17:45:35,This Is What Whales Are Betting On Boeing - Boeing  ( NYSE:BA ) ,https://www.benzinga.com/insights/options/24/08/40375130/this-is-what-whales-are-betting-on-boeing,"Financial giants have made a conspicuous bullish move on Boeing. Our analysis of options history for Boeing BA revealed 36 unusual trades. Delving into the details, we found 50% of traders were bullish, while 36% showed bearish tendencies.",www.benzinga.com,0.217188,Somewhat-Bullish,BA,0.790287,0.304208,Somewhat-Bullish
2024-08-14 18:31:18,"Embraer Secures Contract to Deliver 8 E190-E2 Jets - Airbus  ( OTC:EADSY ) , Boeing  ( NYSE:BA ) ",https://www.benzinga.com/news/earnings/24/08/40369936/embraer-secures-contract-to-deliver-8-e190-e2-jets,Embraer S.A. ERJ recently clinched a contract from Virgin Australia for delivering eight of its E190-E2 small narrowbody aircraft. Deliveries are expected to start in the second half of 2025. The steady stream of orders for Embraer's E190-E2 aircraft underscores the jet maker's ability to meet ...,www.benzinga.com,0.243283,Somewhat-Bullish,BA,0.258351,0.251914,Somewhat-Bullish
2024-08-15 06:33:30,"NASA To Finalize Decision On Return Of Sunita Williams, Butch Wilmore From ISS By Late August, Says Boeing Starliner's Homecoming Without Astronauts Won't Be Labeled 'Mishap'",https://www.benzinga.com/news/24/08/40386891/nasa-to-finalize-decision-on-return-of-sunita-williams-butch-wilmore-from-iss-by-late-august-says-bo,NASA on Wednesday said that it is nearing making a final call on how and when the two astronauts who launched to the International Space Station ( ISS ) aboard Boeing's Starliner spacecraft will return home.,www.benzinga.com,0.03087,Neutral,BA,0.234119,-0.032417,Neutral
2024-08-15 11:36:52,Boeing Seals Deal with EL AL Israel Airlines For 737 MAX Jets: Details - Boeing  ( NYSE:BA ) ,https://www.benzinga.com/markets/equities/24/08/40391384/boeing-seals-deal-with-el-al-israel-airlines-for-737-max-jets-details,"Boeing Company BA shares are trading higher premarket Thursday. The company disclosed that EL AL Israel Airlines has finalized a deal for up to 31 737 MAX jets. El Al Israel Airlines inked a deal valued at up to $2.5 billion, reported Reuters.",www.benzinga.com,0.349696,Somewhat-Bullish,BA,0.522854,0.217732,Somewhat-Bullish
2024-08-15 13:01:00,Gauzy Expects To Generate an Aggregated Revenue of $240 Million Over Next 10 Years from Aeronautic Cockpit Shading,https://www.globenewswire.com/news-release/2024/08/15/2930952/0/en/Gauzy-Expects-To-Generate-an-Aggregated-Revenue-of-240-Million-Over-Next-10-Years-from-Aeronautic-Cockpit-Shading.html,New wins in Q2 2024 increase Gauzy's total market share to a dominant 95% of all cockpit shading in commercial aircraft and business jets ...,www.globenewswire.com,0.138422,Neutral,BA,0.023124,0.094721,Neutral
2024-08-15 13:15:00,Delta Air  ( DAL )  Looking to Strengthen its Mexican Presence,https://www.zacks.com/stock/news/2322506/delta-air-dal-looking-to-strengthen-its-mexican-presence,"Delta (DAL) aims to start operating flights from Detroit to Tulum from Jan 11, 2025.",www.zacks.com,0.056786,Neutral,BA,0.096671,0.076791,Neutral
2024-08-15 14:07:00,Boeing  ( BA )  Wins $264M Contract to Aid F/A-18 E/F and EA-18G Jets,https://www.zacks.com/stock/news/2322658/boeing-ba-wins-264m-contract-to-aid-fa-18-ef-and-ea-18g-jets,Boeing (BA) is set to offer repairs needed to restore the inner wing panel service life projections in relation to the new design specifications of the F/A-18 E/F and EA-18G aircraft.,www.zacks.com,0.236336,Somewhat-Bullish,BA,0.238133,0.19684,Somewhat-Bullish
2024-08-15 17:33:37,United CEO expresses 'renewed confidence' in Boeing after meeting with new leader Ortberg,https://www.cnbc.com/2024/08/15/united-ceo-scott-kirby-expresses-renewed-confidence-in-boeing-after-meeting-ceo-kelly-ortberg.html,United's CEO Kirby had lunch with Boeing's new CEO Kelly Ortberg in Texas this week.,www.cnbc.com,0.120144,Neutral,BA,0.521465,0.132426,Neutral
2024-08-16 04:47:00,Spicejet Q1 PAT slides 27% YoY to Rs 150 cr,https://www.business-standard.com/markets/capital-market-news/spicejet-q1-pat-slides-27-yoy-to-rs-150-cr-124081600817_1.html,"The low-cost air carrier's standalone net profit declined 26.69% to Rs 149.96 crore on 15.3% fall in revenue from operations to Rs 1,695.52 crore in Q1 FY25 over Q1 FY24.",www.business-standard.com,0.315712,Somewhat-Bullish,BA,0.105141,0.053773,Neutral
2024-08-16 12:41:32,Alaska Air Stock Forms Death Cross: Is Turbulence Ahead For ALK? - Alaska Air Gr  ( NYSE:ALK ) ,https://www.benzinga.com/trading-ideas/technicals/24/08/40415812/alaska-air-stock-forms-death-cross-is-turbulence-ahead-for-alk,"Alaska Air Group Inc. ALK stock just hit a technical milestone that no investor wants to see: a Death Cross. This ominous indicator occurs when the 50-day simple moving average ( SMA ) crosses below the 200-day SMA, signaling a potential continuation of the stock's downward trajectory.",www.benzinga.com,-0.092766,Neutral,BA,0.169081,-0.162852,Somewhat-Bearish
2024-08-16 13:00:00,U.S. Air Force Extends Contract with SandboxAQ to Further Develop AQNav Technology to Address GPS Jamming and Spoofing,https://www.benzinga.com/pressreleases/24/08/n40416324/u-s-air-force-extends-contract-with-sandboxaq-to-further-develop-aqnav-technology-to-address-gps-j,"Next phase of USAF contract will explore additional configurations for deployment on a wider range of aircraft platforms, including unmanned aerial systems PALO ALTO, Calif., Aug. 16, 2024 /PRNewswire/ -- SandboxAQ today announced it was awarded a SBIR Phase 2B Tactical Funding Increase ( TACFI ) ...",www.benzinga.com,0.241033,Somewhat-Bullish,BA,0.035555,0.146704,Neutral
2024-08-16 18:54:45,Why Rocket Lab Stock Rocketed 18% Today,https://www.fool.com/investing/2024/08/16/why-rocket-lab-stock-rocketed-18-today/,"Rocket Lab stock isn't profitable yet, but it's moving in the right direction...and going to Mars!",www.fool.com,0.245042,Somewhat-Bullish,BA,0.107016,0.039982,Neutral
2024-08-16 20:35:11,"J.D. Vance, Trump Force 2 Make Emergency Landing In Wisconsin: Boeing 737 Issues Reach 2024 Campaign Trail - Boeing  ( NYSE:BA ) ",https://www.benzinga.com/news/24/08/40425735/j-d-vance-trump-force-2-make-emergency-landing-in-wisconsin-boeing-737-issues-reach-2024-campaign-tr,A plane carrying Republican vice-presidential candidate J.D. Vance was forced to make an emergency landing Friday that could bring more attention to the continued safety and quality issues with the Boeing 737.,www.benzinga.com,-0.026551,Neutral,BA,0.771727,-0.123164,Neutral
2024-08-17 01:58:40,"ULA Owners In Talks To Sell SpaceX Rival To Sierra Space: Report - Lockheed Martin  ( NYSE:LMT ) , Boeing  ( NYSE:BA ) ",https://www.benzinga.com/news/24/08/40427830/ula-owners-in-talks-to-sell-spacex-rival-to-sierra-space-report,"United Launch Alliance's ( ULA ) owners, Boeing Co. BA and Lockheed Martin Corp. LMT, are reportedly considering selling the company to Sierra Space for a deal valuing the rocket launch service provider around $2 to $3 billion. What Happened: ULA is a joint venture between Boeing and Lockheed ...",www.benzinga.com,0.169669,Somewhat-Bullish,BA,0.392948,0.146483,Neutral
2024-08-17 22:16:00,Here's the Business That Could Decide Boeing's Future,https://www.fool.com/investing/2024/08/17/heres-the-business-that-could-decide-boeings-futur/,"While most of the interest falls on the company's commercial airplanes business, its defense business also deserves a close look.",www.fool.com,0.019458,Neutral,BA,0.337811,0.217882,Somewhat-Bullish
2024-08-19 07:32:00,"Stock Market News for Aug 19, 2024",https://www.zacks.com/stock/news/2323449/stock-market-news-for-aug-19-2024,U.S. stock markets closed higher on Friday to finish a fascinating week as recessions fears evaporate.,www.zacks.com,0.058455,Neutral,BA,0.134214,0.045808,Neutral
2024-08-19 11:13:00,Here's Why Investors Should Avoid Ryanair  ( RYAAY )  Stock Now,https://www.zacks.com/stock/news/2323534/heres-why-investors-should-avoid-ryanair-ryaay-stock-now,The rise in operating expenses does not bode well for Ryanair (RYAAY). Elevated labor and fuel costs hurt the company's bottom line.,www.zacks.com,-0.0462,Neutral,BA,0.204072,-0.145439,Neutral
2024-08-19 12:22:00,Boeing  ( BA )  Secures a $248M Deal to Aid F/A-18 E/F Jet Program,https://www.zacks.com/stock/news/2323671/boeing-ba-secures-a-248m-deal-to-aid-fa-18-ef-jet-program,Boeing (BA) is set to provide for the repair of landing gear used on the F/A-18 E/F aircraft.,www.zacks.com,0.286124,Somewhat-Bullish,BA,0.389552,0.244481,Somewhat-Bullish
2024-08-19 16:32:06,"Will Remote Work Come Back? Starbucks CEO Says Rules For Thee, Not For Me - Amazon.com  ( NASDAQ:AMZN ) , Boeing  ( NYSE:BA ) ",https://www.benzinga.com/news/management/24/08/40444800/will-remote-work-come-back-starbucks-ceo-says-rules-for-thee-not-for-me,"Brian Niccol made waves last week when Starbucks Corp SBUX announced the former Chipotle Mexican Grill CMG CEO would be the new leader of Starbucks. In order to entice Niccol to leave Chipotle for Starbucks, the coffee giant offered a $10-million signing bonus and another significant perk - the ...",www.benzinga.com,0.182749,Somewhat-Bullish,BA,0.232439,0.143476,Neutral
2024-08-19 22:00:00,LanzaTech and LanzaJet Announce New Project with Wagner Sustainable Fuels in Australia,https://www.globenewswire.com/news-release/2024/08/19/2932487/0/en/LanzaTech-and-LanzaJet-Announce-New-Project-with-Wagner-Sustainable-Fuels-in-Australia.html,"First Project to be Developed with the CirculAir Platform, the End-to-End Commercial Sustainable Fuels Technology Solution Converting Waste Feedstocks into SAF First Project to be Developed with the CirculAir Platform, the End-to-End Commercial Sustainable Fuels Technology Solution Converting ...",www.globenewswire.com,0.121535,Neutral,BA,0.030759,0.179718,Somewhat-Bullish
2024-08-20 01:18:08,Boeing pauses tests of 777X aircraft after finding damage to one of the jets structures,https://www.cnbc.com/2024/08/20/boeing-pauses-tests-of-777x-aircraft-after-finding-damage-to-one-of-the-jets-structures.html,It wasn't immediately clear how the grounding would affect certification and delivery of the new 777X aircraft.,www.cnbc.com,-0.181086,Somewhat-Bearish,BA,0.605266,-0.200406,Somewhat-Bearish
2024-08-20 08:00:00,Bear of the Day: Delta Air Lines  ( DAL ) ,https://www.zacks.com/commentary/2324027/bear-of-the-day-delta-air-lines-dal,The airline industry is notoriously unpredictable. Rising fuel costs and cutthroat competition make Delta stock and avoid.,www.zacks.com,-0.261382,Somewhat-Bearish,BA,0.221481,-0.165254,Somewhat-Bearish
2024-08-20 09:00:00,ServiceNow and Delta Air Lines have been highlighted as Zacks Bull and Bear of the Day,https://www.zacks.com/stock/news/2324098/servicenow-and-delta-air-lines-have-been-highlighted-as-zacks-bull-and-bear-of-the-day,"Chicago, IL - August 20, 2024 - Zacks Equity Research shares ServiceNow ( NOW Quick QuoteNOW - ) as the Bull of the Day and Delta Air Lines ( DAL Quick QuoteDAL - ) as the Bear of the Day.",www.zacks.com,0.080182,Neutral,BA,0.039418,-0.115419,Neutral
2024-08-20 10:41:41,What's Going On With Boeing Stock Premarket Tuesday? - Boeing  ( NYSE:BA ) ,https://www.benzinga.com/markets/equities/24/08/40457301/whats-going-on-with-boeing-stock-premarket-tuesday,Boeing Company BA shares are trading lower premarket Tuesday. The U.S. Federal Aviation Administration ( FAA ) reportedly disclosed that inspections of Boeing 787 Dreamliners will be required.,www.benzinga.com,0.00725,Neutral,BA,0.751437,-0.070765,Neutral
2024-08-20 10:50:00,Prediction: Boeing Might Sell Its Defense Business,https://www.fool.com/investing/2024/08/20/prediction-boeing-might-sell-its-defense-business/,"Here's a simple, one-step solution to turn Boeing profitable again.",www.fool.com,-0.014891,Neutral,BA,0.860547,-0.118252,Neutral
2024-08-20 12:08:00,Watch as Boeing's Backlog Shrinks in  ( Almost )  Real Time,https://www.fool.com/investing/2024/08/20/watch-boeings-backlog-shrink-in-almost-real-time/,"The aerospace giant may have booked 228 new orders for planes this year, but its net new orders number is less impressive.",www.fool.com,0.076239,Neutral,BA,0.752508,0.156561,Somewhat-Bullish
2024-08-20 13:23:20,Jim Cramer's top 10 things to watch in the stock market Tuesday,https://www.cnbc.com/2024/08/20/jim-cramers-top-10-things-to-watch-in-the-stock-market-tuesday-.html,The market has entered into overbought territory after an eight-day win streak for the S&P 500.,www.cnbc.com,0.150031,Somewhat-Bullish,BA,0.087344,-0.058347,Neutral
2024-08-20 15:03:41,"Boeing Stock Is Flying Low, But Are Technical Indicators Ready For Takeoff? - Boeing  ( NYSE:BA ) ",https://www.benzinga.com/trading-ideas/technicals/24/08/40465768/boeing-stock-is-flying-low-but-are-technical-indicators-ready-for-takeoff,"Boeing Co. BA is navigating some serious turbulence this year, with the stock down 31% YTD. But amid FAA inspections, halted test flights and regulatory headwinds, could the technical indicators be hinting at a turnaround? Let's buckle up and see where the charts are pointing.",www.benzinga.com,-0.160214,Somewhat-Bearish,BA,0.587962,-0.319206,Somewhat-Bearish
2024-08-20 17:53:35,Here's Why Boeing Shares Slumped Today,https://www.fool.com/investing/2024/08/20/heres-why-boeing-shares-slumped-today/,The aerospace giant has suspended certification flight testing on its new 777X jet.,www.fool.com,-0.072595,Neutral,BA,0.703874,-0.057758,Neutral
2024-08-20 21:34:00,"Three Stocks: Bank of America, Boeing, and Intel",https://moneymorning.com/2024/08/20/three-stocks-bank-of-america-boeing-and-intel/,Bank of America Bank of America ( BAC ) stock is leading the rest of the large institutional banks lower today. Shares fell more than 2% today on increased volume. Early this morning it was reported that Warren Buffett's Berkshire Hathaway had sold almost 14 million shares of BAC. The sale ...,moneymorning.com,-0.094045,Neutral,BA,0.357293,-0.036125,Neutral
2024-08-21 06:41:00,US equities end lower; Fed signals awaited,https://www.business-standard.com/markets/capital-market-news/us-equities-end-lower-fed-signals-awaited-124082100318_1.html,"US equities ended in the negative terrain on Tuesday with all eyes on US Federal minutes for cues on future rate cuts. Later in the week, remarks by Fed Chair Jerome Powell and other Fed officials at the Jackson Hole Economic Symposium are also likely to attract attention.",www.business-standard.com,0.007409,Neutral,BA,0.158519,0.08879,Neutral
2024-08-21 09:15:00,"Company News for Aug 21, 2024",https://www.zacks.com/stock/news/2324719/company-news-for-aug-21-2024,"Companies In The News Are: LLY, BA, AS, MDT.",www.zacks.com,0.084125,Neutral,BA,0.558244,-0.095961,Neutral
2024-08-21 11:37:03,"Asia Mixed, European Markets Advance; Gold Stays Near All Time High While Dollar Gains - Global Markets Today While US Slept - SmartETFs Asia Pacific Dividend Builder ETF  ( ARCA:ADIV ) ",https://www.benzinga.com/markets/asia/24/08/40482194/asia-mixed-european-markets-advance-gold-stays-near-all-time-high-while-dollar-gains-global-markets,"On Tuesday, August 20th, U.S. stock markets closed lower, with the S&P 500, Nasdaq, and Dow all experiencing modest declines, breaking an eight-day winning streak. This downturn comes as investors take a cautious pause ahead of the Jackson Hole Economic Symposium, where global central bank ...",www.benzinga.com,0.066081,Neutral,BA,0.107016,0.010273,Neutral
2024-08-21 12:16:15,Boeing's 777X Faces Yet Another Setback: Structural Cracks Reportedly Force Grounding Of Test Fleet - Boeing  ( NYSE:BA ) ,https://www.benzinga.com/markets/equities/24/08/40483291/boeings-777x-faces-yet-another-setback-structural-cracks-reportedly-force-grounding-of-test-flee,"The Boeing Company BA shares are trading marginally higher premarket Wednesday. The company reportedly discovered structural cracks in its 777X jetliner during initial test flights, adding to the delays of the long-awaited aircraft.",www.benzinga.com,0.014375,Neutral,BA,0.803061,-0.254279,Somewhat-Bearish
2024-08-21 13:00:17,Is Trending Stock The Boeing Company  ( BA )  a Buy Now?,https://www.zacks.com/stock/news/2324845/is-trending-stock-the-boeing-company-ba-a-buy-now,"Boeing (BA) has received quite a bit of attention from Zacks.com users lately. Therefore, it is wise to be aware of the facts that can impact the stock's prospects.",www.zacks.com,0.235296,Somewhat-Bullish,BA,0.532696,0.152028,Somewhat-Bullish
2024-08-22 05:56:11,"Premji Invest, Claypond in $125 mn talks for minority stake in Akasa Air",https://www.business-standard.com/companies/news/premji-invest-claypond-in-125-mn-talks-for-minority-stake-in-akasa-air-124082200310_1.html,The raised funds are expected to support Akasa Air's expansion plans and cover pre-delivery payments for new aircraft ...,www.business-standard.com,0.218504,Somewhat-Bullish,BA,0.065506,0.097133,Neutral
2024-08-22 11:59:34,"Federal Judge Who Overturned Boeing's $72M Verdict Over Stealing Trade Secrets Admits Trading Up To $15K In Airplane Maker's Stock While Overseeing The Case: 'Could Be Some Market Movement, But It's Not Going To Influence My Decision' - Boeing  ( NYSE:BA ) ",https://www.benzinga.com/markets/equities/24/08/40504636/federal-judge-who-overturned-boeings-72m-verdict-over-stealing-trade-secrets-admits-trading-up-t,A federal judge in Seattle who recently dismissed a $72 million verdict against Boeing BA revealed that he accidentally traded the company's stock while overseeing the case.,www.benzinga.com,-0.004822,Neutral,BA,0.610141,-0.197652,Somewhat-Bearish
2024-08-22 16:28:19,NASA Escorted Rocket Lab CEO Off Its Premises In 2006 - He Then Drew A Logo On A Napkin And Launched His Own Multi-Billion Dollar Space Business - Rocket Lab USA  ( NASDAQ:RKLB ) ,https://www.benzinga.com/news/24/08/40512514/nasa-escorted-rocket-lab-ceo-off-its-premises-in-2006-he-then-drew-a-logo-on-a-napkin-and-launched-h,"In 2006, a rocket enthusiast from New Zealand traveled to the United States, aiming to impress NASA with his experiments and secure an internship. Instead, he was escorted off the premises. Undeterred, he returned home, sketched a logo on a napkin, and began building his own space company.",www.benzinga.com,0.133235,Neutral,BA,0.130217,0.144745,Neutral
2024-08-22 17:16:00,Lockheed  ( LMT )  Secures a Deal to Aid H-60 Black Hawk helicopters,https://www.zacks.com/stock/news/2325969/lockheed-lmt-secures-a-deal-to-aid-h-60-black-hawk-helicopters,Lockheed's (LMT) H-60 fleet of Black Hawk multirole helicopters is a vital asset for the U.S. military and the armed forces of 34 other nations.,www.zacks.com,0.33722,Somewhat-Bullish,BA,0.219809,0.186561,Somewhat-Bullish
2024-08-22 19:13:39,"Trump Or Harris? 12 Stocks, 2 ETFs Could Win No Matter Who's President, Says Market Strategist - Check Point Software  ( NASDAQ:CHKP ) , Boeing  ( NYSE:BA ) ",https://www.benzinga.com/etfs/sector-etfs/24/08/40515453/exclusive-trump-or-harris-12-stocks-2-etfs-could-win-no-matter-whos-president-says-market-strate,Market strategist Jay Woods has identified two sectors and several investment opportunities that could thrive regardless of whether Donald Trump or Kamala Harris wins the 2024 election.,www.benzinga.com,0.199949,Somewhat-Bullish,BA,0.1331,-0.016312,Neutral
2024-08-23 15:30:46,A Closer Look at Boeing's Options Market Dynamics - Boeing  ( NYSE:BA ) ,https://www.benzinga.com/insights/options/24/08/40531010/a-closer-look-at-boeings-options-market-dynamics,"Deep-pocketed investors have adopted a bullish approach towards Boeing BA, and it's something market players shouldn't ignore. Our tracking of public options records at Benzinga unveiled this significant move today.",www.benzinga.com,0.248041,Somewhat-Bullish,BA,0.751437,0.37159,Bullish
2024-08-23 16:49:00,HEICO  ( HEI )  Buys Capewell's Divisions to Strengthen Operation,https://www.zacks.com/stock/news/2326587/heico-hei-buys-capewells-divisions-to-strengthen-operation,"HEICO (HEI) has acquired the Aerial Delivery and Descent Devices divisions of Capewell Aerial Systems, which will expand the company's operations and boost its earnings.",www.zacks.com,0.289209,Somewhat-Bullish,BA,0.195025,0.407719,Bullish
2024-08-23 17:41:08,"ALERT: Rowley Law PLLC is Investigating Proposed Acquisition of Spirit AeroSystems - Spirit AeroSystems Hldgs  ( NYSE:SPR ) , Boeing  ( NYSE:BA ) ",https://www.benzinga.com/pressreleases/24/08/g40533586/alert-rowley-law-pllc-is-investigating-proposed-acquisition-of-spirit-aerosystems,"NEW YORK, Aug. 23, 2024 ( GLOBE NEWSWIRE ) -- Rowley Law PLLC is investigating potential securities law violations by Spirit AeroSystems SPR and its board of directors concerning the proposed acquisition of the company by The Boeing Company BA. Stockholders will receive $37.25 in shares of ...",www.benzinga.com,0.12673,Neutral,BA,0.521465,0.163296,Somewhat-Bullish
2024-08-23 19:54:55,"Fed's Powell Hints At Policy Shifts, Dollar Plunges, Gold Rallies As Investors Flock To Rate-Cut Winners: This Week In The Markets - Ford Motor  ( NYSE:F ) , Boeing  ( NYSE:BA ) ",https://www.benzinga.com/markets/equities/24/08/40535770/feds-powell-hints-at-policy-shifts-dollar-plunges-gold-rallies-as-investors-flock-to-rate-cut-wi,"In a pivotal address at the Jackson Hole Symposium in Wyoming, Federal Reserve Chair Jerome Powell signaled a forthcoming shift in interest rates Friday, stating ""the time has come for policy to adjust.""",www.benzinga.com,0.258391,Somewhat-Bullish,BA,0.159043,0.365374,Bullish
2024-08-24 17:47:55,Nasa selects Musk's SpaceX to rescue astronauts marooned in space,https://www.business-standard.com/world-news/nasa-selects-musk-s-spacex-to-rescue-astronauts-marooned-in-space-124082400955_1.html,"Boeing's spacecraft will return without people on board, the US space agency said during a Saturday news conference announcing its decision ...",www.business-standard.com,-0.128321,Neutral,BA,0.504646,-0.173763,Somewhat-Bearish
2024-08-24 19:50:14,NASA Chooses SpaceX Over Boeing For Stranded Astronauts' Return: Starliner's Future In Doubt - Boeing  ( NYSE:BA ) ,https://www.benzinga.com/markets/equities/24/08/40541938/nasa-chooses-spacex-over-boeing-for-stranded-astronauts-return-starliners-future-in-doubt,Two astronauts who have been at the International Space Station since early June will return aboard a SpaceX vehicle rather than the Boeing Company BA spacecraft that transported them there.,www.benzinga.com,0.007245,Neutral,BA,0.75957,-0.15773,Somewhat-Bearish
2024-08-25 01:37:16,Nasa's decision to not use Boeing capsule to rescue astronauts adds to woes,https://www.business-standard.com/world-news/nasa-s-decision-to-not-use-boeing-capsule-to-rescue-astronauts-adds-to-woes-124082500005_1.html,"Once a symbol of American engineering and technological prowess, Boeing has seen its reputation battered since two 737 Max airliners crashed in 2018 and 2019, killing 346 people ...",www.business-standard.com,-0.019388,Neutral,BA,0.615003,-0.057972,Neutral
2024-08-25 02:25:19,Elon Musk Lauds New Boeing CEO After NASA Picks SpaceX To Return Starliner Crew: 'This Is The Right Thing To Do' - Boeing  ( NYSE:BA ) ,https://www.benzinga.com/news/24/08/40542418/elon-musk-lauds-new-boeing-ceo-after-nasa-picks-spacex-to-return-starliner-crew-this-is-the-right-th,"SpaceX CEO Elon Musk on Saturday expressed optimism for rival rocket maker Boeing Space BA under its new CEO, hours after NASA announced that the astronauts who went to space aboard Boeing's Starliner would return via a SpaceX vehicle. What Happened: ""The new Boeing CEO is spending time in the ...",www.benzinga.com,0.073469,Neutral,BA,0.68039,0.151319,Somewhat-Bullish
2024-08-25 07:43:00,Why the Air Force Is Paying Boeing $2.6 Billion for Just 2 Airplanes,https://www.fool.com/investing/2024/08/25/why-air-force-pays-boeing-26-billion-for-2-planes/,Production of just this one new plane type could refresh up to one-third of Boeing's annual defense revenue.,www.fool.com,0.181943,Somewhat-Bullish,BA,0.678673,0.320655,Somewhat-Bullish
2024-08-26 05:33:30,"Ex-General Chief Mark Milley And Former Google CEO Eric Schmidt Warn US Is 'Unprepared' For AI Warfare Against China And Russia - Northrop Grumman  ( NYSE:NOC ) , RTX  ( NYSE:RTX ) ",https://www.benzinga.com/news/24/08/40546030/ex-general-chief-mark-milley-and-former-google-ceo-eric-schmidt-warn-us-is-unprepared-for-ai-warfare,Former Chairman of the Joint Chiefs of Staff Mark Milley and ex-Google CEO Eric Schmidt have expressed concerns about the U.S.' readiness for future conflicts involving artificial intelligence.,www.benzinga.com,-0.204033,Somewhat-Bearish,BA,0.060541,-0.030016,Neutral
2024-08-26 07:53:18,"Boeing's Former CEO Dennis Muilenburg Said In 2017 His Company Will Beat Elon Musk To Mars. 7 Years Later, It Has Been Forced To Abandon NASA Astronauts At ISS, Who Will Now Be Rescued By SpaceX - Boeing  ( NYSE:BA ) ",https://www.benzinga.com/news/24/08/40546859/boeings-former-ceo-dennis-muilenburg-said-in-2017-his-company-will-beat-elon-musk-to-mars-7-years-la,"In December 2017, Boeing's BA then-CEO Dennis Muilenburg said that the first person who set foot on Mars would get there on a Boeing rocket, beating Elon Musk's SpaceX. But nearly seven years later, NASA is turning to SpaceX to return the astronauts who went to the International Space Station ( ...",www.benzinga.com,0.119865,Neutral,BA,0.69701,0.053093,Neutral
2024-08-26 11:14:40,"SpaceX CEO Elon Musk Takes A Dig At Boeing, Says Aircraft Companies Cannot Dominate Space Travel Industry - Boeing  ( NYSE:BA ) ",https://www.benzinga.com/news/24/08/40548925/spacex-ceo-elon-musk-takes-a-dig-at-boeing-says-aircraft-companies-cannot-dominate-space-travel-indu,"According to billionaire entrepreneur Elon Musk, aircraft companies will not dominate the space industry, similar to how car makers cannot dominate the aircraft business. Musk was referring to aircraft manufacturer Boeing BA, which also makes space systems.",www.benzinga.com,0.097027,Neutral,BA,0.633079,0.154891,Somewhat-Bullish
2024-08-26 11:43:49,"Lockheed Martin, RTX And Other Defense Companies To Reap Record Cash Flow Of $52B Amid Rising Geopolitical Tensions: Report - General Dynamics  ( NYSE:GD ) , Boeing  ( NYSE:BA ) ",https://www.benzinga.com/government/24/08/40549472/lockheed-martin-rtx-and-other-defense-companies-to-reap-record-cash-flow-of-52b-amid-rising-geopolit,"Government orders for weapons are expected to increase due to escalating geopolitical tensions, leading to a surge in cash flow for global aerospace and defense companies over the next three years.",www.benzinga.com,0.261893,Somewhat-Bullish,BA,0.275867,0.193679,Somewhat-Bullish
2024-08-26 12:03:01,'Horrified': Boeing worker after Nasa asks SpaceX to bring back astronauts,https://www.business-standard.com/world-news/horrified-boeing-worker-after-nasa-asks-spacex-to-bring-back-astronauts-124082600724_1.html,"Sunita Williams and Butch Wilmore, who were scheduled to complete an eight-day mission aboard the ISS in June, now face a six-month wait for a SpaceX Crew Dragon to safely return them to Earth ...",www.business-standard.com,-0.07875,Neutral,BA,0.642187,-0.011072,Neutral
2024-08-26 12:27:00,Lockheed  ( LMT )  Wins a Contract for HH-60M Black Hawk Helicopters,https://www.zacks.com/stock/news/2326916/lockheed-lmt-wins-a-contract-for-hh-60m-black-hawk-helicopters,"More than 4,000 of Lockheed's (LMT) Black Hawk helicopters of various types are in service worldwide, reflecting the solid demand that this family of helicopters enjoys.",www.zacks.com,0.359596,Bullish,BA,0.203643,0.174356,Somewhat-Bullish
2024-08-26 14:42:00,Airline Stocks Reports July Traffic Numbers: An Analysis,https://www.zacks.com/stock/news/2327118/airline-stocks-reports-july-traffic-numbers-an-analysis,"While Copa Holdings (CPA) and Ryanair Holdings (RYAAY) report impressive traffic numbers for July 2024, Allegiant (ALGT) posts dull numbers.",www.zacks.com,0.08339,Neutral,BA,0.100099,-0.17559,Somewhat-Bearish
2024-08-26 15:34:00,Teledyne's  ( TDY )  Unit Wins $114M Contract for Missile Defense,https://www.zacks.com/stock/news/2327254/teledynes-tdy-unit-wins-114m-contract-for-missile-defense,Teledyne's (TDY) subsidiary Teledyne Brown Engineering receives a $114-million contract for building target missiles.,www.zacks.com,0.282912,Somewhat-Bullish,BA,0.213674,0.257394,Somewhat-Bullish
2024-08-26 21:11:17,Tuesday's big stock stories: What's likely to move the market in the next trading session,https://www.cnbc.com/2024/08/26/tuesdays-big-stock-stories-whats-likely-to-move-the-market-in-the-next-trading-session.html,Here's what's on the radar for CNBC TV heading into Tuesday's session after the Dow Jones Industrial Average closed at a record high on Monday.,www.cnbc.com,0.094439,Neutral,BA,0.201523,0.0,Neutral
2024-08-27 10:26:26,"While Elon Musk Is Busy Taking A Dig At Boeing After Starliner Fails To Bring Astronauts Back From ISS, A New SpaceX Competitor Emerges With A Larger Rocket That Could Challenge Billionaire's Space Dominance - Rocket Lab USA  ( NASDAQ:RKLB ) ",https://www.benzinga.com/news/24/08/40571227/while-elon-musk-is-busy-taking-a-dig-at-boeing-after-starliner-fails-to-bring-astronauts-back-from-i,"Elon Musk may soon face a formidable challenger in the space industry. Peter Beck, the CEO of Rocket Lab USA, Inc. RKLB, is preparing to launch a new, larger rocket that could rival Musk's SpaceX and potentially disrupt the billionaire's space dominance.",www.benzinga.com,0.126418,Neutral,BA,0.220809,-0.034068,Neutral
2024-08-27 10:29:59,"Boeing Sees Strong Demand For Planes In China, Expects Fleet To Double By 2043 - Boeing  ( NYSE:BA ) ",https://www.benzinga.com/markets/equities/24/08/40571260/boeing-sees-strong-demand-for-planes-in-china-expects-fleet-to-double-by-2043,"The Boeing Company BA released the 2024 Commercial Market Outlook ( CMO ) , which states projects that China will more than double its commercial airplane fleet by 2043. In particular, the company expects new deliveries of 8,830 new planes in China through 2043.",www.benzinga.com,0.1961,Somewhat-Bullish,BA,0.575055,0.14639,Neutral
2024-08-27 11:15:00,Better Buy: GE Aerospace vs. Lockheed Martin,https://www.fool.com/investing/2024/08/27/better-buy-ge-aerospace-vs-lockheed-martin/,"Between the commercial aerospace company or the defense giant, which stock has the safer long-term prospects?",www.fool.com,0.137462,Neutral,BA,0.146618,0.084423,Neutral
2024-08-27 13:18:26,"Coinbase Leads Blockchain Industry's 2024 Donation Surge; Trump Struggles While Harris Dominates Narrative, Analysts Suggest GOP Momentum Shift - Top Headlines Today While US Slept",https://www.benzinga.com/news/24/08/40576918/coinbase-leads-blockchain-industrys-2024-donation-surge-trump-struggles-while-harris-dominates-narra,"Coinbase Leads The Blockchain Industry's Unprecedented Donation Spree In 2024 Election Bitcoin ETFs Surge Past $18B In Net Inflows, Ethereum ETFs Have Bled $478M: What Is Going On? This Bitcoin Offshoot Could Turn Bullish Again Despite Continued Losses, Says Analytics Firm: 'Small Fish ...",www.benzinga.com,0.070949,Neutral,BA,0.041181,0.007916,Neutral
2024-08-27 14:00:00,Boeing's China Prospects Bright: Should You Buy the Stock Now?,https://www.zacks.com/stock/news/2327761/boeings-china-prospects-bright-should-you-buy-the-stock-now,BA expects air travel in China to become the world's largest traffic flow over the next 20 years ...,www.zacks.com,0.181902,Somewhat-Bullish,BA,0.535653,0.405674,Bullish
2024-08-27 14:18:00,Here's Why You Should Invest in Air Transport Services Stock Now,https://www.zacks.com/stock/news/2327709/heres-why-you-should-invest-in-air-transport-services-stock-now,Air Transport Services' bottom line gains from declining operating expenses. The company's efforts to expand its fleet are also praiseworthy.,www.zacks.com,0.216125,Somewhat-Bullish,BA,0.07423,0.156568,Somewhat-Bullish
2024-08-27 18:21:07,"Lockheed Wins a Contract for HH-60M Black Hawk Helicopters - Airbus  ( OTC:EADSY ) , Boeing  ( NYSE:BA ) ",https://www.benzinga.com/news/earnings/24/08/40553757/lockheed-wins-a-contract-for-hh-60m-black-hawk-helicopters,"Lockheed Martin Corp.'s LMT business unit, Sikorsky, recently secured a modification contract for HH-60M Black Hawk helicopters. The award has been provided by the Army Contracting Command, Redstone Arsenal, AL. Valued at $52.2 million, the contract is expected to be completed by Jun 30, 2027.",www.benzinga.com,0.376727,Bullish,BA,0.195419,0.182987,Somewhat-Bullish
2024-08-28 06:49:13,SME stock hits 12th straight upper circuit; up 4x over IPO price in 12 days,https://www.business-standard.com/markets/news/this-sme-stock-has-up-99-on-listing-zoomed-311-over-ipo-price-in-12-days-124082800316_1.html,"Shares of Afcom Holdings were locked in 10-per cent upper circuit for the 12th straight trading day, at Rs 444.40 on the BSE in Wednesday's intraday trade. The stock had surged 99% on its listing day.",www.business-standard.com,0.242534,Somewhat-Bullish,BA,0.065866,-0.038037,Neutral
2024-08-28 09:25:32,SpaceX CEO Elon Musk Takes Another Dig At Boeing For Failing To Return Astronauts On Starliner: '…Ride-Hailing Works Even If You're In Space',https://www.benzinga.com/news/24/08/40594834/spacex-ceo-elon-musk-takes-another-dig-at-boeing-for-failing-to-return-astronauts-on-starliner-ride,Elon Musk on Tuesday made yet another jibe at Boeing Co. after NASA chose his rocket manufacturing company SpaceX to bring back the astronauts who went to the International Space Station ( ISS ) aboard Boeing's Starliner spacecraft.,www.benzinga.com,0.159013,Somewhat-Bullish,BA,0.489659,0.099729,Neutral
2024-08-28 14:00:00,"Security Robots Market Surges to USD 29.65 Billion by 2031, Propelled by 13.57% CAGR - Verified Market Research®",https://www.benzinga.com/pressreleases/24/08/g40602123/security-robots-market-surges-to-usd-29-65-billion-by-2031-propelled-by-13-57-cagr-verified-market,"Lewes, Delaware, Aug. 28, 2024 ( GLOBE NEWSWIRE ) -- The Global Security Robots Market Size is projected to grow at a CAGR of 13.57% from 2024 to 2031, according to a new report published by Verified Market Research®.",www.benzinga.com,0.229582,Somewhat-Bullish,BA,0.028695,0.118305,Neutral
2024-08-28 14:03:00,Leidos Wins a $51M Deal to Upgrade Missile Capabilities,https://www.zacks.com/stock/news/2328300/leidos-wins-a-51m-deal-to-upgrade-missile-capabilities,"LDOS gets a $51 million contract from Space Systems Command, Strategic Warning and Surveillance Systems Acquisition Delta for improving missile capabilities.",www.zacks.com,0.330914,Somewhat-Bullish,BA,0.204647,0.260039,Somewhat-Bullish
2024-08-28 14:32:24,Behind the Scenes of Boeing's Latest Options Trends - Boeing  ( NYSE:BA ) ,https://www.benzinga.com/insights/options/24/08/40603211/behind-the-scenes-of-boeings-latest-options-trends,"Deep-pocketed investors have adopted a bullish approach towards Boeing BA, and it's something market players shouldn't ignore. Our tracking of public options records at Benzinga unveiled this significant move today.",www.benzinga.com,0.220971,Somewhat-Bullish,BA,0.759885,0.369734,Bullish
2024-08-28 16:21:00,Air Industries Secures $110M Contract for GTF Engine Parts,https://www.zacks.com/stock/news/2328458/air-industries-secures-110m-contract-for-gtf-engine-parts,AIRI wins $110M contract to produce thrust struts for GTF jet engines.,www.zacks.com,0.311452,Somewhat-Bullish,BA,0.241085,0.190862,Somewhat-Bullish
2024-08-28 22:37:00,Should You Buy Boeing While It's Below $175?,https://www.fool.com/investing/2024/08/28/should-you-buy-boeing-while-its-below-175/,A lot of the bad news is already reflected in the stock price.,www.fool.com,0.170893,Somewhat-Bullish,BA,0.642977,0.353137,Bullish
2024-08-29 05:00:00,Azerion publishes interim Q2 and H1 2024 results,https://www.globenewswire.com/news-release/2024/08/29/2937485/0/en/Azerion-publishes-interim-Q2-and-H1-2024-results.html,Platform growth and improved efficiency driving performance ...,www.globenewswire.com,0.202721,Somewhat-Bullish,BA,0.004744,0.013391,Neutral
2024-08-29 10:20:06,Should You Invest in the iShares U.S. Aerospace & Defense ETF  ( ITA ) ?,https://www.zacks.com/stock/news/2328670/should-you-invest-in-the-ishares-us-aerospace-defense-etf-ita,Sector ETF report for ITA ...,www.zacks.com,0.231988,Somewhat-Bullish,BA,0.131643,0.067154,Neutral
2024-08-29 12:50:15,"From Southwest to Spirit, budget airlines are in a tailspin",https://www.economist.com/business/2024/08/29/from-southwest-to-spirit-budget-airlines-are-in-a-tailspin,The woes of America's low-cost carriers could soon be mirrored elsewhere ...,www.economist.com,0.053942,Neutral,BA,0.485711,0.071085,Neutral
2024-08-29 15:36:00,Embraer Secures Deal to Supply A-29 Super Tucano Aircraft to Uruguay,https://www.zacks.com/stock/news/2329021/embraer-secures-deal-to-supply-a-29-super-tucano-aircraft-to-uruguay,ERJ secures a new deal to supply up to six A-29 Super Tucano aircraft to Uruguay.,www.zacks.com,0.394363,Bullish,BA,0.19117,0.207027,Somewhat-Bullish
2024-08-29 18:15:16,"Should You Invest in the iShares U.S. Aerospace & Defense ETF? - GE Aero  ( NYSE:GE ) , Boeing  ( NYSE:BA ) ",https://www.benzinga.com/news/large-cap/24/08/40622809/should-you-invest-in-the-ishares-u-s-aerospace-defense-etf,"Looking for broad exposure to the Industrials - Aerospace & Defense segment of the equity market? You should consider the iShares U.S. Aerospace & Defense ETF ITA, a passively managed exchange traded fund launched on 05/01/2006.",www.benzinga.com,0.266129,Somewhat-Bullish,BA,0.130926,0.107177,Neutral
2024-08-29 21:04:28,"Woodward Appoints Karrie Bem as General Counsel, Corporate Secretary, and Chief Compliance Officer - Woodward  ( NASDAQ:WWD ) ",https://www.benzinga.com/pressreleases/24/08/g40639871/woodward-appoints-karrie-bem-as-general-counsel-corporate-secretary-and-chief-compliance-officer,"FORT COLLINS, Colo., Aug. 29, 2024 ( GLOBE NEWSWIRE ) -- Woodward WWD, a leader in aerospace and industrial energy control solutions, today announced the appointment of Karrie Bem as Executive Vice President, General Counsel, Corporate Secretary, and Chief Compliance Officer, effective September ...",www.benzinga.com,0.280724,Somewhat-Bullish,BA,0.07031,0.126911,Neutral
2024-08-29 21:45:11,Boeing  ( BA )  Stock Moves 0.91%: What You Should Know,https://www.zacks.com/stock/news/2329241/boeing-ba-stock-moves-091-what-you-should-know,"Boeing (BA) closed the most recent trading day at $172.26, moving +0.91% from the previous trading session.",www.zacks.com,0.201202,Somewhat-Bullish,BA,0.514619,0.23049,Somewhat-Bullish
2024-08-30 04:00:14,"US, European airlines losing out on China routes amid Russian airspace closure",https://www.scmp.com/economy/global-economy/article/3276417/us-european-airlines-pay-more-lose-out-chinese-carriers-amid-russian-airspace-closure,"Russia closed its airspace to 36 countries, mostly in Europe, following the outbreak of war in Ukraine in 2022.",www.scmp.com,0.004752,Neutral,BA,0.119038,0.03901,Neutral
2024-08-30 04:23:14,SpiceJet stock slips 6% after DGCA puts co under 'enhanced surveillance',https://www.business-standard.com/markets/news/spicejet-stock-slips-6-after-dgca-puts-co-under-enhanced-surveillance-124083000160_1.html,The move comes after an audit of the airline's engineering facilities on August 7 and 8 revealed certain deficiencies.,www.business-standard.com,0.178577,Somewhat-Bullish,BA,0.220809,0.0,Neutral
2024-08-30 07:15:00,2 Stocks Down 48% and 13% to Buy Right Now,https://www.fool.com/investing/2024/08/30/2-stocks-down-48-and-13-to-buy-right-now/,"These stocks may be down, but they're certainly not out.",www.fool.com,0.224622,Somewhat-Bullish,BA,0.160633,0.182686,Somewhat-Bullish
2024-08-30 07:18:08,Boeing Starliner To Undock From ISS And Return To Earth Without Crew As Early As Sept. 6 - Boeing  ( NYSE:BA ) ,https://www.benzinga.com/news/24/08/40645642/boeing-starliner-to-undock-from-iss-and-return-to-earth-without-crew-as-early-as-sept-6,"Boeing Co.'s BA Starliner spacecraft will commence its journey back to Earth after nearly three months in space no earlier than Sept. 6, NASA said on Thursday.",www.benzinga.com,0.064267,Neutral,BA,0.499789,-0.187554,Somewhat-Bearish
2024-08-30 11:30:01,Where are low-cost airlines cutting back now? New planes,https://www.cnbc.com/2024/08/30/where-are-low-cost-airlines-cutting-back-now-new-planes.html,Some discount and low-cost airlines are looking to put off big expenses on ...,www.cnbc.com,0.0,Neutral,BA,0.321207,0.056782,Neutral
2024-08-30 11:40:00,SkyWest Gains 45% YTD: How Should You Play the SKYW Stock?,https://www.zacks.com/stock/news/2329387/skywest-gains-45-ytd-how-should-you-play-the-skyw-stock,"With SKYW shares appreciating this year, we assess the current positioning of the stock to determine if it's a good investment choice at this juncture.",www.zacks.com,0.320343,Somewhat-Bullish,BA,0.179343,0.024463,Neutral
2024-08-30 13:26:16,"Bitcoin, Ethereum, Dogecoin Remain Volatile; Kamala Harris Pledges Tougher Border Policy and Support for Israel in First Major Interview as Presidential Nominee - Top Headlines Today While US Slept",https://www.benzinga.com/markets/cryptocurrency/24/08/40651974/bitcoin-ethereum-dogecoin-remain-volatile-kamala-harris-pledges-tougher-border-policy-and-,"Cat-themed Popcat Tumbles Over 8% - Dogecoin, Shiba Inu, Pepe Little Changed Bitcoin, Ethereum, Dogecoin Remain Choppy - Trader Says 'Still Holding Long, Ready To Add ' If King Crypto Dips Lower Trump Said Plan To Make US 'Crypto Capital' Of The Planet Would Come By Afternoon: Crypto Community ...",www.benzinga.com,-0.105331,Neutral,BA,0.04823,0.0,Neutral
2024-08-30 15:31:27,Why Is Boeing  ( BA )  Down 3.4% Since Last Earnings Report?,https://www.zacks.com/stock/news/2329792/why-is-boeing-ba-down-34-since-last-earnings-report,Boeing (BA) reported earnings 30 days ago. What's next for the stock? We take a look at earnings estimates for some clues.,www.zacks.com,-0.035921,Neutral,BA,0.053629,-0.095142,Neutral
2024-08-31 03:46:20,NASA Revamps SpaceX's Crew 9 Lineup To Make Room For Astronauts Stranded At ISS Due To Boeing's Starliner Issues - Boeing  ( NYSE:BA ) ,https://www.benzinga.com/news/24/08/40665221/nasa-revamps-spacexs-crew-9-lineup-to-make-room-for-astronauts-stranded-at-iss-due-to-boeings-starli,"Only two astronauts will launch on NASA's upcoming SpaceX Crew-9 mission instead of four to accommodate the two astronauts who arrived at the station aboard Boeing's BA Starliner spacecraft, the space agency said on Friday.",www.benzinga.com,0.030678,Neutral,BA,0.261117,-0.162181,Somewhat-Bearish
