time,title,url,summary,source,overall_sentiment_score,overall_sentiment_label,ticker,ticker_relevance_score,ticker_sentiment_score,ticker_sentiment_label
2024-04-01 16:10:14,Why Caterpillar  ( CAT )  is Poised to Beat Earnings Estimates Again,https://www.zacks.com/stock/news/2248596/why-caterpillar-cat-is-poised-to-beat-earnings-estimates-again,Caterpillar (CAT) has an impressive earnings surprise history and currently possesses the right combination of the two key ingredients for a likely beat in its next quarterly report.,www.zacks.com,0.323646,Somewhat-Bullish,CAT,0.418689,0.459263,Bullish
2024-04-02 13:15:05,"Caterpillar Inc.  ( CAT )  Hit a 52 Week High, Can the Run Continue?",https://www.zacks.com/stock/news/2249024/caterpillar-inc-cat-hit-a-52-week-high-can-the-run-continue,"Caterpillar (CAT) is at a 52-week high, but can investors hope for more gains in the future? We take a look at the company's fundamentals for clues.",www.zacks.com,0.275524,Somewhat-Bullish,CAT,0.726144,0.444321,Bullish
2024-04-02 13:40:12,Are Industrial Products Stocks Lagging Caterpillar  ( CAT )  This Year?,https://www.zacks.com/stock/news/2249079/are-industrial-products-stocks-lagging-caterpillar-cat-this-year,Here is how Caterpillar (CAT) and DISCO CORP (DSCSY) have performed compared to their sector so far this year.,www.zacks.com,0.272617,Somewhat-Bullish,CAT,0.767792,0.487222,Bullish
2024-04-02 16:45:03,Caterpillar  ( CAT )  is an Incredible Growth Stock: 3 Reasons Why,https://www.zacks.com/stock/news/2249361/caterpillar-cat-is-an-incredible-growth-stock-3-reasons-why,"Caterpillar (CAT) is well positioned to outperform the market, as it exhibits above-average growth in financials.",www.zacks.com,0.452273,Bullish,CAT,0.499102,0.33351,Somewhat-Bullish
2024-04-02 21:45:21,Caterpillar  ( CAT )  Advances While Market Declines: Some Information for Investors,https://www.zacks.com/stock/news/2249379/caterpillar-cat-advances-while-market-declines-some-information-for-investors,"Caterpillar (CAT) closed the most recent trading day at $364.83, moving +0.3% from the previous trading session.",www.zacks.com,0.168218,Somewhat-Bullish,CAT,0.531019,0.156237,Somewhat-Bullish
2024-04-03 15:02:00,Stocks Reverse Higher Ahead Of Powell Speech; Nvidia Up Despite Taiwan Quake As Tesla Falls,https://www.investors.com/market-trend/stock-market-today/dow-jones-sp500-nasdaq-nvidia-stock-powell/,Stocks Reverse Higher Ahead Of Powell Speech. Nvidia Up Despite Taiwan Quake As Tesla Falls Investor's Business Daily ...,www.investors.com,-0.012012,Neutral,CAT,0.11983,0.0,Neutral
2024-04-04 12:50:10,These 2 Industrial Products Stocks Could Beat Earnings: Why They Should Be on Your Radar,https://www.zacks.com/stock/news/2250295/these-2-industrial-products-stocks-could-beat-earnings-why-they-should-be-on-your-radar,Investors looking for ways to find stocks that are set to beat quarterly earnings estimates should check out the Zacks Earnings ESP.,www.zacks.com,0.407173,Bullish,CAT,0.266828,0.269542,Somewhat-Bullish
2024-04-05 11:32:00,5 Blue-Chip Stocks to Buy Despite Dow's Recent Meltdown,https://www.zacks.com/stock/news/2251011/5-blue-chip-stocks-to-buy-despite-dows-recent-meltdown,"We have narrowed our search to five Dow stocks that have strong potential for 2024. These stocks are: AXP, TRV, PG, IBM, CAT.",www.zacks.com,0.324074,Somewhat-Bullish,CAT,0.170395,0.118272,Neutral
2024-04-05 14:49:00,"Stock Market Heads Higher After Robust Jobs Data; Tech Rally Led By Amazon, AMD, Netflix",https://www.investors.com/market-trend/stock-market-today/dow-jones-nasdaq-sp500-nflx-stock-amazon-stock-amd-stock/,"Stock Market Heads Higher After Robust Jobs Data. Tech Rally Led By Amazon, AMD, Netflix Investor's Business Daily ...",www.investors.com,0.121495,Neutral,CAT,0.123844,-0.018486,Neutral
2024-04-05 16:00:06,Are You Looking for a Top Momentum Pick? Why Caterpillar  ( CAT )  is a Great Choice,https://www.zacks.com/stock/news/2251355/are-you-looking-for-a-top-momentum-pick-why-caterpillar-cat-is-a-great-choice,Does Caterpillar (CAT) have what it takes to be a top stock pick for momentum investors? Let's find out.,www.zacks.com,0.292888,Somewhat-Bullish,CAT,0.592742,0.404439,Bullish
2024-04-05 18:01:00,Stocks Buck Strong Jobs Data; Nvidia Tests This Key Level As Tesla Falls On Stock Market Today,https://www.investors.com/market-trend/stock-market-today/dow-jones-sp500-nasdaq-tesla-stock-nvidia-stock/,Stocks Buck Strong Jobs Data. Nvidia Tests This Key Level As Tesla Falls Investor's Business Daily ...,www.investors.com,0.130705,Neutral,CAT,0.127119,-0.145434,Neutral
2024-04-05 18:40:45,Why Caterpillar Stock Is Up Today,https://www.fool.com/investing/2024/04/05/why-caterpillar-stock-is-up-today/,Progress Rail Services is going to Canada.,www.fool.com,0.236547,Somewhat-Bullish,CAT,0.634282,0.342072,Somewhat-Bullish
2024-04-08 07:47:00,"Agricultural Machinery Market In US size is set to grow by USD 10.17 bn from 2024-2028,rising adoption of advanced ... - PR Newswire",https://www.prnewswire.com/news-releases/agricultural-machinery-market-in-us-size-is-set-to-grow-by-usd-10-17-bn-from-2024-2028-rising-adoption-of-advanced-agricultural-machinery-boost-the-market--technavio-302109901.html,"Agricultural Machinery Market In US size is set to grow by USD 10.17 bn from 2024-2028,rising adoption of advanced ... PR ...",www.prnewswire.com,0.261374,Somewhat-Bullish,CAT,0.037681,0.0,Neutral
2024-04-08 12:49:00,Factory Orders Soar as Manufacturing Rebounds: 5 Winners,https://www.zacks.com/stock/news/2251940/factory-orders-soar-as-manufacturing-rebounds-5-winners,"The manufacturing sector is showing signs of a rebound so investing in stocks like Caterpillar (CAT), Hubbell (HUBB), Parker-Hannifin (PH), Applied Industrial Technologies (AIT) and A. O. Smith (AOS) would be a wise decision.",www.zacks.com,0.211576,Somewhat-Bullish,CAT,0.275867,0.1833,Somewhat-Bullish
2024-04-08 13:15:04,"H&E Equipment Services, Inc.  ( HEES )  Hits Fresh High: Is There Still Room to Run?",https://www.zacks.com/stock/news/2251814/he-equipment-services-inc-hees-hits-fresh-high-is-there-still-room-to-run,"H&E Equipment (HEES) is at a 52-week high, but can investors hope for more gains in the future? We take a look at the company's fundamentals for clues.",www.zacks.com,0.312769,Somewhat-Bullish,CAT,0.411176,0.431337,Bullish
2024-04-08 14:05:00,4 GARP Stocks to Scoop Up for Maximum Returns,https://www.zacks.com/stock/news/2251989/4-garp-stocks-to-scoop-up-for-maximum-returns,"Try the GARP strategy when seeking a profitable portfolio of stocks offering optimum value and growth investing. HUBB, CAT, AXP and AMP are some stocks that hold promise.",www.zacks.com,0.429462,Bullish,CAT,0.165598,0.274019,Somewhat-Bullish
2024-04-09 13:02:00,Here's Why Investing in Donaldson  ( DCI )  Stock Makes Sense Now,https://www.zacks.com/stock/news/2252685/heres-why-investing-in-donaldson-dci-stock-makes-sense-now,Donaldson (DCI) is set to benefit from strength in its Industrial Solutions segment. Its measures to reward its shareholders are encouraging.,www.zacks.com,0.375767,Bullish,CAT,0.201803,0.202106,Somewhat-Bullish
2024-04-09 15:15:44,Caterpillar Unusual Options Activity - Caterpillar  ( NYSE:CAT ) ,https://www.benzinga.com/insights/options/24/04/38166374/caterpillar-unusual-options-activity,"Financial giants have made a conspicuous bearish move on Caterpillar. Our analysis of options history for Caterpillar CAT revealed 11 unusual trades. Delving into the details, we found 45% of traders were bullish, while 54% showed bearish tendencies.",www.benzinga.com,0.192369,Somewhat-Bullish,CAT,0.837089,0.282418,Somewhat-Bullish
2024-04-10 05:08:08,Chip Manufacturing in the Spotlight: TSMC and Intel News,https://www.fool.com/investing/2024/04/10/chip-manufacturing-in-the-spotlight/,We've also got a look at Disney's victory and chat with Spire Global CEO Peter Platzer to discuss the company's partnership with Nvidia and uses for satellite data.,www.fool.com,0.117967,Neutral,CAT,0.009192,0.047746,Neutral
2024-04-10 13:00:16,Caterpillar Inc.  ( CAT )  Is a Trending Stock: Facts to Know Before Betting on It,https://www.zacks.com/stock/news/2253171/caterpillar-inc-cat-is-a-trending-stock-facts-to-know-before-betting-on-it,"Caterpillar (CAT) has received quite a bit of attention from Zacks.com users lately. Therefore, it is wise to be aware of the facts that can impact the stock's prospects.",www.zacks.com,0.22852,Somewhat-Bullish,CAT,0.487546,0.168048,Somewhat-Bullish
2024-04-10 16:26:00,Kennametal  ( KMT )  Exhibits Strong Prospects Despite Headwinds,https://www.zacks.com/stock/news/2253568/kennametal-kmt-exhibits-strong-prospects-despite-headwinds,"Kennametal (KMT) is set to benefit from the solid momentum in the Metal Cutting segment and innovation capabilities. However, weakness in the Infrastructure segment remains a concern.",www.zacks.com,0.271528,Somewhat-Bullish,CAT,0.196344,0.190445,Somewhat-Bullish
2024-04-11 21:45:20,Caterpillar  ( CAT )  Stock Declines While Market Improves: Some Information for Investors,https://www.zacks.com/stock/news/2254092/caterpillar-cat-stock-declines-while-market-improves-some-information-for-investors,"Caterpillar (CAT) reachead $371.98 at the closing of the latest trading day, reflecting a -0.02% change compared to its last close.",www.zacks.com,0.232444,Somewhat-Bullish,CAT,0.596978,0.338689,Somewhat-Bullish
2024-04-12 13:12:00,5 Top Dividend Growth Stocks to Counter Volatility,https://www.zacks.com/stock/news/2254370/5-top-dividend-growth-stocks-to-counter-volatility,"NetApp (NTAP), Caterpillar (CAT), Dick's Sporting Goods (DKS), KB Home (KBH) and Applied Materials (AMAT) could be solid choices for your portfolio amid volatility.",www.zacks.com,0.335641,Somewhat-Bullish,CAT,0.137474,0.164189,Somewhat-Bullish
2024-04-12 14:57:00,Allegion  ( ALLE )  Gains 28% in a Year: Will the Trend Last?,https://www.zacks.com/stock/news/2254714/allegion-alle-gains-28-in-a-year-will-the-trend-last,Strength in the Allegion Americas segment and accretive acquisitions bode well for Allegion (ALLE). The company's measures to reward its shareholders are encouraging.,www.zacks.com,0.32448,Somewhat-Bullish,CAT,0.265859,0.240695,Somewhat-Bullish
2024-04-15 15:07:00,Reasons Why You Should Avoid Betting on Barnes  ( B )  Stock Now,https://www.zacks.com/stock/news/2255434/reasons-why-you-should-avoid-betting-on-barnes-b-stock-now,Weakness in the motion control solutions business within the Industrial segment is weighing on Barnes (B). Rising costs are an added concern for the company.,www.zacks.com,-0.01706,Neutral,CAT,0.209365,0.199859,Somewhat-Bullish
2024-04-16 07:00:00,Caterpillar Receives IBD Stock Rating Upgrade,https://www.investors.com/ibd-data-stories/caterpillar-receives-ibd-stock-rating-upgrade/,"Caterpillar ( CAT ) saw its IBD SmartSelect Composite Rating jump to 96 Tuesday, up from 94 the day before. X The revised score means the stock currently tops 96% of all other stocks in terms of key performance metrics and technical strength.",www.investors.com,0.3027,Somewhat-Bullish,CAT,0.601928,0.0,Neutral
2024-04-16 14:31:34,Caterpillar Options Trading: A Deep Dive into Market Sentiment - Caterpillar  ( NYSE:CAT ) ,https://www.benzinga.com/insights/options/24/04/38272905/caterpillar-options-trading-a-deep-dive-into-market-sentiment,"Deep-pocketed investors have adopted a bearish approach towards Caterpillar CAT, and it's something market players shouldn't ignore. Our tracking of public options records at Benzinga unveiled this significant move today.",www.benzinga.com,0.168639,Somewhat-Bullish,CAT,0.845475,0.305258,Somewhat-Bullish
2024-04-16 15:08:00,RBC Bearings  ( RBC )  Exhibits Strong Prospects Despite Headwinds,https://www.zacks.com/stock/news/2256201/rbc-bearings-rbc-exhibits-strong-prospects-despite-headwinds,"RBC Bearings (RBC) is set to benefit from strong momentum in the Aerospace/Defense segment. However, weakness in the semiconductor market remains a concern.",www.zacks.com,0.270891,Somewhat-Bullish,CAT,0.205225,0.196855,Somewhat-Bullish
2024-04-16 15:15:00,Reasons Why You Should Avoid Betting on MRC Global  ( MRC ) ,https://www.zacks.com/stock/news/2256211/reasons-why-you-should-avoid-betting-on-mrc-global-mrc,Weakness in the PTI sectors is weighing on MRC Global (MRC). Rising costs are an added concern for the company.,www.zacks.com,-0.004815,Neutral,CAT,0.235823,0.219119,Somewhat-Bullish
2024-04-17 02:18:29,"Cathie Wood's Ark Laps Up $3.3M Worth Of Tesla As Stock Falls For 3rd Straight Session, Sheds Shares Of This Sports Betting Company - Tesla  ( NASDAQ:TSLA ) ",https://www.benzinga.com/markets/equities/24/04/38284203/cathie-woods-ark-laps-up-3-3m-worth-of-tesla-as-stock-falls-for-3rd-straight-session-sheds-share,"Tesla, Inc. TSLA shares settled lower for a third session on a trot on Tuesday amid worries over a potentially dismal quarter and also rumors of a strategic shift in its product pipeline plans. Undeterred by the predicament, Ark Invest run by Tesla bull Cathie Wood was a buyer of the weakness.",www.benzinga.com,0.120542,Neutral,CAT,0.177802,0.400184,Bullish
2024-04-17 13:23:46,2 Wall Street Analysts Share Differing Views on Caterpillar Stock. Who Is Right?,https://www.fool.com/investing/2024/04/17/wall-street-analyst-caterpillar-stock-drop-sell/,The bull and bear debate over the cyclical stock rages on.,www.fool.com,0.136948,Neutral,CAT,0.447528,0.349809,Somewhat-Bullish
2024-04-17 20:00:44,Here's How Much You Would Have Made Owning Caterpillar Stock In The Last 10 Years - Caterpillar  ( NYSE:CAT ) ,https://www.benzinga.com/insights/news/24/04/38301288/heres-how-much-you-would-have-made-owning-caterpillar-stock-in-the-last-10-years,"Caterpillar CAT has outperformed the market over the past 10 years by 2.88% on an annualized basis producing an average annual return of 13.19%. Currently, Caterpillar has a market capitalization of $178.77 billion.",www.benzinga.com,0.238974,Somewhat-Bullish,CAT,0.95919,0.384695,Bullish
2024-04-17 20:36:00,This Combination of 3 Stocks Provides Monthly Income,https://www.zacks.com/commentary/2257185/this-combination-of-3-stocks-provides-monthly-income,"While most companies pay their dividends on a quarterly basis, investors can construct a portfolio that allows for monthly payouts with just a bit of positioning.",www.zacks.com,0.26058,Somewhat-Bullish,CAT,0.398781,0.218961,Somewhat-Bullish
2024-04-17 21:10:00,"Top Research Reports for Eli Lilly, Linde & Caterpillar",https://www.zacks.com/research-daily/2256781/top-research-reports-for-eli-lilly-linde-caterpillar,"Today's Research Daily features new research reports on 16 major stocks, including Eli Lilly and Company (LLY), Linde plc (LIN) and Caterpillar Inc. (CAT).",www.zacks.com,0.184592,Somewhat-Bullish,CAT,0.158519,0.083973,Neutral
2024-04-17 21:45:20,Caterpillar  ( CAT )  Stock Moves -0.43%: What You Should Know,https://www.zacks.com/stock/news/2257203/caterpillar-cat-stock-moves--043-what-you-should-know,"The latest trading day saw Caterpillar (CAT) settling at $358.32, representing a -0.43% change from its previous close.",www.zacks.com,0.165414,Somewhat-Bullish,CAT,0.580956,0.22695,Somewhat-Bullish
2024-04-18 08:20:00,"The Zacks Analyst Blog Highlights Eli Lilly, Linde, Caterpillar, Salesforce, and Wells Fargo",https://www.zacks.com/stock/news/2257331/the-zacks-analyst-blog-highlights-eli-lilly-linde-caterpillar-salesforce-and-wells-fargo,"Eli Lilly, Linde, Caterpillar, Salesforce, and Wells Fargo are included in this Analyst Blog.",www.zacks.com,0.172806,Somewhat-Bullish,CAT,0.31482,0.059311,Neutral
2024-04-18 12:17:53,Analysts Forecast 22% Surge For This 'Dividend Aristocrat' Amid Economic Uncertainty - Caterpillar  ( NYSE:CAT ) ,https://www.benzinga.com/markets/equities/24/04/38312273/analysts-forecast-22-surge-for-this-dividend-aristocrat-amid-economic-uncertainty,"Despite the global economic uncertainty, Caterpillar Inc. CAT, a leading industrial firm, is being eyed as a promising investment. Analysts are forecasting a potential 22% rally in the company's stock.",www.benzinga.com,0.262075,Somewhat-Bullish,CAT,0.606946,0.342369,Somewhat-Bullish
2024-04-18 12:37:00,5 Blue-Chip Stocks Set to Beat on Earnings Results This Month,https://www.zacks.com/stock/news/2257609/5-blue-chip-stocks-set-to-beat-on-earnings-results-this-month,"We have narrowed our search to five Dow stocks that are poised to beat on earnings results this month. These are: CAT, AXP, HON, V, DOW.",www.zacks.com,0.342164,Somewhat-Bullish,CAT,0.19117,0.262352,Somewhat-Bullish
2024-04-18 12:50:11,Why Investors Need to Take Advantage of These 2 Industrial Products Stocks Now,https://www.zacks.com/stock/news/2257444/why-investors-need-to-take-advantage-of-these-2-industrial-products-stocks-now,Why investors should use the Zacks Earnings ESP tool to help find stocks that are poised to top quarterly earnings estimates.,www.zacks.com,0.361256,Bullish,CAT,0.365166,0.377933,Bullish
2024-04-18 14:01:53,Caterpillar  ( CAT )  Reports Next Week: Wall Street Expects Earnings Growth,https://www.zacks.com/stock/news/2257716/caterpillar-cat-reports-next-week-wall-street-expects-earnings-growth,Caterpillar (CAT) possesses the right combination of the two key ingredients for a likely earnings beat in its upcoming report. Get prepared with the key expectations.,www.zacks.com,0.191206,Somewhat-Bullish,CAT,0.301315,0.247772,Somewhat-Bullish
2024-04-18 16:16:00,"Booming construction of AI data centers is creating constraints on the power grid. These 6 stocks are set to profit from the demand for better infrastructure, according to Bank of America.",https://www.businessinsider.com/top-stocks-benefiting-ai-data-center-boom-bank-of-america-2024-4,6 Stocks Set to Benefit From AI Data Center Boom: Bank of America - Business Insider ...,www.businessinsider.com,0.197,Somewhat-Bullish,CAT,0.149192,0.074427,Neutral
2024-04-19 10:00:00,"The Zacks Analyst Blog Highlights Caterpillar, Honeywell, Visa and Dow",https://www.zacks.com/stock/news/2258176/the-zacks-analyst-blog-highlights-caterpillar-honeywell-visa-and-dow,"Caterpillar, Honeywell, Visa and Dow are included in this Analyst Blog.",www.zacks.com,0.333332,Somewhat-Bullish,CAT,0.243701,0.228508,Somewhat-Bullish
2024-04-19 15:02:52,Caterpillar's Options: A Look at What the Big Money is Thinking - Caterpillar  ( NYSE:CAT ) ,https://www.benzinga.com/insights/options/24/04/38336588/caterpillars-options-a-look-at-what-the-big-money-is-thinking,"Investors with a lot of money to spend have taken a bullish stance on Caterpillar CAT. We noticed this today when the trades showed up on publicly available options history that we track here at Benzinga. Whether these are institutions or just wealthy individuals, we don't know.",www.benzinga.com,0.211799,Somewhat-Bullish,CAT,0.787116,0.333606,Somewhat-Bullish
2024-04-19 15:13:00,Will High Prices Benefit Caterpillar's  ( CAT )  Q1 Earnings?,https://www.zacks.com/stock/news/2258580/will-high-prices-benefit-caterpillars-cat-q1-earnings,"Caterpillar's (CAT) Q1 performance is expected to showcase its robust backlog and improved results in the Energy & Transportation segment, which will offset the weaker performances of other segments.",www.zacks.com,0.189399,Somewhat-Bullish,CAT,0.329002,0.271759,Somewhat-Bullish
2024-04-19 15:44:00,"Caterpillar Stock Has 22% Upside, According to 1 Wall Street Analyst",https://www.fool.com/investing/2024/04/19/caterpillar-stock-has-22-upside-according-to-1-wal/,"With profit margin at all-time highs, Cat stock could be ready to roar -- or get its tail stepped on.",www.fool.com,0.314035,Somewhat-Bullish,CAT,0.760593,0.522425,Bullish
2024-04-19 20:43:00,"Market Reels As Nvidia, SMCI Crack; Here's What To Do Now",https://www.investors.com/market-trend/stock-market-today/dow-jones-futures-sp-500-nasdaq-nvidia-super-micro-plunge-tesla-microsoft-meta-due/,"Dow Jones Futures: Stock Market Reels As Nvidia, Super Micro Crack. Tesla, Microsoft, Meta Due Investor's Business Daily ...",www.investors.com,-0.031942,Neutral,CAT,0.120885,-0.056527,Neutral
2024-04-19 21:44:00,"Tesla, Microsoft, Boeing, Google, Meta Headline A Big Earnings Week",https://www.investors.com/research/investing-action-plan/stock-market-action-plan-tesla-microsoft-headline-earnings-week/,"Concerns of spiraling conflict between Iran and Iraq helped twist the past week's stock market into a very mixed finish. As a result, IBD's Stock Market Exposure guide downshifted to its lowest level at the end of the week.",www.investors.com,0.104528,Neutral,CAT,0.100168,0.038305,Neutral
2024-04-19 22:30:00,"Lignocellulosic Feedstock-based Biofuel Market size is set to grow by USD 1.4 billion from 2023-2027, Aemetis Inc ... - PR Newswire",https://www.prnewswire.com/news-releases/lignocellulosic-feedstock-based-biofuel-market-size-is-set-to-grow-by-usd-1-4-billion-from-2023-2027--aemetis-inc-altret-greenfuels-ltd-and-bdi-bioenergy-international-gmbh-and-more-to-emerge-as-some-of-the-key-vendors-technav-302120910.html,"Lignocellulosic Feedstock-based Biofuel Market size is set to grow by USD 1.4 billion from 2023-2027, Aemetis Inc ... PR ...",www.prnewswire.com,0.313819,Somewhat-Bullish,CAT,0.030838,0.045355,Neutral
2024-04-21 14:24:00,Futures Due After AI Meltdown; Tesla Cuts Prices With Earnings Due,https://www.investors.com/market-trend/stock-market-today/dow-jones-futures-nvidia-super-micro-plunge-tesla-prices-earnings/,"Dow Jones Futures Loom After Nvidia, Super Micro Plunge. Tesla Slashes Prices With Earnings Due Investor's Business Daily ...",www.investors.com,-0.04896,Neutral,CAT,0.109831,-0.054236,Neutral
2024-04-21 21:45:15,"Can Magnificent 7 Help Script Market Turnaround? Earnings Pick Up Pace With Microsoft, Meta, Alphabet And Tesla Expected This Week - Invesco QQQ Trust, Series 1  ( NASDAQ:QQQ ) , SPDR S&P 500  ( ARCA:SPY ) ",https://www.benzinga.com/analyst-ratings/analyst-color/24/04/38349204/can-magnificent-7-help-script-market-turnaround-earnings-pick-up-pace-with-microsof,"As the market runs into rough weather, the importance of the upcoming week's earnings cannot be emphasized enough. A lot is riding on the earnings reports of companies like Tesla, Inc. TSLA, Meta Platforms, Inc. META, Microsoft Corp. MSFT and Alphabet, Inc. GOOGL ( GOOG ) .",www.benzinga.com,0.145082,Neutral,CAT,0.075161,0.0,Neutral
2024-04-22 10:58:00,UniFirst completes rooftop solar panel projects to advance Companywide conservation and sustainability goals - Canada NewsWire,https://www.newswire.ca/news-releases/unifirst-completes-rooftop-solar-panel-projects-to-advance-companywide-conservation-and-sustainability-goals-871905858.html,UniFirst completes rooftop solar panel projects to advance Companywide conservation and sustainability goals Canada ...,www.newswire.ca,0.349772,Somewhat-Bullish,CAT,0.090304,0.096434,Neutral
2024-04-22 12:15:00,2 Dividend Stocks to Double Up on Right Now,https://www.fool.com/investing/2024/04/22/2-dividend-stocks-to-double-up-on-right-now/,Here are two stocks with long track records of prioritizing returning capital to shareholders.,www.fool.com,0.219564,Somewhat-Bullish,CAT,0.425355,0.333237,Somewhat-Bullish
2024-04-22 12:50:09,How to Find Strong Industrial Products Stocks Slated for Positive Earnings Surprises,https://www.zacks.com/stock/news/2259001/how-to-find-strong-industrial-products-stocks-slated-for-positive-earnings-surprises,Investors looking for ways to find stocks that are set to beat quarterly earnings estimates should check out the Zacks Earnings ESP.,www.zacks.com,0.366485,Bullish,CAT,0.329992,0.339689,Somewhat-Bullish
2024-04-22 13:16:05,"Exploring Analyst Estimates for Caterpillar  ( CAT )  Q1 Earnings, Beyond Revenue and EPS",https://www.zacks.com/stock/news/2259093/exploring-analyst-estimates-for-caterpillar-cat-q1-earnings-beyond-revenue-and-eps,"Evaluate the expected performance of Caterpillar (CAT) for the quarter ended March 2024, looking beyond the conventional Wall Street top-and-bottom-line estimates and examining some of its key metrics for better insight.",www.zacks.com,0.22216,Somewhat-Bullish,CAT,0.31006,0.18374,Somewhat-Bullish
2024-04-22 21:30:57,"Exploring Analyst Estimates for Caterpillar Q1 Earnings, Beyond Revenue and EPS - Caterpillar  ( NYSE:CAT ) ",https://www.benzinga.com/news/earnings/24/04/38358517/exploring-analyst-estimates-for-caterpillar-q1-earnings-beyond-revenue-and-eps,"Wall Street analysts forecast that Caterpillar CAT will report quarterly earnings of $5.14 per share in its upcoming release, pointing to a year-over-year increase of 4.7%. It is anticipated that revenues will amount to $16.06 billion, exhibiting an increase of 1.3% compared to the year-ago ...",www.benzinga.com,0.229268,Somewhat-Bullish,CAT,0.304679,0.159874,Somewhat-Bullish
2024-04-23 02:42:33,"Cathie Wood's Ark Invest Seizes Tesla Dip, Acquires Over $17M in Shares Ahead Of Q1 Results - Zoom Stock Dumped - Tesla  ( NASDAQ:TSLA ) ",https://www.benzinga.com/markets/equities/24/04/38368840/cathie-woods-ark-invest-seizes-tesla-dip-acquires-over-17m-in-shares-ahead-of-q1-results-zoom-st,"On Monday, Cathie Wood-led Ark Invest made significant trades involving Tesla Inc TSLA and Zoom Video Communications Inc ZM. Ark Invest purchased a total of 122,752 shares of Tesla across its ARK Innovation ETF ARKK, ARK Autonomous Technology & Robotics ETF ARKQ, and ARK Next Generation Internet ...",www.benzinga.com,0.283784,Somewhat-Bullish,CAT,0.228073,0.304992,Somewhat-Bullish
2024-04-23 11:30:30,What Should You Do With Caterpillar Stock Ahead Of Q1?,https://www.forbes.com/sites/greatspeculations/2024/04/23/what-should-you-do-with-caterpillar-stock-ahead-of-q1/,"Caterpillar ( NYSE: CAT ) will report its Q1 2024 results on Thursday, April 25. We expect the company's revenues to come in at $16.4 billion with earnings of $5.18 per share, both slightly above the consensus estimates. The company should benefit from continued price improvements and a robust ...",www.forbes.com,0.215785,Somewhat-Bullish,CAT,0.692191,0.415369,Bullish
2024-04-23 14:52:00,"Stocks Rally Ahead Of Key Inflation Report, Big Tech Earnings Week; Tesla Kicks Off Magnificent Seven Reports",https://www.investors.com/market-trend/stock-market-today/dow-jones-sp500-nasdaq-nvidia-tesla-google-microsoft-meta-facebook/,"Stocks Rally Ahead Of Key Inflation Report, Big Tech Earnings Week. Tesla Kicks Off Magnificent Seven Reports Investor's Business Daily ...",www.investors.com,0.102605,Neutral,CAT,0.122894,0.0,Neutral
2024-04-23 16:05:00,Analyzing Q1 Earnings Beat or Miss for CAT & Four Industrial Stocks,https://www.zacks.com/stock/news/2260525/analyzing-q1-earnings-beat-or-miss-for-cat-four-industrial-stocks,"Here is a sneak peek into how major five industrial products stocks, CAT, GWW, DOV, BALL and AVY, are expected to fare in their quarterly results slated to be released this week.",www.zacks.com,0.122384,Neutral,CAT,0.205516,0.050387,Neutral
2024-04-23 19:14:32,"Analyzing Q1 Earnings Beat or Miss for CAT & Four Industrial Stocks - Avery Dennison  ( NYSE:AVY ) , Ball  ( NYSE:BALL ) ",https://www.benzinga.com/news/earnings/24/04/38386065/analyzing-q1-earnings-beat-or-miss-for-cat-four-industrial-stocks,"Per the Federal Reserve's report, industrial production rebounded 0.4% each in February and March 2024, following a 0.8% dip in January. However, the overall performance for the first quarter of 2024 showed a decline at an annual rate of 1.8%.",www.benzinga.com,0.13209,Neutral,CAT,0.220475,0.076626,Neutral
2024-04-24 12:40:00,"IDEX  ( IEX )  Q1 Earnings Surpass Estimates, Revenues Down Y/Y",https://www.zacks.com/stock/news/2261148/idex-iex-q1-earnings-surpass-estimates-revenues-down-yy,IDEX's (IEX) first-quarter 2024 revenues decrease 5.3% due to lower sales in the Health & Science Technologies segment.,www.zacks.com,0.128467,Neutral,CAT,0.16317,0.155258,Somewhat-Bullish
2024-04-24 13:40:10,Is Bodycote  ( BYPLF )  Stock Outpacing Its Industrial Products Peers This Year?,https://www.zacks.com/stock/news/2261125/is-bodycote-byplf-stock-outpacing-its-industrial-products-peers-this-year,Here is how Bodycote (BYPLF) and Caterpillar (CAT) have performed compared to their sector so far this year.,www.zacks.com,0.246644,Somewhat-Bullish,CAT,0.468029,0.281644,Somewhat-Bullish
2024-04-24 14:25:00,Scoop up These 4 GARP Stocks to Receive Handsome Returns,https://www.zacks.com/stock/news/2261411/scoop-up-these-4-garp-stocks-to-receive-handsome-returns,"The GARP strategy helps investors gain exposure to stocks that have impressive prospects and are trading at a discount. HUBB, CAT, TKR and HCA are some stocks that hold promise.",www.zacks.com,0.429855,Bullish,CAT,0.169081,0.318023,Somewhat-Bullish
2024-04-24 16:41:00,Caterpillar Earnings Due; Will Dow Heavyweight Crush It Again?,https://www.investors.com/news/caterpillar-earnings-q1-dow-jones-cat-stock/,Caterpillar Earnings Due. Will Dow Heavyweight Crush It Again? Investor's Business Daily ...,www.investors.com,0.223941,Somewhat-Bullish,CAT,0.73758,0.357655,Bullish
2024-04-24 16:45:03,"Is Caterpillar  ( CAT )  a Solid Growth Stock? 3 Reasons to Think ""Yes""",https://www.zacks.com/stock/news/2261551/is-caterpillar-cat-a-solid-growth-stock-3-reasons-to-think-yes,"Caterpillar (CAT) possesses solid growth attributes, which could help it handily outperform the market.",www.zacks.com,0.446125,Bullish,CAT,0.50186,0.384993,Bullish
2024-04-24 18:51:00,Ryder Stock Hits All-Time High. Firing On All Cylinders?,https://www.investors.com/news/ryder-system-earns-relative-strength-rating-upgrade-hits-key-threshold/,Shares of vehicle leasing giant Ryder System ( R ) rose to an all-time intraday high 122.81 on Tuesday. It has generally stellar ratings and on Wednesday the Relative Strength ( RS ) Rating for Ryder stock shot up to 86 from 70 the day before.,www.investors.com,0.356624,Bullish,CAT,0.148273,0.245038,Somewhat-Bullish
2024-04-24 20:53:00,Futures Fall As Meta Dives On Guidance; Chipotle Eyes Buy Point,https://www.investors.com/market-trend/stock-market-today/dow-jones-futures-meta-dives-chipotle-eyes-buy-point/,Futures Fall As Meta Dives On Guidance. Chipotle Eyes Buy Point Investor's Business Daily ...,www.investors.com,0.093885,Neutral,CAT,0.061081,0.0,Neutral
2024-04-25 10:17:18,"Meta, IBM Drag Nasdaq Futures Lower: What's Driving Premarket Action - Invesco QQQ Trust, Series 1  ( NASDAQ:QQQ ) , SPDR S&P 500  ( ARCA:SPY ) ",https://www.benzinga.com/news/earnings/24/04/38424840/us-stocks-brace-for-negative-start-amid-tech-earnings-disappointments-caution-ahead-of-data-worst-o,"The back-and-forth motion in the market continues, with the index futures pointing to a lower opening on Thursday. Meta Platforms, Inc.'s META lukewarm second-quarter revenue guidance and commentary regarding investment punctured the stock, while International Business Machines Corp.",www.benzinga.com,-0.01936,Neutral,CAT,0.070935,0.0,Neutral
2024-04-25 11:40:09,Caterpillar  ( CAT )  Q1 Earnings Surpass Estimates,https://www.zacks.com/stock/news/2261908/caterpillar-cat-q1-earnings-surpass-estimates,"Caterpillar (CAT) delivered earnings and revenue surprises of 9.38% and 1.69%, respectively, for the quarter ended March 2024. Do the numbers hold clues to what lies ahead for the stock?",www.zacks.com,0.159553,Somewhat-Bullish,CAT,0.398148,0.179423,Somewhat-Bullish
2024-04-25 12:07:00,Futures Slide On Meta Stock Plunge,https://www.investors.com/market-trend/stock-market-today/dow-jones-sp500-nasdaq-meta-stock-google-microsoft-earnings/,"Stock Market Today: Dow Jones Slides On Meta Stock Plunge. Google, Microsoft Earnings Next Investor's Business Daily ...",www.investors.com,0.172445,Somewhat-Bullish,CAT,0.101296,0.02537,Neutral
2024-04-25 12:45:46,"Alphabet, Meta Platforms And 3 Stocks To Watch Heading Into Thursday - Ford Motor  ( NYSE:F ) , Caterpillar  ( NYSE:CAT ) ",https://www.benzinga.com/news/earnings/24/04/38429989/alphabet-meta-platforms-and-3-stocks-to-watch-heading-into-thursday,"With U.S. stock futures trading lower this morning on Thursday, some of the stocks that may grab investor focus today are as follows: Wall Street expects Alphabet Inc. GOOG GOOGL to report quarterly earnings at $1.51 per share on revenue of $78.59 billion before the opening bell, according to ...",www.benzinga.com,0.286898,Somewhat-Bullish,CAT,0.407844,0.356211,Bullish
2024-04-25 12:46:05,"Investor Optimism Improves Slightly As Investors Assess Earnings Reports - Caterpillar  ( NYSE:CAT ) , Boeing  ( NYSE:BA ) ",https://www.benzinga.com/news/earnings/24/04/38430008/investor-optimism-improves-slightly-as-investors-assess-earnings-reports,"The CNN Money Fear and Greed index showed some improvement in the overall market sentiment, but the index remained in the ""Fear"" zone on Wednesday. U.S. stocks settled mixed on Wednesday, with the S&P 500 closing slightly higher during the session.",www.benzinga.com,-0.024442,Neutral,CAT,0.224903,0.0,Neutral
2024-04-25 13:56:00,Caterpillar  ( CAT )  Q1 Earnings Top Estimates on Higher Pricing,https://www.zacks.com/stock/news/2262460/caterpillar-cat-q1-earnings-top-estimates-on-higher-pricing,"Caterpillar's (CAT) first-quarter 2024 earnings improve year over year, buoyed by the upbeat performance of the Energy & Transportation segment, offsetting weaker performance in other segments.",www.zacks.com,0.174818,Somewhat-Bullish,CAT,0.337113,0.153053,Somewhat-Bullish
2024-04-25 14:15:34,"World's Largest Construction Equipment Manufacturer Caterpillar's Stock Tumbles, Sees Weak Economic Conditions In Europe To Continue Why Is Equipment Giant Caterpillar Stock Plunging Today? - Caterpillar  ( NYSE:CAT ) ",https://www.benzinga.com/news/earnings/24/04/38433251/why-is-equipment-giant-caterpillar-stock-plunging-today,"Caterpillar Inc CAT reported a first-quarter fiscal 2024 revenue of $15.8 billion, a slight decrease of 0.4% year-over-year, missing the consensus of $16.216 billion. CAT's adjusted earnings of $5.60 per share, compared to $4.91 a year ago, topped the consensus of $5.14.",www.benzinga.com,0.118867,Neutral,CAT,0.799321,0.080494,Neutral
2024-04-25 14:34:00,"Is ""Bad News"" Still ""Good News"" for the Market?",https://www.zacks.com/stock/news/2262436/is-bad-news-still-good-news-for-the-market,"If we're looking for the Fed to lower interest rates, don't we need softer economic data like what we saw today?",www.zacks.com,-0.07157,Neutral,CAT,0.188683,-0.001532,Neutral
2024-04-25 14:51:00,"Dow Falls 650 Points; Meta, Caterpillar Pounded",https://www.investors.com/market-trend/stock-market-today/dow-jones-sp500-nasdaq-meta-caterpillar-cat-stock-gold-price/,"Stock Market Today: Dow Jones Falls 700 Points, Indexes Pounded As Meta, Caterpillar Plunge. Gold Price Holds Steady Investor's Business Daily ...",www.investors.com,0.115485,Neutral,CAT,0.274012,-0.014469,Neutral
2024-04-25 14:51:25,"Meta Falls 15% On Great Earnings, Tesla Rises 12% On Ugly Earnings - Here Is The Real Reason - Meta Platforms  ( NASDAQ:META ) ",https://www.benzinga.com/markets/24/04/38434325/meta-falls-15-on-great-earnings-tesla-rises-12-on-ugly-earnings-here-is-the-real-reason,"To gain an edge, this is what you need to know today. Please click here for an enlarged chart of Meta Platforms Inc META. Going into TSLA earnings, Wall Street's positioning was very negative. Going into META earnings, Wall Street's positioning was extremely positive.",www.benzinga.com,0.245808,Somewhat-Bullish,CAT,0.103331,-0.255824,Somewhat-Bearish
2024-04-25 14:52:00,Q1 GDP Increased Lower Than Expectations,https://www.zacks.com/stock/news/2262452/q1-gdp-increased-lower-than-expectations,"Pre-market futures are plummeting at this hour. We began the early trading session down anyway, based on earnings disappointments from Meta ( ( META Quick QuoteMETA - ) and IBM ( ( IBM Quick QuoteIBM - ) after yesterday's close.",www.zacks.com,-0.069208,Neutral,CAT,0.191675,-0.001549,Neutral
2024-04-25 15:57:58,Why Caterpillar Stock Is Down Today,https://www.fool.com/investing/2024/04/25/why-caterpillar-stock-is-down-today/,The company sees little growth in 2024.,www.fool.com,0.130609,Neutral,CAT,0.800656,0.069575,Neutral
2024-04-25 18:40:38,"Is ""Bad News"" Still ""Good News"" for the Market? - AstraZeneca  ( NASDAQ:AZN ) , American Airlines Gr  ( NASDAQ:AAL ) ",https://www.benzinga.com/news/earnings/24/04/38436902/is-bad-news-still-good-news-for-the-market,"Pre-market futures are plummeting at this hour. We began the early trading session down anyway, based on earnings disappointments from Meta META and IBM IBM after yesterday's close. This morning, Dow component Caterpillar CAT is down more than -6% on its Q1 revenue miss.",www.benzinga.com,-0.043331,Neutral,CAT,0.18967,-0.001557,Neutral
2024-04-25 20:40:00,"Tech Futures Jump On Google, Microsoft",https://www.investors.com/market-trend/stock-market-today/dow-jones-futures-microsoft-rise-google-soar/,"Dow Jones Futures Rise. Microsoft Pops, Google Soars After Stock Market Rally Shows Resilience Investor's Business Daily ...",www.investors.com,0.065123,Neutral,CAT,0.059049,-0.206022,Somewhat-Bearish
2024-04-25 22:11:00,"Markets Fight Back, Stay Red; MSFT, GOOGL, SNAP Beat on Late Earnings",https://www.zacks.com/stock/news/2262834/markets-fight-back-stay-red-msft-googl-snap-beat-on-late-earnings,"Big gains in the after-market for Snap, Alphabet and Microsoft may keep the trading week in the green.",www.zacks.com,0.190257,Somewhat-Bullish,CAT,0.1331,-0.030117,Neutral
2024-04-26 12:07:55,Microsoft To Rally Over 29%? Here Are 10 Top Analyst Forecasts For Friday - Microsoft  ( NASDAQ:MSFT ) ,https://www.benzinga.com/news/24/04/38457745/microsoft-to-rally-over-29-here-are-10-top-analyst-forecasts-for-friday,"Top Wall Street analysts changed their outlook on these top names. For a complete view of all analyst rating changes, including upgrades and downgrades, please see our analyst ratings page. Goldman Sachs raised the price target for Microsoft Corporation MSFT from $450 to $515.",www.benzinga.com,0.20648,Somewhat-Bullish,CAT,0.236588,-0.032809,Neutral
2024-04-26 13:37:00,"Stock Market News for Apr 26, 2024",https://www.zacks.com/stock/news/2263231/stock-market-news-for-apr-26-2024,"U.S. stocks ended lower on Thursday after data showed that the economy grew at a slower-than-expected pace in the first quarter and persistent inflation, raising concerns over future interest rate cuts.",www.zacks.com,-0.153418,Somewhat-Bearish,CAT,0.175859,0.030574,Neutral
2024-04-26 15:34:00,Stocks Rebound Amid Big-Cap Earnings: Weekly Review,https://www.investors.com/news/stock-market-rebounds-tesla-microsoft-google-meta-chipotle-ge-in-focus-weekly-review/,"Stock Market Rebounds. Tesla, Microsoft, Google, Meta, Chipotle, GE In Focus: Weekly Review Investor's Business Daily ...",www.investors.com,0.022015,Neutral,CAT,0.082563,0.097489,Neutral
2024-04-26 18:16:27,This Is What Whales Are Betting On Caterpillar - Caterpillar  ( NYSE:CAT ) ,https://www.benzinga.com/insights/options/24/04/38467797/this-is-what-whales-are-betting-on-caterpillar,"Investors with a lot of money to spend have taken a bearish stance on Caterpillar CAT. We noticed this today when the trades showed up on publicly available options history that we track here at Benzinga. Whether these are institutions or just wealthy individuals, we don't know.",www.benzinga.com,0.15456,Somewhat-Bullish,CAT,0.885652,0.2477,Somewhat-Bullish
2024-04-29 08:50:00,Caterpillar Q1 Earnings: A Strong Start,https://www.fool.com/data-news/2024/04/29/caterpillar-q1-earnings-a-strong-start/,Caterpillar kicked off 2024 with robust earnings and healthy growth in its profit margin.,www.fool.com,0.497216,Bullish,CAT,0.489394,0.534987,Bullish
2024-04-29 13:00:15,Caterpillar Inc.  ( CAT )  is Attracting Investor Attention: Here is What You Should Know,https://www.zacks.com/stock/news/2263880/caterpillar-inc-cat-is-attracting-investor-attention-here-is-what-you-should-know,"Caterpillar (CAT) has been one of the stocks most watched by Zacks.com users lately. So, it is worth exploring what lies ahead for the stock.",www.zacks.com,0.224261,Somewhat-Bullish,CAT,0.486627,0.113547,Neutral
2024-04-29 15:31:23,A Closer Look at Caterpillar's Options Market Dynamics - Caterpillar  ( NYSE:CAT ) ,https://www.benzinga.com/insights/options/24/04/38494423/a-closer-look-at-caterpillars-options-market-dynamics,"Financial giants have made a conspicuous bullish move on Caterpillar. Our analysis of options history for Caterpillar CAT revealed 13 unusual trades. Delving into the details, we found 53% of traders were bullish, while 23% showed bearish tendencies.",www.benzinga.com,0.180363,Somewhat-Bullish,CAT,0.813694,0.248933,Somewhat-Bullish
2024-04-29 16:37:41,"AI Data Centers Drive Electricity Demand: Goldman Sachs Picks 16 Stocks To Play The Trend - Caterpillar  ( NYSE:CAT ) , Cameco  ( NYSE:CCJ ) ",https://www.benzinga.com/analyst-ratings/analyst-color/24/04/38497224/ai-data-centers-drive-electricity-demand-goldman-sachs-picks-16-stocks-to-play-the-,"Escalating electricity needs from running AI data centers will create downstream investment benefits in the utilities, renewable energy generation, and industrial sectors, according to Goldman Sachs.",www.benzinga.com,0.316154,Somewhat-Bullish,CAT,0.095327,0.147253,Neutral
2024-04-30 15:30:32,"$1000 Invested In This Stock 5 Years Ago Would Be Worth $2,400 Today - Caterpillar  ( NYSE:CAT ) ",https://www.benzinga.com/insights/news/24/04/38525455/1000-invested-in-this-stock-5-years-ago-would-be-worth-2-400-today,"Caterpillar CAT has outperformed the market over the past 5 years by 8.2% on an annualized basis producing an average annual return of 19.78%. Currently, Caterpillar has a market capitalization of $168.41 billion.",www.benzinga.com,0.238974,Somewhat-Bullish,CAT,0.95919,0.384695,Bullish
2024-04-30 16:07:00,"Terex  ( TEX )  Beats Q1 Earnings Estimates, Raises '24 Outlook",https://www.zacks.com/stock/news/2265372/terex-tex-beats-q1-earnings-estimates-raises-24-outlook,Terex (TEX) expects earnings per share between $6.95 and $7.35 for 2024.,www.zacks.com,0.114556,Neutral,CAT,0.189175,0.060744,Neutral
2024-04-30 17:35:13,"Stocks Dive On Fears Of Hawkish Fed; Treasury Yields Rise, Bitcoin Tumbles To $60,000: What's Driving Markets Tuesday? - Arch Capital Group  ( NASDAQ:ACGL ) ",https://www.benzinga.com/markets/equities/24/04/38529736/stocks-dive-on-fears-of-hawkish-fed-treasury-yields-rise-bitcoin-tumbles-to-60-000-whats-driving,"Investor apprehension grips Wall Street with major indices showing midday losses on Tuesday in New York trading, ahead of the Federal Reserve's potentially hawkish pivot in Wednesday's meeting. The S&P 500 retraced 0.9% after a 2-day positive streak, with the tech-heavy Nasdaq 100 slightly ...",www.benzinga.com,-0.004925,Neutral,CAT,0.134968,-0.225719,Somewhat-Bearish
2024-05-01 13:45:10,Here's Why Caterpillar  ( CAT )  is a Strong Growth Stock,https://www.zacks.com/stock/news/2265971/heres-why-caterpillar-cat-is-a-strong-growth-stock,"Whether you're a value, growth, or momentum investor, finding strong stocks becomes easier with the Zacks Style Scores, a top feature of the Zacks Premium research service.",www.zacks.com,0.4186,Bullish,CAT,0.518708,0.346568,Somewhat-Bullish
2024-05-01 15:01:30,Caterpillar Recent Insider Activity - Caterpillar  ( NYSE:CAT ) ,https://www.benzinga.com/insights/news/24/05/38555136/caterpillar-recent-insider-activity,"It was reported on April 30, that Susan Schwab, Director at Caterpillar CAT executed a significant insider sell, according to an SEC filing. What Happened: A Form 4 filing with the U.S. Securities and Exchange Commission on Tuesday outlined that Schwab executed a sale of 12,881 shares of ...",www.benzinga.com,0.179049,Somewhat-Bullish,CAT,0.352223,0.249445,Somewhat-Bullish
2024-05-02 13:40:10,Here's Why Caterpillar  ( CAT )  is a Strong Value Stock,https://www.zacks.com/stock/news/2266983/heres-why-caterpillar-cat-is-a-strong-value-stock,"Whether you're a value, growth, or momentum investor, finding strong stocks becomes easier with the Zacks Style Scores, a top feature of the Zacks Premium research service.",www.zacks.com,0.366477,Bullish,CAT,0.360752,0.157214,Somewhat-Bullish
2024-05-02 16:00:10,Caterpillar  ( CAT )  Moves to Buy: Rationale Behind the Upgrade,https://www.zacks.com/stock/news/2267284/caterpillar-cat-moves-to-buy-rationale-behind-the-upgrade,"Caterpillar (CAT) might move higher on growing optimism about its earnings prospects, which is reflected by its upgrade to a Zacks Rank #2 (Buy).",www.zacks.com,0.31356,Somewhat-Bullish,CAT,0.364275,0.352817,Bullish
2024-05-02 19:52:36,Why Caterpillar Stock Crawled to a 4% Loss On Tuesday,https://www.fool.com/investing/2024/05/02/why-caterpillar-stock-crawled-to-a-4-loss-tuesday/,It's delisting time for the storied industrial company... at least on one particular European stock exchange.,www.fool.com,0.131972,Neutral,CAT,0.644033,0.222792,Somewhat-Bullish
2024-05-03 14:06:57,Why Shares in Woodward Powered Higher This Week,https://www.fool.com/investing/2024/05/03/why-shares-in-woodward-powered-higher-this-week/,The aerospace and industrial company raised guidance in both its segments.,www.fool.com,0.269341,Somewhat-Bullish,CAT,0.133841,0.092137,Neutral
2024-05-03 16:30:48,Decoding Caterpillar's Options Activity: What's the Big Picture? - Caterpillar  ( NYSE:CAT ) ,https://www.benzinga.com/insights/options/24/05/38619455/decoding-caterpillars-options-activity-whats-the-big-picture,"Deep-pocketed investors have adopted a bullish approach towards Caterpillar CAT, and it's something market players shouldn't ignore. Our tracking of public options records at Benzinga unveiled this significant move today.",www.benzinga.com,0.227767,Somewhat-Bullish,CAT,0.677342,0.343107,Somewhat-Bullish
2024-05-03 19:18:58,All Stock Offering News and Press Releases from PR Newswire,https://www.prnewswire.com/news-releases/financial-services-latest-news/stock-offering-list/,Stock offerings and news releases surrounding companies that are now public or may plan to go public in the near future are collected in this subcategory. Upcoming stock offerings and updates on existing offerings from around the globe are covered in detail.,www.prnewswire.com,0.160189,Somewhat-Bullish,CAT,0.197413,0.139269,Neutral
2024-05-03 21:00:00,Caterpillar Announces Virtual 2024 Shareholder Meeting,https://www.prnewswire.com/news-releases/caterpillar-announces-virtual-2024-shareholder-meeting-302135970.html,"IRVING, Texas, May 3, 2024 /PRNewswire/ -- Caterpillar Inc. ( NYSE: CAT ) will hold a virtual annual shareholder meeting on Wednesday, June 12, 2024, at 8 a.m. CDT.",www.prnewswire.com,0.364341,Bullish,CAT,0.744196,0.558752,Bullish
2024-05-05 07:51:00,"Caterpillar Stock: Buy, Sell, or Hold?",https://www.fool.com/investing/2024/05/05/caterpillar-stock-buy-sell-or-hold/,Analyzing the investment case for the high-quality industrial company.,www.fool.com,0.188172,Somewhat-Bullish,CAT,0.371523,0.264996,Somewhat-Bullish
2024-05-05 07:59:00,Want Decades of Passive Income? 3 Stocks to Buy Now and Hold Forever.,https://www.fool.com/investing/2024/05/05/want-decades-of-passive-income-3-stocks-to-buy-now/,You can count on these companies to deliver in good and bad times.,www.fool.com,0.27538,Somewhat-Bullish,CAT,0.330286,0.06151,Neutral
2024-05-05 18:44:00,Is Caterpillar Stock a Buy?,https://www.fool.com/investing/2024/05/05/is-caterpillar-stock-a-buy/,Here's a deep dive into Caterpillar after its most recent earnings report.,www.fool.com,0.208661,Somewhat-Bullish,CAT,0.511864,0.283371,Somewhat-Bullish
2024-05-06 14:41:00,Dow Jones Up As Apple Falls; Warren Buffett Stock Steady Despite This Loss,https://www.investors.com/market-trend/stock-market-today/dow-jones-nasdaq-sp-500-apple-warren-buffett-berkshire-hathaway/,Dow Jones Up As Apple Falls. Warren Buffett Stock Steady Despite This Loss Investor's Business Daily ...,www.investors.com,0.144455,Neutral,CAT,0.110462,0.191542,Somewhat-Bullish
2024-05-06 15:15:00,"Astec  ( ASTE )  Q1 Earnings Miss Estimates, Revenues Dip Y/Y",https://www.zacks.com/stock/news/2268966/astec-aste-q1-earnings-miss-estimates-revenues-dip-yy,Astec's (ASTE) Q1 top line reflects the impacts of fewer conversions in the Materials Solutions group.,www.zacks.com,0.038054,Neutral,CAT,0.171688,0.056618,Neutral
2024-05-07 13:00:00,Caterpillar Releases 2023 Company Reports - PR Newswire,https://www.prnewswire.com/news-releases/caterpillar-releases-2023-company-reports-302138127.html,Caterpillar Releases 2023 Company Reports PR ...,www.prnewswire.com,0.531624,Bullish,CAT,0.904419,0.766922,Bullish
2024-05-07 15:25:25,Best Dow Jones Stocks To Buy Right Now? 2 For Your Watch List,https://stockmarket.com/featured/best-dow-jones-stocks-to-buy-right-now-2-for-your-watch-list-2024-05-07,"The stock market is where investors buy and sell shares of public companies. Among the various indexes, the Dow Jones Industrial Average ( DJIA ) is one of the most recognized.",stockmarket.com,0.162554,Somewhat-Bullish,CAT,0.381755,0.274042,Somewhat-Bullish
2024-05-08 13:42:46,"Jim Cramer Says He Is 'Struggling' With Tesla, Likes This Industrial Giant - Tesla  ( NASDAQ:TSLA ) ",https://www.benzinga.com/news/24/05/38701877/jim-cramer-says-he-is-struggling-with-tesla-likes-this-industrial-giant,"On CNBC's ""Mad Money Lightning Round,"" Jim Cramer said he is ""struggling"" with Tesla Inc TSLA. Shares of the electric vehicle ( EV ) company settled lower on Tuesday on reports that it will temporarily shut down production in Grünheide.",www.benzinga.com,0.191674,Somewhat-Bullish,CAT,0.223866,0.179387,Somewhat-Bullish
2024-05-08 17:18:00,"Manitowoc  ( MTW )  Q1 Earnings Miss Estimates, Revenues Dip Y/Y",https://www.zacks.com/stock/news/2270839/manitowoc-mtw-q1-earnings-miss-estimates-revenues-dip-yy,Manitowoc's (MTW) top and bottom lines fell year over year in the first quarter of 2024.,www.zacks.com,0.061632,Neutral,CAT,0.217508,0.067614,Neutral
2024-05-08 19:30:47,A Closer Look at Caterpillar's Options Market Dynamics - Caterpillar  ( NYSE:CAT ) ,https://www.benzinga.com/insights/options/24/05/38711432/a-closer-look-at-caterpillars-options-market-dynamics,"Deep-pocketed investors have adopted a bearish approach towards Caterpillar CAT, and it's something market players shouldn't ignore. Our tracking of public options records at Benzinga unveiled this significant move today.",www.benzinga.com,0.161886,Somewhat-Bullish,CAT,0.733479,0.213103,Somewhat-Bullish
2024-05-09 18:33:00,1 Analyst Thinks Caterpillar Stock Is Going to $345. Is It a Buy?,https://www.fool.com/investing/2024/05/09/1-analyst-thinks-caterpillar-stock-is-going-to-345/,Some Wall Street analysts think the construction and heavy machinery equipment company's stock has room to run.,www.fool.com,0.344327,Somewhat-Bullish,CAT,0.490323,0.515878,Bullish
2024-05-09 20:13:40,Stock Market Today: Dow's Winning Streak Hits Seven Straight Days,https://www.kiplinger.com/investing/stocks/stock-market-today-dows-winning-streak-hits-seven-straight-days,Stocks held on for a win Thursday as bad-news-is-good-news jobs data offset a number of negative earnings reactions. The report lifted expectations for a September rate cut and kept the main indexes higher through the close.,www.kiplinger.com,0.131635,Neutral,CAT,0.146916,0.270078,Somewhat-Bullish
2024-05-10 13:00:14,Caterpillar Inc.  ( CAT )  is Attracting Investor Attention: Here is What You Should Know,https://www.zacks.com/stock/news/2272034/caterpillar-inc-cat-is-attracting-investor-attention-here-is-what-you-should-know,"Caterpillar (CAT) has received quite a bit of attention from Zacks.com users lately. Therefore, it is wise to be aware of the facts that can impact the stock's prospects.",www.zacks.com,0.230917,Somewhat-Bullish,CAT,0.483888,0.128027,Neutral
2024-05-10 14:45:00,"Dow Jones Rallies 150 Points, Led By 3M; Micron, Broadcom, Nvidia Jump",https://www.investors.com/market-trend/stock-market-today/dow-jones-sp500-nasdaq-nvidia-stock-broadcom-stock-micron-stock/,"Dow Jones Rallies 150 Points, Led By 3M. Micron, Broadcom, Nvidia Jump Investor's Business Daily ...",www.investors.com,0.357607,Bullish,CAT,0.136113,0.369413,Bullish
2024-05-13 10:20:06,Should You Invest in the Fidelity MSCI Industrials Index ETF  ( FIDU ) ?,https://www.zacks.com/stock/news/2272532/should-you-invest-in-the-fidelity-msci-industrials-index-etf-fidu,Sector ETF report for ...,www.zacks.com,0.180053,Somewhat-Bullish,CAT,0.132368,0.051927,Neutral
2024-05-13 17:01:03,Behind the Scenes of Caterpillar's Latest Options Trends - Caterpillar  ( NYSE:CAT ) ,https://www.benzinga.com/insights/options/24/05/38796284/behind-the-scenes-of-caterpillars-latest-options-trends,"Financial giants have made a conspicuous bearish move on Caterpillar. Our analysis of options history for Caterpillar CAT revealed 10 unusual trades. Delving into the details, we found 20% of traders were bullish, while 50% showed bearish tendencies.",www.benzinga.com,0.183721,Somewhat-Bullish,CAT,0.680677,0.096865,Neutral
2024-05-13 19:09:00,Insiders Are Buying These 3 Stocks,https://www.zacks.com/commentary/2273109/insiders-are-buying-these-3-stocks,"Many investors closely monitor insider buys, as they can provide a high level of confidence and conviction. And recently, insiders of these three companies have scooped up shares.",www.zacks.com,0.408083,Bullish,CAT,0.413199,0.332117,Somewhat-Bullish
2024-05-14 20:30:27,Here's How Much You Would Have Made Owning Caterpillar Stock In The Last 20 Years - Caterpillar  ( NYSE:CAT ) ,https://www.benzinga.com/insights/news/24/05/38829326/heres-how-much-you-would-have-made-owning-caterpillar-stock-in-the-last-20-years,"Caterpillar CAT has outperformed the market over the past 20 years by 3.97% on an annualized basis producing an average annual return of 12.09%. Currently, Caterpillar has a market capitalization of $175.17 billion.",www.benzinga.com,0.238974,Somewhat-Bullish,CAT,0.95919,0.384695,Bullish
2024-05-15 10:20:07,Should First Trust Dow 30 Equal Weight ETF  ( EDOW )  Be on Your Investing Radar?,https://www.zacks.com/stock/news/2273849/should-first-trust-dow-30-equal-weight-etf-edow-be-on-your-investing-radar,Style Box ETF report for ...,www.zacks.com,0.195285,Somewhat-Bullish,CAT,0.127119,0.068358,Neutral
2024-05-16 13:50:10,Why Caterpillar  ( CAT )  is a Top Momentum Stock for the Long-Term,https://www.zacks.com/stock/news/2274787/why-caterpillar-cat-is-a-top-momentum-stock-for-the-long-term,"Wondering how to pick strong, market-beating stocks for your investment portfolio? Look no further than the Zacks Style Scores.",www.zacks.com,0.36887,Bullish,CAT,0.385286,0.130872,Neutral
2024-05-17 13:45:07,Why Caterpillar  ( CAT )  is a Top Growth Stock for the Long-Term,https://www.zacks.com/stock/news/2275405/why-caterpillar-cat-is-a-top-growth-stock-for-the-long-term,"Wondering how to pick strong, market-beating stocks for your investment portfolio? Look no further than the Zacks Style Scores.",www.zacks.com,0.433654,Bullish,CAT,0.440549,0.312037,Somewhat-Bullish
2024-05-17 17:58:00,Stocks Flat As Powell Gets Covid; GameStop Dives As Nvidia Earnings Loom,https://www.investors.com/market-trend/stock-market-today/dow-jones-sp500-nasdaq-nvda-stock-gamestop-powell/,Stocks Flat As Powell Gets Covid. GameStop Dives As Nvidia Earnings Loom Investor's Business Daily ...,www.investors.com,0.12399,Neutral,CAT,0.1172,0.146043,Neutral
2024-05-17 18:31:05,Caterpillar's Options: A Look at What the Big Money is Thinking - Caterpillar  ( NYSE:CAT ) ,https://www.benzinga.com/insights/options/24/05/38900708/caterpillars-options-a-look-at-what-the-big-money-is-thinking,"Financial giants have made a conspicuous bullish move on Caterpillar. Our analysis of options history for Caterpillar CAT revealed 19 unusual trades. Delving into the details, we found 42% of traders were bullish, while 36% showed bearish tendencies.",www.benzinga.com,0.219885,Somewhat-Bullish,CAT,0.692877,0.232333,Somewhat-Bullish
2024-05-20 13:34:00,"Stock Market News for May 20, 2024",https://www.zacks.com/stock/news/2275957/stock-market-news-for-may-20-2024,"U.S. stocks ended mostly higher on Friday, with the Dow ending above the 40,000 level for the first time in history as expectations of rate cuts by the Federal Reserve rose again.",www.zacks.com,0.187023,Somewhat-Bullish,CAT,0.092569,0.202055,Somewhat-Bullish
2024-05-21 15:01:07,Smart Money Is Betting Big In CAT Options - Caterpillar  ( NYSE:CAT ) ,https://www.benzinga.com/insights/options/24/05/38943913/smart-money-is-betting-big-in-cat-options,"Investors with a lot of money to spend have taken a bearish stance on Caterpillar CAT. We noticed this today when the trades showed up on publicly available options history that we track here at Benzinga. Whether these are institutions or just wealthy individuals, we don't know.",www.benzinga.com,0.154651,Somewhat-Bullish,CAT,0.714462,0.169747,Somewhat-Bullish
2024-05-22 10:20:07,Is First Trust Dow 30 Equal Weight ETF  ( EDOW )  a Strong ETF Right Now?,https://www.zacks.com/stock/news/2276994/is-first-trust-dow-30-equal-weight-etf-edow-a-strong-etf-right-now,Smart Beta ETF report for ...,www.zacks.com,0.232405,Somewhat-Bullish,CAT,0.1172,0.060376,Neutral
2024-05-22 11:21:00,Monday.com's Stock Price Just Exploded. Time to Buy?,https://www.fool.com/investing/2024/05/22/monday-stock-price-just-exploded-time-to-buy/,Is Monday.com's stock jump a sign of future growth? Let's take a look.,www.fool.com,0.263671,Somewhat-Bullish,CAT,0.050679,0.117835,Neutral
2024-05-22 13:00:16,Caterpillar Inc.  ( CAT )  Is a Trending Stock: Facts to Know Before Betting on It,https://www.zacks.com/stock/news/2277104/caterpillar-inc-cat-is-a-trending-stock-facts-to-know-before-betting-on-it,"Zacks.com users have recently been watching Caterpillar (CAT) quite a bit. Thus, it is worth knowing the facts that could determine the stock's prospects.",www.zacks.com,0.235136,Somewhat-Bullish,CAT,0.488469,0.153006,Somewhat-Bullish
2024-05-22 16:37:00,"Top Research Reports for Novo Nordisk, QUALCOMM & Caterpillar",https://www.zacks.com/research-daily/2277328/top-research-reports-for-novo-nordisk-qualcomm-caterpillar,"Today's Research Daily features new research reports on 16 major stocks, including Novo Nordisk (NVO), QUALCOMM (QCOM) and Caterpillar (CAT), as well as two micro-cap stocks CSP Inc. (CSPI) and Epsilon Energy Ltd. (EPSN).",www.zacks.com,0.326469,Somewhat-Bullish,CAT,0.048621,0.301821,Somewhat-Bullish
2024-05-23 13:57:00,"The Zacks Analyst Blog Highlights Stocks recently featured in the blog include: Novo Nordisk, Qualcomm, Caterpillar, CSP and Epsilon Energy",https://www.zacks.com/stock/news/2277957/the-zacks-analyst-blog-highlights-stocks-recently-featured-in-the-blog-include-novo-nordisk-qualcomm-caterpillar-csp-and-epsilon-energy,"Novo Nordisk, Qualcomm, Caterpillar, CSP and Epsilon Energy are included in this Analyst Blog.",www.zacks.com,0.293551,Somewhat-Bullish,CAT,0.159569,0.15112,Somewhat-Bullish
2024-05-24 13:15:00,3 Super Safe Dividend Stocks to Buy in a Market Correction,https://www.fool.com/investing/2024/05/24/3-super-safe-dividend-stocks-buy-market-correction/,Just because a company operates in a cyclical industry doesn't necessarily mean its dividend isn't safe.,www.fool.com,0.267844,Somewhat-Bullish,CAT,0.248259,0.111645,Neutral
2024-05-24 17:06:00,"Titan Machinery  ( TITN )  Misses on Q1 Earnings, Lowers FY25 View",https://www.zacks.com/stock/news/2278914/titan-machinery-titn-misses-on-q1-earnings-lowers-fy25-view,Titan Machinery (TITN) witnesses a decline in earnings in the first quarter of fiscal 2025 reflecting weak demand. Its FY25 guidance is down due to lower equipment margins.,www.zacks.com,0.04329,Neutral,CAT,0.106857,0.094115,Neutral
2024-05-24 18:55:00,"Rolling Stock Market size is set to grow by USD 11.82 billion from 2024-2028, Growing E-commerce booting rolling ... - PR Newswire",https://www.prnewswire.com/news-releases/rolling-stock-market-size-is-set-to-grow-by-usd-11-82-billion-from-2024-2028--growing-e-commerce-booting-rolling-stock-market-to-boost-the-market-growth-technavio-302154261.html,"Rolling Stock Market size is set to grow by USD 11.82 billion from 2024-2028, Growing E-commerce booting rolling ... PR ...",www.prnewswire.com,0.237715,Somewhat-Bullish,CAT,0.034233,0.0,Neutral
2024-05-24 19:38:46,"Titan Machinery Misses on Q1 Earnings, Lowers FY25 View - Caterpillar  ( NYSE:CAT ) , AGCO  ( NYSE:AGCO ) ",https://www.benzinga.com/news/earnings/24/05/39012600/titan-machinery-misses-on-q1-earnings-lowers-fy25-view,"Titan Machinery Inc. TITN reported earnings per share of 41 cents in first-quarter fiscal 2025 ( ended Apr 30, 2024 ) , which missed the Zacks Consensus Estimate of 67 cents.",www.benzinga.com,0.05055,Neutral,CAT,0.106384,0.09631,Neutral
2024-05-24 20:41:37,"Titan Machinery Misses on Q1 Earnings, Lowers FY25 View",https://markets.businessinsider.com/news/stocks/titan-machinery-misses-on-q1-earnings-lowers-fy25-view-1033421148,"Titan Machinery Inc. ( NASDAQ:TITN ) reported earnings per share of 41 cents in first-quarter fiscal 2025 ( ended Apr 30, 2024 ) , which missed the Zacks Consensus Estimate of 67 cents.",markets.businessinsider.com,0.036148,Neutral,CAT,0.037446,0.133168,Neutral
2024-05-27 15:34:00,BHP & Rio Tinto  ( RIO )  Team up for Electric Haul Truck Trials,https://www.zacks.com/stock/news/2279679/bhp-rio-tinto-rio-team-up-for-electric-haul-truck-trials,Mining giants BHP and Rio Tinto (RIO) team up to test battery-powered haul trucks in Western Australia's Pilbara region.,www.zacks.com,0.141779,Neutral,CAT,0.409171,0.133332,Neutral
2024-05-28 00:52:00,BHP and Rio Tinto collaborate on battery-electric haul truck trials in the Pilbara,https://www.globenewswire.com/news-release/2024/05/28/2888662/0/en/BHP-and-Rio-Tinto-collaborate-on-battery-electric-haul-truck-trials-in-the-Pilbara.html,"PERTH, Australia, May 28, 2024 ( GLOBE NEWSWIRE ) -- In an industry first, BHP and Rio Tinto will collaborate on the testing of large battery-electric haul truck technology in the Pilbara, Western Australia, to accelerate the potential for its future deployment.",www.globenewswire.com,0.221643,Somewhat-Bullish,CAT,0.416516,0.322665,Somewhat-Bullish
2024-05-28 00:52:13,BHP and Rio Tinto collaborate on battery-electric haul truck trials in the Pilbara - BHP Group  ( NYSE:BHP ) ,https://www.benzinga.com/pressreleases/24/05/g39031482/bhp-and-rio-tinto-collaborate-on-battery-electric-haul-truck-trials-in-the-pilbara,"PERTH, Australia, May 28, 2024 ( GLOBE NEWSWIRE ) -- In an industry first, BHP and Rio Tinto will collaborate on the testing of large battery-electric haul truck technology in the Pilbara, Western Australia, to accelerate the potential for its future deployment.",www.benzinga.com,0.233148,Somewhat-Bullish,CAT,0.395903,0.312019,Somewhat-Bullish
2024-05-28 10:20:05,Should You Invest in the Industrial Select Sector SPDR ETF  ( XLI ) ?,https://www.zacks.com/stock/news/2279805/should-you-invest-in-the-industrial-select-sector-spdr-etf-xli,Sector ETF report for ...,www.zacks.com,0.1778,Somewhat-Bullish,CAT,0.129516,0.070142,Neutral
2024-05-28 14:04:00,4 Construction & Mining Equipment Stocks to Escape Industry Headwinds,https://www.zacks.com/commentary/2279856/4-construction-mining-equipment-stocks-to-escape-industry-headwinds,"Despite the ongoing weakness in order levels, the Zacks Manufacturing - Construction and Mining industry will gain from higher investment spending in the United States and demand from the mining sector. Companies like CAT, KMTUY, HTCMY and TEX are positioning themselves to leverage these trends.",www.zacks.com,0.21583,Somewhat-Bullish,CAT,0.184422,0.306264,Somewhat-Bullish
2024-05-29 18:15:36,Caterpillar Unusual Options Activity - Caterpillar  ( NYSE:CAT ) ,https://www.benzinga.com/insights/options/24/05/39070999/caterpillar-unusual-options-activity,"Financial giants have made a conspicuous bearish move on Caterpillar. Our analysis of options history for Caterpillar CAT revealed 9 unusual trades. Delving into the details, we found 33% of traders were bullish, while 66% showed bearish tendencies.",www.benzinga.com,0.169447,Somewhat-Bullish,CAT,0.697241,0.123973,Neutral
2024-05-30 09:07:00,Marjorie Taylor Greene Just Loaded Up on Stocks: Here Are the 6 She Bought,https://www.fool.com/investing/2024/05/30/marjorie-taylor-greene-just-loaded-up-on-stocks-he/,A quick look at the bull cases.,www.fool.com,0.270881,Somewhat-Bullish,CAT,0.372448,0.310829,Somewhat-Bullish
2024-05-30 13:58:00,Reasons to Hold Caterpillar  ( CAT )  Stock in Your Portfolio Now,https://www.zacks.com/stock/news/2281428/reasons-to-hold-caterpillar-cat-stock-in-your-portfolio-now,Solid backlog levels and expected benefits from its strategic initiatives make Caterpillar (CAT) stock worth holding on to at the moment.,www.zacks.com,0.376588,Bullish,CAT,0.408506,0.410826,Bullish
2024-05-30 14:56:00,Stock Market Today: Dow Jones Falls Nearly 400 Points But Small Caps Rebound; Cathie Wood Stock Plunges 35%,https://www.investors.com/market-trend/stock-market-today/stock-market-today-sp500-dow-jones-nasdaq-salesforce-microstrategy-bitcoin-cathie-wood-stock/,Stock Market Today: Dow Jones Falls Nearly 400 Points But Small Caps Rebound. Cathie Wood Stock Plunges 35% Investor's Business Daily ...,www.investors.com,0.07413,Neutral,CAT,0.098862,-0.043299,Neutral
2024-05-30 18:30:22,Here's How Much You Would Have Made Owning Caterpillar Stock In The Last 10 Years - Caterpillar  ( NYSE:CAT ) ,https://www.benzinga.com/insights/news/24/05/39095299/heres-how-much-you-would-have-made-owning-caterpillar-stock-in-the-last-10-years,"Caterpillar CAT has outperformed the market over the past 10 years by 2.07% on an annualized basis producing an average annual return of 12.57%. Currently, Caterpillar has a market capitalization of $166.68 billion.",www.benzinga.com,0.238974,Somewhat-Bullish,CAT,0.95919,0.384695,Bullish
2024-06-03 12:29:19,"Meta Platforms, Caterpillar And 2 Other Stocks Insiders Are Selling - Meta Platforms  ( NASDAQ:META ) ",https://www.benzinga.com/news/24/06/39135351/meta-platforms-caterpillar-and-2-other-stocks-insiders-are-selling,"The Nasdaq 100 closed slightly lower on Friday. Investors, meanwhile, focused on some notable insider trades. When insiders sell shares, it could be a preplanned sale, or could indicate their concern in the company's prospects or that they view the stock as being overpriced.",www.benzinga.com,0.239036,Somewhat-Bullish,CAT,0.418689,0.197546,Somewhat-Bullish
2024-06-04 13:45:12,Here's Why Caterpillar  ( CAT )  is a Strong Growth Stock,https://www.zacks.com/stock/news/2283293/heres-why-caterpillar-cat-is-a-strong-growth-stock,The Zacks Style Scores offers investors a way to easily find top-rated stocks based on their investing style. Here's why you should take advantage.,www.zacks.com,0.385875,Bullish,CAT,0.491255,0.385359,Bullish
2024-06-05 13:00:16,Caterpillar Inc.  ( CAT )  is Attracting Investor Attention: Here is What You Should Know,https://www.zacks.com/stock/news/2283811/caterpillar-inc-cat-is-attracting-investor-attention-here-is-what-you-should-know,"Zacks.com users have recently been watching Caterpillar (CAT) quite a bit. Thus, it is worth knowing the facts that could determine the stock's prospects.",www.zacks.com,0.211053,Somewhat-Bullish,CAT,0.490323,0.095986,Neutral
2024-06-05 13:40:12,Are You a Value Investor? This 1 Stock Could Be the Perfect Pick,https://www.zacks.com/stock/news/2283916/are-you-a-value-investor-this-1-stock-could-be-the-perfect-pick,The Zacks Style Scores offers investors a way to easily find top-rated stocks based on their investing style. Here's why you should take advantage.,www.zacks.com,0.486262,Bullish,CAT,0.354319,0.212916,Somewhat-Bullish
2024-06-05 14:16:27,Decoding Caterpillar's Options Activity: What's the Big Picture? - Caterpillar  ( NYSE:CAT ) ,https://www.benzinga.com/insights/options/24/06/39186016/decoding-caterpillars-options-activity-whats-the-big-picture,"Deep-pocketed investors have adopted a bearish approach towards Caterpillar CAT, and it's something market players shouldn't ignore. Our tracking of public options records at Benzinga unveiled this significant move today.",www.benzinga.com,0.198957,Somewhat-Bullish,CAT,0.688096,0.275,Somewhat-Bullish
2024-06-06 13:57:00,"The Zacks Analyst Blog Highlights Bank of America, Advanced Micro Devices, Caterpillar and Weyco Group",https://www.zacks.com/stock/news/2284762/the-zacks-analyst-blog-highlights-bank-of-america-advanced-micro-devices-caterpillar-and-weyco-group,"Bank of America, Advanced Micro Devices, Caterpillar and Weyco Group are part of the Zacks top Analyst Blog.",www.zacks.com,0.28699,Somewhat-Bullish,CAT,0.266246,0.249724,Somewhat-Bullish
2024-06-07 21:05:00,Mobile Power Generation Equipment Rentals Market size is set to grow by USD 525.8 million from 2024-2028 ... - PR Newswire,https://www.prnewswire.com/news-releases/mobile-power-generation-equipment-rentals-market-size-is-set-to-grow-by-usd-525-8-million-from-2024-2028--increasing-infrastructural-activities-to-boost-the-market-growth-technavio-302166120.html,Mobile Power Generation Equipment Rentals Market size is set to grow by USD 525.8 million from 2024-2028 ... PR ...,www.prnewswire.com,0.288456,Somewhat-Bullish,CAT,0.034984,0.03582,Neutral
2024-06-07 22:15:00,"Mobile Crane Market size is set to grow by USD 10.00 billion from 2024-2028, Increased infrastructure-based ... - PR Newswire",https://www.prnewswire.com/news-releases/mobile-crane-market-size-is-set-to-grow-by-usd-10-00-billion-from-2024-2028--increased-infrastructure-based-development-to-boost-the-market-growth-technavio-302166571.html,"Mobile Crane Market size is set to grow by USD 10.00 billion from 2024-2028, Increased infrastructure-based ... PR ...",www.prnewswire.com,0.290291,Somewhat-Bullish,CAT,0.035138,0.029455,Neutral
2024-06-10 19:01:10,Caterpillar's Options: A Look at What the Big Money is Thinking - Caterpillar  ( NYSE:CAT ) ,https://www.benzinga.com/insights/options/24/06/39257482/caterpillars-options-a-look-at-what-the-big-money-is-thinking,"Investors with a lot of money to spend have taken a bullish stance on Caterpillar CAT. We noticed this today when the trades showed up on publicly available options history that we track here at Benzinga. Whether this is an institution or just a wealthy individual, we don't know.",www.benzinga.com,0.191267,Somewhat-Bullish,CAT,0.702807,0.317473,Somewhat-Bullish
2024-06-12 17:37:49,What's Going On With Caterpillar Shares Wednesday? - Caterpillar  ( NYSE:CAT ) ,https://www.benzinga.com/news/24/06/39297479/whats-going-on-with-caterpillar-shares-wednesday,Caterpillar Inc. CAT shares are moving higher on Wednesday afternoon. The company on Wednesday raised its dividend and increased its share repurchase program.,www.benzinga.com,0.345273,Somewhat-Bullish,CAT,0.726435,0.645892,Bullish
2024-06-12 21:45:20,Here's Why Caterpillar  ( CAT )  Gained But Lagged the Market Today,https://www.zacks.com/stock/news/2287531/heres-why-caterpillar-cat-gained-but-lagged-the-market-today,"Caterpillar (CAT) reachead $328.73 at the closing of the latest trading day, reflecting a +0.43% change compared to its last close.",www.zacks.com,0.133425,Neutral,CAT,0.523451,0.198808,Somewhat-Bullish
2024-06-13 15:12:00,"Caterpillar  ( CAT )  Boosts Share Buyback Plan, Raises Dividend",https://www.zacks.com/stock/news/2288038/caterpillar-cat-boosts-share-buyback-plan-raises-dividend,"Caterpillar's (CAT) recent dividend hike, which highlights its solid financial position, boosts its dividend yield to 1.72%, thus surpassing the industry average.",www.zacks.com,0.298341,Somewhat-Bullish,CAT,0.462116,0.288591,Somewhat-Bullish
2024-06-14 12:43:48,"Qualcomm, Caterpillar, Starbucks And A Basic Materials Stock: CNBC's 'Final Trades' - Caterpillar  ( NYSE:CAT ) , Freeport-McMoRan  ( NYSE:FCX ) ",https://www.benzinga.com/trading-ideas/long-ideas/24/06/39331634/qualcomm-caterpillar-starbucks-and-a-basic-materials-stock-cnbcs-final-trades,"Jim Lebenthal of Cerity Partners picked QUALCOMM Incorporated QCOM on CNBC's ""Halftime Report Final Trades."" Both the technicals and fundamentals are aligning for future gains, Lebenthal said. On June 4, TD Cowen analyst Matt Ramsay maintained Qualcomm with a Buy and raised the price target from ...",www.benzinga.com,0.331428,Somewhat-Bullish,CAT,0.555911,0.331492,Somewhat-Bullish
2024-06-15 15:02:00,Everyone Is Talking About Caterpillar Stock. Is It a Good Long-Term Option?,https://www.fool.com/investing/2024/06/15/everyone-is-talking-about-caterpillar-stock-is-it/,"The heavy machinery company has a bright future, but is it a good value right now?",www.fool.com,0.238888,Somewhat-Bullish,CAT,0.696531,0.376664,Bullish
2024-06-15 22:00:00,Billionaire Investor Bill Gates Has 87% of His $45 Billion Portfolio in Just 5 Stocks,https://www.fool.com/investing/2024/06/15/billionaire-investor-bill-gates-has-87-of-his-45-b/,"While Gates holds positions in dozens of companies, just five represent the vast majority of his portfolio.",www.fool.com,0.355502,Bullish,CAT,0.067536,-0.00605,Neutral
2024-06-17 13:30:00,"Stock Market News for June 17, 2024",https://www.zacks.com/stock/news/2289108/stock-market-news-for-june-17-2024,U.S. stocks ended mostly lower on Friday but the Nasdaq ended in positive territory to close at a record high for the fifth consecutive session.,www.zacks.com,-0.102005,Neutral,CAT,0.166743,-0.061072,Neutral
2024-06-18 13:00:15,Investors Heavily Search Caterpillar Inc.  ( CAT ) : Here is What You Need to Know,https://www.zacks.com/stock/news/2289662/investors-heavily-search-caterpillar-inc-cat-here-is-what-you-need-to-know,"Caterpillar (CAT) has been one of the stocks most watched by Zacks.com users lately. So, it is worth exploring what lies ahead for the stock.",www.zacks.com,0.21757,Somewhat-Bullish,CAT,0.482982,0.110079,Neutral
2024-06-18 21:45:21,Caterpillar  ( CAT )  Laps the Stock Market: Here's Why,https://www.zacks.com/stock/news/2290072/caterpillar-cat-laps-the-stock-market-heres-why,"In the most recent trading session, Caterpillar (CAT) closed at $325.14, indicating a +0.85% shift from the previous trading day.",www.zacks.com,0.165684,Somewhat-Bullish,CAT,0.617188,0.340874,Somewhat-Bullish
2024-06-20 13:45:09,Why This 1 Growth Stock Could Be a Great Addition to Your Portfolio,https://www.zacks.com/stock/news/2290897/why-this-1-growth-stock-could-be-a-great-addition-to-your-portfolio,"Wondering how to pick strong, market-beating stocks for your investment portfolio? Look no further than the Zacks Style Scores.",www.zacks.com,0.384026,Bullish,CAT,0.473208,0.377164,Bullish
2024-06-21 12:26:00,Watch These 5 Stocks That Recently Announced Dividend Hikes,https://www.zacks.com/stock/news/2291403/watch-these-5-stocks-that-recently-announced-dividend-hikes,"Investors may keep a tab on stocks like NFG, KFY, CAT, TGT and CASY, which have lately hiked their dividend payments.",www.zacks.com,0.168683,Somewhat-Bullish,CAT,0.33514,0.165275,Somewhat-Bullish
2024-06-21 17:47:48,A Closer Look at Caterpillar's Options Market Dynamics - Caterpillar  ( NYSE:CAT ) ,https://www.benzinga.com/insights/options/24/06/39438317/a-closer-look-at-caterpillars-options-market-dynamics,"Financial giants have made a conspicuous bullish move on Caterpillar. Our analysis of options history for Caterpillar CAT revealed 10 unusual trades. Delving into the details, we found 50% of traders were bullish, while 40% showed bearish tendencies.",www.benzinga.com,0.197092,Somewhat-Bullish,CAT,0.664604,0.212034,Somewhat-Bullish
2024-06-24 13:09:00,"The Zacks Analyst Blog Highlights National Fuel Gas, KornFerry, Caterpillar, Target and Casey's",https://www.zacks.com/stock/news/2292043/the-zacks-analyst-blog-highlights-national-fuel-gas-kornferry-caterpillar-target-and-caseys,"National Fuel Gas, KornFerry, Caterpillar, Target and Casey's are included in this Analyst Blog.",www.zacks.com,0.170607,Somewhat-Bullish,CAT,0.306963,0.128407,Neutral
2024-06-24 20:00:25,"$1000 Invested In This Stock 15 Years Ago Would Be Worth $9,500 Today - Caterpillar  ( NYSE:CAT ) ",https://www.benzinga.com/insights/news/24/06/39465577/1000-invested-in-this-stock-15-years-ago-would-be-worth-9-500-today,"Caterpillar CAT has outperformed the market over the past 15 years by 4.01% on an annualized basis producing an average annual return of 16.6%. Currently, Caterpillar has a market capitalization of $161.70 billion.",www.benzinga.com,0.238974,Somewhat-Bullish,CAT,0.95919,0.384695,Bullish
2024-06-24 21:45:20,Caterpillar  ( CAT )  Increases Despite Market Slip: Here's What You Need to Know,https://www.zacks.com/stock/news/2292484/caterpillar-cat-increases-despite-market-slip-heres-what-you-need-to-know,"In the most recent trading session, Caterpillar (CAT) closed at $330, indicating a +0.66% shift from the previous trading day.",www.zacks.com,0.147332,Neutral,CAT,0.531019,0.224996,Somewhat-Bullish
2024-06-25 10:05:00,Want Decades of Passive Income? 3 Stocks to Buy Now and Hold Forever,https://www.fool.com/investing/2024/06/25/want-decades-of-passive-income-3-stocks-to-buy-now/,"There's no such thing as a sure thing, but these dividend stocks should be reliable passive income producers for long-term investors.",www.fool.com,0.315529,Somewhat-Bullish,CAT,0.260004,0.183326,Somewhat-Bullish
2024-06-25 15:18:25,Smart Money Is Betting Big In CAT Options - Caterpillar  ( NYSE:CAT ) ,https://www.benzinga.com/insights/options/24/06/39483563/smart-money-is-betting-big-in-cat-options,"Investors with a lot of money to spend have taken a bearish stance on Caterpillar CAT. We noticed this today when the trades showed up on publicly available options history that we track here at Benzinga. Whether these are institutions or just wealthy individuals, we don't know.",www.benzinga.com,0.171079,Somewhat-Bullish,CAT,0.663374,0.181221,Somewhat-Bullish
2024-06-26 10:14:00,The Latest | Iran-allied militants claim an attack targeting the Israeli port city of Eilat,https://apnews.com/article/israel-hamas-mideast-latest-06-26-2024-7cb725ec787df7e9a9718fdfecfa3801,"An Iranian-backed umbrella group known as the Islamic Resistance in Iraq claimed an attack targeting the southern Israeli port city of Eilat on Wednesday. The militants are allied with Yemen's Houthi rebels, who are suspected of attacking a ship in the Gulf of Aden early Wednesday.",apnews.com,-0.238226,Somewhat-Bearish,CAT,0.080188,-0.117484,Neutral
2024-06-26 11:59:04,"From Sustainability To Reliability: How Laser Photonics' Ethical Approach To Engineering Sets It Apart From Rivals - Caterpillar  ( NYSE:CAT ) , GE Aero  ( NYSE:GE ) ",https://www.benzinga.com/partner/emerging-markets/24/06/39499247/from-sustainability-to-reliability-how-laser-photonics-ethical-approach-to-engineering-s,"Ethical engineering may only receive lip service from some companies, but it's a guiding principle for Laser Photonics Corp LASE ( LPC ) . Sustainability and environmental and societal impacts must be part of the equation in research and development, engineering and manufacturing, the company ...",www.benzinga.com,0.396503,Bullish,CAT,0.089629,0.388616,Bullish
2024-06-27 00:03:00,Buyback Bonanza: 3 Companies Scooping Up Shares,https://www.zacks.com/stock/news/2294023/buyback-bonanza-3-companies-scooping-up-shares,"Buybacks can provide a nice confidence boost for investors, indicating that the company is utilizing excess cash and can help put in a floor for shares.",www.zacks.com,0.337847,Somewhat-Bullish,CAT,0.542261,0.150677,Somewhat-Bullish
2024-06-27 13:40:11,Why Caterpillar  ( CAT )  is a Top Value Stock for the Long-Term,https://www.zacks.com/stock/news/2294280/why-caterpillar-cat-is-a-top-value-stock-for-the-long-term,"Whether you're a value, growth, or momentum investor, finding strong stocks becomes easier with the Zacks Style Scores, a top feature of the Zacks Premium research service.",www.zacks.com,0.47477,Bullish,CAT,0.509589,0.26833,Somewhat-Bullish
2024-06-27 15:29:51,"Buyback Bonanza: 3 Companies Scooping Up Shares - Lululemon Athletica  ( NASDAQ:LULU ) , Caterpillar  ( NYSE:CAT ) ",https://www.benzinga.com/news/earnings/24/06/39516011/buyback-bonanza-3-companies-scooping-up-shares,"Stock buybacks, or share repurchase programs, are commonly executed by companies to boost shareholder value. A stock buyback occurs when a company purchases outstanding shares of its stock. In its simplest form, buybacks represent companies essentially re-investing in themselves.",www.benzinga.com,0.379042,Bullish,CAT,0.434142,0.193729,Somewhat-Bullish
2024-06-28 18:16:41,Caterpillar Unusual Options Activity - Caterpillar  ( NYSE:CAT ) ,https://www.benzinga.com/insights/options/24/06/39555891/caterpillar-unusual-options-activity,"Deep-pocketed investors have adopted a bullish approach towards Caterpillar CAT, and it's something market players shouldn't ignore. Our tracking of public options records at Benzinga unveiled this significant move today.",www.benzinga.com,0.247857,Somewhat-Bullish,CAT,0.771727,0.428373,Bullish
2024-07-02 17:41:00,I walked over 50 miles testing out the most comfortable walking shoes for women - here are my 10 favorite pairs,https://www.businessinsider.com/guides/style/best-walking-shoes-for-women,"The 10 Best Walking Shoes for Women, Tested and Reviewed - Business Insider ...",www.businessinsider.com,0.263719,Somewhat-Bullish,CAT,0.038386,0.14129,Neutral
2024-07-03 16:46:47,Caterpillar's Options: A Look at What the Big Money is Thinking - Caterpillar  ( NYSE:CAT ) ,https://www.benzinga.com/insights/options/24/07/39621485/caterpillars-options-a-look-at-what-the-big-money-is-thinking,"Deep-pocketed investors have adopted a bearish approach towards Caterpillar CAT, and it's something market players shouldn't ignore. Our tracking of public options records at Benzinga unveiled this significant move today.",www.benzinga.com,0.191658,Somewhat-Bullish,CAT,0.753259,0.338488,Somewhat-Bullish
2024-07-04 15:42:00,BHP Seeks Approval for Electric Trolley System at Escondida,https://www.zacks.com/stock/news/2297046/bhp-seeks-approval-for-electric-trolley-system-at-escondida,BHP seeks a permit from Chile's environmental regulator to build a $250-million electric trolley system at Escondida. It is set to cut down diesel consumption and improve truck performance.,www.zacks.com,0.136906,Neutral,CAT,0.347614,0.136703,Neutral
2024-07-04 15:56:00,Rio Tinto  ( RIO )  Builds Solar Power Plant at Diavik Mine,https://www.zacks.com/stock/news/2297017/rio-tinto-rio-builds-solar-power-plant-at-diavik-mine,Rio Tinto (RIO) builds a solar power plant that will power its Diavik Diamond Mine in Canada and help cut down annual diesel consumption at the mine by 1 million liters per year.,www.zacks.com,0.067815,Neutral,CAT,0.167322,0.012335,Neutral
2024-07-08 20:00:27,$1000 Invested In Caterpillar 5 Years Ago Would Be Worth This Much Today - Caterpillar  ( NYSE:CAT ) ,https://www.benzinga.com/insights/news/24/07/39674868/1000-invested-in-caterpillar-5-years-ago-would-be-worth-this-much-today,"Caterpillar CAT has outperformed the market over the past 5 years by 5.82% on an annualized basis producing an average annual return of 18.86%. Currently, Caterpillar has a market capitalization of $161.92 billion.",www.benzinga.com,0.238974,Somewhat-Bullish,CAT,0.95919,0.384695,Bullish
2024-07-09 07:48:47,"Caterpillar  ( NYSE:CAT )  Lowered to ""Hold"" at StockNews.com",https://www.defenseworld.net/2024/07/09/caterpillar-nysecat-lowered-to-hold-at-stocknews-com.html,StockNews.com downgraded shares of Caterpillar ( NYSE:CAT - Free Report ) from a buy rating to a hold rating in a research note released on Monday. CAT has been the subject of several other research reports.,www.defenseworld.net,0.249988,Somewhat-Bullish,CAT,0.760593,0.41205,Bullish
2024-07-09 12:50:09,These 2 Industrial Products Stocks Could Beat Earnings: Why They Should Be on Your Radar,https://www.zacks.com/stock/news/2298348/these-2-industrial-products-stocks-could-beat-earnings-why-they-should-be-on-your-radar,The Zacks Earnings ESP is a great way to find potential earnings surprises. Why investors should take advantage now.,www.zacks.com,0.31025,Somewhat-Bullish,CAT,0.381949,0.396158,Bullish
2024-07-09 13:46:00,Caterpillar  ( CAT )  Trades Above 200-Day SMA: How to Play the Stock?,https://www.zacks.com/stock/news/2298572/caterpillar-cat-trades-above-200-day-sma-how-to-play-the-stock,"Caterpillar (CAT) is poised well to gain on demand for construction and mining equipment, and efforts to increase its autonomous offerings and service revenues.",www.zacks.com,0.351981,Bullish,CAT,0.643211,0.505219,Bullish
2024-07-09 16:47:51,A Closer Look at Caterpillar's Options Market Dynamics - Caterpillar  ( NYSE:CAT ) ,https://www.benzinga.com/insights/options/24/07/39694202/a-closer-look-at-caterpillars-options-market-dynamics,"Investors with a lot of money to spend have taken a bearish stance on Caterpillar CAT. We noticed this today when the positions showed up on publicly available options history that we track here at Benzinga. Whether these are institutions or just wealthy individuals, we don't know.",www.benzinga.com,0.157073,Somewhat-Bullish,CAT,0.815958,0.255068,Somewhat-Bullish
2024-07-09 20:06:06,"Caterpillar Trades Above 200-Day SMA: How to Play the Stock? - Caterpillar  ( NYSE:CAT ) , Astec Industries  ( NASDAQ:ASTE ) ",https://www.benzinga.com/news/earnings/24/07/39692017/caterpillar-trades-above-200-day-sma-how-to-play-the-stock,"Caterpillar CAT has consistently traded above its 200-day simple moving average so far this year, indicating robust upward momentum. This reflects the company's solid financial performance, steady return to shareholders, and confidence in CAT's financial health and prospects.",www.benzinga.com,0.364965,Bullish,CAT,0.727604,0.520437,Bullish
2024-07-09 20:27:29,Caterpillar Trades Above 200-Day SMA: How to Play the Stock?,https://markets.businessinsider.com/news/stocks/caterpillar-trades-above-200-day-sma-how-to-play-the-stock-1033541006,"Caterpillar ( NYSE:CAT ) has consistently traded above its 200-day simple moving average so far this year, indicating robust upward momentum. This reflects the company's solid financial performance, steady return to shareholders, and confidence in CAT's financial health and prospects.",markets.businessinsider.com,0.362605,Bullish,CAT,0.720339,0.51863,Bullish
2024-07-10 12:30:00,Parker Elects E. Jean Savage to its Board of Directors,https://www.globenewswire.com/news-release/2024/07/10/2911108/0/en/Parker-Elects-E-Jean-Savage-to-its-Board-of-Directors.html,"CLEVELAND, July 10, 2024 ( GLOBE NEWSWIRE ) -- Parker Hannifin Corporation ( NYSE: PH ) , the global leader in motion and control technologies, today announced the election of E. Jean Savage to its Board of Directors, effective July 10, 2024.",www.globenewswire.com,0.274223,Somewhat-Bullish,CAT,0.136113,0.040704,Neutral
2024-07-10 21:45:18,Caterpillar  ( CAT )  Rises But Trails Market: What Investors Should Know,https://www.zacks.com/stock/news/2299559/caterpillar-cat-rises-but-trails-market-what-investors-should-know,"In the closing of the recent trading day, Caterpillar (CAT) stood at $328.48, denoting a +0.74% change from the preceding trading day.",www.zacks.com,0.188423,Somewhat-Bullish,CAT,0.600271,0.276656,Somewhat-Bullish
2024-07-12 15:17:05,A Closer Look at Caterpillar's Options Market Dynamics - Caterpillar  ( NYSE:CAT ) ,https://www.benzinga.com/insights/options/24/07/39751842/a-closer-look-at-caterpillars-options-market-dynamics,"Deep-pocketed investors have adopted a bullish approach towards Caterpillar CAT, and it's something market players shouldn't ignore. Our tracking of public options records at Benzinga unveiled this significant move today.",www.benzinga.com,0.232247,Somewhat-Bullish,CAT,0.679118,0.296423,Somewhat-Bullish
2024-07-12 15:34:00,Former Caterpillar Dealer Venequip S.A. Sues Caterpillar for $100 Million in Damages,https://www.prnewswire.com/news-releases/former-caterpillar-dealer-venequip-sa-sues-caterpillar-for-100-million-in-damages-302195950.html,"Caterpillar is alleged to have engaged in fraudulent and misleading conduct. MIAMI, July 12, 2024 /PRNewswire/ -- Venequip S.A., a Venezuelan company, this week filed a lawsuit seeking more than $100 million in damages from Caterpillar, Inc.",www.prnewswire.com,-0.171453,Somewhat-Bearish,CAT,0.975739,-0.313063,Somewhat-Bearish
2024-07-15 12:45:00,Are You Missing Out on These 2 Recent Dividend Raises?,https://www.fool.com/investing/2024/07/15/are-you-missing-out-on-these-2-recent-dividend/,"Earnings season hasn't quite kicked in, but this duo couldn't wait to boost their payouts.",www.fool.com,0.274769,Somewhat-Bullish,CAT,0.373911,0.336753,Somewhat-Bullish
2024-07-15 14:23:00,"Dow Reclaims 40,000 Mark, Surpasses Major Indices: ETFs to Tap",https://www.zacks.com/stock/news/2301739/dow-reclaims-40000-mark-surpasses-major-indices-etfs-to-tap,The Dow Jones Industrial Average has finally started to catch up with the rally of 2024 on growing expectations of Fed rates cut this year.,www.zacks.com,0.171369,Somewhat-Bullish,CAT,0.089797,0.160955,Somewhat-Bullish
2024-07-16 05:22:46,"Caterpillar  ( NYSE:CAT )  Upgraded to ""Buy"" by StockNews.com",https://www.defenseworld.net/2024/07/16/caterpillar-nysecat-upgraded-to-buy-by-stocknews-com.html,"Caterpillar ( NYSE:CAT - Get Free Report ) was upgraded by StockNews.com from a ""hold"" rating to a ""buy"" rating in a research report issued to clients and investors on Tuesday. Several other research analysts have also recently commented on the stock.",www.defenseworld.net,0.331789,Somewhat-Bullish,CAT,0.755585,0.51778,Bullish
2024-07-16 07:00:00,Caterpillar Shows Rising Relative Price Performance; Still Shy Of Key Threshold,https://www.investors.com/ibd-data-stories/caterpillar-shows-rising-relative-price-performance-still-shy-of-key-threshold/,Caterpillar Shows Rising Relative Price Performance. Still Shy Of Key Threshold Investor's Business Daily ...,www.investors.com,0.31782,Somewhat-Bullish,CAT,0.7887,0.292426,Somewhat-Bullish
2024-07-16 10:20:05,Should You Invest in the Fidelity MSCI Industrials Index ETF  ( FIDU ) ?,https://www.zacks.com/stock/news/2302202/should-you-invest-in-the-fidelity-msci-industrials-index-etf-fidu,Sector ETF report for ...,www.zacks.com,0.159047,Somewhat-Bullish,CAT,0.132733,0.051999,Neutral
2024-07-16 13:00:15,Caterpillar Inc.  ( CAT )  is Attracting Investor Attention: Here is What You Should Know,https://www.zacks.com/stock/news/2302322/caterpillar-inc-cat-is-attracting-investor-attention-here-is-what-you-should-know,"Zacks.com users have recently been watching Caterpillar (CAT) quite a bit. Thus, it is worth knowing the facts that could determine the stock's prospects.",www.zacks.com,0.230545,Somewhat-Bullish,CAT,0.482078,0.166329,Somewhat-Bullish
2024-07-16 14:15:00,These 3 Stocks are Decade Long Outperformers,https://www.zacks.com/commentary/2302028/these-3-stocks-are-decade-long-outperformers,"Several factors have contributed to these 3 stocks' long-term outperformance, including consistent sales growth, margin expansion, and efficient capital deployment.",www.zacks.com,0.440766,Bullish,CAT,0.366061,0.406986,Bullish
2024-07-17 09:57:00,Strength Seen in H&E Equipment  ( HEES ) : Can Its 7.5% Jump Turn into More Strength?,https://www.zacks.com/stock/news/2303108/strength-seen-in-he-equipment-hees-can-its-75-jump-turn-into-more-strength,H&E Equipment (HEES) was a big mover last session on higher-than-average trading volume. The latest trend in earnings estimate revisions might help the stock continue moving higher in the near term.,www.zacks.com,0.257247,Somewhat-Bullish,CAT,0.466325,0.0,Neutral
2024-07-17 12:40:00,"Zacks Investment Ideas feature highlights: Caterpillar, Domino's Pizza and Cintas",https://www.zacks.com/stock/news/2303202/zacks-investment-ideas-feature-highlights-caterpillar-dominos-pizza-and-cintas,"Caterpillar, Domino's Pizza and Cintas have been highlighted in this Investment Ideas article.",www.zacks.com,0.454221,Bullish,CAT,0.30569,0.376778,Bullish
2024-07-17 13:36:00,"Stock Market News for Jul 17, 2024",https://www.zacks.com/stock/news/2303337/stock-market-news-for-jul-17-2024,"U.S. stocks closed sharply higher on Tuesday, with the Dow hitting an all-time closing high and recording its best day in more than a year after stronger-than-expected retail sales data indicated that the Federal Reserve is gearing up for rate cuts while avoiding recession.",www.zacks.com,0.114977,Neutral,CAT,0.117774,0.20761,Somewhat-Bullish
2024-07-17 13:46:13,Smart Money Is Betting Big In CAT Options - Caterpillar  ( NYSE:CAT ) ,https://www.benzinga.com/insights/options/24/07/39816280/smart-money-is-betting-big-in-cat-options,"Whales with a lot of money to spend have taken a noticeably bearish stance on Caterpillar. Looking at options history for Caterpillar CAT we detected 8 trades. If we consider the specifics of each trade, it is accurate to state that 25% of the investors opened trades with bullish expectations ...",www.benzinga.com,0.136021,Neutral,CAT,0.805954,0.194156,Somewhat-Bullish
2024-07-17 15:20:00,Dow ETF Surges on Index's Best Day This Year: 5 Top Stocks,https://www.zacks.com/stock/news/2303637/dow-etf-surges-on-indexs-best-day-this-year-5-top-stocks,"The Dow Jones Index hit a new all-time high, notching its best one-day gain since June 2023, after reclaiming the 40,000 milestone for the first time since May.",www.zacks.com,0.27421,Somewhat-Bullish,CAT,0.248343,0.229986,Somewhat-Bullish
2024-07-17 21:45:19,Caterpillar  ( CAT )  Stock Moves -0.77%: What You Should Know,https://www.zacks.com/stock/news/2303916/caterpillar-cat-stock-moves--077-what-you-should-know,"In the latest trading session, Caterpillar (CAT) closed at $357.80, marking a -0.77% move from the previous day.",www.zacks.com,0.185568,Somewhat-Bullish,CAT,0.600271,0.21713,Somewhat-Bullish
2024-07-19 12:27:00,"Caterpillar, Carlyle Group And More: CNBC's 'Final Trades' - Caterpillar  ( NYSE:CAT ) ",https://www.benzinga.com/trading-ideas/long-ideas/24/07/39858070/caterpillar-carlyle-group-and-more-cnbcs-final-trades,"On CNBC's ""Halftime Report Final Trades,"" Kevin Simpson of Capital Wealth Planning said profits, net margins of Caterpillar Inc. CAT are at all-time highs. On June 12, Caterpillar raised its dividend and increased its share repurchase program.",www.benzinga.com,0.296289,Somewhat-Bullish,CAT,0.67628,0.492273,Bullish
2024-07-19 18:00:25, ( CAT )  - Analyzing Caterpillar's Short Interest - Caterpillar  ( NYSE:CAT ) ,https://www.benzinga.com/insights/short-sellers/24/07/39865319/cat-analyzing-caterpillars-short-interest,"Caterpillar's CAT short percent of float has fallen 11.25% since its last report. The company recently reported that it has 10.38 million shares sold short, which is 2.13% of all regular shares that are available for trading.",www.benzinga.com,0.264538,Somewhat-Bullish,CAT,0.212115,0.081887,Neutral
2024-07-22 16:15:42,Caterpillar's Options Frenzy: What You Need to Know - Caterpillar  ( NYSE:CAT ) ,https://www.benzinga.com/insights/options/24/07/39888901/caterpillars-options-frenzy-what-you-need-to-know,"Financial giants have made a conspicuous bullish move on Caterpillar. Our analysis of options history for Caterpillar CAT revealed 21 unusual trades. Delving into the details, we found 52% of traders were bullish, while 23% showed bearish tendencies.",www.benzinga.com,0.244606,Somewhat-Bullish,CAT,0.686739,0.253979,Somewhat-Bullish
2024-07-23 21:45:18,Caterpillar  ( CAT )  Dips More Than Broader Market: What You Should Know,https://www.zacks.com/stock/news/2307306/caterpillar-cat-dips-more-than-broader-market-what-you-should-know,"In the closing of the recent trading day, Caterpillar (CAT) stood at $344.17, denoting a -1.06% change from the preceding trading day.",www.zacks.com,0.203982,Somewhat-Bullish,CAT,0.592095,0.252864,Somewhat-Bullish
2024-07-24 16:51:07,"Hydraulic Broomer Market Size is Set for Growth Reaching USD 6.3 Billion by 2034 with 4.8% CAGR| States Transparency Market Research, Inc.",https://www.benzinga.com/pressreleases/24/07/g39938196/hydraulic-broomer-market-size-is-set-for-growth-reaching-usd-6-3-billion-by-2034-with-4-8-cagr-sta,"Wilmington, Delaware, United States, Transparency Market Research, Inc., July 24, 2024 ( GLOBE NEWSWIRE ) -- The global hydraulic broomer market ( Markt für hydraulische Besen ) was projected to attain US$ 3.8 billion in 2023.",www.benzinga.com,0.239079,Somewhat-Bullish,CAT,0.038592,0.259193,Somewhat-Bullish
2024-07-25 10:20:05,Should You Invest in the Vanguard Industrials ETF  ( VIS ) ?,https://www.zacks.com/stock/news/2308507/should-you-invest-in-the-vanguard-industrials-etf-vis,Sector ETF report for VIS ...,www.zacks.com,0.19604,Somewhat-Bullish,CAT,0.136113,0.07192,Neutral
2024-07-25 12:50:09,How to Find Strong Industrial Products Stocks Slated for Positive Earnings Surprises,https://www.zacks.com/stock/news/2308667/how-to-find-strong-industrial-products-stocks-slated-for-positive-earnings-surprises,The Zacks Earnings ESP is a great way to find potential earnings surprises. Why investors should take advantage now.,www.zacks.com,0.350194,Bullish,CAT,0.318897,0.358068,Bullish
2024-07-25 19:01:11,"If You Invested $100 In This Stock 20 Years Ago, You Would Have $900 Today - Caterpillar  ( NYSE:CAT ) ",https://www.benzinga.com/insights/news/24/07/39968126/if-you-invested-100-in-this-stock-20-years-ago-you-would-have-900-today,"Caterpillar CAT has outperformed the market over the past 20 years by 3.72% on an annualized basis producing an average annual return of 12.02%. Currently, Caterpillar has a market capitalization of $169.57 billion.",www.benzinga.com,0.238974,Somewhat-Bullish,CAT,0.95919,0.384695,Bullish
2024-07-29 13:00:16,Investors Heavily Search Caterpillar Inc.  ( CAT ) : Here is What You Need to Know,https://www.zacks.com/stock/news/2310652/investors-heavily-search-caterpillar-inc-cat-here-is-what-you-need-to-know,"Caterpillar (CAT) has received quite a bit of attention from Zacks.com users lately. Therefore, it is wise to be aware of the facts that can impact the stock's prospects.",www.zacks.com,0.224282,Somewhat-Bullish,CAT,0.484798,0.116379,Neutral
2024-07-30 12:10:04,H&E Equipment  ( HEES )  Q2 Earnings and Revenues Miss Estimates,https://www.zacks.com/stock/news/2311591/he-equipment-hees-q2-earnings-and-revenues-miss-estimates,"H&E Equipment (HEES) delivered earnings and revenue surprises of -9% and 3.19%, respectively, for the quarter ended June 2024. Do the numbers hold clues to what lies ahead for the stock?",www.zacks.com,0.141364,Neutral,CAT,0.136113,0.0,Neutral
2024-07-30 14:01:28,Analysts Estimate Caterpillar  ( CAT )  to Report a Decline in Earnings: What to Look Out for,https://www.zacks.com/stock/news/2311970/analysts-estimate-caterpillar-cat-to-report-a-decline-in-earnings-what-to-look-out-for,Caterpillar (CAT) doesn't possess the right combination of the two key ingredients for a likely earnings beat in its upcoming report. Get prepared with the key expectations.,www.zacks.com,0.126927,Neutral,CAT,0.29887,-0.024526,Neutral
2024-07-30 18:09:49,"H&E Equipment Q2 Earnings and Revenues Miss Estimates - Caterpillar  ( NYSE:CAT ) , H&E Equipment Servs  ( NASDAQ:HEES ) ",https://www.benzinga.com/news/earnings/24/07/40038619/h-e-equipment-q2-earnings-and-revenues-miss-estimates,"H&E Equipment HEES came out with quarterly earnings of $0.91 per share, missing the Zacks Consensus Estimate of $1 per share. This compares to earnings of $1.14 per share a year ago. These figures are adjusted for non-recurring items. This quarterly report represents an earnings surprise of -9%.",www.benzinga.com,0.155412,Somewhat-Bullish,CAT,0.1331,0.0,Neutral
2024-07-30 21:45:21,Caterpillar  ( CAT )  Declines More Than Market: Some Information for Investors,https://www.zacks.com/stock/news/2312391/caterpillar-cat-declines-more-than-market-some-information-for-investors,"Caterpillar (CAT) reachead $341.72 at the closing of the latest trading day, reflecting a -0.82% change compared to its last close.",www.zacks.com,0.138562,Neutral,CAT,0.639942,0.112721,Neutral
2024-08-01 10:20:05,Should You Invest in the Industrial Select Sector SPDR ETF  ( XLI ) ?,https://www.zacks.com/stock/news/2313771/should-you-invest-in-the-industrial-select-sector-spdr-etf-xli,Sector ETF report for ...,www.zacks.com,0.177809,Somewhat-Bullish,CAT,0.130217,0.070327,Neutral
2024-08-01 13:15:26,Stay Ahead of the Game With Caterpillar  ( CAT )  Q2 Earnings: Wall Street's Insights on Key Metrics,https://www.zacks.com/stock/news/2314039/stay-ahead-of-the-game-with-caterpillar-cat-q2-earnings-wall-streets-insights-on-key-metrics,"Looking beyond Wall Street's top -and-bottom-line estimate forecasts for Caterpillar (CAT), delve into some of its key metrics to gain a deeper insight into the company's potential performance for the quarter ended June 2024.",www.zacks.com,0.177535,Somewhat-Bullish,CAT,0.318074,0.074986,Neutral
2024-08-01 16:14:00,How to Play Caterpillar  ( CAT )  Stock Ahead of Q2 Earnings?,https://www.zacks.com/stock/news/2314584/how-to-play-caterpillar-cat-stock-ahead-of-q2-earnings,"Caterpillar's (CAT) Q2 results are likely to reflect the impacts of a y/y decline in volumes, which is expected to have been partially offset by favorable price realization and manufacturing costs.",www.zacks.com,0.138498,Neutral,CAT,0.276257,0.308041,Somewhat-Bullish
2024-08-01 18:47:42,Looking At Caterpillar's Recent Unusual Options Activity - Caterpillar  ( NYSE:CAT ) ,https://www.benzinga.com/insights/options/24/08/40111779/looking-at-caterpillars-recent-unusual-options-activity,"Whales with a lot of money to spend have taken a noticeably bearish stance on Caterpillar. Looking at options history for Caterpillar CAT we detected 28 trades. If we consider the specifics of each trade, it is accurate to state that 21% of the investors opened trades with bullish expectations ...",www.benzinga.com,0.161813,Somewhat-Bullish,CAT,0.703273,0.275878,Somewhat-Bullish
2024-08-04 13:59:44,Here are 4 things we're watching closely in the stock market this week,https://www.cnbc.com/2024/08/04/here-are-4-things-were-watching-closely-in-the-stock-market-this-week.html,"Expect earnings reports, and CEO commentaries, to drive the market action.",www.cnbc.com,0.007224,Neutral,CAT,0.055109,0.097835,Neutral
2024-08-05 08:10:00,"Good Stocks, Strategic Options, and a 4.5% Yield: There's a Lot to Like About This Unique ETF",https://www.fool.com/investing/2024/08/05/good-stocks-options-45-yield-etf-divo-amplify/,Covered calls can generate income from an investment portfolio but can be complex. This Amplify ETF is a simple solution.,www.fool.com,0.383209,Bullish,CAT,0.041682,0.121165,Neutral
2024-08-05 12:49:34,How To Earn $500 A Month From Caterpillar Stock Ahead Of Q2 Earnings - Caterpillar  ( NYSE:CAT ) ,https://www.benzinga.com/news/earnings/24/08/40159455/how-to-earn-500-a-month-from-caterpillar-stock-ahead-of-q2-earnings,"Caterpillar Inc. CAT is expected to release earnings results for its second quarter, before the opening bell on Tuesday, Aug. 6. Analysts expect the Irving, Texas-based company to report quarterly earnings at $5.54 per share, down slightly from $5.55 per share in the year-ago period.",www.benzinga.com,0.134461,Neutral,CAT,0.7887,0.191736,Somewhat-Bullish
2024-08-05 19:30:51,Caterpillar's Options: A Look at What the Big Money is Thinking - Caterpillar  ( NYSE:CAT ) ,https://www.benzinga.com/insights/options/24/08/40169957/caterpillars-options-a-look-at-what-the-big-money-is-thinking,"Deep-pocketed investors have adopted a bullish approach towards Caterpillar CAT, and it's something market players shouldn't ignore. Our tracking of public options records at Benzinga unveiled this significant move today.",www.benzinga.com,0.216366,Somewhat-Bullish,CAT,0.735253,0.341129,Somewhat-Bullish
2024-08-06 06:49:37,"Caterpillar, Uber And 3 Stocks To Watch Heading Into Tuesday - Uber Technologies  ( NYSE:UBER ) ",https://www.benzinga.com/news/earnings/24/08/40178504/caterpillar-uber-and-3-stocks-to-watch-heading-into-tuesday,"With U.S. stock futures trading higher this morning on Tuesday, some of the stocks that may grab investor focus today are as follows: Wall Street expects Uber Technologies, Inc. UBER to report quarterly earnings at 31 cents per share on revenue of $10.57 billion before the opening bell, according ...",www.benzinga.com,0.358502,Bullish,CAT,0.405651,0.1155,Neutral
2024-08-06 07:11:38,"Dow Records Worst Day In Around 2 Years, Mag 7 Stocks Lose $650B In Market Capitalization: Greed Index Moves To 'Extreme Fear' Zone - NVIDIA  ( NASDAQ:NVDA ) ",https://www.benzinga.com/news/earnings/24/08/40178833/dow-records-worst-day-in-around-2-years-mag-7-stocks-lose-650b-in-market-capitalization-greed-index,"The CNN Money Fear and Greed index showed a further decline in the overall market sentiment, with the index moving to the ""Extreme Fear"" zone on Monday. U.S. stocks settled lower on Monday, with the Dow Jones index tumbling over 1,000 points during the session to record its worst day in around ...",www.benzinga.com,-0.324505,Somewhat-Bearish,CAT,0.233556,-0.20716,Somewhat-Bearish
2024-08-06 11:18:59,"Why Nasdaq, S&P 500 Futures Are Ripping Higher - Invesco QQQ Trust, Series 1  ( NASDAQ:QQQ ) , SPDR S&P 500  ( ARCA:SPY ) ",https://www.benzinga.com/news/earnings/24/08/40183965/us-stocks-set-to-open-higher-after-mondays-crash-vix-plummets-analyst-says-would-have-worried-if-ma,"U.S. stocks look to bounce back on Tuesday following an across-the-board sell-off in the previous session. Strategists say all the yen carry trades haven't been unwound yet, which raises the specter of incremental weakness. That said, positive reactions to earnings from tech players such as ...",www.benzinga.com,0.055549,Neutral,CAT,0.084722,0.0,Neutral
2024-08-06 11:40:07,Caterpillar  ( CAT )  Q2 Earnings Surpass Estimates,https://www.zacks.com/stock/news/2316658/caterpillar-cat-q2-earnings-surpass-estimates,"Caterpillar (CAT) delivered earnings and revenue surprises of 8.32% and 0.45%, respectively, for the quarter ended June 2024. Do the numbers hold clues to what lies ahead for the stock?",www.zacks.com,0.148086,Neutral,CAT,0.398148,0.145007,Neutral
2024-08-06 13:26:57,Caterpillar Eyes Cautious 2024 Sales Outlook Despite Beating Q2 Expectations: Details - Caterpillar  ( NYSE:CAT ) ,https://www.benzinga.com/news/earnings/24/08/40190308/caterpillar-eyes-cautious-2024-sales-outlook-despite-beating-q2-expectations-details,"Caterpillar Inc. CAT stock is volatile after the company reported better-than-expected second-quarter 2024 results. Total sales and revenue for the quarter declined 4% year-over-year to $16.69 billion, beating the consensus of $16.68 billion.",www.benzinga.com,0.154407,Somewhat-Bullish,CAT,0.454714,-0.130315,Neutral
2024-08-06 13:36:00,National Fuel Gas and Landstar System Industries have been highlighted as Zacks Bull and Bear of the Day,https://www.zacks.com/stock/news/2316944/national-fuel-gas-and-landstar-system-industries-have-been-highlighted-as-zacks-bull-and-bear-of-the-day,"Chicago, IL - August 6, 2024 - Zacks Equity Research shares National Fuel Gas Company's ( NFG Quick QuoteNFG - ) as the Bull of the Day and Landstar System ( LSTR Quick QuoteLSTR - ) asthe Bear of the Day.",www.zacks.com,0.133989,Neutral,CAT,0.027103,0.118681,Neutral
2024-08-06 14:15:00,U.S. Stock Futures in Green After Three Days of Devastation,https://www.zacks.com/stock/news/2317106/us-stock-futures-in-green-after-three-days-of-devastation,"U.S. stock futures are trying to crawl back to normalcy after three days of mayhem. Although the meltdown was predominantly led by technology behemoths, especially AI giants, other sectors have also borne the brunt.",www.zacks.com,-0.048009,Neutral,CAT,0.197951,0.0,Neutral
2024-08-06 14:24:00,Tech Giants Lead Market Selloff,https://www.zacks.com/stock/news/2317119/tech-giants-lead-market-selloff,Tech Giants Lead Market ...,www.zacks.com,-0.050532,Neutral,CAT,0.140896,0.0,Neutral
2024-08-06 16:58:00,Caterpillar  ( CAT )  Q2 Earnings Top Estimates on Favorable Pricing,https://www.zacks.com/stock/news/2317314/caterpillar-cat-q2-earnings-top-estimates-on-favorable-pricing,"Caterpillar's (CAT) second-quarter 2024 earnings improve year over year, buoyed by the upbeat performance of the Energy & Transportation segment, offsetting weaker performance in other segments.",www.zacks.com,0.145474,Neutral,CAT,0.313363,0.115835,Neutral
2024-08-06 18:10:20,Here's Why Caterpillar Stock Is Outperforming Today,https://www.fool.com/investing/2024/08/06/heres-why-caterpillar-stock-outperformed-today/,The industrial company is doing a great job with its pricing strategy.,www.fool.com,0.19758,Somewhat-Bullish,CAT,0.597963,-0.165403,Somewhat-Bearish
2024-08-06 18:15:12,Caterpillar To See Margin Gains As Inventory Levels Normalize: Goldman Sachs - Caterpillar  ( NYSE:CAT ) ,https://www.benzinga.com/analyst-ratings/analyst-color/24/08/40199069/caterpillar-to-see-margin-gains-as-inventory-levels-normalize-goldman-sachs,"Caterpillar, Inc. CAT shares are trading higher today after the company reported second-quarter FY24 results. Goldman Sachs analyst Jerry Revich maintained a Buy rating with a price target of $408. Total sales and revenue for the quarter declined 4% year-over-year to $16.69 billion, beating the ...",www.benzinga.com,0.055027,Neutral,CAT,0.595343,-0.111674,Neutral
2024-08-06 18:39:01,S&P 500 Surges Over 2%; Caterpillar Earnings Beat Estimates - Caterpillar  ( NYSE:CAT ) ,https://www.benzinga.com/news/earnings/24/08/40199526/s-p-500-surges-over-2-caterpillar-earnings-beat-estimates,"U.S. stocks traded higher toward the end of trading, with the S&P 500 gaining more than 2% on Tuesday. The Dow traded up 1.92% to 39,444.86 while the NASDAQ rose 2.53% to 16,610.32. The S&P 500 also rose, gaining, 2.39% to 5,310.18. Real estate shares climbed by 2.7% on Tuesday.",www.benzinga.com,0.120189,Neutral,CAT,0.198493,0.024404,Neutral
2024-08-07 03:48:25,"Jim Cramer Says 'We're In A Recessionless Recession,' Points To Uber And Other Strong Corporate Earnings As Reassuring Sign - Caterpillar  ( NYSE:CAT ) , Builders FirstSource  ( NYSE:BLDR ) ",https://www.benzinga.com/markets/equities/24/08/40209932/jim-cramer-says-were-in-a-recessionless-recession-points-to-uber-and-other-strong-corporate-earn,"Despite the recent market turmoil, Jim Cramer has offered a reassuring perspective, suggesting that the current corporate earnings do not indicate an impending recession. What Happened: CNBC host Cramer shared his insights on the corporate earnings reports, indicating that they do not signal a ...",www.benzinga.com,-0.095994,Neutral,CAT,0.197413,0.329062,Somewhat-Bullish
2024-08-07 06:47:00,"Dow Snaps 3-Session Losing Streak As Nvidia, Meta, And Other Tech Stocks Surge: Greed Index Remains In 'Extreme Fear' Zone - McKesson  ( NYSE:MCK ) ",https://www.benzinga.com/news/earnings/24/08/40211348/dow-snaps-3-session-losing-streak-as-nvidia-meta-and-other-tech-stocks-surge-greed-index-remains-in,"The CNN Money Fear and Greed index showed some improvement in the overall market sentiment, while the index remained in the ""Extreme Fear"" zone on Tuesday. U.S. stocks settled higher on Tuesday, recovering some losses from the prior three sessions.",www.benzinga.com,-0.041521,Neutral,CAT,0.228073,0.337472,Somewhat-Bullish
2024-08-07 13:47:00,"Company News for Aug 7, 2024",https://www.zacks.com/stock/news/2318044/company-news-for-aug-7-2024,"Conpanies In The Article Are:LUMN,CAT, MPC, DUK ...",www.zacks.com,0.364074,Bullish,CAT,0.546745,0.351825,Bullish
2024-08-07 21:02:46,Why Caterpillar Stock Edged Past the Market Today,https://www.fool.com/investing/2024/08/07/why-caterpillar-stock-edged-past-the-market-today/,The company continues to bask in the afterglow of a significant quarterly earnings beat.,www.fool.com,0.306261,Somewhat-Bullish,CAT,0.777888,0.486488,Bullish
2024-08-08 15:10:00,Terex  ( TEX )  Shares Decline 19% Despite Q2 Earnings Beat,https://www.zacks.com/stock/news/2319441/terex-tex-shares-decline-19-despite-q2-earnings-beat,Terex (TEX) expects sales between $5.1 billion and $5.3 billion for 2024 compared with the earlier stated $5.2-$5.4 billion.,www.zacks.com,0.014504,Neutral,CAT,0.115232,0.140575,Neutral
2024-08-09 14:35:00,Is Caterpillar Stock Going to $399? 1 Wall Street Analyst Thinks So,https://www.fool.com/investing/2024/08/09/is-caterpillar-stock-going-to-399-1-wall-street-an/,"Wall Street took different opinions over the company's recent results, but this analyst's bullish case is a good one.",www.fool.com,0.262595,Somewhat-Bullish,CAT,0.333257,0.16663,Somewhat-Bullish
2024-08-09 15:46:23,Check Out What Whales Are Doing With CAT - Caterpillar  ( NYSE:CAT ) ,https://www.benzinga.com/insights/options/24/08/40288897/check-out-what-whales-are-doing-with-cat,"Deep-pocketed investors have adopted a bullish approach towards Caterpillar CAT, and it's something market players shouldn't ignore. Our tracking of public options records at Benzinga unveiled this significant move today.",www.benzinga.com,0.234783,Somewhat-Bullish,CAT,0.775616,0.3168,Somewhat-Bullish
2024-08-09 15:50:00,Caterpillar  ( CAT )  Moves Above 50-Day SMA Post Q2 Earnings: Time to Buy?,https://www.zacks.com/stock/news/2320264/caterpillar-cat-moves-above-50-day-sma-post-q2-earnings-time-to-buy,Caterpillar (CAT) delivered record earnings in Q2 despite lower volumes impacting revenues. This and a projection of higher earnings for 2024 have boosted share prices.,www.zacks.com,0.230442,Somewhat-Bullish,CAT,0.455018,0.256305,Somewhat-Bullish
2024-08-11 09:14:00,1 Key Number That Could Send Caterpillar Stock Higher,https://www.fool.com/investing/2024/08/11/1-key-number-that-could-send-caterpillar-stock-hig/,The company is exceeding its own expectations in 2024.,www.fool.com,0.294359,Somewhat-Bullish,CAT,0.38716,0.306636,Somewhat-Bullish
2024-08-13 16:00:58,Here's How Much You Would Have Made Owning Caterpillar Stock In The Last 15 Years - Caterpillar  ( NYSE:CAT ) ,https://www.benzinga.com/insights/news/24/08/40345038/heres-how-much-you-would-have-made-owning-caterpillar-stock-in-the-last-15-years,"Caterpillar CAT has outperformed the market over the past 15 years by 2.41% on an annualized basis producing an average annual return of 14.3%. Currently, Caterpillar has a market capitalization of $163.95 billion.",www.benzinga.com,0.238974,Somewhat-Bullish,CAT,0.95919,0.384695,Bullish
2024-08-14 13:00:17,Caterpillar Inc.  ( CAT )  Is a Trending Stock: Facts to Know Before Betting on It,https://www.zacks.com/stock/news/2321842/caterpillar-inc-cat-is-a-trending-stock-facts-to-know-before-betting-on-it,"Caterpillar (CAT) has received quite a bit of attention from Zacks.com users lately. Therefore, it is wise to be aware of the facts that can impact the stock's prospects.",www.zacks.com,0.233008,Somewhat-Bullish,CAT,0.483888,0.134144,Neutral
2024-08-14 19:00:55,Caterpillar's Options: A Look at What the Big Money is Thinking - Caterpillar  ( NYSE:CAT ) ,https://www.benzinga.com/insights/options/24/08/40376791/caterpillars-options-a-look-at-what-the-big-money-is-thinking,"Investors with a lot of money to spend have taken a bearish stance on Caterpillar CAT. We noticed this today when the trades showed up on publicly available options history that we track here at Benzinga. Whether these are institutions or just wealthy individuals, we don't know.",www.benzinga.com,0.154659,Somewhat-Bullish,CAT,0.785778,0.145826,Neutral
2024-08-15 13:45:10,Are You a Growth Investor? This 1 Stock Could Be the Perfect Pick,https://www.zacks.com/stock/news/2322542/are-you-a-growth-investor-this-1-stock-could-be-the-perfect-pick,The Zacks Style Scores offers investors a way to easily find top-rated stocks based on their investing style. Here's why you should take advantage.,www.zacks.com,0.342041,Somewhat-Bullish,CAT,0.489394,0.335386,Somewhat-Bullish
2024-08-16 11:30:00,3 Guggenheim Mutual Funds for Optimal Returns,https://www.zacks.com/stock/news/2322827/3-guggenheim-mutual-funds-for-optimal-returns,"Invest in Guggenheim mutual funds like SAOAX, GIYAX and GILDX for reliable returns.",www.zacks.com,0.230039,Somewhat-Bullish,CAT,0.078354,0.0,Neutral
2024-08-16 13:40:14,Here's Why Caterpillar  ( CAT )  is a Strong Value Stock,https://www.zacks.com/stock/news/2323011/heres-why-caterpillar-cat-is-a-strong-value-stock,"Wondering how to pick strong, market-beating stocks for your investment portfolio? Look no further than the Zacks Style Scores.",www.zacks.com,0.40315,Bullish,CAT,0.253646,0.119318,Neutral
2024-08-20 13:33:00,Insider Selling at Cummins  ( CMI ) : Time to Exit the Stock?,https://www.zacks.com/stock/news/2324309/insider-selling-at-cummins-cmi-time-to-exit-the-stock,"Sharon Barner's recent share sale doesn't necessarily signal doubt in Cummins' (CMI) future. With solid fundamentals and a focus on long-term growth, we recommend holding CMI stock.",www.zacks.com,0.212188,Somewhat-Bullish,CAT,0.098255,0.136661,Neutral
2024-08-20 14:15:00,4 Construction & Mining Equipment Stocks to Watch Despite Industry Headwinds,https://www.zacks.com/commentary/2324445/4-construction-mining-equipment-stocks-to-watch-despite-industry-headwinds,"Despite the current dip in order levels, the demand for the Zacks Manufacturing - Construction and Mining industry will pick up, supported by increased investment spending and a robust mining sector. Companies like CAT, HTCMY, TEX and HY are positioning themselves to leverage these trends.",www.zacks.com,0.228679,Somewhat-Bullish,CAT,0.140348,0.259791,Somewhat-Bullish
2024-08-20 20:01:46,Caterpillar Unusual Options Activity - Caterpillar  ( NYSE:CAT ) ,https://www.benzinga.com/insights/options/24/08/40472363/caterpillar-unusual-options-activity,"Investors with a lot of money to spend have taken a bullish stance on Caterpillar CAT. We noticed this today when the trades showed up on publicly available options history that we track here at Benzinga. Whether these are institutions or just wealthy individuals, we don't know.",www.benzinga.com,0.170748,Somewhat-Bullish,CAT,0.740328,0.249846,Somewhat-Bullish
2024-08-21 08:25:00,"Zacks Industry Outlook Highlights Caterpillar, Hitachi Construction Machinery, Terex and Hyster-Yale",https://www.zacks.com/stock/news/2324705/zacks-industry-outlook-highlights-caterpillar-hitachi-construction-machinery-terex-and-hyster-yale,"Caterpillar, Hitachi Construction Machinery, Terex and Hyster-Yale have been highlighted in this Industry Outlook article.",www.zacks.com,0.230849,Somewhat-Bullish,CAT,0.181307,0.243347,Somewhat-Bullish
2024-08-23 19:15:37,Decoding Caterpillar's Options Activity: What's the Big Picture? - Caterpillar  ( NYSE:CAT ) ,https://www.benzinga.com/insights/options/24/08/40535166/decoding-caterpillars-options-activity-whats-the-big-picture,"Investors with a lot of money to spend have taken a bearish stance on Caterpillar CAT. We noticed this today when the trades showed up on publicly available options history that we track here at Benzinga. Whether these are institutions or just wealthy individuals, we don't know.",www.benzinga.com,0.173228,Somewhat-Bullish,CAT,0.741707,0.161414,Somewhat-Bullish
2024-08-26 14:00:28,$100 Invested In Caterpillar 10 Years Ago Would Be Worth This Much Today - Caterpillar  ( NYSE:CAT ) ,https://www.benzinga.com/insights/news/24/08/40553963/100-invested-in-caterpillar-10-years-ago-would-be-worth-this-much-today,"Caterpillar CAT has outperformed the market over the past 10 years by 1.59% on an annualized basis producing an average annual return of 12.47%. Currently, Caterpillar has a market capitalization of $172.46 billion.",www.benzinga.com,0.238974,Somewhat-Bullish,CAT,0.95919,0.384695,Bullish
2024-08-27 13:50:11,Here's Why Caterpillar  ( CAT )  is a Strong Momentum Stock,https://www.zacks.com/stock/news/2327650/heres-why-caterpillar-cat-is-a-strong-momentum-stock,"Whether you're a value, growth, or momentum investor, finding strong stocks becomes easier with the Zacks Style Scores, a top feature of the Zacks Premium research service.",www.zacks.com,0.308907,Somewhat-Bullish,CAT,0.493128,0.157558,Somewhat-Bullish
2024-08-28 13:00:16,Caterpillar Inc.  ( CAT )  is Attracting Investor Attention: Here is What You Should Know,https://www.zacks.com/stock/news/2328107/caterpillar-inc-cat-is-attracting-investor-attention-here-is-what-you-should-know,"Zacks.com users have recently been watching Caterpillar (CAT) quite a bit. Thus, it is worth knowing the facts that could determine the stock's prospects.",www.zacks.com,0.213256,Somewhat-Bullish,CAT,0.486627,0.10754,Neutral
2024-08-28 14:19:00,5 Stocks That Powered Dow ETFs Over the Past Week,https://www.zacks.com/stock/news/2328311/5-stocks-that-powered-dow-etfs-over-the-past-week,The Dow Jones touched record highs in the past couple of days on expectations that the Fed would soon cut interest rates.,www.zacks.com,0.215852,Somewhat-Bullish,CAT,0.198628,0.076777,Neutral
2024-08-28 19:01:08,Spotlight on Caterpillar: Analyzing the Surge in Options Activity - Caterpillar  ( NYSE:CAT ) ,https://www.benzinga.com/insights/options/24/08/40610263/spotlight-on-caterpillar-analyzing-the-surge-in-options-activity,"Financial giants have made a conspicuous bullish move on Caterpillar. Our analysis of options history for Caterpillar CAT revealed 10 unusual trades. Delving into the details, we found 50% of traders were bullish, while 20% showed bearish tendencies.",www.benzinga.com,0.2011,Somewhat-Bullish,CAT,0.861197,0.283574,Somewhat-Bullish
2024-08-30 16:51:00,"Titan Machinery Meets on Q2 Earnings, Lowers FY25 View on Soft Demand",https://www.zacks.com/stock/news/2329928/titan-machinery-meets-on-q2-earnings-lowers-fy25-view-on-soft-demand,TITN expects the EPS between breakeven and 50 cents for fiscal 2025 versus the earlier mentioned EPS of $2.25-$2.75.,www.zacks.com,-0.111862,Neutral,CAT,0.148731,0.060472,Neutral
