time,title,url,summary,source,overall_sentiment_score,overall_sentiment_label,ticker,ticker_relevance_score,ticker_sentiment_score,ticker_sentiment_label
2024-04-01 07:27:00,Where Will Devon Energy's Dividend Be in 1 Year?,https://www.fool.com/investing/2024/04/01/where-will-devon-energys-dividend-be-in-1-year/,Devon Energy just cut its quarterly payout from $0.77 per share to $0.44. Where does the dividend go from here?,www.fool.com,0.13064,Neutral,CVX,0.203215,0.222799,Somewhat-Bullish
2024-04-01 09:06:00,3 Warren Buffett Stocks That Are Screaming Buys in April  ( and Beyond ) ,https://www.fool.com/investing/2024/04/01/3-warren-buffett-stocks-are-screaming-buys-april/,"Out of the 45 stocks the Oracle of Omaha oversees in Berkshire Hathaway's $374 billion investment portfolio, three stand out as surefire buys this month.",www.fool.com,0.11392,Neutral,CVX,0.271777,0.048607,Neutral
2024-04-01 09:50:00,Every High-Yield Dividend Stock Warren Buffett Owns -- Ranked From Worst to Best,https://www.fool.com/investing/2024/04/01/every-high-yield-dividend-stock-warren-buffett-own/,Income investors should be able to find some good candidates on this list.,www.fool.com,0.140761,Neutral,CVX,0.138464,0.146208,Neutral
2024-04-01 11:15:00,4 Top Dividend Stocks Yielding 4% to Buy in April,https://www.fool.com/investing/2024/04/01/4-top-dividend-stocks-yielding-4-to-buy-in-april/,These companies offer higher-yielding payouts that should continue rising.,www.fool.com,0.279012,Somewhat-Bullish,CVX,0.189298,0.13547,Neutral
2024-04-01 12:45:00,Ford Motor and J&J Snack Foods have been highlighted as Zacks Bull and Bear of the Day,https://www.zacks.com/stock/news/2248190/ford-motor-and-jj-snack-foods-have-been-highlighted-as-zacks-bull-and-bear-of-the-day,"Chicago, IL - April 1, 2024 - Zacks Equity Research shares Ford Motor ( F Quick QuoteF - ) as the Bull of the Day and J&J Snack Foods ( JJSF Quick QuoteJJSF - ) as the Bear of the Day.",www.zacks.com,0.323343,Somewhat-Bullish,CVX,0.136758,0.201777,Somewhat-Bullish
2024-04-01 12:45:48,"FanDuel Success Drives Flutter To Seek Primary Listing On NYSE - CRH  ( NYSE:CRH ) , Roundhill Sports Betting & iGaming ETF  ( ARCA:BETZ ) ",https://www.benzinga.com/news/earnings/24/04/38021303/fanduel-success-drives-flutter-to-seek-primary-listing-on-nyse,FanDuel parent company Flutter Entertainment Plc FLUT plans to switch its primary listing from London to New York. What Happened: Dublin-based Flutter asked shareholders on Monday to vote on May 1 to approve a shift in its primary listing to the U.S.,www.benzinga.com,0.306625,Somewhat-Bullish,CVX,0.066047,0.0,Neutral
2024-04-01 13:00:15,Investors Heavily Search Chevron Corporation  ( CVX ) : Here is What You Need to Know,https://www.zacks.com/stock/news/2248230/investors-heavily-search-chevron-corporation-cvx-here-is-what-you-need-to-know,"Recently, Zacks.com users have been paying close attention to Chevron (CVX). This makes it worthwhile to examine what the stock has in store.",www.zacks.com,0.221725,Somewhat-Bullish,CVX,0.527831,0.150931,Somewhat-Bullish
2024-04-01 13:00:33,"Jim Cramer Says Chevron Is Doing 'Pretty Well,' Will Give This Pharma Giant 'A Chance' - Core & Main  ( NYSE:CNM ) , Chevron  ( NYSE:CVX ) ",https://www.benzinga.com/trading-ideas/long-ideas/24/04/38016520/jim-cramer-says-chevron-is-doing-pretty-well-will-give-this-pharma-giant-a-chance,"On CNBC's ""Mad Money Lightning Round,"" Jim Cramer said Core & Main, Inc. CNM is ""right at the heart of this infrastructure bull market I keep talking about because it does waste water. It is perfectly positioned…even though it's just been a horse, it can go higher.""",www.benzinga.com,0.349648,Somewhat-Bullish,CVX,0.346884,0.532243,Bullish
2024-04-01 14:13:00,Chevron  ( CVX )  Tests First Hybrid Bunker Tanker in Singapore,https://www.zacks.com/stock/news/2248489/chevron-cvx-tests-first-hybrid-bunker-tanker-in-singapore,"Chevron (CVX) tests the first hybrid electric bunker tanker in Singapore, promising significant emission reduction and operational efficiency, revolutionizing maritime sustainability.",www.zacks.com,0.419559,Bullish,CVX,0.380012,0.468507,Bullish
2024-04-01 14:54:00,ExxonMobil  ( XOM )  & CNOOC Challenge Chevron's Guyana Acquisition,https://www.zacks.com/stock/news/2248543/exxonmobil-xom-cnooc-challenge-chevrons-guyana-acquisition,"ExxonMobil (XOM) and CNOOC join forces against Chevron-Hess over Guyana's Stabroek Block, reshaping the future of offshore drilling.",www.zacks.com,0.128615,Neutral,CVX,0.484191,0.156837,Somewhat-Bullish
2024-04-01 20:15:52,Chevron Unusual Options Activity - Chevron  ( NYSE:CVX ) ,https://www.benzinga.com/insights/options/24/04/38033010/chevron-unusual-options-activity,"Whales with a lot of money to spend have taken a noticeably bullish stance on Chevron. Looking at options history for Chevron CVX we detected 18 trades. If we consider the specifics of each trade, it is accurate to state that 55% of the investors opened trades with bullish expectations and 44% ...",www.benzinga.com,0.267715,Somewhat-Bullish,CVX,0.587962,0.411124,Bullish
2024-04-02 10:42:00,2 Magnificent Dividend Stocks I Plan to Add to My Retirement Account in April,https://www.fool.com/investing/2024/04/02/2-magnificent-dividend-stocks-i-plan-to-add-to-my/,Dividend stocks are proven wealth creators.,www.fool.com,0.307857,Somewhat-Bullish,CVX,0.434142,0.34809,Somewhat-Bullish
2024-04-02 11:08:55,Chevron JV Launches New Drilling Campaign In Venezuela: Report - Chevron  ( NYSE:CVX ) ,https://www.benzinga.com/markets/equities/24/04/38041681/chevron-jv-launches-new-drilling-campaign-in-venezuela-report,"The U.S. oil major company Chevron's CVX joint venture with Venezuelan state-owned oil company PDVSA, Petroindependencia, launched a new drilling campaign. Notably, in October, the U.S. eased oil sanctions on Venezuela following an agreement between its government and its political opposition, ...",www.benzinga.com,0.294622,Somewhat-Bullish,CVX,0.535653,0.145105,Neutral
2024-04-02 14:52:00,Dow Jones Dives As Calvin Klein Parent Craters; Cathie Wood Loads Up On This Stock Amid 45% Downtrend,https://www.investors.com/market-trend/stock-market-today/dow-jones-nasdaq-sp500-cathie-wood-tesla-nvidia-stock/,Dow Jones Dives As Calvin Klein Parent Craters. Cathie Wood Loads Up On This Stock Amid 45% Downtrend Investor's Business Daily ...,www.investors.com,0.092005,Neutral,CVX,0.075397,0.009279,Neutral
2024-04-02 16:31:00,"Top Analyst Reports for Alphabet, Oracle & Chevron",https://www.zacks.com/research-daily/2249049/top-analyst-reports-for-alphabet-oracle-chevron,"Today's Research Daily features new research reports on 16 major stocks, including Alphabet Inc. (GOOGL), Oracle Corporation (ORCL) and Chevron Corporation (CVX).",www.zacks.com,0.27999,Somewhat-Bullish,CVX,0.219809,0.266927,Somewhat-Bullish
2024-04-02 16:56:00,Warren Buffett's Favorite Stock Nears Buy Point As Oil Eyes $90,https://www.investors.com/news/warren-buffett-stock-nears-buy-point-oil-prices-90/,"Warren Buffett-backed Occidental Petroleum ( OXY ) approached a buy point Tuesday as energy stocks appear to be picking up steam with oil prices trading solidly above $80 per barrel. Meanwhile, OPEC+ is set to assess market conditions this week, but expectations are that current output policies ...",www.investors.com,0.091949,Neutral,CVX,0.388879,0.084367,Neutral
2024-04-02 20:53:16,"Value Stock Strategist Sees Energy Trade Still In 'Early Innings' - Chevron  ( NYSE:CVX ) , ConocoPhillips  ( NYSE:COP ) ",https://www.benzinga.com/news/24/04/38058793/value-stock-strategist-sees-energy-trade-still-in-early-innings,"Energy stocks outperformed the broader market in the first quarter of 2024, and energy was the best performing sector in the S&P 500 in March. Tracey Ryniec, Value Stock Strategist at Zacks, joined Benzinga's ""PreMarket Prep"" Monday and discussed what the sector's recent outperformance could mean ...",www.benzinga.com,0.278763,Somewhat-Bullish,CVX,0.181137,0.232581,Somewhat-Bullish
2024-04-02 21:45:21,Chevron  ( CVX )  Ascends While Market Falls: Some Facts to Note,https://www.zacks.com/stock/news/2249381/chevron-cvx-ascends-while-market-falls-some-facts-to-note,"Chevron (CVX) reachead $159.78 at the closing of the latest trading day, reflecting a +0.44% change compared to its last close.",www.zacks.com,0.158105,Somewhat-Bullish,CVX,0.643211,0.235071,Somewhat-Bullish
2024-04-03 08:30:00,A Goldman Sachs research director explains how he created the firm's best-of-the-best stock-pick list - and makes the case for 22 top companies with up to 59% upside,https://www.businessinsider.com/best-stocks-to-buy-now-markets-investing-strategy-goldman-sachs-2024-4,22 Top Stocks to Buy for up to 59% Upside: Goldman Sachs - Business Insider ...,www.businessinsider.com,0.192096,Somewhat-Bullish,CVX,0.122581,0.0,Neutral
2024-04-03 09:50:00,The Best Warren Buffett Stocks to Buy With $100 Right Now,https://www.fool.com/investing/2024/04/03/best-warren-buffett-stocks-buy-with-100-right-now/,You won't need much money to buy any of these great Buffett stocks.,www.fool.com,0.396295,Bullish,CVX,0.062434,0.049138,Neutral
2024-04-03 10:20:06,Should You Invest in the iShares U.S. Energy ETF  ( IYE ) ?,https://www.zacks.com/stock/news/2249508/should-you-invest-in-the-ishares-us-energy-etf-iye,Sector ETF report for ...,www.zacks.com,0.230383,Somewhat-Bullish,CVX,0.135347,0.071708,Neutral
2024-04-03 14:52:00,3 Permian Stocks to Watch as Crude Oil Price is Above $80,https://www.zacks.com/stock/news/2249869/3-permian-stocks-to-watch-as-crude-oil-price-is-above-80,"Improving Permian production amid healthy oil prices raises the incentive to keep an eye on companies like ExxonMobil (XOM), Chevron (CVX) and Diamondback Energy (FANG).",www.zacks.com,0.401482,Bullish,CVX,0.310843,0.431102,Bullish
2024-04-03 17:05:31,"Crude Oil Climbs To 5-Month High In Q1, Analysts Expect High Prices To Persist In Q2 - Chevron  ( NYSE:CVX ) , ConocoPhillips  ( NYSE:COP ) ",https://www.benzinga.com/markets/equities/24/04/38074584/crude-oil-climbs-to-5-month-high-in-q1-analysts-expect-high-prices-to-persist-in-q2,"Oil prices surged during the first quarter of 2024 as the supply/demand outlook tightened and global geopolitical concerns intensified, pushing both U.S. and European benchmark crude futures to five month highs.",www.benzinga.com,0.0098,Neutral,CVX,0.089797,0.195498,Somewhat-Bullish
2024-04-03 17:40:00,"Chevron  ( CVX ) , PDVSA Launch New Drilling Plan in Venezuela",https://www.zacks.com/stock/news/2250053/chevron-cvx-pdvsa-launch-new-drilling-plan-in-venezuela,Chevron (CVX) and PDVSA's joint venture begins a drilling campaign to boost Venezuela's oil output amid geopolitical complexities.,www.zacks.com,0.327741,Somewhat-Bullish,CVX,0.44266,0.41716,Bullish
2024-04-04 09:55:00,3 Warren Buffett Stocks to Buy Hand Over Fist in April,https://www.fool.com/investing/2024/04/04/3-warren-buffett-stocks-to-buy-hand-over-fist-in-a/,"The Oracle of Omaha still knows how to pick winners, and is disciplined enough to stick with them.",www.fool.com,0.162709,Somewhat-Bullish,CVX,0.075995,0.038351,Neutral
2024-04-04 10:33:00,3 High-Dividend ETFs That Could Be Smart Investments Right Now,https://www.fool.com/investing/2024/04/04/3-high-dividend-etfs-that-could-be-smart-investmen/,These are three great ways to get income in your portfolio without the hard work of choosing stocks and bonds on your own.,www.fool.com,0.25454,Somewhat-Bullish,CVX,0.126119,0.175255,Somewhat-Bullish
2024-04-04 11:53:00,2 Beloved Warren Buffett Stocks to Watch on Rise in Oil Prices,https://www.zacks.com/stock/news/2250319/2-beloved-warren-buffett-stocks-to-watch-on-rise-in-oil-prices,"Investors should keep a tab on Warren Buffett's favorite, Occidental Petroleum (OXY) and Chevron (CVX) amid an uptick in oil prices for substantial gains.",www.zacks.com,0.24968,Somewhat-Bullish,CVX,0.318211,0.455817,Bullish
2024-04-04 12:15:00,This Ultra-High-Yield Dividend Stock Is Miles Ahead of Its Industry. Is It a Buy?,https://www.fool.com/investing/2024/04/04/this-ultra-high-yield-dividend-stock-is-miles-ahea/,"Enterprise Products Partners highlighted how difficult the energy industry environment was in 2023, but it still posted record results.",www.fool.com,0.315152,Somewhat-Bullish,CVX,0.048133,0.187823,Somewhat-Bullish
2024-04-04 14:03:00,Oil Prices Holds Above $85 As Israel Braces For Iran Response,https://www.investors.com/news/oil-prices-holds-above-85-israel-iran-response/,"U.S. oil prices are at five-month highs this week on rising concerns of open conflict between Israel and Iran after an airstrike killed top Iranian military officials in Syria on Monday. Iran has vowed to respond to the airstrike, Reuters reported, which they claim targeted an Iranian consulate ...",www.investors.com,-0.128677,Neutral,CVX,0.207571,0.04331,Neutral
2024-04-04 14:10:00,3 Stocks Poised to Benefit From US Clean Energy Transition,https://www.zacks.com/stock/news/2250581/3-stocks-poised-to-benefit-from-us-clean-energy-transition,"ExxonMobil (XOM), Chevron (CVX) and Occidental (OXY) distinguish themselves in the energy sector, displaying appealing clean energy profiles that are poised for gains in 2024.",www.zacks.com,0.343002,Somewhat-Bullish,CVX,0.233556,0.117978,Neutral
2024-04-04 14:36:20,"Chevron's Collaborates With ION Clean Energy, Marks A Milestone In Carbon Capture Advancement - Chevron  ( NYSE:CVX ) ",https://www.benzinga.com/news/24/04/38093227/chevrons-collaborates-with-ion-clean-energy-marks-a-milestone-in-carbon-capture-advancement,"Chevron Corp CVX division Chevron New Energies made a significant investment in ION Clean Energy, a technology company based in Boulder, Colorado. ION specializes in post-combustion point-source capture technology, particularly through its third-generation ICE-31 liquid amine system.",www.benzinga.com,0.344971,Somewhat-Bullish,CVX,0.733479,0.654851,Bullish
2024-04-05 08:14:00,2 Top Energy Stocks to Buy in April,https://www.fool.com/investing/2024/04/05/2-top-energy-stocks-to-buy-in-april/,ExxonMobil and Chevron are two top energy stocks to buy this month.,www.fool.com,0.247585,Somewhat-Bullish,CVX,0.533481,0.398683,Bullish
2024-04-05 10:21:00,"The Zacks Analyst Blog Highlights Berkshire Hathaway, NVIDIA, Bank of America, Occidental Petroleum and Chevron",https://www.zacks.com/stock/news/2250867/the-zacks-analyst-blog-highlights-berkshire-hathaway-nvidia-bank-of-america-occidental-petroleum-and-chevron,"Berkshire Hathaway, NVIDIA, Bank of America, Occidental Petroleum and Chevron are included in this Analyst Blog.",www.zacks.com,0.242087,Somewhat-Bullish,CVX,0.327366,0.335927,Somewhat-Bullish
2024-04-05 11:18:00,Here's Why You Should Retain Chevron  ( CVX )  Stock for Now,https://www.zacks.com/stock/news/2251003/heres-why-you-should-retain-chevron-cvx-stock-for-now,"Chevron's (CVX) upstream operations benefit from a favorable oil price. However, increasing total costs and expenses are headwinds.",www.zacks.com,0.288398,Somewhat-Bullish,CVX,0.545993,0.454053,Bullish
2024-04-05 11:35:00,"If You Like ExxonMobil, Then You'll Love These 2 High-Yield Energy Majors",https://www.fool.com/investing/2024/04/05/exxonmobil-plus-2-high-yield-dividend-stocks/,"ExxonMobil, Chevron, and Equinor pay attractive dividends and are foundational energy stocks that you can build a portfolio around.",www.fool.com,0.279831,Somewhat-Bullish,CVX,0.559808,0.428892,Bullish
2024-04-05 12:34:00,Murphy USA and Capri have been highlighted as Zacks Bull and Bear of the Day,https://www.zacks.com/stock/news/2251014/murphy-usa-and-capri-have-been-highlighted-as-zacks-bull-and-bear-of-the-day,"Chicago, IL - April 5, 2024 - Zacks Equity Research shares Murphy USA ( MUSA Quick QuoteMUSA - ) as the Bull of the Day and Capri Holdings ( CPRI Quick QuoteCPRI - ) as the Bear of the Day.",www.zacks.com,0.254987,Somewhat-Bullish,CVX,0.142284,0.07288,Neutral
2024-04-05 20:41:09,"Oil Is Up, These 3 Energy Stocks Are Set to Reward Investors",https://www.fool.com/investing/2024/04/05/oil-is-up-these-3-energy-stocks-are-set-to-reward/,Higher oil prices could give these oil stocks more fuel to return cash to shareholders.,www.fool.com,0.222255,Somewhat-Bullish,CVX,0.42021,0.23531,Somewhat-Bullish
2024-04-06 09:50:00,Warren Buffett Has $20 Billion Invested in This High-Yield Dividend Stock. Here's Why He Could Buy More Shares.,https://www.fool.com/investing/2024/04/06/warren-buffett-high-yield-dividend-stock-buy/,Buffett only bought three stocks in 2023 Q4. Chevron was one of them.,www.fool.com,0.291415,Somewhat-Bullish,CVX,0.635581,0.51622,Bullish
2024-04-07 11:00:00,What To Watch As First-Quarter 2024 Earnings Season Begins,https://www.forbes.com/sites/bill_stone/2024/04/07/what-to-watch-as-first-quarter-2024-earnings-season-begins/,"Another quarter of modest growth is expected for this earnings season. Earnings are slated to increase by 3.5% year-over-year, and topline sales are also expected to grow by 3.5%. The pace of inflation has ticked up a bit, but the differential between input costs and pricing is expected to keep ...",www.forbes.com,0.198465,Somewhat-Bullish,CVX,0.087824,0.107291,Neutral
2024-04-07 13:24:00,Prediction: This Will Be the Best-Performing Sector in 2024,https://www.fool.com/investing/2024/04/07/prediction-this-will-be-the-best-performing-sector/,"The energy sector has growth, value, and income written all over it.",www.fool.com,0.300082,Somewhat-Bullish,CVX,0.136629,0.025287,Neutral
2024-04-08 11:59:00,Chevron  ( CVX )  Invests in Carbon Capture Firm ION Clean Energy,https://www.zacks.com/stock/news/2251751/chevron-cvx-invests-in-carbon-capture-firm-ion-clean-energy,"Chevron (CVX) invests in ION Clean Energy, a developer of advanced carbon capture technology for industrial emissions, aiming to accelerate commercialization and combat climate change.",www.zacks.com,0.385102,Bullish,CVX,0.223248,0.306617,Somewhat-Bullish
2024-04-08 12:39:00,TotalEnergies  ( TTE )  Raises Natural Gas Production in the US,https://www.zacks.com/stock/news/2251706/totalenergies-tte-raises-natural-gas-production-in-the-us,TotalEnergies (TTE) further expands its natural gas operation in the United States through the acquisition of 20% interest in Dorado leases in Eagle Ford shale.,www.zacks.com,0.433579,Bullish,CVX,0.169081,0.348772,Somewhat-Bullish
2024-04-08 14:37:00,3 Biggest Value Investing Mistakes,https://www.zacks.com/stock/news/2252022/3-biggest-value-investing-mistakes,Even Warren Buffett has made these mistakes. Here's how to get back on track.,www.zacks.com,0.052632,Neutral,CVX,0.490323,0.236056,Somewhat-Bullish
2024-04-08 19:15:54,Smart Money Is Betting Big In CVX Options - Chevron  ( NYSE:CVX ) ,https://www.benzinga.com/insights/options/24/04/38149241/smart-money-is-betting-big-in-cvx-options,"Investors with a lot of money to spend have taken a bullish stance on Chevron CVX. We noticed this today when the trades showed up on publicly available options history that we track here at Benzinga. Whether these are institutions or just wealthy individuals, we don't know.",www.benzinga.com,0.28354,Somewhat-Bullish,CVX,0.558244,0.431751,Bullish
2024-04-09 10:20:05,Is WisdomTree U.S. High Dividend ETF  ( DHS )  a Strong ETF Right Now?,https://www.zacks.com/stock/news/2252321/is-wisdomtree-us-high-dividend-etf-dhs-a-strong-etf-right-now,Smart Beta ETF report for ...,www.zacks.com,0.248869,Somewhat-Bullish,CVX,0.115509,0.060031,Neutral
2024-04-09 11:24:00,Chevron  ( CVX )  Partners With Accelera for Electrolyzer System,https://www.zacks.com/stock/news/2252375/chevron-cvx-partners-with-accelera-for-electrolyzer-system,Chevron (CVX) joins forces with Accelera to install a 5MW electrolyzer system in a California oil field for on-site hydrogen production using solar power and produced water.,www.zacks.com,0.343662,Somewhat-Bullish,CVX,0.362725,0.487737,Bullish
2024-04-09 12:27:00,These 3 Dividend Stocks Should Be on Energy Investors' Radar,https://www.zacks.com/stock/news/2252512/these-3-dividend-stocks-should-be-on-energy-investors-radar,"XOM, CVX and DINO are three fundamentally and operationally strong energy companies that should enable you to live off dividends through sector volatility.",www.zacks.com,0.241306,Somewhat-Bullish,CVX,0.341437,0.244032,Somewhat-Bullish
2024-04-09 12:30:00,"Zacks Value Trader Highlights: International Business Machines, Bank of America, Amazon.com, Chevron and Apple",https://www.zacks.com/stock/news/2252518/zacks-value-trader-highlights-international-business-machines-bank-of-america-amazoncom-chevron-and-apple,"International Business Machines, Bank of America, Amazon.com, Chevron and Apple are part of the Zacks Value Trader Blog.",www.zacks.com,0.169965,Somewhat-Bullish,CVX,0.364053,0.193459,Somewhat-Bullish
2024-04-09 17:16:15,Behind the Scenes of Chevron's Latest Options Trends - Chevron  ( NYSE:CVX ) ,https://www.benzinga.com/insights/options/24/04/38168893/behind-the-scenes-of-chevrons-latest-options-trends,"Whales with a lot of money to spend have taken a noticeably bullish stance on Chevron. Looking at options history for Chevron CVX we detected 11 trades. If we consider the specifics of each trade, it is accurate to state that 63% of the investors opened trades with bullish expectations and 36% ...",www.benzinga.com,0.274568,Somewhat-Bullish,CVX,0.586141,0.439509,Bullish
2024-04-09 21:45:16,Why Chevron  ( CVX )  Outpaced the Stock Market Today,https://www.zacks.com/stock/news/2252942/why-chevron-cvx-outpaced-the-stock-market-today,"Chevron (CVX) closed the most recent trading day at $162, moving +0.45% from the previous trading session.",www.zacks.com,0.213566,Somewhat-Bullish,CVX,0.517534,0.285526,Somewhat-Bullish
2024-04-10 07:17:00,2 No-Brainer Oil Dividend Stocks to Buy Right Now With Less Than $500,https://www.fool.com/investing/2024/04/10/2-no-brainer-oil-dividend-stocks-to-buy-right-now/,These two oil and natural gas titans could remain hot for some time.,www.fool.com,0.312501,Somewhat-Bullish,CVX,0.429541,0.497862,Bullish
2024-04-10 08:24:00,3 No-Brainer Warren Buffett Stocks to Buy Right Now,https://www.fool.com/investing/2024/04/10/3-no-brainer-warren-buffett-stocks-to-buy-right-no/,The Oracle of Omaha is still as good at stock picking as he's ever been.,www.fool.com,0.227223,Somewhat-Bullish,CVX,0.222429,0.09068,Neutral
2024-04-10 17:23:33,Behind The Numbers: Chevron CEO's Pay Soars To $26.5M - Chevron  ( NYSE:CVX ) ,https://www.benzinga.com/markets/equities/24/04/38188490/behind-the-numbers-chevron-ceos-pay-soars-to-26-5m,"Chevron Corp CVX Chief Executive Officer Michael Wirth saw a significant increase in his pay in 2023, reaching $26.5 million, marking over 12% rise from the previous year. This rise in compensation stands above the median pay raise for the company's employees, according to a filing disclosed on ...",www.benzinga.com,0.242395,Somewhat-Bullish,CVX,0.71032,0.26567,Somewhat-Bullish
2024-04-10 21:57:00,3 Excellent ETFs for Your IRA,https://www.zacks.com/stock/news/2253654/3-excellent-etfs-for-your-ira,"We highlight three low-cost, high-quality ETFs suitable for retirement investing ...",www.zacks.com,0.291094,Somewhat-Bullish,CVX,0.258351,0.341855,Somewhat-Bullish
2024-04-11 09:50:00,Warren Buffett Is Making a Once-in-a-Generation Bet on 2 Stocks. Should You?,https://www.fool.com/investing/2024/04/11/warren-buffett-once-in-a-generation-bet-stocks/,Buffett's big bet just might pay off in a huge way.,www.fool.com,0.068236,Neutral,CVX,0.559416,0.111096,Neutral
2024-04-11 13:45:00,Chevron  ( CVX )  Exits Yadana Natural Gas Field in Myanmar,https://www.zacks.com/stock/news/2253911/chevron-cvx-exits-yadana-natural-gas-field-in-myanmar,"Chevron (CVX) withdraws from Myanmar's Yadana natural gas field, redistributing its stake to PTTEP and MOGE amid human rights concerns.",www.zacks.com,0.279748,Somewhat-Bullish,CVX,0.268786,0.096863,Neutral
2024-04-11 14:21:00,Eni  ( E )  Plenitude Starts Building Renopool Solar Park in Spain,https://www.zacks.com/stock/news/2254017/eni-e-plenitude-starts-building-renopool-solar-park-in-spain,"The Renopool solar park is the key to achieving Eni's (E) sustainability goals, showcasing its dedication to global sustainable energy innovation.",www.zacks.com,0.414655,Bullish,CVX,0.254973,0.341851,Somewhat-Bullish
2024-04-11 22:39:35,"Tesla Stock Down 30% In 2024, Investors Continue To Short, Bet Against EV Leader New Data Reveals - Tesla  ( NASDAQ:TSLA ) ",https://www.benzinga.com/short-sellers/24/04/38213443/tesla-stock-down-30-in-2024-investors-continue-to-short-bet-against-ev-leader-new-data-reveals,Leading electric vehicle company Tesla Inc TSLA has had a rough start to 2024 with its shares falling after first-quarter deliveries came in below estimates. Investors are betting against the company by shorting the stock.,www.benzinga.com,0.184846,Somewhat-Bullish,CVX,0.197413,0.0,Neutral
2024-04-12 09:06:00,Here Are All 27 of Warren Buffett's Billion-Dollar Bets in Berkshire Hathaway's $370 Billion Portfolio,https://www.fool.com/investing/2024/04/12/all-27-warren-buffett-billion-dollar-bet-berkshire/,Portfolio concentration has played a big role in Berkshire Hathaway's long-term outperformance.,www.fool.com,0.266115,Somewhat-Bullish,CVX,0.087185,0.080392,Neutral
2024-04-12 12:45:55,"Chevron, Chubb, Toast And More On CNBC's 'Final Trades' - Chevron  ( NYSE:CVX ) , Chubb  ( NYSE:CB ) ",https://www.benzinga.com/trading-ideas/long-ideas/24/04/38216288/chevron-chubb-toast-and-more-on-cnbcs-final-trades,"On CNBC's ""Halftime Report Final Trades,"" Shannon Saccocia of NB Private Wealth named iShares S&P GSCI Commodity-Indexed Trust GSG as her final trade. Jason Snipe of Odyssey Capital Advisors said he likes Chubb Limited CB. The company's operating income was up 42% year-over-year.",www.benzinga.com,0.272676,Somewhat-Bullish,CVX,0.497391,0.506427,Bullish
2024-04-12 12:52:00,Will This Technical Hurdle End Exxon Mobil's Longest Advance In 17 Years?,https://www.investors.com/news/exxon-mobil-stock-chevron-oil-prices/,Exxon Mobil Stock Is Headed For Its Longest Advance In 17 Years As Tensions Rise In The Middle East Investor's Business Daily ...,www.investors.com,0.019325,Neutral,CVX,0.403172,0.016832,Neutral
2024-04-12 13:00:15,Chevron Corporation  ( CVX )  Is a Trending Stock: Facts to Know Before Betting on It,https://www.zacks.com/stock/news/2254331/chevron-corporation-cvx-is-a-trending-stock-facts-to-know-before-betting-on-it,"Chevron (CVX) has been one of the stocks most watched by Zacks.com users lately. So, it is worth exploring what lies ahead for the stock.",www.zacks.com,0.219765,Somewhat-Bullish,CVX,0.522096,0.143942,Neutral
2024-04-14 12:45:00,3 Stocks Billionaires Are Buying,https://www.fool.com/investing/2024/04/14/3-stocks-billionaires-are-buying/,"If these companies are good enough for some of the world's richest investors, why wouldn't they be good enough for the rest of us?",www.fool.com,0.328047,Somewhat-Bullish,CVX,0.216032,0.227455,Somewhat-Bullish
2024-04-15 09:06:00,"Warren Buffett Could Have Bought Any of 378 S&P 500 Companies With $74 Billion. Instead, He Piled It All Into 1 Beloved Stock",https://www.fool.com/investing/2024/04/15/warren-buffett-74-billion-piled-all-into-1-stock/,"This is the only stock the Oracle of Omaha has purchased for 22 consecutive quarters, dating back to the midpoint of 2018.",www.fool.com,0.219659,Somewhat-Bullish,CVX,0.203729,0.052779,Neutral
2024-04-15 14:19:00,"Retail Sales, Goldman Sachs Outperform Expectations",https://www.zacks.com/stock/news/2255383/retail-sales-goldman-sachs-outperform-expectations,Today's Retail Sales headline more than doubled expectations: +0.7% from the +0.3% consensus estimate.,www.zacks.com,-0.00955,Neutral,CVX,0.140485,-0.155451,Somewhat-Bearish
2024-04-15 14:52:00,Retail sales came in higher than expected,https://www.zacks.com/stock/news/2255413/retail-sales-came-in-higher-than-expected,"A new trading week starts with pertinent content. Not only does Q1 earnings season pick up following Friday morning's release of earnings data from big banks like JPMorgan ( JPM Quick QuoteJPM - ) and Citigroup ( C Quick QuoteC - ) , but we also see new inflation metrics hitting the tape.",www.zacks.com,-0.00956,Neutral,CVX,0.144708,-0.001293,Neutral
2024-04-15 17:58:18,"How Iran's Attack Against Israel Will Impact Gas Prices You Pay At The Pump - Occidental Petroleum  ( NYSE:OXY ) , Chevron  ( NYSE:CVX ) ",https://www.benzinga.com/news/24/04/38255115/how-irans-attack-against-israel-will-impact-gas-prices-you-pay-at-the-pump,"The overall stock market dropped sharply Friday, with the SPDR S&P 500 Index SPY closing down more than 1% in part due to investors' fears of an imminent attack by Iran against Israel.",www.benzinga.com,-0.151961,Somewhat-Bearish,CVX,0.136499,0.216122,Somewhat-Bullish
2024-04-15 21:45:22,Chevron  ( CVX )  Stock Moves -0.86%: What You Should Know,https://www.zacks.com/stock/news/2255629/chevron-cvx-stock-moves--086-what-you-should-know,"Chevron (CVX) closed at $157.59 in the latest trading session, marking a -0.86% move from the prior day.",www.zacks.com,0.154616,Somewhat-Bullish,CVX,0.598621,0.214811,Somewhat-Bullish
2024-04-16 10:20:07,Should iShares Core High Dividend ETF  ( HDV )  Be on Your Investing Radar?,https://www.zacks.com/stock/news/2255748/should-ishares-core-high-dividend-etf-hdv-be-on-your-investing-radar,Style Box ETF report for ...,www.zacks.com,0.244608,Somewhat-Bullish,CVX,0.122894,0.068464,Neutral
2024-04-16 18:40:00,Can Oil & Energy ETFs Continue to Soar?,https://www.zacks.com/stock/news/2256343/can-oil-energy-etfs-continue-to-soar,"Rising geopolitical tensions, and demand-supply imbalances have fueled a surge in crude prices ...",www.zacks.com,-0.034312,Neutral,CVX,0.218817,0.17552,Somewhat-Bullish
2024-04-17 11:42:00,Chevron  ( CVX )  Creates $500M Fund to Invest in Clean Energy,https://www.zacks.com/stock/news/2256601/chevron-cvx-creates-500m-fund-to-invest-in-clean-energy,"Chevron's (CVX) venture arm, Chevron Technology Ventures, launches its Future Energy Fund III, to invest $500 million in renewable energy technologies.",www.zacks.com,0.561734,Bullish,CVX,0.576289,0.770246,Bullish
2024-04-17 12:06:00,Shell & BP's Q1 Updates Lead Oil & Gas Stock Roundup,https://www.zacks.com/stock/news/2256681/shell-bps-q1-updates-lead-oil-gas-stock-roundup,"SHEL, BP, XOM, PBR and CVX emerge as the energy headline makers during the week.",www.zacks.com,0.17115,Somewhat-Bullish,CVX,0.15308,0.083379,Neutral
2024-04-17 13:00:00,Oil Prices Are Soaring! Should Investors Buy ExxonMobil Stock or Chevron Stock to Capitalize?,https://www.fool.com/investing/2024/04/17/oil-prices-are-soaring-should-investors-buy-exxon/,"With oil prices jumping, passive income investors might be considering ExxonMobil and Chevron stocks.",www.fool.com,-0.383535,Bearish,CVX,0.558244,-0.51603,Bearish
2024-04-17 13:30:10,Wall Street Analysts See Chevron  ( CVX )  as a Buy: Should You Invest?,https://www.zacks.com/stock/news/2256759/wall-street-analysts-see-chevron-cvx-as-a-buy-should-you-invest,"Based on the average brokerage recommendation (ABR), Chevron (CVX) should be added to one's portfolio. Wall Street analysts' overly optimistic recommendations cast doubt on the effectiveness of this highly sought-after metric. So, is the stock worth buying?",www.zacks.com,0.310835,Somewhat-Bullish,CVX,0.361501,0.199017,Somewhat-Bullish
2024-04-17 15:40:16,CVX vs. XOM: Which Stock Is the Better Value Option?,https://www.zacks.com/stock/news/2257057/cvx-vs-xom-which-stock-is-the-better-value-option,Investors interested in stocks from the Oil and Gas - Integrated - International sector have probably already heard of Chevron ( CVX Quick QuoteCVX - ) and Exxon Mobil ( XOM Quick QuoteXOM - ) . But which of these two stocks is more attractive to value investors? We'll need to take a closer look ...,www.zacks.com,0.476271,Bullish,CVX,0.7887,0.583608,Bullish
2024-04-17 15:45:05,Why Chevron  ( CVX )  is a Great Dividend Stock Right Now,https://www.zacks.com/stock/news/2257069/why-chevron-cvx-is-a-great-dividend-stock-right-now,"Dividends are one of the best benefits to being a shareholder, but finding a great dividend stock is no easy task. Does Chevron (CVX) have what it takes? Let's find out.",www.zacks.com,0.401692,Bullish,CVX,0.442082,0.462234,Bullish
2024-04-17 16:08:57,"Chevron Creates $500M Fund to Invest in Clean Energy - Chevron  ( NYSE:CVX ) , Archrock  ( NYSE:AROC ) ",https://www.benzinga.com/news/24/04/38291840/chevron-creates-500m-fund-to-invest-in-clean-energy,"Chevron Corporation CVX, a global energy company, has launched its third Future Energy Fund through its venture arm, Chevron Technology Ventures L.L.C., demonstrating its commitment to innovation and sustainability.",www.benzinga.com,0.57065,Bullish,CVX,0.571033,0.771054,Bullish
2024-04-17 16:20:53,Chevron Pours $500M To Fund Renewable Energy Future: Report - Chevron  ( NYSE:CVX ) ,https://www.benzinga.com/markets/equities/24/04/38297094/chevron-pours-500m-to-fund-renewable-energy-future-report,"Chevron Corporation's CVX venture capital arm reportedly launched on Tuesday its third fund to invest in renewable energy technologies with a $500 million commitment. The move reflects the company's aim to diversify its business amid the pressure to reduce emissions, reported Reuters.",www.benzinga.com,0.448707,Bullish,CVX,0.712594,0.716861,Bullish
2024-04-18 00:36:00,Earnings Expectations Are Moving Higher,https://www.zacks.com/commentary/2257312/earnings-expectations-are-moving-higher,"A favorable development concerning the earnings picture is signs of improvement in the overall revisions trend, with estimates in the aggregate starting to modestly increase. Are positive surprises looming?",www.zacks.com,0.200626,Somewhat-Bullish,CVX,0.169676,0.197825,Somewhat-Bullish
2024-04-18 01:17:00,Earnings Expectations Are Moving Higher,https://www.zacks.com/commentary/2257310/earnings-expectations-are-moving-higher,"A favorable development concerning the earnings picture is signs of improvement in the overall revisions trend, with estimates in the aggregate starting to modestly increase. Are positive surprises looming?",www.zacks.com,0.200626,Somewhat-Bullish,CVX,0.169676,0.197825,Somewhat-Bullish
2024-04-18 10:00:00,Zacks Earnings Trends Highlights: XOM and CVX,https://www.zacks.com/stock/news/2257337/zacks-earnings-trends-highlights-xom-and-cvx,XOM and CVX have been highlighted in this Earnings Trends article.,www.zacks.com,0.249608,Somewhat-Bullish,CVX,0.152983,0.200677,Somewhat-Bullish
2024-04-18 10:33:00,Why I Just Bought More of This Top Oil Stock,https://www.fool.com/investing/2024/04/18/why-i-just-bought-more-of-this-top-oil-stock/,Chevron can thrive even if its upside catalysts don't materialize.,www.fool.com,0.04374,Neutral,CVX,0.481677,0.141592,Neutral
2024-04-18 12:19:00,U.S. to Reimpose Sanctions on Venezuela: What This Means,https://www.zacks.com/stock/news/2257546/us-to-reimpose-sanctions-on-venezuela-what-this-means,"U.S. companies operating in Venezuela. such as Chevron (CVX), may face challenges due to the reinstated sanctions.",www.zacks.com,0.146087,Neutral,CVX,0.172919,0.089951,Neutral
2024-04-18 15:17:24,Looking At Chevron's Recent Unusual Options Activity - Chevron  ( NYSE:CVX ) ,https://www.benzinga.com/insights/options/24/04/38317746/looking-at-chevrons-recent-unusual-options-activity,"Whales with a lot of money to spend have taken a noticeably bearish stance on Chevron. Looking at options history for Chevron CVX we detected 9 trades. If we consider the specifics of each trade, it is accurate to state that 33% of the investors opened trades with bullish expectations and 66% ...",www.benzinga.com,0.162277,Somewhat-Bullish,CVX,0.798993,0.303164,Somewhat-Bullish
2024-04-19 10:15:00,Chevron the Venture Capitalist: The Oil Giant Is Pumping $500 Million Into the Future of Energy,https://www.fool.com/investing/2024/04/19/chevron-the-venture-capitalist-the-oil-giant-is-pu/,The oil giant's venture capital arm is launching a third fund geared to renewable energy technology.,www.fool.com,0.273278,Somewhat-Bullish,CVX,0.729326,0.451366,Bullish
2024-04-19 14:00:22,Earnings Preview: Chevron  ( CVX )  Q1 Earnings Expected to Decline,https://www.zacks.com/stock/news/2258529/earnings-preview-chevron-cvx-q1-earnings-expected-to-decline,Chevron (CVX) doesn't possess the right combination of the two key ingredients for a likely earnings beat in its upcoming report. Get prepared with the key expectations.,www.zacks.com,0.141031,Neutral,CVX,0.299478,-0.031244,Neutral
2024-04-19 18:01:52,What the Options Market Tells Us About Chevron - Chevron  ( NYSE:CVX ) ,https://www.benzinga.com/insights/options/24/04/38340155/what-the-options-market-tells-us-about-chevron,"Whales with a lot of money to spend have taken a noticeably bearish stance on Chevron. Looking at options history for Chevron CVX we detected 14 trades. If we consider the specifics of each trade, it is accurate to state that 7% of the investors opened trades with bullish expectations and 92% ...",www.benzinga.com,0.218863,Somewhat-Bullish,CVX,0.716023,0.396675,Bullish
2024-04-19 20:08:58,"SHAREHOLDER INVESTIGATION: Halper Sadeh LLC Investigates MCBC, HES, MGRC, ANSS - Ansys  ( NASDAQ:ANSS ) , Hess  ( NYSE:HES ) ",https://www.benzinga.com/pressreleases/24/04/g38342154/shareholder-investigation-halper-sadeh-llc-investigates-mcbc-hes-mgrc-anss,"NEW YORK, April 19, 2024 ( GLOBE NEWSWIRE ) -- Halper Sadeh LLC, an investor rights law firm, is investigating the following companies for potential violations of the federal securities laws and/or breaches of fiduciary duties to shareholders relating to:",www.benzinga.com,0.225583,Somewhat-Bullish,CVX,0.091509,0.141686,Neutral
2024-04-19 21:44:00,"Tesla, Microsoft, Boeing, Google, Meta Headline A Big Earnings Week",https://www.investors.com/research/investing-action-plan/stock-market-action-plan-tesla-microsoft-headline-earnings-week/,"Concerns of spiraling conflict between Iran and Iraq helped twist the past week's stock market into a very mixed finish. As a result, IBD's Stock Market Exposure guide downshifted to its lowest level at the end of the week.",www.investors.com,0.104528,Neutral,CVX,0.066877,0.035365,Neutral
2024-04-19 22:40:00,"Naphtha Market size to record USD 47.01 billion growth from 2023-2027, Increase in investment in extraction of ... - PR Newswire",https://www.prnewswire.com/news-releases/naphtha-market-size-to-record-usd-47-01-billion-growth-from-2023-2027--increase-in-investment-in-extraction-of-naphtha-is-one-of-the-key-market-trends-technavio-302121236.html,"Naphtha Market size to record USD 47.01 billion growth from 2023-2027, Increase in investment in extraction of ... PR ...",www.prnewswire.com,0.169322,Somewhat-Bullish,CVX,0.031322,0.135662,Neutral
2024-04-20 07:01:00,Bull Market Buys: 3 Dividend Stocks to Own for the Long Run,https://www.fool.com/investing/2024/04/20/bull-market-buys-3-dividend-stocks-to-own-for-the/,"If you are looking to buy good dividend stocks to hold for years to come, this varied trio should be atop your list today.",www.fool.com,0.319898,Somewhat-Bullish,CVX,0.380426,0.31867,Somewhat-Bullish
2024-04-20 20:01:00,"2 No-Brainer Oil Stocks to Buy With $1,000 Right Now",https://www.fool.com/investing/2024/04/20/2-no-brainer-oil-stocks-to-buy-with-1000-right-now/,"Oil prices are being affected by geopolitical forces right now, which is exactly why investors will want to own these two energy leaders.",www.fool.com,0.253586,Somewhat-Bullish,CVX,0.641196,0.485451,Bullish
2024-04-21 09:45:00,Think Crude Oil Is Going to $100 a Barrel? Then You'll Love These 3 Dividend Stocks.,https://www.fool.com/investing/2024/04/21/crude-oil-go-100-barrel-buy-dividend-stock/,The energy sector continues to be an excellent opportunity for income and value-orientated investors.,www.fool.com,0.248857,Somewhat-Bullish,CVX,0.366061,0.40925,Bullish
2024-04-21 10:18:55,Better Earnings Don't Stop The Plunge In Stocks,https://www.forbes.com/sites/bill_stone/2024/04/21/better-earnings-dont-stop-the-plunge-in-stocks/,"The earnings season remained slow out of the gate, with only 41 S&P 500 companies reporting. Banks continued to be a large contingent of the reporters, which boosted the sector's earnings expectations for the quarter as most banks had better-than-expected earnings.",www.forbes.com,0.152394,Somewhat-Bullish,CVX,0.09402,-0.019211,Neutral
2024-04-21 13:00:00,"ExxonMobil and Chevron Stock Have 22%-30% Upside, According to 1 Wall Street Analyst",https://www.fool.com/investing/2024/04/21/exxon-mobil-and-chevron-stock-have-22-30-upside/,"These two oil stocks are attractive, but they might not necessarily be the best way for retail investors to play the energy sector.",www.fool.com,0.257889,Somewhat-Bullish,CVX,0.540042,0.179366,Somewhat-Bullish
2024-04-21 21:45:15,"Can Magnificent 7 Help Script Market Turnaround? Earnings Pick Up Pace With Microsoft, Meta, Alphabet And Tesla Expected This Week - Invesco QQQ Trust, Series 1  ( NASDAQ:QQQ ) , SPDR S&P 500  ( ARCA:SPY ) ",https://www.benzinga.com/analyst-ratings/analyst-color/24/04/38349204/can-magnificent-7-help-script-market-turnaround-earnings-pick-up-pace-with-microsof,"As the market runs into rough weather, the importance of the upcoming week's earnings cannot be emphasized enough. A lot is riding on the earnings reports of companies like Tesla, Inc. TSLA, Meta Platforms, Inc. META, Microsoft Corp. MSFT and Alphabet, Inc. GOOGL ( GOOG ) .",www.benzinga.com,0.145082,Neutral,CVX,0.075161,0.0,Neutral
2024-04-22 09:51:00,Meet the Surprising Oil Stock Lawmakers Couldn't Stop Buying in 2023  ( Hint: It's Not Chevron or ExxonMobil ) ,https://www.fool.com/investing/2024/04/22/surprising-oil-stock-lawmakers-chevron-exxonmobil/,This stock edged out Apple as the top stock bought by members of Congress last year.,www.fool.com,0.184926,Somewhat-Bullish,CVX,0.067919,-0.064148,Neutral
2024-04-22 12:29:00,Time to Buy Chevron's  ( CVX )  Stock as Q1 Earnings Approach?,https://www.zacks.com/stock/news/2259141/time-to-buy-chevrons-cvx-stock-as-q1-earnings-approach,Chevron (CVX) has exceeded the earnings mark in three of the past four quarters.,www.zacks.com,0.245941,Somewhat-Bullish,CVX,0.412017,0.275831,Somewhat-Bullish
2024-04-22 21:45:16,Chevron  ( CVX )  Laps the Stock Market: Here's Why,https://www.zacks.com/stock/news/2259619/chevron-cvx-laps-the-stock-market-heres-why,"In the latest trading session, Chevron (CVX) closed at $161.92, marking a +1.2% move from the previous day.",www.zacks.com,0.211288,Somewhat-Bullish,CVX,0.52949,0.298094,Somewhat-Bullish
2024-04-23 11:45:00,"If You'd Invested $1,000 in Chevron 5 Years Ago, Here's How Much You'd Have Today",https://www.fool.com/investing/2024/04/23/if-youd-invested-1000-in-chevron-5-years-ago-heres/,The oil company's gushing dividend is a crucial part of its return.,www.fool.com,0.240871,Somewhat-Bullish,CVX,0.613172,0.384931,Bullish
2024-04-23 13:45:45,Best Energy Stocks To Invest In Now? 3 To Know,https://stockmarket.com/featured/best-energy-stocks-to-invest-in-now-3-to-know-2024-04-23,"The energy sector is a critical component of the global economy. It covers a wide range of companies involved in the production and distribution of energy. This includes traditional sources like oil and gas, as well as renewable energy such as solar and wind.",stockmarket.com,0.286855,Somewhat-Bullish,CVX,0.403172,0.387087,Bullish
2024-04-23 22:16:00,Energy Earnings: Two Reports to Watch This Week,https://www.zacks.com/stock/news/2260684/energy-earnings-two-reports-to-watch-this-week,"We've got a busy slate of earnings this week, with representation from two well-known energy heavyweights. How do expectations stack up?",www.zacks.com,0.209901,Somewhat-Bullish,CVX,0.751437,0.343688,Somewhat-Bullish
2024-04-24 12:57:00,XOM vs CVX: Which Energy Stock Shows Promise Ahead of Q1 Earnings?,https://www.zacks.com/stock/news/2261221/xom-vs-cvx-which-energy-stock-shows-promise-ahead-of-q1-earnings,"Considering the current uncertainty surrounding Chevron's (CVX) acquisition of Hess, we can say that ExxonMobil (XOM) is on a better footing than Chevron ahead of Q1 earnings.",www.zacks.com,0.31558,Somewhat-Bullish,CVX,0.384233,0.26516,Somewhat-Bullish
2024-04-24 14:46:02,Looking At Chevron's Recent Unusual Options Activity - Chevron  ( NYSE:CVX ) ,https://www.benzinga.com/insights/options/24/04/38407059/looking-at-chevrons-recent-unusual-options-activity,"Financial giants have made a conspicuous bearish move on Chevron. Our analysis of options history for Chevron CVX revealed 8 unusual trades. Delving into the details, we found 25% of traders were bullish, while 62% showed bearish tendencies.",www.benzinga.com,0.154026,Somewhat-Bullish,CVX,0.720733,0.238578,Somewhat-Bullish
2024-04-24 22:49:00,Breaking Down Q1 Earnings Results,https://www.zacks.com/commentary/2261749/breaking-down-q1-earnings-results,"The picture emerging from the Q1 earnings season is one of steady improvement and resilience, with the earnings growth pace modestly accelerating and estimates for the coming periods starting to increase. But will the positivity continue?",www.zacks.com,0.282539,Somewhat-Bullish,CVX,0.172097,0.199715,Somewhat-Bullish
2024-04-24 22:53:00,Breaking Down Q1 Earnings Results,https://www.zacks.com/commentary/2261742/breaking-down-q1-earnings-results,"The picture emerging from the Q1 earnings season is one of steady improvement and resilience, with the earnings growth pace modestly accelerating and estimates for the coming periods starting to increase. But will the positivity continue?",www.zacks.com,0.282539,Somewhat-Bullish,CVX,0.172097,0.199715,Somewhat-Bullish
2024-04-25 09:00:00,"Up 9% Year To Date, Will Chevron's Gains Continue Following Q1 Results?",https://www.forbes.com/sites/greatspeculations/2024/04/25/up-9-year-to-date-will-chevrons-gains-continue-following-q1-results/,"Chevron Corporation ( NYSE: CVX ) , a company manufacturing and selling a range of refined petroleum products, including gasoline, diesel, marine, and aviation fuels, premium base oil, finished lubricants, and fuel oil additives, is scheduled to announce its fiscal first-quarter results on ...",www.forbes.com,0.085677,Neutral,CVX,0.594412,0.140335,Neutral
2024-04-25 11:43:00,Should TotalEnergies  ( TTE )  Be in Your Portfolio Before Q1 Earnings?,https://www.zacks.com/stock/news/2261965/should-totalenergies-tte-be-in-your-portfolio-before-q1-earnings,TotalEnergies (TTE) first-quarter earnings are expected to have benefited from its multi-energy focus and contribution from new projects.,www.zacks.com,0.384426,Bullish,CVX,0.152499,0.186369,Somewhat-Bullish
2024-04-25 11:58:00,Zacks Earnings Trends Highlights: Exxon and Chevron,https://www.zacks.com/stock/news/2262006/zacks-earnings-trends-highlights-exxon-and-chevron,Exxon and Chevron are part of the Zacks Earnings Trends article.,www.zacks.com,0.288603,Somewhat-Bullish,CVX,0.147366,0.195048,Somewhat-Bullish
2024-04-25 12:51:10,"US Faces Mounting Plastic Waste Challenge With Limited Recycling Solutions After China's 2018 Import Ban: Report - Chevron  ( NYSE:CVX ) , Exxon Mobil  ( NYSE:XOM ) ",https://www.benzinga.com/news/24/04/38430116/us-faces-mounting-plastic-waste-challenge-with-limited-recycling-solutions-after-chinas-2018-import,"The United States is currently facing a significant plastic waste crisis, generating 40 million tons of plastic waste each year, with no cost-effective method to recycle 91% of it. What Happened: The U.S. has been dealing with a plastic waste crisis for several years, Business Insider reported on ...",www.benzinga.com,-0.129305,Neutral,CVX,0.19117,-0.044523,Neutral
2024-04-25 16:42:00,"Hydrogen Is High-Dose Energy, Trying To Shake Its Fossil Fuel Roots",https://www.investors.com/news/hydrogen-energy-fuel-cars-green-hydrogen-hub/,Hydrogen Energy Lags In The Climate Race Investor's Business Daily ...,www.investors.com,0.166869,Somewhat-Bullish,CVX,0.142284,0.068256,Neutral
2024-04-25 20:01:00,"Exxon, Chevron Earnings Are Coming. Giants Spar Over South America's Oil Jewel.",https://www.investors.com/news/exxon-mobil-chevron-earnings-supermajors-spar-over-guyana/,Exxon Mobil ( XOM ) and Chevron ( CVX ) will announce first-quarter earnings and revenue early Friday as the two U.S. supermajors continue to squabble over Chevron's attempt to move into oil-rich Guyana. Both XOM stock and Chevron stock initially edged lower Thursday.,www.investors.com,0.064451,Neutral,CVX,0.507932,0.159206,Somewhat-Bullish
2024-04-25 20:40:00,"Tech Futures Jump On Google, Microsoft",https://www.investors.com/market-trend/stock-market-today/dow-jones-futures-microsoft-rise-google-soar/,"Dow Jones Futures Rise. Microsoft Pops, Google Soars After Stock Market Rally Shows Resilience Investor's Business Daily ...",www.investors.com,0.065123,Neutral,CVX,0.175859,0.06409,Neutral
2024-04-26 06:59:07,"Investor Sentiment Improves Slightly, But Dow Tumbles Over 350 Points - Chevron  ( NYSE:CVX ) , Bristol-Myers Squibb  ( NYSE:BMY ) ",https://www.benzinga.com/news/earnings/24/04/38452336/investor-sentiment-improves-slightly-but-dow-tumbles-over-350-points,"The CNN Money Fear and Greed index showed a slight improvement in the overall market sentiment, while the index remained in the ""Fear"" zone on Thursday. U.S. stocks settled lower on Thursday, following the release of economic reports.",www.benzinga.com,-0.10411,Neutral,CVX,0.219809,0.0,Neutral
2024-04-26 06:59:18,"Microsoft, Alphabet And 3 Stocks To Watch Heading Into Friday - Alphabet  ( NASDAQ:GOOG ) , Chevron  ( NYSE:CVX ) ",https://www.benzinga.com/news/earnings/24/04/38452338/microsoft-alphabet-and-3-stocks-to-watch-heading-into-friday,"With U.S. stock futures trading higher this morning on Friday, some of the stocks that may grab investor focus today are as follows: Wall Street expects Exxon Mobil Corporation XOM to report quarterly earnings at $2.20 per share on revenue of $78.35 billion before the opening bell, according to ...",www.benzinga.com,0.277996,Somewhat-Bullish,CVX,0.379051,0.093441,Neutral
2024-04-26 09:06:00,"Meet the Industry-Leading Stock Billionaires Warren Buffett, Ken Griffin, Ken Fisher, and Steven Cohen Can't Stop Buying",https://www.fool.com/investing/2024/04/26/stock-billionaires-warren-buffett-ken-griffin-buy/,Four prominent billionaire investors with differing investment philosophies share one thing in common: their desire to buy more shares of this top-tier company.,www.fool.com,0.259373,Somewhat-Bullish,CVX,0.610896,0.365283,Bullish
2024-04-26 10:48:12,"MSFT, GOOGL Earnings Lift Nasdaq, S&P 500 Futures - But Can They Beat Inflation? - Invesco QQQ Trust, Series 1  ( NASDAQ:QQQ ) , SPDR S&P 500  ( ARCA:SPY ) ",https://www.benzinga.com/news/earnings/24/04/38455462/wall-street-futures-ride-high-on-microsoft-alphabet-cheer-but-will-inflation-data-burst-the-bubble-,"Tech earnings could come to the market's rescue as traders remain jittery about the outcome of key inflation data due on Friday. AI giants Alphabet, Inc. GOOGL GOOG and Microsoft Corp. MSFT set a positive tone for tech companies with strong performances in the first quarter.",www.benzinga.com,0.130064,Neutral,CVX,0.083833,0.0,Neutral
2024-04-26 11:25:02,Chevron  ( CVX )  Tops Q1 Earnings Estimates,https://www.zacks.com/stock/news/2263005/chevron-cvx-tops-q1-earnings-estimates,"Chevron (CVX) delivered earnings and revenue surprises of 3.17% and 2.45%, respectively, for the quarter ended March 2024. Do the numbers hold clues to what lies ahead for the stock?",www.zacks.com,0.171304,Somewhat-Bullish,CVX,0.398148,0.20041,Somewhat-Bullish
2024-04-26 13:04:00,Chevron  ( CVX )  Q1 Earnings Beat on Strong U.S. Production,https://www.zacks.com/stock/news/2263379/chevron-cvx-q1-earnings-beat-on-strong-us-production,Chevron (CVX) pays $3 billion in dividends during the first quarter and spends around $4.1 billion in capital and exploratory expenditures.,www.zacks.com,0.107225,Neutral,CVX,0.277958,0.156574,Somewhat-Bullish
2024-04-26 14:43:00,Surging Alphabet Stock Leads Broad-Based Tech Rally As Market Stages Recovery,https://www.investors.com/market-trend/stock-market-today/dow-jones-sp500-nasdaq-alphabet-stock-microsoft-stock-intel-stock/,"Stocks were off to a strong start Friday after a resilient performance Thursday that saw the Nasdaq composite pare a 2.3% intraday loss to less than 1%. Microsoft ( MSFT ) and Google-parent Alphabet ( GOOGL ) were strong movers on the stock market today, but the Dow Jones Industrial Average could ...",www.investors.com,0.171976,Somewhat-Bullish,CVX,0.136888,-0.273348,Somewhat-Bearish
2024-04-26 15:34:00,Stocks Rebound Amid Big-Cap Earnings: Weekly Review,https://www.investors.com/news/stock-market-rebounds-tesla-microsoft-google-meta-chipotle-ge-in-focus-weekly-review/,"Stock Market Rebounds. Tesla, Microsoft, Google, Meta, Chipotle, GE In Focus: Weekly Review Investor's Business Daily ...",www.investors.com,0.022015,Neutral,CVX,0.066093,0.023298,Neutral
2024-04-26 20:00:16,Chevron  ( CVX )  Q1 2024 Earnings Call Transcript,https://www.fool.com/earnings/call-transcripts/2024/04/26/chevron-cvx-q1-2024-earnings-call-transcript/,"CVX earnings call for the period ending March 31, 2024.",www.fool.com,0.268865,Somewhat-Bullish,CVX,0.053737,0.116825,Neutral
2024-04-26 20:07:19,Stock Market Today: Markets Soar Amid Strong Earnings for Big Tech,https://www.kiplinger.com/investing/stocks/stock-market-today-markets-soar-amid-strong-earnings-for-big-tech,Stocks rebounded sharply on strong earnings from some Big Tech names and an encouraging reading on consumer spending.,www.kiplinger.com,0.295957,Somewhat-Bullish,CVX,0.285526,0.395859,Bullish
2024-04-27 10:00:00,The Top 7 Oil & Gas Stocks to Buy in April 2024,https://markets.businessinsider.com/news/stocks/the-top-7-oil-gas-stocks-to-buy-in-april-2024-1033296019,"The World Bank has warned that an escalation of tensions in the Middle East could push oil prices above $100 per barrel, reversing the recent downward trend in global inflation.",markets.businessinsider.com,0.250921,Somewhat-Bullish,CVX,0.187221,0.318498,Somewhat-Bullish
2024-04-27 14:25:00,Chevron Showcases How Integration Can Pay Big Dividends in the Oil Patch,https://www.fool.com/investing/2024/04/27/chevron-showcases-how-integration-can-pay-big-divi/,The integrated energy company delivered solid first-quarter results despite much weaker natural gas prices.,www.fool.com,0.310181,Somewhat-Bullish,CVX,0.399506,0.389973,Bullish
2024-04-27 14:54:31,Chevron and Exxon Earnings Are in… Are they Good Buys?,https://markets.businessinsider.com/news/stocks/a-review-of-this-weeks-big-tech-earnings-2-1033296063,"This earnings season has started out a little erratic, thanks to unusual Wall Street behavior after big tech companies released their earnings reports. Case in point: Netflix, Inc. ( NFLX ) and Tesla, Inc. ( TSLA ) .",markets.businessinsider.com,0.271128,Somewhat-Bullish,CVX,0.17108,0.220863,Somewhat-Bullish
2024-04-28 07:35:00,2 Incredible Stocks That Billionaires Are Buying Hand Over Fist,https://www.fool.com/investing/2024/04/28/2-incredible-stocks-that-billionaires-are-buying/,Billionaire investors are aggressively buying both Chevron and Altria Group stock.,www.fool.com,0.309654,Somewhat-Bullish,CVX,0.472338,0.435747,Bullish
2024-04-29 09:50:00,Prediction: This Will Be Warren Buffett's Second Biggest Holding After Apple by 2027,https://www.fool.com/investing/2024/04/29/prediction-warren-buffett-apple-2027/,The ingredients could be in place for one stock to replace Bank of America as Buffett's second largest holding.,www.fool.com,0.162265,Somewhat-Bullish,CVX,0.227538,0.026325,Neutral
2024-04-29 10:20:05,Should You Invest in the Strive U.S. Energy ETF  ( DRLL ) ?,https://www.zacks.com/stock/news/2263745/should-you-invest-in-the-strive-us-energy-etf-drll,Sector ETF report for ...,www.zacks.com,0.272754,Somewhat-Bullish,CVX,0.137671,0.072354,Neutral
2024-04-29 12:31:00,How Much Will Chevron Pay in Dividends This Year?,https://www.fool.com/investing/2024/04/29/how-much-will-chevron-pay-in-dividends-this-year/,Chevron is one of the top dividend stocks in the oil patch.,www.fool.com,0.187912,Somewhat-Bullish,CVX,0.699089,0.439581,Bullish
2024-04-29 16:20:00,"Energy ETFs in Focus Post Exxon, Chevron's Weak Q1 Earnings",https://www.zacks.com/stock/news/2264370/energy-etfs-in-focus-post-exxon-chevrons-weak-q1-earnings,"Two energy behemoths, Exxon Mobil Corp. (XOM) and Chevron Corp. (CVX), reported disappointing first-quarter 2024 results. Both companies lagged estimates on revenues, while Chevron managed to beat earnings estimates.",www.zacks.com,0.248512,Somewhat-Bullish,CVX,0.514619,0.360141,Bullish
2024-04-29 18:16:01,Looking At Chevron's Recent Unusual Options Activity - Chevron  ( NYSE:CVX ) ,https://www.benzinga.com/insights/options/24/04/38499623/looking-at-chevrons-recent-unusual-options-activity,"Financial giants have made a conspicuous bullish move on Chevron. Our analysis of options history for Chevron CVX revealed 21 unusual trades. Delving into the details, we found 52% of traders were bullish, while 38% showed bearish tendencies.",www.benzinga.com,0.246243,Somewhat-Bullish,CVX,0.672712,0.391667,Bullish
2024-04-29 18:19:00,Chevron Entry into PEL 82,https://www.globenewswire.com/news-release/2024/04/29/2871564/0/en/Chevron-Entry-into-PEL-82.html,"TORONTO, April 29, 2024 ( GLOBE NEWSWIRE ) -- Sintana Energy Inc. ( TSX-V: SEI, OTCQB: SEUSF ) ( ""Sintana"" or the ""Company"" ) is pleased to announce that Chevron Namibia Exploration Limited ( ""CNEL"" ) , an affiliate of Chevron Corp. ( ""CVX"" ) has executed an agreement effective April 28th that ...",www.globenewswire.com,0.286433,Somewhat-Bullish,CVX,0.291644,0.366822,Bullish
2024-04-30 11:37:00,"Big Oil Battle: Exxon Is Better Than Chevron in This Key Area, and It's Not Even Close",https://www.fool.com/investing/2024/04/30/big-oil-battle-exxon-is-better-than-chevron-in-thi/,Exxon is a financial fortress.,www.fool.com,0.138725,Neutral,CVX,0.557075,0.173706,Somewhat-Bullish
2024-04-30 13:00:15,Chevron Corporation  ( CVX )  is Attracting Investor Attention: Here is What You Should Know,https://www.zacks.com/stock/news/2264784/chevron-corporation-cvx-is-attracting-investor-attention-here-is-what-you-should-know,"Zacks.com users have recently been watching Chevron (CVX) quite a bit. Thus, it is worth knowing the facts that could determine the stock's prospects.",www.zacks.com,0.219774,Somewhat-Bullish,CVX,0.529767,0.132407,Neutral
2024-04-30 16:48:00,"Q1 Earnings Season Scorecard and Fresh Research Reports for Apple, Walmart & Chevron",https://www.zacks.com/research-daily/2265061/q1-earnings-season-scorecard-and-fresh-research-reports-for-apple-walmart-chevron,"Today's Research Daily features a real-time update on the Q1 earnings season and updated new research reports on Apple (AAPL), Walmart (WMT) and Chevron (CVX).",www.zacks.com,0.233341,Somewhat-Bullish,CVX,0.175009,0.261905,Somewhat-Bullish
2024-04-30 21:02:00,"Diamondback Energy, Top Permian Basin Producer, Reports 16% Revenue Growth Amid 30% Run",https://www.investors.com/news/diamondback-top-permian-producer-reports-amid-30-run/,Diamondback Energy ( FANG ) reported better-than-expected first-quarter earnings and revenue even as the Permian Basin outfit's production lagged analysts expectations. FANG shares fell after the market closed Tuesday.,www.investors.com,0.106078,Neutral,CVX,0.202932,0.006924,Neutral
2024-05-01 08:27:00,Chevron Remains Confident It Will Close This Needle-Moving Acquisition,https://www.fool.com/investing/2024/05/01/chevron-remains-confident-it-will-close-this-needl/,Chevron firmly believes Exxon's case against it has no merit.,www.fool.com,0.292035,Somewhat-Bullish,CVX,0.567144,0.359786,Bullish
2024-05-02 08:38:54,"Tom Lee Weighs In On Market Implications Of A Potential Trump Victory: 'I Think Energy Stocks...Healthcare Would Come Under Pressure' - SPDR Select Sector Fund - Energy Select Sector  ( ARCA:XLE ) , Chevron  ( NYSE:CVX ) ",https://www.benzinga.com/analyst-ratings/analyst-color/24/05/38574597/tom-lee-weighs-in-on-market-implications-of-a-potential-trump-victory-i-think-energ,Fundstrat's Tom Lee on Wednesday weighed in on the possibility of the market factoring in Donald Trump's potential win in the upcoming November elections.,www.benzinga.com,0.0,Neutral,CVX,0.228073,-0.125128,Neutral
2024-05-02 09:50:00,My Top 5 Favorite High-Yield Dividend Stocks to Buy in May,https://www.fool.com/investing/2024/05/02/favorite-high-yield-dividend-stocks-buy-may/,Income investors can buy in May and go away with these stocks.,www.fool.com,0.381381,Bullish,CVX,0.213988,0.23351,Somewhat-Bullish
2024-05-02 10:57:00,"Devon Energy  ( DVN )  Beats on Q1 Earnings, Raises 2024 View",https://www.zacks.com/stock/news/2266691/devon-energy-dvn-beats-on-q1-earnings-raises-2024-view,"Devon Energy's (DVN) first-quarter earnings were better than expected due to strong production volumes. Taking into account the first quarter performance, Devon raised its 2024 production volume.",www.zacks.com,0.179374,Somewhat-Bullish,CVX,0.097655,0.067463,Neutral
2024-05-02 12:40:00,Here's Why You Should Bet on BP Stock Ahead of Q1 Earnings,https://www.zacks.com/stock/news/2266990/heres-why-you-should-bet-on-bp-stock-ahead-of-q1-earnings,"Given its substantial buyback programs, a pipeline of upstream projects, significant downstream operations, and attractive valuation, it is wise for investors to buy BP before its Q1 earnings release.",www.zacks.com,0.43256,Bullish,CVX,0.171282,0.051028,Neutral
2024-05-02 13:26:38,"Jamie Raskin Slams Big Oil For 'Lying' About Climate Change: 'They Acted Like Maleficent...And Cursed Everyone To Try To Go To Sleep For 100 Years' - Chevron  ( NYSE:CVX ) , BP  ( NYSE:BP ) ",https://www.benzinga.com/news/24/05/38584047/jamie-raskin-slams-big-oil-for-lying-about-climate-change-they-acted-like-maleficent-and-cursed-ever,"Rep. Jamie Raskin ( D-Md. ) has taken a stand against the petroleum industry's ""pattern of lying and evasion,"" accusing it of long-term deception regarding climate change. Raskin argues that this alleged deceit has significantly hindered the nation's progress in tackling the climate crisis.",www.benzinga.com,-0.160092,Somewhat-Bearish,CVX,0.182506,-0.270878,Somewhat-Bearish
2024-05-02 13:47:00,Marathon  ( MRO )  Q1 Earnings Beat on Oil Price Improvement,https://www.zacks.com/stock/news/2267183/marathon-mro-q1-earnings-beat-on-oil-price-improvement,Marathon Oil (MRO) spends $503 million in capital and exploratory expenditures during the quarter and rakes in $$239 million in adjusted free cash flow.,www.zacks.com,0.004772,Neutral,CVX,0.121037,-0.006848,Neutral
2024-05-03 08:41:00,3 Dow Stocks That Are No-Brainer Buys in May,https://www.fool.com/investing/2024/05/03/3-dow-stocks-that-are-no-brainer-buys-in-may/,The 30-component Dow Jones Industrial Average is housing three phenomenal deals that are hiding in plain sight.,www.fool.com,0.161445,Somewhat-Bullish,CVX,0.332211,0.122611,Neutral
2024-05-03 10:20:07,Is iShares Core High Dividend ETF  ( HDV )  a Strong ETF Right Now?,https://www.zacks.com/stock/news/2267616/is-ishares-core-high-dividend-etf-hdv-a-strong-etf-right-now,Smart Beta ETF report for ...,www.zacks.com,0.298276,Somewhat-Bullish,CVX,0.113329,0.060706,Neutral
2024-05-03 13:01:00,Why You Should Bet on Sunoco  ( SUN )  Ahead of Q1 Earnings,https://www.zacks.com/stock/news/2268020/why-you-should-bet-on-sunoco-sun-ahead-of-q1-earnings,"Investors may find it advantageous to purchase Sunoco (SUN) before Q1 earnings release, given its strategic acquisition deal and strong and sustainable business model.",www.zacks.com,0.418079,Bullish,CVX,0.279015,0.078861,Neutral
2024-05-04 07:31:00,3 Companies Growing Shareholder Value Through Aggressive Stock Buybacks,https://www.fool.com/investing/2024/05/04/3-companies-shareholder-value-stock-buybacks/,These energy and industrial companies pay dividends and are rewarding shareholders with stock repurchases.,www.fool.com,0.331019,Somewhat-Bullish,CVX,0.442981,0.392818,Bullish
2024-05-04 16:03:17,"Warren Buffett Confidence In Apple Wanes? Berkshire Cuts Stake By 18% Amid Tech Giant's Troubles - Apple  ( NASDAQ:AAPL ) , American Express  ( NYSE:AXP ) ",https://www.benzinga.com/markets/equities/24/05/38630421/warren-buffett-confidence-in-apple-wanes-berkshire-cuts-stake-by-18-amid-tech-giants-troubles,"Warren Buffett's Berkshire, Inc. BRK BRK trimmed its position in its key core holding, Apple, Inc. AAPL, a 10-Q report for the first quarter filed with the SEC on Saturday showed. Paring Equity Bets: Berkshire's equity securities investment dropped from $353.84 billion in Q1 2023 to $335.86 ...",www.benzinga.com,0.055317,Neutral,CVX,0.194242,-0.142127,Neutral
2024-05-05 07:22:00,These 7 Stocks Make Up 84% of Warren Buffett's $336 Billion Stock Portfolio,https://www.fool.com/investing/2024/05/05/these-7-stocks-make-up-84-of-warren-buffetts-336-b/,Investors can learn a lot about Warren Buffett's strategy just by looking at the list of Berkshire Hathaway's top stocks.,www.fool.com,0.3461,Somewhat-Bullish,CVX,0.157827,0.117815,Neutral
2024-05-06 10:20:07,Should First Trust Morningstar Dividend Leaders ETF  ( FDL )  Be on Your Investing Radar?,https://www.zacks.com/stock/news/2268385/should-first-trust-morningstar-dividend-leaders-etf-fdl-be-on-your-investing-radar,Style Box ETF report for ...,www.zacks.com,0.271794,Somewhat-Bullish,CVX,0.119532,0.067655,Neutral
2024-05-06 12:45:00,3 Dividend-Paying Energy Stocks to Buy Hand Over Fist in May,https://www.fool.com/investing/2024/05/06/3-dividend-paying-energy-stocks-to-buy-hand-over/,"With energy prices on the rise, here are three dividend stocks to consider in the energy sector, from high risk to low risk.",www.fool.com,0.241533,Somewhat-Bullish,CVX,0.313674,0.304693,Somewhat-Bullish
2024-05-06 13:19:00,Warren Buffett's Favorite Energy Stock Expected To See Profit Fall 47%,https://www.investors.com/news/warren-buffett-occidental-petroleum-profits-fall-as-oil-prices-retreat/,"Warren Buffett-backed Occidental Petroleum ( OXY ) reports first-quarter earnings and revenue late Tuesday, with analysts expecting EPS to nearly halve as lower oil and natural gas prices continue to hit energy companies. OXY shares angled higher early Monday.",www.investors.com,0.128727,Neutral,CVX,0.172097,0.052604,Neutral
2024-05-06 13:37:00,Why You Should Buy EOG Resources  ( EOG )  After Strong Q1 Earnings,https://www.zacks.com/stock/news/2268835/why-you-should-buy-eog-resources-eog-after-strong-q1-earnings,"EOG prioritizes positioning itself as one of the top oil and gas producers in terms of high returns, low costs and minimal emissions, playing a pivotal role in shaping the future of energy.",www.zacks.com,0.299797,Somewhat-Bullish,CVX,0.217508,0.064576,Neutral
2024-05-06 14:41:00,Dow Jones Up As Apple Falls; Warren Buffett Stock Steady Despite This Loss,https://www.investors.com/market-trend/stock-market-today/dow-jones-nasdaq-sp-500-apple-warren-buffett-berkshire-hathaway/,Dow Jones Up As Apple Falls. Warren Buffett Stock Steady Despite This Loss Investor's Business Daily ...,www.investors.com,0.144455,Neutral,CVX,0.110462,0.191542,Somewhat-Bullish
2024-05-06 17:24:23,Warren Buffett Adores Apple as Much as Ever,https://www.kiplinger.com/investing/stocks/warren-buffett-adores-apple-as-much-as-ever,"Apple ( AAPL ) stock declined in an up market Monday after Berkshire Hathaway ( BRK.B ) disclosed it cut its stake by 13% in the most recent quarter. Is Warren Buffett, Berkshire's chairman and CEO, losing faith in what is by far the company's largest holding?",www.kiplinger.com,0.083432,Neutral,CVX,0.150122,0.010328,Neutral
2024-05-07 11:03:00,Analysis: Europe risks losing its biggest oil companies to America | Business,https://www.cnn.com/2024/05/07/business/shell-totalenergies-listing-europe-us/index.html,Europe risks losing its biggest oil companies to America ...,www.cnn.com,0.116053,Neutral,CVX,0.137148,0.094091,Neutral
2024-05-07 12:12:17,"Chevron, Yum! Brands And 2 Other Stocks Insiders Are Selling - Chevron  ( NYSE:CVX ) ",https://www.benzinga.com/news/24/05/38666907/chevron-yum-brands-and-2-other-stocks-insiders-are-selling,"The Nasdaq 100 closed higher by over 200 points on Monday. Investors, meanwhile, focused on some notable insider trades. When insiders sell shares, it could be a preplanned sale, or could indicate their concern in the company's prospects or that they view the stock as being overpriced.",www.benzinga.com,0.177631,Somewhat-Bullish,CVX,0.403913,0.241219,Somewhat-Bullish
2024-05-07 12:15:00,Tech Investors: Buy This Cheap  ( And Surging )  9.3% Dividend Now,https://www.forbes.com/sites/michaelfoster/2024/05/07/tech-investors-buy-this-cheap-and-surging-93-dividend-now/,"An unusual trend has hit Silicon Valley that's running far below the radar: a big shift toward paying dividends. We're going to take full advantage by grabbing something unheard-of, even for die-hard tech investors: A 9.3% dividend that grows. That's a real eye-opener for tech, to be sure.",www.forbes.com,0.442694,Bullish,CVX,0.092748,0.162197,Somewhat-Bullish
2024-05-07 13:08:00,EOG Resources  ( EOG )  Q1 Earnings Beat on Solid Oil Production,https://www.zacks.com/stock/news/2269713/eog-resources-eog-q1-earnings-beat-on-solid-oil-production,Higher oil equivalent production volumes primarily aid EOG Resources' (EOG) strong Q1 earnings.,www.zacks.com,0.186955,Somewhat-Bullish,CVX,0.208166,0.062389,Neutral
2024-05-07 13:15:00,AI Data Center Demand Focuses Attention On This S&P 500 Nuclear Energy Stock,https://www.investors.com/news/ai-data-center-demand-sp-500-nuclear-energy-stock/,Constellation Energy ( CEG ) announces first-quarter earnings and revenue early Thursday. Analysts expect a 400% EPS gain. Investors may be even more focused on how artificial intelligence ( AI ) data centers will boost demand for the company. Constellation Energy earnings are forecast to ...,www.investors.com,0.21025,Somewhat-Bullish,CVX,0.095707,0.125113,Neutral
2024-05-07 13:33:00,"Did Someone Say ""Free Money""?",https://www.fool.com/investing/2024/05/07/did-someone-say-free-money/,A podcast episode for dividend stock investors.,www.fool.com,0.178325,Somewhat-Bullish,CVX,0.017864,0.12885,Neutral
2024-05-07 17:02:11,"DLE Co. Announces Strategic Investment To Deploy Extraction Tech - Chevron  ( NYSE:CVX ) , Volt Lithium  ( OTC:VLTLF ) ",https://www.benzinga.com/news/24/05/38651324/dle-co-announces-strategic-investment-to-deploy-extraction-tech,Volt Lithium Corp. VLTLF aims to become North America's first commercial producer of lithium hydroxide and lithium carbonates from oilfield brine. Read to see what experts are saying about this company's stock.,www.benzinga.com,0.181891,Somewhat-Bullish,CVX,0.058976,0.0,Neutral
2024-05-08 09:06:00,"Meet the 2 Stocks Warren Buffett Confessed to Selling, as Well as the Other Core Holding He Likely Sent to the Chopping Block",https://www.fool.com/investing/2024/05/08/meet-2-stocks-warren-buffett-confessed-to-selling/,The sell button loomed large for Warren Buffett and his investment team during the March-ended quarter.,www.fool.com,0.12438,Neutral,CVX,0.360316,0.1524,Somewhat-Bullish
2024-05-08 12:47:00,New S&P 500 AI Play Slides On First-Quarter Earnings As It Joins Index,https://www.investors.com/news/sp-500-new-ai-stock-slides-earnings-joins-index/,Utility play Vistra ( VST ) joined the S&P 500 index Wednesday morning as shares sank after the company reported earnings and revenue declines in the first quarter.,www.investors.com,0.158054,Somewhat-Bullish,CVX,0.082677,0.120998,Neutral
2024-05-08 13:37:00,Here's Why You Should Watch Enbridge  ( ENB )  Ahead of Q1 Earnings,https://www.zacks.com/stock/news/2270655/heres-why-you-should-watch-enbridge-enb-ahead-of-q1-earnings,"Despite having a stable business model, Enbridge is not cheap now on a relative basis. Hence, it's advisable for investors to be cautious prior to the company's Q1 earnings announcement.",www.zacks.com,0.272257,Somewhat-Bullish,CVX,0.20698,0.062065,Neutral
2024-05-09 10:20:05,Should You Invest in the Fidelity MSCI Energy Index ETF  ( FENY ) ?,https://www.zacks.com/stock/news/2271121/should-you-invest-in-the-fidelity-msci-energy-index-etf-feny,Sector ETF report for ...,www.zacks.com,0.257476,Somewhat-Bullish,CVX,0.1331,0.053259,Neutral
2024-05-09 11:37:00,The S&P 500 Nuclear Energy Play Looking To Capitalize On AI Demand Just Saw Earnings Balloon 860%,https://www.investors.com/news/sp-500-nuclear-ai-demand/,S&P 500 component Constellation Energy ( CEG ) reported Thursday that first-quarter earnings surged nearly 860% but analysts are more focused on how demand for artificial intelligence ( AI ) data centers will boost demand for the nuclear energy company.,www.investors.com,0.193084,Somewhat-Bullish,CVX,0.082393,0.120923,Neutral
2024-05-09 13:39:00,Why You Should Buy ConocoPhillips  ( COP )  After Q1 Earnings Beat,https://www.zacks.com/stock/news/2271554/why-you-should-buy-conocophillips-cop-after-q1-earnings-beat,"Given its diverse asset base, strong balance sheet and a firm dedication to returning capital to shareholders, investors should seriously consider purchasing ConocoPhillips (COP).",www.zacks.com,0.353642,Bullish,CVX,0.290033,0.08134,Neutral
2024-05-09 14:00:00,"Lubricants Market Surges to USD 187.9 Billion by 2031, Propelled by 2.7% CAGR - Verified Market Research®",https://www.benzinga.com/pressreleases/24/05/g38733240/lubricants-market-surges-to-usd-187-9-billion-by-2031-propelled-by-2-7-cagr-verified-market-resear,"Lewes, Delaware, May 09, 2024 ( GLOBE NEWSWIRE ) -- The Global Lubricants Market is projected to grow at a CAGR of 2.7% from 2024 to 2031, according to a new report published by Verified Market Research®.",www.benzinga.com,0.315134,Somewhat-Bullish,CVX,0.028122,0.059513,Neutral
2024-05-09 19:01:46,Check Out What Whales Are Doing With CVX - Chevron  ( NYSE:CVX ) ,https://www.benzinga.com/insights/options/24/05/38741894/check-out-what-whales-are-doing-with-cvx,"Deep-pocketed investors have adopted a bearish approach towards Chevron CVX, and it's something market players shouldn't ignore. Our tracking of public options records at Benzinga unveiled this significant move today.",www.benzinga.com,0.230078,Somewhat-Bullish,CVX,0.73621,0.38788,Bullish
2024-05-10 02:41:35,"Trump Reportedly Seeks $1B In Campaign Funds From Exxon Mobil, Chevron, Other Big Oil Execs: Expert Calls It 'Shocking' But Perfectly Legal - Chevron  ( NYSE:CVX ) , ConocoPhillips  ( NYSE:COP ) ",https://www.benzinga.com/news/24/05/38751446/trump-reportedly-seeks-1b-in-campaign-funds-from-exxon-mobil-chevron-other-big-oil-execs-expert-call,"Former President Donald Trump has reportedly asked oil industry executives to contribute $1 billion to his campaign for the White House. This request, while controversial, is likely legal, according to industry experts.",www.benzinga.com,0.139788,Neutral,CVX,0.16849,0.173651,Somewhat-Bullish
2024-05-10 09:21:00,Prediction: 3 Sensational Stocks That'll Be Worth Far More Than Tesla 2 Years From Now,https://www.fool.com/investing/2024/05/10/prediction-3-stocks-worth-more-than-tesla-2-years/,Three time-tested businesses have the necessary catalysts to blow past electric-vehicle (EV) maker Tesla by 2026.,www.fool.com,0.223225,Somewhat-Bullish,CVX,0.249744,0.052856,Neutral
2024-05-10 10:00:00,How to invest in natural gas stocks,https://www.cnn.com/cnn-underscored/money/trade-natural-gas,Natural gas stocks: Comprehensive investment guide CNN Underscored ...,www.cnn.com,0.309212,Somewhat-Bullish,CVX,0.048969,0.351001,Bullish
2024-05-10 13:31:00,Why You Should Buy Valero Energy  ( VLO )  After Q1 Earnings Beat,https://www.zacks.com/stock/news/2272275/why-you-should-buy-valero-energy-vlo-after-q1-earnings-beat,"Valero's (VLO) premium refining operations are resilient, even when the business operating environment is carbon-constrained.",www.zacks.com,0.364401,Bullish,CVX,0.252114,0.07268,Neutral
2024-05-10 22:07:00,Chevron's  ( CVX )  Gorgon LNG Facility Faces Production Disruption,https://www.zacks.com/stock/news/2272481/chevrons-cvx-gorgon-lng-facility-faces-production-disruption,Chevron (CVX) states that it is working to repair the fault and the process may take several weeks. This may affect the exports from the facility.,www.zacks.com,0.148542,Neutral,CVX,0.443626,0.014689,Neutral
2024-05-10 22:19:00,"URGENT: The M&A Class Action Firm Encourages Shareholders of Hess Corp. to Take Action Before the Merger Vote on May 28, 2024 - HES",https://www.prnewswire.com/news-releases/urgent-the-ma-class-action-firm-encourages-shareholders-of-hess-corp-to-take-action-before-the-merger-vote-on-may-28-2024--hes-302142673.html,URGENT: The M&A Class Action Firm Encourages Shareholders of Hess Corp. to Take Action Before the Merger Vote ... PR ...,www.prnewswire.com,0.258995,Somewhat-Bullish,CVX,0.157483,0.183283,Somewhat-Bullish
2024-05-11 19:00:00,Critical Takeaways From Berkshire Hathaway's First-Quarter Earnings,https://www.forbes.com/sites/bill_stone/2024/05/11/critical-takeaways-from-berkshire-hathaways-first-quarter-earnings/,"""Just tell me where I am going to die, so I never go there."" - Charlie Munger Berkshire Hathaway's ( BRK/A, BRK/B ) first-quarter earnings release coincided with the annual meeting in Omaha. Warren Buffett, CEO and Chairman, and Greg Abel, Vice Chairman of Non-insurance, answered questions from ...",www.forbes.com,0.150445,Somewhat-Bullish,CVX,0.025259,0.046649,Neutral
2024-05-12 10:45:00,Billionaires Are Selling These Stocks and Buying Up These Instead,https://www.fool.com/investing/2024/05/12/billionaires-are-selling-these-stocks-and-buying/,These billionaires have more in common than you think.,www.fool.com,0.146936,Neutral,CVX,0.088799,0.191009,Somewhat-Bullish
2024-05-12 11:23:00,"The Smartest Oil Stocks to Buy With $1,000 Right Now",https://www.fool.com/investing/2024/05/12/the-smartest-oil-stocks-to-buy-with-1000-right-now/,Warren Buffett is betting billions of dollars on these two oil stocks. Should you follow suit?,www.fool.com,0.302895,Somewhat-Bullish,CVX,0.478494,0.35391,Bullish
2024-05-13 06:40:08,"Chuck Schumer Says Trump Might Be 'Hosting Dinners For Big Oil Execs' But FTC Should Side With Consumers On $53B Chevron-Hess Merger - Chevron  ( NYSE:CVX ) , Hess  ( NYSE:HES ) ",https://www.benzinga.com/government/24/05/38781945/chuck-schumer-says-trump-might-be-hosting-dinners-for-big-oil-execs-but-ftc-should-side-with-consume,"The U.S. Senate Majority Leader, Chuck Schumer ( D-N.Y. ) , has called on the Federal Trade Commission ( FTC ) to reevaluate the proposed $53 billion merger between Chevron Corp CVX and Hess Corp HES. What Happened: Schumer voiced his concerns over the merger on social media on Monday.",www.benzinga.com,0.120354,Neutral,CVX,0.666827,0.125045,Neutral
2024-05-13 08:12:00,Billionaires Can't Stop Buying These 3 Energy Stocks. Should You Join Them?,https://www.fool.com/investing/2024/05/13/billionaires-cant-stop-buying-these-3-energy-stock/,These billionaires are betting big on energy stocks.,www.fool.com,0.249865,Somewhat-Bullish,CVX,0.350564,0.283846,Somewhat-Bullish
2024-05-13 09:45:03,European Traditional Energy Majors Return To Tried And Tested Ways Of Unlocking Value,https://www.forbes.com/sites/gauravsharma/2024/05/13/european-traditional-energy-majors-return-to-tried-and-tested-ways-of-unlocking-value/,"As the transitioning energy mix began to catch the world's attention in the last decade, many big oil companies wanted to remain true to their corporate DNA yet did not wish to ignore the race to renewables.",www.forbes.com,0.187946,Somewhat-Bullish,CVX,0.129866,0.209648,Somewhat-Bullish
2024-05-13 13:15:02,"Jim Cramer Likes Micron And Its CEO, Recommends Buying This Big Bank - Micron Technology  ( NASDAQ:MU ) ",https://www.benzinga.com/news/24/05/38789146/jim-cramer-likes-micron-and-its-ceo-recommends-buying-this-big-bank,"On CNBC's ""Mad Money Lightning Round,"" Jim Cramer recommended buying Micron MU, adding that he likes the company and its CEO Sanjay Mehrotra. On May 6, Baird analyst Tristan Gerra upgraded Micron from Neutral to Outperform and raised the price target from $115 to $150.",www.benzinga.com,0.166209,Somewhat-Bullish,CVX,0.485711,0.484216,Bullish
2024-05-13 13:19:00,Why You Should Keep an Eye on BP Despite Q1 Earnings Miss,https://www.zacks.com/stock/news/2272906/why-you-should-keep-an-eye-on-bp-despite-q1-earnings-miss,"Despite the weak results, BP expects its reported and underlying upstream production to be slightly higher this year.",www.zacks.com,0.241314,Somewhat-Bullish,CVX,0.274834,0.077911,Neutral
2024-05-14 12:31:16,"Amazon, Alphabet And 2 Other Stocks Insiders Are Selling - Amazon.com  ( NASDAQ:AMZN ) ",https://www.benzinga.com/news/24/05/38814893/amazon-alphabet-and-2-other-stocks-insiders-are-selling,"The Nasdaq 100 closed higher by around 0.2% on Monday. Investors, meanwhile, focused on some notable insider trades. When insiders sell shares, it could be a preplanned sale, or could indicate their concern in the company's prospects or that they view the stock as being overpriced.",www.benzinga.com,0.234624,Somewhat-Bullish,CVX,0.434514,0.387847,Bullish
2024-05-14 13:00:14,Investors Heavily Search Chevron Corporation  ( CVX ) : Here is What You Need to Know,https://www.zacks.com/stock/news/2273344/investors-heavily-search-chevron-corporation-cvx-here-is-what-you-need-to-know,"Chevron (CVX) has received quite a bit of attention from Zacks.com users lately. Therefore, it is wise to be aware of the facts that can impact the stock's prospects.",www.zacks.com,0.224302,Somewhat-Bullish,CVX,0.523995,0.128383,Neutral
2024-05-15 06:03:38,"Hillary Clinton Slams Trump For Allegedly Bribing Fossil Fuel CEOs To Reverse Biden's Climate Action In Exchange For $1B: 'Outrageous' - Chevron  ( NYSE:CVX ) , Hess  ( NYSE:HES ) ",https://www.benzinga.com/news/24/05/38835533/hillary-clinton-slams-trump-for-allegedly-bribing-fossil-fuel-ceos-to-reverse-bidens-climate-action,Former Secretary of State Hillary Clinton has accused ex-President Donald Trump of attempting to bribe fossil fuel CEOs to overturn President Joe Biden's climate policies.,www.benzinga.com,0.070582,Neutral,CVX,0.243701,-0.001889,Neutral
2024-05-15 11:16:00,Better Warren Buffett Oil Stock: Chevron Vs. Occidental Petroleum,https://www.fool.com/investing/2024/05/15/better-warren-buffett-oil-stock-chevron-versus-occ/,These two Warren Buffett oil stocks go head-to-head.,www.fool.com,0.151667,Somewhat-Bullish,CVX,0.553402,0.245447,Somewhat-Bullish
2024-05-15 12:52:00,Chevron  ( CVX )  Targeted by Short Sellers: Should You Worry?,https://www.zacks.com/stock/news/2274176/chevron-cvx-targeted-by-short-sellers-should-you-worry,"Despite increased shorting, Chevron's (CVX) shares edged up around 1.4% in April, adding approximately $5 billion to its market value.",www.zacks.com,0.235433,Somewhat-Bullish,CVX,0.506832,0.3501,Bullish
2024-05-15 15:57:00,Amazon Stock: Total AI Capex By Big Tech Firms Seen Reaching $200 Bil,https://www.investors.com/news/technology/amazon-stock-meta-microsoft-big-tech-spending-capex/,"The race to build the computing power necessary for artificial intelligence has Big Tech spending like Big Oil, as described in an analyst note Wednesday. Researchers with Bernstein tallied up the massive price tag for AI at Amazon ( AMZN ) , Microsoft ( MSFT ) , Alphabet ( GOOGL ) , Meta ( META ...",www.investors.com,0.126191,Neutral,CVX,0.13459,0.0,Neutral
2024-05-15 18:01:17,This Is What Whales Are Betting On Chevron - Chevron  ( NYSE:CVX ) ,https://www.benzinga.com/insights/options/24/05/38853243/this-is-what-whales-are-betting-on-chevron,"Investors with a lot of money to spend have taken a bearish stance on Chevron CVX. We noticed this today when the trades showed up on publicly available options history that we track here at Benzinga. Whether these are institutions or just wealthy individuals, we don't know.",www.benzinga.com,0.191519,Somewhat-Bullish,CVX,0.73758,0.306203,Somewhat-Bullish
2024-05-15 20:47:53,Tesla Loses Most-Crowded Short Stock Crown To This Oil Giant - Tesla  ( NASDAQ:TSLA ) ,https://www.benzinga.com/short-sellers/24/05/38858945/tesla-loses-most-crowded-short-stock-crown-to-this-oil-giant,"Electric vehicle leader Tesla Inc TSLA has been a popular stock to short by investors in recent months. The stock remains one of the most crowded shorts according to a new report, but lost its position at the top after three straight months.",www.benzinga.com,0.19685,Somewhat-Bullish,CVX,0.471718,0.400039,Bullish
2024-05-16 09:11:00,3 Powerhouse High-Yield Dividend Stocks to Buy Now and Hold for Decades to Come,https://www.fool.com/investing/2024/05/16/3-powerhouse-high-yield-dividend-stocks-to-buy-now/,Investing in equal parts of these three stocks produces a dividend yield of 5.7%.,www.fool.com,0.270163,Somewhat-Bullish,CVX,0.454589,0.088227,Neutral
2024-05-16 12:09:00,Petrobras  ( PBR )  Q1 Earnings Lag on High Pre-Salt Lifting Costs,https://www.zacks.com/stock/news/2274628/petrobras-pbr-q1-earnings-lag-on-high-pre-salt-lifting-costs,"As of Mar 31, 2024, Petrobras (PBR) records a net debt of $43,646 million. The company ends the quarter with cash and cash equivalents of $11,547 million.",www.zacks.com,0.050126,Neutral,CVX,0.114682,-0.006697,Neutral
2024-05-16 13:04:40,Berkshire Hathaway's First Quarter 2024 Portfolio Moves,https://www.forbes.com/sites/bill_stone/2024/05/16/berkshire-hathaways-first-quarter-2024-portfolio-moves/,"Berkshire Hathaway's ( BRK/A, BRK/B ) first-quarter 13F was filed after the market close on May 15. This filing gives us a quarterly opportunity to observe what Warren Buffett and his investment team are doing within Berkshire's publicly traded equity portfolio.",www.forbes.com,0.16488,Somewhat-Bullish,CVX,0.229872,0.029713,Neutral
2024-05-16 13:25:51,Nvidia Tops Hedge Fund Buys as Interest in AI Stocks Fuel Market Gains: Bloomberg - NVIDIA  ( NASDAQ:NVDA ) ,https://www.benzinga.com/news/24/05/38873159/nvidia-tops-hedge-fund-buys-as-interest-in-ai-stocks-fuel-market-gains-bloomberg,"Nvidia Corp NVDA saw the most significant increase in market value among stocks held by hedge funds in the first quarter, despite these funds' overall net sales of shares.",www.benzinga.com,0.298422,Somewhat-Bullish,CVX,0.204072,0.277884,Somewhat-Bullish
2024-05-16 13:54:49,"Warren Buffett's Berkshire Confirms Apple Sale, Dumps This PC Maker, Finally Reveals Mystery Stock: Here Are The Portfolio Changes To Know - Apple  ( NASDAQ:AAPL ) , American Express  ( NYSE:AXP ) ",https://www.benzinga.com/markets/equities/24/05/38873913/warren-buffetts-berkshire-confirms-apple-sale-dumps-this-pc-maker-finally-reveals-mystery-stock-,"Investment guru Warren Buffett confirmed Wednesday the trimming of his Apple, Inc. AAPL stake and finally shed light on the mystery stock his firm, Berkshire Hathaway, Inc. BRK BRK, accumulated ahead of the first quarter. Apple, Chevron Trimmed: Berkshire reduced its Apple position by a little ...",www.benzinga.com,0.174277,Somewhat-Bullish,CVX,0.24289,0.273283,Somewhat-Bullish
2024-05-16 15:55:31,"Chevron Ends 55-Year North Sea Operations Ahead Of Hess Deal: Report - Chevron  ( NYSE:CVX ) , Hess  ( NYSE:HES ) , Exxon Mobil  ( NYSE:XOM ) , Shell  ( NYSE:SHEL ) ",https://www.benzinga.com/news/24/05/38877548/chevron-ends-55-year-north-sea-operations-ahead-of-hess-deal-report,"Chevron Corp. CVX is set to sell its remaining oil and gas assets in the UK North Sea, concluding its 55-year presence in the region. The U.S. energy giant's decision to divest comes as it gears up for the $53 billion acquisition of Hess Corp.",www.benzinga.com,0.289144,Somewhat-Bullish,CVX,0.506284,0.398781,Bullish
2024-05-16 20:11:08,Stock Market Today: Dow Flirts With 40K After Walmart Earnings,https://www.kiplinger.com/investing/stocks/stock-market-today-dow-flirts-with-40k-after-walmart-earnings,"Stocks were choppy Thursday coming off Wednesday's record-setting session. A steady stream of headlines gave investors plenty to consider - including the Dow Jones Industrial Average's first-ever foray atop the psychologically significant 40,000 mark.",www.kiplinger.com,0.261378,Somewhat-Bullish,CVX,0.140485,0.0,Neutral
2024-05-17 09:06:00,"Warren Buffett Has Spent More Buying This Stock Than He Did With Apple, Chevron, Coca-Cola, American Express, and Occidental Petroleum, Combined!",https://www.fool.com/investing/2024/05/17/warren-buffett-has-spent-more-buying-this-stock/,"Berkshire's collective cost basis in Apple, Chevron, Coca-Cola, American Express, and Occidental Petroleum is around $63 billion. The Oracle of Omaha has spent $77 billion alone buying shares of his favorite stock.",www.fool.com,0.283753,Somewhat-Bullish,CVX,0.247478,0.193211,Somewhat-Bullish
2024-05-17 12:52:00,Is Chevron's  ( CVX )  $53B Acquisition of Hess in Jeopardy?,https://www.zacks.com/stock/news/2275451/is-chevrons-cvx-53b-acquisition-of-hess-in-jeopardy,The Hess (HES) acquisition would grant Chevron (CVX) a substantial stake in the lucrative Stabroek Block offshore Guyana.,www.zacks.com,0.0,Neutral,CVX,0.351558,0.200614,Somewhat-Bullish
2024-05-17 14:20:00,Stock Market Hits Highs On Cooling Inflation: Weekly Review,https://www.investors.com/news/stock-market-hits-highs-on-cooling-inflation-walmart-jumps/,"The stock market rally had impressive gains following tame inflation reports and cooling economic data, with the Dow Jones, S&P 500 and Nasdaq composite all hitting record highs. That, along with Wednesday's follow-through day, finally confirmed the rally attempt.",www.investors.com,0.113572,Neutral,CVX,0.063425,-0.014047,Neutral
2024-05-17 16:22:53,"After Big Oil, It Is Time For Refining Stocks To Soar",https://www.forbes.com/sites/gurufocus/2024/05/17/after-big-oil-it-is-time-for-refining-stocks-to-soar/,"Oil refiners have excelled in recent years and continue in their growth momentum • U.S. oil refiners reached all-time highs in the first quarter, indicating underlying stock strength beyond oil prices. • Major macro factors, such as global demand growth for energy, are favoring oil refining ...",www.forbes.com,0.181874,Somewhat-Bullish,CVX,0.075754,0.061894,Neutral
2024-05-17 16:50:18,"Is Chevron's $53B Acquisition of Hess in Jeopardy? - Chevron  ( NYSE:CVX ) , Hess  ( NYSE:HES ) ",https://www.benzinga.com/news/24/05/38895327/is-chevrons-53b-acquisition-of-hess-in-jeopardy,Chevron's CVX proposed $53 billion buyout of Hess Corporation HES has encountered significant turbulence stemming from legal disputes and shareholder advisory disagreements.,www.benzinga.com,0.019656,Neutral,CVX,0.345674,0.213284,Somewhat-Bullish
2024-05-17 18:43:00,"Chevron  ( CVX )  Exits U.K. North Sea, Divests Remaining Assets",https://www.zacks.com/stock/news/2275712/chevron-cvx-exits-uk-north-sea-divests-remaining-assets,Chevron's (CVX) exit from the North Sea follows the trend that several other U.S. oil companies have exhibited owing to the declining production in the region.,www.zacks.com,0.283253,Somewhat-Bullish,CVX,0.275091,0.161207,Somewhat-Bullish
2024-05-18 06:47:00,Want Decades of Passive Income? 2 Stocks to Buy Now and Hold Forever,https://www.fool.com/investing/2024/05/18/want-decades-of-passive-income-2-stocks-to-buy-now/,"If you're looking for dividends, these two energy giants have proven they know how to give you what you want.",www.fool.com,0.260669,Somewhat-Bullish,CVX,0.608634,0.34306,Somewhat-Bullish
2024-05-18 14:05:00,Turning Trash Into Treasure: These Energy Stocks Are Betting Big on Converting Garbage Into Gas  ( and Cash ) ,https://www.fool.com/investing/2024/05/18/turning-trash-into-treasure-these-energy-stocks-ar/,These energy companies are investing heavily in building renewable natural gas platforms.,www.fool.com,0.289037,Somewhat-Bullish,CVX,0.091162,0.164626,Somewhat-Bullish
2024-05-19 11:00:15,"Trump's Niece Weighs In On Ex-President's Legal Troubles, Chuck Schumer Urges FTC To Reconsider Chevron-Hess Merger And More: Top Political Updates This Week - Alaska Air Gr  ( NYSE:ALK ) , American Airlines Gr  ( NASDAQ:AAL ) ",https://www.benzinga.com/news/24/05/38909169/trumps-niece-weighs-in-on-ex-presidents-legal-troubles-chuck-schumer-urges-ftc-to-reconsider-chevron,"The week was a whirlwind of political and corporate news. From Chuck Schumer calling on the FTC to reconsider a major oil merger, to Donald Trump's niece sharing her thoughts on her uncle's legal woes, the news cycle was anything but dull. Let's dive into the top stories. U.S.",www.benzinga.com,0.046176,Neutral,CVX,0.195025,-0.11674,Neutral
2024-05-20 13:58:00,Chevron's  ( CVX )  Tengiz Project Faces Cost Increase of $1.5B,https://www.zacks.com/stock/news/2276141/chevrons-cvx-tengiz-project-faces-cost-increase-of-15b,"Chevron's (CVX) Tengiz Project in Kazakhstan faces a $1.5 billion cost overrun, highlighting complexities in large-scale energy ventures and posing challenges to completion and financial projections.",www.zacks.com,0.315131,Somewhat-Bullish,CVX,0.431371,0.272221,Somewhat-Bullish
2024-05-22 09:06:00,Here Are All 44 Stocks Warren Buffett Holds for Berkshire Hathaway's $378 Billion Portfolio,https://www.fool.com/investing/2024/05/22/44-stocks-warren-buffett-hold-berkshire-hathaway/,"Despite holding stakes in close to four-dozen stocks, 82% of Berkshire's $378 billion of invested assets is concentrated in eight core companies.",www.fool.com,0.214202,Somewhat-Bullish,CVX,0.093047,0.056216,Neutral
2024-05-22 13:08:00,AI & Big Data in Energy: 3 Oil & Gas Stocks to Keep an Eye On,https://www.zacks.com/stock/news/2277306/ai-big-data-in-energy-3-oil-gas-stocks-to-keep-an-eye-on,"Investors are advised to monitor three leading energy stocks, namely Shell (SHEL), BP and Chevron Corporation (CVX), as they are leveraging AI and big data.",www.zacks.com,0.471568,Bullish,CVX,0.38588,0.580814,Bullish
2024-05-22 14:14:40,5 Stocks That Warren Buffett's Berkshire Hathaway Has Been Trimming,https://www.benzinga.com/markets/equities/24/05/38965414/5-stocks-that-warren-buffetts-berkshire-hathaway-has-been-trimming,"Legendary investor Warren Buffett's long-term investment philosophy is well known, but that doesn't mean the Oracle of Omaha never sells a stock. While Buffett is popular for saying the ideal investment period for a stock is ""forever,"" his company Berkshire Hathaway regularly trims and offloads ...",www.benzinga.com,0.268309,Somewhat-Bullish,CVX,0.145145,0.021897,Neutral
2024-05-22 16:13:00,Hess  ( HES )  Faces Legal Hurdles Over Chevron Deal Disclosures,https://www.zacks.com/stock/news/2277487/hess-hes-faces-legal-hurdles-over-chevron-deal-disclosures,"Hess (HES) faces three lawsuits alleging inadequate disclosures in its proposed $53 billion sale to Chevron, potentially delaying the strategic merger aimed at Guyana's offshore oil fields.",www.zacks.com,0.084997,Neutral,CVX,0.318897,-0.024091,Neutral
2024-05-23 12:38:00,AppLovin and Day and Akamai have been highlighted as Zacks Bull and Bear of the Day,https://www.zacks.com/stock/news/2277724/applovin-and-day-and-akamai-have-been-highlighted-as-zacks-bull-and-bear-of-the-day,"Chicago, IL - May 23, 2024 - Zacks Equity Research shares AppLovin ( APP Quick QuoteAPP - ) , as the Bull of the Day and Akamai Technologies ( AKAM Quick QuoteAKAM - ) , asthe Bear of the Day.",www.zacks.com,0.264724,Somewhat-Bullish,CVX,0.127591,0.224342,Somewhat-Bullish
2024-05-23 12:48:00,3 Permian Explorers Poised to Gain as Oil Prices Stay High,https://www.zacks.com/stock/news/2277916/3-permian-explorers-poised-to-gain-as-oil-prices-stay-high,"Improving Permian production amid healthy oil prices raises the incentive to keep an eye on companies like ExxonMobil (XOM), Chevron (CVX) and Diamondback Energy (FANG).",www.zacks.com,0.333707,Somewhat-Bullish,CVX,0.184363,0.281276,Somewhat-Bullish
2024-05-24 01:15:57,"Trump's 'Policies-For-Money' Transaction With Big Oil Under Investigation By Senate Democrats: 'Cronyism And Corruption' - Occidental Petroleum  ( NYSE:OXY ) , Chevron  ( NYSE:CVX ) ",https://www.benzinga.com/news/24/05/38997165/trumps-policies-for-money-transaction-with-big-oil-under-investigation-by-senate-democrats-cronyism,The Senate Democrats have launched an investigation into claims that former President Donald Trump proposed a deal with leading oil and gas companies. The allegations suggest Trump offered to roll back environmental regulations in return for $1bn in campaign contributions.,www.benzinga.com,0.043535,Neutral,CVX,0.205807,0.101061,Neutral
2024-05-24 09:06:00,72% of Warren Buffett's $378 Billion Portfolio Is Invested in These 5 Stocks,https://www.fool.com/investing/2024/05/24/72-warren-buffett-portfolio-invested-in-5-stocks/,More than $272 billion of Berkshire Hathaway's $378 billion of invested assets can be traced back to five brand-name businesses.,www.fool.com,0.279759,Somewhat-Bullish,CVX,0.133841,0.047064,Neutral
2024-05-24 09:20:00,2 High-Yield Energy Stocks to Buy Hand Over Fist and 1 to Avoid,https://www.fool.com/investing/2024/05/24/2-high-yield-energy-stock-to-buy-hand-over-fist-an/,"A reliable dividend is what most investors want. These two provide just that while Devon Energy doesn't, by design.",www.fool.com,0.272083,Somewhat-Bullish,CVX,0.44622,0.491178,Bullish
2024-05-24 12:47:00,Greening the Black Gold: 3 Energy Stocks to Gain From CCS Projects,https://www.zacks.com/stock/news/2278585/greening-the-black-gold-3-energy-stocks-to-gain-from-ccs-projects,"Investors may keep an eye on three major energy companies, ExxonMobil (XOM), Chevron (CVX), and Shell (SHEL), all actively participating in CCS endeavors.",www.zacks.com,0.276494,Somewhat-Bullish,CVX,0.317869,0.36122,Bullish
2024-05-26 09:50:00,"Every Stock Warren Buffett Bought Over the Last 12 Months, Ranked From Best to Worst",https://www.fool.com/investing/2024/05/26/every-stock-warren-buffett-bought-over-the-last-12/,Some of Buffett's buys could be good picks for other investors now.,www.fool.com,0.17962,Somewhat-Bullish,CVX,0.210274,0.176586,Somewhat-Bullish
2024-05-27 09:21:00,"5 Magnificent Stocks Being Bought for Warren Buffett's $646 Million ""Secret"" Portfolio",https://www.fool.com/investing/2024/05/27/5-stocks-bought-warren-buffett-secret-portfolio/,Warren Buffett's secret portfolio contains 90 securities -- five of which are phenomenal businesses whose shares were purchased in the March-ended quarter.,www.fool.com,0.181999,Somewhat-Bullish,CVX,0.216135,0.084314,Neutral
2024-05-27 13:09:06,CVX: 3 High-Yield Energy Stocks for Smart Investors,https://stocknews.com/news/cvx-tte-bp-3-high-yield-energy-stocks-for-smart-investors/,"With the strong demand for oil and gas and tight supplies amid escalating geopolitical tensions and extended output cuts by OPEC+, the energy sector is thriving. Thus, investing in high-yield, fundamentally sound energy stocks Chevron Corporation ( CVX ) TotalEnergies SE ( TTE ) , and BP p.l.c ( ...",stocknews.com,0.253541,Somewhat-Bullish,CVX,0.309447,0.31572,Somewhat-Bullish
2024-05-28 10:20:07,Should You Invest in the Energy Select Sector SPDR ETF  ( XLE ) ?,https://www.zacks.com/stock/news/2279796/should-you-invest-in-the-energy-select-sector-spdr-etf-xle,Sector ETF report for ...,www.zacks.com,0.270538,Somewhat-Bullish,CVX,0.133841,0.071297,Neutral
2024-05-28 12:22:00,Permian Break-Even Costs Low: 3 Energy Stocks to Gain,https://www.zacks.com/stock/news/2279940/permian-break-even-costs-low-3-energy-stocks-to-gain,"It would be wise for investors to monitor three prominent energy companies operating in the Permian, like ExxonMobil (XOM), Chevron (CVX) and Diamondback (FANG).",www.zacks.com,0.410276,Bullish,CVX,0.168884,0.363318,Bullish
2024-05-28 12:26:00,"Chevron  ( CVX ) , Rhino Prepare for Offshore Drilling in Namibia",https://www.zacks.com/stock/news/2279944/chevron-cvx-rhino-prepare-for-offshore-drilling-in-namibia,"Chevron (CVX) and Rhino Resources plan offshore Namibia drilling by late 2024 or early 2025, sparking interest in the hydrocarbon-rich Orange Basin.",www.zacks.com,0.417159,Bullish,CVX,0.350564,0.440618,Bullish
2024-05-28 16:53:50,"Chevron, Rhino Prepare for Offshore Drilling in Namibia - Chevron  ( NYSE:CVX ) , Archrock  ( NYSE:AROC ) ",https://www.benzinga.com/news/24/05/39039170/chevron-rhino-prepare-for-offshore-drilling-in-namibia,"Chevron Corporation CVX, one of the world's leading integrated energy companies, and Rhino Resources, a prominent South Africa-based company, have submitted environmental documents for their wildcatting operations offshore Namibia.",www.benzinga.com,0.431625,Bullish,CVX,0.346884,0.441702,Bullish
2024-05-28 16:55:00,"Permian Break-Even Costs Low: 3 Energy Stocks to Gain - Chevron  ( NYSE:CVX ) , Diamondback Energy  ( NASDAQ:FANG ) ",https://www.benzinga.com/news/24/05/39039173/permian-break-even-costs-low-3-energy-stocks-to-gain,"With its low break-even costs and reliable regulatory framework, the Permian Basin presents an appealing opportunity for oil and gas investors seeking sustained growth and profitability over the long haul. The current favorable oil pricing environment further enhances the business outlook in the ...",www.benzinga.com,0.418854,Bullish,CVX,0.166551,0.413123,Bullish
2024-05-28 19:55:55,"WTI Crude Hits $80, Notches Best Day In Over 2 Months: 'Peak Oil Demand Still A Decade Away' - Canadian Natural Res  ( NYSE:CNQ ) , Calumet Specialty Prods  ( NASDAQ:CLMT ) ",https://www.benzinga.com/analyst-ratings/analyst-color/24/05/39046260/wti-crude-hits-80-notches-best-day-in-over-2-months-peak-oil-demand-still-a-decade-,"Oil prices had their strongest session in over two months Tuesday, with West Texas Intermediate ( WTI ) light crude climbing 2% to $80 a barrel, and Brent crude rising 1.7% to $84 a barrel. The surge in prices is attributed to the anticipation of increased demand with the start of the driving ...",www.benzinga.com,0.125192,Neutral,CVX,0.119235,0.124311,Neutral
2024-05-28 20:13:55,Stock Market Today: Nasdaq Nabs New High as Nvidia Stock Soars,https://www.kiplinger.com/investing/stocks/stock-market-today-nasdaq-nabs-new-high-as-nvidia-stock-soars,"Stocks were mixed to start the holiday-shortened week as investors looked ahead to this Friday's key inflation update. Despite the diverging price action, one of the three main benchmarks ended the day at a new record closing high. Specifically, the Nasdaq Composite rose 0.6% to 17,019, its ...",www.kiplinger.com,0.248267,Somewhat-Bullish,CVX,0.252987,0.256856,Somewhat-Bullish
2024-05-28 20:54:06,Hess Shareholders Approve $53 Billion Merger With Chevron - Hess  ( NYSE:HES ) ,https://www.benzinga.com/m-a/24/05/39047788/hess-shareholders-approve-53-billion-merger-with-chevron,"Hess Corp HES shares are moving after shareholders approved the proposed $53 billion merger with Chevron Corp CVX on Tuesday. The Details: The majority of Hess' 308 million shares outstanding voted in favor of the deal, clearing one hurdle toward the merger.",www.benzinga.com,0.412983,Bullish,CVX,0.830573,0.694064,Bullish
2024-05-29 07:38:00,"Company News for May 29, 2024",https://www.zacks.com/stock/news/2280321/company-news-for-may-29-2024,"Companies In The News Are: AAPL, GME, HES, CVX, AAL.",www.zacks.com,0.19449,Somewhat-Bullish,CVX,0.601928,0.486444,Bullish
2024-05-29 10:20:04,Should WisdomTree U.S. High Dividend ETF  ( DHS )  Be on Your Investing Radar?,https://www.zacks.com/stock/news/2280359/should-wisdomtree-us-high-dividend-etf-dhs-be-on-your-investing-radar,Style Box ETF report for ...,www.zacks.com,0.227065,Somewhat-Bullish,CVX,0.121959,0.068236,Neutral
2024-05-29 10:20:06,Should You Invest in the Vanguard Energy ETF  ( VDE ) ?,https://www.zacks.com/stock/news/2280352/should-you-invest-in-the-vanguard-energy-etf-vde,Sector ETF report for ...,www.zacks.com,0.263903,Somewhat-Bullish,CVX,0.135347,0.071708,Neutral
2024-05-29 11:47:00,ConocoPhillips Scooping Up Marathon Oil In $22.5 Billion Deal,https://www.investors.com/news/conocophillips-marathon-oil-22-billion-acquisition/,"ConocoPhillips ( COP ) announced Wednesday it has agreed to purchase Marathon Oil ( MRO ) in an all-stock transaction valued at $22.5 billion, including $5.4 billion in debt. Marathon Oil stock jumped early while COP shares angled lower.",www.investors.com,0.23077,Somewhat-Bullish,CVX,0.227007,0.305558,Somewhat-Bullish
2024-05-29 12:05:54,Top 10 highest-paying companies in Nigeria in 2024,https://africa.businessinsider.com/local/careers/top-10-highest-paying-companies-in-nigeria-in-2024/yyy64cc,"In the midst of this talent pool, compensation for skills varies widely in Nigeria. Salaries fluctuate significantly based on industry and job function. However, there are companies in Nigeria renowned for prioritizing fair and equitable compensation for their employees, according to Nexford.",africa.businessinsider.com,0.122642,Neutral,CVX,0.065866,-0.031221,Neutral
2024-05-29 12:28:00,3 Energy Companies With Rock-Solid Balance Sheet to Watch,https://www.zacks.com/stock/news/2280500/3-energy-companies-with-rock-solid-balance-sheet-to-watch,"EIA foresees no growth in GDP this year, with a projected downturn in the following year, consequently dampening energy demand. This highlights the need to keep an eye on XOM, CVX and COP.",www.zacks.com,0.315597,Somewhat-Bullish,CVX,0.396261,0.490639,Bullish
2024-05-29 13:00:17,Chevron Corporation  ( CVX )  Is a Trending Stock: Facts to Know Before Betting on It,https://www.zacks.com/stock/news/2280460/chevron-corporation-cvx-is-a-trending-stock-facts-to-know-before-betting-on-it,"Chevron (CVX) has been one of the stocks most watched by Zacks.com users lately. So, it is worth exploring what lies ahead for the stock.",www.zacks.com,0.233338,Somewhat-Bullish,CVX,0.523044,0.121889,Neutral
2024-05-29 13:45:00,Where Will Chevron Be in 1 Year?,https://www.fool.com/investing/2024/05/29/where-will-chevron-be-in-1-year/,"Chevron has lagged well behind peer Exxon so far in 2024. There's a reason for that, but don't think it changes the outlook for Chevron much.",www.fool.com,0.273917,Somewhat-Bullish,CVX,0.763308,0.367841,Bullish
2024-05-29 20:12:36,Stock Market Today: Dow Dives 411 Points as UnitedHealth Slumps,https://www.kiplinger.com/investing/stocks/stock-market-today-dow-dives-411-points-as-unitedhealth-slumps,"Stocks closed lower Wednesday as market participants took profits following a red-hot run higher. Indeed, the three main indexes are hovering near record highs and are poised to close out May with solid gains. At the close, the Nasdaq Composite was down 0.6% at 16,920 and the S&P 500 was off 0.7% ...",www.kiplinger.com,0.28291,Somewhat-Bullish,CVX,0.16849,0.194171,Somewhat-Bullish
2024-05-29 22:53:00,Big Oil Consolidation: Chevron Acquiring Hess - ConocoPhillips Acquiring Marathon Oil,https://www.zacks.com/commentary/2280914/big-oil-consolidation-chevron-acquiring-hess---conocophillips-acquiring-marathon-oil,Consolidation among the oil and energy sector continues as Chevron (CVX) will be acquiring Hess (HES) in a deal valued at $53 billion while ConocoPhillips (COP) is set to acquire Marathon Oil (MRO) for $22.5 billion when including debt.,www.zacks.com,0.28377,Somewhat-Bullish,CVX,0.434514,0.291462,Somewhat-Bullish
2024-05-30 09:45:00,3 Dividend Stocks to Double Up on Right Now,https://www.fool.com/investing/2024/05/30/3-dividend-stocks-to-double-up-on-right-now/,The stories for these great dividend stocks are better than many might think.,www.fool.com,0.149282,Neutral,CVX,0.31282,0.188529,Somewhat-Bullish
2024-05-30 09:47:00,This $22.5-Billion Oil Company Acquisition Could Pay Big Dividends for Investors,https://www.fool.com/investing/2024/05/30/this-225-billion-oil-stock-acquisition-could-pay-b/,The oil industry's merger wave continues.,www.fool.com,0.305385,Somewhat-Bullish,CVX,0.061159,0.093236,Neutral
2024-05-30 09:58:00,Marathon Oil  ( MRO )  Stocks Up 8.4% on Buyout Deal by Conoco,https://www.zacks.com/stock/news/2281085/marathon-oil-mro-stocks-up-84-on-buyout-deal-by-conoco,Shares of Marathon Oil (MRO) shoot up on the announcement of a $22.5 billion buyout deal by ConocoPhillips (COP).,www.zacks.com,0.20221,Somewhat-Bullish,CVX,0.19661,0.184559,Somewhat-Bullish
2024-05-30 12:56:00,3 Energy Companies With Rock-Solid Balance Sheet to Watch  ( Revised ) ,https://www.zacks.com/stock/news/2281385/3-energy-companies-with-rock-solid-balance-sheet-to-watch-revised,"EIA estimates the GDP growth rate to remain flat year over year in 2024 and decline in 2025, which may dampen energy demand. Hence, keep an eye on XOM, CVX, and COP with strong balance sheet.",www.zacks.com,0.331276,Somewhat-Bullish,CVX,0.381755,0.479888,Bullish
2024-05-30 18:56:00,"Top Analyst Reports for JPMorgan Chase, Chevron & Cisco",https://www.zacks.com/research-daily/2281439/top-analyst-reports-for-jpmorgan-chase-chevron-cisco,"Today's Research Daily features new research reports on 16 major stocks, including JPMorgan Chase & Co. (JPM), Chevron Corporation (CVX) and Cisco Systems, Inc. (CSCO), as well as two micro-cap stocks Atrion Corporation (ATRI) and The Eastern Company (EML).",www.zacks.com,0.261668,Somewhat-Bullish,CVX,0.055236,0.345008,Somewhat-Bullish
2024-05-31 09:06:00,Here Are All 6 Stocks Warren Buffett Is Selling,https://www.fool.com/investing/2024/05/31/here-are-all-6-stocks-warren-buffett-is-selling/,"The Oracle of Omaha and his leading investment aides, Todd Combs and Ted Weschler, sent numerous brand-name companies to the chopping block in the March-ended quarter.",www.fool.com,0.110755,Neutral,CVX,0.162802,-0.011619,Neutral
2024-05-31 12:35:00,Chevron  ( CVX )  Nears Deal With Sonatrach to Boost Gas Output,https://www.zacks.com/stock/news/2281938/chevron-cvx-nears-deal-with-sonatrach-to-boost-gas-output,Chevron (CVX) and Sonatrach are set to finalize a deal to enhance Algeria's natural gas output. This partnership aims to diversify Europe's gas supply amid geopolitical shifts.,www.zacks.com,0.51488,Bullish,CVX,0.326129,0.538826,Bullish
2024-05-31 12:56:00,4 Integrated Energy Stocks to Gain From Solid Industry Trends,https://www.zacks.com/commentary/2281949/4-integrated-energy-stocks-to-gain-from-solid-industry-trends,"From upstream activities to midstream, prospects for companies are rosy now, enhancing the outlook for the Zacks Oil and Gas Integrated International industry. XOM, CVX, BP & VIST will make the most of the favorable business scenario.",www.zacks.com,0.337869,Somewhat-Bullish,CVX,0.115232,0.189029,Somewhat-Bullish
2024-05-31 13:54:00,Hess  ( HES )  Shareholders Approve Chevron Deal Amid Arbitration,https://www.zacks.com/stock/news/2282104/hess-hes-shareholders-approve-chevron-deal-amid-arbitration,Hess (HES) shareholders approve a $53 billion merger with Chevron despite the ongoing legal dispute over Guyana's Stabroek block assets.,www.zacks.com,0.287659,Somewhat-Bullish,CVX,0.487751,0.203707,Somewhat-Bullish
2024-05-31 14:45:00,"The Zacks Analyst Blog Highlights JPMorganChase, Chevron, Cisco Systems, Atrion and The Eastern",https://www.zacks.com/stock/news/2282250/the-zacks-analyst-blog-highlights-jpmorganchase-chevron-cisco-systems-atrion-and-the-eastern,"JPMorganChase, Chevron, Cisco Systems, Atrion and The Eastern are part of the Zacks top Analyst Blog.",www.zacks.com,0.23705,Somewhat-Bullish,CVX,0.180124,0.18322,Somewhat-Bullish
2024-06-02 08:47:00,2 Warren Buffett Stocks to Buy Hand Over Fist in June,https://www.fool.com/investing/2024/06/02/2-warren-buffett-stocks-to-buy-hand-over-fist-in-j/,These top Buffett stocks have upcoming catalysts that could boost their growth.,www.fool.com,0.288121,Somewhat-Bullish,CVX,0.42944,0.32614,Somewhat-Bullish
2024-06-02 08:50:00,This Vanguard ETF Looks Like a No-Brainer Buy Right Now,https://www.fool.com/investing/2024/06/02/this-vanguard-etf-looks-like-a-no-brainer-buy-now/,There are some compelling reasons to buy this ETF sooner rather than later.,www.fool.com,0.326292,Somewhat-Bullish,CVX,0.063933,0.194313,Somewhat-Bullish
2024-06-03 09:06:00,3 Warren Buffett Stocks That Are Screaming Buys in June  ( and Beyond ) ,https://www.fool.com/investing/2024/06/03/3-warren-buffett-stocks-are-screaming-buys-in-june/,The Oracle of Omaha oversees 44 stocks in a $375 billion portfolio for Berkshire Hathaway. Three of these stocks are extraordinary values right now.,www.fool.com,0.131473,Neutral,CVX,0.235252,0.108562,Neutral
2024-06-03 11:33:00,Chevron's  ( CVX )  Gorgon LNG Plant Restarts Full Operations,https://www.zacks.com/stock/news/2282497/chevrons-cvx-gorgon-lng-plant-restarts-full-operations,Chevron Corporation's (CVX) subsidiary Chevron Australia brings back full production at the Gorgon liquefied natural gas (LNG) terminal after a month-long outage in Western Australia.,www.zacks.com,0.271326,Somewhat-Bullish,CVX,0.299935,0.166551,Somewhat-Bullish
2024-06-03 12:56:00,"Zacks Industry Outlook Highlights Exxon Mobil, Chevron, BP and Vista Energy",https://www.zacks.com/stock/news/2282739/zacks-industry-outlook-highlights-exxon-mobil-chevron-bp-and-vista-energy,"Exxon Mobil, Chevron, BP and Vista Energy are part of the Zacks Industry Outlook article.",www.zacks.com,0.344199,Somewhat-Bullish,CVX,0.175094,0.208314,Somewhat-Bullish
2024-06-03 14:18:00,Oceaneering  ( OII )  Tests AUV for Subsea Pipeline Inspection,https://www.zacks.com/stock/news/2282817/oceaneering-oii-tests-auv-for-subsea-pipeline-inspection,Oceaneering (OII) and TotalEnergies join forces to revolutionize subsea pipeline inspection with Freedom AUV. It cuts inspection time and emissions by 50%.,www.zacks.com,0.606589,Bullish,CVX,0.144853,0.28658,Somewhat-Bullish
2024-06-03 14:45:00,Dow Jones Falls As Fed Official Says This But Nasdaq Leads; GameStop Soars Amid Roaring Kitty Bet,https://www.investors.com/market-trend/stock-market-today/dow-jones-nasdaq-sp500-fed-official-neel-kashkari-gamestop-roaring-kitty-bet/,Dow Jones Falls As Fed Official Says This But Nasdaq Leads. GameStop Soars Amid Roaring Kitty Bet Investor's Business Daily ...,www.investors.com,0.132595,Neutral,CVX,0.078482,-0.201461,Somewhat-Bearish
2024-06-03 16:18:23,"Chevron's Gorgon LNG Plant Restarts Full Operations - Chevron  ( NYSE:CVX ) , Archrock  ( NYSE:AROC ) ",https://www.benzinga.com/news/24/06/39136172/chevrons-gorgon-lng-plant-restarts-full-operations,Chevron Corporation's CVX subsidiary Chevron Australia successfully restored full production at Gorgon liquefied natural gas export terminal in Western Australia after a month-long outage.,www.benzinga.com,0.282901,Somewhat-Bullish,CVX,0.297661,0.172435,Somewhat-Bullish
2024-06-03 19:29:43,"Oceaneering Tests AUV for Subsea Pipeline Inspection - Equinor  ( NYSE:EQNR ) , Chevron  ( NYSE:CVX ) ",https://www.benzinga.com/news/24/06/39140316/oceaneering-tests-auv-for-subsea-pipeline-inspection,"Oceaneering International, Inc. OII and TotalEnergies SE TTE, a France-based integrated oil and gas company, joined forces to unveil a revolutionary advancement in pipeline inspection technology - the Freedom Autonomous Underwater Vehicle ( ""AUV"" ) .",www.benzinga.com,0.611843,Bullish,CVX,0.1437,0.312431,Somewhat-Bullish
2024-06-03 19:30:49,Market Whales and Their Recent Bets on CVX Options - Chevron  ( NYSE:CVX ) ,https://www.benzinga.com/insights/options/24/06/39145126/market-whales-and-their-recent-bets-on-cvx-options,"Investors with a lot of money to spend have taken a bullish stance on Chevron CVX. We noticed this today when the trades showed up on publicly available options history that we track here at Benzinga. Whether these are institutions or just wealthy individuals, we don't know.",www.benzinga.com,0.224785,Somewhat-Bullish,CVX,0.696068,0.365813,Bullish
2024-06-04 12:15:00,Can Berkshire Hathaway Stock Keep Outpacing the S&P 500?,https://www.fool.com/investing/2024/06/04/can-berkshire-hathaway-stock-keep-outpacing-the-sp/,Warren Buffett's holding company has been outpacing the S&P 500 in 2024.,www.fool.com,0.225878,Somewhat-Bullish,CVX,0.075397,0.0,Neutral
2024-06-04 13:07:00,Big Oil's M&A Splurge: Will the Buying Frenzy Continue?,https://www.zacks.com/stock/news/2283362/big-oils-ma-splurge-will-the-buying-frenzy-continue,"Big Oil companies like ExxonMobil, Chevron and ConocoPhillips are using mergers and acquisitions to consolidate their future in a volatile and evolving market.",www.zacks.com,0.327023,Somewhat-Bullish,CVX,0.202366,0.205988,Somewhat-Bullish
2024-06-04 21:45:22,Chevron  ( CVX )  Stock Declines While Market Improves: Some Information for Investors,https://www.zacks.com/stock/news/2283617/chevron-cvx-stock-declines-while-market-improves-some-information-for-investors,"Chevron (CVX) reachead $156.13 at the closing of the latest trading day, reflecting a -0.84% change compared to its last close.",www.zacks.com,0.215378,Somewhat-Bullish,CVX,0.658245,0.382226,Bullish
2024-06-05 10:20:07,Should You Invest in the iShares U.S. Energy ETF  ( IYE ) ?,https://www.zacks.com/stock/news/2283695/should-you-invest-in-the-ishares-us-energy-etf-iye,Sector ETF report for ...,www.zacks.com,0.275572,Somewhat-Bullish,CVX,0.136499,0.072027,Neutral
2024-06-05 12:14:00,Watch These 3 Large-Cap Energy Stocks for Attractive Yields,https://www.zacks.com/stock/news/2283848/watch-these-3-large-cap-energy-stocks-for-attractive-yields,"Large-cap stocks The Williams Companies (WMB), Chevron (CVX) and Canadian Natural Resources (CNQ) present an opportunity for long-term stability and reliable returns in the energy space.",www.zacks.com,0.273537,Somewhat-Bullish,CVX,0.407844,0.358633,Bullish
2024-06-05 13:15:00,TotalEnergies  ( TTE )  Wins Two Contracts to Deliver LNG to Asia,https://www.zacks.com/stock/news/2284025/totalenergies-tte-wins-two-contracts-to-deliver-lng-to-asia,TotalEnergies (TTE) further expands its LNG operation in Asia with two new supply contracts. It is well poised to benefit from rising LNG demand in Asia.,www.zacks.com,0.39063,Bullish,CVX,0.158519,0.336269,Somewhat-Bullish
2024-06-06 10:28:00,Occidental Petroleum and Berkshire Hathaway are Teaming Up to Help Solve a Huge Problem,https://www.fool.com/investing/2024/06/06/occidental-petroleum-and-berkshire-hathaway-are-te/,The world will need a lot more lithium in the future.,www.fool.com,0.186288,Somewhat-Bullish,CVX,0.199447,0.041092,Neutral
2024-06-06 11:56:00,TotalEnergies  ( TTE )  Inks Deal for U.K. Gas-Fired Power Plant,https://www.zacks.com/stock/news/2284483/totalenergies-tte-inks-deal-for-uk-gas-fired-power-plant,TotalEnergies (TTE) signs an agreement to acquire West Burton B gas-fired power plant. TTE is expected to further expand its clean electricity generation capacity with the deal.,www.zacks.com,0.318474,Somewhat-Bullish,CVX,0.173749,0.12369,Neutral
2024-06-06 13:30:10,Chevron  ( CVX )  Is Considered a Good Investment by Brokers: Is That True?,https://www.zacks.com/stock/news/2284586/chevron-cvx-is-considered-a-good-investment-by-brokers-is-that-true,"According to the average brokerage recommendation (ABR), one should invest in Chevron (CVX). It is debatable whether this highly sought-after metric is effective because Wall Street analysts' recommendations tend to be overly optimistic. Would it be worth investing in the stock?",www.zacks.com,0.284746,Somewhat-Bullish,CVX,0.363768,0.202978,Somewhat-Bullish
2024-06-06 13:41:00,Chevron  ( CVX )  Extends Shelf Drilling Contract Till 2026,https://www.zacks.com/stock/news/2284748/chevron-cvx-extends-shelf-drilling-contract-till-2026,Chevron's (CVX) Angola subsidiary Cabinda Gulf Oil Company to keep the Shelf Drilling Tenacious jack-up rig under contract till February 2026 for drilling operations offshore West Africa.,www.zacks.com,0.266546,Somewhat-Bullish,CVX,0.350564,0.233956,Somewhat-Bullish
2024-06-06 18:46:48,Chevron Unusual Options Activity - Chevron  ( NYSE:CVX ) ,https://www.benzinga.com/insights/options/24/06/39214015/chevron-unusual-options-activity,"Deep-pocketed investors have adopted a bullish approach towards Chevron CVX, and it's something market players shouldn't ignore. Our tracking of public options records at Benzinga unveiled this significant move today.",www.benzinga.com,0.271815,Somewhat-Bullish,CVX,0.647003,0.411345,Bullish
2024-06-06 20:08:00,2024: A Pivotal Year For Hydrogen?,https://www.investors.com/news/hydrogen-energy-2024-outlook/,Hydrogen Energy: What Will It Take To Be A Viable Clean Energy Source? These Industry Experts Weigh In Investor's Business Daily ...,www.investors.com,0.258685,Somewhat-Bullish,CVX,0.173958,0.229008,Somewhat-Bullish
2024-06-07 09:50:00,Billionaire Ken Griffin Goes Bargain Hunting: 3 Stocks He Just Bought,https://www.fool.com/investing/2024/06/07/billionaire-ken-griffin-bargain-hunting-stocks/,Are the stocks the billionaire investor has been buying still good picks?,www.fool.com,0.265859,Somewhat-Bullish,CVX,0.128135,0.157728,Somewhat-Bullish
2024-06-07 11:49:00,Why It Makes Sense to Hold Chevron  ( CVX )  in Your Portfolio,https://www.zacks.com/stock/news/2285161/why-it-makes-sense-to-hold-chevron-cvx-in-your-portfolio,"Chevron's (CVX) long-term projects and investments in the oil and gas sector are designed to yield benefits over years or even decades, not quarters.",www.zacks.com,0.22155,Somewhat-Bullish,CVX,0.443626,0.164227,Somewhat-Bullish
2024-06-07 13:07:00,Chevron's  ( CVX )  Rig-to-Reef Strategy Receives Green Backlash,https://www.zacks.com/stock/news/2285370/chevrons-cvx-rig-to-reef-strategy-receives-green-backlash,"Chevron (CVX) plans to decommission its nine oil and gas platforms off the Pilbara Coast by creating artificial reefs out of the eight set-ups, and removing and recycling the ninth one.",www.zacks.com,0.009626,Neutral,CVX,0.507601,-0.090437,Neutral
2024-06-08 18:14:34,XOM: Exxon Mobil  ( XOM )  vs. Chevron  ( CVX )  - Analyzing Long-Term Value in 2024 and Beyond,https://stocknews.com/news/xom-cvx-pxd-exxon-mobil-xom-vs-chevron-cvx-analyzing-long-term-value/,"The global energy market is presently shaped by geopolitical tensions, technological advancements, and evolving environmental policies, resulting in price volatility.",stocknews.com,0.168734,Somewhat-Bullish,CVX,0.322693,0.272804,Somewhat-Bullish
2024-06-09 09:04:00,3 Energy Stocks to Buy Hand Over Fist in June,https://www.fool.com/investing/2024/06/09/3-energy-stocks-to-buy-hand-over-fist-in-june/,"If you are looking for an energy stock in June, you can find good options across a broad spectrum of oil exposures.",www.fool.com,0.246026,Somewhat-Bullish,CVX,0.460452,0.247178,Somewhat-Bullish
2024-06-10 13:00:16,Chevron Corporation  ( CVX )  is Attracting Investor Attention: Here is What You Should Know,https://www.zacks.com/stock/news/2285837/chevron-corporation-cvx-is-attracting-investor-attention-here-is-what-you-should-know,"Zacks.com users have recently been watching Chevron (CVX) quite a bit. Thus, it is worth knowing the facts that could determine the stock's prospects.",www.zacks.com,0.231107,Somewhat-Bullish,CVX,0.527831,0.122566,Neutral
2024-06-10 14:15:00,Bitcoin vs. Buffett: BTC holders' 104% CAGR dwarfs 'steady growth' portfolio,https://cointelegraph.com/news/bitcoin-vs-buffett-btc-holders-104-cagr-steady-growth-portfolio,"Since its trading debut in 2011, Bitcoin has delivered an impressive average annual return of approximately 104%, surpassing the returns of Warren Buffett's portfolio and U.S. stock markets.",cointelegraph.com,0.002448,Neutral,CVX,0.08183,0.065062,Neutral
2024-06-10 15:45:10,Are You Looking for a High-Growth Dividend Stock?,https://www.zacks.com/stock/news/2286158/are-you-looking-for-a-high-growth-dividend-stock,"Dividends are one of the best benefits to being a shareholder, but finding a great dividend stock is no easy task. Does Chevron (CVX) have what it takes? Let's find out.",www.zacks.com,0.392878,Bullish,CVX,0.442082,0.461237,Bullish
2024-06-10 21:45:19,Why Chevron  ( CVX )  Outpaced the Stock Market Today,https://www.zacks.com/stock/news/2286282/why-chevron-cvx-outpaced-the-stock-market-today,"In the latest trading session, Chevron (CVX) closed at $156.74, marking a +0.42% move from the previous day.",www.zacks.com,0.214975,Somewhat-Bullish,CVX,0.47379,0.337353,Somewhat-Bullish
2024-06-11 08:41:00,Time to Pounce: 2 High-Yielding Dow Stocks That Are Begging to Be Bought Right Now,https://www.fool.com/investing/2024/06/11/time-to-pounce-2-high-yield-dow-stocks-to-buy-now/,Among the Dow's 30 components are two high-octane income stocks that have increased their respective payouts for 37 and 62 consecutive years.,www.fool.com,0.183936,Somewhat-Bullish,CVX,0.288893,0.073913,Neutral
2024-06-11 10:00:00,Why oil companies are raking in record profits under Joe Biden | Business,https://www.cnn.com/2024/06/11/economy/oil-industry-profits-under-biden/index.html,Why oil companies are raking in record profits under Joe ...,www.cnn.com,0.225105,Somewhat-Bullish,CVX,0.186738,0.129273,Neutral
2024-06-11 10:20:05,Is WisdomTree U.S. High Dividend ETF  ( DHS )  a Strong ETF Right Now?,https://www.zacks.com/stock/news/2286400/is-wisdomtree-us-high-dividend-etf-dhs-a-strong-etf-right-now,Smart Beta ETF report for ...,www.zacks.com,0.286446,Somewhat-Bullish,CVX,0.113062,0.059546,Neutral
2024-06-11 13:55:13,Golden State Goes After Oil Giants: Lawsuit Targets Profits From Misleading On Climate Change - Exxon Mobil  ( NYSE:XOM ) ,https://www.benzinga.com/markets/equities/24/06/39271732/golden-state-goes-after-oil-giants-lawsuit-targets-profits-from-misleading-on-climate-change,"On Monday, California Attorney General Rob Bonta filed an amended complaint targeting major fossil fuel companies like Exxon Mobil Corporation XOM, Chevron Corporation CVX, Shell plc SHEL, BP p.l.c. BP, ConocoPhillips COP, and the American Petroleum Institute ( API ) .",www.benzinga.com,-0.124961,Neutral,CVX,0.202366,-0.231844,Somewhat-Bearish
2024-06-12 10:17:00,Chevron  ( CVX )  Suspends Wheatstone LNG Project for Repairs,https://www.zacks.com/stock/news/2287054/chevron-cvx-suspends-wheatstone-lng-project-for-repairs,"Chevron's (CVX) Wheatstone LNG project in Australia halts due to fuel system repairs, affecting LNG and domestic gas supply and raising concerns about long-term reliability.",www.zacks.com,0.171991,Somewhat-Bullish,CVX,0.30276,0.170666,Somewhat-Bullish
2024-06-12 12:37:00,Should You Buy the 3 Highest-Paying Dividend Stocks in the Dow Jones?,https://www.fool.com/investing/2024/06/12/should-you-buy-the-top-3-dogs-of-the-dow/,Find out if the top dividend payers in the Dow are the right choice for your portfolio today.,www.fool.com,0.200018,Somewhat-Bullish,CVX,0.17741,0.119229,Neutral
2024-06-13 08:58:00,Is Occidental Petroleum the Best Dividend Stock for You?,https://www.fool.com/investing/2024/06/13/is-occidental-petroleum-the-best-dividend-stock-fo/,Looking at Occidental Petroleum as a way to invest in oil while also collecting a dividend check? You'll want to look at this alternative.,www.fool.com,0.162893,Somewhat-Bullish,CVX,0.588876,0.317149,Somewhat-Bullish
2024-06-13 11:45:00,3 Blue Chip Dividend Stocks to Buy Hand Over Fist in June,https://www.fool.com/investing/2024/06/13/3-blue-chip-dividend-stocks-to-buy-hand-over-fist/,Softening market conditions have these dividend stocks sitting at attractive levels.,www.fool.com,0.171959,Somewhat-Bullish,CVX,0.246832,0.081297,Neutral
2024-06-13 12:36:59,Chevron Expects Wheatstone Platform LNG Production To Resume In Coming Weeks: Report - Chevron  ( NYSE:CVX ) ,https://www.benzinga.com/markets/equities/24/06/39310649/chevron-expects-wheatstone-platform-lng-production-to-resume-in-coming-weeks-report,"Chevron Corporation CVX has reportedly started repair operations on its Wheatstone platform in Australia, and the company expects the work to conclude in the coming weeks.",www.benzinga.com,0.269475,Somewhat-Bullish,CVX,0.618922,0.320341,Somewhat-Bullish
2024-06-13 13:40:36,Best Dividend Stocks To Invest In June 2024? 2 For Your List,https://stockmarket.com/featured/best-dividend-stocks-to-invest-in-june-2024-2-for-your-list-2024-06-13,"Dividend investing in the stock market is a strategy that focuses on buying stocks that pay dividends. Dividends are portions of a company's earnings given to shareholders, usually quarterly. These stocks appeal to investors seeking a steady income stream from their portfolios.",stockmarket.com,0.264083,Somewhat-Bullish,CVX,0.488337,0.493102,Bullish
2024-06-13 15:23:14,"Big Oil Battles Biden: Chevron, Exxon Challenge EV Emission Rules - Chevron  ( NYSE:CVX ) , Exxon Mobil  ( NYSE:XOM ) ",https://www.benzinga.com/markets/equities/24/06/39315591/big-oil-battles-biden-chevron-exxon-challenge-ev-emission-rules,"The nation's largest oil companies, Chevron Corporation CVX and Exxon Mobil Corporation XOM, reportedly plan to file a federal lawsuit on Thursday to oppose the Biden administration's efforts to cut emissions from cars and light trucks and promote electric vehicle manufacturing.",www.benzinga.com,0.055732,Neutral,CVX,0.188928,-0.123613,Neutral
2024-06-13 23:27:00,Cheap Energy Stocks: Values or Traps?,https://www.zacks.com/stock/news/2288176/cheap-energy-stocks-values-or-traps,Energy stocks have sold off again. Buffett is buying more. Should you?,www.zacks.com,0.182514,Somewhat-Bullish,CVX,0.445848,0.152573,Somewhat-Bullish
2024-06-14 13:02:00,3 Energy Stocks to Gain From Seismic Imaging Technologies,https://www.zacks.com/stock/news/2288508/3-energy-stocks-to-gain-from-seismic-imaging-technologies,"Embracing seismic imaging innovations equips oil & gas firms to sustain competitiveness & mitigate operational uncertainties. ExxonMobil (XOM), Chevron (CVX) and BP are thus well poised to gain.",www.zacks.com,0.521699,Bullish,CVX,0.15347,0.197189,Somewhat-Bullish
2024-06-14 20:15:45,Looking At Chevron's Recent Unusual Options Activity - Chevron  ( NYSE:CVX ) ,https://www.benzinga.com/insights/options/24/06/39341084/looking-at-chevrons-recent-unusual-options-activity,"Deep-pocketed investors have adopted a bearish approach towards Chevron CVX, and it's something market players shouldn't ignore. Our tracking of public options records at Benzinga unveiled this significant move today.",www.benzinga.com,0.223433,Somewhat-Bullish,CVX,0.675573,0.38895,Bullish
2024-06-15 08:00:00,2 Magnificent S&P 500 Dividend Stocks Down 19% to 22% to Buy and Hold Forever,https://www.fool.com/investing/2024/06/15/magnificent-sp-500-dividend-stocks-down-19-22-buy/,"These S&P 500 dividend stocks are no-brainer buys right now, given their dividend growth potential.",www.fool.com,0.243985,Somewhat-Bullish,CVX,0.523995,0.152409,Somewhat-Bullish
2024-06-16 10:15:00,"Instead of Buying the Dip on Boeing, Consider These 3 Dow Dividend Stocks",https://www.fool.com/investing/2024/06/16/instead-buy-dip-boeing-dow-dividend-stocks/,These blue chip dividend stocks are a great value in today's high-flying stock market.,www.fool.com,0.353955,Bullish,CVX,0.288408,0.471636,Bullish
2024-06-17 11:11:00,PDD Holdings and Kohl's have been highlighted as Zacks Bull and Bear of the Day,https://www.zacks.com/stock/news/2288943/pdd-holdings-and-kohls-have-been-highlighted-as-zacks-bull-and-bear-of-the-day,PDD Holdings and Kohl's are part of the Zacks Bull and Bear of the Day article.,www.zacks.com,0.315848,Somewhat-Bullish,CVX,0.084722,0.120036,Neutral
2024-06-17 11:25:00,"Zacks Value Trader Highlights: Diamondback Energy, EOG Resources, SLB, Exxon Mobil and Chevron",https://www.zacks.com/stock/news/2288948/zacks-value-trader-highlights-diamondback-energy-eog-resources-slb-exxon-mobil-and-chevron,"Diamondback Energy, EOG Resources, SLB, Exxon Mobil and Chevron are part of the Zacks Value Trader blog.",www.zacks.com,0.260986,Somewhat-Bullish,CVX,0.326746,0.122159,Neutral
2024-06-17 12:14:00,Chevron  ( CVX )  Begins Critical Repairs on Wheatstone Platform,https://www.zacks.com/stock/news/2289056/chevron-cvx-begins-critical-repairs-on-wheatstone-platform,"Chevron (CVX) starts repairs on Australia's Wheatstone platform, expecting completion in the coming weeks, to resume liquefied natural gas and domestic gas production.",www.zacks.com,0.420733,Bullish,CVX,0.316555,0.418455,Bullish
2024-06-17 16:58:44,"PDD Holdings and Kohl's Have Been Highlighted as Zacks Bull and Bear of the Day - Chevron  ( NYSE:CVX ) , BP  ( NYSE:BP ) ",https://www.benzinga.com/news/earnings/24/06/39355325/pdd-holdings-and-kohls-have-been-highlighted-as-zacks-bull-and-bear-of-the-day,"Chicago, IL - June 17, 2024 - Zacks Equity Research shares PDD Holdings PDD as the Bull of the Day and Kohl's KSS as the Bear of the Day. In addition, Zacks Equity Research provides analysis on Exxon Mobil Corp. XOM, Chevron Corp. CVX and BP plc BP.",www.benzinga.com,0.318505,Somewhat-Bullish,CVX,0.086245,0.135915,Neutral
2024-06-17 21:45:21,Chevron  ( CVX )  Ascends But Remains Behind Market: Some Facts to Note,https://www.zacks.com/stock/news/2289433/chevron-cvx-ascends-but-remains-behind-market-some-facts-to-note,"Chevron (CVX) closed the most recent trading day at $153.19, moving +0.41% from the previous trading session.",www.zacks.com,0.221886,Somewhat-Bullish,CVX,0.636698,0.414328,Bullish
2024-06-18 11:45:00,"Chevron  ( CVX ) , Sonatrach Ink MOU for Hydrocarbon Exploration",https://www.zacks.com/stock/news/2289638/chevron-cvx-sonatrach-ink-mou-for-hydrocarbon-exploration,"Chevron (CVX) partners with Sonatrach to develop hydrocarbon resources in Algeria's Ahnet and Berkine basins, emphasizing sustainability and operational efficiency.",www.zacks.com,0.529539,Bullish,CVX,0.332403,0.536518,Bullish
2024-06-18 17:21:00,ONEOK  ( OKE )  Acquires Easton's NGL Pipeline System for $280M,https://www.zacks.com/stock/news/2290052/oneok-oke-acquires-eastons-ngl-pipeline-system-for-280m,ONEOK (OKE) completes the acquisition of a system of natural gas liquids. This strategic acquisition provides immediate earnings and expands the company's natural gas liquids asset portfolio.,www.zacks.com,0.236987,Somewhat-Bullish,CVX,0.227007,0.095956,Neutral
2024-06-19 10:20:03,Should iShares Core High Dividend ETF  ( HDV )  Be on Your Investing Radar?,https://www.zacks.com/stock/news/2290198/should-ishares-core-high-dividend-etf-hdv-be-on-your-investing-radar,Style Box ETF report for ...,www.zacks.com,0.251284,Somewhat-Bullish,CVX,0.122581,0.068387,Neutral
2024-06-19 19:37:32,Occidental Shares Have Been Flat In 2024 But Warren Buffett Just Keeps Buying,https://www.forbes.com/sites/gauravsharma/2024/06/19/occidental-shares-have-been-flat-in-2024-but-warren-buffett-just-keeps-buying/,"If you had bought shares in Occidental Petroleum ( NYSE: OXY ) in June last year, the company's share price was lurking just south of the $60 mark at around $57. Twelve months down the road, the price is currently just north of $60 at around $61.",www.forbes.com,0.145551,Neutral,CVX,0.144275,0.0789,Neutral
2024-06-20 10:40:00,"Chevron  ( CVX ) , PDVSA Seek 15-Year Extension for Oil Venture",https://www.zacks.com/stock/news/2290693/chevron-cvx-pdvsa-seek-15-year-extension-for-oil-venture,"Chevron (CVX) and Venezuela's company, PDVSA, seek a 15-year extension for Petropiar joint venture in Venezuela, aiming to boost oil production.",www.zacks.com,0.377159,Bullish,CVX,0.412707,0.469532,Bullish
2024-06-20 17:46:21,Decoding Chevron's Options Activity: What's the Big Picture? - Chevron  ( NYSE:CVX ) ,https://www.benzinga.com/insights/options/24/06/39419027/decoding-chevrons-options-activity-whats-the-big-picture,"Whales with a lot of money to spend have taken a noticeably bearish stance on Chevron. Looking at options history for Chevron CVX we detected 8 trades. If we consider the specifics of each trade, it is accurate to state that 0% of the investors opened trades with bullish expectations and 75% ...",www.benzinga.com,0.230336,Somewhat-Bullish,CVX,0.589793,0.347279,Somewhat-Bullish
2024-06-21 09:06:00,Warren Buffett Has Bought Shares of This Stock for 23 Consecutive Quarters -- and It's Not Chevron or Occidental Petroleum,https://www.fool.com/investing/2024/06/21/warren-buffett-bought-shares-23-straight-quarters/,"The ""Oracle of Omaha"" has purchased more than $77 billion worth of his favorite stock since July 2018.",www.fool.com,0.256039,Somewhat-Bullish,CVX,0.149889,0.025346,Neutral
2024-06-21 11:12:00,Offshore Drilling Consolidation Is Underway But Will Oil Prices Cooperate For The Deepsea Bet?,https://www.investors.com/research/industry-snapshot/oil-prices-offshore-drilling-consolidation-underway/,"Oil Prices Still To Weak To Fuel Long-Term Offshore Drilling Demand. Meanwhile, Consolidation. Investor's Business Daily ...",www.investors.com,0.129802,Neutral,CVX,0.063933,0.013129,Neutral
2024-06-21 12:51:26,"Chevron, Adobe, FLEX LNG And A Video Game Publisher: CNBC's 'Final Trades' - Chevron  ( NYSE:CVX ) ",https://www.benzinga.com/trading-ideas/long-ideas/24/06/39431748/chevron-adobe-flex-lng-and-a-video-game-publisher-cnbcs-final-trades,"On CNBC's ""Halftime Report Final Trades,"" DCLA managing partner Sarat Sethi said he likes dividend and cash flow of Chevron Corporation CVX.",www.benzinga.com,0.185253,Somewhat-Bullish,CVX,0.502207,0.093871,Neutral
2024-06-21 13:00:16,Investors Heavily Search Chevron Corporation  ( CVX ) : Here is What You Need to Know,https://www.zacks.com/stock/news/2291352/investors-heavily-search-chevron-corporation-cvx-here-is-what-you-need-to-know,"Chevron (CVX) has been one of the stocks most watched by Zacks.com users lately. So, it is worth exploring what lies ahead for the stock.",www.zacks.com,0.199831,Somewhat-Bullish,CVX,0.523995,0.109498,Neutral
2024-06-21 13:44:29,"Hess-Chevron Merger Hits Snag As Arbitration Delays Put Timeline In Doubt: Report - Chevron  ( NYSE:CVX ) , Hess  ( NYSE:HES ) ",https://www.benzinga.com/markets/equities/24/06/39432966/hess-chevron-merger-hits-snag-as-arbitration-delays-put-timeline-in-doubt-report,"The merger of Hess Corporation HES and Chevron Corporation CVX is reportedly stalled as the contract arbitration panel remains incomplete three months after the case was filed. This delay is stalling the decision on whether Exxon Mobil has a right of first refusal over Hess' Guyana operations, ...",www.benzinga.com,0.09053,Neutral,CVX,0.544495,0.214884,Somewhat-Bullish
2024-06-21 14:07:00,ExxonMobil's  ( XOM )  Right of Refusal Halts Chevron-Hess Deal,https://www.zacks.com/stock/news/2291606/exxonmobils-xom-right-of-refusal-halts-chevron-hess-deal,The delay stalls a decision on whether ExxonMobil (XOM) has a right of first refusal over Hess' lucrative Guyana operations.,www.zacks.com,0.091918,Neutral,CVX,0.158,0.023172,Neutral
2024-06-21 18:00:00,"Lubricants Market size is set to grow by USD 23.8 billion from 2024-2028, Increasing demand for lubricants from end ... - PR Newswire",https://www.prnewswire.com/news-releases/lubricants-market-size-is-set-to-grow-by-usd-23-8-billion-from-2024-2028--increasing-demand-for-lubricants-from-end-user-industries-to-boost-the-market-growth-technavio-302177861.html,"Lubricants Market size is set to grow by USD 23.8 billion from 2024-2028, Increasing demand for lubricants from end ... PR ...",www.prnewswire.com,0.174776,Somewhat-Bullish,CVX,0.029691,0.009365,Neutral
2024-06-22 08:32:00,"Want $2,000 in Passive Income? Invest $15,000 in These 5 Dividend Stocks and Wait 4 Years",https://www.fool.com/investing/2024/06/22/want-2000-in-passive-income-invest-15000-in-these/,Investing in equal parts of these five dividend stocks produces a dividend yield of 3.7%.,www.fool.com,0.244045,Somewhat-Bullish,CVX,0.275867,0.236585,Somewhat-Bullish
2024-06-24 09:21:00,Warren Buffett Can't Stop Buying Shares of Occidental Petroleum -- and It's Probably Not for the Reason You Think,https://www.fool.com/investing/2024/06/24/warren-buffett-buying-occidental-real-reason-why/,An investment made five years ago is likely looming large for the Oracle of Omaha.,www.fool.com,0.133607,Neutral,CVX,0.18223,0.110293,Neutral
2024-06-24 10:21:00,Oil Is Volatile; Here Are 3 Dividend Stocks That Protect You From That Volatility,https://www.fool.com/investing/2024/06/24/oil-is-volatile-here-are-3-dividend-stocks-that-pr/,These oil dividend stocks built their businesses to withstand the sector's volatility.,www.fool.com,0.131304,Neutral,CVX,0.326824,-0.044484,Neutral
2024-06-24 11:28:00,Chevron  ( CVX )  Inks $2B Offshore Deals in Equatorial Guinea,https://www.zacks.com/stock/news/2291991/chevron-cvx-inks-2b-offshore-deals-in-equatorial-guinea,Chevron (CVX) and GEPetrol ink two production-sharing contracts worth $2 billion to increase offshore oil and gas production and counteract the country's diminishing output.,www.zacks.com,0.291448,Somewhat-Bullish,CVX,0.37552,0.238325,Somewhat-Bullish
2024-06-24 20:12:44,Stock Market Today: Nvidia Enters Correction Territory,https://www.kiplinger.com/investing/stocks/stock-market-today-nvidia-enters-correction-territory,"Stocks were mixed to start the new week. A big rally in energy stocks kept the Dow Jones Industrial Average above water, though the S&P 500 and Nasdaq Composite weren't so resilient. Indeed, the Dow rose 0.7% to 39,411 on strength in Chevron ( CVX ) , marking the 30-stock average's fifth-straight ...",www.kiplinger.com,0.209471,Somewhat-Bullish,CVX,0.139265,0.092727,Neutral
2024-06-25 08:00:00,"Stock Market News for Jun 25, 2024",https://www.zacks.com/stock/news/2292588/stock-market-news-for-jun-25-2024,U.S. stock markets closed mixed on Monday to start the last trading week of a successful June.,www.zacks.com,0.143218,Neutral,CVX,0.11894,0.181086,Somewhat-Bullish
2024-06-25 08:16:00,"Stock Market News for Jun 25, 2024",https://www.zacks.com/stock/news/2292593/stock-market-news-for-jun-25-2024,U.S. stock markets closed mixed on Monday to start the last trading week of a successful June.,www.zacks.com,0.143218,Neutral,CVX,0.11894,0.181086,Somewhat-Bullish
2024-06-25 10:05:00,Want Decades of Passive Income? 3 Stocks to Buy Now and Hold Forever,https://www.fool.com/investing/2024/06/25/want-decades-of-passive-income-3-stocks-to-buy-now/,"There's no such thing as a sure thing, but these dividend stocks should be reliable passive income producers for long-term investors.",www.fool.com,0.315529,Somewhat-Bullish,CVX,0.260004,0.245412,Somewhat-Bullish
2024-06-25 11:45:00,3 Energy Giants Set to Soar With Record Jet Fuel Demand,https://www.zacks.com/stock/news/2292707/3-energy-giants-set-to-soar-with-record-jet-fuel-demand,"As summer travel peaks, U.S. refiners ramp up their jet fuel production to meet the record demand. ExxonMobil, Chevron and Phillips 66 are ready to ride on this fuel-fueled wave.",www.zacks.com,0.409805,Bullish,CVX,0.249361,0.409803,Bullish
2024-06-25 16:02:53,Chevron Unusual Options Activity For June 25 - Chevron  ( NYSE:CVX ) ,https://www.benzinga.com/insights/options/24/06/39484633/chevron-unusual-options-activity-for-june-25,"Investors with significant funds have taken a bullish position in Chevron CVX, a development that retail traders should be aware of. This was brought to our attention today through our monitoring of publicly accessible options data at Benzinga.",www.benzinga.com,0.264111,Somewhat-Bullish,CVX,0.620664,0.353426,Bullish
2024-06-25 16:18:00,"Top Stock Reports for Chevron, Amgen & Philip Morris",https://www.zacks.com/research-daily/2292698/top-stock-reports-for-chevron-amgen-philip-morris,"Today's Research Daily features new research reports on 16 major stocks, including Chevron Corporation (CVX), Amgen Inc. (AMGN) and Philip Morris International Inc. (PM), as well as two micro-cap stocks Hurco Companies, Inc. (HURC) and Perma-Pipe International Holdings, Inc. (PPIH).",www.zacks.com,0.350809,Bullish,CVX,0.05234,0.29684,Somewhat-Bullish
2024-06-25 16:27:38,"3 Energy Giants Set to Soar With Record Jet Fuel Demand - Chevron  ( NYSE:CVX ) , Phillips 66  ( NYSE:PSX ) ",https://www.benzinga.com/news/earnings/24/06/39478373/3-energy-giants-set-to-soar-with-record-jet-fuel-demand,"The resurgence of jet fuel production to pre-COVID levels in the United States signals a robust recovery in the aviation sector, which has a broader impact on various facets of the economy. This surge is fueled by a booming demand for air travel, with U.S. refiners ramping up production to meet ...",www.benzinga.com,0.420368,Bullish,CVX,0.247334,0.429505,Bullish
2024-06-25 21:45:21,Chevron  ( CVX )  Stock Falls Amid Market Uptick: What Investors Need to Know,https://www.zacks.com/stock/news/2293161/chevron-cvx-stock-falls-amid-market-uptick-what-investors-need-to-know,"In the closing of the recent trading day, Chevron (CVX) stood at $158.46, denoting a -0.53% change from the preceding trading day.",www.zacks.com,0.172454,Somewhat-Bullish,CVX,0.548363,0.242614,Somewhat-Bullish
2024-06-26 09:59:00,"The Zacks Analyst Blog Highlights Chevron, Amgen, Philip Morris, Hurco and Perma-Pipe",https://www.zacks.com/stock/news/2293366/the-zacks-analyst-blog-highlights-chevron-amgen-philip-morris-hurco-and-perma-pipe,"Chevron, Amgen, Philip Morris, Hurco and Perma-Pipe are included in this Analyst Blog.",www.zacks.com,0.312455,Somewhat-Bullish,CVX,0.167612,0.185323,Somewhat-Bullish
2024-06-26 11:52:00,Chevron's  ( CVX )  Wheatstone LNG Facility Resumes Full Production,https://www.zacks.com/stock/news/2293481/chevrons-cvx-wheatstone-lng-facility-resumes-full-production,Chevron's (CVX) Wheatstone LNG facility resumes operations following the completion of unplanned repairs at the Wheatstone offshore platform???s fuel gas system.,www.zacks.com,0.186619,Somewhat-Bullish,CVX,0.491878,0.076773,Neutral
2024-06-26 12:45:00,3 Permian Stocks to Keep on Your Radar on Strong Oil Prices,https://www.zacks.com/stock/news/2293656/3-permian-stocks-to-keep-on-your-radar-on-strong-oil-prices,"Improving Permian production amid healthy oil prices raises the incentive to keep an eye on companies like ExxonMobil (XOM), Chevron (CVX) and Diamondback Energy (FANG).",www.zacks.com,0.370573,Bullish,CVX,0.277433,0.372906,Bullish
2024-06-26 12:52:00,Oil & Gas Stock Roundup: BP and Shell Take Center Stage,https://www.zacks.com/stock/news/2293681/oil-gas-stock-roundup-bp-and-shell-take-center-stage,"BP, SHEL, XOM, LNG and OII emerge as the energy headline makers during the week.",www.zacks.com,0.270234,Somewhat-Bullish,CVX,0.063091,0.015076,Neutral
2024-06-26 15:45:12,Chevron  ( CVX )  Could Be a Great Choice,https://www.zacks.com/stock/news/2293815/chevron-cvx-could-be-a-great-choice,"Dividends are one of the best benefits to being a shareholder, but finding a great dividend stock is no easy task. Does Chevron (CVX) have what it takes? Let's find out.",www.zacks.com,0.417105,Bullish,CVX,0.448316,0.501617,Bullish
2024-06-27 12:49:00,"TotalEnergies  ( TTE )  Signs Exploration Deal, Expands in Africa",https://www.zacks.com/stock/news/2294336/totalenergies-tte-signs-exploration-deal-expands-in-africa,"TotalEnergies (TTE) expanded its operation in Africa by acquiring an interest in a region offshore, Sao Tome and Principe. The company has operations near the new block, which will assist in development.",www.zacks.com,0.308707,Somewhat-Bullish,CVX,0.299478,0.344082,Somewhat-Bullish
2024-06-27 14:52:00,Energy Comprises 9.9% of Buffett's Portfolio: 2 Stocks to Watch,https://www.zacks.com/stock/news/2294425/energy-comprises-99-of-buffetts-portfolio-2-stocks-to-watch,Investing in Chevron (CVX) and Occidental Petroleum (OXY) likely reflects Buffett's strong preference for companies with robust balance sheets.,www.zacks.com,0.348259,Somewhat-Bullish,CVX,0.392537,0.540346,Bullish
2024-06-28 12:10:00,US. LNG Export Market Hurdles Should Not Bother Investors,https://www.zacks.com/stock/news/2294898/us-lng-export-market-hurdles-should-not-bother-investors,"The U.S. LNG sector remains a cornerstone of the global energy landscape. Investors can tap into this market by focusing on companies like Cheniere Energy, Shell and Chevron.",www.zacks.com,0.374806,Bullish,CVX,0.266828,0.327984,Somewhat-Bullish
2024-06-28 12:39:00,Leidos and America's Car-Mart have been highlighted as Zacks Bull and Bear of the Day,https://www.zacks.com/stock/news/2294820/leidos-and-americas-car-mart-have-been-highlighted-as-zacks-bull-and-bear-of-the-day,"Chicago, IL - June 28, 2024 - Zacks Equity Research shares Leidos Holdings ( LDOS Quick QuoteLDOS - ) as the Bull of the Day and America's Car-Mart ( CRMT Quick QuoteCRMT - ) as the Bear of the Day.",www.zacks.com,0.262011,Somewhat-Bullish,CVX,0.145646,0.231485,Somewhat-Bullish
2024-06-29 22:50:00,"The Best Energy Stock to Invest $1,000 in Right Now",https://www.fool.com/investing/2024/06/29/the-best-energy-stock-to-invest-1000-in-right-now/,"Looking at energy stocks and trying to pick the best option? Consider Chevron despite, or perhaps because of, its laggard performance.",www.fool.com,0.325937,Somewhat-Bullish,CVX,0.85773,0.562378,Bullish
2024-06-30 09:27:00,Where Will Chevron Stock Be in 1 Year?,https://www.fool.com/investing/2024/06/30/where-will-chevron-stock-be-in-1-year/,"Chevron's yield is dramatically higher than that of its closest U.S. rival, which suggests it is attractively priced.",www.fool.com,0.058714,Neutral,CVX,0.665853,0.124402,Neutral
2024-06-30 15:17:00,What Is the Dividend Payout for Chevron?,https://www.fool.com/investing/2024/06/30/what-is-the-dividend-payout-for-chevron/,This oil supermajor is a go-to stock for investors looking to bolster their passive income streams.,www.fool.com,0.449962,Bullish,CVX,0.838176,0.697332,Bullish
2024-07-01 09:21:00,3 Warren Buffett Stocks That Are Screaming Buys for the Second Half of 2024  ( and Beyond ) ,https://www.fool.com/investing/2024/07/01/3-warren-buffett-stocks-are-screaming-buy-for-2024/,"Berkshire Hathaway's $388 billion investment portfolio contains 44 stocks, three of which are absolute bargains right now.",www.fool.com,0.143367,Neutral,CVX,0.260189,0.018539,Neutral
2024-07-01 11:41:00,Chevron  ( CVX )  Confirms Exploration Rig Deployment in Namibia,https://www.zacks.com/stock/news/2295450/chevron-cvx-confirms-exploration-rig-deployment-in-namibia,"Chevron (CVX) confirms its choice of a drilling rig for an upcoming exploration well in Namibia's Orange Basin, planned to start in the fourth quarter of 2024, near the Venus oil and gas discovery.",www.zacks.com,0.551539,Bullish,CVX,0.306484,0.486711,Bullish
2024-07-02 11:28:00,"Berkshire Hathaway: Buy, Sell, or Hold?",https://www.fool.com/investing/2024/07/02/berkshire-hathaway-buy-sell-or-hold/,We explore whether the company is worth its hefty share price.,www.fool.com,0.396391,Bullish,CVX,0.047278,0.162603,Somewhat-Bullish
2024-07-03 12:42:00,Ride the Crude Rally With These 3 Promising Energy Stocks,https://www.zacks.com/stock/news/2296574/ride-the-crude-rally-with-these-3-promising-energy-stocks,"High oil prices favor oil exploration and production activities, increasing the demand for oilfield services. Chevron (CVX), SLB and SM Energy (SM) are thus well poised to gain.",www.zacks.com,0.411779,Bullish,CVX,0.355588,0.410643,Bullish
2024-07-03 12:50:00,Chevron  ( CVX )  Stock Barely Moves in a Month: An Opportunity?,https://www.zacks.com/stock/news/2296578/chevron-cvx-stock-barely-moves-in-a-month-an-opportunity,"Chevron's (CVX) robust financial performance in Q1, with $5.5 billion in earnings and a free cash flow yield of over 5%, underscores its strong profitability and operational efficiency.",www.zacks.com,0.296386,Somewhat-Bullish,CVX,0.377142,0.282705,Somewhat-Bullish
2024-07-03 16:29:40,"Ride the Crude Rally with These 3 Promising Energy Stocks - Chevron  ( NYSE:CVX ) , SM Energy  ( NYSE:SM ) ",https://www.benzinga.com/news/earnings/24/07/39617892/ride-the-crude-rally-with-these-3-promising-energy-stocks,"Oil prices have entered a bullish phase, recently reaching a two-month high, capturing significant investor attention. This upward trend indicates a strong and sustained interest in the energy sector, suggesting that energy companies are poised for substantial growth.",www.benzinga.com,0.424641,Bullish,CVX,0.350564,0.444882,Bullish
2024-07-03 16:34:00,Global Oil Firms Bet Big on Namibia Discovery Amid Energy Shift,https://www.zacks.com/stock/news/2296763/global-oil-firms-bet-big-on-namibia-discovery-amid-energy-shift,"Global oil giants like Chevron (CVX), Petrobras (PBR) and TotalEnergies (TTE) vie fiercely for Galp Energia's Namibia oil stake, betting on burgeoning fossil fuel demand and growth opportunities.",www.zacks.com,0.404959,Bullish,CVX,0.165788,0.216433,Somewhat-Bullish
2024-07-04 09:53:00,"Chevron  ( CVX ) , QazaqGaz Sign a Gas Exploration Agreement",https://www.zacks.com/stock/news/2296816/chevron-cvx-qazaqgaz-sign-a-gas-exploration-agreement,"Chevron's (CVX) subsidiary Chevron Munaigas Inc. and QazaqGaz join forces to explore gas resources in Kazakhstan, strengthening a three-decade relationship and boosting economic growth.",www.zacks.com,0.482037,Bullish,CVX,0.489807,0.613943,Bullish
2024-07-04 10:10:00,Forget Chevron? Buffett Is Buying Up This Energy Stock Instead,https://www.fool.com/investing/2024/07/04/forget-chevron-this-billionaire-buy-energy-stock/,"Berkshire Hathaway owns large stakes in Chevron and Occidental Petroleum, but in the first quarter, it was the Occidental position that Warren Buffett added to.",www.fool.com,0.250199,Somewhat-Bullish,CVX,0.742397,0.369579,Bullish
2024-07-04 15:12:00,Here's Why Hold Strategy is Apt for Valero  ( VLO )  Stock Now,https://www.zacks.com/stock/news/2297022/heres-why-hold-strategy-is-apt-for-valero-vlo-stock-now,"Valero's (VLO) premium refining operations are resilient, even when the business operating environment is carbon-constrained.",www.zacks.com,0.40527,Bullish,CVX,0.43852,0.517566,Bullish
2024-07-05 09:09:00,"The Zacks Analyst Blog Highlights Chevron, Petrobras and TotalEnergies",https://www.zacks.com/stock/news/2297087/the-zacks-analyst-blog-highlights-chevron-petrobras-and-totalenergies,"Chevron, Petrobras and TotalEnergies are included in this Analyst Blog.",www.zacks.com,0.387953,Bullish,CVX,0.198221,0.189668,Somewhat-Bullish
2024-07-05 12:11:00,Federal Court Ruling Clears the Path for LNG Export Projects,https://www.zacks.com/stock/news/2297179/federal-court-ruling-clears-the-path-for-lng-export-projects,"The lifting of the Biden administration's pause solidifies the country's position as a global leader in LNG. Investors should keep an eye on companies such as Cheniere Energy, Shell and Chevron.",www.zacks.com,0.39348,Bullish,CVX,0.310843,0.271547,Somewhat-Bullish
2024-07-05 15:39:58,"Federal Court Ruling Clears the Path for LNG Export Projects - Chevron  ( NYSE:CVX ) , Cheniere Energy  ( NYSE:LNG ) ",https://www.benzinga.com/government/24/07/39646721/federal-court-ruling-clears-the-path-for-lng-export-projects,"Liquefied natural gas ( ""LNG"" ) is becoming an increasingly critical component of the global energy landscape. The United States has emerged as a dominant player, largely due to its vast natural gas resources and advanced infrastructure.",www.benzinga.com,0.402278,Bullish,CVX,0.306198,0.310268,Somewhat-Bullish
2024-07-05 15:58:00,Namibia Emerges as a New Frontier for Global Oil Giants,https://www.zacks.com/stock/news/2297378/namibia-emerges-as-a-new-frontier-for-global-oil-giants,"Namibia's coastline hides a treasure trove of oil reserves. Chevron, ExxonMobil and Shell are eagerly poised to tap into this wealth, positioning themselves for strategic gains in Africa's new frontier.",www.zacks.com,0.370544,Bullish,CVX,0.344987,0.353687,Bullish
2024-07-05 16:45:29,"Here's Why Hold Strategy is Apt for Valero Stock Now - Vitesse Energy  ( NYSE:VTS ) , Valero Energy  ( NYSE:VLO ) ",https://www.benzinga.com/news/earnings/24/07/39636760/heres-why-hold-strategy-is-apt-for-valero-stock-now,"Valero Energy Corporation VLO stands out as a premier oil refining company. Year to date, the company has gained 23.7%, outpacing the 7.3% improvement of the composite stocks belonging to the industry.",www.benzinga.com,0.426207,Bullish,CVX,0.367141,0.546095,Bullish
2024-07-05 17:21:47,Here's Why Hold Strategy is Apt for Valero Stock Now,https://markets.businessinsider.com/news/stocks/here-s-why-hold-strategy-is-apt-for-valero-stock-now-1033532788,"Valero Energy Corporation ( NYSE:VLO ) stands out as a premier oil refining company. Year to date, the company has gained 23.7%, outpacing the 7.3% improvement of the composite stocks belonging to the industry.",markets.businessinsider.com,0.431947,Bullish,CVX,0.388879,0.582953,Bullish
2024-07-05 17:52:07,Check Out What Whales Are Doing With CVX - Chevron  ( NYSE:CVX ) ,https://www.benzinga.com/insights/options/24/07/39650552/check-out-what-whales-are-doing-with-cvx,"Investors with a lot of money to spend have taken a bearish stance on Chevron CVX. We noticed this today when the trades showed up on publicly available options history that we track here at Benzinga. Whether these are institutions or just wealthy individuals, we don't know.",www.benzinga.com,0.205132,Somewhat-Bullish,CVX,0.722944,0.349612,Somewhat-Bullish
2024-07-07 09:40:00,3 Warren Buffett Stocks That Are Screaming Buys Right Now,https://www.fool.com/investing/2024/07/07/warren-buffett-stocks-that-are-screaming-buys-now/,"Several of Berkshire Hathaway's best-known holdings aren't attractive to newcomers, but a few of its lesser-touted tickers are priced right.",www.fool.com,0.270882,Somewhat-Bullish,CVX,0.206392,0.137467,Neutral
2024-07-07 11:00:00,What To Watch As Second-Quarter 2024 Earnings Season Begins,https://www.forbes.com/sites/bill_stone/2024/07/07/what-to-watch-as-second-quarter-2024-earnings-season-begins/,"Earnings growth is expected to accelerate to 8.8% year-over-year pace in the second quarter from 5.9% in the first quarter. Topline sales are forecasted to grow by 4.6% year-over-year in the second quarter, slightly higher than the 4.3% rate in the first quarter.",www.forbes.com,0.207047,Somewhat-Bullish,CVX,0.07887,0.050672,Neutral
2024-07-07 13:15:41,Why You Should Invest in Commodities,https://www.kiplinger.com/investing/why-you-should-invest-in-commodities,"Most investors have probably never fretted about how to add a nice stake in pork bellies or winter wheat to their portfolio. But many have lined up in Costco to buy a gold bar. All such investments are part of the broad asset class of commodities, along with crude oil, coffee, copper and more.",www.kiplinger.com,0.315998,Somewhat-Bullish,CVX,0.064362,0.239149,Somewhat-Bullish
2024-07-08 12:15:00,I Have High Hopes for These 3 Dirt-Cheap Dividend Stocks in the Second Half of 2024  ( and Beyond ) ,https://www.fool.com/investing/2024/07/08/3-dirt-cheap-dividend-stocks-2024-buy-hold/,Loading up on passive-income opportunities at reasonable valuations can be a winning strategy for long-term investors.,www.fool.com,0.259518,Somewhat-Bullish,CVX,0.219383,0.235689,Somewhat-Bullish
2024-07-08 12:44:00,"J.Jill, and AMN Healthcare Services have been highlighted as Zacks Bull and Bear of the Day",https://www.zacks.com/stock/news/2297576/jjill-and-amn-healthcare-services-have-been-highlighted-as-zacks-bull-and-bear-of-the-day,"Chicago, IL -July 8, 2024 - Zacks Equity Research shares J.Jill, Inc. ( JILL Quick QuoteJILL - ) , as the Bull of the Day and AMN Healthcare Services, Inc. ( AMN Quick QuoteAMN - ) , as the Bear of the Day.",www.zacks.com,0.16596,Somewhat-Bullish,CVX,0.140348,0.137725,Neutral
2024-07-08 14:16:12,"Hurricane Beryl Expected To Weaken To Tropical Storm As It Hits Texas - CenterPoint Energy  ( NYSE:CNP ) , Chevron  ( NYSE:CVX ) ",https://www.benzinga.com/top-stories/24/07/39668096/hurricane-beryl-expected-to-weaken-to-tropical-storm-as-it-hits-texas,"Hurricane Beryl is forecast to weaken into a tropical storm after making landfall early Monday near Matagorda, Texas, a coastal town about 55 miles southwest of the oil and gas hub of Houston. The storm led to the closure of oil ports, hundreds of flight cancellations and thousands of homes in ...",www.benzinga.com,-0.14608,Neutral,CVX,0.357293,-0.249713,Somewhat-Bearish
2024-07-09 10:20:06,Is iShares Core High Dividend ETF  ( HDV )  a Strong ETF Right Now?,https://www.zacks.com/stock/news/2298259/is-ishares-core-high-dividend-etf-hdv-a-strong-etf-right-now,Smart Beta ETF report for ...,www.zacks.com,0.317385,Somewhat-Bullish,CVX,0.112008,0.065962,Neutral
2024-07-09 12:26:00,ExxonMobil  ( XOM )  Expects Soft Gas Prices to Hurt Q2 Earnings,https://www.zacks.com/stock/news/2298391/exxonmobil-xom-expects-soft-gas-prices-to-hurt-q2-earnings,ExxonMobil (XOM) expects soft gas prices and unfavorable changes in industry margins to hurt Q2 earnings.,www.zacks.com,0.320595,Somewhat-Bullish,CVX,0.441059,0.521383,Bullish
2024-07-09 12:30:00,Oil Little Changed as Hurricane Beryl-Related Concerns Fade,https://www.zacks.com/stock/news/2298394/oil-little-changed-as-hurricane-beryl-related-concerns-fade,"Energy operators, including Chevron (CVX), Marathon Petroleum (MPC), Shell (SHEL) and Phillips 66 (PSX), enacted comprehensive preparedness plans ahead of Hurricane Beryl.",www.zacks.com,0.0,Neutral,CVX,0.291471,0.049546,Neutral
2024-07-09 13:58:00,Halliburton  ( HAL )  and AIQ Join Forces to Boost Well Efficiency,https://www.zacks.com/stock/news/2298583/halliburton-hal-and-aiq-join-forces-to-boost-well-efficiency,Halliburton (HAL) believes that combining its industry expertise with AIQ's AI-based solutions will help provide greater operational efficiency and asset value for its customers.,www.zacks.com,0.405479,Bullish,CVX,0.354572,0.25066,Somewhat-Bullish
2024-07-09 17:21:03,"Is iShares Core High Dividend ETF a Strong ETF Right Now? - Chevron  ( NYSE:CVX ) , iShares Core High Dividend ETF  ( ARCA:HDV ) ",https://www.benzinga.com/news/24/07/39684384/is-ishares-core-high-dividend-etf-a-strong-etf-right-now,"The iShares Core High Dividend ETF HDV was launched on 03/29/2011, and is a smart beta exchange traded fund designed to offer broad exposure to the Style Box - Large Cap Value category of the market.",www.benzinga.com,0.343724,Somewhat-Bullish,CVX,0.115787,0.111611,Neutral
2024-07-09 20:01:32,"Halliburton and AIQ Join Forces to Boost Well Efficiency - Halliburton  ( NYSE:HAL ) , Chevron  ( NYSE:CVX ) ",https://www.benzinga.com/news/24/07/39691953/halliburton-and-aiq-join-forces-to-boost-well-efficiency,"Halliburton Company HAL has announced a collaboration with Abu Dhabi-based artificial intelligence firm AIQ, to combine the RoboWell autonomous well control solution with Halliburton Landmark's iEnergy hybrid cloud.",www.benzinga.com,0.432304,Bullish,CVX,0.350564,0.307965,Somewhat-Bullish
2024-07-10 09:30:00,"2 High-Yield Energy Stocks to Buy With $10,000 and Hold Forever",https://www.fool.com/investing/2024/07/10/2-high-yield-energy-stocks-to-buy-with-10000-and-h/,"If you are looking for energy stocks that you can count on, try Chevron and Enterprise Products Partners on for size.",www.fool.com,0.322278,Somewhat-Bullish,CVX,0.612033,0.393135,Bullish
2024-07-10 10:20:05,Should First Trust Morningstar Dividend Leaders ETF  ( FDL )  Be on Your Investing Radar?,https://www.zacks.com/stock/news/2298984/should-first-trust-morningstar-dividend-leaders-etf-fdl-be-on-your-investing-radar,Style Box ETF report for ...,www.zacks.com,0.269282,Somewhat-Bullish,CVX,0.124809,0.068938,Neutral
2024-07-10 10:20:07,Should You Invest in the Fidelity MSCI Energy Index ETF  ( FENY ) ?,https://www.zacks.com/stock/news/2298976/should-you-invest-in-the-fidelity-msci-energy-index-etf-feny,Sector ETF report for ...,www.zacks.com,0.27951,Somewhat-Bullish,CVX,0.136888,0.054037,Neutral
2024-07-10 12:56:00,"Should You Buy, Hold, or Sell ExxonMobil  ( XOM )  Post Q2 Update?",https://www.zacks.com/stock/news/2299247/should-you-buy-hold-or-sell-exxonmobil-xom-post-q2-update,"While ExxonMobil (XOM) expects challenges such as soft gas prices and unfavorable industry margins to adversely impact Q2 earnings, the company's long-term outlook remains promising ...",www.zacks.com,0.285653,Somewhat-Bullish,CVX,0.172507,0.105163,Neutral
2024-07-10 13:25:00,Here's Why Matador  ( MTDR )  is an Attractive Investment Bet,https://www.zacks.com/stock/news/2299301/heres-why-matador-mtdr-is-an-attractive-investment-bet,"Handsome oil prices aid Matador's (MTDR) upstream operations. However, the company is exposed to volatility in commodity prices.",www.zacks.com,0.464473,Bullish,CVX,0.442339,0.524388,Bullish
2024-07-10 13:26:00,Tellurian  ( TELL )  Gets FERC Approval for Driftwood Completion,https://www.zacks.com/stock/news/2299306/tellurian-tell-gets-ferc-approval-for-driftwood-completion,"Tellurian (TELL) retains its three-year Driftwood LNG extension as the FERC denies the environmental group, Sierra Club's rehearing request regarding the extension approval.",www.zacks.com,0.200036,Somewhat-Bullish,CVX,0.354572,0.280791,Somewhat-Bullish
2024-07-10 14:00:35,What's Happening With Chevron's Stock?,https://www.forbes.com/sites/greatspeculations/2024/07/10/whats-happening-with-chevrons-stock/,"Almost flat year-to-date, at the current price of around $154 per share, we believe Chevron Corporation ( NYSE: CVX ) , a company manufacturing and selling a range of refined petroleum products, including gasoline, diesel, marine, and aviation fuels, premium base oil, finished lubricants, and ...",www.forbes.com,0.116737,Neutral,CVX,0.611545,0.184786,Somewhat-Bullish
2024-07-10 14:52:10,"This is July's Worst Performing Sector, Sell These Stocks Now",https://moneymorning.com/2024/07/10/this-is-julys-worst-performing-sector-sell-these-stocks-now/,"Last week I profiled the best sectors to buy in July for you based on the last 20 years of seasonality. Check it out here if you missed it. Today, I need to draw your attention to one of the worst seasonal performers for the month of July as the sector is showing signs that […] The post This is ...",moneymorning.com,-0.140028,Neutral,CVX,0.213048,0.006832,Neutral
2024-07-10 20:04:29,"Should You Buy, Hold, or Sell ExxonMobil Post Q2 Update? - Chevron  ( NYSE:CVX ) , Exxon Mobil  ( NYSE:XOM ) ",https://www.benzinga.com/news/earnings/24/07/39711041/should-you-buy-hold-or-sell-exxonmobil-post-q2-update,"Exxon Mobil Corporation XOM recently made a Form 8-K disclosure, stating that soft natural gas prices - resulting from reduced demand and surplus inventories - are expected to have negatively impacted its second-quarter 2024 earnings.",www.benzinga.com,0.294891,Somewhat-Bullish,CVX,0.170878,0.109217,Neutral
2024-07-11 13:27:00,3 Energy Companies to Gain on Rock Solid Balance Sheet,https://www.zacks.com/stock/news/2300072/3-energy-companies-to-gain-on-rock-solid-balance-sheet,"EIA foresees a slowdown in GDP growth rate, which may consequently dampen energy demand. Hence, keep an eye on XOM, CVX and COP, which boast a strong balance sheet.",www.zacks.com,0.288708,Somewhat-Bullish,CVX,0.448316,0.453243,Bullish
2024-07-11 15:47:00,"Oil tanker held by Iran for over a year heads toward international waters, tracking data shows",https://apnews.com/article/iran-us-butterfly-children-lawsuit-mideast-tensions-dd5f39e2af24df831a2d00d0ec327e48,"DUBAI, United Arab Emirates ( AP ) - An oil tanker held by Iran for over a year after being seized amid tensions between Tehran and the United States was sailing Thursday toward international waters, tracking data showed.",apnews.com,-0.203897,Somewhat-Bearish,CVX,0.056674,0.129944,Neutral
2024-07-11 19:01:19,Chevron's Options Frenzy: What You Need to Know - Chevron  ( NYSE:CVX ) ,https://www.benzinga.com/insights/options/24/07/39737490/chevrons-options-frenzy-what-you-need-to-know,"Investors with a lot of money to spend have taken a bullish stance on Chevron CVX. We noticed this today when the trades showed up on publicly available options history that we track here at Benzinga. Whether these are institutions or just wealthy individuals, we don't know.",www.benzinga.com,0.2316,Somewhat-Bullish,CVX,0.666827,0.41618,Bullish
2024-07-11 21:30:02,"Vista Oil & Gas, S.A.B. de C.V. Sponsored ADR  ( VIST )  Q2 Earnings and Revenues Lag Estimates",https://www.zacks.com/stock/news/2300311/vista-oil-gas-sab-de-cv-sponsored-adr-vist-q2-earnings-and-revenues-lag-estimates,"Vista Oil & Gas (VIST) delivered earnings and revenue surprises of -47.14% and 0.19%, respectively, for the quarter ended June 2024. Do the numbers hold clues to what lies ahead for the stock?",www.zacks.com,0.177653,Somewhat-Bullish,CVX,0.13347,0.0,Neutral
2024-07-12 01:47:54,Oil tanker held by Iran for over a year reaches international waters,https://www.business-standard.com/world-news/oil-tanker-held-by-iran-for-over-a-year-reaches-international-waters-124071101345_1.html,An oil tanker held by Iran for over a year after being seized amid tensions between Tehran and the United States reached international waters. Photo: Unsplash An oil tanker held by Iran for over a year after being seized amid tensions between Tehran and the United States reached international ...,www.business-standard.com,-0.194375,Somewhat-Bearish,CVX,0.053271,0.118675,Neutral
2024-07-12 10:02:00,Here's Why You Should Retain Range Resources  ( RRC )  Stock,https://www.zacks.com/stock/news/2300495/heres-why-you-should-retain-range-resources-rrc-stock,"Range Resources (RRC) boasts decades of low-risk drilling inventory in Appalachia, brightening its production outlook.",www.zacks.com,0.428188,Bullish,CVX,0.429845,0.539532,Bullish
2024-07-12 11:21:40,"Exxon Mobil Arbitration Throws Wrench in Chevron-Hess Merger Timeline: Report - Chevron  ( NYSE:CVX ) , Hess  ( NYSE:HES ) ",https://www.benzinga.com/markets/equities/24/07/39746845/exxon-mobil-arbitration-throws-wrench-in-chevron-hess-merger-timeline-report,The U.S. Federal Trade Commission reportedly plans to delay its decision on Chevron Corporation CVX and Hess Corporation HES merger until after the settlement of an arbitration case with Exxon Mobil Corporation XOM.,www.benzinga.com,0.119381,Neutral,CVX,0.673107,-0.175883,Somewhat-Bearish
2024-07-12 11:52:00,Top 4 Blue-Chip Stocks Picks to Strengthen Your Portfolio,https://www.zacks.com/stock/news/2300593/top-4-blue-chip-stocks-picks-to-strengthen-your-portfolio,"We have narrowed our search to four Dow stocks. These are: AMZN, AAPL, WMT, CVX.",www.zacks.com,0.453944,Bullish,CVX,0.199447,0.332903,Somewhat-Bullish
2024-07-12 13:56:00,Hess  ( HES )  Faces Regulatory Hurdles Amid Chevron Merger Delay,https://www.zacks.com/stock/news/2300929/hess-hes-faces-regulatory-hurdles-amid-chevron-merger-delay,"Hess (HES) faces additional challenges due to the FTC's decision to postpone its merger verdict until the arbitration case is resolved, which could extend into the fourth quarter.",www.zacks.com,0.100627,Neutral,CVX,0.393977,-0.010978,Neutral
2024-07-12 14:08:13,"Judge Throws Out Baltimore's Climate Lawsuit Against Energy Giants Exxon, BP, Chevron: Report - Chevron  ( NYSE:CVX ) , Exxon Mobil  ( NYSE:XOM ) , BP  ( NYSE:BP ) ",https://www.benzinga.com/markets/equities/24/07/39750080/judge-throws-out-baltimores-climate-lawsuit-against-energy-giants-exxon-bp-chevron-report,"The lawsuit filed by Baltimore, Maryland, against energy giants like Exxon Mobil Corp XOM, BP p.l.c. BP, and Chevron Corp CVX was reportedly dismissed by a Maryland judge, Videtta Brown, on Thursday. The judge ruled the case exceeded state law limits by attempting to address the global effects of ...",www.benzinga.com,-0.158614,Somewhat-Bearish,CVX,0.461699,-0.310976,Somewhat-Bearish
2024-07-12 15:01:00,Equinor  ( EQNR )  Gets Drilling Permit to Explore Norwegian Sea,https://www.zacks.com/stock/news/2301065/equinor-eqnr-gets-drilling-permit-to-explore-norwegian-sea,Equinor (EQNR) is the operator of Production License 1014 where the drilling activities will be carried out by Odfjell Drilling's Deepsea Atlantic rig.,www.zacks.com,0.169259,Somewhat-Bullish,CVX,0.468029,0.299492,Somewhat-Bullish
2024-07-12 15:45:08,Why Chevron  ( CVX )  is a Great Dividend Stock Right Now,https://www.zacks.com/stock/news/2301013/why-chevron-cvx-is-a-great-dividend-stock-right-now,"Dividends are one of the best benefits to being a shareholder, but finding a great dividend stock is no easy task. Does Chevron (CVX) have what it takes? Let's find out.",www.zacks.com,0.409768,Bullish,CVX,0.442082,0.485313,Bullish
2024-07-13 09:42:00,Warren Buffett Is Betting Nearly $35 Billion That This Conventional Wisdom Is Wrong,https://www.fool.com/investing/2024/07/13/warren-buffett-is-betting-35-billion-that-this-con/,"The ""Oracle of Omaha"" doesn't mind going against the grain.",www.fool.com,0.177333,Somewhat-Bullish,CVX,0.502207,0.282375,Somewhat-Bullish
2024-07-13 22:03:00,"Forget Chevron, Buy This Magnificent High-Yield Oil Stock Instead",https://www.fool.com/investing/2024/07/13/forget-chevron-buy-this-magnificent-high-yield-oil/,"The oil major faces some uncertainty, and it might be time to start looking at investing in some other oil stocks as well.",www.fool.com,0.247117,Somewhat-Bullish,CVX,0.351985,0.053776,Neutral
2024-07-15 08:32:00,"The Zacks Analyst Blog Highlights Amazon, Apple Walmart and Chevron",https://www.zacks.com/stock/news/2301303/the-zacks-analyst-blog-highlights-amazon-apple-walmart-and-chevron,"Amazon, Apple Walmart and Chevron are included in this Analyst Blog.",www.zacks.com,0.440205,Bullish,CVX,0.227432,0.25321,Somewhat-Bullish
2024-07-15 13:00:15,Chevron Corporation  ( CVX )  is Attracting Investor Attention: Here is What You Should Know,https://www.zacks.com/stock/news/2301453/chevron-corporation-cvx-is-attracting-investor-attention-here-is-what-you-should-know,"Recently, Zacks.com users have been paying close attention to Chevron (CVX). This makes it worthwhile to examine what the stock has in store.",www.zacks.com,0.242439,Somewhat-Bullish,CVX,0.53074,0.120032,Neutral
2024-07-15 13:06:00,Martin Midstream  ( MMLP )  Units Gain Amid Buyout Proposals,https://www.zacks.com/stock/news/2301711/martin-midstream-mmlp-units-gain-amid-buyout-proposals,"Martin Midstream (MMLP) is engaged in discussions with the Conflicts Committee regarding the buyout offer from MRMC, disregarding the superior offer made by Nut Tree and Caspian Capital.",www.zacks.com,0.130353,Neutral,CVX,0.252463,0.190988,Somewhat-Bullish
2024-07-15 16:45:54,Smart Money Is Betting Big In CVX Options - Chevron  ( NYSE:CVX ) ,https://www.benzinga.com/insights/options/24/07/39777753/smart-money-is-betting-big-in-cvx-options,"Whales with a lot of money to spend have taken a noticeably bullish stance on Chevron. Looking at options history for Chevron CVX we detected 12 trades. If we consider the specifics of each trade, it is accurate to state that 41% of the investors opened trades with bullish expectations and 41% ...",www.benzinga.com,0.280555,Somewhat-Bullish,CVX,0.670305,0.401657,Bullish
2024-07-16 13:11:00,ExxonMobil  ( XOM )  Reveals Hammerhead Project Development Plan,https://www.zacks.com/stock/news/2302615/exxonmobil-xom-reveals-hammerhead-project-development-plan,ExxonMobil's (XOM) development plan for Hammerhead involves drilling up to 30 wells. The company plans to use a Very Large Crude Carrier conversion facility for the project.,www.zacks.com,0.150457,Somewhat-Bullish,CVX,0.407844,0.281677,Somewhat-Bullish
2024-07-16 13:12:00,ConocoPhillips  ( COP )  Receives Second FTC Request on Merger Deal,https://www.zacks.com/stock/news/2302616/conocophillips-cop-receives-second-ftc-request-on-merger-deal,"ConocoPhillips (COP) and Marathon Oil's (MRO) proposed merger, worth $22.5 billion, may face delay due to the request for additional information from the U.S. Federal Trade Commission.",www.zacks.com,0.312527,Somewhat-Bullish,CVX,0.533842,0.51765,Bullish
2024-07-16 13:30:12,Wall Street Analysts Think Chevron  ( CVX )  Is a Good Investment: Is It?,https://www.zacks.com/stock/news/2302415/wall-street-analysts-think-chevron-cvx-is-a-good-investment-is-it,"Based on the average brokerage recommendation (ABR), Chevron (CVX) should be added to one's portfolio. Wall Street analysts' overly optimistic recommendations cast doubt on the effectiveness of this highly sought-after metric. So, is the stock worth buying?",www.zacks.com,0.323519,Somewhat-Bullish,CVX,0.363768,0.234584,Somewhat-Bullish
2024-07-16 14:07:00,"ExxonMobil and Chevron Are Rock-Solid Dividend Stocks, but So Are These 2 Energy Stocks That Are Down 3% and 15% in 2024",https://www.fool.com/investing/2024/07/16/exxonmobil-chevron-rock-solid-dividend-stock-buy/,The energy sector is full of options for investors seeking to generate passive income.,www.fool.com,0.391495,Bullish,CVX,0.11166,0.231262,Somewhat-Bullish
2024-07-16 15:12:00,Dow Jones Up As Retail Sales Beat Views; UnitedHealth Soars After Earnings,https://www.investors.com/market-trend/stock-market-today/dow-jones-sp-500-nasdaq-retail-sales-unitedhealth-unh-stock-earnings/,Stock Market Today: Dow Jones Up As Retail Sales Beat Views. UnitedHealth Soars After Earnings Investor's Business Daily ...,www.investors.com,0.164976,Somewhat-Bullish,CVX,0.09495,0.031284,Neutral
2024-07-16 18:31:19,"ConocoPhillips Receives Second FTC Request on Merger Deal - Chevron  ( NYSE:CVX ) , ConocoPhillips  ( NYSE:COP ) ",https://www.benzinga.com/m-a/24/07/39796363/conocophillips-receives-second-ftc-request-on-merger-deal,"ConocoPhillips COP, a U.S.-based exploration and production player, has received a second request from the U.S. Federal Trade Commission ( ""FTC"" ) for further information on its proposed merger with Marathon Oil Corporation MRO. ConocoPhillips had announced the acquisition in May 2024 in an ...",www.benzinga.com,0.332556,Somewhat-Bullish,CVX,0.523202,0.543473,Bullish
2024-07-16 20:46:00,Dow Sets Record With 743-Point Gain; Charles Schwab Flashes This Sell Signal  ( Live Coverage ) ,https://www.investors.com/market-trend/stock-market-today/dow-jones-sp-500-nasdaq-retail-sales-unitedhealth-unh-stock-earnings/,Dow Sets Record With 743-Point Gain. Charles Schwab Flashes This Sell Signal ( Live Coverage ) Investor's Business Daily ...,www.investors.com,0.182828,Somewhat-Bullish,CVX,0.050306,0.028999,Neutral
2024-07-17 13:39:25,This Qualcomm Analyst Is No Longer Bullish; Here Are Top 5 Downgrades For Wednesday - Qualcomm  ( NASDAQ:QCOM ) ,https://www.benzinga.com/news/24/07/39816149/this-qualcomm-analyst-is-no-longer-bullish-here-are-top-5-downgrades-for-wednesday,"Top Wall Street analysts changed their outlook on these top names. For a complete view of all analyst rating changes, including upgrades, downgrades and initiations, please see our analyst ratings page. HSBC analyst Frank Lee downgraded the rating for QUALCOMM Incorporated QCOM from Buy to Hold ...",www.benzinga.com,0.226862,Somewhat-Bullish,CVX,0.397098,0.044846,Neutral
2024-07-17 14:40:00,Nasdaq Smacked By Chip Sell-Off; Dow Stock Breaks Out,https://www.investors.com/market-trend/stock-market-today/stock-market-today-nasdaq-sp500-dow-jones-asml-stock-chip-stocks/,Nasdaq Smacked As Regulation Fears Pound Chip Stocks. Health Care Giant Breaks Out ( Live Coverage ) Investor's Business Daily ...,www.investors.com,0.050411,Neutral,CVX,0.13459,0.085876,Neutral
2024-07-18 07:55:00,Forget Icahn Enterprises: 2 Energy Stocks to Buy Instead,https://www.fool.com/investing/2024/07/18/forget-icahn-enterprises-2-energy-stocks-to-buy-in/,"CVR Energy contributes more than 75% of Icahn Enterprises' top line, but you'd be better off with one of these two energy giants instead.",www.fool.com,0.269411,Somewhat-Bullish,CVX,0.236742,0.286148,Somewhat-Bullish
2024-07-18 12:52:05,What's Going On With Chevron Shares Premarket Thursday? - Chevron  ( NYSE:CVX ) ,https://www.benzinga.com/markets/equities/24/07/39837633/whats-going-on-with-chevron-shares-premarket-thursday,Chevron Corporation CVX shares are trading higher today. QatarEnergy reportedly disclosed an agreement to acquire a 20% interest in an offshore block's production-sharing contract in Suriname.,www.benzinga.com,0.362763,Bullish,CVX,0.549581,0.550751,Bullish
2024-07-18 21:45:19,Chevron  ( CVX )  Ascends While Market Falls: Some Facts to Note,https://www.zacks.com/stock/news/2304852/chevron-cvx-ascends-while-market-falls-some-facts-to-note,"Chevron (CVX) closed at $161.97 in the latest trading session, marking a +0.46% move from the prior day.",www.zacks.com,0.14011,Neutral,CVX,0.523451,0.167727,Somewhat-Bullish
2024-07-19 08:06:00,75% of Warren Buffett's $416 Billion Portfolio Is Invested in 5 Unstoppable Stocks,https://www.fool.com/investing/2024/07/19/75-warren-buffett-portfolio-invested-in-5-stocks/,"Although Buffett oversees a 44-stock, $416 billion portfolio at Berkshire Hathaway, three-quarters of invested assets have been put to work in five brand-name, time-tested businesses.",www.fool.com,0.292805,Somewhat-Bullish,CVX,0.170878,0.167439,Somewhat-Bullish
2024-07-19 09:30:00,These Are the 2 Highest-Yielding Stocks in Warren Buffett's Berkshire Hathaway Equity Portfolio,https://www.fool.com/investing/2024/07/19/these-are-the-2-highest-yielding-stocks-in-warren/,"This doesn't necessarily mean both companies are buys, however.",www.fool.com,0.338336,Somewhat-Bullish,CVX,0.266828,0.302544,Somewhat-Bullish
2024-07-19 14:15:00,"Want $1,000 in Dividend Income? Here's How Much You'd Have to Invest in Chevron Stock",https://www.fool.com/investing/2024/07/19/want-1000-in-dividend-income-heres-how-much-you-ha/,The oil giant is a dividend-paying machine.,www.fool.com,0.347628,Somewhat-Bullish,CVX,0.682689,0.575821,Bullish
2024-07-19 17:01:46,Chevron's Options: A Look at What the Big Money is Thinking - Chevron  ( NYSE:CVX ) ,https://www.benzinga.com/insights/options/24/07/39864186/chevrons-options-a-look-at-what-the-big-money-is-thinking,"Benzinga's options scanner just detected over 8 options trades for Chevron CVX summing a total amount of $309,250. At the same time, our algo caught 3 for a total amount of 99,565.",www.benzinga.com,0.274004,Somewhat-Bullish,CVX,0.546745,0.385712,Bullish
2024-07-20 09:10:00,4 Reasons to Buy Chevron Stock Like There's No Tomorrow,https://www.fool.com/investing/2024/07/20/reasons-buy-chevron-stock-like-there-no-tomorrow/,Chevron is a diversified energy company that's capable of rewarding investors regardless of the industry's ups and downs.,www.fool.com,0.331417,Somewhat-Bullish,CVX,0.530253,0.46239,Bullish
2024-07-21 12:15:00,Should You Buy the Third-Highest Yielding Stock in the Dow Jones Industrial Average?,https://www.fool.com/investing/2024/07/21/buy-high-yield-stock-dow-jones/,Chevron combines a high yield with decades of consecutive dividend raises.,www.fool.com,0.082834,Neutral,CVX,0.706155,0.065813,Neutral
2024-07-22 10:20:05,Is First Trust NASDAQ Oil & Gas ETF  ( FTXN )  a Strong ETF Right Now?,https://www.zacks.com/stock/news/2305780/is-first-trust-nasdaq-oil-gas-etf-ftxn-a-strong-etf-right-now,Smart Beta ETF report for ...,www.zacks.com,0.364891,Bullish,CVX,0.12165,0.062458,Neutral
2024-07-22 15:51:11,"What A Kamala Harris Presidency Could Mean For Oil Stocks: Chevron, Marathon Move Lower - SPDR Select Sector Fund - Energy Select Sector  ( ARCA:XLE ) , Chevron  ( NYSE:CVX ) , iShares U.S. Energy ETF  ( ARCA:IYE ) , ConocoPhillips  ( NYSE:COP ) ",https://www.benzinga.com/markets/esg/24/07/39888337/what-a-kamala-harris-presidency-could-mean-for-oil-stocks-chevron-marathon-move-lower,Oil stocks fell early Monday amid concerns that Vice President Kamala Harris could take a tougher stance on the oil and gas industry if she becomes the Democratic presidential nominee and wins the race for the White House.,www.benzinga.com,0.145114,Neutral,CVX,0.142565,-0.139352,Neutral
2024-07-23 13:01:00,"Chevron  ( CVX ) , QatarEnergy Partner Over Suriname Block 5 PSC",https://www.zacks.com/stock/news/2306996/chevron-cvx-qatarenergy-partner-over-suriname-block-5-psc,"Chevron (CVX) retains 40% interest in Block 5 offshore Suriname, with QatarEnergy acquiring 20% in the production sharing contract. The remaining 40% will be owned by Paradise Oil Company.",www.zacks.com,0.199756,Somewhat-Bullish,CVX,0.420316,0.256114,Somewhat-Bullish
2024-07-23 15:33:31,What the Options Market Tells Us About Chevron - Chevron  ( NYSE:CVX ) ,https://www.benzinga.com/insights/options/24/07/39910993/what-the-options-market-tells-us-about-chevron,"Investors with a lot of money to spend have taken a bearish stance on Chevron CVX. We noticed this today when the trades showed up on publicly available options history that we track here at Benzinga. Whether these are institutions or just wealthy individuals, we don't know.",www.benzinga.com,0.195933,Somewhat-Bullish,CVX,0.716023,0.327775,Somewhat-Bullish
2024-07-24 10:20:08,Should You Invest in the First Trust NASDAQ Oil & Gas ETF  ( FTXN ) ?,https://www.zacks.com/stock/news/2307470/should-you-invest-in-the-first-trust-nasdaq-oil-gas-etf-ftxn,Sector ETF report for ...,www.zacks.com,0.293777,Somewhat-Bullish,CVX,0.132733,0.070997,Neutral
2024-07-24 15:12:00,TotalEnergies  ( TTE )  to Report Q2 Earnings: What's in Store?,https://www.zacks.com/stock/news/2308042/totalenergies-tte-to-report-q2-earnings-whats-in-store,TotalEnergies' (TTE) second-quarter earnings are expected to have benefited from its multi-energy operation and multiple agreements to expand the company's LNG operations and serve customers globally.,www.zacks.com,0.354115,Bullish,CVX,0.117774,0.169702,Somewhat-Bullish
2024-07-24 21:45:22,Chevron  ( CVX )  Advances While Market Declines: Some Information for Investors,https://www.zacks.com/stock/news/2308269/chevron-cvx-advances-while-market-declines-some-information-for-investors,"Chevron (CVX) closed the most recent trading day at $155.07, moving +0.64% from the previous trading session.",www.zacks.com,0.099456,Neutral,CVX,0.531019,0.140562,Neutral
2024-07-26 07:51:00,Warren Buffett Is Raking in $5.26 Billion in Annual Dividend Income From These 7 Stocks,https://www.fool.com/investing/2024/07/26/warren-buffett-53-billion-dividend-income-7-stocks/,Seven core holdings account for the lion's share of the dividend income Berkshire Hathaway is expected to collect over the next year.,www.fool.com,0.248563,Somewhat-Bullish,CVX,0.204719,0.118724,Neutral
2024-07-26 13:00:17,Investors Heavily Search Chevron Corporation  ( CVX ) : Here is What You Need to Know,https://www.zacks.com/stock/news/2309787/investors-heavily-search-chevron-corporation-cvx-here-is-what-you-need-to-know,"Chevron (CVX) has been one of the stocks most watched by Zacks.com users lately. So, it is worth exploring what lies ahead for the stock.",www.zacks.com,0.228843,Somewhat-Bullish,CVX,0.523044,0.12192,Neutral
2024-07-26 14:00:25,Earnings Preview: Chevron  ( CVX )  Q2 Earnings Expected to Decline,https://www.zacks.com/stock/news/2310075/earnings-preview-chevron-cvx-q2-earnings-expected-to-decline,Chevron (CVX) doesn't possess the right combination of the two key ingredients for a likely earnings beat in its upcoming report. Get prepared with the key expectations.,www.zacks.com,0.14305,Neutral,CVX,0.29887,0.008817,Neutral
2024-07-28 09:02:00,3 No-Brainer Warren Buffett Stocks to Buy Right Now,https://www.fool.com/investing/2024/07/28/3-no-brainer-warren-buffett-stocks-to-buy-right-no/,"Legendary investor Warren Buffett has owned these stocks for a long time -- here's why you should buy them, too.",www.fool.com,0.273738,Somewhat-Bullish,CVX,0.310843,0.262096,Somewhat-Bullish
2024-07-28 10:33:00,Should You Buy the 3 Highest-Paying Dividend Stocks in the Dow Jones?,https://www.fool.com/investing/2024/07/28/should-you-buy-the-3-highest-paying-dividend-stock/,"Verizon, Dow Inc., and Chevron top the list for yield in the Dow 30. All three come with caveats.",www.fool.com,0.26075,Somewhat-Bullish,CVX,0.475918,0.432637,Bullish
2024-07-29 10:20:07,Should You Invest in the Vanguard Energy ETF  ( VDE ) ?,https://www.zacks.com/stock/news/2310484/should-you-invest-in-the-vanguard-energy-etf-vde,Sector ETF report for ...,www.zacks.com,0.270593,Somewhat-Bullish,CVX,0.134968,0.071604,Neutral
2024-07-29 10:25:11,"Apple, Amazon, Microsoft, Meta Lead The Charge As Investors Bank On Tech Cheer For Rally's Reacceleration: Week Ahead In Earnings - SPDR S&P 500  ( ARCA:SPY ) ",https://www.benzinga.com/analyst-ratings/analyst-color/24/07/40006542/apple-amazon-microsoft-meta-lead-the-charge-as-investors-bank-on-tech-cheer-for-ral,"The earnings reports of last week were a mixed bag, with some Tesla, Inc. TSLA, Alphabet, Inc. GOOGL GOOG and STMicroelectronics N.V. STM, among companies disappointing to the downside.",www.benzinga.com,0.113434,Neutral,CVX,0.070002,0.0,Neutral
2024-07-30 07:25:38,"Trump Accuses OPEC Of Manipulating Oil Prices To Favor Kamala Harris, Warns 'She Will Be A Disaster For The USA!' - Chevron  ( NYSE:CVX ) , ConocoPhillips  ( NYSE:COP ) ",https://www.benzinga.com/markets/equities/24/07/40029681/trump-accuses-opec-of-manipulating-oil-prices-to-favor-kamala-harris-warns-she-will-be-a-disaste,"Former President Donald Trump accused the Organization of the Petroleum Exporting Countries ( OPEC ) of deliberately driving down oil prices to benefit Vice President Kamala Harris, warning that her potential presidency could be a ""disaster"" for the U.S.",www.benzinga.com,0.036804,Neutral,CVX,0.129866,-0.20728,Somewhat-Bearish
2024-07-30 08:48:10,Warren Buffett's Berkshire Trims Position In Its Second Biggest Stock Holding By $3.2B This Month: What It Means For Investors? - Bank of America  ( NYSE:BAC ) ,https://www.benzinga.com/markets/equities/24/07/40030472/warren-buffetts-berkshire-trims-position-in-its-second-biggest-stock-holding-by-3-2b-this-month-,"Warren Buffett-led Berkshire Hathaway, Inc. BRKBRK is shaving off its ownership interest in Bank of America Corp.'s BAC, one of its core holdings, and on Monday the investment holding firm disclosed the third sale for the month.",www.benzinga.com,0.278253,Somewhat-Bullish,CVX,0.271777,0.165516,Somewhat-Bullish
2024-07-30 10:20:07,Should You Invest in the Energy Select Sector SPDR ETF  ( XLE ) ?,https://www.zacks.com/stock/news/2311494/should-you-invest-in-the-energy-select-sector-spdr-etf-xle,Sector ETF report for ...,www.zacks.com,0.245577,Somewhat-Bullish,CVX,0.134968,0.071604,Neutral
2024-07-30 12:35:00,Pre Q2 Earnings: How Should You Play ExxonMobil  ( XOM ) ?,https://www.zacks.com/stock/news/2311839/pre-q2-earnings-how-should-you-play-exxonmobil-xom,The merger with Pioneer Natural increases ExxonMobil's (XOM) debt load. Low gas prices and unfavorable industry margins might have adversely impacted XOM's Q2 earnings.,www.zacks.com,0.135771,Neutral,CVX,0.119532,0.077998,Neutral
2024-07-30 13:16:00,Is Chevron  ( CVX )  Stock a Buy Ahead of Q2 Earnings Release?,https://www.zacks.com/stock/news/2312058/is-chevron-cvx-stock-a-buy-ahead-of-q2-earnings-release,"As Chevron (CVX) gears up to report second-quarter earnings on Aug 2, let's find out how the expectations stack up. Also, is it the right time to buy the stock?",www.zacks.com,0.179979,Somewhat-Bullish,CVX,0.510742,0.307214,Somewhat-Bullish
2024-08-01 07:46:19,"Chevron's $53B Hess Deal Faces Uncertainty Amid Exxon And CNOOC Arbitration Claims - Chevron  ( NYSE:CVX ) , Hess  ( NYSE:HES ) ",https://www.benzinga.com/markets/equities/24/08/40091118/chevrons-53b-hess-deal-faces-uncertainty-amid-exxon-and-cnooc-arbitration-claims,"Exxon Mobil Corp XOM and its partner CNOOC Ltd have filed arbitration claims, asserting their right of first refusal to any sale of Hess Corp's HES stake in a Guyana oil-producing joint venture. This move could potentially hinder Chevron Corp's CVX proposed $53 billion acquisition of Hess.",www.benzinga.com,-0.043673,Neutral,CVX,0.571903,-0.003471,Neutral
2024-08-01 12:54:00,XOM or CVX: Which Stock Holds More Promise Ahead of Q2 Earnings?,https://www.zacks.com/stock/news/2314248/xom-or-cvx-which-stock-holds-more-promise-ahead-of-q2-earnings,"The merger with Pioneer Natural increases ExxonMobil's (XOM) debt load. Chevron (CVX), however, has successfully started extracting oil from the Mad Dog 2 project in the Gulf of Mexico.",www.zacks.com,0.241993,Somewhat-Bullish,CVX,0.498987,0.256427,Somewhat-Bullish
2024-08-02 06:25:16,"Amazon, Apple And 3 Stocks To Watch Heading Into Friday - Amazon.com  ( NASDAQ:AMZN ) ",https://www.benzinga.com/news/earnings/24/08/40122820/amazon-apple-and-3-stocks-to-watch-heading-into-friday,"With U.S. stock futures trading lower this morning on Friday, some of the stocks that may grab investor focus today are as follows: Wall Street expects Exxon Mobil Corp. XOM to report quarterly earnings at $2.01 per share on revenue of $90.99 billion before the opening bell, according to data ...",www.benzinga.com,0.267449,Somewhat-Bullish,CVX,0.399204,0.441437,Bullish
2024-08-02 06:33:44,Exxon Mobil Likely To Report Higher Q2 Earnings; Here Are The Recent Forecast Changes From Wall Street's Most Accurate Analysts - Exxon Mobil  ( NYSE:XOM ) ,https://www.benzinga.com/news/earnings/24/08/40122953/exxon-mobil-likely-to-report-higher-q2-earnings-here-are-the-recent-forecast-changes-from-wall-stre,"Exxon Mobil Corporation XOM is set to release earnings results for its second quarter, before the opening bell on Aug. 2, 2024. Analysts expect the Spring, Texas-based company to report quarterly earnings at $2.01 per share, up from $1.94 per share in the year-ago period.",www.benzinga.com,0.108267,Neutral,CVX,0.227007,-0.073747,Neutral
2024-08-02 06:38:22,"US Stocks Close Lower As Apple, Amazon Report Earnings: Greed Index Moves To 'Fear' Zone - Meta Platforms  ( NASDAQ:META ) ",https://www.benzinga.com/news/earnings/24/08/40123072/us-stocks-close-lower-as-apple-amazon-report-earnings-greed-index-moves-to-fear-zone,"The CNN Money Fear and Greed index showed a decline in the overall market sentiment, while the index moved to the ""Fear"" zone on Thursday. U.S. stocks settled lower on Thursday, with the Dow Jones index tumbling around 500 points during the session.",www.benzinga.com,-0.210549,Somewhat-Bearish,CVX,0.201523,0.0,Neutral
2024-08-02 06:58:11,Chevron Gears Up For Q2 Print; These Most Accurate Analysts Revise Forecasts Ahead Of Earnings Call - Chevron  ( NYSE:CVX ) ,https://www.benzinga.com/news/earnings/24/08/40123139/chevron-gears-up-for-q2-print-these-most-accurate-analysts-revise-forecasts-ahead-of-earnings-call,"Chevron Corporation CVX is expected to release earnings results for its second quarter, before the opening bell on Friday, Aug. 2. Analysts expect the San Ramon, California-based company to report quarterly earnings at $2.93 per share, down from $3.28 per share in the year-ago quarter.",www.benzinga.com,0.108233,Neutral,CVX,0.436009,0.192061,Somewhat-Bullish
2024-08-02 11:25:03,Chevron  ( CVX )  Misses Q2 Earnings Estimates,https://www.zacks.com/stock/news/2314950/chevron-cvx-misses-q2-earnings-estimates,"Chevron (CVX) delivered earnings and revenue surprises of -11.46% and 0.78%, respectively, for the quarter ended June 2024. Do the numbers hold clues to what lies ahead for the stock?",www.zacks.com,0.166286,Somewhat-Bullish,CVX,0.397098,0.201318,Somewhat-Bullish
2024-08-02 12:01:56,"Wall Street Set To Tumble As Macro Concerns Return, VIX Spikes And Global Markets Sell Off: Safe-Haven Gold Rises To Record High As Traders Eye July Jobs Data - Invesco QQQ Trust, Series 1  ( NASDAQ:QQQ ) , SPDR S&P 500  ( ARCA:SPY ) ",https://www.benzinga.com/news/earnings/24/08/40128529/wall-street-set-to-tumble-as-macro-concerns-return-vix-spikes-and-global-markets-sell-off-safe-have,U.S. stocks were priming for more losses on Friday as traders await the key non-farm payrolls report. Tech stocks could again take the brunt of the selling amid some sector-specific concerns and the ongoing rotation out of the sector.,www.benzinga.com,-0.148335,Neutral,CVX,0.10607,0.0,Neutral
2024-08-02 12:30:00,These 5 Dividend Stocks Account for 74% of Warren Buffett's $399 Billion Portfolio,https://www.fool.com/investing/2024/08/02/these-5-dividend-stocks-account-for-74-of-warren/,"If you're looking for good dividend stocks to hold, a good place to start is by looking at Berkshire's portfolio.",www.fool.com,0.29692,Somewhat-Bullish,CVX,0.225251,0.144513,Neutral
2024-08-02 14:46:00,"Chevron  ( CVX )  Q2 Earnings Miss on Natural Gas, Refining Woes",https://www.zacks.com/stock/news/2315451/chevron-cvx-q2-earnings-miss-on-natural-gas-refining-woes,Chevron (CVX) pays $3 billion in dividends during the second quarter and spends around $4 billion in capital and exploratory expenditures.,www.zacks.com,0.135394,Neutral,CVX,0.270773,0.153401,Somewhat-Bullish
2024-08-02 17:30:14,Chevron  ( CVX )  Q2 2024 Earnings Call Transcript,https://www.fool.com/earnings/call-transcripts/2024/08/02/chevron-cvx-q2-2024-earnings-call-transcript/,"CVX earnings call for the period ending June 30, 2024.",www.fool.com,0.285938,Somewhat-Bullish,CVX,0.080962,0.161947,Somewhat-Bullish
2024-08-02 20:29:24,"Chevron: Mixed Q2 Earnings, Revenue Up",https://www.fool.com/data-news/2024/08/02/chevron-mixed-q2-earnings-revenue-up/,Chevron reported mixed second-quarter results with a revenue beat but an earnings miss.,www.fool.com,0.258043,Somewhat-Bullish,CVX,0.427597,0.323109,Somewhat-Bullish
2024-08-03 10:29:00,Chevron Sent Shareholders $50 Billion Over the Last 2 Years  ( and There's a Lot More to Come ) ,https://www.fool.com/investing/2024/08/03/chevron-sent-shareholders-50-billion-over-the-last/,The oil giant is a cash-generating (and returning) machine.,www.fool.com,0.237131,Somewhat-Bullish,CVX,0.501722,0.325775,Somewhat-Bullish
2024-08-04 14:40:00,72% of Warren Buffett's Berkshire Hathaway Portfolio Is Invested in These 5 Dividend Stocks,https://www.fool.com/investing/2024/08/04/72-of-warren-buffetts-berkshire-hathaway-portfolio/,"Yes, Buffett loves dividends.",www.fool.com,0.363006,Bullish,CVX,0.33446,0.347863,Somewhat-Bullish
2024-08-04 15:33:40,"Chevron Uproots From California To Texas In Sign Of Rising Trend Among Corporations - AECOM  ( NYSE:ACM ) , CBRE Group  ( NYSE:CBRE ) ",https://www.benzinga.com/news/24/08/40150539/chevron-uproots-from-california-to-texas-in-sign-of-rising-trend-among-corporations,"In a significant corporate shift, Chevron CVX, a stalwart of California since 1879, has unveiled plans to relocate its headquarters to Texas. What Happened: The oil behemoth joins an expanding roster of companies that have chosen to uproot from California and set up shop in Texas.",www.benzinga.com,0.233578,Somewhat-Bullish,CVX,0.608634,0.152969,Somewhat-Bullish
2024-08-05 10:20:06,Should You Invest in the iShares U.S. Energy ETF  ( IYE ) ?,https://www.zacks.com/stock/news/2315693/should-you-invest-in-the-ishares-us-energy-etf-iye,Sector ETF report for ...,www.zacks.com,0.2637,Somewhat-Bullish,CVX,0.137278,0.072244,Neutral
2024-08-05 11:30:00,3 Warren Buffett Stocks to Buy Hand Over Fist in August,https://www.fool.com/investing/2024/08/05/3-warren-buffett-stocks-to-buy-hand-over-fist-in-a/,The Oracle of Omaha's reputation for picking winners remains intact. Feel free to follow his lead.,www.fool.com,0.276876,Somewhat-Bullish,CVX,0.147818,0.026746,Neutral
2024-08-05 12:53:00,What Prompted Chevron  ( CVX )  in Moving HQ Location to Texas?,https://www.zacks.com/stock/news/2316104/what-prompted-chevron-cvx-in-moving-hq-location-to-texas,"The move offers several benefits to Chevron (CVX), including a favorable business climate and proximity to industry resources.",www.zacks.com,0.301455,Somewhat-Bullish,CVX,0.34974,0.238464,Somewhat-Bullish
2024-08-05 13:19:00,"Company News for Aug 5, 2024",https://www.zacks.com/stock/news/2315943/company-news-for-aug-5-2024,"Companies In The Article Are:CVX,ARCB, MGA AND ...",www.zacks.com,0.186344,Somewhat-Bullish,CVX,0.576289,0.153759,Somewhat-Bullish
2024-08-05 15:19:22,"Chevron Misses Q2 Expectations Due To 'Weaker Upstream, Downstream Results' But Permian Production Hits New Record - Chevron  ( NYSE:CVX ) ",https://www.benzinga.com/analyst-ratings/analyst-color/24/08/40164602/chevron-misses-q2-expectations-due-to-weaker-upstream-downstream-results-but-permia,"Shares of Chevron Corp CVX tanked in early trading on Monday, as the company reported downbeat second-quarter results just days after unveiling plans to relocate its headquarters. The results came amid an exciting earnings season. Here are some key analyst takeaways.",www.benzinga.com,0.096298,Neutral,CVX,0.670305,0.127657,Neutral
2024-08-05 15:56:36,Warren Buffett's Apple Sell-Off Echoes Chevron Move: What It Means For Investors - Chevron  ( NYSE:CVX ) ,https://www.benzinga.com/top-stories/24/08/40165638/warren-buffetts-apple-sell-off-echoes-chevron-move-what-it-means-for-investors,"Warren Buffett's recent decision to trim Berkshire Hathaway's BRK BRK stake in Apple Inc. AAPL has caused quite a stir, with the tech giant's stock tumbling in premarket as well as day trading.",www.benzinga.com,0.20534,Somewhat-Bullish,CVX,0.779232,0.287299,Somewhat-Bullish
2024-08-05 16:30:00,"Energy ETFs in Focus as Exxon Beats, Chevron Disappoints",https://www.zacks.com/stock/news/2316327/energy-etfs-in-focus-as-exxon-beats-chevron-disappoints,Two energy behemoths - Exxon Mobil Corp. (XOM) and Chevron Corp. (CVX) - came up with varied second-quarter results recently.,www.zacks.com,0.321482,Somewhat-Bullish,CVX,0.47379,0.468549,Bullish
2024-08-06 13:00:18,Chevron Corporation  ( CVX )  Is a Trending Stock: Facts to Know Before Betting on It,https://www.zacks.com/stock/news/2316799/chevron-corporation-cvx-is-a-trending-stock-facts-to-know-before-betting-on-it,"Recently, Zacks.com users have been paying close attention to Chevron (CVX). This makes it worthwhile to examine what the stock has in store.",www.zacks.com,0.224653,Somewhat-Bullish,CVX,0.525907,0.096877,Neutral
2024-08-06 15:01:24,Decoding Chevron's Options Activity: What's the Big Picture? - Chevron  ( NYSE:CVX ) ,https://www.benzinga.com/insights/options/24/08/40193260/decoding-chevrons-options-activity-whats-the-big-picture,"Investors with significant funds have taken a bullish position in Chevron CVX, a development that retail traders should be aware of. This was brought to our attention today through our monitoring of publicly accessible options data at Benzinga.",www.benzinga.com,0.236961,Somewhat-Bullish,CVX,0.709186,0.392833,Bullish
2024-08-07 13:04:00,What is the Right Approach for Chevron  ( CVX )  Post Q2 Results?,https://www.zacks.com/stock/news/2318149/what-is-the-right-approach-for-chevron-cvx-post-q2-results,"Chevron's (CVX) oil production growth is impressive, with domestic output driven by the Permian and DJ Basins.",www.zacks.com,0.262191,Somewhat-Bullish,CVX,0.426007,0.423494,Bullish
2024-08-07 17:01:00,"Devon Energy  ( DVN )  Q2 Earnings Beat Estimates, '24 View Raised",https://www.zacks.com/stock/news/2318321/devon-energy-dvn-q2-earnings-beat-estimates-24-view-raised,Devon Energy's (DVN) second-quarter earnings are better than estimates and the company has raised 2024 guidance to accommodate the strong performance in the first half.,www.zacks.com,0.186746,Somewhat-Bullish,CVX,0.095327,0.0,Neutral
2024-08-08 10:20:05,Should WisdomTree U.S. High Dividend ETF  ( DHS )  Be on Your Investing Radar?,https://www.zacks.com/stock/news/2318763/should-wisdomtree-us-high-dividend-etf-dhs-be-on-your-investing-radar,Style Box ETF report for ...,www.zacks.com,0.217222,Somewhat-Bullish,CVX,0.121959,0.068236,Neutral
2024-08-08 15:19:00,"Occidental  ( OXY )  Q2 Earnings Surpass Estimates, Revenues Lag",https://www.zacks.com/stock/news/2319366/occidental-oxy-q2-earnings-surpass-estimates-revenues-lag,Occidental Petroleum's (OXY) second-quarter earnings are better than estimated. Strong production volume from domestic assets continues to drive the performance of the company.,www.zacks.com,0.151049,Somewhat-Bullish,CVX,0.119235,0.0,Neutral
2024-08-11 16:07:00,"Down Between 12% and 24% From Their 52-Week Highs, 3 Magnificent Dow Dividend Stocks to Buy Now",https://www.fool.com/investing/2024/08/11/down-big-from-highs-buy-dow-dividend-stocks/,Buying excellent companies when they are out of favor can be a winning strategy over the long term.,www.fool.com,0.234037,Somewhat-Bullish,CVX,0.436009,0.064493,Neutral
2024-08-12 09:06:00,Prediction: 2 Stocks Warren Buffett Is Selling That Wall Street Doesn't Know About,https://www.fool.com/investing/2024/08/12/prediction-2-stocks-warren-buffett-selling-wall-st/,"A big clue from Berkshire Hathaway's latest operating results strongly suggest he's paring down one of his top holdings, and may have completely exited his stake in another key value stock.",www.fool.com,0.151458,Somewhat-Bullish,CVX,0.177367,0.086901,Neutral
2024-08-12 10:20:06,Is WisdomTree U.S. High Dividend ETF  ( DHS )  a Strong ETF Right Now?,https://www.zacks.com/stock/news/2320403/is-wisdomtree-us-high-dividend-etf-dhs-a-strong-etf-right-now,Smart Beta ETF report for ...,www.zacks.com,0.249439,Somewhat-Bullish,CVX,0.115787,0.066792,Neutral
2024-08-12 11:00:48,"Chevron Executive Explains Why Company Followed Elon Musk's Steps To Move Base From California: 'In Texas, We're Welcome' - Chevron  ( NYSE:CVX ) ",https://www.benzinga.com/markets/equities/24/08/40309098/chevron-executive-explains-why-company-followed-elon-musks-steps-to-move-base-from-california-in,A Chevron Corp. CVX executive revealed that the company's decision to relocate its headquarters from California to Texas was primarily due to the challenging business environment in California.,www.benzinga.com,0.031257,Neutral,CVX,0.359447,0.096528,Neutral
2024-08-12 15:35:00,Pounce While You Still Can on These 3 High Yield Stocks,https://www.fool.com/investing/2024/08/12/pounce-while-you-still-can-on-these-3-high-yield-s/,These dividend yields might not stay this high for long.,www.fool.com,0.275886,Somewhat-Bullish,CVX,0.30158,0.163973,Somewhat-Bullish
2024-08-12 15:39:15,Chevron Makes Deepwater Breakthrough with High-Pressure Anchor Project - Chevron  ( NYSE:CVX ) ,https://www.benzinga.com/markets/equities/24/08/40317663/chevron-makes-deepwater-breakthrough-with-high-pressure-anchor-project,"Chevron Corporation CVX disclosed that it had begun oil and natural gas production from the Anchor project in the deepwater U.S. Gulf of Mexico. Chevron, via its subsidiary, operates the Anchor project with a 62.86% working interest, and TotalEnergies E&P USA, Inc. holds a 37.14% working interest.",www.benzinga.com,0.239068,Somewhat-Bullish,CVX,0.535653,0.403199,Bullish
2024-08-12 15:39:33,"Berkshire Hathaway Stock Up 19% So Far In 2024: How It Stacks Up Against Warren Buffett's Averages, S&P 500 - Apple  ( NASDAQ:AAPL ) , American Express  ( NYSE:AXP ) ",https://www.benzinga.com/general/education/24/08/40317667/berkshire-hathaway-stock-up-19-so-far-in-2024-how-it-stacks-up-against-warren-buffetts-averages,Legendary investor Warren Buffett has led conglomerate Berkshire Hathaway Inc BRK BRK for decades and produced market-beating returns in many cases. Here's a look at how Berkshire Hathaway stock has performed over the last 25 years and how it's 2024 performance compares to recent years.,www.benzinga.com,0.309332,Somewhat-Bullish,CVX,0.138066,0.080961,Neutral
2024-08-13 09:45:00,"ExxonMobil Is a Rock-Solid Dividend Stock, but So Are These High-Yield Stocks That Are Down Between 4% and 15% Over the Last Year",https://www.fool.com/investing/2024/08/13/exxonmobil-buy-dividend-stock-passive-income/,"Boost your passive income stream with these oil, gas, and renewable energy stocks.",www.fool.com,0.345993,Somewhat-Bullish,CVX,0.54213,0.440318,Bullish
2024-08-13 11:00:18,"Tesla's Elon Musk Warns Against Vilifying Oil And Gas Industry In Trump Interview, Cautions Against Rushing With Sustainable Energy Transition: 'It's Not Like The House Is On Fire Immediately' - United States Oil Fund  ( ARCA:USO ) ",https://www.benzinga.com/markets/equities/24/08/40333362/teslas-elon-musk-warns-against-vilifying-oil-and-gas-industry-in-trump-interview-cautions-agains,"Tesla, Inc. TSLA CEO Elon Musk, who is running a company that aims to move humanity toward a sustainable energy future and away from internal combustion engine ( ICE ) vehicles, batted for the oil and gas industry in an X interview with Republican presidential candidate Donald Trump late Monday.",www.benzinga.com,0.180747,Somewhat-Bullish,CVX,0.103778,0.370316,Bullish
2024-08-13 13:18:00,Chevron  ( CVX )  Transforms GoM Production With Anchor Start-Up,https://www.zacks.com/stock/news/2321377/chevron-cvx-transforms-gom-production-with-anchor-start-up,Chevron's (CVX) success with Anchor not only positions it as a leader in deepwater production but also sets a benchmark for future high-pressure offshore projects.,www.zacks.com,0.220763,Somewhat-Bullish,CVX,0.418689,0.261976,Somewhat-Bullish
2024-08-13 18:47:15,Market Whales and Their Recent Bets on CVX Options - Chevron  ( NYSE:CVX ) ,https://www.benzinga.com/insights/options/24/08/40348916/market-whales-and-their-recent-bets-on-cvx-options,"Investors with a lot of money to spend have taken a bearish stance on Chevron CVX. We noticed this today when the trades showed up on publicly available options history that we track here at Benzinga. Whether these are institutions or just wealthy individuals, we don't know.",www.benzinga.com,0.227824,Somewhat-Bullish,CVX,0.668563,0.411769,Bullish
2024-08-14 12:33:00,"Is ExxonMobil  ( XOM )  a Buy, Hold, or Sell After Q2 Earnings?",https://www.zacks.com/stock/news/2321934/is-exxonmobil-xom-a-buy-hold-or-sell-after-q2-earnings,"Permian & Guyana presence will continue to aid ExxonMobil (XOM), which recently reported strong Q2 earnings. However, the stock is overvalued.",www.zacks.com,0.326489,Somewhat-Bullish,CVX,0.158173,0.199688,Somewhat-Bullish
2024-08-15 03:36:09,"Warren Buffett Still Holds 400M Apple Shares, Reveals New Investments In Ulta Beauty And Heico - Elon Musk Calls Berkshire Hathaway's $277B Cash Reserves 'Wild' - Apple  ( NASDAQ:AAPL ) , Bank of America  ( NYSE:BAC ) ",https://www.benzinga.com/markets/equities/24/08/40385824/warren-buffett-still-holds-400m-apple-shares-reveals-new-investments-in-ulta-beauty-and-heico-el,"Warren Buffett, the legendary investor, has disclosed significant stock sales by Berkshire Hathaway Inc. BRK BRK in the second quarter, including a substantial reduction in its Apple Inc. AAPL holdings. What Happened: Buffett's company sold over 389 million Apple shares in the second quarter, ...",www.benzinga.com,0.169577,Somewhat-Bullish,CVX,0.137671,0.0,Neutral
2024-08-16 12:48:00,Don't Ignore These 3 Large-Cap Energy Stocks Yielding Over 4%,https://www.zacks.com/stock/news/2323069/dont-ignore-these-3-large-cap-energy-stocks-yielding-over-4,"Large-cap companies The Williams Companies (WMB), Chevron (CVX) and Canadian Natural Resources (CNQ) present an opportunity for long-term stability and reliable returns in the energy space.",www.zacks.com,0.229299,Somewhat-Bullish,CVX,0.361626,0.414406,Bullish
2024-08-16 13:08:00,Chevron  ( CVX )  to Pay $550M Settlement Over Richmond Refinery,https://www.zacks.com/stock/news/2323122/chevron-cvx-to-pay-550m-settlement-over-richmond-refinery,Chevron (CVX) agrees to pay $550 million over 10 years as a settlement to Richmond City Council for withdrawing a proposed tax on its Richmond refinery.,www.zacks.com,0.215787,Somewhat-Bullish,CVX,0.540358,0.145572,Neutral
2024-08-16 13:20:00,"Shell  ( SHEL ) , PetroChina Surat Gas Project Expansion Underway",https://www.zacks.com/stock/news/2323139/shell-shel-petrochina-surat-gas-project-expansion-underway,This development aligns with Shell's (SHEL) broader strategy to grow its LNG business by 20-30% by 2030.,www.zacks.com,0.317354,Somewhat-Bullish,CVX,0.331765,0.213422,Somewhat-Bullish
2024-08-19 08:41:00,Here Are All 10 Stocks Warren Buffett Is Selling,https://www.fool.com/investing/2024/08/19/here-are-all-10-stocks-warren-buffett-is-selling/,A record-setting quarter for stock sales means a lot of brand-name companies were sent to the chopping block by Warren Buffett and his investment team.,www.fool.com,0.175667,Somewhat-Bullish,CVX,0.138464,0.067528,Neutral
2024-08-19 09:00:00,Spotify and H&E Equipment have been highlighted as Zacks Bull and Bear of the Day,https://www.zacks.com/stock/news/2323460/spotify-and-he-equipment-have-been-highlighted-as-zacks-bull-and-bear-of-the-day,"Chicago, IL - August 19, 2024 - Zacks Equity Research shares Spotify Technology S.A. ( SPOT Quick QuoteSPOT - ) as the Bull of the Day and H&E Equipment Services, Inc. ( HEES Quick QuoteHEES - ) as the Bear of the Day.",www.zacks.com,0.214662,Somewhat-Bullish,CVX,0.140661,0.132167,Neutral
2024-08-19 11:58:00,Petrobras  ( PBR )  Q2 Earnings in Line on Production Growth,https://www.zacks.com/stock/news/2323611/petrobras-pbr-q2-earnings-in-line-on-production-growth,"As of Jun 30, 2024, Petrobras (PBR) records a net debt of $46,160 million. The company ends the quarter with cash and cash equivalents of $7,884 million.",www.zacks.com,0.101711,Neutral,CVX,0.147366,0.02338,Neutral
2024-08-19 13:00:18,Chevron Corporation  ( CVX )  is Attracting Investor Attention: Here is What You Should Know,https://www.zacks.com/stock/news/2323617/chevron-corporation-cvx-is-attracting-investor-attention-here-is-what-you-should-know,"Recently, Zacks.com users have been paying close attention to Chevron (CVX). This makes it worthwhile to examine what the stock has in store.",www.zacks.com,0.20413,Somewhat-Bullish,CVX,0.528798,0.109867,Neutral
2024-08-20 09:07:00,"Devon Energy Stock: Buy, Sell, or Hold?",https://www.fool.com/investing/2024/08/20/devon-energy-buy-sell-or-hold/,"Devon Energy just reported a strong operating quarter, but don't forget that oil and natural gas prices rule the day with this dividend stock.",www.fool.com,0.282485,Somewhat-Bullish,CVX,0.102668,0.110693,Neutral
2024-08-20 10:17:00,"Chevron Has a Lot of Growth Coming Down the Pipeline, Despite Delays for Its Needle-Moving Hess Acquisition",https://www.fool.com/investing/2024/08/20/chevron-has-a-lot-of-growth-coming-down-the-pipeli/,The energy giant is a free-cash-flow growth machine.,www.fool.com,0.249093,Somewhat-Bullish,CVX,0.478494,0.349223,Somewhat-Bullish
2024-08-20 12:22:00,Buffett Continues to Trim BAC Stake: Should You Sell the Stock?,https://www.zacks.com/stock/news/2324271/buffett-continues-to-trim-bac-stake-should-you-sell-the-stock,"Here, we are assessing whether to follow Warren Buffett and unload Bank of America (BAC) stock or pile it up at the current level to generate solid returns over time.",www.zacks.com,0.268774,Somewhat-Bullish,CVX,0.063848,0.0,Neutral
2024-08-20 15:31:03,What the Options Market Tells Us About Chevron - Chevron  ( NYSE:CVX ) ,https://www.benzinga.com/insights/options/24/08/40466802/what-the-options-market-tells-us-about-chevron,"Investors with a lot of money to spend have taken a bearish stance on Chevron CVX. We noticed this today when the trades showed up on publicly available options history that we track here at Benzinga. Whether these are institutions or just wealthy individuals, we don't know.",www.benzinga.com,0.264347,Somewhat-Bullish,CVX,0.71032,0.380615,Bullish
2024-08-20 16:16:17,Arbitration To Uncover Hidden Value Of Hess' Guyana Oil Assets In Exxon Mobil vs. Chevron Dispute: Report - Exxon Mobil  ( NYSE:XOM ) ,https://www.benzinga.com/markets/equities/24/08/40467815/arbitration-to-uncover-hidden-value-of-hess-guyana-oil-assets-in-exxon-mobil-vs-chevron-dispute-,Exxon Mobil Corporation XOM shares are trading lower on Tuesday. An arbitration panel deciding the high-profile dispute between Exxon Mobil and Chevron Corporation CVX will reportedly examine the hidden value of Hess Corporation's HES oil assets in Guyana.,www.benzinga.com,0.122734,Neutral,CVX,0.52706,0.080318,Neutral
2024-08-21 07:51:07,"Energy Giant Chevron To Plough $1B Into India's Bengaluru Tech Centre, Add 600 jobs - Chevron  ( NYSE:CVX ) ",https://www.benzinga.com/markets/asia/24/08/40478875/energy-giant-chevron-to-plough-1b-into-indias-bengaluru-tech-centre-add-600-jobs,"This story was originally published on the Benzinga India portal. United States-based energy powerhouse, Chevron CVX, has said it will inject $1 billion into the establishment of a technology center in the city of Bengaluru, India.",www.benzinga.com,0.438193,Bullish,CVX,0.782378,0.694667,Bullish
2024-08-21 09:06:00,Here Are All 45 Stocks Warren Buffett Holds for Berkshire Hathaway's $314 Billion Portfolio,https://www.fool.com/investing/2024/08/21/45-stocks-warren-buffett-hold-berkshire-hathaway/,"Despite the superficial appearance of being diversified, 79% of Berkshire Hathaway's $314 billion of invested assets can be traced to only eight brand-name holdings.",www.fool.com,0.230998,Somewhat-Bullish,CVX,0.066322,0.107806,Neutral
2024-08-21 12:30:00,Should You Buy Chevron While It's Below $150?,https://www.fool.com/investing/2024/08/21/should-you-buy-chevron-while-its-below-150/,"Share of the integrated oil giant have fallen dramatically over the past few months. Is it time to buy, or is there likely to be a better opportunity ahead?",www.fool.com,0.288285,Somewhat-Bullish,CVX,0.594341,0.345854,Somewhat-Bullish
2024-08-22 08:36:00,Worried About a Recession? Buy These 3 Top Dividend Stocks and Relax.,https://www.fool.com/investing/2024/08/22/worried-about-a-recession-buy-these-3-top-dividend/,"These battle-tested companies will let you sleep well at night, even during a recession.",www.fool.com,0.138573,Neutral,CVX,0.186378,-0.102272,Neutral
2024-08-22 09:41:00,"3 High-Yield Dividend Stocks That Could Soar More than 20%, According to Wall Street",https://www.fool.com/investing/2024/08/22/3-high-yield-dividend-stocks-that-could-soar-more/,"Even if analysts' price targets aren't reached, these stocks should pay investors handsomely to own them.",www.fool.com,0.199916,Somewhat-Bullish,CVX,0.301315,0.179983,Somewhat-Bullish
2024-08-22 10:43:00,"All It Takes Is $1,000 Invested in Coca-Cola and Each of These 3 Warren Buffett Dividend Stocks to Generate Over $100 in Passive Income Per Year",https://www.fool.com/investing/2024/08/22/buy-warren-buffett-dividend-stocks-passive-income/,There are plenty of ways to invest without targeting high-flying growth stocks.,www.fool.com,0.245949,Somewhat-Bullish,CVX,0.395012,0.161894,Somewhat-Bullish
2024-08-22 11:41:00,Big Oil Battle: ExxonMobil and Chevron Are Fighting Over This Oil-Rich Spot,https://www.fool.com/investing/2024/08/22/big-oil-battle-exxonmobil-and-chevron-are-fighting/,Exxon would love to own more of its offshore development in Guyana or at least keep it out of Chevron's hands.,www.fool.com,0.289049,Somewhat-Bullish,CVX,0.586141,0.433091,Bullish
2024-08-22 12:08:00,Chevron  ( CVX )  to Establish $1B Innovation Center in India,https://www.zacks.com/stock/news/2325510/chevron-cvx-to-establish-1b-innovation-center-in-india,"Chevron (CVX) announces a $1 billion investment for an engineering and innovation center in India, set to drive energy innovation and create hundreds of jobs.",www.zacks.com,0.526591,Bullish,CVX,0.533481,0.685066,Bullish
2024-08-22 16:14:33,What's Going On With Chevron Shares Thursday? - Chevron  ( NYSE:CVX ) ,https://www.benzinga.com/markets/equities/24/08/40512202/whats-going-on-with-chevron-shares-thursday,"Chevron Corp CVX shares are trading higher today. The company, through Chevron Australia New Ventures, has been granted a greenhouse gas ( GHG ) assessment permit offshore Western Australia.",www.benzinga.com,0.330507,Somewhat-Bullish,CVX,0.841536,0.520036,Bullish
2024-08-23 11:31:00,Chevron  ( CVX )  Secured New GHG Assessment Permit in Australia,https://www.zacks.com/stock/news/2326120/chevron-cvx-secured-new-ghg-assessment-permit-in-australia,"Chevron (CVX) secures a key greenhouse gas permit in Australia, boosting carbon capture efforts to meet global energy demands sustainably.",www.zacks.com,0.387185,Bullish,CVX,0.282234,0.363194,Bullish
2024-08-23 12:28:00,4 Integrated Energy Stocks to Watch Amid Industry Turbulence,https://www.zacks.com/commentary/2326128/4-integrated-energy-stocks-to-watch-amid-industry-turbulence,"Weak refining is hurting the Zacks Oil and Gas Integrated International industry's outlook. XOM, SHEL, BP & E will probably overcome market challenges.",www.zacks.com,0.305119,Somewhat-Bullish,CVX,0.145364,0.234513,Somewhat-Bullish
2024-08-23 18:10:04,"Chevron Secured New GHG Assessment Permit in Australia - Chevron  ( NYSE:CVX ) , MPLX  ( NYSE:MPLX ) ",https://www.benzinga.com/news/large-cap/24/08/40526637/chevron-secured-new-ghg-assessment-permit-in-australia,"Chevron Corporation's CVX subsidiary, Chevron Australia New Ventures Pty Ltd, secured a significant greenhouse gas ( ""GHG"" ) assessment permit for offshore Western Australia. This permit strengthens CVX's commitment to providing lower-carbon energy solutions.",www.benzinga.com,0.395676,Bullish,CVX,0.275522,0.362352,Bullish
2024-08-24 07:11:00,2 High-Yield Energy Stocks to Buy Hand Over Fist and 1 to Avoid,https://www.fool.com/investing/2024/08/24/2-high-yield-energy-stocks-to-buy-hand-over-fist-a/,"Devon Energy has a lofty yield, but you can't trust that yield like you can with these two energy giants.",www.fool.com,0.26877,Somewhat-Bullish,CVX,0.347058,0.378001,Bullish
2024-08-25 10:20:00,3 No-Brainer Billionaire-Owned Stocks to Buy Right Now,https://www.fool.com/investing/2024/08/25/3-no-brainer-billionaire-owned-stocks-to-buy-right/,Looking for investing inspiration? Combing through billionaires' portfolios is a great way to start.,www.fool.com,0.264089,Somewhat-Bullish,CVX,0.425428,0.459096,Bullish
2024-08-25 10:26:00,Chevron Continues to Take Steps to Capture This Potentially $4 Trillion Opportunity  ( But it Remains Well Behind Rival ExxonMobil ) ,https://www.fool.com/investing/2024/08/25/chevron-continues-to-take-steps-to-capture-this-po/,Carbon capture and storage could be a very lucrative market opportunity for oil companies.,www.fool.com,0.25575,Somewhat-Bullish,CVX,0.410338,0.41566,Bullish
2024-08-26 08:25:00,The Best-Performing Dow Dividend Stock Is Up Over 43% Year to Date. Is There More Room to Run?,https://www.fool.com/investing/2024/08/26/best-performing-dow-dividend-stock-up-big-walmart/,Walmart continues to blow expectations out of the water and is showing no signs of slowing.,www.fool.com,0.26012,Somewhat-Bullish,CVX,0.043658,0.175116,Somewhat-Bullish
2024-08-26 08:37:00,"The Best Warren Buffett Stocks to Buy With $1,000 Right Now",https://www.fool.com/investing/2024/08/26/the-best-warren-buffett-stocks-to-buy-with-1000-ri/,Feel free to poach a few of the Oracle of Omaha's picks. His track record speaks for itself.,www.fool.com,0.278878,Somewhat-Bullish,CVX,0.036532,0.11086,Neutral
2024-08-26 10:19:00,3 Franklin Templeton Mutual Funds for Sustainable Returns,https://www.zacks.com/stock/news/2326741/3-franklin-templeton-mutual-funds-for-sustainable-returns,"Franklin Templeton mutual funds like FQTEX, FNRAX and FKINX are wise picks for strategic, sustainable investing.",www.zacks.com,0.253093,Somewhat-Bullish,CVX,0.1331,0.0,Neutral
2024-08-26 13:29:00,"Zacks Industry Outlook Chevron, Shell, BP and Eni SpA",https://www.zacks.com/stock/news/2326950/zacks-industry-outlook-chevron-shell-bp-and-eni-spa,"Chevron, Shell, BP and Eni SpA have been highlighted in this Industry Outlook article.",www.zacks.com,0.307116,Somewhat-Bullish,CVX,0.16849,0.204477,Somewhat-Bullish
2024-08-26 15:18:17,Warren Buffett's Oil Pick Just Made Death Cross: Should Chevron Investors Be Concerned? - Chevron  ( NYSE:CVX ) ,https://www.benzinga.com/trading-ideas/technicals/24/08/40556031/warren-buffetts-oil-pick-just-made-a-death-cross-should-chevron-investors-be-concerned,"Legendary investor Warren Buffett's oil pick - Chevron Corp CVX - is currently navigating choppy waters. Chevron, a titan in the global energy sector, is the fifth-largest holding of the ""Oracle of Omaha's"" Berkshire Hathaway Inc BRK BRK portfolio.",www.benzinga.com,-0.191884,Somewhat-Bearish,CVX,0.437261,-0.276787,Somewhat-Bearish
2024-08-26 15:39:06,Exxon Bets Big On Oil: Expects Crude Demand To Defy Green Transition - Exxon Mobil  ( NYSE:XOM ) ,https://www.benzinga.com/markets/equities/24/08/40556466/exxon-bets-big-on-oil-expects-crude-demand-to-defy-green-transition,"Exxon Mobil Corporation XOM shares are trading higher on Monday. In its latest global oil outlook, the company stated that it expects crude demand to remain above 100 million barrels per day through 2050.",www.benzinga.com,0.121986,Neutral,CVX,0.179788,-0.081324,Neutral
2024-08-26 17:07:00,"Top Research Reports for Eli Lilly, Chevron & Abbott",https://www.zacks.com/research-daily/2327108/top-research-reports-for-eli-lilly-chevron-abbott,"Today's Research Daily features new research reports on 16 major stocks, including Eli Lilly and Company (LLY), Chevron Corporation (CVX) and Abbott Laboratories (ABT), as well as a micro-cap stocks Bridger Aerospace Group Holdings, Inc. (BAER).",www.zacks.com,0.346621,Somewhat-Bullish,CVX,0.158519,0.262474,Somewhat-Bullish
2024-08-27 06:30:00,"The Zacks Analyst Blog Eli Lilly, Chevron, Abbott and Bridger Aerospace",https://www.zacks.com/stock/news/2327368/the-zacks-analyst-blog-eli-lilly-chevron-abbott-and-bridger-aerospace,"Eli Lilly, Chevron, Abbott and Bridger Aerospace are included in this Analyst Blog.",www.zacks.com,0.292416,Somewhat-Bullish,CVX,0.206245,0.200844,Somewhat-Bullish
2024-08-27 10:43:00,Prediction: Chevron Will Prevail Over ExxonMobil and Close This Needle-Moving Acquisition,https://www.fool.com/investing/2024/08/27/prediction-chevron-will-prevail-over-exxonmobil-an/,Chevron's patience should pay off.,www.fool.com,0.308393,Somewhat-Bullish,CVX,0.573921,0.463975,Bullish
2024-08-27 16:57:00,"ExxonMobil Warns of Oil Supply Risks, Prices Could Surge 5X",https://www.zacks.com/stock/news/2327898/exxonmobil-warns-of-oil-supply-risks-prices-could-surge-5x,"XOM's analysis suggests that without sustained investment, global oil supply could shrink to 30 million bpd as early as 2030, potentially driving oil prices fivefold.",www.zacks.com,0.050911,Neutral,CVX,0.120733,0.054304,Neutral
2024-08-27 18:15:41,Chevron's Options Frenzy: What You Need to Know - Chevron  ( NYSE:CVX ) ,https://www.benzinga.com/insights/options/24/08/40585104/chevrons-options-frenzy-what-you-need-to-know,"Whales with a lot of money to spend have taken a noticeably bearish stance on Chevron. Looking at options history for Chevron CVX we detected 21 trades. If we consider the specifics of each trade, it is accurate to state that 42% of the investors opened trades with bullish expectations and 57% ...",www.benzinga.com,0.235069,Somewhat-Bullish,CVX,0.673107,0.31315,Somewhat-Bullish
2024-08-28 08:05:00,"Warren Buffett Has More Money Invested in This Than He Does Apple, AmEx, Bank of America, Coke, Chevron, and Oxy Combined",https://www.fool.com/investing/2024/08/28/warren-buffett-apple-amex-bank-america-chevron/,The legendary investor probably doesn't like having so much invested in this asset.,www.fool.com,0.263301,Somewhat-Bullish,CVX,0.127456,0.183155,Somewhat-Bullish
2024-08-28 10:20:00,Chevron-Led Group Faces Deadline for Aphrodite Gas Project,https://www.zacks.com/stock/news/2328037/chevron-led-group-faces-deadline-for-aphrodite-gas-project,CVX-led consortium faces a three-month deadline from the Cypriot government to expedite and revise its Aphrodite gas field development plan.,www.zacks.com,0.248723,Somewhat-Bullish,CVX,0.325208,0.146902,Neutral
2024-08-28 11:00:00,3 High-Yield Dividend Stocks With Payout Ratios Below 75%,https://www.fool.com/investing/2024/08/28/3-high-yield-dividend-stocks-with-payout-ratios-be/,"Unlock steady income and growth potential with these high-yield, low-risk dividend powerhouses.",www.fool.com,0.389569,Bullish,CVX,0.22335,0.304875,Somewhat-Bullish
2024-08-29 08:41:00,"All It Takes Is $2,500 Invested in Walmart and Each of These 2 Dow Dividend Stocks to Generate Over $200 in Passive Income Per Year",https://www.fool.com/investing/2024/08/29/all-it-takes-is-2500-invested-in-walmart-and-each/,These industry-leading companies should continue rewarding investors with dividend raises for years to come.,www.fool.com,0.317097,Somewhat-Bullish,CVX,0.383513,0.358683,Bullish
2024-08-29 12:28:00,"After Closing a $60 Billion Acquisition, ExxonMobil Is Doing a Little Housekeeping",https://www.fool.com/investing/2024/08/29/after-closing-a-60-billion-acquisition-exxonmobil/,ExxonMobil is selling some noncore assets to sharpen its focus on its best assets.,www.fool.com,0.31008,Somewhat-Bullish,CVX,0.229149,0.338079,Somewhat-Bullish
2024-08-29 18:45:00,"Volatility Worries? These Oil Stocks Resilient: CVX, COP, EOG",https://www.zacks.com/stock/news/2329201/volatility-worries-these-oil-stocks-resilient-cvx-cop-eog,"Investors should focus on financially resilient companies, like CVX, COP & EOG, as they can sustain operations & deliver value even in challenging market conditions.",www.zacks.com,0.188409,Somewhat-Bullish,CVX,0.26042,0.119741,Neutral
2024-08-30 13:00:18,Chevron Corporation  ( CVX )  Is a Trending Stock: Facts to Know Before Betting on It,https://www.zacks.com/stock/news/2329422/chevron-corporation-cvx-is-a-trending-stock-facts-to-know-before-betting-on-it,"Recently, Zacks.com users have been paying close attention to Chevron (CVX). This makes it worthwhile to examine what the stock has in store.",www.zacks.com,0.208745,Somewhat-Bullish,CVX,0.523995,0.109493,Neutral
2024-08-30 13:03:43,Top Dividend Stocks To Invest In September 2024? 2 To Watch,https://stockmarket.com/featured/top-dividend-stocks-to-invest-in-september-2024-2-to-watch-2024-08-30,"Dividends are regular payments companies make to their shareholders from their profits. Dividend stocks are shares in these companies that consistently pay out dividends. These stocks are often associated with mature, stable companies that have steady cash flows.",stockmarket.com,0.305706,Somewhat-Bullish,CVX,0.577527,0.435244,Bullish
2024-08-31 22:44:00,"Forget Devon Energy, These Unstoppable High-Yield Stocks Are Better Buys",https://www.fool.com/investing/2024/08/31/forget-devon-energy-these-unstoppable-high-yield-s/,"Devon Energy is a good energy stock, but not a great income stock. These two alternatives will be better options for most income investors.",www.fool.com,0.300654,Somewhat-Bullish,CVX,0.358521,0.310646,Somewhat-Bullish
