time,title,url,summary,source,overall_sentiment_score,overall_sentiment_label,ticker,ticker_relevance_score,ticker_sentiment_score,ticker_sentiment_label
2024-04-01 09:00:01,How Dana Walden could defy critics and become Disney's first female CEO,https://www.cnbc.com/2024/04/01/disney-ceo-race-dana-walden-could-defy-critics-and-make-history.html,"Walden has proven herself as a top TV executive, but some ex-Disney executives question whether her resume is suitable for the Disney CEO job.",www.cnbc.com,0.161216,Somewhat-Bullish,DIS,0.010772,0.034412,Neutral
2024-04-01 15:35:00,The Dow's Fastest-Moving Stock May Be About To Settle It's Board Dispute,https://www.investors.com/news/disney-dows-fastest-moving-stock-may-be-about-to-settle-its-board-dispute/,Dow Jones entertainment giant Disney ( DIS ) may finally settle its long-standing board battle during its annual shareholder meeting scheduled for Wednesday. BofA hiked its price target on Disney stock Monday as it continues rallying to start the year.,www.investors.com,0.18075,Somewhat-Bullish,DIS,0.253514,-0.110175,Neutral
2024-04-01 20:17:00,"Rising TV Star Dara Reneé, 'Shark Tank' Investor Daymond John, Hollywood Veteran Lance Gross and Olympian Sanya Richards-Ross Among the Celebrities Participating in Disney Dreamers Academy",https://www.benzinga.com/pressreleases/24/04/n38033230/rising-tv-star-dara-renee-shark-tank-investor-daymond-john-hollywood-veteran-lance-gross-and-olymp,"Reneé, 'Descendants: The Rise of Red' star, serves as the 'DREAMbassador' for the program's 100 selected teens at the 17th annual Walt Disney World mentoring event this week",www.benzinga.com,0.365616,Bullish,DIS,0.042571,0.152202,Somewhat-Bullish
2024-04-02 12:32:52,"Disney Stock Set For 20% Upside As Bob Iger's Turnaround Strategy Gains Momentum, Says BofA: 'Appears To be In Command And Control And On A Growth Offensive' - Walt Disney  ( NYSE:DIS ) ",https://www.benzinga.com/analyst-ratings/analyst-color/24/04/38045229/disney-stock-set-for-20-upside-as-bob-igers-turnaround-strategy-gains-momentum-says,"The Walt Disney Company's DIS stock is poised for a 20% rise as Bob Iger's turnaround strategy begins to bear fruit, according to a note from Bank of America released on Monday. What Happened: Bank of America analyst Jessica Reif Ehrlich maintains that Iger's growth-focused approach appears to be ...",www.benzinga.com,0.271334,Somewhat-Bullish,DIS,0.191929,0.103335,Neutral
2024-04-02 13:00:00,Josh Bersin Company's Irresistible 2024 Confirms Stellar Speaker Line-Up and Global HR Leader Agenda,https://www.prnewswire.com/news-releases/josh-bersin-companys-irresistible-2024-confirms-stellar-speaker-line-up-and-global-hr-leader-agenda-302105802.html,"• HR leaders from Marriott International, Microsoft, Accenture, IBM, The Coca-Cola Company and The Walt Disney Company among keynote speakers and session hosts at the third successive Irresistible • AI and its challenges and opportunities expected to be center stage of the conference • TED-style ...",www.prnewswire.com,0.425864,Bullish,DIS,0.047092,0.115451,Neutral
2024-04-02 16:00:00,METRO ART PRESENTS: KJAZZ TRACKS AT UNION STATION,https://www.benzinga.com/pressreleases/24/04/n38051786/metro-art-presents-kjazz-tracks-at-union-station,"Free energetic live jazz music performances in the station's historic Ticket Concourse will bring art and culture to the heart of downtown LA. LOS ANGELES, April 2, 2024 /PRNewswire/ -- In celebration of Jazz Appreciation Month, Metro Art and KJazz are teaming up for KJazz Tracks at Union Station ...",www.benzinga.com,0.341885,Somewhat-Bullish,DIS,0.03786,0.148325,Neutral
2024-04-02 17:54:09,"Walt Disney's Proxy Tug of War Pulls Shares to 52-Week Highs - Procter & Gamble  ( NYSE:PG ) , Walt Disney  ( NYSE:DIS ) ",https://www.benzinga.com/news/24/04/38047810/walt-disneys-proxy-tug-of-war-pulls-shares-to-52-week-highs,"The Walt Disney Co. DIS shares have been surging to 52-week highs, but not necessarily due to material improvements in operations. There is a proxy war being undertaken between billionaire activist investor Nelson Peltz of the Trian Fund and the Walt Disney CEO Bob Iger.",www.benzinga.com,0.155285,Somewhat-Bullish,DIS,0.242406,0.220346,Somewhat-Bullish
2024-04-02 20:03:53,Here's What's at Stake in Disney's Proxy Battle With Nelson Peltz,https://www.kiplinger.com/investing/stocks/heres-whats-at-stake-in-disneys-proxy-battle-with-nelson-peltz,The Walt Disney Company's ( DIS ) ongoing proxy battle against Nelson Peltz's Trian Partners has intensified as the results of the shareholder vote are expected to be announced at the annual stockholders meeting on Wednesday.,www.kiplinger.com,0.091045,Neutral,DIS,0.163354,-0.100282,Neutral
2024-04-03 12:29:20,"Walt Disney, Pinterest And 2 Other Stocks Insiders Are Selling - Pinterest  ( NYSE:PINS ) , Walt Disney  ( NYSE:DIS ) ",https://www.benzinga.com/news/24/04/38067548/walt-disney-pinterest-and-2-other-stocks-insiders-are-selling,"The Nasdaq 100 closed lower by around 0.9% on Tuesday. Investors, meanwhile, focused on some notable insider trades. When insiders sell shares, it could be a preplanned sale, or could indicate their concern in the company's prospects or that they view the stock as being overpriced.",www.benzinga.com,0.205982,Somewhat-Bullish,DIS,0.163354,0.218779,Somewhat-Bullish
2024-04-03 14:06:00,Disney proxy battle is about a lot more than just two board seats,https://www.businessinsider.com/disney-proxy-vote-bob-iger-nelson-peltz-board-seats-ceo-2024-3,Disney vote is about a lot more than just two board seats - Business Insider ...,www.businessinsider.com,0.095283,Neutral,DIS,0.032646,0.012543,Neutral
2024-04-03 17:25:04,Trian Comments on Preliminary Results of Disney Annual Meeting - Walt Disney  ( NYSE:DIS ) ,https://www.benzinga.com/pressreleases/24/04/g38074993/trian-comments-on-preliminary-results-of-disney-annual-meeting,"NEW YORK, April 03, 2024 ( GLOBE NEWSWIRE ) -- The Trian Group,1 which beneficially owns over $3.5 billion of common stock in The Walt Disney Company DIS, today commented on the preliminary results from Disney's 2024 Annual Meeting of Shareholders, which indicated that Nelson Peltz and Jay ...",www.benzinga.com,0.239065,Somewhat-Bullish,DIS,0.120431,0.05995,Neutral
2024-04-03 21:17:00,Stock market today: Wall Street holds firmer in mixed trading after its worst day in weeks,https://apnews.com/article/stock-markets-inflation-ae64cbb7a42eb0b9d050a09da68d7c7b,"NEW YORK ( AP ) - U.S. stocks held firmer Wednesday, a day after their worst drop in weeks. The S&P 500 inched up by 5.68 points, or 0.1%, to 5,211.49 The Dow Jones Industrial Average slipped 43.10, or 0.1%, to 39,127.14, and the Nasdaq composite added 37.01, or 0.2%, to 16,277.46.",apnews.com,-0.109456,Neutral,DIS,0.055236,-0.067038,Neutral
2024-04-04 05:35:34,Jim Cramer Raises Disney Stock Red Flag After Nelson Peltz's Board Seat Loss - Walt Disney  ( NYSE:DIS ) ,https://www.benzinga.com/markets/equities/24/04/38084159/jim-cramer-raises-disney-stock-red-flag-after-nelson-peltzs-board-seat-loss,CNBC host Jim Cramer says activist investor Nelson Peltz's recent defeat in his bid for a seat on the Walt Disney Co DIS board has raised concerns about the company's stock. What Happened: Cramer expressed his apprehension about Disney's stock following Peltz's failed attempt to secure two board ...,www.benzinga.com,0.019591,Neutral,DIS,0.218817,-0.265266,Somewhat-Bearish
2024-04-04 08:07:45,"Disney Boardroom Battle Was Not Targeted At Bob Iger, But Holding The Board Accountable, Says 13D Founder - Jeffrey Sonnenfeld Disagrees - Walt Disney  ( NYSE:DIS ) ",https://www.benzinga.com/news/24/04/38084936/disney-boardroom-battle-was-not-targeted-at-bob-iger-but-holding-the-board-accountable-says-13d-foun,"On Tuesday, while appearing on CNBC's ""Last Call,"" Ken Squire, the founder and president of 13D Monitor, shared his perspective on the boardroom battle at Walt Disney Co. DIS, saying it was not targeted at Bob Iger.",www.benzinga.com,0.061882,Neutral,DIS,0.16849,0.070592,Neutral
2024-04-04 12:08:19,Who Will Be Disney's Next CEO? Hunt For Bob Iger's Successor Accelerates As Boardroom Drama With Activist Investor Settles Down - Walt Disney  ( NYSE:DIS ) ,https://www.benzinga.com/news/24/04/38088716/who-will-be-disneys-next-ceo-hunt-for-bob-igers-successor-accelerates-as-boardroom-drama-with-activi,"The search for a new CEO at The Walt Disney Company DIS has intensified, following the end of a protracted proxy battle with activist investor Nelson Peltz. What Happened: Disney's board has repeatedly delayed decisions regarding Iger's successor, pushing back his retirement date on five ...",www.benzinga.com,0.192662,Somewhat-Bullish,DIS,0.18602,-0.252864,Somewhat-Bearish
2024-04-04 14:14:00,ProvisionAi Hosts Theatre Session on Supply Chain Challenges at the Gartner Supply Chain Symposium/Xpo™,https://www.benzinga.com/pressreleases/24/04/g38092585/provisionai-hosts-theatre-session-on-supply-chain-challenges-at-the-gartner-supply-chain-symposium,"FRANKLIN, Tenn., April 04, 2024 ( GLOBE NEWSWIRE ) -- ProvisionAi, the only provider of a patented optimized replenishment transportation scheduling solution, announces the company will be hosting a Theatre Session at the Gartner Supply Chain Symposium/Xpo™ with Ron Sweet, Senior Consultant, ...",www.benzinga.com,0.41766,Bullish,DIS,0.053153,0.111663,Neutral
2024-04-04 15:53:39,Disney board fends off Peltz infiltration bid,https://theweek.com/business/disney-iger-peltz-proxy-battle,"Shareholders in the Walt Disney Co. voted down an effort by activist investor Nelson Peltz to join Disney's board on Wednesday, marking the second time in two years that Peltz's Trian Partners hedge fund has failed to infiltrate the company's governing body.",theweek.com,0.096779,Neutral,DIS,0.061315,-0.071175,Neutral
2024-04-04 19:48:00,Revealed: The Most Successful Boss Of Disneyland Paris,https://www.forbes.com/sites/carolinereid/2024/04/04/revealed-the-most-successful-boss-of-disneyland-paris/,For years Disney's theme parks have been the crown jewels of its portfolio generating more profit than any of its other divisions. One of the few exceptions has been Disneyland Paris which is famous for its losses. It has had ten bosses over the past 32 years and only two of them have presided ...,www.forbes.com,0.123722,Neutral,DIS,0.020096,0.152112,Somewhat-Bullish
2024-04-04 21:30:20,Does 'The First Omen' Have An End Credits Scene?,https://www.forbes.com/sites/timlammers/2024/04/04/does-the-first-omen-have-an-end-credits-scene/,The First Omen - an unnerving prequel to the 1976 horror film classic The Omen - is new in theaters. But is there an end credits scene that serves as an omen of more terrifying things to come?,www.forbes.com,0.0,Neutral,DIS,0.036756,0.019176,Neutral
2024-04-05 03:12:00,"Losing Fight With Disney Nets Nelson Peltz A $300M Payday, But Experts Say It Was 'A Grand Waste Of Time' - Walt Disney  ( NYSE:DIS ) ",https://www.benzinga.com/news/24/04/38104204/losing-fight-with-disney-nets-nelson-peltz-a-300m-payday-but-experts-say-it-was-a-grand-waste-of-tim,"The long-standing proxy battle between The Walt Disney Company DIS and billionaire activist investor Nelson Peltz has come to an end, yielding a $300 million profit for Peltz's hedge fund, Trian Partners.",www.benzinga.com,0.169782,Somewhat-Bullish,DIS,0.183198,-0.076812,Neutral
2024-04-05 05:44:04,"Elon Musk's Feud With Bob Iger Rages On, But His Bromance With Nelson Peltz Is Going Strong: 'His Ideas Are Beyond Anything...' - Walt Disney  ( NYSE:DIS ) ",https://www.benzinga.com/news/24/04/38104809/elon-musk-is-very-vocal-about-his-animosity-toward-bob-iger-but-his-bromance-with-nelson-peltz-is-go,"In an interview on Thursday, activist investor Nelson Peltz praised billionaire entrepreneur Elon Musk, calling him a ""brilliant guy"" with ""no ego.""",www.benzinga.com,0.311155,Somewhat-Bullish,DIS,0.172097,0.368459,Bullish
2024-04-05 10:49:11,Bob Iger Once Thought Apple And Disney Merger Would Have Happened If His Friend Steve Jobs Lived: 'I Think We Would Have Gotten There' - Walt Disney  ( NYSE:DIS ) ,https://www.benzinga.com/general/entertainment/24/04/38106812/bob-iger-once-thought-apple-and-disney-merger-would-have-happened-if-his-friend-steve-jobs-,"The Walt Disney Co. DIS CEO Bob Iger once wanted to merge the Mouse House with Apple Inc. AAPL, but the idea fell by the wayside due to Steve Jobs's death. What Happened: In his 2019 book, Iger expressed his conviction that a merger between Apple and Disney would have been inevitable had Jobs not ...",www.benzinga.com,0.101487,Neutral,DIS,0.172713,-0.374588,Bearish
2024-04-05 13:00:10,TikTok gets more aggressive to counter US ban as ByteDance stays hands-off,https://www.scmp.com/tech/big-tech/article/3257990/tiktok-owner-bytedance-stays-hands-video-app-faces-us-ban-leaving-local-team-become-more-aggressive,"Beijing-based ByteDance has left the US TikTok team lead its own response in countering legislation that would kick it out of domestic app stores, sources say.",www.scmp.com,0.01907,Neutral,DIS,0.044386,0.0,Neutral
2024-04-05 14:58:49,Disney's Netflix-Like Password Sharing Crackdown Begins This June As Bob Iger Tries To 'Increase Engagement' - Walt Disney  ( NYSE:DIS ) ,https://www.benzinga.com/general/entertainment/24/04/38111752/disneys-netflix-like-password-sharing-crackdown-begins-this-june-as-bob-iger-tries-to-incre,"The Walt Disney Co. DIS CEO Bob Iger revealed that the Mouse House will start its password-sharing crackdown in June. What Happened: Iger disclosed the company's plans to CNBC, stating that the new policy will be implemented in a few countries and markets initially, with a global rollout ...",www.benzinga.com,0.242003,Somewhat-Bullish,DIS,0.209365,0.0,Neutral
2024-04-05 16:54:00,Disney  ( DIS )  Plans to Enforce Stricter Password-Sharing Rules,https://www.zacks.com/stock/news/2251408/disney-dis-plans-to-enforce-stricter-password-sharing-rules,"Disney (DIS) intends to enforce stricter measures against the sharing of passwords for its streaming platform, which is expected to aid subscriber growth in the near term.",www.zacks.com,0.286842,Somewhat-Bullish,DIS,0.227007,0.232102,Somewhat-Bullish
2024-04-05 19:17:43,"'Mandalorian & Grogu,' 'Toy Story 5' and another 'Tron' coming to theaters from Disney",https://www.cnbc.com/2024/04/05/disney-slate-mandalorian-grogu-toy-story-5-and-another-tron.html,"Disney has updated its theatrical slate, and alongside the Mandalorian and Grogu, moviegoers will see a fifth ""Toy Story"" film and another ""Tron"" flick.",www.cnbc.com,-0.002403,Neutral,DIS,0.138464,0.096907,Neutral
2024-04-07 12:00:01,Disney's parks are its top money maker - and it plans to spend $60 billion to keep it that way,https://www.cnbc.com/2024/04/07/disney-parks-are-its-top-money-maker-its-spending-to-keep-it-that-way.html,"Disney's parks unit is thriving as its studio and streaming businesses stagnate, and it's investing in innovations and new attractions.",www.cnbc.com,0.184759,Somewhat-Bullish,DIS,0.018554,0.0,Neutral
2024-04-08 07:00:00,Celebrities Help Deliver Rousing Sendoff to 100 Teens During Disney Dreamers Academy Commencement Ceremony ... - PR Newswire,https://www.prnewswire.com/news-releases/celebrities-help-deliver-rousing-sendoff-to-100-teens-during-disney-dreamers-academy-commencement-ceremony-at-walt-disney-world-resort-in-florida-302110004.html,Celebrities Help Deliver Rousing Sendoff to 100 Teens During Disney Dreamers Academy Commencement Ceremony ... PR ...,www.prnewswire.com,0.3935,Bullish,DIS,0.06211,0.258352,Somewhat-Bullish
2024-04-08 12:00:36,Disney To Rally Around 10%? Here Are 10 Top Analyst Forecasts For Monday - Walt Disney  ( NYSE:DIS ) ,https://www.benzinga.com/news/24/04/38140071/disney-to-rally-around-10-here-are-10-top-analyst-forecasts-for-monday,"Top Wall Street analysts changed their outlook on these top names. For a complete view of all analyst rating changes, including upgrades and downgrades, please see our analyst ratings page. Canaccord Genuity boosted the price target for CervoMed Inc. CRVO from $50 to $65.",www.benzinga.com,0.213921,Somewhat-Bullish,DIS,0.151064,0.150509,Somewhat-Bullish
2024-04-08 12:03:00,"Beat the Market the Zacks Way: Fiserv, Hormel Foods, Modine Manufacturing in Focus",https://www.zacks.com/stock/news/2251796/beat-the-market-the-zacks-way-fiserv-hormel-foods-modine-manufacturing-in-focus,Our time-tested methodologies were at work to help investors navigate the market well last week. Here are some of our key performance data from the past three months.,www.zacks.com,0.188581,Somewhat-Bullish,DIS,0.065238,0.089104,Neutral
2024-04-08 15:47:00,Does the Walt Disney Company Still Have the Magic?,https://www.zacks.com/commentary/2252084/does-the-walt-disney-company-still-have-the-magic,Disney stock is hitting 52-week highs amid a flurry of brokerage upgrades and price target hikes.,www.zacks.com,0.334756,Somewhat-Bullish,DIS,0.151858,0.112307,Neutral
2024-04-08 15:59:02,'Limiting presidential legacies',https://theweek.com/politics/trump-could-change-legacy-by-limiting-presidential-power,"Anyone ""who splashes his name on tall buildings"" cares about legacy, says Andy Kessler.",theweek.com,0.087241,Neutral,DIS,0.056011,0.03626,Neutral
2024-04-09 12:00:00,Kartoon Studios Reports Strong Progress and Provides Business Update for the Fourth Quarter and Full Year of 2023,https://www.globenewswire.com/news-release/2024/04/09/2859961/0/en/Kartoon-Studios-Reports-Strong-Progress-and-Provides-Business-Update-for-the-Fourth-Quarter-and-Full-Year-of-2023.html,"Projected Growth and Cost Saving Initiatives Driving Company Towards Profitability as Animated Characters, Catalogue of Animated Episodes, and Broadcast Assets, All Grow ...",www.globenewswire.com,0.352973,Bullish,DIS,0.017256,0.192119,Somewhat-Bullish
2024-04-09 12:49:00,Disney's  ( DIS )  Marvel & Coca-Cola Team Up for Global Campaign,https://www.zacks.com/stock/news/2252400/disneys-dis-marvel-coca-cola-team-up-for-global-campaign,Disney's (DIS) Marvel and Coca-Cola collaborate for an extraordinary global campaign to showcase popular Marvel characters.,www.zacks.com,0.472464,Bullish,DIS,0.24847,0.444846,Bullish
2024-04-09 13:44:00,Archrock and Diebold Nixdorf have been highlighted as Zacks Bull and Bear of the Day,https://www.zacks.com/stock/news/2252725/archrock-and-diebold-nixdorf-have-been-highlighted-as-zacks-bull-and-bear-of-the-day,Archrock and Diebold Nixdorf are part of the Zacks Bull and Bear of the Day article.,www.zacks.com,0.230304,Somewhat-Bullish,DIS,0.102558,0.078393,Neutral
2024-04-09 15:01:00,JAKKS Pacific  ( JAKK )  Unveils Partnership With Epic Story Media,https://www.zacks.com/stock/news/2252848/jakks-pacific-jakk-unveils-partnership-with-epic-story-media,JAKKS Pacific (JAKK) partners with Epic Story Media partnership to launch a content and licensing program concerning Wild Manes. The company intends to develop a franchise ecosystem.,www.zacks.com,0.241835,Somewhat-Bullish,DIS,0.055236,0.136995,Neutral
2024-04-10 00:31:00,Disney announces changes to disability access for guests at its theme parks,https://www.foxbusiness.com/lifestyle/disney-announces-changes-disability-access-guests-theme-parks,"Disney is set to overhaul its disability access services at its California and Florida theme parks, the company announced on Tuesday, April 9. The changes were announced in updates to the ""Disability Access Service ( DAS ) "" pages on the Disneyland and Walt Disney World websites.",www.foxbusiness.com,0.070617,Neutral,DIS,0.078354,-0.004088,Neutral
2024-04-10 03:33:00,Family Entertainment Center Market Projected to Reach $110.97 billion by 2030 - Exclusive Report by 360iResearch,https://www.benzinga.com/pressreleases/24/04/n38176005/family-entertainment-center-market-projected-to-reach-110-97-billion-by-2030-exclusive-report-by-3,"PUNE, India, April 9, 2024 /PRNewswire/ -- The report titled ""Family Entertainment Center Market by Revenue Source ( Advertisement, Entry Fees & Ticket Sales, Food & Beverages ) , Type ( Adult Entertainment Centers, Children's Edutainment Centers, Children's Entertainment Centers ) , Facility ...",www.benzinga.com,0.527108,Bullish,DIS,0.035983,0.177118,Somewhat-Bullish
2024-04-10 12:30:00,Kartoon Studios Announces Major Expansion of Stan Lee Business With Launch of Dedicated Stan Lee Store on Amazon.com - Kartoon Studios  ( AMEX:TOON ) ,https://www.benzinga.com/pressreleases/24/04/g38181136/kartoon-studios-announces-major-expansion-of-stan-lee-business-with-launch-of-dedicated-stan-lee-s,"BEVERLY HILLS, Calif., April 10, 2024 ( GLOBE NEWSWIRE ) -- Kartoon Studios TOON, the controlling partner of ""Stan Lee Universe, LLC,"" launches a new dedicated Stan Lee storefront on Amazon, powered by Meteor.",www.benzinga.com,0.459809,Bullish,DIS,0.046184,0.161314,Somewhat-Bullish
2024-04-10 15:00:00,"Kartoon Studios Launches ""Stan Lee Presents"" on YouTube",https://www.globenewswire.com/news-release/2024/04/10/2860926/0/en/Kartoon-Studios-Launches-Stan-Lee-Presents-on-YouTube.html,"Newly Branded Global Channel with 300,000+ Subscribers Pays Tribute to Stan Lee, Offering Exclusive Content from and Inspired by the ""Godfather of Comics"" ...",www.globenewswire.com,0.286714,Somewhat-Bullish,DIS,0.087291,0.129986,Neutral
2024-04-10 17:00:00,JOHN ROOD NAMED CHIEF BRAND & COMMUNICATIONS OFFICER FOR MAGID,https://www.benzinga.com/pressreleases/24/04/n38187928/john-rood-named-chief-brand-communications-officer-for-magid,"Entertainment marketing veteran ( Disney, Warner Bros. ) to lead marketing and communications as Magid grows its scale and leading position in consumer intelligence and activation.",www.benzinga.com,0.420183,Bullish,DIS,0.073773,-0.081627,Neutral
2024-04-11 04:25:00,"Outside roles by NBC's Conde, others reveal a journalism ethics issue: being paid to sit on boards",https://apnews.com/article/news-conflict-interest-journalists-ethics-41991adc7d545ba4581104bdec833ec2,"NEW YORK ( AP ) - As NBC News Group chairman, Cesar Conde, is already busy overseeing the network's broadcast and digital news operations, along with CNBC, MSNBC, Telemundo and NBC-owned local affiliates. Yet the executive also has a second paid job.",apnews.com,0.004831,Neutral,DIS,0.031446,0.0,Neutral
2024-04-11 18:11:17,Disney CEO Bob Iger Says Disney+ Is Banning Password Sharing Starting in June - Netflix  ( NASDAQ:NFLX ) ,https://www.benzinga.com/news/24/04/38188866/disney-ceo-bob-iger-says-disney-is-banning-password-sharing-starting-in-june,"In an interview with CNBC last week, Disney CEO Bob Iger said that a Disney+ password-sharing crackdown will begin in June in the U.S. and in September in other countries.",www.benzinga.com,0.14259,Neutral,DIS,0.075397,0.0,Neutral
2024-04-11 21:14:19,"Gameloft's Disney Speedstorm Move Triggers Backlash From Gamers - Vivendi  ( OTC:VIVHY ) , Walt Disney  ( NYSE:DIS ) ",https://www.benzinga.com/general/gaming/24/04/38212616/gamelofts-disney-speedstorm-move-triggers-backlash-from-gamers,Vivendi SE's VIVHY Gameloft's decision to exclusively tie The Walt Disney Company DIS Disney Speedstorm's premium battle pass track to real-money purchases has sparked discontent among players.,www.benzinga.com,0.053861,Neutral,DIS,0.295867,-0.356518,Bearish
2024-04-12 10:00:00,"""Talking Sabor"": Pepsi® Partners With Celebrity Chef Aarón Sánchez and COCINA to Celebrate the Fusion of Latin Food and Flavor in Limited-Edition Series, Streaming on Hulu - PepsiCo  ( NASDAQ:PEP ) ",https://www.benzinga.com/pressreleases/24/04/n38216913/talking-sabor-pepsi-partners-with-celebrity-chef-aar-n-s-nchez-and-cocina-to-celebrate-the-fusion-,"Sizzling new series takes viewers on a cross-country tour of the best Latin fare at Hispanic-owned small businesses across the U.S.; Pepsi gifts Hulu gift cards to guests who dine at participating ""Talking Sabor"" restaurants nationwide on April 24",www.benzinga.com,0.384266,Bullish,DIS,0.031241,0.113901,Neutral
2024-04-12 11:19:00,Disney parks will issue lifetime bans for people who lie about disabilities,https://www.foxbusiness.com/lifestyle/disney-parks-issue-lifetime-bans-people-lie-disabilities,The Walt Disney Company is tightening its restrictions and heightening scrutiny of individuals claiming disabilities at their parks due to a surge of fraudulent claims seeking to exploit the service.,www.foxbusiness.com,-0.023825,Neutral,DIS,0.265859,-0.046143,Neutral
2024-04-12 18:04:23,Disneyland Paris Is Renaming One Park To Disney Adventure World,https://www.forbes.com/sites/megandubois/2024/04/12/disneyland-paris-is-renaming-one-park-to-disney-adventure-world/,"Disneyland Paris has announced that its second gate, Walt Disney Studios Park, will undergo a multi-year transformation to breathe new life into the theme park. Along with the expanded offerings at the park, which will almost double the existing footprint of the park, Walt Disney Studios Park ...",www.forbes.com,0.277294,Somewhat-Bullish,DIS,0.057907,0.261029,Somewhat-Bullish
2024-04-13 20:04:23,Revealed: The Disney-Owned Theme Park That Pays $170 Million To Use Its Characters,https://www.forbes.com/sites/carolinereid/2024/04/13/revealed-the-disney-owned-theme-park-that-pays-170-million-to-use-its-characters/,If ever there was a business which has found the magic formula for making profits it is Disney's theme park division. Last year alone it generated 69.6% of the media giant's $12.9 billion operating income on just 36.6% of the revenue. It is partly thanks to a controversial trick tucked up ...,www.forbes.com,0.057694,Neutral,DIS,0.049835,0.083901,Neutral
2024-04-14 15:58:24,"Disney Took A Break From X During The Company's Suspension Of Advertising. Now, One Account Is Tweeting Again While Several Remain Dark. - Walt Disney  ( NYSE:DIS ) ",https://www.benzinga.com/general/24/04/38240165/disney-took-a-break-from-x-during-the-companys-suspension-of-advertising-now-one-account-is-tweeting,"Media giant The Walt Disney Company DIS was among the companies that pulled advertising on social media platform X, formerly known as Twitter, over controversial comments made by platform owner Elon Musk. Disney took things a step further by stopping posting from several of its accounts for 24 ...",www.benzinga.com,0.036047,Neutral,DIS,0.16849,-0.081827,Neutral
2024-04-14 17:26:07,Everything To Know About 'The Bear' Season 3,https://www.forbes.com/sites/monicamercuri/2024/04/14/everything-to-know-about-the-bear-season-3/,"Fans are hungry for another season of FX's The Bear. Thankfully, a third ( and fourth ) helping of the beloved series will be served on Hulu shortly. Find out everything about The Bear Season 3, from the release date to the plot.",www.forbes.com,0.248179,Somewhat-Bullish,DIS,0.053271,0.005983,Neutral
2024-04-15 12:20:00,"East Coast Wings + Grill Gears Up for Next Level of Growth with Hiring of VP of Marketing, Ashley Mitchell - PR Newswire",https://www.prnewswire.com/news-releases/east-coast-wings--grill-gears-up-for-next-level-of-growth-with-hiring-of-vp-of-marketing-ashley-mitchell-302116676.html,"East Coast Wings + Grill Gears Up for Next Level of Growth with Hiring of VP of Marketing, Ashley Mitchell PR ...",www.prnewswire.com,0.395325,Bullish,DIS,0.120733,0.158208,Somewhat-Bullish
2024-04-15 13:00:00,"Kartoon Studios' Partners With World's Largest Digital Collectibles Platform, VeVe, and Multiverse Clothing Company Inc. for First Ever Line of Stan Lee Limited-Edition ""Phygital"" Collections - Kartoon Studios  ( AMEX:TOON ) ",https://www.benzinga.com/pressreleases/24/04/g38247621/kartoon-studios-partners-with-worlds-largest-digital-collectibles-platform-veve-and-multiverse-clo,"BEVERLY HILLS, Calif., April 15, 2024 ( GLOBE NEWSWIRE ) -- Kartoon Studios TOON, the controlling partner of ""Stan Lee Universe, LLC,"" partners with VeVe, the global leader in digital collectibles and comics derived from some of the world's best known IP, such as Star Wars, associated with ...",www.benzinga.com,0.378475,Bullish,DIS,0.026503,0.151447,Somewhat-Bullish
2024-04-15 13:30:00,"IAC Joins with Ben Sherwood and Joanna Coles in Strategic Partnership to Define The Daily Beast's Next Chapter - Angi  ( NASDAQ:ANGI ) , IAC  ( NASDAQ:IAC ) ",https://www.benzinga.com/pressreleases/24/04/n38248623/iac-joins-with-ben-sherwood-and-joanna-coles-in-strategic-partnership-to-define-the-daily-beasts-n,"NEW YORK, April 15, 2024 /PRNewswire/ -- IAC IAC announced a new strategic partnership today with Ben Sherwood and Joanna Coles to lead The Daily Beast. Effective immediately, Sherwood will serve as Publisher and CEO and Coles as Chief Creative and Content Officer.",www.benzinga.com,0.290159,Somewhat-Bullish,DIS,0.043898,0.276505,Somewhat-Bullish
2024-04-15 16:00:14,Celebrating 'ourHOME' For Earth Month,https://www.forbes.com/sites/tonybradley/2024/04/15/celebrating-ourhome-for-earth-month/,"National Geographic and Disney+ have teamed up to celebrate Earth Month by connecting viewers with stories about the planet. This campaign, dubbed ""ourHOME"" as an homage to the planet we all call home, combines environmental advocacy with entertainment, highlighting efforts to inspire deeper ...",www.forbes.com,0.352959,Bullish,DIS,0.04872,0.404652,Bullish
2024-04-15 16:46:00,Disney's  ( DIS )  Disney+ Premieres Queen Rock Montreal With IMAX,https://www.zacks.com/stock/news/2255599/disneys-dis-disney-premieres-queen-rock-montreal-with-imax,"Disney's (DIS) Disney+ debuts ""Queen Rock Montreal"" on May 15, offering the first concert film with IMAX Enhanced sound by DTS.",www.zacks.com,0.476771,Bullish,DIS,0.22335,0.316364,Somewhat-Bullish
2024-04-16 12:00:00,Guidehouse and NovoEd Power Transformational Supplier Leadership on Climate Transition Initiatives - PR Newswire,https://www.prnewswire.com/news-releases/guidehouse-and-novoed-power-transformational-supplier-leadership-on-climate-transition-initiatives-302117475.html,Guidehouse and NovoEd Power Transformational Supplier Leadership on Climate Transition Initiatives PR ...,www.prnewswire.com,0.336044,Somewhat-Bullish,DIS,0.041466,0.0,Neutral
2024-04-16 20:04:00,Six Jurors Seated In Trump's Hush Money Trial-Here's Who They Are And Why Some Have Been Dismissed,https://www.forbes.com/sites/brianbushard/2024/04/16/six-jurors-seated-in-trumps-hush-money-trial-heres-who-they-are-and-why-some-have-been-dismissed/,Trump Jury: Here Are The First Six Jurors In His Hush Money Trial Forbes ...,www.forbes.com,-0.014427,Neutral,DIS,0.04882,0.011959,Neutral
2024-04-17 12:05:00,IMF Raises Global Growth Forecast Amid High Inflation: 5 Picks,https://www.zacks.com/stock/news/2256676/imf-raises-global-growth-forecast-amid-high-inflation-5-picks,"We have narrowed our search to five U.S. corporate giants. These are: NVDA, MU, PGR, META, DIS.",www.zacks.com,0.292769,Somewhat-Bullish,DIS,0.201803,0.236169,Somewhat-Bullish
2024-04-17 19:55:00,Disneyland performers file petition to form labor union,https://apnews.com/article/disney-labor-performers-characters-union-california-051600690cdfaad7779e130a6e89b547,"ANAHEIM, Calif. ( AP ) - Performers who help bring Disney's beloved characters to life at its Southern California theme parks filed a petition Wednesday to form a labor union. The workers include parade performers, character actors and support staff at Disneyland and an adjacent theme park, ...",apnews.com,0.198892,Somewhat-Bullish,DIS,0.050254,0.120267,Neutral
2024-04-18 10:00:33,Alibaba's Taobao launches 3D-capable app for use on Apple's Vision Pro headset,https://www.scmp.com/tech/big-tech/article/3259496/alibabas-taobao-launches-3d-capable-shopping-app-ahead-apples-mainland-release-vision-pro-mixed,The app marks the latest effort by Alibaba to improve users' experience on its various online platforms via augmented and virtual reality technologies.,www.scmp.com,0.299024,Somewhat-Bullish,DIS,0.060388,0.125007,Neutral
2024-04-18 11:35:00,"If I Could Buy Only 3 Stocks in 2024, I'd Pick These",https://www.fool.com/investing/2024/04/18/if-i-could-only-buy-3-stocks-in-2024-id-pick-these/,"A company is more than its numbers. The qualitative characteristics, assumptions and perceptions, and the environment itself all matter.",www.fool.com,0.096145,Neutral,DIS,0.066598,0.0,Neutral
2024-04-18 19:34:02,"Black Panther Game Takes Shape As Open-World Marvel Sandbox - Electronic Arts  ( NASDAQ:EA ) , Walt Disney  ( NYSE:DIS ) ",https://www.benzinga.com/general/entertainment/24/04/38323172/eas-black-panther-game-takes-shape-as-open-world-marvel-sandbox,"Electronic Arts Inc EA has unveiled plans for an open-world Black Panther game, developed by Cliffhanger Games, through a recent job listing. According to IGN, they're seeking a Senior Sandbox Designer II to help shape encounters, systems, and gameplay within this dynamic setting.",www.benzinga.com,0.316587,Somewhat-Bullish,DIS,0.261117,0.12797,Neutral
2024-04-18 21:22:03,All 12 Jurors Seated In Trump's Hush Money Trial-Here's Who They Are And Why Others Were Excused,https://www.forbes.com/sites/brianbushard/2024/04/18/all-12-jurors-seated-in-trumps-hush-money-trial-heres-who-they-are-and-why-others-were-excused/,Trump Jury: All 12 Jurors Seated For Hush Money Trial Forbes ...,www.forbes.com,-0.019209,Neutral,DIS,0.05654,0.014,Neutral
2024-04-21 11:55:00,A former Miss America contestant uses low-impact workouts to build lean muscle and core strength - and protect her heart,https://www.businessinsider.com/former-miss-america-contestant-uses-walks-barre-lean-muscle-2024-4,"Former Miss America contestant used low-impact workouts for lean muscle: barre, walking - Business Insider ...",www.businessinsider.com,0.39989,Bullish,DIS,0.059341,0.17842,Somewhat-Bullish
2024-04-22 13:22:00,2 Media Stocks Poised to Beat Estimates This Earnings Season,https://www.zacks.com/stock/news/2259130/2-media-stocks-poised-to-beat-estimates-this-earnings-season,"Here, we pick two media companies ??? PARA and DIS ??? that are likely to outperform this earnings season.",www.zacks.com,0.390049,Bullish,DIS,0.09402,0.121473,Neutral
2024-04-23 18:42:20,"Penn Entertainment Upgraded Based On ESPN Bet's Zero Valuation, Analyst Says: - PENN Entertainment  ( NASDAQ:PENN ) ",https://www.benzinga.com/analyst-ratings/analyst-color/24/04/38387973/penn-entertainment-upgraded-based-on-espn-bets-zero-valuation-analyst-says,Analysts upgraded sports betting and casino operator PENN Entertainment PENN based on the valuation of sportsbook ESPN Bet. The PENN Analyst: Truist analyst Barry Jonas upgrades Penn Entertainment from Hold to Buy and has a price target of $23.,www.benzinga.com,0.149331,Neutral,DIS,0.182506,0.111166,Neutral
2024-04-23 19:48:15,Penn Entertainment Upgraded After Analyst Challenges ESPN Bet's Zero Valuation,https://markets.businessinsider.com/news/stocks/penn-entertainment-upgraded-based-on-espn-bet-s-zero-valuation-analyst-says-1033277716,Analysts upgraded sports betting and casino operator PENN Entertainment ( NASDAQ:PENN ) based on the valuation of sportsbook ESPN Bet. The PENN Analyst: Truist analyst Barry Jonas upgrades Penn Entertainment from Hold to Buy and has a price target of $23.,markets.businessinsider.com,0.120766,Neutral,DIS,0.089129,0.083729,Neutral
2024-04-24 16:45:18,Hasbro  ( HAS )  Q1 2024 Earnings Call Transcript,https://www.fool.com/earnings/call-transcripts/2024/04/24/hasbro-has-q1-2024-earnings-call-transcript/,"HAS earnings call for the period ending March 31, 2024.",www.fool.com,0.306766,Somewhat-Bullish,DIS,0.009468,0.122499,Neutral
2024-04-25 16:00:00,GEENA DAVIS INSTITUTE CELEBRATES 20TH ANNIVERSARY WITH A BOLD REBRAND!,https://www.benzinga.com/pressreleases/24/04/n38437090/geena-davis-institute-celebrates-20th-anniversary-with-a-bold-rebrand,"LOS ANGELES, April 25, 2024 /PRNewswire/ -- Today, the Geena Davis Institute ( GDI ) proudly marks its 20th anniversary with a vitalized rebrand. Through this, the organization is continuing to showcase its longstanding mission to champion the representation of six major intersecting identities ...",www.benzinga.com,0.352747,Bullish,DIS,0.092213,0.130379,Neutral
2024-04-26 08:41:38,"Reliance gets thumbs-up from S&P, Fitch as strong earnings keep leverage in check",https://www.business-standard.com/companies/news/ril-gets-s-p-fitch-thumbs-up-as-strong-earnings-keep-leverage-in-check-124042600565_1.html,"RIL gets S&P, Fitch thumbs-up as strong earnings keep leverage in check Business Standard ...",www.business-standard.com,0.253579,Somewhat-Bullish,DIS,0.0378,0.165095,Somewhat-Bullish
2024-04-29 12:00:00,Persistent Systems hosts transitioning Special Ops vets from The Honor Foundation - PR Newswire,https://www.prnewswire.com/news-releases/persistent-systems-hosts-transitioning-special-ops-vets-from-the-honor-foundation-302129249.html,Persistent Systems hosts transitioning Special Ops vets from The Honor Foundation PR ...,www.prnewswire.com,0.324493,Somewhat-Bullish,DIS,0.06515,0.132207,Neutral
2024-04-29 18:12:00,Disney Celebrates World Wish Day ® by Granting Over One Hundred Wishes Around the World,https://www.benzinga.com/pressreleases/24/04/n38499549/disney-celebrates-world-wish-day-by-granting-over-one-hundred-wishes-around-the-world,"From California to Tokyo, One-of-a-kind Disney Wishes Come True for Make-A-Wish Children and their Families BURBANK, Calif., April 29, 2024 /PRNewswire/ -- Today, The Walt Disney Company joins Make-A-Wish to celebrate World Wish Day by sharing unique Disney wishes being granted throughout the ...",www.benzinga.com,0.489476,Bullish,DIS,0.128135,0.300661,Somewhat-Bullish
2024-04-30 12:34:00,5 Stocks to Buy on a Solid Jump in Consumer Spending,https://www.zacks.com/stock/news/2264948/5-stocks-to-buy-on-a-solid-jump-in-consumer-spending,"Consumer discretionary stocks like The Walt Disney Company (DIS), Churchill Downs Incorporated (CHDN), H&R Block, Inc. (HRB), Netflix, Inc. (NFLX) and American Public Education, Inc. (APEI) are likely to benefit from the steady growth in consumer spending.",www.zacks.com,0.229949,Somewhat-Bullish,DIS,0.317527,0.222138,Somewhat-Bullish
2024-04-30 14:11:00,"SPECTACULAR ""THE WALT DISNEY STUDIOS AND WORLD WAR II"" EXHIBITION OPENS AT HISTORIC PEARL HARBOR AVIATION MUSEUM IN JUNE 2024",https://www.benzinga.com/pressreleases/24/04/n38522141/spectacular-the-walt-disney-studios-and-world-war-ii-exhibition-opens-at-historic-pearl-harbor-avi,"PEARL HARBOR, Hawaii, April 30, 2024 /PRNewswire/ -- During World War II, America's Greatest Generation did its part for the war effort - including Walt Disney and the studio bearing his name. The day after Pearl Harbor was attacked on December 7, 1941, Walt Disney opened almost his entire studio ...",www.benzinga.com,-0.034782,Neutral,DIS,0.212115,0.113922,Neutral
2024-05-01 13:52:00,Disney just named 2 new top execs to advise on strategy and M&A as it considers its future: Read the memo,https://www.businessinsider.com/disney-named-two-top-execs-to-strategy-merger-acquisitions-roles-2024-4,Disney Just Named 2 Top Execs to Help Map Out Its Future - Business Insider ...,www.businessinsider.com,0.322975,Somewhat-Bullish,DIS,0.078354,0.287607,Somewhat-Bullish
2024-05-01 14:29:00,Portraits of Veterans Painted by President George W. Bush Coming to Walt Disney World Resort,https://www.benzinga.com/pressreleases/24/05/n38553895/portraits-of-veterans-painted-by-president-george-w-bush-coming-to-walt-disney-world-resort,"The special exhibit, Portraits of Courage, will be hosted inside the American Adventure pavilion at EPCOT starting June 9 LAKE BUENA VISTA, Fla., May 1, 2024 /PRNewswire/ -- The Walt Disney Company announced it will host ""Portraits of Courage: A Commander's Tribute to America's Warriors,"" a ...",www.benzinga.com,0.421817,Bullish,DIS,0.179788,0.237569,Somewhat-Bullish
2024-05-02 10:30:00,"Beyond, Inc. Announces Key Additions to Leadership Team - Beyond  ( NYSE:BYON ) ",https://www.benzinga.com/pressreleases/24/05/g38576377/beyond-inc-announces-key-additions-to-leadership-team,"MIDVALE, Utah, May 02, 2024 ( GLOBE NEWSWIRE ) -- Beyond, Inc. BYON, owner of online retail giants Bed Bath & Beyond, Overstock and Zulily, today announced the addition and appointment of several key leaders to its team: Guncha Mehta, joining as Chief Digital and Information Officer",www.benzinga.com,0.189037,Somewhat-Bullish,DIS,0.04823,0.128876,Neutral
2024-05-02 11:17:00,Disney World attraction to feature paintings of veterans by George W. Bush,https://www.foxbusiness.com/lifestyle/new-walt-disney-world-attraction-feature-paintings-veterans-george-w-bush,"An exhibit featuring the artwork of former President George W. Bush is set to open at Walt Disney World on June 9, the company announced in a press release on Wednesday, May 1. ""Portraits of Courage: A Commander's Tribute to America's Warriors"" will be on display at The American Adventure ...",www.foxbusiness.com,0.293045,Somewhat-Bullish,DIS,0.258351,0.327728,Somewhat-Bullish
2024-05-02 11:34:00,"The Zacks Analyst Blog Highlights Thermo Fisher Scientific, Disney, Southern Copper, Tractor Supply and Omnicom",https://www.zacks.com/stock/news/2266658/the-zacks-analyst-blog-highlights-thermo-fisher-scientific-disney-southern-copper-tractor-supply-and-omnicom,"Thermo Fisher Scientific, Disney, Southern Copper, Tractor Supply and Omnicom are included in this Analyst Blog.",www.zacks.com,0.296889,Somewhat-Bullish,DIS,0.201803,0.051236,Neutral
2024-05-02 14:26:00,Will Modest Top-Line Growth Buoy Disney's  ( DIS )  Q2 Earnings?,https://www.zacks.com/stock/news/2267158/will-modest-top-line-growth-buoy-disneys-dis-q2-earnings,"Disney's (DIS) fiscal second-quarter results are expected to reflect strength in IP and continued growth in the theme park business globally, offset by a decline in Linear TV revenues.",www.zacks.com,0.341655,Somewhat-Bullish,DIS,0.401331,0.29214,Somewhat-Bullish
2024-05-03 14:10:47,"FuboTV Gaining Popularity North America, High Growth In Paid Subscribers Show - FuboTV  ( NYSE:FUBO ) ",https://www.benzinga.com/news/earnings/24/05/38615127/fubotv-gaining-popularity-north-america-high-growth-in-paid-subscribers-show,"FuboTV Inc FUBO shares soared in premarket by as much as 10% after the company reported fiscal first-quarter 2024 results. Sales grew 24.0% Y/Y to $402.4 million, beating the analyst consensus estimate of $381.3 million. Adjusted EPS loss of $ ( 0.11 ) beat the analyst consensus loss estimate of ...",www.benzinga.com,0.201415,Somewhat-Bullish,DIS,0.21686,0.271801,Somewhat-Bullish
2024-05-03 16:00:16,fuboTV  ( FUBO )  Q1 2024 Earnings Call Transcript,https://www.fool.com/earnings/call-transcripts/2024/05/03/fubotv-fubo-q1-2024-earnings-call-transcript/,"FUBO earnings call for the period ending March 31, 2024.",www.fool.com,0.312514,Somewhat-Bullish,DIS,0.007399,-0.052301,Neutral
2024-05-04 11:00:01,"Star Wars was the first Lego license - 25 years later, it's stronger than ever",https://www.cnbc.com/2024/05/04/star-wars-was-the-first-lego-license-25-years-later-its-stronger-than-ever.html,"The Star Wars license was the first of its kind for Lego. Now, it has become a blueprint for the company's other brand deals.",www.cnbc.com,0.113324,Neutral,DIS,0.028729,-0.072761,Neutral
2024-05-04 12:14:26,Disney Reveals Record $540 Million Theme Park And Hotel Investment,https://www.forbes.com/sites/carolinereid/2024/05/04/disney-reveals-record-540-million-theme-park-and-hotel-investment/,Disney has revealed that it spent a record $543 million ( €504 million ) last year on renovating the flagship hotel at its resort in Paris and building a land there based on the hit animated movie Frozen.,www.forbes.com,0.089924,Neutral,DIS,0.044263,0.058131,Neutral
2024-05-05 08:41:00,Beloved 'Bluey' episode about pregnancy has been uploaded to YouTube after Disney+ refused to air it,https://www.businessinsider.com/controversial-bluey-episode-banned-by-disney-pregnancy-posted-youtube-2024-5,Controversial 'Bluey' episode excluded by Disney+ now on YouTube - Business Insider ...,www.businessinsider.com,0.151857,Somewhat-Bullish,DIS,0.096671,0.0,Neutral
2024-05-05 17:10:00,'The Fall Guy' gives Hollywood a muted summer kickoff with a $28.5M opening,https://apnews.com/article/fall-guy-box-office-ryan-gosling-56a8c01ef28dd29c7740205886909903,"NEW YORK ( AP ) - ""The Fall Guy,"" the opened below expectations with $28.5 million, according to studio estimates Sunday, providing a lukewarm start to a summer movie season that's very much to be determined for Hollywood.",apnews.com,0.072098,Neutral,DIS,0.060848,-0.129314,Neutral
2024-05-06 13:57:52,"Disney Stock Trends Bullish Ahead Of Q2 Earnings, Analysts See Almost 23% Upside - Walt Disney  ( NYSE:DIS ) ",https://www.benzinga.com/analyst-ratings/analyst-color/24/05/38643571/disney-stock-trends-bullish-ahead-of-q2-earnings-analysts-see-almost-23-upside,"The Walt Disney Co DIS will be reporting its second-quarter earnings on Tuesday, May 7. Wall Street expects $1.10 in earnings per share ( EPS ) and $22.12 billion in revenues as the company reports before market hours. The stock is up 12.69%% over the past year - more than 25.8% year-to-date.",www.benzinga.com,0.147216,Neutral,DIS,0.340915,0.186057,Somewhat-Bullish
2024-05-06 14:53:16,"Disney Stock Trends Bullish Ahead Of Q2 Earnings, Analysts See Almost 23% Upside",https://markets.businessinsider.com/news/stocks/disney-stock-trends-bullish-ahead-of-q2-earnings-analysts-see-almost-23-upside-1033333919,"The Walt Disney Co ( NYSE:DIS ) will be reporting its second-quarter earnings on Tuesday, May 7. Wall Street expects $1.10 in earnings per share ( EPS ) and $22.12 billion in revenues as the company reports before market hours. The stock is up 12.69%% over the past year - more than 25.8% ...",markets.businessinsider.com,0.088844,Neutral,DIS,0.245339,0.152456,Somewhat-Bullish
2024-05-06 19:11:46,Disney Q2 Earnings Preview: Could Taylor Swift And Bluey Help Media Giant Beat Estimates? - Walt Disney  ( NYSE:DIS ) ,https://www.benzinga.com/analyst-ratings/analyst-color/24/05/38651748/disney-q2-earnings-preview-could-taylor-swift-and-bluey-help-media-giant-beat-estim,"Media giant The Walt Disney Company DIS will report second-quarter financial results before market open Tuesday May 7, 2024. Here's what analysts predict for earnings, their insights, and key points to watch in the report and conference call.",www.benzinga.com,0.168096,Somewhat-Bullish,DIS,0.155451,0.120581,Neutral
2024-05-06 22:01:00,"Markets Up to Start the Week: PLTR, MCHP Meet Earnings",https://www.zacks.com/stock/news/2269135/markets-up-to-start-the-week-pltr-mchp-meet-earnings,"It's the third-straight up-day for both the S&P 500 and the Nasdaq, fourth straight for the blue-chip Dow.",www.zacks.com,0.164822,Somewhat-Bullish,DIS,0.188193,0.129963,Neutral
2024-05-07 07:48:19,"Disney, Electronic Arts And 3 Stocks To Watch Heading Into Tuesday - Electronic Arts  ( NASDAQ:EA ) , Walt Disney  ( NYSE:DIS ) ",https://www.benzinga.com/news/earnings/24/05/38661451/disney-electronic-arts-and-3-stocks-to-watch-heading-into-tuesday,"With U.S. stock futures trading mixed this morning on Tuesday, some of the stocks that may grab investor focus today are as follows: Wall Street expects The Walt Disney Company DIS to report quarterly earnings at $1.10 per share on revenue of $22.12 billion before the opening bell, according to ...",www.benzinga.com,0.278426,Somewhat-Bullish,DIS,0.2872,0.320188,Somewhat-Bullish
2024-05-07 07:49:59,"Investor Optimism Decreases Slightly, But Dow Records Gains For 4th Day - Micron Technology  ( NASDAQ:MU ) ",https://www.benzinga.com/news/earnings/24/05/38661465/investor-optimism-decreases-slightly-but-dow-records-gains-for-4th-day,"The CNN Money Fear and Greed index showed a slight decline in the overall market sentiment, but the index remained in the ""Fear"" zone on Monday. U.S. stocks settled higher on Monday, with the Dow Jones index recording gains for the fourth straight session.",www.benzinga.com,-0.060674,Neutral,DIS,0.22595,0.0,Neutral
2024-05-07 09:04:00,Stock market today: World shares mostly gain after tech stocks lead Wall St higher,https://apnews.com/article/stock-markets-rates-earnings-f19d59f3f9de3033a393a57033ac8287,"Markets in Europe and Asia forged higher Tuesday after another day of gains on Wall Street led by technology stocks. Germany's DAX rose 0.4% to 18,401.00 and the CAC 40 in Paris edged 0.2% higher, to 8,015.58. Britain's FTSE 100 surged 1.1% to 8,300.55.",apnews.com,0.077353,Neutral,DIS,0.062271,0.0,Neutral
2024-05-07 11:32:00,Disney's streaming business turns a profit in first financial report since challenge to Iger,https://apnews.com/article/disney-iger-peltz-b5e6af22728e2d7ccc91dd1315b6c9aa,"The Walt Disney Co. swung to a loss in its second quarter because of restructuring and impairment charges, but its adjusted profit topped expectations and its streaming business turned a profit. Theme parks also continued to do well and the company boosted its outlook for the year.",apnews.com,0.17736,Somewhat-Bullish,DIS,0.110462,0.128196,Neutral
2024-05-07 14:13:00,Apple wants to give the iPad a boost,https://www.businessinsider.com/apple-event-new-products-ipad-tablet-tech-what-to-expect-2024-4,"What to expect from Apple event: iPad, AI, M4 chip - Business Insider ...",www.businessinsider.com,0.074416,Neutral,DIS,0.034831,0.018638,Neutral
2024-05-07 14:33:00,"Disney Sells Off on Earnings Beat, CROX Stomps Estimates",https://www.zacks.com/stock/news/2269739/disney-sells-off-on-earnings-beat-crox-stomps-estimates,"We will keep a close eye on Disney shares as the regular trading day begins, while CROX keeps its strong 2024 alight.",www.zacks.com,0.263084,Somewhat-Bullish,DIS,0.2256,0.242737,Somewhat-Bullish
2024-05-07 15:00:00,Markets Await Consumer Credit Report,https://www.zacks.com/stock/news/2269755/markets-await-consumer-credit-report,"Markets continue to perform relatively well off lows from mid-last week. These lows were higher than the previous divot in mid-April, and this spells a good trend to this point. Minus large-scale economic reports this week, attention will necessarily turn to the remainder of earnings reports yet ...",www.zacks.com,0.27208,Somewhat-Bullish,DIS,0.156461,0.299428,Somewhat-Bullish
2024-05-07 15:50:23,"Disney DTC Unit Profits, Operating Income Exceeds Expectations - Walt Disney  ( NYSE:DIS ) ",https://www.benzinga.com/analyst-ratings/analyst-color/24/05/38675021/disney-direct-to-consumer-segment-profits-in-q2-operating-income-modestly-ahead-of-,"Shares of The Walt Disney Company DIS are sliding Tuesday after reporting second-quarter financial results. The Burbank, California-based company's direct-to-consumer segment reached profitability in the second quarter - a key highlight for Bank of America analyst Jessica Reif Ehrlich.",www.benzinga.com,0.182269,Somewhat-Bullish,DIS,0.323078,0.309342,Somewhat-Bullish
2024-05-07 16:15:12,Walt Disney  ( DIS )  Q2 2024 Earnings Call Transcript,https://www.fool.com/earnings/call-transcripts/2024/05/07/walt-disney-dis-q2-2024-earnings-call-transcript/,"DIS earnings call for the period ending March 31, 2024.",www.fool.com,0.3255,Somewhat-Bullish,DIS,0.012584,0.170377,Somewhat-Bullish
2024-05-07 18:55:00,Disney Earnings Top Forecasts,https://www.fool.com/data-news/2024/05/07/disneys-earnings-highlights/,Investors didn't like what the company had to say about slowing growth at its theme parks and cruise ships.,www.fool.com,0.300489,Somewhat-Bullish,DIS,0.165031,0.070915,Neutral
2024-05-08 03:18:06,"Disney's Bob Iger Confident In Landing Long-Term NBA Rights Deal As Media Giant Enhances Streaming With ESPN Tile And Shifts Marvel Strategy - Comcast  ( NASDAQ:CMCSA ) , Walt Disney  ( NYSE:DIS ) ",https://www.benzinga.com/news/earnings/24/05/38690184/disneys-bob-iger-confident-in-landing-long-term-nba-rights-deal-as-media-giant-enhances-streaming-w,"The Walt Disney Co DIS is making significant changes to its streaming services and Marvel content strategy, with CEO Bob Iger expressing confidence in securing long-term NBA rights.",www.benzinga.com,0.386604,Bullish,DIS,0.318897,0.386225,Bullish
2024-05-08 09:13:00,Disney's Stock Price Just Plunged. Is Now the Time to Invest?,https://www.fool.com/investing/2024/05/08/disneys-stock-price-just-plunged-is-now-the-time-t/,"The entertainment giant just reported earnings, and the market clearly wasn't happy. Should you buy the stock?",www.fool.com,0.16069,Somewhat-Bullish,DIS,0.104911,0.072214,Neutral
2024-05-08 09:44:08,Mickey Mouse Loses Magic In India As Disney+ Hotstar Suffers Major Subscriber Drop - Walt Disney  ( NYSE:DIS ) ,https://www.benzinga.com/markets/asia/24/05/38692603/mickey-mouse-loses-magic-in-india-as-disney-hotstar-suffers-major-subscriber-drop,"This story was first published on the Benzinga India portal. The Walt Disney Company DIS disclosed its second-quarter earnings on Tuesday, indicating a rough patch for its Indian operations.",www.benzinga.com,0.08907,Neutral,DIS,0.223866,-0.198746,Somewhat-Bearish
2024-05-08 12:17:36,Disney Reaches Profitability In Entertainment Streaming - Walt Disney  ( NYSE:DIS ) ,https://www.benzinga.com/24/05/38698762/disney-reaches-profitability-in-entertainment-streaming,"On Monday, The Walt Disney Company DIS surpassed analyst estimates with its fiscal second quarter earnings and provided good news from its streaming arena. Although it is still behind Netflix Inc NFLX on the streaming front, when excluding ESPN, Disney+ and Hulu reported a combined profit for the ...",www.benzinga.com,0.243701,Somewhat-Bullish,DIS,0.137278,0.134111,Neutral
2024-05-08 13:40:00,"Company News for May 8, 2024",https://www.zacks.com/stock/news/2270540/company-news-for-may-8-2024,Companies In The Article ...,www.zacks.com,-0.05781,Neutral,DIS,0.644033,0.0,Neutral
2024-05-08 14:42:00,"Disney  ( DIS )  Q2 Earnings Beat Estimates, Revenues Rise Y/Y",https://www.zacks.com/stock/news/2270659/disney-dis-q2-earnings-beat-estimates-revenues-rise-yy,Disney's (DIS) second-quarter fiscal 2024 results reflect growth in Disney+ subscribers and theme park and resort businesses.,www.zacks.com,0.118456,Neutral,DIS,0.203827,0.246971,Somewhat-Bullish
2024-05-09 10:00:00,Disney's Iger to have hand in Marvel's makeover,https://www.foxbusiness.com/lifestyle/disneys-iger-will-have-hand-marvels-makeover,"Disney CEO Bob Iger indicated on Tuesday he has been involved in honing Marvel and other Disney studio output. ""I've - we've been working hard with the studio to reduce output and focus more on quality,"" Iger said, noting that was ""particularly true"" when it came to Marvel.",www.foxbusiness.com,0.366413,Bullish,DIS,0.102449,0.169595,Somewhat-Bullish
2024-05-09 13:20:00,Kartoon Studios and GFM Animation Partner to Develop and Produce First Slate of Five Animated Feature Films From Stan Lee Universe,https://www.globenewswire.com/news-release/2024/05/09/2878868/0/en/Kartoon-Studios-and-GFM-Animation-Partner-to-Develop-and-Produce-First-Slate-of-Five-Animated-Feature-Films-From-Stan-Lee-Universe.html,"BEVERLY HILLS, Calif., May 09, 2024 ( GLOBE NEWSWIRE ) -- Kartoon Studios, Inc. ( NYSE AMERICAN:TOON ) , the controlling partner of Stan Lee Universe, LLC ""SLU"", signs a transformative deal with the U.K.'s GFM Animation Limited ""GFM,"" ( 10 Lives, X Factor In The Jungle, The Day the Earth Blew ...",www.globenewswire.com,0.293256,Somewhat-Bullish,DIS,0.027699,0.155188,Somewhat-Bullish
2024-05-09 13:45:00,Urban Air Adventure Park Names Jeff Palla New Brand President,https://www.benzinga.com/pressreleases/24/05/n38732875/urban-air-adventure-park-names-jeff-palla-new-brand-president,"25+ Year Franchise Industry Veteran to Lead No. 1 Family Entertainment Franchise DALLAS, May 9, 2024 /PRNewswire/ -- Urban Air Adventure Park, the world's leading indoor adventure park operator and part of the youth enrichment growth-focused platform Unleashed Brands, has tapped Jeff Palla, a ...",www.benzinga.com,0.472078,Bullish,DIS,0.065506,0.19047,Somewhat-Bullish
2024-05-09 16:30:00,Cineverse Podcast Network Surges to 9.6 Million Unique Listeners and 12.7 Million Downloads in April 2024 - Cineverse  ( NASDAQ:CNVS ) ,https://www.benzinga.com/pressreleases/24/05/n38738229/cineverse-podcast-network-surges-to-9-6-million-unique-listeners-and-12-7-million-downloads-in-apr,"LOS ANGELES, May 9, 2024 /PRNewswire/ -- Cineverse Podcast Network, the audio powerhouse behind some of the most captivating entertainment, horror, and true crime podcasts, has achieved a new milestone, attracting 9.6 million unique listeners and generating 12.7 million downloads and streams in ...",www.benzinga.com,0.176566,Somewhat-Bullish,DIS,0.059049,0.115513,Neutral
2024-05-09 19:51:13,"More Money, More Streams: Netflix, Disney+, AppleTV+ And Hulu See Higher Usage Among Wealthier Americans - Apple  ( NASDAQ:AAPL ) , Comcast  ( NASDAQ:CMCSA ) ",https://www.benzinga.com/general/entertainment/24/05/38742764/more-money-more-streams-netflix-disney-appletv-and-hulu-see-higher-usage-among-wealthier-am,"Despite feeling overwhelmed by the growing number of streaming platforms, Americans continue to subscribe, and a new survey reveals the most popular choices among middle-income levels compared to others.",www.benzinga.com,0.134116,Neutral,DIS,0.129168,0.1607,Somewhat-Bullish
2024-05-09 20:46:31,'The Bear' Season 3 Release Date Finally Revealed-And It's So Soon,https://www.forbes.com/sites/monicamercuri/2024/05/09/everything-to-know-about-the-bear-season-3/,"Fans are hungry for another season of FX's The Bear. Thankfully, a third ( and fourth ) helping of the beloved series will be served on Hulu shortly. Find out everything about The Bear Season 3, from the release date to the plot. Plus, watch the first teaser that reveals whether or not Carmy made ...",www.forbes.com,0.21467,Somewhat-Bullish,DIS,0.038284,0.00577,Neutral
2024-05-10 19:27:43,Streaming Growth Was Not Enough For Warner Bros. Discovery - Warner Bros. Discovery  ( NASDAQ:WBD ) ,https://www.benzinga.com/news/24/05/38769264/streaming-growth-was-not-enough-for-warner-bros-discovery,"On Thursday before the bell, Warner Bros Discovery Inc WBD reported its first quarter results and came short of estimates. Earlier this week, it announced it will be teaming up with The Walt Disney Company DIS to offer a streaming bundle in an effort to further strengthen its positioning in ...",www.benzinga.com,0.076336,Neutral,DIS,0.169676,0.057476,Neutral
2024-05-11 13:25:11,"Bulls And Bears: Nvidia, Starbucks, Palantir And Crypto Investor's Playbook For Making 'MemeMillions' From Shiba Inu, Dogecoin Nvidia, Starbucks, Palantir And Crypto Investor's Playbook For Making 'MemeMillions' From Shiba Inu, Dogecoin:",https://www.benzinga.com/markets/equities/24/05/38775758/benzinga-bulls-and-bears-nvidia-starbucks-palantir-and-crypto-investors-playbook-for-making-meme,"Benzinga examined the prospects for many investors' favorite stocks over the last week - here's a look at some of our top stories. The major stock indexes finished the week in the green. The Dow climbed 2.16%, its best showing since December and its fourth consecutive week of gains.",www.benzinga.com,0.209757,Somewhat-Bullish,DIS,0.182967,0.424875,Bullish
2024-05-11 14:00:06,What Brings High-Net-Worth People to Everest?,https://www.kiplinger.com/personal-finance/travel/what-brings-high-net-worth-people-to-everest,"The first documented person to climb the ""Seven Summits"" - the tallest mountain on each continent - was Dick Bass. He wasn't a professional athlete or mountaineer of any kind, just an American businessman with a dream.",www.kiplinger.com,0.096978,Neutral,DIS,0.075635,-0.083706,Neutral
2024-05-12 17:00:00,How a Surprising Partnership Between Disney and Walmart Highlights the Future of Digital Advertising,https://www.fool.com/investing/2024/05/12/how-a-surprising-partnership-between-disney-and-wa/,Digital ads are getting an important upgrade.,www.fool.com,0.230522,Somewhat-Bullish,DIS,0.116067,0.100134,Neutral
2024-05-13 15:13:00,Disney's  ( DIS )  New Film Rules the Box Office With $129M Opening,https://www.zacks.com/stock/news/2272953/disneys-dis-new-film-rules-the-box-office-with-129m-opening,"Disney's (DIS) Kingdom of the Planet of the Apes dominates the box office, collecting a staggering $129 million globally on its opening weekend.",www.zacks.com,0.322333,Somewhat-Bullish,DIS,0.28305,0.238921,Somewhat-Bullish
2024-05-13 20:14:00,Focus on Disney ETFs Post Q2 Earnings,https://www.zacks.com/stock/news/2273114/focus-on-disney-etfs-post-q2-earnings,"Look into ETFs, as Disney's shares experienced a decline, following the announcement of second-quarter results, which surpassed expectations.",www.zacks.com,0.033372,Neutral,DIS,0.456107,0.021192,Neutral
2024-05-14 00:09:35,Tokyo Disney Forecasts Attendance This Year Will Be Down 11% On 2019 Despite $2 Billion Expansion,https://www.forbes.com/sites/carolinereid/2024/05/13/tokyo-disney-forecasts-attendance-this-year-will-be-down-11-on-2019-despite-2-billion-expansion/,The operator of Tokyo Disney Resort has revealed that it expects attendance at its two theme parks this year to be 11% down on its high of 32.6 million in 2019 despite the opening of a $2.1 billion expansion next month.,www.forbes.com,0.140404,Neutral,DIS,0.026474,0.0,Neutral
2024-05-15 15:08:00,"CHEER AND DANCE TEAMS CELEBRATE THE END OF SEASONS AT THE SUMMIT, THE DANCE SUMMIT AND D2 SUMMIT CHAMPIONSHIPS",https://www.benzinga.com/pressreleases/24/05/n38848069/cheer-and-dance-teams-celebrate-the-end-of-seasons-at-the-summit-the-dance-summit-and-d2-summit-ch,"MEMPHIS, Tenn., May 15, 2024 /PRNewswire/ -- Varsity Spirit - a division of Varsity Brands and a global leader in cheerleading, dance team and band apparel, camps and competitions, and yearbook - is pleased to announce that the 2024 Summit Championship and Dance Summit Championship took place on ...",www.benzinga.com,0.567686,Bullish,DIS,0.044551,0.137922,Neutral
2024-05-16 13:09:00,"Company News For May 15, 2024",https://www.zacks.com/stock/news/2274627/company-news-for-may-15-2024,"Companies In The Article Are:DIS, BA,PBR and MNDY.",www.zacks.com,-0.119628,Neutral,DIS,0.541149,-0.068707,Neutral
2024-05-16 14:46:00,"Why we care so much about the Dow, the stock market's dumbest index | Business",https://www.cnn.com/2024/05/16/business/dow-40000-history-nightcap/index.html,"Why we care so much about the Dow, the stock market's dumbest index ...",www.cnn.com,0.057217,Neutral,DIS,0.059049,-0.019007,Neutral
2024-05-17 05:51:10,"Former Facebook, Nike DEI Manager Entrusted With 'Doing The Right Thing' Gets Over 5 Years In Prison For $5M Fraud - Nike  ( NYSE:NKE ) ",https://www.benzinga.com/news/24/05/38888707/former-facebook-nike-dei-manager-entrusted-with-doing-the-right-thing-gets-over-5-years-in-prison-fo,"A former diversity manager at Facebook and Nike has been sentenced to over five years in prison for orchestrating a multi-million dollar fraud scheme. What Happened: Barbara Furlow-Smiles, a Georgia resident, was found guilty of wire fraud in December.",www.benzinga.com,-0.086127,Neutral,DIS,0.077593,-0.072844,Neutral
2024-05-17 12:09:00,"Globant's  ( GLOB )  Q1 Earnings Meet Estimates, Revenues Up Y/Y",https://www.zacks.com/stock/news/2275282/globants-glob-q1-earnings-meet-estimates-revenues-up-yy,Globant (GLOB) posts impressive Q1 2024 results owing to its prominent presence in Latin America and expanded market footprint across various growth sectors.,www.zacks.com,0.199206,Somewhat-Bullish,DIS,0.057767,0.06396,Neutral
2024-05-17 14:30:00,E-Comics Market Size to Grow USD 17240 Million by 2029 at a CAGR of 12.5% | Valuates Reports,https://www.benzinga.com/pressreleases/24/05/n38895702/e-comics-market-size-to-grow-usd-17240-million-by-2029-at-a-cagr-of-12-5-valuates-reports,"BANGALORE, India, May 17, 2024 /PRNewswire/ -- E-Comics Market is Segmented by Type ( Superhero Comics, Detective Comics, Sci-Fi and Fantasy, Dramas and Memoirs, Kids' Comics ) , by Application ( Children, Adults ) .",www.benzinga.com,0.266221,Somewhat-Bullish,DIS,0.033098,0.210903,Somewhat-Bullish
2024-05-18 15:11:00,Can I Have Your Attention Please? Netflix Is No Longer Just a Streaming Platform. Here's What the Company Is Building Next.,https://www.fool.com/investing/2024/05/18/netflix-is-no-longer-just-a-streaming-platform/,"Netflix pioneered the streaming movement, but the company's new roadmap could help it leapfrog the competition.",www.fool.com,0.212035,Somewhat-Bullish,DIS,0.045918,0.06783,Neutral
2024-05-19 18:09:00,Disneyland's character actors and performers vote to unionize,https://www.foxbusiness.com/markets/disneylands-character-actors-performers-vote-unionize,"Actors and performers who portray characters like Mickey Mouse, Donald Duck and Cinderella at voted to unionize, the Actors Equity Association announced Saturday night. Cast members at Disneyland Resort first announced their intent to in February and organized under the name Magic United.",www.foxbusiness.com,0.312055,Somewhat-Bullish,DIS,0.094762,0.243504,Somewhat-Bullish
2024-05-19 20:02:00,Disneyland character performers vote to unionize | Business,https://www.cnn.com/2024/05/19/business/disney-character-performers-vote-union/index.html,Disneyland character performers vote to unionize ...,www.cnn.com,0.214535,Somewhat-Bullish,DIS,0.181137,0.148009,Neutral
2024-05-20 11:34:00,Analysis: Why Jay Powell really wants to lower interest rates this September | Business,https://www.cnn.com/2024/05/20/investing/premarket-stocks-trading/index.html,Why Jay Powell really wants to lower interest rates this September ...,www.cnn.com,0.055445,Neutral,DIS,0.028188,0.042853,Neutral
2024-05-20 16:00:10,"DisneylandForward Approved By City Of Anaheim, Launches Disney Into Next Chapter",https://www.forbes.com/sites/megandubois/2024/05/20/disneylandforward-approved-by-city-of-anaheim-launches-disney-into-next-chapter/,"DisneylandForward Approved Anaheim, Launches Disney Into Next Chapter Forbes ...",www.forbes.com,0.215922,Somewhat-Bullish,DIS,0.107978,0.046621,Neutral
2024-05-21 13:04:01,This Walt Disney Analyst Is No Longer Bearish; Here Are Top 5 Upgrades For Tuesday - Walt Disney  ( NYSE:DIS ) ,https://www.benzinga.com/news/24/05/38940297/this-walt-disney-analyst-is-no-longer-bearish-here-are-top-5-upgrades-for-today,"Top Wall Street analysts changed their outlook on these top names. For a complete view of all analyst rating changes, including upgrades and downgrades, please see our analyst ratings page.",www.benzinga.com,0.341752,Somewhat-Bullish,DIS,0.271274,0.102955,Neutral
2024-05-23 11:30:00,A viral longform video revisits Disney's failed luxury 'Star Wars' hotel,https://www.cnn.com/2024/05/23/travel/star-wars-hotel-disney-jenny-nicholson-cec/index.html,"In 2023, Disney closed a highly-publicized luxury hotel on the Walt Disney World property called ""Star Wars: Galactic Starcruiser."" For Disney superfans, it was a time of high drama and schadenfreude as promises about the hotel's immersive world ran aground on the rocky reality of some guests' ...",www.cnn.com,0.103541,Neutral,DIS,0.040011,-0.036801,Neutral
2024-05-24 12:30:00,Paramount And Disney Grapple With The Rapid Rise Of Streaming,https://www.investors.com/news/technology/paramount-stock-disney-media-streaming/,"Paramount, Disney and other legacy media giants are grappling with a change in consumer tastes that's upending the industry. The emerging trend has sent Paramount stock and other shares on a wobbly ride this year.",www.investors.com,0.069257,Neutral,DIS,0.057284,0.087003,Neutral
2024-05-24 12:38:00,Is the Options Market Predicting a Spike in Disney  ( DIS )  Stock?,https://www.zacks.com/stock/news/2278395/is-the-options-market-predicting-a-spike-in-disney-dis-stock,Investors need to pay close attention to Disney (DIS) stock based on the movements in the options market lately.,www.zacks.com,0.066553,Neutral,DIS,0.252987,-0.001907,Neutral
2024-05-24 18:55:00,Long-Term Stock Investors: When Do You Sell?,https://www.zacks.com/stock/news/2278948/long-term-stock-investors-when-do-you-sell,"It's easy to buy, and even easy to hold, but when do you sell a stock that you've held for years?",www.zacks.com,0.113702,Neutral,DIS,0.180685,0.0,Neutral
2024-05-25 17:10:00,Woman says 'near-vertical' Disney waterslide knocked her unconscious and caused brain damage in new lawsuit,https://www.businessinsider.com/disney-world-typhoon-lagoon-waterslide-lawsuit-brain-damage-2024-5,"Woman sues Disney, saying she has brain damage after riding waterslide - Business Insider ...",www.businessinsider.com,-0.255084,Somewhat-Bearish,DIS,0.108958,-0.098016,Neutral
2024-05-25 22:44:00,"Richard M. Sherman, who fueled Disney charm in 'Mary Poppins' and 'It's a Small World,' dies at 95",https://apnews.com/article/richard-m-sherman-dead-19bb30ab3af649c480153133c1faa307,"NEW YORK ( AP ) - Richard M. Sherman, one half of the prolific, award-winning pair of brothers who helped form millions of childhoods by penning the instantly memorable songs for ""Mary Poppins,"" ""The Jungle Book"" and ""Chitty Chitty Bang Bang"" - as well as the most-played tune on Earth, ""It's a ...",apnews.com,0.312897,Somewhat-Bullish,DIS,0.051221,0.075967,Neutral
2024-05-25 23:47:00,"Richard M. Sherman, one half of songwriting duo behind 'Mary Poppins' and 'It's a Small World,' dead at 95",https://edition.cnn.com/2024/05/25/entertainment/richard-m-sherman-death/index.html,"Richard M. Sherman, who with his late brother Robert wrote songs for the 1964 Disney classic ""Mary Poppins"" as well as the song ""It's a Small World,"" has died. He was 95.",edition.cnn.com,0.46335,Bullish,DIS,0.209365,0.30479,Somewhat-Bullish
2024-05-28 11:26:00,"Zacks Value Trader Highlights: Apple, Starbucks, The Walt Disney, Shopify and Tesla",https://www.zacks.com/stock/news/2279848/zacks-value-trader-highlights-apple-starbucks-the-walt-disney-shopify-and-tesla,"Apple, Starbucks, The Walt Disney, Shopify and Tesla are part of the Zacks Value Trader article.",www.zacks.com,0.203593,Somewhat-Bullish,DIS,0.1331,0.0,Neutral
2024-05-29 15:00:00,"The Zacks Analyst Blog Highlights Walt Disney, Charles Schwab, Synopsys and HF Foods",https://www.zacks.com/stock/news/2280789/the-zacks-analyst-blog-highlights-walt-disney-charles-schwab-synopsys-and-hf-foods,"Walt Disney, Charles Schwab, Synopsys and HF Foods are part of the Zacks top Analyst Blog.",www.zacks.com,0.26388,Somewhat-Bullish,DIS,0.152499,0.0703,Neutral
2024-05-29 16:17:35,"Verizon's New Phone Upgrade Plan Offers Discounted YouTube Premium, Peacock - Verizon Communications  ( NYSE:VZ ) ",https://www.benzinga.com/news/24/05/39068630/verizons-new-phone-upgrade-plan-offers-discounted-youtube-premium-peacock,Verizon Communications Inc. VZ has unveiled a new initiative that extends its best phone upgrade deals to both new and existing customers.,www.benzinga.com,0.30681,Somewhat-Bullish,DIS,0.204072,0.075247,Neutral
2024-05-30 16:41:00,New Product Launch & Expansion Efforts Aid JAKKS Pacific  ( JAKK ) ,https://www.zacks.com/stock/news/2281646/new-product-launch-expansion-efforts-aid-jakks-pacific-jakk,JAKKS Pacific's (JAKK) emphasis on licensing partnerships and international footprint bodes well.,www.zacks.com,0.402347,Bullish,DIS,0.048036,0.287066,Somewhat-Bullish
2024-05-30 16:59:00,Disney's Bob Iger may be celebrating today after Nelson Peltz's latest move,https://www.businessinsider.com/nelson-peltz-disney-shares-proxy-battle-bob-iger-2024-5,Nelson Peltz sells Disney shares after losing proxy battle to Bob Iger - Business Insider ...,www.businessinsider.com,-0.140985,Neutral,DIS,0.266828,-0.065213,Neutral
2024-06-02 13:05:00,Disney's new development deal with DeSantis could pave the way for a Disney World expansion of mythic proportions,https://www.businessinsider.com/disney-world-desantis-development-deal-fifth-theme-park-2024-6,Disney World Nears Deal With DeSantis That Could Lead to Big Expansion - Business Insider ...,www.businessinsider.com,0.256852,Somewhat-Bullish,DIS,0.115232,0.093485,Neutral
2024-06-02 22:42:54,Disney Spoils Its Own Ride And Pays The Price,https://www.forbes.com/sites/carolinereid/2024/06/02/disney-spoils-its-own-ride-and-pays-the-price/,Disney's theme park design division is famous for its secrecy. So when it recently posted a full video of its newest attraction on YouTube a month before it launched it seemed to be the dawn of a whole new world. It may not last for long.,www.forbes.com,0.056039,Neutral,DIS,0.017822,0.009007,Neutral
2024-06-05 13:40:00,Hasbro  ( HAS )  Up 20% in 6 Months: What's Driving the Stock?,https://www.zacks.com/stock/news/2283901/hasbro-has-up-20-in-6-months-whats-driving-the-stock,Hasbro (HAS) benefits from innovative product and content launches within the Dungeons & Dragons universe.,www.zacks.com,0.323455,Somewhat-Bullish,DIS,0.101797,0.102375,Neutral
2024-06-06 15:31:08,Why Is Disney  ( DIS )  Down 3.7% Since Last Earnings Report?,https://www.zacks.com/stock/news/2284861/why-is-disney-dis-down-37-since-last-earnings-report,Disney (DIS) reported earnings 30 days ago. What's next for the stock? We take a look at earnings estimates for some clues.,www.zacks.com,0.119034,Neutral,DIS,0.118209,0.199958,Somewhat-Bullish
2024-06-06 16:58:00,Leaked Microsoft org chart reveals the top people running Mustafa Suleyman's new AI organization,https://www.businessinsider.com/microsoft-org-chart-top-people-mustafa-suleyman-ai-2024-6,Leaked Org Chart: Top People at Mustafa Suleyman's Microsoft AI - Business Insider ...,www.businessinsider.com,0.118867,Neutral,DIS,0.053271,-0.018981,Neutral
2024-06-06 20:08:03,Amazon Makes Prime Bet On Sports With NBA Deal: Streaming Platform Will Soon Have Content From 4 Major Leagues  ( And More )  - Amazon.com  ( NASDAQ:AMZN ) ,https://www.benzinga.com/general/sports/24/06/39215473/amazon-makes-prime-bet-on-sports-with-nba-deal-streaming-platform-will-have-content-from-4-major-l,"The race to secure media rights for major North American sports continues to heat up, as evidenced by a report that the NBA is nearing a $76 billion 11-year deal with multiple media companies. Among the parties landing NBA rights is said to be e-commerce leader Amazon.com Inc AMZN.",www.benzinga.com,0.143986,Neutral,DIS,0.120733,-0.059983,Neutral
2024-06-07 14:00:00,The Walt Disney Company Kicks Off Global Celebration Honoring 90 Years of Donald Duck,https://www.prnewswire.com/news-releases/the-walt-disney-company-kicks-off-global-celebration-honoring-90-years-of-donald-duck-302166857.html,"BURBANK, Calif., June 7, 2024 /PRNewswire/ -- Today, The Walt Disney Company kicked off a special company-wide campaign celebrating 90 years of Donald Duck with an exclusive first-look on Good Morning America that showcased new Donald Duck-inspired products and a surprise party in studio for ...",www.prnewswire.com,0.332587,Somewhat-Bullish,DIS,0.226583,0.217053,Somewhat-Bullish
2024-06-08 13:21:00,25 facts about Walt Disney that even the biggest fans don't know,https://www.businessinsider.com/walt-disney-facts-2017-12,Surprising Facts You Didn't Know About Walt Disney - Business Insider ...,www.businessinsider.com,0.075582,Neutral,DIS,0.050359,0.049546,Neutral
2024-06-09 12:56:00,15 little-known secrets you probably didn't know about Magic Kingdom,https://www.businessinsider.com/magic-kingdom-disney-world-interesting-things-to-know-fun-facts,Interesting Things You Didn't Know About Magic Kingdom in Disney World - Business Insider ...,www.businessinsider.com,0.192805,Somewhat-Bullish,DIS,0.037504,0.0,Neutral
2024-06-10 15:12:45,"Movie Triumph 'Bad Boys 4': Will Smith's Comeback Brings Hope To Studios, Theaters - Sony Group  ( NYSE:SONY ) ",https://www.benzinga.com/general/entertainment/24/06/39253312/movie-triumph-bad-boys-4-will-smiths-comeback-brings-hope-to-studios-theaters,An infamous slap at the 2022 Academy Awards resulted in Will Smith being ban from the annual awards show and several of his movie projects that were in the works placed on hold.,www.benzinga.com,-0.031821,Neutral,DIS,0.100308,-0.099418,Neutral
2024-06-11 06:00:28,What happened to Pixar?,https://theweek.com/culture-life/film/pixar-animation-studios-inside-out-2,"Through the '90s, Disney reigned supreme as animation king. Then Pixar came along to give the behemoth a run for its money. The company's dominating presence began with the 1995 release of ""Toy Story,"" the world's first computer-animated film.",theweek.com,0.133924,Neutral,DIS,0.033468,0.049344,Neutral
2024-06-12 16:48:00,"Gaming Market size is set to grow by USD 117.2 billion from 2024-2028, Growing adoption of AR and VR games boost the market, Technavio",https://www.benzinga.com/pressreleases/24/06/n39296490/gaming-market-size-is-set-to-grow-by-usd-117-2-billion-from-2024-2028-growing-adoption-of-ar-and-v,"NEW YORK, June 12, 2024 /PRNewswire/ -- The global gaming market size is estimated to grow by USD 117.2 billion from 2024-2028, according to Technavio. The market is estimated to grow at a CAGR of 9.56% during the forecast period.",www.benzinga.com,0.303533,Somewhat-Bullish,DIS,0.031038,0.115725,Neutral
2024-06-12 18:07:00,"Sony Pictures acquires Alamo Drafthouse Cinema, the dine-in movie theater chain",https://apnews.com/article/sony-acquires-alamo-drafthouse-d2c9872b3dbda4f72bec65d7985de3ff,Sony Pictures acquires Alamo Drafthouse Cinema The Associated Press ...,apnews.com,0.289511,Somewhat-Bullish,DIS,0.098659,-0.050685,Neutral
2024-06-13 01:26:00,Disney and DeSantis-backed board 'come to their senses' in new agreement | Business,https://www.cnn.com/2024/06/12/business/disney-desantis-backed-board-new-agreement/index.html,Disney and DeSantis-backed board 'come to their senses' in new agreement ...,www.cnn.com,0.141764,Neutral,DIS,0.03631,0.0,Neutral
2024-06-13 06:42:13,"Disney, Florida Governor end feud with deal on 15-year expansion plan",https://www.business-standard.com/world-news/disney-florida-governor-end-feud-with-deal-on-15-year-expansion-plan-124061300309_1.html,Disney President Jeff Vahle said in a statement the new agreement paves the way for us to invest billions. ( Representative Image ) Disney and Florida Governor Ron DeSantis have put an end to their feud with a deal that allows the entertainment giant to develop the Walt Disney World Resort near ...,www.business-standard.com,0.084025,Neutral,DIS,0.252987,0.146767,Neutral
2024-06-13 12:51:27,"Disney Vs. Ron DeSantis: Mouse House And Florida Governor Settle Dispute, Clearing Path For 15-Year Expansion Plan - Walt Disney  ( NYSE:DIS ) ",https://www.benzinga.com/news/24/06/39310998/disney-vs-ron-desantis-mouse-house-and-florida-governor-settle-dispute-clearing-path-for-15-year-exp,"In a significant development, Disney DIS and Florida Governor Ron DeSantis ( R-Fla. ) have settled their longstanding disagreement, enabling Disney to proceed with its 15-year expansion plan for the Walt Disney World Resort near Orlando.",www.benzinga.com,0.026861,Neutral,DIS,0.193465,-0.029543,Neutral
2024-06-13 15:25:00,Disney's feud with DeSantis is over - and it's donating to Republicans again,https://www.businessinsider.com/disney-again-donating-republicans-ending-feud-desantis-2024-6,Disney Is Again Donating to Republicans - Right After Ending Feud - Business Insider ...,www.businessinsider.com,-0.064619,Neutral,DIS,0.080458,0.081351,Neutral
2024-06-13 15:42:00,Disney feud with DeSantis quashed with development agreement,https://www.foxbusiness.com/fox-news-us/disney-feud-desantis-quashed-development-agreement,"Florida Gov. Ron DeSantis and Disney have put an end to their years-long feud, allowing for the development of Walt Disney World Resort near Orlando for the next 15 years.",www.foxbusiness.com,0.150347,Somewhat-Bullish,DIS,0.083833,-0.018113,Neutral
2024-06-13 19:22:15,Netflix Vs. Nathan's Famous: How Streaming Giant And Food Company Backed By Bill Gates Could Eat Hot Dog Company's Lunch In Joey Chestnut Battle - Nathan's Famous  ( NASDAQ:NATH ) ,https://www.benzinga.com/general/entertainment/24/06/39320395/netflix-vs-nathans-famous-how-streaming-giant-and-food-company-backed-by-bill-gates-could-e,"Anyone who follows the world of competitive eating or has watched a July 4 hot dog eating competition in the last decade knows the name Joey Chestnut, which has become synonymous with the sport.",www.benzinga.com,0.075362,Neutral,DIS,0.091335,-0.166619,Somewhat-Bearish
2024-06-14 14:48:00,Disney Delivers Special Care Packages to Fisher Houses Nationwide,https://www.benzinga.com/pressreleases/24/06/n39334553/disney-delivers-special-care-packages-to-fisher-houses-nationwide,"Mickey Mouse, Minnie Mouse and friends share joy when it is needed most to U.S. military service members, veterans, and their families",www.benzinga.com,0.389826,Bullish,DIS,0.148731,0.241766,Somewhat-Bullish
2024-06-14 18:27:28,"Euro 2024: How To Watch, Betting Odds, England Attracts Bets, Cristiano Ronaldo To Go Out On Top? - Fox  ( NASDAQ:FOX ) ",https://www.benzinga.com/general/sports-betting/24/06/39338874/euro-2024-how-to-watch-betting-odds-england-attracts-bets-cristiano-ronaldo-to-go-out-on-t,"Twenty-four of the best soccer teams ( or football depending on where you're reading this from ) will participate in the Euro 2024 tournament - one of the most watched and bet on soccer competitions. Here's a look at how to watch the matches, the betting odds, and the storylines that will ...",www.benzinga.com,0.234503,Somewhat-Bullish,DIS,0.044386,0.12694,Neutral
2024-06-15 13:00:00,When Will 'Inside Out 2' Be Streaming On Disney Plus?,https://www.forbes.com/sites/monicamercuri/2024/06/15/when-will-inside-out-2-be-streaming-on-disney-plus-heres-what-to-know/,"Disney and Pixar's anticipated sequel, Inside Out 2, is now in theaters everywhere. If you're wondering when Inside Out 2 will be available on Disney Plus and digital video platforms, read on to discover when you can likely watch the film from home.",www.forbes.com,0.068486,Neutral,DIS,0.069495,0.068475,Neutral
2024-06-16 19:33:00,Disney is mailing checks after a $9.5 million class action settlement. Here's how to know if you are owed any money.,https://www.businessinsider.com/disney-settlement-payments-dream-key-holders-2024-6,Disney starts doling out $9.5 million settlement payments - Business Insider ...,www.businessinsider.com,-0.058135,Neutral,DIS,0.085324,-0.041047,Neutral
2024-06-17 13:49:00,Eric Winter of ABC's The Rookie Releases Gold Medal Winning Rum,https://www.benzinga.com/pressreleases/24/06/n39358204/eric-winter-of-abcs-the-rookie-releases-gold-medal-winning-rum,"LOS ANGELES, June 17, 2024 /PRNewswire/ -- Eric Winter, currently starring on ABC's The Rookie, is debuting Palm Republic Rum. Palm Republic is a premium rum available in Aged and Silver. ""To me this is not just another celebrity spirit, this is a passion of mine for the past 20 years.",www.benzinga.com,0.219559,Somewhat-Bullish,DIS,0.062271,0.021001,Neutral
2024-06-17 15:33:00,Is Disney  ( DIS )  Stock Worth Buying for Investors in 2024?,https://www.zacks.com/stock/news/2289305/is-disney-dis-stock-worth-buying-for-investors-in-2024,"Disney (DIS) faces risks arising from competitive pressures and elevated valuation in 2024, which makes this iconic brand with an impressive collection of media assets worth a wait for investors.",www.zacks.com,0.34625,Somewhat-Bullish,DIS,0.097062,0.267418,Somewhat-Bullish
2024-06-17 17:56:59,Disney Goes Back To What It Does Best- Putting Emotions Into Motion Pictures - Walt Disney  ( NYSE:DIS ) ,https://www.benzinga.com/news/24/06/39363542/disney-goes-back-to-what-it-does-best-putting-emotions-into-motion-pictures,"The Walt Disney Company DIS is officially back on track with its newest animation hit, Inside Out 2. For its debut weekend, Disney's newest theatrical release sold almost $300 million in total ticket sales across the globe, easing concerns that its storytelling magic is gone.",www.benzinga.com,0.155365,Somewhat-Bullish,DIS,0.155954,0.060036,Neutral
2024-06-17 20:47:30,Disney Scores Box Office Hit With 'Inside Out 2': Could Shareholders Be Feeling More Joy And Less Anxiety? - Walt Disney  ( NYSE:DIS ) ,https://www.benzinga.com/general/entertainment/24/06/39367160/disney-scores-box-office-hit-with-inside-out-2-could-shareholders-be-feeling-more-joy-and-l,"Media company The Walt Disney Company DIS scored a box office hit with the highly anticipated Pixar sequel ""Inside Out 2."" The success of the movie could help Disney and movie theater stocks, as it follows the recent strong showing of ""Bad Boys: Ride or Die"" in June.",www.benzinga.com,0.229271,Somewhat-Bullish,DIS,0.171688,0.074692,Neutral
2024-06-18 11:00:00,4 Reasons to Buy Walt Disney Stock Like There's No Tomorrow,https://www.fool.com/investing/2024/06/18/4-reasons-to-buy-walt-disney-stock-like-theres-no/,Too many investors are fixated on its troubled past to notice that the future looks much brighter.,www.fool.com,0.103712,Neutral,DIS,0.113062,-0.047118,Neutral
2024-06-18 19:32:00,"Rebellious. Cool. Nostalgic. Bringing 'The Bikeriders' to life, and movie theaters",https://apnews.com/article/bikeriders-movie-austin-butler-jodie-comer-interview-b49d41148e2643ce08ab0641fe0a3bfb,"Jeff Nichols had dreamt of making a film about a 1960s motorcycle club for over 20 years. The obsession started in his brother's apartment, when he first cracked open Danny Lyon's book ""The Bikeriders,"" a New Journalism-style account of the Chicago Outlaws Motorcycle Club in the mid-1960s.",apnews.com,0.119354,Neutral,DIS,0.029327,0.099605,Neutral
2024-06-19 14:24:00,"Virtual Production Market size is set to grow by USD 3.91 billion from 2024-2028, growing implementation of virtual production in gaming industry to boost the market growth, Technavio",https://www.benzinga.com/pressreleases/24/06/n39399166/virtual-production-market-size-is-set-to-grow-by-usd-3-91-billion-from-2024-2028-growing-implement,"NEW YORK, June 19, 2024 /PRNewswire/ -- The global virtual production market size is estimated to grow by USD 3.91 billion from 2024-2028, according to Technavio. The market is estimated to grow at a CAGR of 21.48% during the forecast period.",www.benzinga.com,0.3639,Bullish,DIS,0.029256,0.068317,Neutral
2024-06-19 16:16:00,JAKKS Pacific  ( JAKK )  Partners With Aniplex for Demon Slayer,https://www.zacks.com/stock/news/2290618/jakks-pacific-jakk-partners-with-aniplex-for-demon-slayer,JAKKS Pacific (JAKK) secures a multi-year licensing deal with Aniplex to produce Demon Slayer costume accessories for global markets by 2025.,www.zacks.com,0.304699,Somewhat-Bullish,DIS,0.062271,0.257834,Somewhat-Bullish
2024-06-19 21:32:00,"Online Streaming Services Market size is set to grow by USD 507 billion from 2024-2028, rising penetration of smartphones and internet access to boost the market growth, Technavio",https://www.benzinga.com/pressreleases/24/06/n39402708/online-streaming-services-market-size-is-set-to-grow-by-usd-507-billion-from-2024-2028-rising-pene,"NEW YORK, June 19, 2024 /PRNewswire/ -- The global online streaming services market size is estimated to grow by USD 507 billion from 2024-2028, according to Technavio. The market is estimated to grow at a CAGR of 26.01% during the forecast period.",www.benzinga.com,0.339387,Somewhat-Bullish,DIS,0.028155,0.0,Neutral
2024-06-20 10:30:00,The 2024 Forbes World's Most Influential CMOs List,https://www.forbes.com/sites/sethmatlins/2024/06/20/the-2024-forbes-worlds-most-influential-cmos-list/,"The 12th annual Forbes World's Most Influential CMOs list recognizes 50 chief marketers whose influence on brands and business around the world is outsized. espite conventional wisdom suggesting otherwise, stone tool-making, which dates back 2.7 million years, is the world's oldest profession.",www.forbes.com,0.306063,Somewhat-Bullish,DIS,0.003658,0.054733,Neutral
2024-06-20 19:51:00,"These employees moved across the country for work, then Disney canceled the project. Now they're suing. | Business",https://www.cnn.com/2024/06/19/media/disney-employee-lawsuit/index.html,"These employees moved across the country for work, then Disney canceled the project. Now they're suing. ...",www.cnn.com,-0.11909,Neutral,DIS,0.081276,-0.19933,Somewhat-Bearish
2024-06-20 20:40:25,Penn Entertainment Shares Soar On Buyout Report: What Investors Should Know - PENN Entertainment  ( NASDAQ:PENN ) ,https://www.benzinga.com/m-a/24/06/39422690/penn-entertainment-shares-soar-on-buyout-report-what-investors-should-know,Shares of PENN Entertainment PENN traded higher on Thursday with a report linking the company to an acquisition that could change the casino sector. What Happened: Penn Entertainment has been approached by Boyd Gaming BYD according to a new report from Reuters.,www.benzinga.com,0.119207,Neutral,DIS,0.17715,0.205109,Somewhat-Bullish
2024-06-21 12:00:00,ROAR SOCIAL ANNOUNCES PROMOTION OF MIKE DODGE TO PRESIDENT AND CHIEF OPERATING OFFICER,https://www.benzinga.com/pressreleases/24/06/n39430695/roar-social-announces-promotion-of-mike-dodge-to-president-and-chief-operating-officer,"Gen Z-focused Platform Revolutionizes Social Media as a Powerful Tool for Social Impact by Replacing the ""Like"" with the ""Give""",www.benzinga.com,0.401015,Bullish,DIS,0.047185,0.178575,Somewhat-Bullish
2024-06-21 14:00:00,"Kartoon Studios to Launch ""Winnie-The-Pooh"" Megabrand on Amazon Prime Video, Alongside Nationwide Retail Program in Partnership with Alliance Entertainment, Leading Distributor of Movies and Music to Major Retailers and Ecommerce",https://www.globenewswire.com/news-release/2024/06/21/2902365/0/en/Kartoon-Studios-to-Launch-Winnie-The-Pooh-Megabrand-on-Amazon-Prime-Video-Alongside-Nationwide-Retail-Program-in-Partnership-with-Alliance-Entertainment-Leading-Distributor-of-Movi.html,$30 Million Joint Venture Funding Provided Via Non-Dilutive Production Financing Through a Subsidiary of Catalyst Venture Partners ...,www.globenewswire.com,0.400983,Bullish,DIS,0.030759,0.062751,Neutral
2024-06-23 07:35:00,Best Stock to Buy Right Now: Amazon vs. Disney,https://www.fool.com/investing/2024/06/23/best-stock-to-buy-right-now-amazon-vs-disney/,"These companies are giants in the streaming industry, but one could be a far more reliable investment.",www.fool.com,0.307609,Somewhat-Bullish,DIS,0.09495,0.27233,Somewhat-Bullish
2024-06-23 17:04:00,"'Inside Out 2' scores $100M in its second weekend, setting records",https://apnews.com/article/inside-out-2-box-office-bikeriders-pixar-a60695cc07640226794b12c3a0017378,"NEW YORK ( AP ) - Weekend number two was just as joyous for The Pixar sequel collected $100 million in ticket sales in its second weekend, according to studio estimates Sunday, setting a new record for an animated movie in its follow-up frame in theaters.",apnews.com,0.035859,Neutral,DIS,0.072876,0.039914,Neutral
2024-06-24 02:47:27,"Nvidia's Brand Recognition Lags Behind Apple, Microsoft, Despite Leading AI Revolution And Market Capitalization Crossing $3 Trillion - Microsoft  ( NASDAQ:MSFT ) , NVIDIA  ( NASDAQ:NVDA ) ",https://www.benzinga.com/markets/equities/24/06/39449022/nvidias-brand-recognition-lags-behind-apple-microsoft-despite-leading-ai-revolution-and-market-c,"NVIDIA Corp NVDA has surged past a $3 trillion market cap, but it has some distance to cover as far as brand recognition is concerned. According to a consulting firm, Apple Inc., Microsoft Corp., Amazon.com Inc., and Alpbabet Inc.'s Google were the four leading global brands at the end of 2023.",www.benzinga.com,0.167777,Somewhat-Bullish,DIS,0.070517,0.0,Neutral
2024-06-24 10:12:00,Netflix wants to be Disney when it grows up,https://www.businessinsider.com/netflix-house-disney-world-theme-parks-2024-6,"By clicking ""Sign Up"", you accept our Terms of Service and Privacy Policy . You can opt-out at any time by visiting our Preferences page or by clicking ""unsubscribe"" at the bottom of the email. Access your favorite topics in a personalized feed while you're on the go. download the app",www.businessinsider.com,0.221611,Somewhat-Bullish,DIS,0.085324,0.078965,Neutral
2024-06-24 12:20:00,"'Inside Out 2' fills Disney with joy, even if its culture-war critics stay angry",https://www.cnn.com/2024/06/24/entertainment/inside-out-2-box-office-disney-critics-woke/index.html,"As emotions go, Disney's loudest critics might sound angry, but ""Inside Out 2"" is bringing the studio nothing but joy.",www.cnn.com,0.080679,Neutral,DIS,0.060236,-0.039371,Neutral
2024-06-24 13:57:00,Disney's  ( DIS )  Inside Out 2 Crosses $500 Million in 8 Days,https://www.zacks.com/stock/news/2292314/disneys-dis-inside-out-2-crosses-500-million-in-8-days,Disney's (DIS) Inside Out 2 becomes the highest-grossing film of 2024 and gains the second-biggest animated box office opening status of all time.,www.zacks.com,0.218868,Somewhat-Bullish,DIS,0.273552,0.100064,Neutral
2024-06-24 19:43:12,Everything We Know About The 'Freaky Friday' Sequel: Filming Begins With Jamie Lee Curtis And Lindsay Lohan Starring,https://www.forbes.com/sites/conormurray/2024/06/24/everything-we-know-about-the-freaky-friday-sequel-filming-begins-with-jamie-lee-curtis-and-lindsay-lohan-starring/,Everything We Know About The 'Freaky Friday' Sequel Forbes ...,www.forbes.com,0.106846,Neutral,DIS,0.061473,-0.172078,Somewhat-Bearish
2024-06-25 13:57:01,"Fox News Viewership Spiked During Trump Trial In May, New Data Shows",https://www.forbes.com/sites/maryroeloffs/2024/06/25/fox-news-viewership-spiked-during-trump-trial-in-may-new-data-shows/,"Programming from the Fox Broadcasting Company earned more viewers across linear televisions and streaming in May than the month before, new data from Nielsen shows, largely thanks to a spike users of the Fox-owned Tubi streaming service, and a spike in Fox News viewers amid coverage of former ...",www.forbes.com,0.059019,Neutral,DIS,0.095138,0.038094,Neutral
2024-06-25 15:01:00,Rogers offers Disney+ to Rogers TV customers at no additional cost,https://www.globenewswire.com/news-release/2024/06/25/2903990/0/en/Rogers-offers-Disney-to-Rogers-TV-customers-at-no-additional-cost.html,Gives customers thousands of hours of exclusive shows and movies as part of their TV package Gives customers thousands of hours of exclusive shows and movies as part of their TV package ...,www.globenewswire.com,0.351081,Bullish,DIS,0.087503,0.108268,Neutral
2024-06-25 15:01:03,Rogers offers Disney+ to Rogers TV customers at no additional cost - Rogers Communications  ( NYSE:RCI ) ,https://www.benzinga.com/pressreleases/24/06/g39482816/rogers-offers-disney-to-rogers-tv-customers-at-no-additional-cost,"TORONTO, June 25, 2024 ( GLOBE NEWSWIRE ) -- Rogers Communications and Disney Entertainment announced today that the ad-supported version of Disney+ is now available to Rogers TV customers at no additional cost.",www.benzinga.com,0.351026,Bullish,DIS,0.081276,0.104733,Neutral
2024-06-26 17:28:12,"Disney Cruise Line Reveals Details About Asia-Based Cruise Ship, Launching In 2025",https://www.forbes.com/sites/megandubois/2024/06/26/disney-cruise-line-reveals-details-about-asia-based-cruise-ship-launching-in-2025/,"Disney Cruise Line continues to grow at an astonishing pace. The Disney Experiences business segment will launch its first Asia-based cruise ship, the Disney Adventure in 2025. The ship will homeport in Singapore and sail three- and four-night cruises from the Marina Bay Cruise Centre for at ...",www.forbes.com,0.30509,Somewhat-Bullish,DIS,0.069697,0.110477,Neutral
2024-06-28 13:39:00,12 ultra-wealthy people who aren't leaving their fortunes to their children,https://www.businessinsider.com/billionaires-and-millionaires-who-arent-leaving-all-their-money-to-children-2019-7,"Billionaires, millionaires who aren't leaving all money to their kids - Business Insider ...",www.businessinsider.com,0.238268,Somewhat-Bullish,DIS,0.025008,0.023127,Neutral
2024-07-01 04:01:00,The Ad Council Announces Google's Tara Walpert Levy as Board Chair,https://www.prnewswire.com/news-releases/the-ad-council-announces-googles-tara-walpert-levy-as-board-chair-302185979.html,"NEW YORK, July 1, 2024 /PRNewswire/ -- Tara Walpert Levy, VP of YouTube across the Americas, has been named Chair of the Ad Council's Board of Directors. She succeeds Diego Scotti, EVP & General Manager of Consumer Group and Global Marketing & Communications at PayPal.",www.prnewswire.com,0.216723,Somewhat-Bullish,DIS,0.05654,0.003,Neutral
2024-07-01 13:26:00,"Stock Market News for Jul 1, 2024",https://www.zacks.com/stock/news/2295519/stock-market-news-for-jul-1-2024,"Wall Street closed lower on Friday, weighed down by tech and discretionary stocks.",www.zacks.com,0.033939,Neutral,DIS,0.07446,0.14668,Neutral
2024-07-02 13:00:00,GOOD LIFE COMPANIES SUPPORTS GROWTH TRAJECTORY WITH A SECOND HEADQUARTERS IN ORLANDO,https://www.prnewswire.com/news-releases/good-life-companies-supports-growth-trajectory-with-a-second-headquarters-in-orlando-302187506.html,"Firm Celebrates New Location and Advisor Independence with Sponsorship of Disney-Area Fireworks Spectacular ORLANDO, Fla., July 2, 2024 /PRNewswire/ -- Good Life Companies ( Good Life ) , a leading partner to independent advisors nationwide, today announced that the company is adding a second ...",www.prnewswire.com,0.481917,Bullish,DIS,0.072435,0.059344,Neutral
2024-07-02 14:30:00,"Disney Wins Again With ""Inside Out 2"": Time to Buy the Stock?",https://www.fool.com/investing/2024/07/02/disney-wins-again-with-inside-out-2-time-to-buy/,The animated sequel is already the top-grossing film of 2024.,www.fool.com,0.195833,Somewhat-Bullish,DIS,0.096866,0.148508,Neutral
2024-07-03 09:06:00,Biden will bestow the Medal of Honor on 2 Civil War heroes who helped hijack a train in confederacy,https://apnews.com/article/medal-honor-biden-civil-war-locomotive-f951c46a9efe66be4869fa3a78fef34d,Biden to bestow Medal of Honor on two Civil War heroes who helped hijack a train in confederacy The Associated Press ...,apnews.com,-0.024389,Neutral,DIS,0.085936,0.168964,Somewhat-Bullish
2024-07-03 16:40:44,"'Wicked,' 'Gladiator 2' Same Day Release Has Industry Vying For Another Box Office Power Duo: Barbenheimer Take Two? - Comcast  ( NASDAQ:CMCSA ) ",https://www.benzinga.com/general/entertainment/24/07/39621420/wicked-gladiator-2-same-day-release-has-industry-vying-for-another-box-office-power-duo-bar,"Oz or Ancient Rome? Moviegoers may have another Barbenheimer-like decision to make when ""Wicked"" and ""Gladiator II"" premiere in cinemas on the same weekend.",www.benzinga.com,-0.012163,Neutral,DIS,0.15697,-0.129181,Neutral
2024-07-04 21:36:00,"Comic Book Market size is set to grow by USD 3.25 billion from 2024-2028, Success of TV shows and movies based on ... - PR Newswire",https://www.prnewswire.com/news-releases/comic-book-market-size-is-set-to-grow-by-usd-3-25-billion-from-2024-2028--success-of-tv-shows-and-movies-based-on-comic-books-to-boost-the-market-growth-technavio-302188798.html,"Comic Book Market size is set to grow by USD 3.25 billion from 2024-2028, Success of TV shows and movies based on ... PR ...",www.prnewswire.com,0.272111,Somewhat-Bullish,DIS,0.030331,0.113438,Neutral
2024-07-04 22:20:02,"Disney heiress, wealthy Democratic donors say they won't finance the party until Joe Biden drops out",https://www.cnbc.com/2024/07/04/democratic-donors-wont-finance-party-until-joe-biden-drops-out.html,President Joe Biden faces a rebellion from wealthy Democratic donors after his debate performance against Donald Trump.,www.cnbc.com,0.067268,Neutral,DIS,0.058903,0.009002,Neutral
2024-07-05 14:30:00,"Abigail Disney says 'Democrats will lose' with Biden on ticket, pledges to stop donating until he drops out",https://www.foxbusiness.com/media/abigail-disney-democrats-lose-biden-ticket-pledges-stop-donating-drops,Walt Disney Company heiress and liberal megadonor Abigail Disney said she will withhold cash to the Democratic Party until President Biden drops out of the 2024 race.,www.foxbusiness.com,-0.065382,Neutral,DIS,0.085022,0.0,Neutral
2024-07-06 08:23:00,1 Growth Stock Down 52% to Buy Right Now,https://www.fool.com/investing/2024/07/06/1-growth-stock-down-52-to-buy-right-now/,"This entertainment powerhouse is dealing with tough times, but the future looks bright.",www.fool.com,0.216011,Somewhat-Bullish,DIS,0.119235,-0.131136,Neutral
2024-07-07 16:57:17,Revealed: The Disney Theme Park Complex That Has Lost $16 Billion Of Its Value This Year,https://www.forbes.com/sites/carolinereid/2024/07/07/revealed-the-disney-theme-park-complex-that-has-lost-16-billion-of-its-value-this-year/,"For the past three years Disney's theme parks have cast a powerful spell on its bottom line. As the pandemic receded, guests streamed through their turnstiles flush with furlough cash and a pent-up demand to travel. Many of Disney's resorts hit new highs but one was not so lucky.",www.forbes.com,0.071761,Neutral,DIS,0.019163,0.0,Neutral
2024-07-07 22:30:00,Best Stock to Buy Right Now: Disney vs. Roku,https://www.fool.com/investing/2024/07/07/best-stock-to-buy-right-now-disney-vs-roku/,These two media and entertainment businesses deserve a closer look.,www.fool.com,0.292309,Somewhat-Bullish,DIS,0.121959,0.167385,Somewhat-Bullish
2024-07-08 04:01:00,Disney CEO Bob Iger to be Honored at The Ad Council's 70th Annual Public Service Award Dinner,https://www.benzinga.com/pressreleases/24/07/n39658425/disney-ceo-bob-iger-to-be-honored-at-the-ad-councils-70th-annual-public-service-award-dinner,"NEW YORK, July 8, 2024 /PRNewswire/ -- The Ad Council announced today that Walt Disney Company CEO Bob Iger will be receiving the organization's Award for Public Service at its Public Service Award Dinner on December 5, 2024, at the Glasshouse in New York City.",www.benzinga.com,0.304199,Somewhat-Bullish,DIS,0.104002,0.144142,Neutral
2024-07-08 13:15:00,Disney Launches One of the Most Expansive Sweepstakes in Company History with D23: The Ultimate Disney Sweepstakes - FANtastic Prizes,https://www.benzinga.com/pressreleases/24/07/n39666270/disney-launches-one-of-the-most-expansive-sweepstakes-in-company-history-with-d23-the-ultimate-dis,"Fans have the opportunity to win unique prizes from across the company including Disney Experiences, ABC, Lightstorm Entertainment, Pixar, Disney on Broadway, and more.",www.benzinga.com,0.466662,Bullish,DIS,0.058663,0.340224,Somewhat-Bullish
2024-07-08 16:22:44,"Comcast Hits Big With 'Despicable Me 4': Can Stocks, Movie Theaters Benefit From 2024 Blockbusters? - Comcast  ( NASDAQ:CMCSA ) ",https://www.benzinga.com/general/entertainment/24/07/39670721/comcast-hits-big-with-despicable-me-4-can-stocks-movie-theaters-benefit-from-2024-blockbust,"Concerns for the box office in 2024 may have been overly exaggerated or first half heavy, as ""Despicable Me 4"" continued the recent success of animated films in movie theaters. What Happened: Opening over the Fourth of July holiday, ""Despicable Me 4"" grossed $122.6 million at the domestic box ...",www.benzinga.com,0.069886,Neutral,DIS,0.105604,-0.078731,Neutral
2024-07-08 20:07:00,Ryan Saadi Congratulates Marc Benioff on Receiving the Yale Legend in Leadership Award and Commends Yale School of Management for Recognizing the Importance of Integrating Corporate Success with Social Responsibility,https://www.globenewswire.com/news-release/2024/07/08/2909957/0/en/Ryan-Saadi-Congratulates-Marc-Benioff-on-Receiving-the-Yale-Legend-in-Leadership-Award-and-Commends-Yale-School-of-Management-for-Recognizing-the-Importance-of-Integrating-Corporat.html,"WARREN, N.J., July 08, 2024 ( GLOBE NEWSWIRE ) -- Ryan Saadi, MD, MPH, founding CEO of Tevogen Bio ( ""Tevogen"" ) ( Nasdaq: TVGN ) , a clinical-stage specialty immunotherapy biotech pioneer developing off-the-shelf, genetically unmodified T cell therapeutics in oncology, neurology, and virology, ...",www.globenewswire.com,0.389134,Bullish,DIS,0.065506,0.094126,Neutral
2024-07-10 05:48:00,Japan's next big tourist craze: Disney cruises,https://www.businessinsider.com/disney-cruises-start-japan-tokyo-resorts-2029-year-round-ship-2024-7,Disney cruises are coming to Japan - Business Insider ...,www.businessinsider.com,0.071768,Neutral,DIS,0.109455,0.0,Neutral
2024-07-10 10:47:00,"Make-A-Wish and ESPN announce the 17th edition of the ""My Wish"" series that brings sports wishes to life",https://www.benzinga.com/pressreleases/24/07/n39705366/make-a-wish-and-espn-announce-the-17th-edition-of-the-my-wish-series-that-brings-sports-wishes-to-,"More than 80 wish kids have been profiled as part of the summer series since its inception in 2006 PHOENIX, July 10, 2024 /PRNewswire/ -- Make-A-Wish and ESPN have announced that the ""My Wish"" series will soon return for its 17th year on SportsCenter.",www.benzinga.com,0.454766,Bullish,DIS,0.055109,0.282505,Somewhat-Bullish
2024-07-10 15:30:01,"Penn Entertainment Buyout Rumors Sizzle, Send Sports Betting Stock Up 13% In A Month - PENN Entertainment  ( NASDAQ:PENN ) ",https://www.benzinga.com/m-a/24/07/39712722/penn-entertainment-buyout-rumors-sizzle-send-sports-betting-stock-up-13-in-a-month,"Less than a month after a report that Boyd Gaming BYD was considering a buyout of casino and sports betting operator Penn Entertainment PENN, a new bidder has emerged. What Happened: FanDuel's parent company, Flutter Entertainment FLUT, is considering teaming up with Boyd on a bid for Penn, ...",www.benzinga.com,0.230268,Somewhat-Bullish,DIS,0.134968,0.090804,Neutral
2024-07-10 20:33:56,Elon Musk Predicts Gladiator Sequel Will Be 'Painfully Bad. Embarrassingly So': Film's Star Says Movie Takes 'New Direction' - Paramount Global  ( NASDAQ:PARA ) ,https://www.benzinga.com/general/entertainment/24/07/39718738/elon-musk-predicts-gladiator-sequel-will-be-painfully-bad-embarrassingly-so-films-star-says,"Fans, media companies, and movie theaters are eagerly anticipating several blockbuster releases in the second half of 2024. One of these movies is ""Gladiator II,"" a long-awaited sequel to the 2000 award-winning film. Some are questioning if the movie is needed and whether it will be a box office ...",www.benzinga.com,0.223671,Somewhat-Bullish,DIS,0.095138,0.060207,Neutral
2024-07-10 21:55:00,"Comic Book Publishing Market size is set to grow by USD 3.68 billion from 2024-2028, Growing availability of comic books on E-commerce sites boost the market, Technavio",https://www.benzinga.com/pressreleases/24/07/n39720040/comic-book-publishing-market-size-is-set-to-grow-by-usd-3-68-billion-from-2024-2028-growing-availa,"NEW YORK, July 10, 2024 /PRNewswire/ -- The global comic book publishing market is poised for substantial growth, expected to increase by USD 3.68 billion from 2024 to 2028, with a CAGR of 4.6%. This growth is driven by the expanding availability of comic books on e-commerce platforms and a trend ...",www.benzinga.com,0.278667,Somewhat-Bullish,DIS,0.024347,0.265356,Somewhat-Bullish
2024-07-11 10:00:00,"Here's what you need to know about the NBA's upcoming 11-year, $76 billion media rights deal",https://apnews.com/article/nba-media-deal-tv-70e4ac5db5ba0a733fdc9ff4cf15950b,"Here's what you need to know about the NBA's upcoming 11-year, $76 billion media rights contracts The Associated Press ...",apnews.com,0.104814,Neutral,DIS,0.04872,-0.036931,Neutral
2024-07-11 15:40:22,"NBA Fans Rejoice: New $76B Deal From ESPN, Amazon, NBC - Comcast  ( NASDAQ:CMCSA ) , Amazon.com  ( NASDAQ:AMZN ) ",https://www.benzinga.com/general/entertainment/24/07/39733479/nba-fans-rejoice-new-76b-deal-from-espn-amazon-nbc-will-bring-games-seven-days-a-week,"A new media rights deal for the National Basketball Association ( NBA ) is nearing the finish line and could be slam dunk for fans and the new partners. What Happened: A new NBA deal is expected to be 11 years in length and total $76 billion from three partners, following up a nine-year deal ...",www.benzinga.com,0.118729,Neutral,DIS,0.122894,0.122474,Neutral
2024-07-11 17:00:00,Disney Announces Expansive Programming Lineup and Show Floor Activations for D23: The Ultimate Disney Fan Event,https://www.benzinga.com/pressreleases/24/07/n39735286/disney-announces-expansive-programming-lineup-and-show-floor-activations-for-d23-the-ultimate-disn,"BURBANK, Calif., July 11, 2024 /PRNewswire/ -- With less than one month to go to the highly anticipated D23: The Ultimate Disney Fan Event presented by Visa®, Disney today revealed details about what fans will be able to experience at the Anaheim Convention Center during this sold-out event, ...",www.benzinga.com,0.393725,Bullish,DIS,0.071066,0.158453,Somewhat-Bullish
2024-07-12 10:36:32,"Elon Musk Threatens Legal Action Against 'Perpetrators And Collaborators' Of Social Media Advertising Boycott - Alphabet  ( NASDAQ:GOOGL ) , Walt Disney  ( NYSE:DIS ) ",https://www.benzinga.com/news/24/07/39745870/elon-musk-threatens-legal-action-against-perpetrators-and-collaborators-of-social-media-advertising,"Elon Musk, the owner of social media platform X, has announced his intention to take legal action against those he accuses of unlawfully avoiding advertising on social media platforms.",www.benzinga.com,-0.075811,Neutral,DIS,0.094762,-0.040549,Neutral
2024-07-12 17:21:44,AFCI Expands Industry Access to Global Film Commissioner Conference,https://www.benzinga.com/pressreleases/24/07/g39754199/afci-expands-industry-access-to-global-film-commissioner-conference,"LOS ANGELES, July 12, 2024 ( GLOBE NEWSWIRE ) -- The Association of Film Commissioners International ( AFCI ) today announced a significant expansion for its annual AFCI Week conference in Los Angeles, which will take place August 25-28 at UCLA's Meyer & Renee Luskin Conference Center.",www.benzinga.com,0.288796,Somewhat-Bullish,DIS,0.048621,0.167924,Somewhat-Bullish
2024-07-15 14:15:00,"Amusement Parks Market Boosts Infrastructure Investments and Job Creation, Finds Maximize Market Research",https://www.benzinga.com/pressreleases/24/07/n39773501/amusement-parks-market-boosts-infrastructure-investments-and-job-creation-finds-maximize-market-re,"PUNE, India, July 15, 2024 /PRNewswire/ -- Amusement Parks Market size was valued at USD 72.06 Bn. in 2023 and the total revenue is expected to grow at a CAGR of 6.2% from 2024 to 2030, reaching nearly USD 109.80 Bn.",www.benzinga.com,0.339597,Somewhat-Bullish,DIS,0.021199,0.282552,Somewhat-Bullish
2024-07-16 13:14:00,Technology Executive Carolyn Everson Joins Viam Board of Directors - PR Newswire,https://www.prnewswire.com/news-releases/technology-executive-carolyn-everson-joins-viam-board-of-directors-302198137.html,Technology Executive Carolyn Everson Joins Viam Board of Directors PR ...,www.prnewswire.com,0.284795,Somewhat-Bullish,DIS,0.067347,0.096229,Neutral
2024-07-17 12:25:00,ANGEL CITY FOOTBALL CLUB ENTERS INTO DEFINITIVE AGREEMENT WITH WILLOW BAY AND BOB IGER TO BECOME THE NEW CONTROLLING OWNERS OF THE WORLD'S MOST VALUABLE WOMEN'S PROFESSIONAL SPORTS TEAM,https://www.benzinga.com/pressreleases/24/07/n39813894/angel-city-football-club-enters-into-definitive-agreement-with-willow-bay-and-bob-iger-to-become-t,"Investment by Bay and Iger will value the Club at $250 million, the highest valuation ever for a women's professional sports team, establishing a new era for investment in women's sports.",www.benzinga.com,0.282604,Somewhat-Bullish,DIS,0.07726,0.099236,Neutral
2024-07-17 14:56:00,Bob Iger and his wife ink a deal with the world's most valuable women's sports team,https://www.businessinsider.com/bob-iger-willow-bay-majority-owners-of-angel-city-fc-2024-7,"Bob Iger, Willow Bay to become majority owners of Angel City FC - Business Insider ...",www.businessinsider.com,0.108303,Neutral,DIS,0.113597,0.054108,Neutral
2024-07-22 18:46:58,"Disneyland Strike Nears: 14,000+ Workers Set To Target California Theme Park In First Walkout In 40 Years - Walt Disney  ( NYSE:DIS ) ",https://www.benzinga.com/general/entertainment/24/07/39891630/disneyland-strike-nears-14-000-workers-set-to-target-california-theme-park-in-first-walkout,"One of the world's largest media and theme park companies could face significant challenges due to a potential strike, just a year after a Hollywood strike affected the company.",www.benzinga.com,0.039119,Neutral,DIS,0.192183,0.233628,Somewhat-Bullish
2024-07-23 11:33:11,Netflix's Q2 Results Showcase The Strength Of Its Leadership In Streaming - Netflix  ( NASDAQ:NFLX ) ,https://www.benzinga.com/news/24/07/39903140/netflixs-q2-results-showcase-the-strength-of-its-leadership-in-streaming,"Last Thursday, Netflix Inc NFLX reported its second quarter financials, reflecting strong growth in advertising and increase in global subscribers.",www.benzinga.com,0.33001,Somewhat-Bullish,DIS,0.149192,0.221837,Somewhat-Bullish
2024-07-23 13:10:19,Disney Nears Death Cross: Has The Magic Kingdom Lost Its Spark? - Walt Disney  ( NYSE:DIS ) ,https://www.benzinga.com/general/entertainment/24/07/39906335/disney-nears-death-cross-has-the-magic-kingdom-lost-its-spark,The Walt Disney Co. DIS is in the spotlight for reasons beyond its captivating movies and theme park magic. The company's stock performance indicates a potential technical signal that traders and investors dread: the Death Cross.,www.benzinga.com,0.027555,Neutral,DIS,0.126119,-0.069145,Neutral
2024-07-23 17:15:20,Coca-Cola  ( KO )  Q2 2024 Earnings Call Transcript,https://www.fool.com/earnings/call-transcripts/2024/07/23/coca-cola-ko-q2-2024-earnings-call-transcript/,"KO earnings call for the period ending June 30, 2024.",www.fool.com,0.321119,Somewhat-Bullish,DIS,0.004999,0.18196,Somewhat-Bullish
2024-07-23 18:37:42,Could Warner Bros. Vs. Amazon Battle Be Brewing For NBA Rights? Mark Cuban Shares His Suggestion - Warner Bros. Discovery  ( NASDAQ:WBD ) ,https://www.benzinga.com/general/entertainment/24/07/39915544/could-warner-bros-vs-amazon-battle-be-brewing-for-nba-rights-mark-cuban-shares-his-suggesti,"Media company Warner Bros. Discovery WBD isn't ready to give up its highly coveted national NBA TV rights yet. The media company matched a deal signed by Amazon.com Inc AMZN, setting up a potential battle.",www.benzinga.com,0.161784,Somewhat-Bullish,DIS,0.128135,0.0,Neutral
2024-07-25 12:30:00,Turtle Beach Corporation Appoints Libby Bush to Board of Directors,https://www.globenewswire.com/news-release/2024/07/25/2918807/0/en/Turtle-Beach-Corporation-Appoints-Libby-Bush-to-Board-of-Directors.html,"WHITE PLAINS, N.Y., July 25, 2024 ( GLOBE NEWSWIRE ) -- Turtle Beach Corporation ( Nasdaq: HEAR ) , a leading gaming headset and accessories brand, today announced the appointment of Libby Bush, Global Head of Media & Entertainment Partnerships at leading entertainment and sports agency, ...",www.globenewswire.com,0.246418,Somewhat-Bullish,DIS,0.044469,0.168289,Somewhat-Bullish
2024-07-25 13:15:00,"Kartoon Studios, VeVe, and Multiverse Clothing Company Inc. Release First-Ever Line of Stan Lee Limited-Edition ""Phygital"" Collections During San Diego Comic-Con - Kartoon Studios  ( AMEX:TOON ) ",https://www.benzinga.com/pressreleases/24/07/g39958279/kartoon-studios-veve-and-multiverse-clothing-company-inc-release-first-ever-line-of-stan-lee-limit,"BEVERLY HILLS, Calif., July 25, 2024 ( GLOBE NEWSWIRE ) -- Kartoon Studios TOON, the controlling partner of ""Stan Lee Universe, LLC,"" VeVe, the global leader in digital collectibles and comics derived from some of the world's best-known IP, and groundbreaking Multiverse Clothing Company Inc. ...",www.benzinga.com,0.370318,Bullish,DIS,0.027571,0.1522,Somewhat-Bullish
2024-07-25 14:00:00,"Carrieverse Presents, ""Disney"" in the Metaverse",https://www.benzinga.com/pressreleases/24/07/n39959886/carrieverse-presents-disney-in-the-metaverse,"Licensing agreement completed, Disney content scheduled to be introduced in the Carrieverse metaverse Securing contact with various users around the world, through Inside Out, Disney Tsum Tsum, etc.",www.benzinga.com,0.341829,Somewhat-Bullish,DIS,0.192694,0.342305,Somewhat-Bullish
2024-07-26 02:42:20,"DIS, LLY, ASTS, DXCM, TSLA: Top 5 Trending Stocks Today - AST SpaceMobile  ( NASDAQ:ASTS ) , Walt Disney  ( NYSE:DIS ) ",https://www.benzinga.com/markets/equities/24/07/39975832/walt-disney-eli-lilly-ast-spacemobile-dexcom-tesla-why-these-5-stocks-are-on-investors-radars-to,"On Thursday, major U.S. indices showed mixed results. The Dow Jones Industrial Average increased by 0.2% to 39,935.07, while the S&P 500 fell by 0.5% to 5,399.22. The Nasdaq dropped 0.9% to 17,181.72. Let's take a closer look at the top stocks that caught the attention of retail traders and ...",www.benzinga.com,0.039052,Neutral,DIS,0.120431,0.049373,Neutral
2024-07-26 05:15:14,Hasbro  ( HAS )  Q2 2024 Earnings Call Transcript,https://www.fool.com/earnings/call-transcripts/2024/07/26/hasbro-has-q2-2024-earnings-call-transcript/,"HAS earnings call for the period ending June 30, 2024.",www.fool.com,0.304235,Somewhat-Bullish,DIS,0.009659,0.091576,Neutral
2024-07-29 19:55:49,"Disney's Magical Marvel Weekend: Robert Downey Jr., Russo Brothers Steal Comic Con Spotlight As 'Deadpool & Wolverine' Breaks Records - Walt Disney  ( NYSE:DIS ) ",https://www.benzinga.com/general/entertainment/24/07/40021651/disneys-magical-marvel-weekend-robert-downey-jr-russo-brothers-steal-comic-con-spotlight-as,"Media giant The Walt Disney Company DIS made it a magical weekend for movie fans of superheroes with several exciting announcements at San Diego Comic Con and the theatrical release of ""Deadpool & Wolverine,"" which broke several records.",www.benzinga.com,0.235913,Somewhat-Bullish,DIS,0.112269,0.092362,Neutral
2024-07-30 12:36:00,Is the Options Market Predicting a Spike in Disney  ( DIS )  Stock?,https://www.zacks.com/stock/news/2311623/is-the-options-market-predicting-a-spike-in-disney-dis-stock,Investors need to pay close attention to Disney (DIS) stock based on the movements in the options market lately.,www.zacks.com,0.066549,Neutral,DIS,0.252987,0.0,Neutral
2024-07-31 18:14:00,"Beloved Disney Princesses Come Together to Inspire Girls to ""Create Your World"" Through New Multi-Year Brand Campaign",https://www.benzinga.com/pressreleases/24/07/n40077969/beloved-disney-princesses-come-together-to-inspire-girls-to-create-your-world-through-new-multi-ye,"Unleash the Princess within through theatrical and streaming content, Disney Parks experiences, new music cover releases, consumer products, and more. Grammy award-winning artist Coco Jones releasing a reimagined track of the beloved anthem ""Almost There"" to help kick off the campaign.",www.benzinga.com,0.4922,Bullish,DIS,0.047813,0.2836,Somewhat-Bullish
2024-08-01 14:52:00,America's High School Students to Descend Upon Walt Disney World Resort for HBCU Week Foundation College Fair in October,https://www.benzinga.com/pressreleases/24/08/n40104519/americas-high-school-students-to-descend-upon-walt-disney-world-resort-for-hbcu-week-foundation-co,"College fair at ESPN Wide World of Sports Complex expected to be among the foundation's largest ever. More than 8,000 high school students from the Southeast and beyond invited to attend. College admissions and four-year scholarships to be awarded on the spot.",www.benzinga.com,0.377247,Bullish,DIS,0.039289,0.245541,Somewhat-Bullish
2024-08-01 15:14:00,Marvel-Inspired Experiences Coming to Disney Destiny in November 2025,https://www.benzinga.com/pressreleases/24/08/n40105458/marvel-inspired-experiences-coming-to-disney-destiny-in-november-2025,"Disney Cruise Line rounds out Disney Destiny reveal by announcing venues, experiences, and stern character that draw on legacies of Marvel heroes and villains for new ship setting sail November 2025 CELEBRATION, Fla., Aug. 1, 2024 /PRNewswire/ -- Like Loki, the next Disney Cruise Line ship is ...",www.benzinga.com,0.543166,Bullish,DIS,0.027288,0.164686,Somewhat-Bullish
2024-08-01 16:14:00,'Heroes and Villains' Themed Disney Destiny Sets Sail for Legendary Family Vacations in November 2025,https://www.benzinga.com/pressreleases/24/08/n40107650/heroes-and-villains-themed-disney-destiny-sets-sail-for-legendary-family-vacations-in-november-202,"Bookings open Sept. 12, 2024 for new Disney Cruise Line ship that will set sail from Fort Lauderdale, Florida CELEBRATION, Fla., Aug. 1, 2024 /CNW/ -- Beginning in November 2025, the Disney Destiny will draw on the legacies of Disney's larger-than-life heroes and villains to forge a legendary ...",www.benzinga.com,0.509773,Bullish,DIS,0.029167,0.205653,Somewhat-Bullish
2024-08-02 15:00:00,"4DX and ScreenX Premium Formats Make History with Highest-Grossing Opening Weekend on Marvel Studios' ""Deadpool & Wolverine""",https://www.benzinga.com/pressreleases/24/08/n40133852/4dx-and-screenx-premium-formats-make-history-with-highest-grossing-opening-weekend-on-marvel-studi,"HOLLYWOOD, Calif., Aug. 2, 2024 /PRNewswire/ -- CJ 4DPLEX, the world's leading producer of premium film formats and cinema technologies, together with Marvel and The Walt Disney Studios, announced today that Deadpool & Wolverine has delivered the greatest opening debut weekend results ever at ...",www.benzinga.com,0.305547,Somewhat-Bullish,DIS,0.044222,0.174688,Somewhat-Bullish
2024-08-05 15:03:00,Disney  ( DIS )  Stock Before Q3 Earnings: To Buy or Not to Buy?,https://www.zacks.com/stock/news/2316207/disney-dis-stock-before-q3-earnings-to-buy-or-not-to-buy,"Disney's (FTNT) iconic brand and impressive media assets, on one hand, and competitive pressure and high valuation, on the other, warrant investor caution for the fiscal third-quarter 2024.",www.zacks.com,0.334931,Somewhat-Bullish,DIS,0.21462,0.184576,Somewhat-Bullish
2024-08-05 20:08:30,Trump Vs. Harris Presidential Debate Dilemma Solved? Media Outlet Pitches 'Alternative That Would Satisfy Both Candidates' - Nexstar Media Gr  ( NASDAQ:NXST ) ,https://www.benzinga.com/general/politics/24/08/40170953/trump-vs-harris-presidential-debate-dilemma-solved-media-outlet-pitches-alternative-that-would-s,"Plans for an upcoming presidential debate between Kamala Harris and Donald Trump have hit a roadblock ahead of the 2024 presidential election. Each candidate is currently ready to debate at rival events, with a media company proposing a solution to get both candidates together.",www.benzinga.com,0.214891,Somewhat-Bullish,DIS,0.110209,0.131645,Neutral
2024-08-06 11:35:00,Disney Likely to Win Big From a Possible Earnings Beat This Week,https://www.zacks.com/stock/news/2316753/disney-likely-to-win-big-from-a-possible-earnings-beat-this-week,The Walt Disney Co. (DIS) is set to beat third-quarter fiscal 2024 earnings this week.,www.zacks.com,0.200682,Somewhat-Bullish,DIS,0.619618,0.233692,Somewhat-Bullish
2024-08-06 16:04:32,What's Going On With Walt Disney Stock Tuesday? - Walt Disney  ( NYSE:DIS ) ,https://www.benzinga.com/news/24/08/40195533/whats-going-on-with-walt-disney-stock-tuesday,The Walt Disney Company DIS shares are trading higher on Tuesday. The company is anticipated to release earnings on Wednesday before the market opens. The Details: The company is set to report its 2024 fiscal year third quarter earnings. Analysts estimate an EPS of $1.20 and revenue of $23.11 ...,www.benzinga.com,0.016781,Neutral,DIS,0.501398,0.283281,Somewhat-Bullish
2024-08-06 20:26:49,"Disney Q3 Earnings Preview: Disney+ Subscribers, Price Hikes In Focus, Could Box Office Success Rally Shares? - Walt Disney  ( NYSE:DIS ) ",https://www.benzinga.com/analyst-ratings/analyst-color/24/08/40202904/disney-q3-earnings-preview-disney-subscribers-price-hikes-in-focus-could-box-office,"The recent box office success of The Walt Disney Company DIS and its Disney+ streaming platform will likely be the most talked about items from the company's third-quarter earnings, which come before market open Wednesday August 7.",www.benzinga.com,0.200363,Somewhat-Bullish,DIS,0.259451,0.355766,Bullish
2024-08-07 02:30:14,fuboTV  ( FUBO )  Q2 2024 Earnings Call Transcript,https://www.fool.com/earnings/call-transcripts/2024/08/06/fubotv-fubo-q2-2024-earnings-call-transcript/,"FUBO earnings call for the period ending June 30, 2024.",www.fool.com,0.342383,Somewhat-Bullish,DIS,0.017078,0.061438,Neutral
2024-08-07 06:12:00,"Disney, CVS Health And 3 Stocks To Watch Heading Into Wednesday - Walt Disney  ( NYSE:DIS ) ",https://www.benzinga.com/news/earnings/24/08/40211031/disney-cvs-health-and-3-stocks-to-watch-heading-into-wednesday,"With U.S. stock futures trading higher this morning on Wednesday, some of the stocks that may grab investor focus today are as follows: Wall Street expects McKesson Corporation MCK to report quarterly earnings at $7.21 per share on revenue of $82.53 billion after the closing bell, according to ...",www.benzinga.com,0.333737,Somewhat-Bullish,DIS,0.310843,0.381292,Bullish
2024-08-07 06:47:00,"Dow Snaps 3-Session Losing Streak As Nvidia, Meta, And Other Tech Stocks Surge: Greed Index Remains In 'Extreme Fear' Zone - McKesson  ( NYSE:MCK ) ",https://www.benzinga.com/news/earnings/24/08/40211348/dow-snaps-3-session-losing-streak-as-nvidia-meta-and-other-tech-stocks-surge-greed-index-remains-in,"The CNN Money Fear and Greed index showed some improvement in the overall market sentiment, while the index remained in the ""Extreme Fear"" zone on Tuesday. U.S. stocks settled higher on Tuesday, recovering some losses from the prior three sessions.",www.benzinga.com,-0.041521,Neutral,DIS,0.228073,0.0,Neutral
2024-08-07 13:00:00,PROFESSIONAL FIGHTERS LEAGUE SUPER FIGHTS PRESENTS FRANCIS NGANNOU VS RENAN FERREIRA,https://www.benzinga.com/pressreleases/24/08/n40220117/professional-fighters-league-super-fights-presents-francis-ngannou-vs-renan-ferreira,"Undisputed Heavyweight Champion, Francis ""The Predator"" Ngannou returns to MMA in the World Title Fight of the year against PFL Heavyweight Champion Renan 'Problema' Ferreira The greatest women's MMA fighter of all-time Cris 'Cyborg' faces two-time PFL Champion Larissa Pacheco in World Title ...",www.benzinga.com,0.260095,Somewhat-Bullish,DIS,0.033703,0.094776,Neutral
2024-08-07 13:36:00,"Disney  ( DIS )  Q3 Earnings Beat Estimates, Revenues Rise Y/Y",https://www.zacks.com/stock/news/2318171/disney-dis-q3-earnings-beat-estimates-revenues-rise-yy,Disney's (DIS) third-quarter fiscal 2024 results reflect growth in Disney+ subscribers and theme park and resort businesses.,www.zacks.com,0.155211,Somewhat-Bullish,DIS,0.207868,0.131234,Neutral
2024-08-07 14:02:00,Pre-Markets in the Green as Rebound Continues,https://www.zacks.com/stock/news/2318147/pre-markets-in-the-green-as-rebound-continues,U.S. stock futures are trying to hold on to yesterday???s rebound after three straight sessions of bloodbath.,www.zacks.com,-0.067019,Neutral,DIS,0.165598,0.101192,Neutral
2024-08-07 14:27:48,Disney returns to profit in Q3 as streaming business starts making money,https://www.business-standard.com/world-news/disney-returns-to-profit-in-q3-as-streaming-business-starts-making-money-124080701366_1.html,Disney returned to a profitable third quarter as its combined streaming business started making money for the first time and the movie Inside Out 2 did well in theatres. Operating income for the entertainment segment nearly tripled to USD 1.2 billion thanks to better performances from its ...,www.business-standard.com,0.172782,Somewhat-Bullish,DIS,0.060694,0.097157,Neutral
2024-08-07 14:30:15,Walt Disney  ( DIS )  Q3 2024 Earnings Call Transcript,https://www.fool.com/earnings/call-transcripts/2024/08/07/walt-disney-dis-q3-2024-earnings-call-transcript/,"DIS earnings call for the period ending June 30, 2024.",www.fool.com,0.302173,Somewhat-Bullish,DIS,0.019821,0.198316,Somewhat-Bullish
2024-08-07 14:32:00,Investors Await Initial Jobless Claims Report,https://www.zacks.com/stock/news/2318168/investors-await-initial-jobless-claims-report,"U.S. stock futures are trying to hold on to yesterday's rebound after three straight sessions of bloodbath. Currently, the S&P 500 is up +56 points, the Nasdaq is +233 points, and the Dow is +313 points.",www.zacks.com,-0.07441,Neutral,DIS,0.179121,0.126836,Neutral
2024-08-07 18:06:00,Markets Stage Comeback with Second Rally Attempt Underway: Stocks to Watch,https://www.zacks.com/commentary/2318332/markets-stage-comeback-with-second-rally-attempt-underway-stocks-to-watch,Market participants are shifting their focus back to earnings results in addition to upcoming inflation reports.,www.zacks.com,0.026882,Neutral,DIS,0.049835,0.0,Neutral
2024-08-08 12:00:00,Money Lion and United Parcel Service have been highlighted as Zacks Bull and Bear of the Day,https://www.zacks.com/stock/news/2318871/money-lion-and-united-parcel-service-have-been-highlighted-as-zacks-bull-and-bear-of-the-day,"Chicago, IL - August 8, 2024 - Zacks Equity Research shares Money Lion ( ML Quick QuoteML - ) as the Bull of the Day and United Parcel Service UPS as the Bear of the Day. In addition, Zacks Equity Research provides analysis on Disney ( DIS Quick QuoteDIS - ) and Shopify ( SHOP Quick QuoteSHOP - ) ...",www.zacks.com,0.04598,Neutral,DIS,0.052455,0.022977,Neutral
2024-08-08 12:13:21,"Boot Barn To Rally Around 27%? Here Are 10 Top Analyst Forecasts For Thursday - Bumble  ( NASDAQ:BMBL ) , Boot Barn Holdings  ( NYSE:BOOT ) ",https://www.benzinga.com/news/24/08/40250353/boot-barn-to-rally-around-27-here-are-10-top-analyst-forecasts-for-thursday,"Top Wall Street analysts changed their outlook on these top names. For a complete view of all analyst rating changes, including upgrades and downgrades, please see our analyst ratings page. Canaccord Genuity cut the price target for Lyft, Inc. LYFT from $23 to $18.",www.benzinga.com,0.106664,Neutral,DIS,0.153961,-0.098898,Neutral
2024-08-08 13:51:17,This Intel Analyst Is No Longer Bullish; Here Are Top 5 Downgrades For Thursday - Intel  ( NASDAQ:INTC ) ,https://www.benzinga.com/news/24/08/40254503/this-intel-analyst-is-no-longer-bullish-here-are-top-5-downgrades-for-thursday,"Top Wall Street analysts changed their outlook on these top names. For a complete view of all analyst rating changes, including upgrades and downgrades, please see our analyst ratings page. Seaport Global analyst David Joyce downgraded the rating for The Walt Disney Company DIS from Buy to ...",www.benzinga.com,0.014653,Neutral,DIS,0.282234,-0.0487,Neutral
2024-08-08 15:58:18,"Disney Analysts Tackle Theme Park Weakness, Streaming Profits: 'The Upside In The Entertainment Units More Than Offsets The Parks Miss' - Walt Disney  ( NYSE:DIS ) ",https://www.benzinga.com/analyst-ratings/analyst-color/24/08/40259673/disney-analysts-tackle-theme-park-weakness-streaming-profits-the-upside-in-the-ente,The Walt Disney Company DIS stock analysts see concerns for the company's theme park business weighing on financials and offsetting profitability shown for streaming in the third quarter. Bank of America analyst Jessica Reif Ehrlich reiterated a Buy rating and lowered the price target from $145 ...,www.benzinga.com,0.242169,Somewhat-Bullish,DIS,0.290262,0.227479,Somewhat-Bullish
2024-08-09 19:08:00,Disney ETFs in Focus Post Q3 Earnings,https://www.zacks.com/stock/news/2320290/disney-etfs-in-focus-post-q3-earnings,"Look at ETFs with exposure to Disney, as the company reports its third-quarter earnings.",www.zacks.com,0.191204,Somewhat-Bullish,DIS,0.553082,0.27204,Somewhat-Bullish
2024-08-10 05:58:00,THE UNMATCHED POWER OF DISNEY STORYTELLING ON DISPLAY FROM DISNEY ENTERTAINMENT ON NIGHT ONE OF D23: THE ULTIMATE DISNEY FAN EVENT,https://www.benzinga.com/pressreleases/24/08/n40298977/the-unmatched-power-of-disney-storytelling-on-display-from-disney-entertainment-on-night-one-of-d2,"For event b-roll, trailers & sneak peeks, visit EPK.tv. For images, logos, posters, concept art and project profiles, please visit WDS-D23 and D23Press.com.",www.benzinga.com,0.243393,Somewhat-Bullish,DIS,0.00795,0.170865,Somewhat-Bullish
2024-08-11 05:28:09,From villains to Indiana Jones: Everything we learned at Disney's parks panel at the 2024 D23 Expo,https://www.cnbc.com/2024/08/10/everything-we-learned-at-disneys-parks-panel-at-the-2024-d23-expo.html,"Disney's classic baddies are getting their own theme park land at the Magic Kingdom in Orlando, Florida.",www.cnbc.com,0.191945,Somewhat-Bullish,DIS,0.025734,0.076249,Neutral
2024-08-11 05:41:00,"During the Second Night of Marquee D23 Showcases, Disney Experiences Unveils Full Slate of Projects for Disney Destinations Around the World and into the Digital Universe",https://www.benzinga.com/pressreleases/24/08/n40302039/during-the-second-night-of-marquee-d23-showcases-disney-experiences-unveils-full-slate-of-projects,"Disney Experiences Chairman Josh D'Amaro lays out bold plans for new cruise ships, lands, attractions, shows, and storytelling platforms during Horizons: Disney Experiences Showcase, featuring performances from Meghan Trainor, Shaboozey, Rita Ora, and more.",www.benzinga.com,0.361147,Bullish,DIS,0.054052,0.163,Somewhat-Bullish
2024-08-12 03:43:00,Disney Honors 14 New Disney Legends in Star-Studded Ceremony Closing Out Historic D23 Fan Event,https://www.benzinga.com/pressreleases/24/08/n40305293/disney-honors-14-new-disney-legends-in-star-studded-ceremony-closing-out-historic-d23-fan-event,"Special guests and celebrities surprised the honorees with heartwarming tributes and outstanding performances throughout the evening at the Honda Center. At the Anaheim Convention Center, guests closed out a record-breaking D23 weekend with a final day of programming and immersive experiences.",www.benzinga.com,0.417884,Bullish,DIS,0.035902,0.114914,Neutral
2024-08-12 09:15:00,I'd Still Buy Disney Stock Despite Its Disappointing Fiscal Q3. Here's Why.,https://www.fool.com/investing/2024/08/12/id-still-buy-disney-stock-despite-its-disappointin/,Investors are so fixated on a couple of numbers that they're not seeing everything else that's happening.,www.fool.com,0.15651,Somewhat-Bullish,DIS,0.200134,0.257877,Somewhat-Bullish
2024-08-12 11:51:56,Insiders Buying Walt Disney And 2 Other Stocks - Walt Disney  ( NYSE:DIS ) ,https://www.benzinga.com/trading-ideas/long-ideas/24/08/40310261/insiders-buying-walt-disney-and-2-other-stocks,"Although U.S. stocks closed higher on Friday, there were a few notable insider trades. When insiders purchase shares, it indicates their confidence in the company's prospects or that they view the stock as a bargain. Either way, this signals an opportunity to go long on the stock.",www.benzinga.com,0.343376,Somewhat-Bullish,DIS,0.297061,0.332263,Somewhat-Bullish
2024-08-12 13:59:22,Streaming Profitability And Box Office Success Tell The Tale Of A Disney Renaissance - Walt Disney  ( NYSE:DIS ) ,https://www.benzinga.com/general/24/08/40314113/streaming-profitability-and-box-office-success-tell-the-tale-of-a-disney-renaissance,"This week, The Walt Disney Corporation DIS and Warner Bros. Discovery Inc WBD issued their quarterly earnings and they told entirely different tales. Although quite small compared to Disney's standards, the Mouse House reported its first ever streaming profit and a few months ahead of schedule.",www.benzinga.com,0.21892,Somewhat-Bullish,DIS,0.128135,-0.001211,Neutral
2024-08-12 16:39:05,"Disney's 'Deadpool & Wolverine' Hits $1B, D23 Unveils New Sequels, Theme Park Expansions, 'Fortnite' Collaborations: Can Disney Stock Rebound In 2024? - Walt Disney  ( NYSE:DIS ) ",https://www.benzinga.com/general/entertainment/24/08/40319102/disneys-deadpool-wolverine-hits-1b-d23-unveils-new-sequels-theme-park-expansions-fortnite-c,"The Walt Disney Company DIS had a magical weekend with many company updates shared at its bi-annual D23 Expo along with ""Deadpool & Wolverine"" continuing to perform well at the box office.",www.benzinga.com,0.069313,Neutral,DIS,0.134841,0.153318,Somewhat-Bullish
2024-08-12 19:26:28,Disney Characters Join Fortnite In Latest Collaboration With Epic Games - Walt Disney  ( NYSE:DIS ) ,https://www.benzinga.com/top-stories/24/08/40322467/disney-characters-join-fortnite-in-latest-collaboration-with-epic-games,"Epic Games is expanding its popular battle royale game Fortnite through a new collaboration with The Walt Disney Company DIS, which will introduce a variety of characters from Star Wars, Marvel, and Pixar. The collaboration was announced at the Disney Experiences Showcase during D23 2024.",www.benzinga.com,0.073413,Neutral,DIS,0.279015,0.080263,Neutral
2024-08-14 12:45:00,Kartoon Studios Provides Business Update for the Second Quarter of 2024; Key Metrics Up,https://www.globenewswire.com/news-release/2024/08/14/2930084/0/en/Kartoon-Studios-Provides-Business-Update-for-the-Second-Quarter-of-2024-Key-Metrics-Up.html,"BEVERLY HILLS, Calif., Aug. 14, 2024 ( GLOBE NEWSWIRE ) -- Kartoon Studios ( NYSE American: TOON ) today provided a business update for the quarter ended June 30, 2024. The Company's Chairman & CEO, Andy Heyward, also provided a letter to shareholders, which is available HERE.",www.globenewswire.com,0.31591,Somewhat-Bullish,DIS,0.023102,0.205736,Somewhat-Bullish
2024-08-15 06:50:49,"Disney+ Subscription Agreement Prevents Spouse Of Allergy Death Victim From Suing, Says Company - Walt Disney  ( NYSE:DIS ) ",https://www.benzinga.com/general/entertainment/24/08/40387127/disney-subscription-agreement-prevents-spouse-of-allergy-death-victim-from-suing-says-compa,"The Walt Disney Company DIS contended that a wrongful death lawsuit against it should be dismissed, citing an arbitration clause in their streaming service agreement.",www.benzinga.com,-0.132163,Neutral,DIS,0.167904,-0.272007,Somewhat-Bearish
2024-08-16 11:15:00,"Did Netflix Just Say ""Checkmate"" to Disney? Why Investors Should Pay Attention to the Streamer's New Concept",https://www.fool.com/investing/2024/08/16/did-netflix-just-say-checkmate-to-disney-why-inves/,Netflix may have just beaten Disney at its own game.,www.fool.com,0.186866,Somewhat-Bullish,DIS,0.057215,0.0,Neutral
2024-08-16 12:26:00,"Globant's  ( GLOB )  Q2 Earnings Beat Estimates, Revenues Up Y/Y",https://www.zacks.com/stock/news/2322959/globants-glob-q2-earnings-beat-estimates-revenues-up-yy,Globant (GLOB) posts healthy Q2 2024 results owing to an expanded footprint across all verticals and regions. Solid growth in AI-oriented revenues aid top-line results.,www.zacks.com,0.140682,Neutral,DIS,0.060236,0.103001,Neutral
2024-08-17 12:17:00,Disney Just Made a Game-Changing Move. Here's What You Need to Know.,https://www.fool.com/investing/2024/08/17/disney-just-made-a-game-changing-move/,The company is ramping up investment abroad after a series of wins at the box office and in streaming.,www.fool.com,0.390045,Bullish,DIS,0.103778,0.1021,Neutral
2024-08-19 15:51:30,"'We Saved The Industry,' FuboTV CEO Says After Judge Halts Sports JV: Analyst Expects Injunction Will Kill Venu - FuboTV  ( NYSE:FUBO ) ",https://www.benzinga.com/analyst-ratings/analyst-color/24/08/40443946/we-saved-the-industry-fubotv-ceo-says-after-judge-halts-sports-jv-analyst-expects-i,"The temporary halt of a sports streaming joint venture from The Walt Disney Company DIS, Warner Bros. Discovery WBD and Fox Corporation FOXFOXA is a big win for FuboTv Inc FUBO, but the battle continues, an analyst said Monday.",www.benzinga.com,0.201415,Somewhat-Bullish,DIS,0.106778,-0.030021,Neutral
2024-08-21 13:01:00,L'ATTITUDE: The Country's Largest Business Event Celebrating the U.S. Latino Cohort Returns for Its Seventh Year,https://www.benzinga.com/pressreleases/24/08/n40484517/lattitude-the-countrys-largest-business-event-celebrating-the-u-s-latino-cohort-returns-for-its-se,"This year's event will reveal groundbreaking data, transformative insights and new reports on America's growth engine: U.S. Latinos. SAN DIEGO, Aug. 21, 2024 /PRNewswire/ -- L'ATTITUDE, the nation's premier business event focused on amplifying the critical importance and power of the U.S.",www.benzinga.com,0.314247,Somewhat-Bullish,DIS,0.02677,0.0,Neutral
2024-08-21 15:07:00,1 Growth Stock Down 50% to Buy Right Now,https://www.fool.com/investing/2024/08/21/1-growth-stock-down-50-to-buy-right-now/,"Disney is trading at a bargain right now, and you don't want to miss out.",www.fool.com,0.389729,Bullish,DIS,0.108958,0.196147,Somewhat-Bullish
2024-08-23 11:56:44,Why FuboTV Stock Is Soaring 30% This Week,https://www.fool.com/investing/2024/08/23/why-fubotv-stock-is-soaring-30-this-week/,FuboTV may have just gotten a second lease on life.,www.fool.com,0.072273,Neutral,DIS,0.235823,-0.077366,Neutral
2024-08-23 17:00:00,Donald Duck Appears on a Custom Episode of Hot Ones as The Walt Disney Company Continues Celebrating 90 Years of the Iconic Duck,https://www.benzinga.com/pressreleases/24/08/n40532877/donald-duck-appears-on-a-custom-episode-of-hot-ones-as-the-walt-disney-company-continues-celebrati,"BURBANK, Calif., Aug. 23, 2024 /PRNewswire/ -- Today, in celebration of 90 years of Donald Duck, one of the internet's hottest celebrity interview shows, Hot Ones, released a custom episode with special guest Donald Duck.",www.benzinga.com,0.535747,Bullish,DIS,0.239305,0.347933,Somewhat-Bullish
2024-08-23 21:11:00,Best Stock to Buy Right Now: Sphere Entertainment vs. Walt Disney,https://www.fool.com/investing/2024/08/23/best-stock-to-buy-right-now-sphere-vs-disney/,Looking for investment opportunities in the entertainment industry? Explore the pros and cons of Disney and Sphere Entertainment.,www.fool.com,0.22518,Somewhat-Bullish,DIS,0.110717,0.078889,Neutral
2024-08-28 07:01:31,Zee-Sony settlement removes overhang but outlook stays uncertain: Analysts,https://www.business-standard.com/markets/news/zee-sony-settlement-removes-overhang-but-outlook-stays-uncertain-analysts-124082800407_1.html,"Zee Sony merger settlement news: Any meaningful re-rating in Zee share price, analysts said, should happen in case ZEE finds a new partner or strategic investor ...",www.business-standard.com,0.036254,Neutral,DIS,0.049629,0.005984,Neutral
2024-08-29 09:40:00,"The Zacks Analyst Blog Highlights Visa, AstraZeneca, Disney, FitLife Brands and Utah Medical",https://www.zacks.com/stock/news/2328651/the-zacks-analyst-blog-highlights-visa-astrazeneca-disney-fitlife-brands-and-utah-medical,"Visa, AstraZeneca, Disney, FitLife Brands and Utah Medical are included in this Analyst Blog.",www.zacks.com,0.242943,Somewhat-Bullish,DIS,0.157741,0.046922,Neutral
2024-08-29 11:02:30,Disney's ESPN Secures Rights To Broadcast US Open Tennis Until 2037 - Walt Disney  ( NYSE:DIS ) ,https://www.benzinga.com/news/24/08/40621969/disneys-espn-secures-rights-to-broadcast-us-open-tennis-until-2037,"In a significant development, ESPN, co-owned by The Walt Disney Company DIS extended its partnership with the United States Tennis Association ( USTA ) , ensuring the U.S. Open tennis tournament will be aired on ESPN through 2037, according to an announcement by ESPN.",www.benzinga.com,0.291244,Somewhat-Bullish,DIS,0.272788,0.293044,Somewhat-Bullish
2024-08-29 13:32:54,Deal with Disney marks new era in entertainment industry: Mukesh Ambani,https://www.business-standard.com/companies/news/deal-with-disney-marks-new-era-in-entertainment-industry-mukesh-ambani-124082900800_1.html,"A day after anti-trust regulator CCI greenlit the mega merger of media assets of RIL and Walt Disney, Reliance Chairman Mukesh Ambani on Thursday said the deal marks the beginning of a new era in India's entertainment industry.",www.business-standard.com,0.239336,Somewhat-Bullish,DIS,0.31482,0.22931,Somewhat-Bullish
2024-08-29 14:33:00,The Walt Disney Company Celebrates 85 Years of Groundbreaking Marvel Storytelling with New Brand Spot,https://www.benzinga.com/pressreleases/24/08/n40627341/the-walt-disney-company-celebrates-85-years-of-groundbreaking-marvel-storytelling-with-new-brand-s,"BURBANK, Calif., Aug. 29, 2024 /PRNewswire/ -- In celebration of 85 years of Marvel, The Walt Disney Company released a new brand spot that takes a look back at Marvel storytelling through the years as well as gives a sneak peek at what's to come with new clips from upcoming projects that are ...",www.benzinga.com,0.508159,Bullish,DIS,0.309539,0.407519,Bullish
2024-08-29 20:06:00,Grammy® Award-Winning Artist Coco Jones Featured in All-New Music Video for Reimagined Song from Disney's The Princess and the Frog,https://www.benzinga.com/pressreleases/24/08/n40637781/grammy-award-winning-artist-coco-jones-featured-in-all-new-music-video-for-reimagined-song-from-di,"Coco Jones released a rendition of the beloved anthem, ""Almost There,"" as part of the Disney Princess ""Create Your World"" campaign",www.benzinga.com,0.542748,Bullish,DIS,0.061473,0.176084,Somewhat-Bullish
2024-08-30 14:17:49,NCLT approves merger of Reliance-owned Viacom18 Media with Star India,https://www.business-standard.com/companies/news/nclt-approves-merger-of-ril-owned-viacom-18-with-disney-s-star-india-124083001156_1.html,The NCLT on Friday approved the scheme of merger of Reliance Industries-owned Viacom 18 Media -- the holding company of the group's media and entertainment assets -- with Star India. A two-member bench of the National Company Law Tribunal (NCLT) approved the composite Scheme of Arrangement among ...,www.business-standard.com,0.191346,Somewhat-Bullish,DIS,0.337197,0.268464,Somewhat-Bullish
2024-08-31 08:07:08,Tennis Legend Novak Djokovic Cites Olympic Fatigue For Early US Open Departure: 'I Just Felt Out Of Gas … You Could See That With The Way I Played',https://www.benzinga.com/news/24/08/40665618/tennis-legend-novak-djokovic-cites-olympic-fatigue-for-early-us-open-departure-i-just-felt-out-of-ga,Tennis legend Novak Djokovic has attributed his early exit from the U.S. Open to fatigue following his recent Olympic triumph. What Happened: Djokovic revealed that his quest for Olympic gold left him depleted for his U.S. Open title defense.,www.benzinga.com,0.070023,Neutral,DIS,0.129516,0.121939,Neutral
