time,title,url,summary,source,overall_sentiment_score,overall_sentiment_label,ticker,ticker_relevance_score,ticker_sentiment_score,ticker_sentiment_label
2024-04-01 07:32:55,HAL achieves record growth despite supply chain challenges,https://www.financialexpress.com/business/defence-hal-achieves-record-growth-despite-supply-chain-challenges-3442765/,"State owned Hindustan Aeronautics Limited ( HAL ) soared to new heights in the financial year ending March 31, 2024, reporting an outstanding double-digit growth in revenue.",www.financialexpress.com,0.519886,Bullish,GE,0.171485,0.114712,Neutral
2024-04-01 08:14:02,"HAL revenue up by 11% at Rs 29,810 crore",https://www.moneycontrol.com/news/business/hal-revenue-up-by-11-at-rs-29810-crore-12554731.html,"The corresponding figure for the previous year was Rs. 26,928 crore, the Bengaluru-headquartered defence PSU said in a statement.",www.moneycontrol.com,0.10954,Neutral,GE,0.234684,0.0,Neutral
2024-04-01 11:06:52,"HAL posts double-digit growth with record revenues of Rs 29,810 cr for FY24",https://www.business-standard.com/companies/news/hal-posts-double-digit-growth-with-record-revenues-of-rs-29-810-cr-for-fy24-124040100649_1.html,"Bengaluru-based defence public sector undertaking Hindustan Aeronautics Ltd ( HAL ) reported revenues of over Rs 29,810 crore for the financial year ended March 31, 2024, marking an 11 per cent increase over the previous year.",www.business-standard.com,0.219787,Somewhat-Bullish,GE,0.194242,0.057322,Neutral
2024-04-01 12:30:00,Navigating Retail Trends: From Consumer Expectations To AI Realities,https://www.forbes.com/sites/nikkibaird/2024/04/01/navigating-retail-trends-from-consumer-expectations-to-ai-realities/,"For some reason, it was a relatively slow week in retail news. I added a lot of big research reports to the pile to read, but otherwise, there wasn't a lot of economic news, research trends, or even big retail winners or losers.",www.forbes.com,0.112225,Neutral,GE,0.019132,0.049128,Neutral
2024-04-01 17:45:45,Unpacking the Latest Options Trading Trends in General Electric - General Electric  ( NYSE:GE ) ,https://www.benzinga.com/insights/options/24/04/38029539/unpacking-the-latest-options-trading-trends-in-general-electric,"Financial giants have made a conspicuous bullish move on General Electric. Our analysis of options history for General Electric GE revealed 49 unusual trades. Delving into the details, we found 57% of traders were bullish, while 42% showed bearish tendencies.",www.benzinga.com,0.231522,Somewhat-Bullish,GE,0.824531,0.284565,Somewhat-Bullish
2024-04-02 13:00:00,Erthos Selected for 180-Megawatt Community Solar Portfolio,https://www.benzinga.com/pressreleases/24/04/g38046097/erthos-selected-for-180-megawatt-community-solar-portfolio,"Tempe, AZ, USA, April 02, 2024 ( GLOBE NEWSWIRE ) -- Erthos, Inc., a large-scale solar technology company and inventor of Earth Mount Solar, today announced it has signed a master agreement with Sky Community Solar for a 180-MW portfolio in Texas.",www.benzinga.com,0.273898,Somewhat-Bullish,GE,0.064973,0.059047,Neutral
2024-04-02 15:53:14,"GE aviation and energy businesses start trading on NYSE, marking the end of the conglomerate",https://apnews.com/article/ge-aerspace-vernova-culp-e8082c6bfc29441210b358852b049620,"General Electric, long a symbol of American manufacturing and steeped in a rich history, is officially moving on from its existence as a sprawling conglomerate.",apnews.com,0.176561,Somewhat-Bullish,GE,0.966253,0.368468,Bullish
2024-04-02 19:10:50,Will GE do better as three companies than as one?,https://www.economist.com/business/2024/04/02/will-ge-do-better-as-three-companies-than-as-one,How to dismantle an industrial icon ...,www.economist.com,0.078624,Neutral,GE,0.034185,0.015162,Neutral
2024-04-02 19:23:13,"The dismantling of GE, once America's iconic everything company, is now complete | Business",https://www.cnn.com/2024/04/02/business/general-electric-split-explained/index.html,"The dismantling of GE, once America's iconic 'everything company,' is now complete ...",www.cnn.com,-0.036013,Neutral,GE,0.76323,0.055171,Neutral
2024-04-02 20:11:44,Stock Market Today: Dow Sinks 396 Points as UnitedHealth Spirals,https://www.kiplinger.com/investing/stocks/stock-market-today-dow-sinks-396-points-as-unitedhealth-spirals,"Stocks sold off sharply in Tuesday's risk-off session. Signs of a resilient labor market created headwinds early on, while weakness in several Magnificent 7 stocks sparked more selling pressure.",www.kiplinger.com,0.04864,Neutral,GE,0.527295,0.278424,Somewhat-Bullish
2024-04-03 00:30:15,"Buzzing Stocks: Biocon, JSW Energy, Zee Ent, MOIL, J&K Bank, Shriram Properties, UltraTech Cements & others",https://www.moneycontrol.com/news/photos/business/stocks/buzzing-stocks-biocon-jsw-energy-zee-ent-moil-jk-bank-shriram-properties-ultratech-cements-others-12564261.html,"Stocks to watch: Check out the companies making headlines before the opening bell today, on April 3, 2024.",www.moneycontrol.com,0.153045,Somewhat-Bullish,GE,0.790432,0.086911,Neutral
2024-04-03 07:00:00,"3 Stocks to Watch: MindMed's Surge, Ulta's Warning & Intel's Pivot",https://moneymorning.com/2024/04/03/three-stocks-mindmed-ulta-and-intel/,"MindMed ( MNMD ) was on the move again today, looking for another 50% gain according to my chart. If you don't know about this stock, you should take a few minutes to get familiar with it by checking out my article from a month ago…",moneymorning.com,0.09152,Neutral,GE,0.141726,0.04464,Neutral
2024-04-03 12:00:00,Atom Power Appoints New CEO as Company Enters Next Phase of Growth,https://www.benzinga.com/pressreleases/24/04/g38066569/atom-power-appoints-new-ceo-as-company-enters-next-phase-of-growth,"CHARLOTTE, N.C., April 03, 2024 ( GLOBE NEWSWIRE ) -- Atom Power, the pioneer in solid-state digital circuit breaker technology, today announced that Mr. Bharat Vats has been appointed as the company's President & CEO effective immediately.",www.benzinga.com,0.533809,Bullish,GE,0.068896,0.383246,Bullish
2024-04-03 13:40:09,Are You a Value Investor? This 1 Stock Could Be the Perfect Pick,https://www.zacks.com/stock/news/2249751/are-you-a-value-investor-this-1-stock-could-be-the-perfect-pick,"Wondering how to pick strong, market-beating stocks for your investment portfolio? Look no further than the Zacks Style Scores.",www.zacks.com,0.385739,Bullish,GE,0.28008,0.293241,Somewhat-Bullish
2024-04-03 15:34:37,Here's Why GE Aerospace  ( Formerly General Electric )  Soared in March,https://www.fool.com/investing/2024/04/03/heres-why-ge-aerospace-formerly-general-electric-s/,Investors warmed to the breakup of General Electric into two separate companies.,www.fool.com,0.333682,Somewhat-Bullish,GE,0.863144,0.526368,Bullish
2024-04-03 16:30:59,Why Shares in GE Aerospace Surged Higher Today,https://www.fool.com/investing/2024/04/03/why-shares-in-ge-aerospace-surged-higher-today/,The aerospace and defense company received some positive updates from Wall Street analysts today.,www.fool.com,0.136025,Neutral,GE,0.964271,0.213955,Somewhat-Bullish
2024-04-03 17:05:00,GE Aerospace  ( GE )  Debuts as Aviation-Focused Public Company,https://www.zacks.com/stock/news/2250048/ge-aerospace-ge-debuts-as-aviation-focused-public-company,"GE Aerospace (GE) commences its business operations as an independent public company, following the spin-off of the GE Vernova business from General Electric.",www.zacks.com,0.224096,Somewhat-Bullish,GE,0.956005,0.446483,Bullish
2024-04-03 20:02:39,"3 Stocks to Watch: MindMed's Surge, Ulta's Warning & Intel's Pivot",https://moneymorning.com/2024/04/03/three-stocks-mindmed-ulta-and-intel/,"MindMed ( MNMD ) was on the move again today, looking for another 50% gain according to my chart. If you don't know about this stock, you should take a few minutes to get familiar with it by checking out my article from a month ago…",moneymorning.com,0.09152,Neutral,GE,0.141726,0.04464,Neutral
2024-04-03 21:17:00,Stock market today: Wall Street holds firmer in mixed trading after its worst day in weeks,https://apnews.com/article/stock-markets-inflation-ae64cbb7a42eb0b9d050a09da68d7c7b,"NEW YORK ( AP ) - U.S. stocks held firmer Wednesday, a day after their worst drop in weeks. The S&P 500 inched up by 5.68 points, or 0.1%, to 5,211.49 The Dow Jones Industrial Average slipped 43.10, or 0.1%, to 39,127.14, and the Nasdaq composite added 37.01, or 0.2%, to 16,277.46.",apnews.com,-0.109456,Neutral,GE,0.110209,0.150445,Somewhat-Bullish
2024-04-04 00:30:00,Nuclear Power Plant Control System Market Size Projected to Grow $825 Million by 2028 | MarketsandMarkets™,https://www.benzinga.com/pressreleases/24/04/g38082826/nuclear-power-plant-control-system-market-size-projected-to-grow-825-million-by-2028-marketsandmar,"Chicago, April 03, 2024 ( GLOBE NEWSWIRE ) -- The global Nuclear Power Plant Control System Market size is expected to grow from USD 636 million in 2023 to USD 825 million by 2028, at a CAGR of 5.3% according to a new report by MarketsandMarkets™.",www.benzinga.com,0.369344,Bullish,GE,0.071145,0.0,Neutral
2024-04-04 06:10:57,GE Power stock jumps 11% to hit 52-week high on bagging contracts worth Rs 774 cr; up 53% YTD,https://www.moneycontrol.com/news/business/markets/ge-power-stock-jumps-11-to-hit-52-week-high-on-bagging-contracts-worth-rs-774-cr-up-53-ytd-12573601.html,"GE Power has informed that the proposed spin-off of the energy business was completed on April 2, and accordingly, the ultimate holding of GE Power India has changed from General Electric Company to GE Vernova Inc.",www.moneycontrol.com,0.214877,Somewhat-Bullish,GE,0.846873,0.319071,Somewhat-Bullish
2024-04-04 06:24:00,Struggling electric vehicle company Canoo spent twice as much on its CEO's private jet as it pulled in last year,https://www.businessinsider.com/canoo-spent-million-dollars-ceo-private-jet-double-revenue-2024-4,Canoo spent twice as much on CEO's jet as it brought in last year - Business Insider ...,www.businessinsider.com,-0.123929,Neutral,GE,0.111488,0.0,Neutral
2024-04-04 12:46:58,Business | Apr 6th 2024 Edition,https://www.economist.com/the-world-this-week/2024/04/04/business,Business The Economist ...,www.economist.com,-0.019545,Neutral,GE,0.053992,-0.001997,Neutral
2024-04-04 12:47:25,"What Boeing, Disney and others can learn from General Electric",https://www.economist.com/leaders/2024/04/04/what-boeing-disney-and-others-can-learn-from-general-electric,"O are chief executives appointed with a mandate for dismemberment. Yet when Larry Culp assumed the top job at General Electric ( ) in October 2018, he was expected to sell parts of the 130-year-old conglomerate at a pace even faster than his empire-building predecessors had assembled them.",www.economist.com,0.094622,Neutral,GE,0.061159,-0.003005,Neutral
2024-04-04 13:00:14,What's Next For General Electric Stock After A 35% Rise This Year?,https://www.forbes.com/sites/greatspeculations/2024/04/04/whats-next-for-general-electric-stock-after-a-35-rise-this-year/,"General Electric ( NYSE: GE ) completed the spin-off of its power and renewables energy businesses on April 2. The spinoff company - GE Vernova - is now the new standalone energy company, while GE Aerospace will be focused on the company's aviation technology products.",www.forbes.com,0.187925,Somewhat-Bullish,GE,0.926714,0.377086,Bullish
2024-04-04 20:05:00,Vimeo Appoints Philip Moyer as New Chief Executive Officer,https://www.globenewswire.com/news-release/2024/04/04/2858190/0/en/Vimeo-Appoints-Philip-Moyer-as-New-Chief-Executive-Officer.html,"NEW YORK, April 04, 2024 ( GLOBE NEWSWIRE ) -- Vimeo ( NASDAQ: VMEO ) , the leading video platform for businesses, today announced the appointment of Philip Moyer as Chief Executive Officer and member of the Board of Directors, effective April 8, 2024.",www.globenewswire.com,0.339485,Somewhat-Bullish,GE,0.132368,0.024734,Neutral
2024-04-04 20:38:00,"""Rule Breaker Investing"" Mailbag No. 100, Part 2",https://www.fool.com/investing/2024/04/04/rule-breaker-investing-mailbag-no-100-part-2/,"When the party's over, turn out the lights? No way! Head on over to the after-party and keep the good times rolling!",www.fool.com,0.210519,Somewhat-Bullish,GE,0.013213,0.009401,Neutral
2024-04-05 02:01:10,"Exclusive | Meet Jack Lau, the Hongkonger spearheading Qatar Science and Technology Park",https://www.scmp.com/business/article/3257901/when-qatar-was-seeking-head-its-science-and-technology-park-it-called-hongkonger-heres-why,An impromptu stopover in Qatar for a university lecture led to a surprising 'perpetual contact' for Hongkonger Jack Lau to spearhead the state's drive into new cutting-edge science and technology.,www.scmp.com,0.254163,Somewhat-Bullish,GE,0.049835,0.0,Neutral
2024-04-05 06:44:46,General Electric  ( NYSE:GE )  Coverage Initiated at StockNews.com,https://www.defenseworld.net/2024/04/05/general-electric-nysege-coverage-initiated-at-stocknews-com.html,"Research analysts at StockNews.com initiated coverage on shares of General Electric ( NYSE:GE - Get Free Report ) in a note issued to investors on Friday. The brokerage set a ""hold"" rating on the conglomerate's stock. GE has been the topic of a number of other research reports.",www.defenseworld.net,0.229036,Somewhat-Bullish,GE,0.784385,0.374112,Bullish
2024-04-05 15:34:47,Why GE Aerospace Stock Is Up Today,https://www.fool.com/investing/2024/04/05/why-ge-aerospace-stock-is-up-today/,"Freed from its baggage, this aerospace stock is positioned to soar.",www.fool.com,0.144344,Neutral,GE,0.937963,0.260811,Somewhat-Bullish
2024-04-05 16:12:38,An engine on a Southwest Airlines jet caught fire before taking off from Texas,https://apnews.com/article/southwest-airlines-plane-engine-fire-texas-c8ef3fdf15f431bfaa16f5aa6f061457,"DALLAS ( AP ) - Federal officials are investigating a reported engine fire that forced a Southwest Airlines plane to cancel takeoff and return to the gate at the Lubbock, Texas, airport on Thursday.",apnews.com,-0.199303,Somewhat-Bearish,GE,0.247838,0.0,Neutral
2024-04-05 18:56:42,"Market Watch: GE Aerospace's Historic Rise, Meta's Bullish...",https://moneymorning.com/2024/04/05/three-stocks-ge-aerospace-meta-and-trump-media/,"Three Stocks: GE Aerospace, Meta, and Trump MediaGE Aerospace Boring General Electric ( GE ) ( Aerospace ) shares are in the spotlight today with the stock ripping more than 4% higher. I joke when I say ""boring"" because this stock is outtrading the Nasdaq 100 and a lot of its strongest performers.",moneymorning.com,0.048309,Neutral,GE,0.293214,0.12572,Neutral
2024-04-05 22:30:00,"Aerospace Parts Manufacturing Market size is set to grow by USD 190.69 bn from 2024-2028,rise in demand for new ... - PR Newswire",https://www.prnewswire.com/news-releases/aerospace-parts-manufacturing-market-size-is-set-to-grow-by-usd-190-69-bn-from-2024-2028-rise-in-demand-for-new-commercial-and-defense-aircraft-boost-the-market--technavio-302109034.html,"Aerospace Parts Manufacturing Market size is set to grow by USD 190.69 bn from 2024-2028,rise in demand for new ... PR ...",www.prnewswire.com,0.219645,Somewhat-Bullish,GE,0.035086,0.0,Neutral
2024-04-06 14:08:00,Can a New CEO Save Boeing?,https://www.fool.com/investing/2024/04/06/can-a-new-ceo-save-boeing/,"Despite all the doom and gloom, the stock still has a value case, and the company's strategy makes sense.",www.fool.com,0.24435,Somewhat-Bullish,GE,0.382925,0.300027,Somewhat-Bullish
2024-04-08 15:15:58,US Job Growth Beats Expectations And What That Means For You - Market Review - GE Aero  ( NYSE:GE ) ,https://www.benzinga.com/24/04/38144982/us-job-growth-beats-expectations-and-what-that-means-for-you-41-market-review,Poor week for stocks Jobs Report exceeds expectations GE outperformed market downturns The market had a rough trading week with the S&P dropping 1.02% and the Dow Jones dropping 2.27%. This downtrend is reflected in almost every stock.,www.benzinga.com,0.145658,Neutral,GE,0.613172,0.184354,Somewhat-Bullish
2024-04-08 18:26:55,"GE Aerospace Stock Has 22% Upside, According to 1 Wall Street Analyst",https://www.fool.com/investing/2024/04/08/ge-aerospace-stock-upside-wall-street-analyst/,A (sort of) new stock gets a new look from a market professional.,www.fool.com,0.261654,Somewhat-Bullish,GE,0.908087,0.460301,Bullish
2024-04-08 20:19:00,"Tesla, Two Huge Spinoffs Among Top S&P 500 Movers Monday",https://www.investors.com/news/tesla-two-huge-spinoffs-top-sp-500-stock-movers/,"Albemarle ( ALB ) , GE Vernova ( GEV ) , Camden Property Trust ( CPT ) , Tesla ( TSLA ) and Mid-Atlantic Apartment Communities ( MAA ) were the top S&P 500 index gainers on the stock market today. Albemarle stock jumped 6.7% to 131.69, rebounding back above the 50-day moving average.",www.investors.com,0.004791,Neutral,GE,0.365166,0.129248,Neutral
2024-04-08 20:22:00,QuoteMedia Announces 8% Revenue Growth for 2023,https://www.globenewswire.com/news-release/2024/04/08/2859587/24049/en/QuoteMedia-Announces-8-Revenue-Growth-for-2023.html,"PHOENIX, April 08, 2024 ( GLOBE NEWSWIRE ) -- QuoteMedia, Inc. ( OTCQB: QMCI ) , a leading provider of market data and financial applications, announced financial results for the fiscal year ended December 31, 2023.",www.globenewswire.com,0.309431,Somewhat-Bullish,GE,0.038717,0.15167,Somewhat-Bullish
2024-04-08 20:22:58,QuoteMedia Announces 8% Revenue Growth for 2023 - QuoteMedia  ( OTC:QMCI ) ,https://www.benzinga.com/pressreleases/24/04/g38150434/quotemedia-announces-8-revenue-growth-for-2023,"PHOENIX, April 08, 2024 ( GLOBE NEWSWIRE ) -- QuoteMedia, Inc. QMCI, a leading provider of market data and financial applications, announced financial results for the fiscal year ended December 31, 2023.",www.benzinga.com,0.304745,Somewhat-Bullish,GE,0.03804,0.14446,Neutral
2024-04-08 21:17:00,Time to Buy GE Aerospace  ( GE )  or General Mills  ( GIS )  Stock for More Upside?,https://www.zacks.com/stock/news/2252195/time-to-buy-ge-aerospace-ge-or-general-mills-gis-stock-for-more-upside,Let's see if it's time to invest in these iconic companies for more upside with GE Aerospace's (GE) stock soaring +23% this year and General Mills' (GIS) shares up a respectable +8%.,www.zacks.com,0.332201,Somewhat-Bullish,GE,0.721785,0.554742,Bullish
2024-04-09 13:33:00,"IPO Stock Check Up: How Are Recent Launches Trump Media, Reddit And Others Faring?",https://www.investors.com/news/ipo-stock-how-are-recent-launches-trump-media-reddit-faring/,"It's been a busy couple of weeks for IPO stocks, with Reddit ( RDDT ) and Astera Labs ( ALABS ) launching, and a number of IPO-like new issues, including Trump Media & Technology Group ( DJT ) and GE Vernova ( GEV ) all beginning to trade since late March.",www.investors.com,0.124379,Neutral,GE,0.363009,-0.104655,Neutral
2024-04-09 18:44:00,"Top Stock Reports for AbbVie, Salesforce & General Electric",https://www.zacks.com/research-daily/2252707/top-stock-reports-for-abbvie-salesforce-general-electric,"Today's Research Daily features new research reports on 16 major stocks, including AbbVie Inc. (ABBV), Salesforce, Inc. (CRM) and General Electric Company (GE).",www.zacks.com,0.338266,Somewhat-Bullish,GE,0.192694,0.399763,Bullish
2024-04-10 12:10:00,Reasons to Add Portland General Electric  ( POR )  to Your Portfolio,https://www.zacks.com/stock/news/2253116/reasons-to-add-portland-general-electric-por-to-your-portfolio,Portland General Electric (POR) makes a strong case for investment in the utility space with its long-term capital expenditure plans and ability to increase shareholder value.,www.zacks.com,0.352119,Bullish,GE,0.188193,0.175975,Somewhat-Bullish
2024-04-10 13:03:00,"The Zacks Analyst Blog Highlights AbbVie, Salesforce, General Electric, The TJX Companies and UBS Group",https://www.zacks.com/stock/news/2253407/the-zacks-analyst-blog-highlights-abbvie-salesforce-general-electric-the-tjx-companies-and-ubs-group,"AbbVie, Salesforce, General Electric, The TJX Companies and UBS Group are part of the Zacks top Analyst Blog.",www.zacks.com,0.276453,Somewhat-Bullish,GE,0.338119,0.336537,Somewhat-Bullish
2024-04-10 14:45:05,1 Wall Street Analyst Just Gave GE Vernova Stock its First Buy Rating Upgrade. Is It Time to Buy Now?,https://www.fool.com/investing/2024/04/10/wall-street-analyst-ge-vernova-stock-buy-upgrade/,"If the next investment supercycle is for a transition to cleaner energy, GE Vernova is very well positioned.",www.fool.com,0.293123,Somewhat-Bullish,GE,0.963653,0.498932,Bullish
2024-04-10 18:13:46,Elon Musk's undisclosed Starlink costs undercut profitability claims,https://www.business-standard.com/world-news/elon-musk-s-undisclosed-starlink-costs-undercut-profitability-claims-124041001285_1.html,SpaceX's prized Starlink satellite business is still burning through more cash than it brings in.,www.business-standard.com,0.104345,Neutral,GE,0.026474,0.102438,Neutral
2024-04-13 06:24:41,StockNews.com Begins Coverage on General Electric  ( NYSE:GE ) ,https://www.defenseworld.net/2024/04/13/stocknews-com-begins-coverage-on-general-electric-nysege.html,"StockNews.com started coverage on shares of General Electric ( NYSE:GE - Get Free Report ) in a report issued on Saturday. The brokerage set a ""hold"" rating on the conglomerate's stock. A number of other research analysts also recently weighed in on the company.",www.defenseworld.net,0.193298,Somewhat-Bullish,GE,0.771727,0.316582,Somewhat-Bullish
2024-04-13 09:17:00,Boeing is betting big on its upcoming $442 million 777X to compete with the popular Airbus A350. Here's how the jets compare.,https://www.businessinsider.com/boeing-777x-compared-airbus-a350-differences-widebody-which-better-2024-3,Boeing 777x vs. Airbus A350: comparing long-haul widebody airliners - Business Insider ...,www.businessinsider.com,-0.018996,Neutral,GE,0.101367,0.112812,Neutral
2024-04-14 13:20:46,Famous figures who had Titanic tickets but didn't make it on board,https://africa.businessinsider.com/transportation/famous-figures-who-had-titanic-tickets-but-didnt-make-it-on-board/l13hjgj,"Hershey and his wife, Catherine, spent their winters on the French Riviera as they got older.",africa.businessinsider.com,0.021597,Neutral,GE,0.049732,-0.055878,Neutral
2024-04-14 14:20:09,"For U.S. Cuban claims holders, spy Manuel Rocha's plea deal raises fresh questions",https://www.cnbc.com/2024/04/14/cuban-spy-manuel-rocha-plea-deal-raises-fresh-questions-for-claims-holders-.html,The longtime U.S. diplomat pleaded guilty to two counts of acting as a foreign agent on behalf of the Cuban government.,www.cnbc.com,0.059724,Neutral,GE,0.03463,0.067218,Neutral
2024-04-15 04:00:26,Arnault succession planning accelerates as children step up at LVMH,https://www.ft.com/content/0cfeb9f7-58c2-4e61-bbc2-8c0673d37ceb,French billionaire lays groundwork for generational change at world's biggest luxury group ...,www.ft.com,0.129944,Neutral,GE,0.02627,-0.041059,Neutral
2024-04-15 07:58:00,"Hanwha Aerospace Celebrates Production of 10,000 Military Engines",https://www.prnewswire.com/news-releases/hanwha-aerospace-celebrates-production-of-10-000-military-engines-302116474.html,"• A ceremony took place on to mark the production of the 10,000th military engine since 1978 • Ground was broken for a new 'smart plant' to produce the F414 engine powering the KF-21 Fighter Jet for ROK Air Force • Hanwha Aerospace maintains strong partnerships with global top engine makers for ...",www.prnewswire.com,0.24252,Somewhat-Bullish,GE,0.124809,0.157995,Somewhat-Bullish
2024-04-15 12:58:00,4 Low-Beta Utility Stocks to Buy Amid Rate Cut Uncertainty,https://www.zacks.com/stock/news/2255336/4-low-beta-utility-stocks-to-buy-amid-rate-cut-uncertainty,"Utility stocks like American Water Works Company, Inc. (AWK), Portland General Electric Company (POR), Atmos Energy Corporation (ATO) and Global Water Resources, Inc. (GWRS) are a safe bet amid uncertainty over rate cuts.",www.zacks.com,0.055405,Neutral,GE,0.25142,0.181206,Somewhat-Bullish
2024-04-16 08:30:00,Instrument Transformers Market is Anticipated to Reach $10.6 billion by 2030 at a CAGR of 5.8% - Report by MarketsandMarkets™,https://www.benzinga.com/pressreleases/24/04/g38264238/instrument-transformers-market-is-anticipated-to-reach-10-6-billion-by-2030-at-a-cagr-of-5-8-repor,"Chicago, April 16, 2024 ( GLOBE NEWSWIRE ) -- Instrument Transformers Market size is projected to grow from USD 7.1 billion in 2023 to USD 10.6 billion by 2030, at a CAGR of 5.8% according to a new report by MarketsandMarkets™.",www.benzinga.com,0.373231,Bullish,GE,0.043658,0.0,Neutral
2024-04-16 09:15:40,This power related stock has rallied 63% in 4 weeks; zoomed 660% in 1 year,https://www.business-standard.com/markets/news/this-power-related-stock-has-rallied-63-in-4-weeks-zoomed-660-in-1-year-124041600531_1.html,This power related stock has rallied 63% in 4 weeks. zoomed 660% in 1 year Business Standard ...,www.business-standard.com,0.279206,Somewhat-Bullish,GE,0.183198,-0.037513,Neutral
2024-04-16 14:00:51,JetBlue Airways  ( JBLU )  Expected to Beat Earnings Estimates: What to Know Ahead of Q1 Release,https://www.zacks.com/stock/news/2256095/jetblue-airways-jblu-expected-to-beat-earnings-estimates-what-to-know-ahead-of-q1-release,JetBlue (JBLU) possesses the right combination of the two key ingredients for a likely earnings beat in its upcoming report. Get prepared with the key expectations.,www.zacks.com,0.133409,Neutral,GE,0.176502,-0.001434,Neutral
2024-04-18 03:35:36,"India-US jet engine deal is revolutionary, says defence secretary Austin",https://www.business-standard.com/world-news/india-us-jet-engine-deal-is-revolutionary-says-defence-secretary-austin-124041800071_1.html,"The India-US deal to jointly produce fighter jet engines for the Indian Air Force is revolutionary, US Defense Secretary Lloyd Austin told lawmakers on Wednesday.",www.business-standard.com,0.333637,Somewhat-Bullish,GE,0.255641,0.137026,Neutral
2024-04-18 15:40:00,Sdiptech AB  ( publ )  - Notice of annual general meeting 2024,https://www.globenewswire.com/news-release/2024/04/18/2865629/0/en/Sdiptech-AB-publ-Notice-of-annual-general-meeting-2024.html,Press release18 April ...,www.globenewswire.com,0.259406,Somewhat-Bullish,GE,0.005848,0.040947,Neutral
2024-04-19 12:30:00,Lifeward Announces the Appointment of Mike Swinford to its Board of Directors,https://www.globenewswire.com/news-release/2024/04/19/2866139/32993/en/Lifeward-Announces-the-Appointment-of-Mike-Swinford-to-its-Board-of-Directors.html,Experienced healthcare and rehabilitation technology professional brings more than 30 years of experience in commercialization and new business development Experienced healthcare and rehabilitation technology professional brings more than 30 years of experience in commercialization and new ...,www.globenewswire.com,0.30806,Somewhat-Bullish,GE,0.1331,0.157097,Somewhat-Bullish
2024-04-19 12:30:18,Lifeward Announces the Appointment of Mike Swinford to its Board of Directors - Rewalk Robotics  ( NASDAQ:LFWD ) ,https://www.benzinga.com/pressreleases/24/04/g38333199/lifeward-announces-the-appointment-of-mike-swinford-to-its-board-of-directors,"MARLBOROUGH, Mass. and YOKNEAM ILLIT, Israel, April 19, 2024 ( GLOBE NEWSWIRE ) -- ReWalk Robotics Ltd. ( DBA Lifeward™ ) LFWD ( ""Lifeward"" or the ""Company"" ) , a global market lead delivering life-changing solutions to revolutionize what is possible in rehabilitation, recovery, and the pursuit ...",www.benzinga.com,0.41668,Bullish,GE,0.181137,0.189684,Somewhat-Bullish
2024-04-19 14:00:28,Portland General Electric  ( POR )  Reports Next Week: Wall Street Expects Earnings Growth,https://www.zacks.com/stock/news/2258510/portland-general-electric-por-reports-next-week-wall-street-expects-earnings-growth,Portland General Electric (POR) doesn't possess the right combination of the two key ingredients for a likely earnings beat in its upcoming report. Get prepared with the key expectations.,www.zacks.com,0.130608,Neutral,GE,0.213423,0.058397,Neutral
2024-04-19 18:30:00,"Smart Manufacturing Market size is set to grow by USD 20.26 billion from 2023-2027, need for simplification of complex ... - PR Newswire",https://www.prnewswire.com/news-releases/smart-manufacturing-market-size-is-set-to-grow-by-usd-20-26-billion-from-2023-2027--need-for-simplification-of-complex-manufacturing-activities-boost-the-market-technavio-302120800.html,"Smart Manufacturing Market size is set to grow by USD 20.26 billion from 2023-2027, need for simplification of complex ... PR ...",www.prnewswire.com,0.363835,Bullish,GE,0.032916,0.0,Neutral
2024-04-19 18:41:36,Passive Income Strategies Put Your Money To Work-All You Have To Do Is Watch,https://www.forbes.com/sites/investor-hub/article/best-passive-income-investment-ideas/,"Rentiers, people who live off passive income, have a bad name in some socioeconomic circles, but a portion of that has got to be sour grapes. The rap against passive income is that it is an undeserved reward that can encourage unsavory actions like bribery to keep it coming.",www.forbes.com,0.119891,Neutral,GE,0.016832,0.037865,Neutral
2024-04-19 20:43:00,"Market Reels As Nvidia, SMCI Crack; Here's What To Do Now",https://www.investors.com/market-trend/stock-market-today/dow-jones-futures-sp-500-nasdaq-nvidia-super-micro-plunge-tesla-microsoft-meta-due/,"Dow Jones Futures: Stock Market Reels As Nvidia, Super Micro Crack. Tesla, Microsoft, Meta Due Investor's Business Daily ...",www.investors.com,-0.031942,Neutral,GE,0.15078,-0.082014,Neutral
2024-04-19 22:00:00,Portland General Electric declares dividend,https://www.prnewswire.com/news-releases/portland-general-electric-declares-dividend-302122518.html,"PORTLAND, Ore., April 19, 2024 /PRNewswire/ -- On April 19, 2024, the board of directors of Portland General Electric Company ( NYSE: POR ) declared a quarterly common stock dividend of $0.50 per share, representing an increase of 5.3%, or $0.10 per share, on an annualized basis.",www.prnewswire.com,0.053524,Neutral,GE,0.193982,0.25307,Somewhat-Bullish
2024-04-21 06:46:41,StockNews.com Begins Coverage on General Electric  ( NYSE:GE ) ,https://www.defenseworld.net/2024/04/21/stocknews-com-begins-coverage-on-general-electric-nysege-2.html,"StockNews.com initiated coverage on shares of General Electric ( NYSE:GE - Get Free Report ) in a report released on Sunday. The firm set a ""hold"" rating on the conglomerate's stock.",www.defenseworld.net,0.194758,Somewhat-Bullish,GE,0.872351,0.333178,Somewhat-Bullish
2024-04-21 14:24:00,Futures Due After AI Meltdown; Tesla Cuts Prices With Earnings Due,https://www.investors.com/market-trend/stock-market-today/dow-jones-futures-nvidia-super-micro-plunge-tesla-prices-earnings/,"Dow Jones Futures Loom After Nvidia, Super Micro Plunge. Tesla Slashes Prices With Earnings Due Investor's Business Daily ...",www.investors.com,-0.04896,Neutral,GE,0.137044,-0.077514,Neutral
2024-04-21 21:45:15,"Can Magnificent 7 Help Script Market Turnaround? Earnings Pick Up Pace With Microsoft, Meta, Alphabet And Tesla Expected This Week - Invesco QQQ Trust, Series 1  ( NASDAQ:QQQ ) , SPDR S&P 500  ( ARCA:SPY ) ",https://www.benzinga.com/analyst-ratings/analyst-color/24/04/38349204/can-magnificent-7-help-script-market-turnaround-earnings-pick-up-pace-with-microsof,"As the market runs into rough weather, the importance of the upcoming week's earnings cannot be emphasized enough. A lot is riding on the earnings reports of companies like Tesla, Inc. TSLA, Meta Platforms, Inc. META, Microsoft Corp. MSFT and Alphabet, Inc. GOOGL ( GOOG ) .",www.benzinga.com,0.145082,Neutral,GE,0.075161,0.0,Neutral
2024-04-22 11:45:00,5 Value Stocks With Exciting EV-to-EBITDA Ratios to Snap Up,https://www.zacks.com/stock/news/2258981/5-value-stocks-with-exciting-ev-to-ebitda-ratios-to-snap-up,"We have screened value stocks KBH, AVD, NMM, SIG and POR based on the EV-to-EBITDA ratio, which offers a clearer picture of valuation and earnings potential.",www.zacks.com,0.242348,Somewhat-Bullish,GE,0.093168,0.088984,Neutral
2024-04-23 10:55:41,"S&P 500, Nasdaq Futures Climb Higher: Will Tesla Earnings Spark Rally Or Retreat? - Invesco QQQ Trust, Series 1  ( NASDAQ:QQQ ) , SPDR S&P 500  ( ARCA:SPY ) ",https://www.benzinga.com/news/earnings/24/04/38374783/wall-street-set-to-open-higher-as-tesla-to-kick-off-magnificent-7-earnings-why-this-analyst-thinks-,"The mood on Wall Street turned tentative on Tuesday as investors awaited earnings reports from the ""Magnificent 7,"" companies that fueled much of the market's upside since 2023. Index futures rose slightly in early trading. Asian markets closed mostly higher, while European markets started on a ...",www.benzinga.com,0.186539,Somewhat-Bullish,GE,0.09402,0.0,Neutral
2024-04-23 13:12:08,"Diamond Lake Minerals  ( OTC: DLMI )  And BOXABL Team Up To Bring Affordable Housing To The Masses And Digital Tokens To Investors - D.R. Horton  ( NYSE:DHI ) , Diamond Lake Minerals  ( OTC:DLMI ) ",https://www.benzinga.com/partner/cryptocurrency/24/04/38379286/diamond-lake-minerals-otc-dlmi-and-boxabl-team-up-to-bring-affordable-housing-to-the-masse,"Diamond Lake Minerals Inc. DLMI, aiming to be the digital version of General Electric Co. GE and Berkshire Hathaway BRK buying, investing and growing an innovative portfolio of companies and attaching digital securities to those businesses, has entered into a long-term alliance with Boxabl Inc., ...",www.benzinga.com,0.232893,Somewhat-Bullish,GE,0.09186,0.155446,Somewhat-Bullish
2024-04-23 16:19:00,"GE Aerospace  ( GE )  Q1 Earnings Surpass Estimates, Up Y/Y",https://www.zacks.com/stock/news/2260483/ge-aerospace-ge-q1-earnings-surpass-estimates-up-yy,"GE Aerospace (GE) first-quarter 2024 results reflect 11% increase in revenues, driven by solid performance from its Aerospace segment.",www.zacks.com,0.185136,Somewhat-Bullish,GE,0.798255,0.268354,Somewhat-Bullish
2024-04-23 19:23:31,S&P 500 Heads Toward Best Day In 2 Months As Earnings Season Heats Up,https://www.forbes.com/sites/dereksaul/2024/04/23/sp-500-heads-toward-best-day-in-2-months-as-earnings-season-heats-up/,"Stock indexes bounced Tuesday, recouping some of the losses from what's been a brutal April for many investors, as the market braces for a major round of earnings reports.",www.forbes.com,0.050776,Neutral,GE,0.195025,0.097025,Neutral
2024-04-23 19:58:35,"Three Stocks: GE Aerospace, Spotify, and HashiCorp",https://moneymorning.com/2024/04/23/three-stocks-ge-aerospace-spotify-and-hashicorp/,"The combination of a positive earnings surprise and technical support have shares of GE Aerospace ( GE ) breaking above $160 into new all-time high territory. This morning, the newly formed company released their first earnings report since spinning-off GE Vernova ( GEV ) , the power generation ...",moneymorning.com,0.25519,Somewhat-Bullish,GE,0.493666,0.251905,Somewhat-Bullish
2024-04-24 10:40:36,From alpha to omega,https://www.economist.com/business/2015/08/13/from-alpha-to-omega,FEW management fashions have waxed and waned quite as dramatically as that for conglomerates. From the 1960s to the 1980s business gurus praised conglomerates such as ITT of America and Hanson Trust of Britain as the highest form of capitalism. Today they routinely dismiss them as bloated ...,www.economist.com,0.261417,Somewhat-Bullish,GE,0.163078,0.01263,Neutral
2024-04-24 12:45:00,NeoVolta Announces Ardes Johnson as New CEO,https://www.globenewswire.com/news-release/2024/04/24/2868618/0/en/NeoVolta-Announces-Ardes-Johnson-as-New-CEO.html,San Diego-based solar battery storage leader taps former Tesla energy executive with extensive product innovation and sales experience to lead company San Diego-based solar battery storage leader taps former Tesla energy executive with extensive product innovation and sales experience to lead ...,www.globenewswire.com,0.506611,Bullish,GE,0.064104,0.211399,Somewhat-Bullish
2024-04-24 15:21:43,Tuesday's Stock Surge Signals Resilience And Promise In The S&P 500 As Tesla Prepares To Reveal Earnings That Could Propel Markets To New Heights - SPDR S&P 500  ( ARCA:SPY ) ,https://www.benzinga.com/trading-ideas/24/04/38408380/tuesdays-stock-surge-signals-resilience-and-promise-in-the-s-p-500-as-tesla-prepares-to-reveal-earn,"On Tuesday, the U.S. stock markets experienced widespread gains, with the Nasdaq leading by increasing 1.5%, followed by a 1.2% rise in the S&P 500. Tesla's upcoming earnings report was highly anticipated due to its significant influence on the S&P 500. Over the past year, the S&P 500 has ...",www.benzinga.com,0.337321,Somewhat-Bullish,GE,0.113062,0.283768,Somewhat-Bullish
2024-04-25 12:45:00,"SKYX Collaborates with World Leading Chinese Lighting Supplier and Manufacturer for the US, Chinese, and European Markets as it Continues to Enhance its Market Penetration - SKYX Platforms  ( NASDAQ:SKYX ) ",https://www.benzinga.com/pressreleases/24/04/g38429955/skyx-collaborates-with-world-leading-chinese-lighting-supplier-and-manufacturer-for-the-us-chinese,"The Collaboration will Include SKYX's Advanced and Smart Products to Both Professional and Retail Markets The Collaboration Agreement Provides SKYX Substantial Backing in Several Areas Including Financial, Mass Production Manufacturing Capabilities, and Distribution to Global Markets",www.benzinga.com,0.38142,Bullish,GE,0.153961,0.158442,Somewhat-Bullish
2024-04-26 09:00:00,Portland General Electric Announces First Quarter 2024 Results,https://www.prnewswire.com/news-releases/portland-general-electric-announces-first-quarter-2024-results-302128344.html,"PORTLAND, Ore., April 26, 2024 /PRNewswire/ -- Portland General Electric Company ( NYSE: POR ) today reported net income based on generally accepted accounting principles ( GAAP ) of $109 million, or $1.08 per diluted share, for the first quarter of 2024.",www.prnewswire.com,0.150943,Somewhat-Bullish,GE,0.101797,0.167119,Somewhat-Bullish
2024-04-26 11:05:02,Portland General Electric  ( POR )  Surpasses Q1 Earnings and Revenue Estimates,https://www.zacks.com/stock/news/2262993/portland-general-electric-por-surpasses-q1-earnings-and-revenue-estimates,"Portland General Electric (POR) delivered earnings and revenue surprises of 10% and 14%, respectively, for the quarter ended March 2024. Do the numbers hold clues to what lies ahead for the stock?",www.zacks.com,0.184679,Somewhat-Bullish,GE,0.329112,0.188192,Somewhat-Bullish
2024-04-26 15:19:45,GE's Q1 Earnings: Spinoff Leaves Company an Aerospace Specialist,https://www.fool.com/data-news/2024/04/26/ges-q1-earnings-spinoff-leaves-company-an-aerospac/,The aerospace business grew revenue 16% in the first quarter.,www.fool.com,0.225311,Somewhat-Bullish,GE,0.961896,0.397888,Bullish
2024-04-26 15:34:00,Stocks Rebound Amid Big-Cap Earnings: Weekly Review,https://www.investors.com/news/stock-market-rebounds-tesla-microsoft-google-meta-chipotle-ge-in-focus-weekly-review/,"Stock Market Rebounds. Tesla, Microsoft, Google, Meta, Chipotle, GE In Focus: Weekly Review Investor's Business Daily ...",www.investors.com,0.022015,Neutral,GE,0.131733,-0.001266,Neutral
2024-04-29 06:26:49,General Electric  ( NYSE:GE )  Now Covered by Analysts at StockNews.com,https://www.defenseworld.net/2024/04/29/general-electric-nysege-now-covered-by-analysts-at-stocknews-com.html,"Equities research analysts at StockNews.com started coverage on shares of General Electric ( NYSE:GE - Get Free Report ) in a research note issued on Monday. The brokerage set a ""hold"" rating on the conglomerate's stock.",www.defenseworld.net,0.352353,Bullish,GE,0.787047,0.551696,Bullish
2024-04-29 07:00:00,GE Vernova Doing Fine As It Toddles Away From Former Parent GE,https://www.investors.com/news/technology/ge-vernova-sees-relative-strength-rating-climb-to-75/,"GE Vernova Upgraded,Toddles Away From GE Investor's Business Daily ...",www.investors.com,0.35821,Bullish,GE,0.804025,0.579747,Bullish
2024-04-29 14:15:00,"Energy As A Service Market size worth $ 101270.8 Million, Globally, by 2031 at 6.17% CAGR - Report By Verified Market Research®",https://www.benzinga.com/pressreleases/24/04/g38491882/energy-as-a-service-market-size-worth-101270-8-million-globally-by-2031-at-6-17-cagr-report-by-ver,"Lewes, Delaware, April 29, 2024 ( GLOBE NEWSWIRE ) -- The Global Energy As A Service Market is projected to grow at a CAGR of 6.17% from 2024 to 2031, according to a new report published by Verified Market Research®.",www.benzinga.com,0.418035,Bullish,GE,0.031696,0.128626,Neutral
2024-04-30 11:49:46,'Divest from Israel': Decoding the Gaza protest call shaking US campuses,https://www.aljazeera.com/news/2024/4/30/divest-from-israel-breaking-down-the-us-student-protesters-demands,It's a central demand in the pro-Palestine student protests on college campuses. But how easy is it to divest? University students are facing threats of arrest or suspension as pro-Palestine protests are burgeoning across campuses in the United States.,www.aljazeera.com,-0.021738,Neutral,GE,0.069227,0.00202,Neutral
2024-04-30 18:24:00,Why GE HealthCare Technologies Stock Just Crashed 14%,https://www.fool.com/investing/2024/04/30/why-ge-healthcare-technologies-stock-just-crashed/,"On balance, this stock seems no great bargain.",www.fool.com,0.16918,Somewhat-Bullish,GE,0.769861,0.301831,Somewhat-Bullish
2024-05-01 10:00:00,Will Apple Be a Trillion-Dollar Stock by 2035?,https://www.fool.com/investing/2024/05/01/will-apple-be-a-trillion-dollar-stock-by-2035/,Anything's possible on the stock market. Could Apple be destined to fall back to earth?,www.fool.com,0.077838,Neutral,GE,0.058759,0.14638,Neutral
2024-05-01 16:26:01,"GE Aerospace Stock Has 17% Upside, According to 1 Wall Street Analyst",https://www.fool.com/investing/2024/05/01/wall-street-analyst-says-ge-stock-has-17-upside/,"GE Aerospace shares are soaring, but turbulence may lie ahead.",www.fool.com,0.169886,Somewhat-Bullish,GE,0.868151,0.288999,Somewhat-Bullish
2024-05-02 10:21:00,Is GE Aerospace Stock Going to $185? 1 Wall Street Analyst Thinks So.,https://www.fool.com/investing/2024/05/02/is-ge-aerospace-stock-going-to-185-1-wall-street-a/,"Can giant industrial stock GE Aerospace continue growing fast enough, long enough to justify its high share price?",www.fool.com,0.328429,Somewhat-Bullish,GE,0.974703,0.547181,Bullish
2024-05-04 11:19:56,Portland General Electric  ( NYSE:POR )  Upgraded at StockNews.com,https://www.defenseworld.net/2024/05/04/portland-general-electric-nysepor-upgraded-at-stocknews-com.html,StockNews.com upgraded shares of Portland General Electric ( NYSE:POR - Free Report ) from a sell rating to a hold rating in a report issued on Tuesday morning.,www.defenseworld.net,0.221145,Somewhat-Bullish,GE,0.744396,0.359204,Bullish
2024-05-05 06:00:00,"DBNC 2024 impacts, sets the pace for entrepreneurs",https://africa.businessinsider.com/local/markets/dbnc-2024-impacts-sets-the-pace-for-entrepreneurs/wx5eclx,"Attendees converged at Landmark Event Centre, Victoria Island, Lagos, as they were taken through pointers for business growth from three keynote speakers and two panel sessions.",africa.businessinsider.com,0.291305,Somewhat-Bullish,GE,0.078354,-0.015286,Neutral
2024-05-06 02:30:00,Lake Resources Signs Letter of Intent with Argentine Energy Infrastructure Company YPF Luz for Kachi Power Supply,https://www.prnewswire.com/apac/news-releases/lake-resources-signs-letter-of-intent-with-argentine-energy-infrastructure-company-ypf-luz-for-kachi-power-supply-302136320.html,"SYDNEY, May 6, 2024 /PRNewswire/ -- Lake Resources N.L. ( ASX: LKE.",www.prnewswire.com,0.309723,Somewhat-Bullish,GE,0.080055,0.208144,Somewhat-Bullish
2024-05-06 18:08:00,'New GE' Soars 110% In Past Year To Decade-Plus High,https://www.investors.com/news/ge-stock-buy-2024-ge-aerospace-launch/,GE Stock Soars 110% To A 15-Year High - Is GE Aerospace A Buy? Investor's Business Daily ...,www.investors.com,0.166974,Somewhat-Bullish,GE,0.88147,0.374472,Bullish
2024-05-07 05:45:00,"If You'd Invested $10,000 in General Electric Stock 10 Years Ago, Here's How Much You'd Have Today",https://www.fool.com/investing/2024/05/07/if-youd-invested-10000-in-general-electric-stock-1/,Prepare yourself for a big shock.,www.fool.com,0.200683,Somewhat-Bullish,GE,0.701476,0.392819,Bullish
2024-05-07 20:46:10,Spotlight on Comcast: Analyzing the Surge in Options Activity - Comcast  ( NASDAQ:CMCSA ) ,https://www.benzinga.com/insights/options/24/05/38683971/spotlight-on-comcast-analyzing-the-surge-in-options-activity,"Deep-pocketed investors have adopted a bullish approach towards Comcast CMCSA, and it's something market players shouldn't ignore. Our tracking of public options records at Benzinga unveiled this significant move today.",www.benzinga.com,0.142949,Neutral,GE,0.067919,0.005014,Neutral
2024-05-08 21:01:00,Ashland Board appoints Ashish K. Kulkarni as new director,https://www.globenewswire.com/news-release/2024/05/08/2878345/0/en/Ashland-Board-appoints-Ashish-K-Kulkarni-as-new-director.html,"WILMINGTON, Del., May 08, 2024 ( GLOBE NEWSWIRE ) -- Ashland Inc. ( NYSE: ASH ) is announcing the appointment of Ashish K. Kulkarni to its Board of Directors. Kulkarni is the CEO of Kebotix, a startup company focused on commercializing artificial intelligence methods into new material ...",www.globenewswire.com,0.452276,Bullish,GE,0.108958,0.178408,Somewhat-Bullish
2024-05-09 05:52:00,Lupin appoints Jeffrey Kindler and Alfonso Zulueta as Independent Directors on its Board,https://www.business-standard.com/markets/capital-market-news/lupin-appoints-jeffrey-kindler-and-alfonso-zulueta-as-independent-directors-on-its-board-124050900396_1.html,"Kindler is an experienced healthcare executive, investor and advisor. He brings over four decades of business experience and has held leadership positions at some of the world's most recognized companies including Pfizer, where he served as Chairman & Chief Executive Officer, as well as ...",www.business-standard.com,0.032852,Neutral,GE,0.162802,0.046557,Neutral
2024-05-09 11:44:59,"Elite UK universities join pro-Palestine student movement, spooking PM",https://www.aljazeera.com/features/2024/5/9/uk-university-protests,"Students at several universities including Oxford and Cambridge are camping out and calling for their colleges to divest from companies supporting Israel. London, England - At 3am last Wednesday, as the rain poured down, pro-Palestine students at Bristol University set up an encampment opposite a ...",www.aljazeera.com,-0.074624,Neutral,GE,0.037213,0.02661,Neutral
2024-05-09 13:30:00,"QuoteMedia Expands Collaboration with Cboe to Offer Comprehensive, Real-Time Canadian Equities Market Data",https://www.benzinga.com/pressreleases/24/05/g38732326/quotemedia-expands-collaboration-with-cboe-to-offer-comprehensive-real-time-canadian-equities-mark,"PHOENIX, May 09, 2024 ( GLOBE NEWSWIRE ) -- QuoteMedia, a leading financial market data and financial technology solutions provider, continues to expand their global data offerings by adding support for the Cboe One Canada Feed, a real-time Canadian equities market data solution offered by Cboe ...",www.benzinga.com,0.375056,Bullish,GE,0.062926,0.148111,Neutral
2024-05-10 09:55:00,"Electric Commercial Vehicle Market size is set to grow by USD 166.58 bn from 2023-2027, growing focus on reducing ... - PR Newswire",https://www.prnewswire.com/news-releases/electric-commercial-vehicle-market-size-is-set-to-grow-by-usd-166-58-bn-from-2023-2027--growing-focus-on-reducing-vehicular-emissions-to-boost-the-market-growth-technavio-302141401.html,"Electric Commercial Vehicle Market size is set to grow by USD 166.58 bn from 2023-2027, growing focus on reducing ... PR ...",www.prnewswire.com,0.26887,Somewhat-Bullish,GE,0.031992,0.056942,Neutral
2024-05-10 11:00:00,Next Hydrogen Reports Q1 2024 Financial Results,https://www.globenewswire.com/news-release/2024/05/10/2879540/0/en/Next-Hydrogen-Reports-Q1-2024-Financial-Results.html,"MISSISSAUGA, Ontario, May 10, 2024 ( GLOBE NEWSWIRE ) -- Next Hydrogen Solutions Inc. ( the ""Company"" or ""Next Hydrogen"" ) ( TSXV:NXH, OTC:NXHSF ) , a designer and manufacturer of electrolyzers, is pleased to report its financial results for the first quarter ended March 31, 2024.",www.globenewswire.com,0.28358,Somewhat-Bullish,GE,0.105026,0.178054,Somewhat-Bullish
2024-05-10 18:49:35,"From Hype To Reality, AI Reshapes Pharmaceutical Industry Across Drug Discovery To Marketing - Stocks To Watch - Bayer  ( OTC:BAYRY ) , GE Aero  ( NYSE:GE ) ",https://www.benzinga.com/general/biotech/24/05/38768537/from-hype-to-reality-ai-reshapes-pharmaceutical-industry-across-drug-discovery-to-marketing-stock,Pharmaceutical companies have been at the forefront of artificial intelligence for quite some time. Researchers have been using advanced AI models to understand disease mechanisms even before the recent surge in interest.,www.benzinga.com,0.316912,Somewhat-Bullish,GE,0.145145,0.067022,Neutral
2024-05-11 14:27:00,Berkshire Hathaway Is Great. Here's Why You Shouldn't Buy It.,https://www.fool.com/investing/2024/05/11/berkshire-hathaway-is-great-heres-why-you-shouldnt/,"Berkshire Hathaway has a track record that is hard to beat, but there's likely to be an important change in the coming years.",www.fool.com,0.195008,Somewhat-Bullish,GE,0.050679,0.093892,Neutral
2024-05-11 15:00:00,1 Growth Stock Down 75% to Buy Right Now,https://www.fool.com/investing/2024/05/11/1-growth-stock-down-75-to-buy-right-now/,"Shares of China's e-commerce giant Alibaba don't reflect the company's full potential, but they soon could.",www.fool.com,0.164139,Somewhat-Bullish,GE,0.046633,-0.027,Neutral
2024-05-13 10:09:00,"Power Electronics Market size is set to grow by USD 10.67 bn from 2024-2028, increased adoption of renewable ... - PR Newswire",https://www.prnewswire.com/news-releases/power-electronics-market-size-is-set-to-grow-by-usd-10-67-bn-from-2024-2028--increased-adoption-of-renewable-energy-to-boost-the-market-growth-technavio-302142397.html,"Power Electronics Market size is set to grow by USD 10.67 bn from 2024-2028, increased adoption of renewable ... PR ...",www.prnewswire.com,0.217263,Somewhat-Bullish,GE,0.067727,0.0,Neutral
2024-05-13 10:20:06,Should You Invest in the Fidelity MSCI Industrials Index ETF  ( FIDU ) ?,https://www.zacks.com/stock/news/2272532/should-you-invest-in-the-fidelity-msci-industrials-index-etf-fidu,Sector ETF report for ...,www.zacks.com,0.180053,Somewhat-Bullish,GE,0.132368,0.051927,Neutral
2024-05-14 12:00:00,AI Explosion Sets Sleepy Utility Stocks On Fire As Sector Leads Market,https://www.investors.com/research/artificial-intelligence-ai-utility-stocks/,AI Explosion Sets This Sleepy Sector On Higher Growth Path Investor's Business Daily ...,www.investors.com,0.339907,Somewhat-Bullish,GE,0.091509,0.0,Neutral
2024-05-15 17:30:00,"Private Equity Firm, Initium Management, Launched by Tested Team of Trusted Operators",https://www.benzinga.com/pressreleases/24/05/g38852426/private-equity-firm-initium-management-launched-by-tested-team-of-trusted-operators,"WESTPORT, Conn., May 15, 2024 ( GLOBE NEWSWIRE ) -- Initium Management, a private equity firm combining capital with superior business processes and innovation to unlock outsized growth, has been founded by three seasoned operators with specialized expertise in finance and financial operations.",www.benzinga.com,0.364243,Bullish,GE,0.128135,0.121663,Neutral
2024-05-16 12:20:20,Alibaba To Rally Over 13%? Here Are 10 Top Analyst Forecasts For Thursday - Alibaba Gr Holding  ( NYSE:BABA ) ,https://www.benzinga.com/news/24/05/38870732/alibaba-to-rally-over-13-here-are-10-top-analyst-forecasts-for-thursday,"Top Wall Street analysts changed their outlook on these top names. For a complete view of all analyst rating changes, including upgrades and downgrades, please see our analyst ratings page. Stifel cut the price target for Spire Global, Inc. SPIR from $24 to $20.",www.benzinga.com,0.179684,Somewhat-Bullish,GE,0.158,0.075811,Neutral
2024-05-16 13:32:46,"Fengate achieves completion milestone on Prairie Switch Wind to bring clean, green energy to the Texas grid",https://www.benzinga.com/pressreleases/24/05/g38873405/fengate-achieves-completion-milestone-on-prairie-switch-wind-to-bring-clean-green-energy-to-the-te,"HOUSTON, May 16, 2024 ( GLOBE NEWSWIRE ) -- Fengate Asset Management ( Fengate ) , investor and developer of the 160-megawatt ( MW ) Prairie Switch Wind project in Wharton County, Texas, has celebrated the project's completion with a ribbon cutting ceremony.",www.benzinga.com,0.346225,Somewhat-Bullish,GE,0.082963,0.313759,Somewhat-Bullish
2024-05-17 11:11:09,"Wipro COO Amit Choudhary steps down, Sanjeev Jain to take charge",https://www.business-standard.com/companies/people/wipro-coo-amit-choudhary-steps-down-sanjeev-jain-to-take-charge-124051700945_1.html,"Information Technology major Wipro on Friday appointed Sanjeev Jain as the chief operating officer ( COO ) effective immediately, as Amit Choudhary has stepped down to ""pursue opportunities outside the organisation,"" the company said.",www.business-standard.com,0.38994,Bullish,GE,0.185306,0.083125,Neutral
2024-05-17 11:42:00,Here's Why You Should Add PNM Resources  ( PNM )  to Your Portfolio,https://www.zacks.com/stock/news/2275224/heres-why-you-should-add-pnm-resources-pnm-to-your-portfolio,"PNM Resources (PNM) makes a strong case for investment, given its growth prospects, strong return on equity and ability to increase shareholders' value.",www.zacks.com,0.391024,Bullish,GE,0.079921,0.150708,Somewhat-Bullish
2024-05-17 19:55:00,AI Explosion Sets Sleepy Utility Stocks On Fire As Sector Leads Market,https://www.investors.com/research/ibd-industry-themes/artificial-intelligence-ai-utility-stocks/,Artificial Intelligence Explosion Sets This Sleepy Sector On Growth Path Investor's Business Daily ...,www.investors.com,0.361148,Bullish,GE,0.09439,0.0,Neutral
2024-05-20 13:35:00,Why Should You Buy Portland General Electric  ( POR )  Stock Now?,https://www.zacks.com/stock/news/2275984/why-should-you-buy-portland-general-electric-por-stock-now,"Portland General Electric (POR) makes a strong case for investment, given its rising earnings estimates, strong liquidity and ability to increase shareholders' value.",www.zacks.com,0.395867,Bullish,GE,0.178459,0.252266,Somewhat-Bullish
2024-05-21 11:29:22,What determines a stock's price?,https://apnews.com/buyline-personal-finance/article/what-determines-stock-price,"AP Buyline's content is created independently of The Associated Press newsroom. Our evaluations and opinions are not influenced by our advertising relationships, but we might earn commissions from our partners' links in this content. Learn more about our policies and terms here .",apnews.com,0.089412,Neutral,GE,0.027226,0.063405,Neutral
2024-05-21 11:46:00,Reasons to Buy Pinnacle West Capital  ( PNW )  Stock Right Away,https://www.zacks.com/stock/news/2276455/reasons-to-buy-pinnacle-west-capital-pnw-stock-right-away,"Pinnacle West Capital (PNW) makes a strong case for investment, given its growth prospects, debt management, focus on clean power generation and ability to increase its shareholders' value.",www.zacks.com,0.418218,Bullish,GE,0.077593,0.183817,Somewhat-Bullish
2024-05-21 13:43:09,Welspun World appoints G R Arun Kumar as Group Chief Financial Officer - ETCFO,https://cfo.economictimes.indiatimes.com/news/leadership/welspun-world-appoints-g-r-arun-kumar-as-group-chief-financial-officer/110308523,"G R Arun Kumar brings nearly three decades of experience from global and Indian multinationals such as Ola, Vedanta, General Electric (GE), and Hindustan Unilever. He has demonstrated expertise in finance and strategy, managing business growth and turnaround, overseeing large-scale debt and ...",cfo.economictimes.indiatimes.com,0.26294,Somewhat-Bullish,GE,0.38489,0.169573,Somewhat-Bullish
2024-05-22 10:20:07,Should You Invest in the Vanguard Industrials ETF  ( VIS ) ?,https://www.zacks.com/stock/news/2276991/should-you-invest-in-the-vanguard-industrials-etf-vis,Sector ETF report for VIS ...,www.zacks.com,0.170463,Somewhat-Bullish,GE,0.136113,0.07192,Neutral
2024-05-22 10:30:00,Why Boeing Needs A New Plane - Soon,https://www.forbes.com/sites/jeremybogaisky/2024/05/22/boeing-new-plane/,"It's not enough for Boeing to fix the 737 Max program. To remain competitive against Airbus, the planemaker needs to make a big bet on a new jet. Boeing's long list of urgent near-term problems, add one more. It needs a new airplane.",www.forbes.com,0.0145,Neutral,GE,0.023304,0.051479,Neutral
2024-05-22 22:26:00,A 220-year-old American corporate powerhouse is breaking up | Business,https://www.cnn.com/2024/05/22/business/dupont-de-nemours-company-split/index.html,A 220-year-old American corporate powerhouse is breaking up ...,www.cnn.com,0.237842,Somewhat-Bullish,GE,0.210274,0.29337,Somewhat-Bullish
2024-05-23 09:06:54,Global firms are tapping India's workers like never before,https://www.economist.com/business/2024/05/23/global-firms-are-tapping-indias-workers-like-never-before,"L , maker of yoga outfits, does not have many things in common with Rolls-Royce, a British engine manufacturer. One thing they do share, along with scores of other foreign companies, is space in the sprawling Embassy Manyata Business Park in Bangalore.",www.economist.com,0.096409,Neutral,GE,0.18967,0.032464,Neutral
2024-05-23 09:16:00,"1 Unstoppable Stock Set to Join Nvidia, Microsoft, Apple, Amazon, Alphabet, and Meta in the $1 Trillion Club",https://www.fool.com/investing/2024/05/23/1-stock-join-nvidia-apple-amazon-1-trillion-club/,Berkshire Hathaway has generated life-changing returns for more than 58 years under Warren Buffett's direction.,www.fool.com,0.279407,Somewhat-Bullish,GE,0.038843,0.03834,Neutral
2024-05-23 12:34:00,5 Value Stocks With Exciting EV-to-EBITDA Ratios to Own Now,https://www.zacks.com/stock/news/2277836/5-value-stocks-with-exciting-ev-to-ebitda-ratios-to-own-now,"We have screened value stocks SIG, NMM, CMRE, ODP and POR based on the EV-to-EBITDA ratio, which offers a clearer picture of valuation and earnings potential.",www.zacks.com,0.231215,Somewhat-Bullish,GE,0.094143,0.089225,Neutral
2024-05-23 13:33:00,NiSource  ( NI )  Rides on Infrastructure Upgrade & Clean Assets,https://www.zacks.com/stock/news/2278005/nisource-ni-rides-on-infrastructure-upgrade-clean-assets,NiSource's (NI) planned investments to strengthen its existing infrastructure will further improve its service reliability and drive performance.,www.zacks.com,0.369117,Bullish,GE,0.082677,0.012475,Neutral
2024-05-23 13:35:00,"5 Safe Stocks to Bet on as Inflation, Rate Hike Concerns Grow",https://www.zacks.com/stock/news/2278008/5-safe-stocks-to-bet-on-as-inflation-rate-hike-concerns-grow,"Stocks like Portland General Electric Company (POR), Atmos Energy Corporation (ATO), Pinnacle California Water Service Group (CWT), PepsiCo, Inc. (PEP) and McCormick & Company, Incorporated (MKC) are a safe bet amid concerns over stubborn inflation.",www.zacks.com,0.102502,Neutral,GE,0.202366,0.1715,Somewhat-Bullish
2024-05-23 16:03:12,"Corporate Employers Accused of Increasing Risk Of Pension Shortfalls in Violation of Employee Retirement Income Security Act of 1974  ( ""ERISA"" )   ( Brower Piven Release )  - Alcoa  ( NYSE:AA ) , ATI  ( NYSE:ATI ) ",https://www.benzinga.com/pressreleases/24/05/g38989848/corporate-employers-accused-of-increasing-risk-of-pension-shortfalls-in-violation-of-employee-reti,"BALTIMORE, May 23, 2024 ( GLOBE NEWSWIRE ) -- Lawsuits have been filed alleging that a number of large corporate employers have offloaded billions of dollars in pension obligations to Athene Annuity and Life Company and/or Athene Annuity & Life Assurance Company of New York, subsidiaries of ...",www.benzinga.com,0.022255,Neutral,GE,0.202366,-0.041491,Neutral
2024-05-23 17:18:03,DuPont Split Will Create Three Separate Companies: What To Know,https://www.kiplinger.com/investing/stocks/dupont-split-will-create-three-separate-companies-what-to-know,"DuPont de Nemours ( DD ) is making headlines Thursday after the global chemicals company announced its intention to split into three independent, publicly traded companies. Over the next 18 to 24 months, DuPont will separate its Electronics and Water businesses from its core business.",www.kiplinger.com,0.481379,Bullish,GE,0.274834,0.0,Neutral
2024-05-25 08:07:00,"1 Unstoppable Stock That Could Join Microsoft, Apple, Nvidia, Alphabet, Amazon, and Meta Platforms in the $1 Trillion Club",https://www.fool.com/investing/2024/05/25/1-unstoppable-stock-that-could-join-microsoft-appl/,This category-leading semiconductor specialist is generating strong growth thanks to the growing use of artificial intelligence systems.,www.fool.com,0.227737,Somewhat-Bullish,GE,0.05833,0.135996,Neutral
2024-05-25 12:10:23,A brief history of the traffic light and why we need a new colour,https://www.aljazeera.com/news/2024/5/25/the-history-of-traffic-lights-and-why-we-need-the-colour-white,"The first design in 1868 blew up in a gas explosion, and the modern design has barely changed in 100 years. Now, self-drive vehicles may need a fourth colour.",www.aljazeera.com,0.082941,Neutral,GE,0.03448,-0.081578,Neutral
2024-05-27 03:08:43,Australia's Arafura Rare Earths secures $300 mn in finance from Canada,https://www.business-standard.com/world-news/australia-s-arafura-rare-earths-secures-300-mn-in-finance-from-canada-124052700084_1.html,2 min read Last Updated : May 27 2024 | 8:38 AM IST Arafura Rare Earths said on Monday it had secured up to $300 million in debt financing from Export Development Canada ( EDC ) for its Nolans Project in Australia's Northern Territory.,www.business-standard.com,0.11212,Neutral,GE,0.256989,0.305111,Somewhat-Bullish
2024-05-27 11:41:00,Here's Why You Should Add PPL to Your Portfolio Right Now,https://www.zacks.com/stock/news/2279276/heres-why-you-should-add-ppl-to-your-portfolio-right-now,"PPL makes a strong case for investment, given its earnings growth prospects, better debt management and ability to increase shareholders' value.",www.zacks.com,0.348307,Somewhat-Bullish,GE,0.08687,0.126366,Neutral
2024-05-27 13:37:00,Could Alphabet Stock Help You Retire a Millionaire?,https://www.fool.com/investing/2024/05/27/could-alphabet-stock-help-you-retire-a-millionaire/,Very few stocks can be expected to build a million-dollar nest egg over several decades -- but Alphabet just might fit the bill.,www.fool.com,0.174828,Somewhat-Bullish,GE,0.049019,-0.055876,Neutral
2024-05-27 19:50:00,"Power Transformers Market size is set to grow by USD 11.57 billion from 2023-2027, Modernization of existing ... - PR Newswire",https://www.prnewswire.com/news-releases/power-transformers-market-size-is-set-to-grow-by-usd-11-57-billion-from-2023-2027--modernization-of-existing-transformers-boost-the-market-technavio-302155779.html,"Power Transformers Market size is set to grow by USD 11.57 billion from 2023-2027, Modernization of existing ... PR ...",www.prnewswire.com,0.225692,Somewhat-Bullish,GE,0.040145,0.061837,Neutral
2024-05-27 20:45:00,"Artificial Intelligence in Aviation Market size is set to grow by USD 3.64 billion from 2023-2027, Increasing use of AI for ... - PR Newswire",https://www.prnewswire.com/news-releases/artificial-intelligence-in-aviation-market-size-is-set-to-grow-by-usd-3-64-billion-from-2023-2027--increasing-use-of-ai-for-quicker-check-in-and-baggage-screening-in-aviation-industry-boost-the-market-technavio-302155781.html,"Artificial Intelligence in Aviation Market size is set to grow by USD 3.64 billion from 2023-2027, Increasing use of AI for ... PR ...",www.prnewswire.com,0.355372,Bullish,GE,0.038284,0.0,Neutral
2024-05-27 21:53:00,Eguana Announces 2023 Annual Financial Results,https://www.globenewswire.com/news-release/2024/05/27/2888652/0/en/Eguana-Announces-2023-Annual-Financial-Results.html,"CALGARY, Alberta, May 27, 2024 ( GLOBE NEWSWIRE ) -- Eguana Technologies Inc. ( TSXV: EGT ) ( OTCQB: EGTYF ) ( ""Eguana"" or the ""Company"" ) , a leading provider of high-performance energy storage systems, announces its annual financial results for the year ended December 31, 2023.",www.globenewswire.com,0.098456,Neutral,GE,0.023349,-0.004711,Neutral
2024-05-28 10:20:05,Should You Invest in the Industrial Select Sector SPDR ETF  ( XLI ) ?,https://www.zacks.com/stock/news/2279805/should-you-invest-in-the-industrial-select-sector-spdr-etf-xli,Sector ETF report for ...,www.zacks.com,0.1778,Somewhat-Bullish,GE,0.129516,0.070142,Neutral
2024-05-28 12:00:00,"PGE joins Grid United and ALLETE in 3,000 megawatt east-west transmission line - PR Newswire",https://www.prnewswire.com/news-releases/pge-joins-grid-united-and-allete-in-3-000-megawatt-east-west-transmission-line-302155457.html,"PGE joins Grid United and ALLETE in 3,000 megawatt east-west transmission line PR ...",www.prnewswire.com,0.320796,Somewhat-Bullish,GE,0.236205,0.23346,Somewhat-Bullish
2024-05-28 15:16:00,"Dow Jones 40,000: Investors Dig In",https://www.fool.com/investing/2024/05/28/dow-jones-40000-investors-dig-in/,"We also talk with Whole Foods co-founder John Mackey about his new book, ""The Whole Story: Adventures in Love, Life, and Capitalism."" ...",www.fool.com,0.182823,Somewhat-Bullish,GE,0.022331,0.007309,Neutral
2024-05-29 11:00:00,The Industry That Ate America,https://www.theatlantic.com/magazine/archive/2024/07/wolves-of-k-street-book-review-lobbying/678523/,How K Street Runs America The Atlantic ...,www.theatlantic.com,0.146789,Neutral,GE,0.01429,0.093945,Neutral
2024-05-30 03:03:12,Shakedown Or Fair Shake? How To Get Pay Equity For Women,https://www.forbes.com/sites/alizaknox/2024/05/29/shakedown-or-fair-shake-how-to-get-pay-equity-for-women/,The month where much of the world celebrates Mother's Day is a good time to look at progress for mothers - and for all women.,www.forbes.com,0.03401,Neutral,GE,0.076971,0.032022,Neutral
2024-05-30 09:21:00,Prediction: These Will Be the 5 Largest Trillion-Dollar Stocks by 2035  ( and Nvidia Isn't 1 of Them! ) ,https://www.fool.com/investing/2024/05/30/prediction-5-largest-trillion-dollar-stocks-2035/,Artificial intelligence kingpin Nvidia and iPhone maker Apple missed the cut.,www.fool.com,0.167914,Somewhat-Bullish,GE,0.029078,0.035668,Neutral
2024-05-30 11:21:00,Reasons to Add IDACORP  ( IDA )  to Your Portfolio Right Now,https://www.zacks.com/stock/news/2281143/reasons-to-add-idacorp-ida-to-your-portfolio-right-now,"IDACORP (IDA) makes a strong case for investment, given its earnings growth prospects, debt management and ability to increase shareholders' value.",www.zacks.com,0.372316,Bullish,GE,0.088472,0.151439,Somewhat-Bullish
2024-05-30 16:26:00,Reasons Why You Should Avoid Betting on GE Aerospace  ( GE ) ,https://www.zacks.com/stock/news/2281599/reasons-why-you-should-avoid-betting-on-ge-aerospace-ge,Increasing costs and unfavorable foreign-currency movement weigh on GE Aerospace's (GE) operations.,www.zacks.com,0.070387,Neutral,GE,0.520477,-0.126786,Neutral
2024-05-30 21:00:00,Sucro Announces Board Changes and Approval of Stock Purchase Plan,https://www.newswire.ca/news-releases/sucro-announces-board-changes-and-approval-of-stock-purchase-plan-873154177.html,"CORAL GABLES, Fla., May 30, 2024 /CNW/ - Sucro Limited ( TSXV: SUG ) ( ""Sucro"" or the ""Company"" ) , an integrated sugar refiner focused primarily on serving North American sugar markets, announced today changes to its board of directors as a result of elections at its annual shareholders' ...",www.newswire.ca,0.23266,Somewhat-Bullish,GE,0.058759,0.07501,Neutral
2024-05-31 21:50:07,GE Vernova  ( GEV )  Rises But Trails Market: What Investors Should Know,https://www.zacks.com/stock/news/2282349/ge-vernova-gev-rises-but-trails-market-what-investors-should-know,"GE Vernova (GEV) closed the most recent trading day at $175.90, moving +0.47% from the previous trading session.",www.zacks.com,0.230524,Somewhat-Bullish,GE,0.530253,0.37131,Bullish
2024-06-01 11:45:00,Over Half of Vanguard's Sector ETFs Are Within 3% of All-Time Highs. Here's My Top Pick to Buy Now,https://www.fool.com/investing/2024/06/01/over-half-of-vanguards-sector-etfs-are-within-3-of/,The stock market rally extends far beyond growth stocks.,www.fool.com,0.154341,Somewhat-Bullish,GE,0.038223,0.002936,Neutral
2024-06-02 14:35:21,7 Cultural Trends For 2024 And Beyond,https://www.forbes.com/sites/kianbakhtiari/2024/06/02/7-cultural-trends-for-2024-and-beyond/,"We live in a state of transition. The current system isn't working but the future is uncertain. In the words of Antonio Gramsci: ""The crisis consists precisely in the fact that the old is dying and the new cannot be born.""",www.forbes.com,0.061113,Neutral,GE,0.039128,0.028981,Neutral
2024-06-03 09:15:00,"Someone Made a ""Magnificent Seven"" ETF. It's a Terrible Idea.",https://www.fool.com/investing/2024/06/03/someone-made-magnificent-seven-etf-bad-idea/,"The Roundhill Magnificent Seven ETF is a product that Wall Street is selling, but that you probably shouldn't be buying.",www.fool.com,0.294023,Somewhat-Bullish,GE,0.122581,0.139192,Neutral
2024-06-03 13:50:07,New Boeing CEO Must Learn From Crisis: IATA Head - Boeing  ( NYSE:BA ) ,https://www.benzinga.com/news/24/06/39137671/new-boeing-ceo-must-learn-from-crisis-iata-head,"The situation was worsened by a recent incident involving a midair panel blowout on a nearly new 737 MAX plane. Now, the head of the International Air Transport Association ( IATA ) is warning the company to learn from past mistakes and adopting best practices.",www.benzinga.com,0.048777,Neutral,GE,0.233556,-0.370965,Bearish
2024-06-03 16:03:40,US Spin-Offs Beat S&P 500  ( Up 34% YTD ) ,https://www.forbes.com/sites/joecornell/2024/06/03/us-spin-offs-beat-sp-500-up-34-ytd/,"Large diversified conglomerates aim to unlock value by divesting slower-growing units that tend to hold back the stock's overall valuation, saddling them with the 'conglomerate discount'.",www.forbes.com,0.217839,Somewhat-Bullish,GE,0.484616,0.199575,Somewhat-Bullish
2024-06-04 05:30:00,Berkshire Hathaway's Bet on Scripps May Be a Rare Misfire,https://www.barrons.com/amp/articles/berkshire-hathaway-buffett-scripps-stock-1677d4e0,"Berkshire Hathaway could suffer losses on a $600 million preferred-stock investment in E.W. Scripps given troubles in the television business and the company's high financial leverage. Scripps common stock, trading at around $2.75, has been hit hard in the past few years.",www.barrons.com,0.033997,Neutral,GE,0.03642,0.246916,Somewhat-Bullish
2024-06-04 18:10:01,Here's Why GE Vernova Stock Soared in May,https://www.fool.com/investing/2024/06/04/heres-why-ge-vernova-stock-soared-in-may/,The power and renewable energy company has had a great start to life as a stand-alone company.,www.fool.com,0.290852,Somewhat-Bullish,GE,0.511256,0.38034,Bullish
2024-06-05 13:08:00,"The Zacks Analyst Blog Highlights Roche, Wells Fargo, General Aerospace and Key Tronic",https://www.zacks.com/stock/news/2284020/the-zacks-analyst-blog-highlights-roche-wells-fargo-general-aerospace-and-key-tronic,"Roche, Wells Fargo, General Aerospace and Key Tronic are part of the Zacks top Analyst Blog.",www.zacks.com,0.359817,Bullish,GE,0.198628,0.160654,Somewhat-Bullish
2024-06-05 20:25:00,"The $3 Trillion Club-Microsoft, Apple, and Nvidia-Make Up 20% of the S&P 500",https://www.barrons.com/amp/articles/3-trillion-microsoft-apple-nvidia-297018d6,"The $3 Trillion Club- Microsoft, Apple, and Nvidia-Make Up 20% of the ...",www.barrons.com,0.142976,Neutral,GE,0.059785,0.0,Neutral
2024-06-06 02:49:19,737 MAX case: Boeing CEO to testify before US Senate panel on June 18,https://www.business-standard.com/world-news/737-max-case-boeing-ceo-to-testify-before-us-senate-panel-on-june-18-124060600088_1.html,"Outgoing Boeing CEO Dave Calhoun will testify before a US Senate panel on June 18 after a series of incidents raised concerns about safety and quality, and led regulators to cap the planemaker's production of its best-selling 737 MAX.Senator Richard Blumenthal, who chairs the Permanent ...",www.business-standard.com,0.009843,Neutral,GE,0.099066,0.004434,Neutral
2024-06-06 12:25:00,"The $3 Trillion Club-Microsoft, Apple, and Nvidia-Make Up 20% of the S&P 500",https://www.barrons.com/amp/articles/microsoft-apple-nvidia-trillion-stock-market-297018d6,"Microsoft, Apple and Nvidia All Worth Around $3 Trillion And Make Up 20% of ...",www.barrons.com,0.133867,Neutral,GE,0.059785,0.0,Neutral
2024-06-06 12:30:00,Dolby Laboratories Announces Agreement to Acquire GE Licensing from GE Aerospace,https://www.prnewswire.com/news-releases/dolby-laboratories-announces-agreement-to-acquire-ge-licensing-from-ge-aerospace-302165802.html,Acquisition to strengthen Dolby's licensing businesses and create opportunity for future growth,www.prnewswire.com,0.281815,Somewhat-Bullish,GE,0.460215,0.344731,Somewhat-Bullish
2024-06-06 12:54:00,5 Safe Stocks to Buy as Uncertainty Over Rate Cuts Continue,https://www.zacks.com/stock/news/2284688/5-safe-stocks-to-buy-as-uncertainty-over-rate-cuts-continue,"Stocks like Atmos Energy Corporation (ATO), California Water Service Group (CWT), Portland General Electric Company (POR), PepsiCo, Inc. (PEP) and Kimberly-Clark Corporation (KMB) from the utility and consumer staples sector are a safe bet during times of market volatility.",www.zacks.com,0.12368,Neutral,GE,0.199365,0.146477,Neutral
2024-06-06 21:50:08,GE Vernova  ( GEV )  Declines More Than Market: Some Information for Investors,https://www.zacks.com/stock/news/2285009/ge-vernova-gev-declines-more-than-market-some-information-for-investors,"GE Vernova (GEV) concluded the recent trading session at $160.31, signifying a -1.95% move from its prior day's close.",www.zacks.com,0.127195,Neutral,GE,0.514619,0.071745,Neutral
2024-06-07 03:03:00,Third term for Modi likely to see closer defense ties with US as India's rivalry with China grows,https://apnews.com/article/modi-indian-military-defense-production-1a9f42ec8dac4e0e9de9be1ea9066fc1,"NEW DELHI ( AP ) - Fresh from in India's election, Prime Minister Narendra Modi offered few details on the agenda for his third term, but went out of his way to underline he would continue to focus on raising the country's military preparedness and clout.",apnews.com,0.259643,Somewhat-Bullish,GE,0.043658,0.245523,Somewhat-Bullish
2024-06-07 13:08:00,Dolby Laboratories  ( DLB )  Signs Deal to Acquire GE Licensing,https://www.zacks.com/stock/news/2285371/dolby-laboratories-dlb-signs-deal-to-acquire-ge-licensing,Dolby Laboratories (DLB) inks a definitive agreement to acquire GE Licensing from GE Aerospace for $429 million in cash.,www.zacks.com,0.24902,Somewhat-Bullish,GE,0.648995,0.521197,Bullish
2024-06-07 16:36:01,"What 1 CEO Learned From Buffett, Schultz, and Others",https://www.fool.com/investing/2024/06/07/what-1-ceo-learned-from-buffett-schultz-and-others/,David Novak knows something about how leaders learn.,www.fool.com,0.196991,Somewhat-Bullish,GE,0.02065,0.079313,Neutral
2024-06-07 21:45:00,"Smart Home Appliances Market size is set to grow by USD 75.8 billion from 2024-2028, Product innovation in terms of ... - PR Newswire",https://www.prnewswire.com/news-releases/smart-home-appliances-market-size-is-set-to-grow-by-usd-75-8-billion-from-2024-2028--product-innovation-in-terms-of-technology-performance-features-and-design-boost-the-market-technavio-302166558.html,"Smart Home Appliances Market size is set to grow by USD 75.8 billion from 2024-2028, Product innovation in terms of ... PR ...",www.prnewswire.com,0.483385,Bullish,GE,0.035983,0.107315,Neutral
2024-06-08 05:18:00,"Former astronaut William Anders, who took iconic Earthrise photo, killed in Washington plane crash",https://apnews.com/article/astronaut-william-anders-killed-plane-crash-earthrise-b4d783e0c5613a0e65fc9598a55f90d4,William Anders dies in plane crash The Associated Press ...,apnews.com,0.062013,Neutral,GE,0.043818,0.09508,Neutral
2024-06-10 08:51:26,Who are the 30 Cabinet ministers in Modi's 71-strong council of ministers?,https://www.business-standard.com/elections/lok-sabha-election/who-are-the-30-cabinet-ministers-in-modi-s-71-strong-council-of-ministers-124061000446_1.html,"At 73, Narendra Modi is only the second Prime Minister after Jawaharlal Nehru to secure a third consecutive term. His new Cabinet, referred to as Cabinet 3.0, reflects a blend of experience, expertise, and vision, consisting of 30 Cabinet ministers, five Ministers of State with Independent ...",www.business-standard.com,0.175787,Somewhat-Bullish,GE,0.012098,0.048665,Neutral
2024-06-10 14:00:00,"Cancer Diagnostics Market Surges to USD 188.43 Billion by 2031, Propelled by 6.77% CAGR - Verified Market Research®",https://www.benzinga.com/pressreleases/24/06/g39251385/cancer-diagnostics-market-surges-to-usd-188-43-billion-by-2031-propelled-by-6-77-cagr-verified-mar,"Lewes, Delaware, June 10, 2024 ( GLOBE NEWSWIRE ) -- The Global Cancer Diagnostics Market is projected to grow at a CAGR of 6.77% from 2024 to 2031, according to a new report published by Verified Market Research®.",www.benzinga.com,0.0,Neutral,GE,0.030918,0.028074,Neutral
2024-06-10 18:16:00,GE Stock Soars On Strong Jet Demand. Is GE Aerospace A Buy?,https://www.investors.com/news/ge-stock-ge-aerospace-stock/,"GE Aerospace ( GE ) has soared in 2024 amid its conversion to a pure-play aerospace company. Meanwhile, many airlines are facing delays from production and quality control issues, which is giving GE Aerospace's aftermarket business a boost. Is GE stock a buy?",www.investors.com,0.188739,Somewhat-Bullish,GE,0.89979,0.324314,Somewhat-Bullish
2024-06-11 09:17:00,"The Zacks Analyst Blog Highlights GE Aerospace, Arista Networks and Tokyo Election",https://www.zacks.com/stock/news/2286382/the-zacks-analyst-blog-highlights-ge-aerospace-arista-networks-and-tokyo-election,"GE Aerospace, Arista Networks and Tokyo Election are included in this Analyst Blog.",www.zacks.com,0.135668,Neutral,GE,0.293272,0.138439,Neutral
2024-06-11 12:53:00,CHA Names Jeff Netland as Chief Digital Officer - PR Newswire,https://www.prnewswire.com/news-releases/cha-names-jeff-netland-as-chief-digital-officer-302169065.html,CHA Names Jeff Netland as Chief Digital Officer PR ...,www.prnewswire.com,0.425974,Bullish,GE,0.069697,0.082798,Neutral
2024-06-11 15:52:13,"Corporate Employers Accused of Increasing Risk Of Pension Shortfalls in Violation of Employee Retirement Income Security Act of 1974  ( ""ERISA"" )   ( Brower Piven Release )  - ATI  ( NYSE:ATI ) , Armstrong World Indus  ( NYSE:AWI ) ",https://www.benzinga.com/pressreleases/24/06/g39274516/corporate-employers-accused-of-increasing-risk-of-pension-shortfalls-in-violation-of-employee-reti,"BALTIMORE, June 11, 2024 ( GLOBE NEWSWIRE ) -- Lawsuits have been filed alleging that a number of large corporate employers have offloaded billions of dollars in pension obligations to Athene Annuity and Life Company and/or Athene Annuity & Life Assurance Company of New York, subsidiaries of ...",www.benzinga.com,0.022267,Neutral,GE,0.204936,-0.043547,Neutral
2024-06-12 23:51:00,"Neil Goldschmidt, former Oregon governor who confessed to sex with a minor in the 1970s, has died",https://apnews.com/article/neil-goldschmidt-dead-oregon-governor-2c50aa5ae9674d978590c9d1805d8064,"Neil Goldschmidt was credited with starting Portland on its path to becoming a magnet for the young, hip and liberal before becoming a U.S. cabinet secretary and Oregon's governor.",apnews.com,-0.092246,Neutral,GE,0.04076,-0.140629,Neutral
2024-06-13 11:52:43,Daily: Musk Gets The Votes To Restore Massive Tesla Pay Package,https://www.forbes.com/sites/daniellechemtob/2024/06/13/forbes-daily-musk-gets-the-votes-to-restore-massive-tesla-pay-package/,"This is a published version of the Forbes Daily newsletter, you can sign-up to get Forbes Daily in your inbox here. For months, investors have been eagerly waiting to see when the Federal Reserve will cut interest rates, a move that would stimulate the economy by lowering borrowing costs.",www.forbes.com,0.07987,Neutral,GE,0.020758,0.065383,Neutral
2024-06-14 08:08:00,"If You'd Invested $10,000 in General Electric  ( Now GE Aerospace )  Stock 5 Years Ago, Here's How Much You'd Have Today",https://www.fool.com/investing/2024/06/14/if-youd-invested-10000-in-general-electric-now-ge/,"Following a troubled period, the industrial giant generated significant returns for investors who bought in five years ago.",www.fool.com,0.303706,Somewhat-Bullish,GE,0.968616,0.544544,Bullish
2024-06-17 12:45:00,Our Polluted Skies Require Carbon Capture,https://www.forbes.com/sites/kensilverstein/2024/06/17/our-polluted-skies-requires-carbon-capture/,Our Polluted Skies Requires Carbon Capture Forbes ...,www.forbes.com,0.104924,Neutral,GE,0.047844,0.0,Neutral
2024-06-17 13:00:00,Ava Community Energy Names Howard Chang as New CEO - PR Newswire,https://www.prnewswire.com/news-releases/ava-community-energy-names-howard-chang-as-new-ceo-302173438.html,Ava Community Energy Names Howard Chang as New CEO PR ...,www.prnewswire.com,0.483835,Bullish,GE,0.046816,0.147508,Neutral
2024-06-17 14:00:00,"Critical Infrastructure Protection Market Surges to USD 162 Billion by 2031, Propelled by 3.3% CAGR - Verified Market Research®",https://www.benzinga.com/pressreleases/24/06/g39358349/critical-infrastructure-protection-market-surges-to-usd-162-billion-by-2031-propelled-by-3-3-cagr-,"Lewes, Delaware, June 17, 2024 ( GLOBE NEWSWIRE ) -- The Global Critical Infrastructure Protection Market is projected to grow at a CAGR of 3.3% from 2024 to 2031, according to a new report published by Verified Market Research®.",www.benzinga.com,0.245371,Somewhat-Bullish,GE,0.031079,0.103663,Neutral
2024-06-17 18:03:24,"Nvidia Driving Stock Market Rally, Average Stock Is A Different Story, AI Copper Trade Hurting - NVIDIA  ( NASDAQ:NVDA ) ",https://www.benzinga.com/markets/24/06/39363665/nvidia-driving-stock-market-rally-average-stock-is-a-different-story-ai-copper-trade-hurting,"To gain an edge, this is what you need to know today. Please click here for an enlarged chart of SPDR S&P 500 ETF Trust SPY which represents the benchmark stock market index S&P 500 ( SPX ) . Extreme bullish sentiment is a contrary signal. It is worth a reminder that sentiment is not a ...",www.benzinga.com,0.17382,Somewhat-Bullish,GE,0.082677,0.024825,Neutral
2024-06-18 06:24:00,"India and US vow to boost defense, trade ties in first high-level US visit since Modi's election win",https://apnews.com/article/india-us-defense-trade-ties-modi-sullivan-91dbf84fac5d18c5d3c674420aff3834,"NEW DELHI ( AP ) - India and the United States on Monday pledged to and technology cooperation and remove long-standing barriers to bilateral strategic trade, following a meeting between the national security advisers of both countries.",apnews.com,-0.150881,Somewhat-Bearish,GE,0.09439,0.069416,Neutral
2024-06-18 12:00:00,"Several of Boeing's candidates for CEO have turned it down, report says",https://www.businessinsider.com/boeings-candidates-for-ceo-keep-turning-it-down-wsj-2024-6,Boeing's candidates for CEO keep turning it down: WSJ - Business Insider ...,www.businessinsider.com,-0.081979,Neutral,GE,0.252114,-0.06444,Neutral
2024-06-19 13:27:02,GE Aerospace Aims To Slash Carbon Emissions In Sky With Hybrid Electric Engines - GE Aero  ( NYSE:GE ) ,https://www.benzinga.com/news/24/06/39398463/ge-aerospace-aims-to-slash-carbon-emissions-in-sky-with-hybrid-electric-engines,"In a significant leap towards sustainable aviation, GE Aerospace by General Electric GE is developing a hybrid electric engine, aiming to power narrow-body jets by the mid-2020s.",www.benzinga.com,0.146571,Neutral,GE,0.540358,0.195896,Somewhat-Bullish
2024-06-20 10:30:00,Nvidia Just Passed Microsoft to Become the World's Most Valuable Stock. Here's What History Says Happens Next.,https://www.fool.com/investing/2024/06/20/nvidia-pass-microsoft-most-valuable-stock/,"If you think Nvidia stock has already peaked, then you'll want to look at this.",www.fool.com,0.305946,Somewhat-Bullish,GE,0.420608,0.324888,Somewhat-Bullish
2024-06-20 18:12:00,7 Best Stocks For Magnificent Earnings Growth Next Year,https://www.investors.com/news/best-stocks-sp500-sp400-sp600-magnificent-earnings-growth/,Investors looking to supercharge their portfolios would do well to widen the search aperture.,www.investors.com,0.302364,Somewhat-Bullish,GE,0.232439,0.244145,Somewhat-Bullish
2024-06-20 20:00:00,Cityview Acquires Bay Area Multifamily Project,https://www.benzinga.com/pressreleases/24/06/g39421227/cityview-acquires-bay-area-multifamily-project,"DUBLIN, Calif., June 20, 2024 ( GLOBE NEWSWIRE ) -- Cityview, a premier multifamily investment management and development firm, has acquired Tralee Village Apartments in Dublin - California's fastest growing city.",www.benzinga.com,0.271264,Somewhat-Bullish,GE,0.058047,0.243427,Somewhat-Bullish
2024-06-20 23:30:09,What are electrolysers and fuel cells? How do they make and use hydrogen?,https://www.scmp.com/business/commodities/article/3267391/what-are-electrolysers-how-hydrogen-produced-and-how-do-fuel-cells-use-energy,"In the quest for a greener future, hydrogen is expected to play a key role. Here's a look at the equipment that releases its potential as an energy source.",www.scmp.com,0.154445,Somewhat-Bullish,GE,0.03478,0.124339,Neutral
2024-06-21 07:00:00,"1 Unstoppable Stock That Could Join Microsoft, Apple, Nvidia, Alphabet, Amazon, and Meta in the $1 Trillion Club",https://www.fool.com/investing/2024/06/21/1-unstoppable-stock-that-could-join-microsoft-appl/,"This semiconductor specialist has a vast reach that permeates the artificial intelligence (AI) ecosystem, which is boosting its growth.",www.fool.com,0.249077,Somewhat-Bullish,GE,0.04912,0.102122,Neutral
2024-06-21 12:00:00,ROAR SOCIAL ANNOUNCES PROMOTION OF MIKE DODGE TO PRESIDENT AND CHIEF OPERATING OFFICER,https://www.benzinga.com/pressreleases/24/06/n39430695/roar-social-announces-promotion-of-mike-dodge-to-president-and-chief-operating-officer,"Gen Z-focused Platform Revolutionizes Social Media as a Powerful Tool for Social Impact by Replacing the ""Like"" with the ""Give""",www.benzinga.com,0.401015,Bullish,GE,0.047185,0.173575,Somewhat-Bullish
2024-06-21 20:00:00,7 Best Stocks For Magnificent Earnings Growth Next Year,https://www.investors.com/research/best-stocks-sp500-sp400-sp600-magnificent-earnings-growth/,Investors looking to supercharge their portfolios would do well to widen the search aperture.,www.investors.com,0.320566,Somewhat-Bullish,GE,0.23281,0.370111,Bullish
2024-06-21 22:00:19,GE Vernova  ( GEV )  Suffers a Larger Drop Than the General Market: Key Insights,https://www.zacks.com/stock/news/2291786/ge-vernova-gev-suffers-a-larger-drop-than-the-general-market-key-insights,"The latest trading day saw GE Vernova (GEV) settling at $175.73, representing a -0.82% change from its previous close.",www.zacks.com,0.198694,Somewhat-Bullish,GE,0.530253,0.304265,Somewhat-Bullish
2024-06-22 02:00:15,Can Australia overcome supply chain barriers to bring green hydrogen to Asia?,https://www.scmp.com/business/commodities/article/3267494/green-hydrogen-australias-breakout-moment-amid-us127-billion-boom-down-under,"In the third of a four-part series on green hydrogen, Eric Ng and Yujie Xue look into start-ups that are working on creating the infrastructure and technology to take the low-carbon fuel mainstream.",www.scmp.com,0.133835,Neutral,GE,0.040314,0.102982,Neutral
2024-06-22 08:50:00,Is It Too Late to Buy GE Aerospace Stock?,https://www.fool.com/investing/2024/06/22/is-it-too-late-to-buy-ge-aerospace-stock/,"The aerospace company has a dominant market position and a runway for long-term growth, but it is priced at a premium.",www.fool.com,0.182269,Somewhat-Bullish,GE,0.792063,0.27333,Somewhat-Bullish
2024-06-22 22:32:00,Opinion: 'My vision went dark': reporter experiences 6G-force before hitching a fighter jet ride,https://www.cnn.com/2024/06/22/opinions/f4-phantom-south-korea-lendon-intl-hnk-ml/index.html,'My vision went dark': CNN reporter experiences 6G-force before hitching a fighter jet ride ...,www.cnn.com,0.040568,Neutral,GE,0.024801,0.078382,Neutral
2024-06-24 12:00:00,11 Stocks Ruled The S&P 500 Before Nvidia - Things Didn't End Well,https://www.investors.com/etfs-and-funds/sectors/sp500-stocks-ruled-before-nvidia-things-didnt-end-well/,"Think buying the most-valuable stock is a surefire way to beat the S&P 500? Reality didn't work out that way. Twelve stocks' market value rose to the top of the S&P 500 since 1926, including Microsoft ( MSFT ) , Cisco Systems ( CSCO ) and most recently Nvidia ( NVDA ) , says Howard Silverblatt of ...",www.investors.com,0.281941,Somewhat-Bullish,GE,0.275867,0.263143,Somewhat-Bullish
2024-06-24 22:26:18,San Francisco Museum Of Modern Art Honors 50 Years Of Creative Growth Aiding Artists With Disabilities,https://www.forbes.com/sites/chaddscott/2024/06/24/san-francisco-museum-of-modern-art-honors-50-years-of-creative-growth-aiding-artists-with-disabilities/,The Americans with Disabilities Act was signed in 1990 meaning the U.S. was routinely traveling to space before establishing federal protections banning discrimination against people with disabilities.,www.forbes.com,0.469907,Bullish,GE,0.028122,0.340945,Somewhat-Bullish
2024-06-25 11:39:00,5 Value Stocks With Exciting EV-to-EBITDA Ratios to Snap Up,https://www.zacks.com/stock/news/2292700/5-value-stocks-with-exciting-ev-to-ebitda-ratios-to-snap-up,"We have screened value stocks NMM, CMRE, ODP, ADT and POR based on the EV-to-EBITDA ratio, which offers a clearer picture of valuation and earnings potential.",www.zacks.com,0.230759,Somewhat-Bullish,GE,0.097062,0.106744,Neutral
2024-06-25 16:25:19,"5 Value Stocks With Exciting EV-to-EBITDA Ratios to Snap Up - ADT  ( NYSE:ADT ) , Costamare  ( NYSE:CMRE ) ",https://www.benzinga.com/news/earnings/24/06/39478378/5-value-stocks-with-exciting-ev-to-ebitda-ratios-to-snap-up,"Investors generally tend to cling to the price-to-earnings ( P/E ) metric while looking for bargain stocks. In addition to being a widely used tool for screening stocks, P/E is also a popular metric to work out the fair market value of a company.",www.benzinga.com,0.229142,Somewhat-Bullish,GE,0.105914,0.116147,Neutral
2024-06-26 11:59:04,"From Sustainability To Reliability: How Laser Photonics' Ethical Approach To Engineering Sets It Apart From Rivals - Caterpillar  ( NYSE:CAT ) , GE Aero  ( NYSE:GE ) ",https://www.benzinga.com/partner/emerging-markets/24/06/39499247/from-sustainability-to-reliability-how-laser-photonics-ethical-approach-to-engineering-s,"Ethical engineering may only receive lip service from some companies, but it's a guiding principle for Laser Photonics Corp LASE ( LPC ) . Sustainability and environmental and societal impacts must be part of the equation in research and development, engineering and manufacturing, the company ...",www.benzinga.com,0.396503,Bullish,GE,0.089629,0.388616,Bullish
2024-06-26 12:51:00,5 Low-Beta Stocks to Buy as Consumer Confidence Ebbs in June,https://www.zacks.com/stock/news/2293682/5-low-beta-stocks-to-buy-as-consumer-confidence-ebbs-in-june,"Consumer confidence is sinking again due to economic uncertainties. Investing in low-beta defensive stocks like California Water Service, Portland General Electric Company (POR), MDU Resources (MDU), The Procter & Gamble Company (PG) and Ingredion (INGR) would be a safe bet.",www.zacks.com,0.120902,Neutral,GE,0.218817,0.154067,Somewhat-Bullish
2024-06-26 19:46:38,Comcast's Options Frenzy: What You Need to Know - Comcast  ( NASDAQ:CMCSA ) ,https://www.benzinga.com/insights/options/24/06/39511472/comcasts-options-frenzy-what-you-need-to-know,"Investors with a lot of money to spend have taken a bullish stance on Comcast CMCSA. We noticed this today when the trades showed up on publicly available options history that we track here at Benzinga. Whether these are institutions or just wealthy individuals, we don't know.",www.benzinga.com,0.160978,Somewhat-Bullish,GE,0.076847,0.005061,Neutral
2024-06-27 13:44:00,Reasons to Buy Pinnacle West Capital  ( PNW )  Stock Right Now,https://www.zacks.com/stock/news/2294419/reasons-to-buy-pinnacle-west-capital-pnw-stock-right-now,"Pinnacle West Capital (PNW) makes a strong case for investment, given its growth prospects, debt management, expansion of renewable portfolio and ability to increase its shareholder value.",www.zacks.com,0.399131,Bullish,GE,0.072876,0.156679,Somewhat-Bullish
2024-06-27 20:15:00,LuxUrban Hotels Appoints Patrick McNamee to Board of Directors,https://www.globenewswire.com/news-release/2024/06/27/2905540/0/en/LuxUrban-Hotels-Appoints-Patrick-McNamee-to-Board-of-Directors.html,Announces Resignation of Brian Ferdinand from the Board Announces Resignation of Brian Ferdinand from the Board ...,www.globenewswire.com,0.184077,Somewhat-Bullish,GE,0.038655,0.050719,Neutral
2024-06-27 20:15:19,LuxUrban Hotels Appoints Patrick McNamee to Board of Directors - LuxUrban Hotels  ( NASDAQ:LUXH ) ,https://www.benzinga.com/pressreleases/24/06/g39536192/luxurban-hotels-appoints-patrick-mcnamee-to-board-of-directors,"MIAMI, June 27, 2024 ( GLOBE NEWSWIRE ) -- LuxUrban Hotels Inc. ( ""LuxUrban"" or the ""Company"" ) LUXH, a hospitality company which leases entire existing hotels on a long-term basis and rents rooms in its hotels to business and vacation travelers, today announced the appointment of Patrick ...",www.benzinga.com,0.193077,Somewhat-Bullish,GE,0.036869,0.046479,Neutral
2024-06-28 07:07:00,"Down 32% in 2024, Can Boeing Make a Big Second-Half Recovery?",https://www.fool.com/investing/2024/06/28/down-32-in-2024-can-boeing-make-a-big-second-half/,"The beleaguered aerospace giant's share price reflects many of its operational headwinds this year, but management needs to do three things before the stock is a confident buy.",www.fool.com,0.188784,Somewhat-Bullish,GE,0.156123,-0.04054,Neutral
2024-06-28 10:00:00,SPINEART APPOINTS LAURENT NODÉ-LANGLOIS AS CHIEF TECHNOLOGY OFFICER TO LEAD ENABLING TECHNOLOGIES BUSINESS UNIT,https://www.prnewswire.com/news-releases/spineart-appoints-laurent-node-langlois-as-chief-technology-officer-to-lead-enabling-technologies-business-unit-302185235.html,SPINEART APPOINTS LAURENT NODÉ-LANGLOIS AS CHIEF TECHNOLOGY OFFICER TO LEAD ENABLING ... PR ...,www.prnewswire.com,0.549008,Bullish,GE,0.218817,0.276528,Somewhat-Bullish
2024-06-28 11:53:00,Here's Why You Should Add PPL to Your Portfolio Right Now,https://www.zacks.com/stock/news/2294846/heres-why-you-should-add-ppl-to-your-portfolio-right-now,"PPL makes a strong case for investment, given its earnings growth prospects, better debt management and ability to increase shareholders' value.",www.zacks.com,0.337746,Somewhat-Bullish,GE,0.089462,0.115587,Neutral
2024-06-29 09:24:00,"Walmart Is a Rock-Solid Dividend King, but So Is This High-Yield Dividend Stock That's Down 11% in the Past 3 Months",https://www.fool.com/investing/2024/06/29/walmart-dividend-king-high-yield-buy-stock/,Patient investors are getting a great opportunity to scoop up shares of this tool titan.,www.fool.com,0.164362,Somewhat-Bullish,GE,0.035189,-0.020372,Neutral
2024-07-01 15:47:16,Comcast Unusual Options Activity - Comcast  ( NASDAQ:CMCSA ) ,https://www.benzinga.com/insights/options/24/07/39578678/comcast-unusual-options-activity,"Investors with a lot of money to spend have taken a bearish stance on Comcast CMCSA. We noticed this today when the trades showed up on publicly available options history that we track here at Benzinga. Whether these are institutions or just wealthy individuals, we don't know.",www.benzinga.com,0.147515,Neutral,GE,0.077593,0.005066,Neutral
2024-07-02 01:00:00,"Milled Carbon Fiber Market worth $302 million by 2029, at a CAGR of 10.8%, says MarketsandMarkets™",https://www.benzinga.com/pressreleases/24/07/g39587396/milled-carbon-fiber-market-worth-302-million-by-2029-at-a-cagr-of-10-8-says-marketsandmarkets,"Chicago, July 01, 2024 ( GLOBE NEWSWIRE ) -- The Milled Carbon Fiber Market is projected to grow USD 182 million in 2024 and is projected to reach USD 302 million by 2029, at a CAGR of 10.8%, in terms of value, from 2024 to 2029, as per the recent study by MarketsandMarkets™.",www.benzinga.com,0.339152,Somewhat-Bullish,GE,0.044222,0.179213,Somewhat-Bullish
2024-07-03 12:26:00,"AI, Data Center, EV to Boost Electric Power Utility: 5 Picks",https://www.zacks.com/stock/news/2296553/ai-data-center-ev-to-boost-electric-power-utility-5-picks,"We have narrowed our search to five utility stocks that are regular dividend payers. These stocks are: VST, EVRG, PPL, PCG, POR.",www.zacks.com,0.287337,Somewhat-Bullish,GE,0.090474,0.122027,Neutral
2024-07-03 15:39:00,Reasons to Add Portland General  ( POR )  to Your Portfolio Now,https://www.zacks.com/stock/news/2296711/reasons-to-add-portland-general-por-to-your-portfolio-now,"Portland General (POR) makes a strong case for investment, given its earnings and sales growth prospects, increasing consumer demand, and highly liquid operations.",www.zacks.com,0.387505,Bullish,GE,0.083251,0.239663,Somewhat-Bullish
2024-07-04 08:15:00,Nvidia And These Surprise AI Darlings Are 2024's Best Stocks,https://www.forbes.com/sites/dereksaul/2024/07/04/nvidia-and-these-surprise-ai-darlings-are-2024s-best-stocks/,Nvidia And AI Surprises Are S&P 500's Best 2024 Performers Forbes ...,www.forbes.com,0.188082,Somewhat-Bullish,GE,0.1172,0.124685,Neutral
2024-07-04 09:06:15,High Voltage Power Transformer Market Size Anticipated to Reach $12.3 Billion by 2029 | MarketsandMarkets™,https://www.benzinga.com/pressreleases/24/07/g39633065/high-voltage-power-transformer-market-size-anticipated-to-reach-12-3-billion-by-2029-marketsandmar,"Chicago, July 04, 2024 ( GLOBE NEWSWIRE ) -- The global High Voltage Power Transformer Market size is expected to grow from USD 9.1 billion in 2024 to USD 12.3 billion by 2029, at a CAGR of 6.3% according to a new report by MarketsandMarkets™.",www.benzinga.com,0.324141,Somewhat-Bullish,GE,0.056808,0.180983,Somewhat-Bullish
2024-07-04 10:15:00,Single Use Bioprocessing Market: $17.7B to $34.9B Growth Forecast  ( 2024-2029 )  | MarketsandMarkets™,https://www.benzinga.com/pressreleases/24/07/g39633540/single-use-bioprocessing-market-17-7b-to-34-9b-growth-forecast-2024-2029-marketsandmarkets,"Chicago, July 04, 2024 ( GLOBE NEWSWIRE ) -- The ""Single Use Bioprocessing Market Size, Share & Trends by Product ( Equipment ( Bioreactors, Mixers, Filtration, Chromatography ) , Consumables ( Filters, Bags, Assemblies, Sensors ) ) , Application, Workflow, Molecule Type ( mAbs, Vaccines, CGT, ...",www.benzinga.com,0.222034,Somewhat-Bullish,GE,0.045918,0.133321,Neutral
2024-07-04 11:33:00,Reasons to Add Pampa Energia  ( PAM )  to Your Portfolio Right Now,https://www.zacks.com/stock/news/2296850/reasons-to-add-pampa-energia-pam-to-your-portfolio-right-now,"Pampa Energia (PAM) makes a strong case for investment, given its growth prospects, strong ROE, debt management and focus on clean power generation.",www.zacks.com,0.315973,Somewhat-Bullish,GE,0.074926,0.045552,Neutral
2024-07-04 13:00:57,6 Bellwether Stocks to Watch,https://www.kiplinger.com/investing/stocks/bellwether-stocks-to-watch,"Tech behemoths such as Nvidia and Apple have drawn investor attention lately because of their stock gains and heavy weightings in market indexes and investment funds. But there's another group of stocks that deserve special attention. They are bellwethers, or weathervanes for investors.",www.kiplinger.com,0.210594,Somewhat-Bullish,GE,0.059562,0.051014,Neutral
2024-07-04 21:40:00,"Smart Factory Market size is set to grow by USD 97.1 billion from 2024-2028, Increasing focus of vendors on setting up ... - PR Newswire",https://www.prnewswire.com/news-releases/smart-factory-market-size-is-set-to-grow-by-usd-97-1-billion-from-2024-2028--increasing-focus-of-vendors-on-setting-up-new-smart-factories-to-boost-the-market-growth-technavio-302188941.html,"Smart Factory Market size is set to grow by USD 97.1 billion from 2024-2028, Increasing focus of vendors on setting up ... PR ...",www.prnewswire.com,0.411997,Bullish,GE,0.027763,0.058195,Neutral
2024-07-05 10:00:00,Goldman Sachs: 89 stocks expected to be winners as they build out AI infrastructure,https://www.businessinsider.com/ai-stocks-companies-building-out-infrastructure-goldman-sachs-picks-2024-7,89 AI Stock Picks Building Out Infrastructure: Goldman Sachs - Business Insider ...,www.businessinsider.com,0.172131,Somewhat-Bullish,GE,0.029363,0.021142,Neutral
2024-07-05 12:48:00,4 Safe Stocks to Buy as Consumer Sentiment Hits 7-Month Low,https://www.zacks.com/stock/news/2297220/4-safe-stocks-to-buy-as-consumer-sentiment-hits-7-month-low,"Stocks like California Water Service Group (CWT), Atmos Energy Corporation (ATO), Portland General Electric Company (POR), Colgate-Palmolive Company (CL) and Utz Brands, Inc. (UTZ) are a safe bet during times of uncertainty.",www.zacks.com,0.093196,Neutral,GE,0.200355,0.123797,Neutral
2024-07-05 13:13:00,PNM Resources  ( PNM )  Rides on Clean & Affordable Power Supply,https://www.zacks.com/stock/news/2297251/pnm-resources-pnm-rides-on-clean-affordable-power-supply,PNM Resources (PNM) continues to benefit from infrastructure investment and focus on clean power generation.,www.zacks.com,0.294687,Somewhat-Bullish,GE,0.081552,0.058266,Neutral
2024-07-05 18:07:29,Is Value Investing Dead? Why Buffett's Strategy May No Longer Work,https://www.forbes.com/sites/jimosman/2024/07/05/is-value-investing-dead-why-buffetts-strategy-may-no-longer-work/,"I've always touted myself as a 'value stock guy.' Promoted by the greats, value investing, a tactic with a simple idea, buying underpriced stocks that the market has missed, has long been respected.",www.forbes.com,0.365006,Bullish,GE,0.095517,0.210531,Somewhat-Bullish
2024-07-05 21:30:00,"Aerospace Market Size in Mexico is set to grow by USD 15.61 billion from 2024-2028, Favorable regulatory ... - PR Newswire",https://www.prnewswire.com/news-releases/aerospace-market-size-in-mexico-is-set-to-grow-by-usd-15-61-billion-from-2024-2028--favorable-regulatory-environment-boost-the-market-technavio-302189534.html,"Aerospace Market Size in Mexico is set to grow by USD 15.61 billion from 2024-2028, Favorable regulatory ... PR ...",www.prnewswire.com,0.321483,Somewhat-Bullish,GE,0.033282,0.084034,Neutral
2024-07-06 13:40:00,The folding wingtips on Boeing's massive new 777X are a first in commercial aviation. Here's why the plane needs them.,https://www.businessinsider.com/why-the-new-boeing-777x-needs-folding-wingtips-2022-1,Why the new Boeing 777X needs folding wingtips - Business Insider ...,www.businessinsider.com,0.148813,Neutral,GE,0.049322,0.082733,Neutral
2024-07-07 23:09:18,"Trump vs Biden-Given The Animus, Do Economic Polices Even Matter?",https://www.forbes.com/sites/joelshulman/2024/07/07/trump-vs-biden-given-the-animus-do-economic-polices-even-matter/,"Perhaps lost in the debate drama, amidst golf prowess, history revisionism and mental lapses is the not so small task of deciding which presidential candidate best benefits the US economy.",www.forbes.com,0.076376,Neutral,GE,0.020939,0.057931,Neutral
2024-07-08 09:18:00,"The Zacks Analyst Blog Highlights California Water Service, Atmos Energy, Portland General Electric, Colgate-Palmolive and Utz Brands",https://www.zacks.com/stock/news/2297509/the-zacks-analyst-blog-highlights-california-water-service-atmos-energy-portland-general-electric-colgate-palmolive-and-utz-brands,"California Water Service, Atmos Energy, Portland General Electric, Colgate-Palmolive and Utz Brands are included in this Analyst Blog.",www.zacks.com,0.100073,Neutral,GE,0.217184,0.10211,Neutral
2024-07-08 13:00:00,"Telemedicine Market to Surpass USD 430.72 Billion by 2031, Witnessing 17.95% CAGR Growth | SkyQuest Technology",https://www.benzinga.com/pressreleases/24/07/g39665778/telemedicine-market-to-surpass-usd-430-72-billion-by-2031-witnessing-17-95-cagr-growth-skyquest-te,"Westford, USA, July 08, 2024 ( GLOBE NEWSWIRE ) -- SkyQuest projects that the Telemedicine market will attain a value of USD 430.72 billion by 2031, with a CAGR of 17.95% during the forecast period ( 2024-2031 ) .",www.benzinga.com,0.339422,Somewhat-Bullish,GE,0.051003,0.0,Neutral
2024-07-09 13:34:00,Reasons to Add CenterPoint  ( CNP )  to Your Portfolio Right Now,https://www.zacks.com/stock/news/2298414/reasons-to-add-centerpoint-cnp-to-your-portfolio-right-now,CenterPoint (CNP) makes a strong case for investment in the utility space with its robust ROE and ability to increase shareholder value through regular dividend payments.,www.zacks.com,0.33189,Somewhat-Bullish,GE,0.079392,0.136733,Neutral
2024-07-10 10:20:05,Should You Invest in the Invesco S&P 500 Equal Weight Industrials ETF  ( RSPN ) ?,https://www.zacks.com/stock/news/2298985/should-you-invest-in-the-invesco-sp-500-equal-weight-industrials-etf-rspn,Sector ETF report for ...,www.zacks.com,0.161138,Somewhat-Bullish,GE,0.138863,0.069039,Neutral
2024-07-10 12:30:00,Industrial Automation Market to Reach USD 350.9 Billion by 2031 | SkyQuest,https://www.benzinga.com/pressreleases/24/07/g39707619/industrial-automation-market-to-reach-usd-350-9-billion-by-2031-skyquest,"Westford, USA, July 10, 2024 ( GLOBE NEWSWIRE ) -- SkyQuest projects that the Global Industrial Automation Market will attain a value of USD 350.9 Billion 8.3% during the forecast period ( 2024-2031 ) .",www.benzinga.com,0.256493,Somewhat-Bullish,GE,0.044304,0.0,Neutral
2024-07-10 16:00:09,What Makes Portland General Electric  ( POR )  a New Strong Buy Stock,https://www.zacks.com/stock/news/2299439/what-makes-portland-general-electric-por-a-new-strong-buy-stock,"Portland General Electric (POR) has been upgraded to a Zacks Rank #1 (Strong Buy), reflecting growing optimism about the company's earnings prospects. This might drive the stock higher in the near term.",www.zacks.com,0.311478,Somewhat-Bullish,GE,0.30021,0.309002,Somewhat-Bullish
2024-07-11 05:55:00,"Battery Energy Storage System Market for EVs Size & Share to Surpass USD 38.9 billion by 2034, Exhibiting a CAGR of 25.6% | States Transparency Market Research, Inc.",https://www.benzinga.com/pressreleases/24/07/g39722353/battery-energy-storage-system-market-for-evs-size-share-to-surpass-usd-38-9-billion-by-2034-exhibi,"Wilmington, Delaware, United States, Transparency Market Research Inc. -, July 11, 2024 ( GLOBE NEWSWIRE ) -- The battery energy storage system market for Evs ( EV용 배터리 에너지 저장 시스템 시장 ) was projected to attain US$ 3.1 billion in 2023.",www.benzinga.com,0.363931,Bullish,GE,0.036926,0.0,Neutral
2024-07-11 12:00:00,OLAPLEX Strengthens Senior Leadership Team with Key Appointments,https://www.globenewswire.com/news-release/2024/07/11/2911795/0/en/OLAPLEX-Strengthens-Senior-Leadership-Team-with-Key-Appointments.html,"NEW YORK, July 11, 2024 ( GLOBE NEWSWIRE ) -- Olaplex Holdings, Inc. ( NASDAQ: OLPX ) ( ""OLAPLEX"" or ""the Company"" ) today announced the appointment of two highly seasoned leaders to its executive team. Catherine Dunleavy will join OLAPLEX as Chief Operating Officer and Chief Financial Officer, ...",www.globenewswire.com,0.331348,Somewhat-Bullish,GE,0.04872,-0.000996,Neutral
2024-07-11 12:00:40,"OLAPLEX Strengthens Senior Leadership Team with Key Appointments - Olaplex Hldgs  ( NASDAQ:OLPX ) , Tegna  ( NYSE:TGNA ) ",https://www.benzinga.com/pressreleases/24/07/g39727040/olaplex-strengthens-senior-leadership-team-with-key-appointments,"NEW YORK, July 11, 2024 ( GLOBE NEWSWIRE ) -- Olaplex Holdings, Inc. OLPX ( ""OLAPLEX"" or ""the Company"" ) today announced the appointment of two highly seasoned leaders to its executive team.",www.benzinga.com,0.325255,Somewhat-Bullish,GE,0.046724,-0.000993,Neutral
2024-07-11 13:14:00,Southern Co.  ( SO )  Taps Sightline to Advance Climate Technology,https://www.zacks.com/stock/news/2300046/southern-co-so-taps-sightline-to-advance-climate-technology,Southern Company (SO) aims to expedite the deployment of innovative solutions in climate technology through its collaboration with Sightline Climate.,www.zacks.com,0.406928,Bullish,GE,0.214937,0.147034,Neutral
2024-07-11 22:00:17,GE Vernova  ( GEV )  Declines More Than Market: Some Information for Investors,https://www.zacks.com/stock/news/2300372/ge-vernova-gev-declines-more-than-market-some-information-for-investors,"The latest trading day saw GE Vernova (GEV) settling at $176.70, representing a -1.69% change from its previous close.",www.zacks.com,0.201845,Somewhat-Bullish,GE,0.586747,0.277087,Somewhat-Bullish
2024-07-12 21:30:00,"Dominion Energy South Carolina, South Carolina Office of Regulatory Staff, Intervenors File Comprehensive Settlement of General Electric Rate Case for Approval by Public Service Commission of South Carolina",https://www.prnewswire.com/news-releases/dominion-energy-south-carolina-south-carolina-office-of-regulatory-staff-intervenors-file-comprehensive-settlement-of-general-electric-rate-case-for-approval-by-public-service-commission-of-south-carolina-302196149.html,"• Compared to rates at time of original request in March and offset by fuel cost reduction and other factors, settlement's rate request would represent net 1% increase for residential customer's electric rate • No change to Dominion Energy's existing financial guidance",www.prnewswire.com,0.4136,Bullish,GE,0.070517,0.205416,Somewhat-Bullish
2024-07-14 09:55:00,This Aerospace Stock Outperformed the S&P 500 in the First Half of 2024. Is It Still a Buy?,https://www.fool.com/investing/2024/07/14/aerospace-stock-beat-sp-500-in-half-2024-buy/,GE Aerospace's stock price rose 58% in the first six months of the year. Can it keep going higher?,www.fool.com,0.189787,Somewhat-Bullish,GE,0.876523,0.378651,Bullish
2024-07-15 06:36:00,Rivulis Appoints Irrigation Industry Veteran Joshua Dixon as CEO,https://www.prnewswire.com/news-releases/rivulis-appoints-irrigation-industry-veteran-joshua-dixon-as-ceo-302196619.html,"Dixon to lead Rivulis' continued growth and international market penetration, as the Company transforms global irrigation to address climate change, water and food security Richard Klapholz to step down in September 2024 after more than a decade of service",www.prnewswire.com,0.403155,Bullish,GE,0.056674,0.0,Neutral
2024-07-15 06:45:00,Rivulis Appoints Irrigation Industry Veteran Joshua Dixon as CEO,https://www.prnewswire.com/il/news-releases/rivulis-appoints-irrigation-industry-veteran-joshua-dixon-as-ceo-302196625.html,"Dixon to lead Rivulis' continued growth and international market penetration, as the Company transforms global irrigation to address climate change, water and food security Richard Klapholz to step down in September 2024 after more than a decade of service",www.prnewswire.com,0.403155,Bullish,GE,0.056674,0.0,Neutral
2024-07-15 20:15:00,Seasoned Executive Dale Strange Takes Reins of Blackbaud's Corporate Impact Business - PR Newswire,https://www.prnewswire.com/news-releases/seasoned-executive-dale-strange-takes-reins-of-blackbauds-corporate-impact-business-302197003.html,Seasoned Executive Dale Strange Takes Reins of Blackbaud's Corporate Impact Business PR ...,www.prnewswire.com,0.40636,Bullish,GE,0.041466,0.141693,Neutral
2024-07-16 10:20:05,Should You Invest in the Fidelity MSCI Industrials Index ETF  ( FIDU ) ?,https://www.zacks.com/stock/news/2302202/should-you-invest-in-the-fidelity-msci-industrials-index-etf-fidu,Sector ETF report for ...,www.zacks.com,0.159047,Somewhat-Bullish,GE,0.132733,0.051999,Neutral
2024-07-16 14:03:00,3 Stocks Trading Near 52-Week High With More Upside Potential,https://www.zacks.com/stock/news/2302608/3-stocks-trading-near-52-week-high-with-more-upside-potential,"Investors target stocks that have lately been on a bull run. Stocks like HBI, SUN and POR are seeing price strength and have a high chance of carrying the momentum forward.",www.zacks.com,0.294454,Somewhat-Bullish,GE,0.080819,0.175877,Somewhat-Bullish
2024-07-16 14:48:29,Here's Why GE Aerospace Stock Soared 24.6% in the First Half of 2024,https://www.fool.com/investing/2024/07/16/heres-why-ge-aerospace-stock-soared-246-in-the-fir/,The aerospace company has a bright future due to its dominant position in airplane engines.,www.fool.com,0.333678,Somewhat-Bullish,GE,0.801457,0.588529,Bullish
2024-07-17 08:46:00,"1 Unstoppable Stock Set to Join Nvidia, Apple, and Microsoft in the $3 Trillion Club",https://www.fool.com/investing/2024/07/17/1-stock-set-join-nvidia-apple-microsoft-3-trillion/,This tech titan could join the most exclusive club on Wall Street by the end of 2025.,www.fool.com,0.237002,Somewhat-Bullish,GE,0.038969,0.075851,Neutral
2024-07-17 14:15:00,"Gas Insulated Switchgear Market Surges to USD 48.92 Billion by 2031, Propelled by 8.36% CAGR - Verified Market Research®",https://www.benzinga.com/pressreleases/24/07/g39817143/gas-insulated-switchgear-market-surges-to-usd-48-92-billion-by-2031-propelled-by-8-36-cagr-verifie,"Lewes, Delaware, July 17, 2024 ( GLOBE NEWSWIRE ) -- The Global Gas Insulated Switchgear Market Size is projected to grow at a CAGR of 8.36% from 2024 to 2031, according to a new report published by Verified Market Research®.",www.benzinga.com,0.282351,Somewhat-Bullish,GE,0.031949,0.094603,Neutral
2024-07-17 14:49:00,NRG Energy  ( NRG )  Gains From Investments & Share Repurchase,https://www.zacks.com/stock/news/2303598/nrg-energy-nrg-gains-from-investments-share-repurchase,"NRG Energy (NRG) gains from investments in infrastructure and addition of clean sources to produce electricity and serve its customers. Yet, risks relating to numerous laws and regulations remain.",www.zacks.com,0.337451,Somewhat-Bullish,GE,0.08687,0.078196,Neutral
2024-07-17 14:53:59,What's Going On With GE Vernova Shares Today? - GE Vernova  ( NYSE:GEV ) ,https://www.benzinga.com/markets/equities/24/07/39817956/whats-going-on-with-ge-vernova-shares-today,"According to Benzinga Pro, GEV stock has gained over 3% in the past one month. Investors can gain exposure to the stock via Invesco S&P Spin-Off ETF CSD and Fidelity Clean Energy ETF FRNW. Yesterday, JP Morgan analyst Mark Strouse maintained GE Vernova as Overweight and raised the price target ...",www.benzinga.com,0.346001,Somewhat-Bullish,GE,0.859085,0.462927,Bullish
2024-07-19 22:00:18,GE Vernova  ( GEV )  Rises As Market Takes a Dip: Key Facts,https://www.zacks.com/stock/news/2305646/ge-vernova-gev-rises-as-market-takes-a-dip-key-facts,"GE Vernova (GEV) closed the most recent trading day at $163.34, moving +1.15% from the previous trading session.",www.zacks.com,0.127103,Neutral,GE,0.566143,0.17318,Somewhat-Bullish
2024-07-22 13:55:03,Here's Why GE Vernova  ( GEV )  Is a Great 'Buy the Bottom' Stock Now,https://www.zacks.com/stock/news/2306056/heres-why-ge-vernova-gev-is-a-great-buy-the-bottom-stock-now,"GE Vernova (GEV) witnesses a hammer chart pattern, indicating support found by the stock after losing some value lately. This coupled with an upward trend in earnings estimate revisions could mean a trend reversal for the stock in the near term.",www.zacks.com,0.232862,Somewhat-Bullish,GE,0.208764,0.286397,Somewhat-Bullish
2024-07-22 14:12:00,"First Full Week of Q2 Earnings, PCE Out Friday",https://www.zacks.com/stock/news/2306101/first-full-week-of-q2-earnings-pce-out-friday,"No fewer than 845 companies are scheduled to report this week, including Alphabet (GOOGL) and Tesla (TSLA) Tuesday.",www.zacks.com,0.033117,Neutral,GE,0.152983,0.028094,Neutral
2024-07-22 15:14:00,Q2 Earnings in Full Swing This week,https://www.zacks.com/stock/news/2306183/q2-earnings-in-full-swing-this-week,"It's a new trading week that's starting slowly, but don't be fooled. This is our first full week of Q2 earnings season, with no fewer than 845 companies scheduled to report results by the end of Friday.",www.zacks.com,0.03315,Neutral,GE,0.158,0.028668,Neutral
2024-07-22 17:49:11,"Portland General Electric's Data Centers, Industry Growth Fuel Stock Upgrade - Portland Gen Electric  ( NYSE:POR ) ",https://www.benzinga.com/analyst-ratings/analyst-color/24/07/39890764/portland-general-electrics-data-centers-industry-growth-fuel-stock-upgrade,"KeyBanc Capital Markets analysts upgraded Portland General Electric Company POR to Overweight from Sector Weight, with a $52 price target. The analysts write that the company is seeing strong power demand growth due to high-tech and semiconductor industries.",www.benzinga.com,0.32785,Somewhat-Bullish,GE,0.249106,0.226062,Somewhat-Bullish
2024-07-23 05:24:47,China hopes US firms can 'play a strong role' after top executives visit Beijing,https://www.scmp.com/economy/global-economy/article/3271511/china-hopes-us-firms-can-play-strong-role-after-top-executives-visit-beijing,A delegation from the US-China Business Council met with Chinese Vice-Premier He Lifeng and Foreign Minister Wang Yi in Beijing on Monday.,www.scmp.com,0.288506,Somewhat-Bullish,GE,0.068698,0.055148,Neutral
2024-07-23 10:20:07,Is Invesco S&P 500 Equal Weight Industrials ETF  ( RSPN )  a Strong ETF Right Now?,https://www.zacks.com/stock/news/2306538/is-invesco-sp-500-equal-weight-industrials-etf-rspn-a-strong-etf-right-now,Smart Beta ETF report for ...,www.zacks.com,0.201362,Somewhat-Bullish,GE,0.124486,0.05964,Neutral
2024-07-23 13:47:04,"Xi Jinping's Government Hopes US Firms Can 'Play A Strong Role' In China's Economy As Top Executives Visit Beijing - Apple  ( NASDAQ:AAPL ) , Boeing  ( NYSE:BA ) ",https://www.benzinga.com/news/24/07/39907669/xi-jinpings-government-hopes-us-firms-can-play-a-strong-role-in-chinas-economy-as-top-executives-vis,The Chinese government expressed its desire for U.S. firms to play a significant role in its economy after top U.S. executives engaged in a meeting with Chinese officials.,www.benzinga.com,0.252092,Somewhat-Bullish,GE,0.194242,0.0,Neutral
2024-07-23 16:09:00,"GE Aerospace  ( GE )  Q2 Earnings Beat Estimates, Rise Y/Y",https://www.zacks.com/stock/news/2307182/ge-aerospace-ge-q2-earnings-beat-estimates-rise-yy,"GE Aerospace's (GE) second-quarter 2024 results reflect a 4% increase in revenues, driven by the solid performance of its segments.",www.zacks.com,0.167385,Somewhat-Bullish,GE,0.730954,0.248586,Somewhat-Bullish
2024-07-23 16:45:14,Why GE Aerospace Stock Is Flying Higher Today,https://www.fool.com/investing/2024/07/23/why-ge-aerospace-stock-is-flying-higher-today/,Strong aftermarket demand is pushing earnings higher.,www.fool.com,0.282143,Somewhat-Bullish,GE,0.891347,0.509721,Bullish
2024-07-24 12:00:00,Predictive Maintenance Market to Witness 31.2% CAGR Growth | SkyQuest Technology,https://www.benzinga.com/pressreleases/24/07/g39929387/predictive-maintenance-market-to-witness-31-2-cagr-growth-skyquest-technology,"Westford,USA, July 24, 2024 ( GLOBE NEWSWIRE ) -- SkyQuest projects that Predictive Maintenance Market will attain a value of USD 66.46 billion by 2031, with a CAGR of 31.2% during the forecast period ( 2024-2031 ) .",www.benzinga.com,0.236831,Somewhat-Bullish,GE,0.044718,0.060447,Neutral
2024-07-25 10:20:05,Should You Invest in the Vanguard Industrials ETF  ( VIS ) ?,https://www.zacks.com/stock/news/2308507/should-you-invest-in-the-vanguard-industrials-etf-vis,Sector ETF report for VIS ...,www.zacks.com,0.19604,Somewhat-Bullish,GE,0.136113,0.07192,Neutral
2024-07-25 21:20:06,Edison International  ( EIX )  Q2 Earnings and Revenues Top Estimates,https://www.zacks.com/stock/news/2309394/edison-international-eix-q2-earnings-and-revenues-top-estimates,"Edison International (EIX) delivered earnings and revenue surprises of 16.19% and 7.52%, respectively, for the quarter ended June 2024. Do the numbers hold clues to what lies ahead for the stock?",www.zacks.com,0.154972,Somewhat-Bullish,GE,0.068306,0.0,Neutral
2024-07-26 11:25:03,Portland General Electric  ( POR )  Surpasses Q2 Earnings and Revenue Estimates,https://www.zacks.com/stock/news/2309685/portland-general-electric-por-surpasses-q2-earnings-and-revenue-estimates,"Portland General Electric (POR) delivered earnings and revenue surprises of 2.99% and 5.80%, respectively, for the quarter ended June 2024. Do the numbers hold clues to what lies ahead for the stock?",www.zacks.com,0.189198,Somewhat-Bullish,GE,0.329112,0.241204,Somewhat-Bullish
2024-07-26 13:31:41,"Nvidia, Lockheed Martin And 2 Other Stocks Insiders Are Selling - NVIDIA  ( NASDAQ:NVDA ) ",https://www.benzinga.com/news/24/07/39984491/nvidia-lockheed-martin-and-2-other-stocks-insiders-are-selling,"The Nasdaq 100 closed lower by more than 200 points during Thursday's session. Investors, meanwhile, focused on some notable insider trades. When insiders sell shares, it could be a preplanned sale, or could indicate their concern in the company's prospects or that they view the stock as being ...",www.benzinga.com,0.161903,Somewhat-Bullish,GE,0.214304,0.064818,Neutral
2024-07-26 21:58:00,3 Iconic Companies to Buy Stock in After Earnings,https://www.zacks.com/commentary/2310337/3-iconic-companies-to-buy-stock-in-after-earnings,"Glancing at the Zacks Rank #1 (Strong Buy) list, the stocks of three iconic companies are standing out after they were able to exceed Q2 earnings expectations.",www.zacks.com,0.350855,Bullish,GE,0.56415,0.47774,Bullish
2024-07-27 12:55:25,Activist Trian has a few levers to pull to build shareholder value at Solventum,https://www.cnbc.com/2024/07/27/activist-trian-has-a-few-levers-to-pull-to-build-shareholder-value-at-solventum.html,"Since its spinoff from 3M, Solventum has been under-covered and misunderstood by the market.",www.cnbc.com,0.265926,Somewhat-Bullish,GE,0.127795,0.110029,Neutral
2024-07-29 20:30:37,"Short seller Andrew Left surrenders on securities fraud charges in L.A., due in court",https://www.cnbc.com/2024/07/29/andrew-left-citron-capital-securities-fraud-los-angeles.html,A lawyer for Andrew Left predicted that the securities fraud prosecution against the Citron Capital boss will fail for multiple reasons.,www.cnbc.com,-0.130235,Neutral,GE,0.056407,0.0,Neutral
2024-07-31 22:19:00,Assess Industrial ETFs Post Q2 Earnings,https://www.zacks.com/stock/news/2313566/assess-industrial-etfs-post-q2-earnings,Look at Industrial ETFs as companies report mixed Q2 2024 earnings.,www.zacks.com,0.28017,Somewhat-Bullish,GE,0.249744,-0.011224,Neutral
2024-08-01 10:20:05,Should You Invest in the Industrial Select Sector SPDR ETF  ( XLI ) ?,https://www.zacks.com/stock/news/2313771/should-you-invest-in-the-industrial-select-sector-spdr-etf-xli,Sector ETF report for ...,www.zacks.com,0.177809,Somewhat-Bullish,GE,0.130217,0.070327,Neutral
2024-08-02 13:40:12,Why GE HealthCare Technologies  ( GEHC )  is a Top Value Stock for the Long-Term,https://www.zacks.com/stock/news/2315218/why-ge-healthcare-technologies-gehc-is-a-top-value-stock-for-the-long-term,"Whether you're a value, growth, or momentum investor, finding strong stocks becomes easier with the Zacks Style Scores, a top feature of the Zacks Premium research service.",www.zacks.com,0.428328,Bullish,GE,0.375251,0.362289,Bullish
2024-08-05 00:00:00,Automotive LED Light Market is Anticipated to Rise at CAGR of 8.6% to Reach US$ 19.05 Billion by 2034: Fact.MR Study,https://www.benzinga.com/pressreleases/24/08/g40151540/automotive-led-light-market-is-anticipated-to-rise-at-cagr-of-8-6-to-reach-us-19-05-billion-by-203,"Rockville, MD, Aug. 04, 2024 ( GLOBE NEWSWIRE ) -- As per an updated study published by Fact.MR, a leading market research and competitive intelligence provider, the global automotive LED light market is projected to reach a value of US$ 8.35 billion in 2024 and expand at a CAGR of 8.6% from ...",www.benzinga.com,0.453629,Bullish,GE,0.031529,0.069107,Neutral
2024-08-05 17:34:11,Wall Street's Most Accurate Analysts Spotlight On 3 Utilities Stocks Delivering High-Dividend Yields - Portland Gen Electric  ( NYSE:POR ) ,https://www.benzinga.com/news/24/08/40167784/wall-streets-most-accurate-analysts-spotlight-on-3-utilities-stocks-delivering-high-dividend-yields,"During times of turbulence and uncertainty in the markets, many investors turn to dividend-yielding stocks. These are often companies that have high free cash flows and reward shareholders with a high dividend payout.",www.benzinga.com,0.145968,Neutral,GE,0.109956,0.339599,Somewhat-Bullish
2024-08-07 07:57:51,Copymatic.ai Demonstrates AI Capabilities with Fully AI-Generated Blog,https://markets.businessinsider.com/news/stocks/copymatic-ai-demonstrates-ai-capabilities-with-fully-ai-generated-blog-1033647158,Copymatic.ai Demonstrates AI Capabilities with Fully ...,markets.businessinsider.com,0.499177,Bullish,GE,0.051551,0.259977,Somewhat-Bullish
2024-08-08 11:40:00,5 Fidelity Mutual Funds to Buy as Amid Recession Fears,https://www.zacks.com/stock/news/2318956/5-fidelity-mutual-funds-to-buy-as-amid-recession-fears,"Invest in Fidelity mutual funds like FELIX, FANIX, FNARX, FCLKX and FPHAX, amid a surge in recession worries.",www.zacks.com,0.212386,Somewhat-Bullish,GE,0.031907,0.046547,Neutral
2024-08-08 12:55:00,Biosensors Market Forecast to Grow at 8.0% CAGR from 2024 to 2031 | SkyQuest Technology,https://www.benzinga.com/pressreleases/24/08/g40252286/biosensors-market-forecast-to-grow-at-8-0-cagr-from-2024-to-2031-skyquest-technology,"Westford, USA, Aug. 08, 2024 ( GLOBE NEWSWIRE ) -- SkyQuest projects that the Biosensors market will attain a value of USD 53.59 billion by 2031, with a CAGR of 8.0% over the forecast period ( 2024-2031 ) . A high emphasis on sustainability has resulted in the integration of biology in technology.",www.benzinga.com,0.35059,Bullish,GE,0.072,0.0,Neutral
2024-08-08 13:10:00,Smart Manufacturing Market to Surpass $813.86 Billion by 2031 | SkyQuest Technology,https://www.benzinga.com/pressreleases/24/08/g40252924/smart-manufacturing-market-to-surpass-813-86-billion-by-2031-skyquest-technology,"Westford, USA, Aug. 08, 2024 ( GLOBE NEWSWIRE ) -- SkyQuest projects that the smart manufacturing market will attain a value of $813.86 Billion by 2031, with a CAGR of 15.3% over the forecast period ( 2024-2031 ) .",www.benzinga.com,0.389403,Bullish,GE,0.044551,0.0,Neutral
2024-08-08 22:10:30,"Stocks To Buy As World Temperatures Rise: July 2024 Was The Hottest Month Ever For Some Regions - Beacon Roofing Supply  ( NASDAQ:BECN ) , TopBuild  ( NYSE:BLD ) ",https://www.benzinga.com/news/24/08/40271960/stocks-to-buy-as-world-temperatures-rise-july-2024-was-the-hottest-month-ever-for-some-regions,"The summer of 2024 keeps on breaking temperature records. Globally, July 2024 was the second hottest July in history after July 2023, according to a Thursday report by the European Union's Copernicus Climate Change Service.",www.benzinga.com,0.229914,Somewhat-Bullish,GE,0.093289,0.0,Neutral
2024-08-09 13:30:00,Smart Grid Market to Reach USD 207.82 Billion by 2031 | SkyQuest Technology,https://www.benzinga.com/pressreleases/24/08/g40284616/smart-grid-market-to-reach-usd-207-82-billion-by-2031-skyquest-technology,"Westford, USA, Aug. 09, 2024 ( GLOBE NEWSWIRE ) -- SkyQuest projects that the Global Smart Grid Market will reach a value of USD 207.82 Billion by 2031, with a CAGR of 19.9% during the forecast period ( 2024-2031 ) .",www.benzinga.com,0.491554,Bullish,GE,0.049424,0.0,Neutral
2024-08-11 09:20:00,"Prediction: 1 Unstoppable Stock Could Join Microsoft, Apple, Nvidia, Alphabet, Amazon, and Meta in the $1 Trillion Club by 2034",https://www.fool.com/investing/2024/08/11/prediction-1-unstoppable-stock-hubspot-crm/,An ever-expanding market and years of experience in the field could propel this customer relationship management (CRM) specialist to new heights.,www.fool.com,0.291579,Somewhat-Bullish,GE,0.052455,0.092894,Neutral
2024-08-12 10:45:00,"These Were the 5 Biggest Companies in 2004, and Here Are the 5 Biggest Companies Now",https://www.fool.com/investing/2024/08/12/these-were-the-5-biggest-companies-in-2004-and-her/,A lot has changed in the stock market in 20 years.,www.fool.com,0.165572,Somewhat-Bullish,GE,0.215894,-0.134472,Neutral
2024-08-13 22:00:00,"Qifu Technology Announces Second Quarter and Interim 2024 Unaudited Financial Results, Announces Board Change and Raises Semi-Annual Dividend - Qifu Technology  ( NASDAQ:QFIN ) ",https://www.benzinga.com/pressreleases/24/08/g40354691/qifu-technology-announces-second-quarter-and-interim-2024-unaudited-financial-results-announces-bo,"SHANGHAI, Aug. 13, 2024 ( GLOBE NEWSWIRE ) -- Qifu Technology, Inc. QFIN HKEx: 3660 ) ) ) ( ""Qifu Technology"" or the ""Company"" ) , a leading Credit-Tech platform in China, today announced its unaudited financial results for the second quarter and six months ended June 30, 2024, announced board ...",www.benzinga.com,0.21156,Somewhat-Bullish,GE,0.008941,-0.003907,Neutral
2024-08-15 11:00:00,Next Hydrogen Reports Q2 2024 Financial Results,https://www.globenewswire.com/news-release/2024/08/15/2930791/0/en/Next-Hydrogen-Reports-Q2-2024-Financial-Results.html,"MISSISSAUGA, Ontario, Aug. 15, 2024 ( GLOBE NEWSWIRE ) -- Next Hydrogen Solutions Inc. ( the ""Company"" or ""Next Hydrogen"" ) ( TSXV:NXH, OTC:NXHSF ) , a designer and manufacturer of electrolyzers, is pleased to report its financial results for the second quarter ended June 30, 2024.",www.globenewswire.com,0.298849,Somewhat-Bullish,GE,0.104455,0.186429,Somewhat-Bullish
2024-08-16 07:30:00,Berkshire Hathaway Is Great. Here's Why You Shouldn't Buy It.,https://www.fool.com/investing/2024/08/16/berkshire-hathaway-is-great-heres-why-you-shouldnt/,"Berkshire Hathaway is an iconic investment choice on Wall Street, but it isn't going to be a good option for every investor. Here's why.",www.fool.com,0.069493,Neutral,GE,0.050359,-0.033022,Neutral
2024-08-16 10:45:00,"Berry and Glatfelter Announce Magnera Board of Director Appointments in Connection With Proposed Merger of Berry's Health, Hygiene and Specialties Global Nonwovens and Films Business With Glatfelter",https://www.globenewswire.com/news-release/2024/08/16/2931451/0/en/Berry-and-Glatfelter-Announce-Magnera-Board-of-Director-Appointments-in-Connection-With-Proposed-Merger-of-Berry-s-Health-Hygiene-and-Specialties-Global-Nonwovens-and-Films-Busines.html,"CHARLOTTE, N.C., Aug. 16, 2024 ( GLOBE NEWSWIRE ) -- Glatfelter Corporation ( NYSE: GLT ) , and Berry Global Group, Inc. ( NYSE: BERY ) today announce additional director designees for the board of directors for the combined company. The new directors will be appointed and will begin serving as ...",www.globenewswire.com,0.146993,Neutral,GE,0.009758,0.030859,Neutral
2024-08-16 10:45:46,"Berry and Glatfelter Announce Magnera Board of Director Appointments in Connection With Proposed Merger of Berry's Health, Hygiene and Specialties Global Nonwovens and Films Business With Glatfelter - Berry Global Gr  ( NYSE:BERY ) , Ecovyst  ( NYSE:ECVT ) ",https://www.benzinga.com/pressreleases/24/08/g40413382/berry-and-glatfelter-announce-magnera-board-of-director-appointments-in-connection-with-proposed-m,"CHARLOTTE, N.C., Aug. 16, 2024 ( GLOBE NEWSWIRE ) -- Glatfelter Corporation GLT, and Berry Global Group, Inc. BERY today announce additional director designees for the board of directors for the combined company.",www.benzinga.com,0.149281,Neutral,GE,0.009636,0.030018,Neutral
2024-08-17 03:14:27,Elon Musk's Biographer Cites Unnamed AI Expert To Note That Tesla Has 'Massive Edge On Bridge Between AI And Physical World' With Its Factories - Tesla  ( NASDAQ:TSLA ) ,https://www.benzinga.com/news/24/08/40427999/elon-musks-biographer-cites-unnamed-ai-expert-to-note-that-tesla-has-massive-edge-on-bridge-between,"EV giant Tesla Inc. TSLA has a massive edge on the bridge between AI and the physical world, thanks to its factories, Elon Musk's biographer Ashlee Vance said on Friday, citing an unnamed AI expert.",www.benzinga.com,0.137251,Neutral,GE,0.194242,0.113357,Neutral
2024-08-20 10:20:08,Should You Invest in the Invesco Aerospace & Defense ETF  ( PPA ) ?,https://www.zacks.com/stock/news/2324115/should-you-invest-in-the-invesco-aerospace-defense-etf-ppa,Sector ETF report for PPA ...,www.zacks.com,0.222252,Somewhat-Bullish,GE,0.129168,0.070052,Neutral
2024-08-23 10:15:00,3 Stocks That Can Help You to Get Richer in 2024,https://www.fool.com/investing/2024/08/23/3-stocks-that-can-help-you-to-get-richer-in-2024/,These stocks are down for reasons that won't last. Don't be surprised if they start to recover in the near future.,www.fool.com,0.259733,Somewhat-Bullish,GE,0.033751,0.053597,Neutral
2024-08-23 17:14:00,American Semiconductor  ( AMSC )  Up 79.3% YTD: Should You Buy the Stock?,https://www.zacks.com/stock/news/2326614/american-semiconductor-amsc-up-793-ytd-should-you-buy-the-stock,"American Semiconductor (AMSC) rides on the solid uptake of its grid interconnection solutions, licensed wind energy designs and electrical systems.",www.zacks.com,0.467799,Bullish,GE,0.086713,0.185873,Somewhat-Bullish
2024-08-24 15:05:00,"Meet the Supercharged Growth Stock That Could Join Apple, Microsoft, and Nvidia in the $3 Trillion Club by 2031",https://www.fool.com/investing/2024/08/24/meet-the-supercharged-growth-stock-that-could-join/,Strong growth and secular tailwinds should help drive this tech titan to new heights.,www.fool.com,0.33212,Somewhat-Bullish,GE,0.046273,0.169329,Somewhat-Bullish
2024-08-24 22:00:00,Prediction: These 2 Challenges Will Become Full-Blown Problems for McDonald's,https://www.fool.com/investing/2024/08/24/prediction-2-challenges-mcdonalds-problems/,"For years the business model worked well, but its franchisee/franchisor relationships have seemingly become lopsided.",www.fool.com,-0.036715,Neutral,GE,0.081138,0.043331,Neutral
2024-08-26 13:00:00,Zoom Appoints Mike Fenger to Board of Directors - Zoom Video Comms  ( NASDAQ:ZM ) ,https://www.benzinga.com/pressreleases/24/08/g40551477/zoom-appoints-mike-fenger-to-board-of-directors,"SAN JOSE, Calif., Aug. 26, 2024 ( GLOBE NEWSWIRE ) -- Zoom Video Communications, Inc. ZM announced that it has appointed Mike Fenger, vice president Worldwide Sales, Apple, as an independent director on Zoom's Board of Directors effective immediately.",www.benzinga.com,0.391567,Bullish,GE,0.167322,0.307951,Somewhat-Bullish
2024-08-27 13:00:00,Internet of Things  ( IoT )  Market: Optimized Operations Propel Growth to $1572.37 Billion | SkyQuest Technology,https://www.benzinga.com/pressreleases/24/08/g40575985/internet-of-things-iot-market-optimized-operations-propel-growth-to-1572-37-billion-skyquest-techn,"Westford USA, Aug. 27, 2024 ( GLOBE NEWSWIRE ) -- SkyQuest projects that Global Internet Of Things ( IoT ) Market will attain a value of USD 1572.37 Billion by 2031, with a CAGR of 19.4% over the forecast period ( 2024-2031 ) .",www.benzinga.com,0.366997,Bullish,GE,0.048621,0.0,Neutral
2024-08-28 15:00:42,Inquiry Into Comcast's Competitor Dynamics In Media Industry - Comcast  ( NASDAQ:CMCSA ) ,https://www.benzinga.com/insights/news/24/08/40604157/inquiry-into-comcasts-competitor-dynamics-in-media-industry,"In the dynamic and cutthroat world of business, conducting thorough company analysis is essential for investors and industry experts. In this article, we will undertake a comprehensive industry comparison, evaluating Comcast CMCSA and its primary competitors in the Media industry.",www.benzinga.com,0.30454,Somewhat-Bullish,GE,0.06179,0.005001,Neutral
2024-08-28 18:13:02,"Unlocking shareholder value through demergers, boosting profitability",https://www.business-standard.com/companies/news/unlocking-shareholder-value-through-demergers-boosting-profitability-124082801500_1.html,"Demerger strategies enable businesses to focus, grow, and boost investor returns ...",www.business-standard.com,0.454866,Bullish,GE,0.048133,0.188498,Somewhat-Bullish
