time,title,url,summary,source,overall_sentiment_score,overall_sentiment_label,ticker,ticker_relevance_score,ticker_sentiment_score,ticker_sentiment_label
2024-04-01 10:30:00,"Meet The Billionaire Bond Investor Behind Chelsea F.C., Springsteen's Songbook And The LA Dodgers",https://www.forbes.com/sites/maneetahuja/2024/04/01/meet-the-billionaire-bond-trader-behind-chelsea-fc-springsteens-songbook-and-the-la-dodgers/,"Meet The Billionaire Bond Trader Behind Chelsea F.C., Springsteen's Songbook And The LA Dodgers Forbes ...",www.forbes.com,0.151857,Somewhat-Bullish,JNJ,0.012506,0.050837,Neutral
2024-04-01 10:52:00,3 VALIC Mutual Funds for Consistent Returns,https://www.zacks.com/stock/news/2248136/3-valic-mutual-funds-for-consistent-returns,"Invests in VALIC Mutual Funds like VCAAX, VCULX and VBCVX for tax-efficient wealth growth.",www.zacks.com,0.271059,Somewhat-Bullish,JNJ,0.068306,0.048112,Neutral
2024-04-01 12:14:00,United Airlines Names Michelle Freyre to Board of Directors - PR Newswire,https://www.prnewswire.com/news-releases/united-airlines-names-michelle-freyre-to-board-of-directors-302104454.html,United Airlines Names Michelle Freyre to Board of Directors PR ...,www.prnewswire.com,0.477085,Bullish,JNJ,0.063763,0.059024,Neutral
2024-04-01 13:00:00,Spectral AI Appoints Jeremiah Sparks as Chief Commercialization Officer,https://www.globenewswire.com/news-release/2024/04/01/2855212/0/en/Spectral-AI-Appoints-Jeremiah-Sparks-as-Chief-Commercialization-Officer.html,Experienced Burn Industry Executive Champions Pivot to Commercialization Experienced Burn Industry Executive Champions Pivot to Commercialization ...,www.globenewswire.com,0.250795,Somewhat-Bullish,JNJ,0.052685,0.133004,Neutral
2024-04-01 14:01:00,Reasons to Add ShockWave Medical  ( SWAV )  to Your Portfolio Now,https://www.zacks.com/stock/news/2248484/reasons-to-add-shockwave-medical-swav-to-your-portfolio-now,ShockWave Medical (SWAV) continues to benefit from solid R&D endeavors and its commitment to clinical studies.,www.zacks.com,0.323832,Somewhat-Bullish,JNJ,0.056011,0.006001,Neutral
2024-04-01 14:30:20,Looking Into Johnson & Johnson's Recent Short Interest - Johnson & Johnson  ( NYSE:JNJ ) ,https://www.benzinga.com/insights/short-sellers/24/04/38024239/looking-into-johnson-johnsons-recent-short-interest,"Johnson & Johnson's JNJ short percent of float has risen 6.45% since its last report. The company recently reported that it has 15.84 million shares sold short, which is 0.66% of all regular shares that are available for trading.",www.benzinga.com,0.287737,Somewhat-Bullish,JNJ,0.209365,0.147012,Neutral
2024-04-01 15:00:00,"3 Reasons You Can Buy This ""Magnificent Seven"" Stock and Hold It Forever",https://www.fool.com/investing/2024/04/01/3-reasons-you-can-buy-this-magnificent-seven-stock/,"Buy and hold forever is a bold ask. However, Microsoft delivers across the board.",www.fool.com,0.252095,Somewhat-Bullish,JNJ,0.071357,0.140933,Neutral
2024-04-01 21:06:43,Why 3M Stock Was Moving Higher Today,https://www.fool.com/investing/2024/04/01/why-3m-stock-was-moving-higher-today/,Investors applauded the spin-off of its healthcare business.,www.fool.com,0.2628,Somewhat-Bullish,JNJ,0.138464,0.006257,Neutral
2024-04-02 12:00:00,AI ETFs: Q1 of 2024 Update,https://www.zacks.com/stock/news/2248900/ai-etfs-q1-of-2024-update,"The year 2023 was crucial in the Artificial Intelligence (AI) industry. So far this year, we have seen Apple's efforts to join the AI race more prudently, Amazon's billion dollar investment in AI start-up and Nvidia's efforts to foray into various industries with AI initiatives.",www.zacks.com,0.282198,Somewhat-Bullish,JNJ,0.10607,0.048514,Neutral
2024-04-02 14:40:00,"Cytokine Market Size is projected to reach USD 148.56 billion by 2031, growing at a CAGR of 8.40%: Straits Research",https://www.benzinga.com/pressreleases/24/04/g38049628/cytokine-market-size-is-projected-to-reach-usd-148-56-billion-by-2031-growing-at-a-cagr-of-8-40-st,"New York, United States, April 02, 2024 ( GLOBE NEWSWIRE ) -- A cytokine is a collection of proteins, peptides, or glycoproteins released by particular cells to regulate the development and function of the immune system and blood cells.",www.benzinga.com,-0.00724,Neutral,JNJ,0.035875,-0.067573,Neutral
2024-04-02 20:15:00,"Nanobiotix Announces Completion of Phase 1 Dose Escalation and NBTXR3 Recommended Phase 2 Dose for the Treatment of Inoperable, Recurrent Lung Cancer in Patients Amenable to Re-Irradiation",https://www.globenewswire.com/news-release/2024/04/02/2856479/0/en/Nanobiotix-Announces-Completion-of-Phase-1-Dose-Escalation-and-NBTXR3-Recommended-Phase-2-Dose-for-the-Treatment-of-Inoperable-Recurrent-Lung-Cancer-in-Patients-Amenable-to-Re-Irra.html,"PARIS and CAMBRIDGE, Mass., April 02, 2024 ( GLOBE NEWSWIRE ) -- NANOBIOTIX ( Euronext : NANO -- NASDAQ: NBTX - the ''Company'' ) , a late-clinical stage biotechnology company pioneering physics-based approaches to expand treatment possibilities for patients with cancer, today announced ...",www.globenewswire.com,0.081771,Neutral,JNJ,0.029654,0.045825,Neutral
2024-04-02 21:45:21,Johnson & Johnson  ( JNJ )  Stock Moves -0.03%: What You Should Know,https://www.zacks.com/stock/news/2249380/johnson-johnson-jnj-stock-moves--003-what-you-should-know,"The latest trading day saw Johnson & Johnson (JNJ) settling at $157.73, representing a -0.03% change from its previous close.",www.zacks.com,0.122368,Neutral,JNJ,0.568651,0.109284,Neutral
2024-04-03 04:00:00,Great Place To Work unveils Top 10 Best Workplaces in Singapore Healthcare and Biopharma™ 2024 - PR Newswire,https://www.prnewswire.com/apac/news-releases/great-place-to-work-unveils-top-10-best-workplaces-in-singapore-healthcare-and-biopharma-2024-302105205.html,Great Place To Work unveils Top 10 Best Workplaces in Singapore Healthcare and Biopharma™ 2024 PR ...,www.prnewswire.com,0.585696,Bullish,JNJ,0.108958,0.152036,Somewhat-Bullish
2024-04-03 12:50:11,These 2 Medical Stocks Could Beat Earnings: Why They Should Be on Your Radar,https://www.zacks.com/stock/news/2249582/these-2-medical-stocks-could-beat-earnings-why-they-should-be-on-your-radar,The Zacks Earnings ESP is a great way to find potential earnings surprises. Why investors should take advantage now.,www.zacks.com,0.38715,Bullish,JNJ,0.32478,0.367629,Bullish
2024-04-03 14:05:00,Major shareholder announcement - Swedbank Robur Fonder AB,https://www.globenewswire.com/news-release/2024/04/03/2857099/0/en/Major-shareholder-announcement-Swedbank-Robur-Fonder-AB.html,ANNOUNCEMENT NO. ...,www.globenewswire.com,0.124283,Neutral,JNJ,0.303175,0.088424,Neutral
2024-04-03 14:23:28,"5 Things to Know in Investing This Week - Boston Scientific  ( NYSE:BSX ) , Johnson & Johnson  ( NYSE:JNJ ) ",https://www.benzinga.com/news/24/04/38056085/5-things-to-know-in-investing-this-week,"The Personal Consumption Expenditures ( PCE ) Index is the preferred inflation metric for the Federal Reserve. This month's report came out during Good Friday when the markets are closed. Within hours, the hawks who favor higher rates and the doves who favor lower rates all claimed the report ...",www.benzinga.com,0.118043,Neutral,JNJ,0.046363,-0.074226,Neutral
2024-04-03 15:30:00,"Transformative Growth Expected In The Global Medical Equipment Market: Market Size To Reach $1,077 Billion By 2028 As Per The Business Research Company's Medical Equipment Global Market Report 2024",https://www.benzinga.com/pressreleases/24/04/g38072444/transformative-growth-expected-in-the-global-medical-equipment-market-market-size-to-reach-1-077-b,"LONDON, April 03, 2024 ( GLOBE NEWSWIRE ) -- As per The Business Research Company's Medical Equipment Global Market Report 2024, the medical equipment market has witnessed robust growth in recent years, with the market size expected to reach $775.42 billion in 2024, reflecting a compound annual ...",www.benzinga.com,0.338179,Somewhat-Bullish,JNJ,0.05133,0.126428,Neutral
2024-04-03 16:10:14,Will Johnson & Johnson  ( JNJ )  Beat Estimates Again in Its Next Earnings Report?,https://www.zacks.com/stock/news/2249996/will-johnson-johnson-jnj-beat-estimates-again-in-its-next-earnings-report,Johnson & Johnson (JNJ) has an impressive earnings surprise history and currently possesses the right combination of the two key ingredients for a likely beat in its next quarterly report.,www.zacks.com,0.351386,Bullish,JNJ,0.402618,0.498513,Bullish
2024-04-04 11:00:00,Time to Tap Healthcare ETFs on Nvidia's AI Ambition?,https://www.zacks.com/stock/news/2250231/time-to-tap-healthcare-etfs-on-nvidias-ai-ambition,"At Nvidia's last week's GTC AI conference, the company announced partnerships in the healthcare sector, representing a strategic move toward expanding its revenue streams beyond tech sectors.",www.zacks.com,0.194563,Somewhat-Bullish,JNJ,0.249531,0.152713,Somewhat-Bullish
2024-04-04 11:05:00,NextCure Appoints Dr. Rakesh Dixit to Scientific Advisory Board,https://www.globenewswire.com/news-release/2024/04/04/2857656/0/en/NextCure-Appoints-Dr-Rakesh-Dixit-to-Scientific-Advisory-Board.html,"BELTSVILLE, Md., April 04, 2024 ( GLOBE NEWSWIRE ) -- NextCure, Inc. ( Nasdaq: NXTC ) , a clinical-stage biopharmaceutical company committed to discovering and developing novel, first-in-class and best-in-class therapies to treat cancer, today announced the appointment of Rakesh Dixit, PhD, to ...",www.globenewswire.com,0.162362,Somewhat-Bullish,JNJ,0.065327,0.201503,Somewhat-Bullish
2024-04-04 11:30:00,Trinity Biotech Announces Fourth Quarter and Fiscal Year 2023 Financial Results & Business Updates,https://www.globenewswire.com/news-release/2024/04/04/2857682/8624/en/Trinity-Biotech-Announces-Fourth-Quarter-and-Fiscal-Year-2023-Financial-Results-Business-Updates.html,"DUBLIN, Ireland, April 04, 2024 ( GLOBE NEWSWIRE ) -- Trinity Biotech plc ( Nasdaq: TRIB ) , a commercial stage biotechnology company focused on diabetes management solutions and human diagnostics, including wearable biosensors, today announced results for the quarter ended December 31, 2023 and ...",www.globenewswire.com,0.130286,Neutral,JNJ,0.010366,0.059081,Neutral
2024-04-04 12:45:00,"Over 52 Million Myeloma Warriors Reached, Creating Ripples Across the Globe for #MyelomaACTIONMonth",https://www.benzinga.com/pressreleases/24/04/g38089871/over-52-million-myeloma-warriors-reached-creating-ripples-across-the-globe-for-myelomaactionmonth,"STUDIO CITY, Calif., April 04, 2024 ( GLOBE NEWSWIRE ) -- At the conclusion of this year's Myeloma Action Month, the International Myeloma Foundation ( IMF ) was truly grateful and overwhelmed by everyone's support in making the annual campaign a global success -with over 52 million reached in ...",www.benzinga.com,0.357125,Bullish,JNJ,0.020163,0.178796,Somewhat-Bullish
2024-04-05 01:02:00,Contineum Therapeutics Announces Pricing of Initial Public Offering,https://www.benzinga.com/pressreleases/24/04/g38103690/contineum-therapeutics-announces-pricing-of-initial-public-offering,"SAN DIEGO, April 04, 2024 ( GLOBE NEWSWIRE ) -- Contineum Therapeutics, Inc. ( Contineum ) , a clinical stage biopharmaceutical company focused on discovering and developing novel, oral small molecule therapies that target biological pathways associated with specific clinical impairments for the ...",www.benzinga.com,0.124562,Neutral,JNJ,0.051111,0.054974,Neutral
2024-04-05 10:55:00,Johnson & Johnson To Buy Shockwave Medical For $13.1 Billion,https://www.investors.com/news/technology/johnson-johnson-to-buy-shockwave-medical-13-1-billion/,"Dow Jones giant Johnson & Johnson ( JNJ ) said it would acquire Shockwave Medical ( SWAV ) for $13.1 billion, or $335 a share. Both stocks rose slightly early Friday. SWAV stock had surged 68% to 319.99 as of April 4 in 2024, with takeover speculation among the driving forces.",www.investors.com,0.116556,Neutral,JNJ,0.739411,-0.023317,Neutral
2024-04-05 11:06:49,Johnson & Johnson to buy equipment maker Shockwave Medical for $12.5 bn,https://www.business-standard.com/companies/news/johnson-johnson-to-buy-equipment-maker-shockwave-medical-for-12-5-bn-124040500649_1.html,"Johnson & Johnson on Friday agreed to buy Shockwave Medical for $12.5 billion, in a deal that would help broaden its portfolio of medical devices used in treating heart diseases.",www.business-standard.com,0.333493,Somewhat-Bullish,JNJ,0.327366,0.568925,Bullish
2024-04-05 11:12:00,Johnson & Johnson to Buy Shockwave Medical. It's a Cardio Health Play.,https://www.barrons.com/amp/articles/johnson-johnson-jnj-stock-shockwave-medical-de83a930,"Johnson & Johnson agreed to acquire medical-devices maker Shockwave Medical for a total enterprise value of about $13.1 billion. Johnson & Johnson will pay $335 a share in cash for Shockwave , J&J said in a statement Friday.",www.barrons.com,0.159966,Somewhat-Bullish,JNJ,0.727604,0.214185,Somewhat-Bullish
2024-04-05 12:05:00,Futures Bounce Ahead Of Jobs Report,https://www.investors.com/market-trend/stock-market-today/dow-jones-sp500-nasdaq-jobs-report-meta-stock-nvidia-nvda-tesla-tsla/,"Stock Market Today: Dow Jones Bounces Ahead Of Jobs Report. Meta, Nvidia, Tesla Rally Investor's Business Daily ...",www.investors.com,0.121747,Neutral,JNJ,0.079656,0.165989,Somewhat-Bullish
2024-04-05 12:35:20,"Johnson & Johnson Makes Yet Another Multi-Billion MedTech Deal With Shockwave Medical - Johnson & Johnson  ( NYSE:JNJ ) , Shockwave Medical  ( NASDAQ:SWAV ) ",https://www.benzinga.com/news/large-cap/24/04/38108776/johnson-johnson-makes-yet-another-multi-billion-medtech-deal-with-shockwave-medical,"Friday, Johnson & Johnson JNJ agreed to acquire Shockwave Medical Inc SWAV for $335.00 per share in cash, corresponding to an enterprise value of approximately $13.1 billion, including cash acquired.",www.benzinga.com,0.162565,Somewhat-Bullish,JNJ,0.700945,0.338851,Somewhat-Bullish
2024-04-05 12:56:00,J&J to pump another $13B into its MedTech business with Shockwave deal,https://apnews.com/article/johnsonshockwavemedtechdeal-fb308f70ee276b007fa759007913ee77,"Johnson & Johnson is pumping more money into heart care with a roughly $13 billion deal for Shockwave Medical, which specializes in technology that helps open clogged arteries. The health care giant said Friday that it will spend $335 in cash for each share of Shockwave.",apnews.com,0.234915,Somewhat-Bullish,JNJ,0.109455,0.282005,Somewhat-Bullish
2024-04-05 14:01:45,Johnson & Johnson Buys Shockwave For $13.1 Billion In Latest Cardio Deal,https://www.forbes.com/sites/tylerroush/2024/04/05/johnson--johnson-buys-shockwave-for-131-billion-in-latest-cardio-deal/,"Johnson & Johnson will acquire Shockwave Medical in a deal valued at $13.1 billion, according to a joint statement Friday, the latest acquisition by the pharmaceutical firm over the last two years as it expands on cardiovascular intervention.",www.forbes.com,0.151974,Somewhat-Bullish,JNJ,0.522854,0.298251,Somewhat-Bullish
2024-04-05 14:23:00,Stock market today: Wall Street gains ground following surprisingly strong US jobs report,https://apnews.com/article/stock-markets-inflation-cdeea722367b960f1a87b0b3d287fedd,Stock market today: Wall Street edges higher following surprisingly strong US jobs report The Associated Press ...,apnews.com,0.104508,Neutral,JNJ,0.072,0.152117,Somewhat-Bullish
2024-04-05 14:49:00,"Stock Market Heads Higher After Robust Jobs Data; Tech Rally Led By Amazon, AMD, Netflix",https://www.investors.com/market-trend/stock-market-today/dow-jones-nasdaq-sp500-nflx-stock-amazon-stock-amd-stock/,"Stock Market Heads Higher After Robust Jobs Data. Tech Rally Led By Amazon, AMD, Netflix Investor's Business Daily ...",www.investors.com,0.121495,Neutral,JNJ,0.123844,0.060651,Neutral
2024-04-05 15:45:00,"Uptrend Under Pressure; Tesla, Humana In Focus: Weekly Review",https://www.investors.com/news/market-rally-under-pressure-tesla-humana-in-focus/,"Uptrend Under Pressure. Tesla, Humana In Focus: Weekly Review Investor's Business Daily ...",www.investors.com,-0.056248,Neutral,JNJ,0.037213,0.038998,Neutral
2024-04-05 16:00:00,CURE Media Group and Oncology Nursing News announce Kristen Dahlgren as keynote speaker for the 2024 Extraordinary Healer® event,https://www.benzinga.com/pressreleases/24/04/g38113091/cure-media-group-and-oncology-nursing-news-announce-kristen-dahlgren-as-keynote-speaker-for-the-20,"CRANBURY, N.J., April 05, 2024 ( GLOBE NEWSWIRE ) -- CURE® Media Group, the industry-leading multimedia platform devoted to providing cancer updates and research to more than 1 million patients, survivors and caregivers, partners with Oncology Nursing News®, a multimedia platform dedicated to ...",www.benzinga.com,0.402117,Bullish,JNJ,0.047465,0.314033,Somewhat-Bullish
2024-04-05 17:44:28,"SHAREHOLDER INVESTIGATION: Halper Sadeh LLC Investigates SWAV, KTRA, ABIO - ARCA biopharma  ( NASDAQ:ABIO ) , Kintara Therapeutics  ( NASDAQ:KTRA ) ",https://www.benzinga.com/pressreleases/24/04/g38115003/shareholder-investigation-halper-sadeh-llc-investigates-swav-ktra-abio,"NEW YORK, April 05, 2024 ( GLOBE NEWSWIRE ) -- Halper Sadeh LLC, an investor rights law firm, is investigating the following companies for potential violations of the federal securities laws and/or breaches of fiduciary duties to shareholders relating to: Shockwave Medical, Inc.",www.benzinga.com,0.114747,Neutral,JNJ,0.118647,0.087791,Neutral
2024-04-05 18:01:00,Stocks Buck Strong Jobs Data; Nvidia Tests This Key Level As Tesla Falls On Stock Market Today,https://www.investors.com/market-trend/stock-market-today/dow-jones-sp500-nasdaq-tesla-stock-nvidia-stock/,Stocks Buck Strong Jobs Data. Nvidia Tests This Key Level As Tesla Falls Investor's Business Daily ...,www.investors.com,0.130705,Neutral,JNJ,0.127119,0.0,Neutral
2024-04-05 19:27:00,Acquisition Watch: Time to Buy Johnson & Johnson  ( JNJ )  or ShockWave Medical's  ( SWAV )  Stock?,https://www.zacks.com/commentary/2251416/acquisition-watch-time-to-buy-johnson-johnson-jnj-or-shockwave-medicals-swav-stock,News of healthcare behemoth Johnson & Johnson (JNJ) acquiring medical device company ShockWave Medical (SWAV) for $13.1 billion made headlines this morning.,www.zacks.com,0.287875,Somewhat-Bullish,JNJ,0.426824,0.364211,Bullish
2024-04-06 01:38:00,"SHAREHOLDER INVESTIGATION: Halper Sadeh LLC Investigates ADTH, NVEI, SWAV",https://www.prnewswire.com/news-releases/shareholder-investigation-halper-sadeh-llc-investigates-adth-nvei-swav-302109621.html,"NEW YORK, April 5, 2024 /PRNewswire/ -- Halper Sadeh LLC, an investor rights law firm, is investigating the following companies for potential violations of the federal securities laws and/or breaches of fiduciary duties to shareholders relating to: sale to Cadent, LLC for $3.21 per share.",www.prnewswire.com,0.160445,Somewhat-Bullish,JNJ,0.166169,0.11365,Neutral
2024-04-06 04:14:28,Wall Street indexes rise after strong jobs data,https://www.moneycontrol.com/news/business/markets/wall-street-indexes-rise-after-strong-jobs-data-12586721.html,"The Dow Jones Industrial Average rose 307.06 points, or 0.80%, to 38,904.04, the SP 500 gained 57.13 points, or 1.11%, to 5,204.34 and the Nasdaq Composite gained 199.44 points, or 1.24%, to 16,248.52.",www.moneycontrol.com,0.106364,Neutral,JNJ,0.09439,0.28044,Somewhat-Bullish
2024-04-06 12:15:00,Can a New CEO Fix Boeing?,https://www.fool.com/investing/2024/04/06/can-a-new-ceo-fix-boeing/,We also talk with e.l.f. Beauty CEO Tarang Amin about how the company is succeeding.,www.fool.com,0.187821,Somewhat-Bullish,JNJ,0.027763,0.016757,Neutral
2024-04-07 08:15:00,"Want $200 Per Month in Passive Income? Invest $80,000 in This Vanguard ETF",https://www.fool.com/investing/2024/04/07/want-200-per-month-in-passive-income-invest-80000/,Truly passive income is easy to find on the stock market.,www.fool.com,0.189723,Somewhat-Bullish,JNJ,0.073546,0.184822,Somewhat-Bullish
2024-04-07 12:01:43,"More Risks, More Opportunities: What's Next For Employers In Healthcare?",https://www.forbes.com/sites/gebai/2024/04/07/more-risks-more-opportunities-whats-next-for-employers-in-healthcare/,"More Risks, More Opportunities For Employers In Healthcare Forbes ...",www.forbes.com,0.201602,Somewhat-Bullish,JNJ,0.056674,-0.181224,Somewhat-Bearish
2024-04-07 14:46:11,Examining High Drug Costs In America. What You Need To Know,https://www.forbes.com/sites/omerawan/2024/04/07/examining-high-drug-costs-in-america-what-you-need-to-know/,"Soaring drug prices in America have left many Americans unable to pay for medications and treatments that could otherwise improve their health and well-being. 58 million Americans experience medication insecurity, or the inability to pay for a medication in the last 12 months, according to a ...",www.forbes.com,-0.026363,Neutral,JNJ,0.05234,-0.001997,Neutral
2024-04-07 18:30:00,Here's the $4.7 Trillion Market Nvidia Has Its Eyes on Now,https://www.fool.com/investing/2024/04/07/heres-the-47-trillion-market-nvidia-has-its-eyes-o/,The GPU maker hopes to make a bigger splash in a market that accounts for 18% of the U.S. GDP.,www.fool.com,0.206377,Somewhat-Bullish,JNJ,0.124486,0.051584,Neutral
2024-04-08 07:46:00,2 Dividend Stocks to Buy and Hold Forever,https://www.fool.com/investing/2024/04/08/2-dividend-stocks-to-buy-and-hold-forever/,These dividends are about as safe as they come.,www.fool.com,0.30126,Somewhat-Bullish,JNJ,0.377142,0.29538,Somewhat-Bullish
2024-04-08 09:01:32,"AstraZeneca, Daiichi drug gets broad tumor approval in US",https://www.moneycontrol.com/news/business/astrazeneca-daiichi-drug-gets-broad-tumor-approval-in-us-12599311.html,"The US Food and Drug Administration cleared the medicine for patients who have HER2-positive solid tumors that have spread or can't be removed with surgery, the company said. These patients have already received prior treatment and don't have any good alternatives.",www.moneycontrol.com,0.29451,Somewhat-Bullish,JNJ,0.179788,0.169819,Somewhat-Bullish
2024-04-08 11:30:50,Is Johnson & Johnson Stock A Better Pick Over AbbVie?,https://www.forbes.com/sites/greatspeculations/2024/04/08/is-johnson--johnson-stock-a-better-pick-over-abbvie/,We believe that the pharmaceuticals bellwether Johnson & Johnson ( NYSE: JNJ ) is currently a better pick over its peer AbbVie ( NYSE: ABBV ) .,www.forbes.com,0.238945,Somewhat-Bullish,JNJ,0.479258,0.317916,Somewhat-Bullish
2024-04-08 12:35:35,Johnson & Johnson's bone cancer drug gets USFDA nod,https://www.financialexpress.com/healthcare/pharma-healthcare/johnson-johnsons-bone-cancer-drug-gets-usfda-nod/3450386/,Johnson & Johnson on Monday announced that the US Food and Drug Administration ( FDA ) has approved Carvykti for the treatment of adult patients with relapsed or refractory multiple myeloma.,www.financialexpress.com,0.112501,Neutral,JNJ,0.229691,0.276282,Somewhat-Bullish
2024-04-08 13:18:00,J&J's  ( JNJ )  $13.1B Shockwave Deal to Boost MedTech Cardio,https://www.zacks.com/stock/news/2251822/jjs-jnj-131b-shockwave-deal-to-boost-medtech-cardio,J&J's (JNJ) proposed acquisition of Shockwave Medical (SWAV) is expected to strengthen its Medtech cardiovascular portfolio.,www.zacks.com,0.226455,Somewhat-Bullish,JNJ,0.279813,0.236789,Somewhat-Bullish
2024-04-08 13:40:00,FDA Expands J&J's  ( JNJ )  Carvykti Label in Multiple Myeloma,https://www.zacks.com/stock/news/2252028/fda-expands-jjs-jnj-carvykti-label-in-multiple-myeloma,"Following the label expansion, J&J's (JNJ) Carvykti is approved as a second-line treatment for adults with relapsed/refractory myeloma. It was initially approved for use as a fifth- or later-line treatment.",www.zacks.com,0.195249,Somewhat-Bullish,JNJ,0.297661,0.08288,Neutral
2024-04-08 14:15:00,"Dementia Drugs Market Size is projected to reach USD 26,795.69 million by 2030, growing at a CAGR of 7.95%: Straits Research",https://www.benzinga.com/pressreleases/24/04/g38143535/dementia-drugs-market-size-is-projected-to-reach-usd-26-795-69-million-by-2030-growing-at-a-cagr-o,"New York, United States, April 08, 2024 ( GLOBE NEWSWIRE ) -- Dementia is a term used to describe a group of symptoms that significantly impair memory, reasoning, and social abilities. The symptoms include cognitive and behavioral changes that worsen over time, making it difficult to perform even ...",www.benzinga.com,0.128975,Neutral,JNJ,0.0428,0.0,Neutral
2024-04-08 16:48:06,"BRODSKY & SMITH SHAREHOLDER UPDATE: Notifying Investors of the Following Investigations: Shockwave Medical, Inc.  ( Nasdaq - SWAV ) , Apartment Income REIT Corp.  ( NYSE - AIRC ) , Model N, Inc.  ( NYSE - MODN ) , ARCA biopharma, Inc.  ( Nasdaq - ABIO ) ",https://www.benzinga.com/pressreleases/24/04/g38146844/brodsky-smith-shareholder-update-notifying-investors-of-the-following-investigations-shockwave-med,"BALA CYNWYD, Pa., April 08, 2024 ( GLOBE NEWSWIRE ) -- Brodsky & Smith reminds investors of the following investigations. If you own shares and wish to discuss the investigation, contact Jason Brodsky ( jbrodsky@brodskysmith.com ) or Marc Ackerman ( mackerman@brodskysmith.com ) at 855-576-4847.",www.benzinga.com,0.184657,Somewhat-Bullish,JNJ,0.220141,0.188935,Somewhat-Bullish
2024-04-08 17:15:20,Fashion Workwear Brand Argent Helps Women In Every Field Drop-Kick The Glass Ceiling,https://www.forbes.com/sites/simonmainwaring/2024/04/08/fashion-workwear-brand-argent-helps-women-in-every-field-drop-kick-the-glass-ceiling/,"Ninety-nine percent of the partnership opportunities that nine-year-old women's fashion workwear brand Argent considers never get a yes. ""We've been really, really intentional with our collaborations,"" says CEO and founder Sali Christeson.",www.forbes.com,0.227684,Somewhat-Bullish,JNJ,0.034087,0.085167,Neutral
2024-04-08 17:23:25,"Shockwave Medical Stock Rises After Johnson & Johnson Buyout - Johnson & Johnson  ( NYSE:JNJ ) , Shockwave Medical  ( NASDAQ:SWAV ) ",https://www.benzinga.com/news/24/04/38142092/shockwave-medical-stock-rises-after-johnson-johnson-buyout,"Shockwave Medical Inc SWAV is in the spotlight today, after blue-chip pharmaceutical giant Johnson & Johnson JNJ announced it would buy the company for $13.1 billion, boosting its portfolio of cardiovascular disease treatment devices.",www.benzinga.com,0.16747,Somewhat-Bullish,JNJ,0.552443,0.128192,Neutral
2024-04-08 17:27:00,Bristol Myers  ( BMY )  Gets FDA Nod for Label Expansion of Abecma,https://www.zacks.com/stock/news/2252179/bristol-myers-bmy-gets-fda-nod-for-label-expansion-of-abecma,"Bristol Myers (BMY) wins FDA approval for CAR T cell immunotherapy, Abecma, in earlier lines of treatment for patients with relapsed or refractory multiple myeloma.",www.zacks.com,0.167625,Somewhat-Bullish,JNJ,0.080323,0.02769,Neutral
2024-04-08 17:27:09,"Johnson & Johnson's $13B Shockwave Medical Deal Accelerates MedTech Strategy, Analyst Says - Johnson & Johnson  ( NYSE:JNJ ) , Shockwave Medical  ( NASDAQ:SWAV ) ",https://www.benzinga.com/analyst-ratings/analyst-color/24/04/38147469/johnson-johnsons-13b-shockwave-medical-deal-accelerates-medtech-strategy-analyst-sa,"Johnson & Johnson JNJ agreed on Friday to acquire Shockwave Medical Inc SWAV for $335 per share in cash, corresponding to an enterprise value of approximately $13.1 billion, including cash acquired.",www.benzinga.com,0.333997,Somewhat-Bullish,JNJ,0.699089,0.422418,Bullish
2024-04-08 17:53:33,"Johnson & Johnson's $13B Shockwave Medical Deal Accelerates MedTech Strategy, Analyst Says",https://markets.businessinsider.com/news/stocks/johnson-johnson-s-13b-shockwave-medical-deal-accelerates-medtech-strategy-analyst-says-1033230884,"Johnson & Johnson ( NYSE:JNJ ) agreed on Friday to acquire Shockwave Medical Inc ( NASDAQ:SWAV ) for $335 per share in cash, corresponding to an enterprise value of approximately $13.1 billion, including cash acquired.",markets.businessinsider.com,0.293229,Somewhat-Bullish,JNJ,0.636698,0.41207,Bullish
2024-04-08 18:19:35,"Johnson & Johnson's Carvykti Stands Ahead Of Bristol Myers' Rival Blood Cancer Therapy With FDA Approval For Wider Population - Legend Biotech  ( NASDAQ:LEGN ) , Johnson & Johnson  ( NYSE:JNJ ) ",https://www.benzinga.com/analyst-ratings/analyst-color/24/04/38148467/johnson-johnsons-carvykti-stands-ahead-of-bristol-myers-rival-blood-cancer-therapy-,"Friday, the FDA approved Johnson & Johnson JNJ Carvykti ( ciltacabtagene autoleucel; cilta-cel ) for relapsed or refractory multiple myeloma patients who have received at least one prior line of therapy and are refractory to lenalidomide.",www.benzinga.com,0.294894,Somewhat-Bullish,JNJ,0.524949,0.393499,Bullish
2024-04-08 18:25:23,"SHAREHOLDER INVESTIGATION: Halper Sadeh LLC Investigates SWAV, AIRC, MODN, ABIO - Apartment Income REIT  ( NYSE:AIRC ) , ARCA biopharma  ( NASDAQ:ABIO ) ",https://www.benzinga.com/pressreleases/24/04/g38148577/shareholder-investigation-halper-sadeh-llc-investigates-swav-airc-modn-abio,"NEW YORK, April 08, 2024 ( GLOBE NEWSWIRE ) -- Halper Sadeh LLC, an investor rights law firm, is investigating the following companies for potential violations of the federal securities laws and/or breaches of fiduciary duties to shareholders relating to: Shockwave Medical, Inc.",www.benzinga.com,0.140451,Neutral,JNJ,0.107495,0.084635,Neutral
2024-04-08 21:31:00,Giant-Cell Arteritis Market to Showcase Positive Growth at a CAGR of 9.3% by 2034 | DelveInsight,https://www.prnewswire.com/news-releases/giant-cell-arteritis-market-to-showcase-positive-growth-at-a-cagr-of-9-3-by-2034--delveinsight-302110122.html,"The growth of the giant-cell arteritis market is expected to be mainly driven by the growing geriatric population, the rise in the prevalence of cardiovascular disorders, technological advancements in the healthcare industry, and others.",www.prnewswire.com,0.163381,Somewhat-Bullish,JNJ,0.022452,0.10608,Neutral
2024-04-08 21:50:21,Here's Why Johnson & Johnson  ( JNJ )  Fell More Than Broader Market,https://www.zacks.com/stock/news/2252223/heres-why-johnson-johnson-jnj-fell-more-than-broader-market,"In the latest trading session, Johnson & Johnson (JNJ) closed at $151.59, marking a -0.52% move from the previous day.",www.zacks.com,0.125033,Neutral,JNJ,0.524949,0.127572,Neutral
2024-04-09 08:21:00,3 Dividend Growth Stocks With Yields Above 3% That You Can Buy and Hold for the Next Decade,https://www.fool.com/investing/2024/04/09/3-dividend-growth-stocks-with-yields-above-3-that/,Income-seeking investors can look forward to steady payout raises from these pharma stocks.,www.fool.com,0.207428,Somewhat-Bullish,JNJ,0.166169,0.06886,Neutral
2024-04-09 12:00:00,"enGene Announces Hiring of Dr. Raj Pruthi as Senior Vice President, Urologic Oncology and Clinical Development",https://www.newswire.ca/news-releases/engene-announces-hiring-of-dr-raj-pruthi-as-senior-vice-president-urologic-oncology-and-clinical-development-814394436.html,"engender Announces Hiring of Dr. Raja Ruth as Senior Vice President, Urologic Oncology and Clinical Development Canada ...",www.newswire.ca,0.095171,Neutral,JNJ,0.036255,-0.037253,Neutral
2024-04-09 13:51:06,How's AT&T Handling Things?,https://www.fool.com/investing/2024/04/09/hows-att-handling-things/,"We've also got a look at 3M's spinoff, gold prices, and the beef industry.",www.fool.com,0.158747,Somewhat-Bullish,JNJ,0.023251,0.090942,Neutral
2024-04-09 14:00:16,Johnson & Johnson  ( JNJ )  Expected to Beat Earnings Estimates: Can the Stock Move Higher?,https://www.zacks.com/stock/news/2252668/johnson-johnson-jnj-expected-to-beat-earnings-estimates-can-the-stock-move-higher,Johnson & Johnson (JNJ) possesses the right combination of the two key ingredients for a likely earnings beat in its upcoming report. Get prepared with the key expectations.,www.zacks.com,0.171014,Somewhat-Bullish,JNJ,0.297061,0.155908,Somewhat-Bullish
2024-04-09 15:00:55,Assessing Johnson & Johnson's Performance Against Competitors In Pharmaceuticals Industry - Johnson & Johnson  ( NYSE:JNJ ) ,https://www.benzinga.com/insights/news/24/04/38165932/assessing-johnson-amp-johnsons-performance-against-competitors-in-pharmaceuticals-industry,"Amidst today's fast-paced and highly competitive business environment, it is crucial for investors and industry enthusiasts to conduct comprehensive company evaluations.",www.benzinga.com,0.225992,Somewhat-Bullish,JNJ,0.451494,0.345624,Somewhat-Bullish
2024-04-09 18:37:54,Healthy Returns: J&J cell therapy gains new edge over Bristol Myers rival,https://www.cnbc.com/2024/04/09/healthy-returns-jj-cell-therapy-gains-edge-over-bristol-myers-rival.html,"J&J's cell therapy is now approved for an earlier line of treatment than a competing drug from Bristol Myers. Meanwhile, a look at Mount Sinai's approach to AI.",www.cnbc.com,0.243915,Somewhat-Bullish,JNJ,0.031654,0.124731,Neutral
2024-04-10 08:57:00,Does Johnson & Johnson's Latest Acquisition Make It a No-Brainer Buy?,https://www.fool.com/investing/2024/04/10/jnj-stock-acquisition-make-no-brainer-buy/,"The company is hoping to expand, but is there enough here to attract growth investors?",www.fool.com,0.258978,Somewhat-Bullish,JNJ,0.498188,0.27869,Somewhat-Bullish
2024-04-10 12:30:12,What's Next For Johnson & Johnson Stock After A 6% Decline In A Month?,https://www.forbes.com/sites/greatspeculations/2024/04/10/whats-next-for-johnson--johnson-stock-after-a-6-decline-in-a-month/,Johnson & Johnson ( NYSE: JNJ ) recently announced its plans to acquire Shockwave Medical for $13 billion. Shockwave will help J&J extend its offerings in the cardiovascular intervention market.,www.forbes.com,0.196042,Somewhat-Bullish,JNJ,0.540646,0.264582,Somewhat-Bullish
2024-04-10 12:50:11,Want Better Returns? Don?t Ignore These 2 Medical Stocks Set to Beat Earnings,https://www.zacks.com/stock/news/2253135/want-better-returns-dont-ignore-these-2-medical-stocks-set-to-beat-earnings,Finding stocks expected to beat quarterly earnings estimates becomes an easier task with our Zacks Earnings ESP.,www.zacks.com,0.316925,Somewhat-Bullish,JNJ,0.263231,0.22947,Somewhat-Bullish
2024-04-10 13:25:00,SWAV Alert: Monsey Firm of Wohl & Fruchter Investigating Fairness of the Sale of Shockwave Medical to Johnson & Johnson - Shockwave Medical  ( NASDAQ:SWAV ) ,https://www.benzinga.com/pressreleases/24/04/g38182933/swav-alert-monsey-firm-of-wohl-fruchter-investigating-fairness-of-the-sale-of-shockwave-medical-to,"MONSEY, N.Y., April 10, 2024 ( GLOBE NEWSWIRE ) -- The law firm of Wohl & Fruchter LLP is investigating the fairness of the price of $335.00 per share in cash for which Shockwave Medical, Inc. SWAV ( ""Shockwave"" ) has agreed to be sold to Johnson & Johnson.",www.benzinga.com,0.217316,Somewhat-Bullish,JNJ,0.255641,0.207687,Somewhat-Bullish
2024-04-10 13:30:00,"Boston Scientific  ( BSX )  Faces Rising Costs, Competition",https://www.zacks.com/stock/news/2253274/boston-scientific-bsx-faces-rising-costs-competition,"With Boston Scientific (BSX) recording 40% of its sales from the international market, it remains highly exposed to currency fluctuations.",www.zacks.com,0.076668,Neutral,JNJ,0.055881,0.061889,Neutral
2024-04-10 14:47:51,The Pharmaceutical Industry Finds Itself At A Historical Crossroads - Bristol-Myers Squibb  ( NYSE:BMY ) ,https://www.benzinga.com/markets/penny-stocks/24/04/38184861/the-pharmaceutical-industry-finds-itself-at-a-historical-crossroads,"Bristol Myers Squibb BMY, Merck & Co Inc MRK, Pfizer Inc PFE and Johnson & JohnsonJNJ are facing the so-called patent cliffs which imply revenue of tens of billions of dollars between now and and the end of this decade is at risk.",www.benzinga.com,0.110152,Neutral,JNJ,0.231332,0.32013,Somewhat-Bullish
2024-04-10 14:50:00,"Major shareholder announcement - BlackRock, Inc.",https://www.globenewswire.com/news-release/2024/04/10/2860909/0/en/Major-shareholder-announcement-BlackRock-Inc.html,ANNOUNCEMENT NO. ...,www.globenewswire.com,0.139893,Neutral,JNJ,0.235823,0.072083,Neutral
2024-04-10 15:10:00,What's in Store for Dow ETFs in Q1 Earnings?,https://www.zacks.com/stock/news/2253459/whats-in-store-for-dow-etfs-in-q1-earnings,"Of the 16 Zacks sectors, eight are expected to post earnings growth in the first quarter, with the strongest gains in the Technology sector (19.4%).",www.zacks.com,0.184339,Somewhat-Bullish,JNJ,0.133841,0.055541,Neutral
2024-04-10 22:52:08,InnovationRx: $90 Million To Make Drugs In Space,https://www.forbes.com/sites/katiejennings/2024/04/10/innovationrx-90-million-to-make-drugs-in-space/,"InnovationRx is your weekly digest of healthcare news. To get it in your inbox, subscribe here. ess than a month after the company released the results of its first drug manufacturing experiment, Varda Space announced that it has raised a $90 million series B round, bringing its total investments ...",www.forbes.com,0.106833,Neutral,JNJ,0.058759,0.107994,Neutral
2024-04-11 06:00:00,INVESTOR CALL: Virtualware's CEO to present Annual Report to shareholders,https://www.globenewswire.com/news-release/2024/04/11/2861246/0/en/INVESTOR-CALL-Virtualware-s-CEO-to-present-Annual-Report-to-shareholders.html,"Bilbao, April 11 - Spanish listed company Virtualware ( EPA:MLVIR ) , European leader in the industrial virtual reality sector, invites its shareholders to a meeting to review the Annual Results and Auditors' Report for the 2023 financial year.",www.globenewswire.com,0.199161,Somewhat-Bullish,JNJ,0.062271,0.118042,Neutral
2024-04-11 10:14:41,Why Rallybio Shares Are Trading Higher By Around 78%; Here Are 20 Stocks Moving Premarket - Rallybio  ( NASDAQ:RLYB ) ,https://www.benzinga.com/news/24/04/38197762/why-rallybio-shares-are-trading-higher-by-around-78-here-are-20-stocks-moving-premarket,Shares of Rallybio Corporation RLYB rose sharply in today's pre-market trading after the company announced a collaboration with Johnson & Johnson to advance therapeutics for pregnant individuals at risk of FNAIT. Rallybio shares jumped rose 77.9% to $2.90 in pre-market trading.,www.benzinga.com,0.065994,Neutral,JNJ,0.079392,-0.062998,Neutral
2024-04-11 10:45:36,"Boston Scientific  ( BSX )  Faces Rising Costs, Competition - Boston Scientific  ( NYSE:BSX ) , Cardinal Health  ( NYSE:CAH ) ",https://www.benzinga.com/news/24/04/38185400/boston-scientific-bsx-faces-rising-costs-competition,Boston Scientific Corporation BSX has been struggling due to unfavorable currency movement and macroeconomic woes. Strong competitors in the large medical device market also pose a tough challenge for Boston Scientific. The stock carries a Zacks Rank #4 ( Sell ) currently.,www.benzinga.com,0.091136,Neutral,JNJ,0.055364,0.061864,Neutral
2024-04-11 12:41:00,Nike Stock Jumps On Upgrade As Estimates 'Finally Look Achievable' Ahead Of Paris Olympics,https://www.investors.com/news/nike-stock-upgrade-to-buy-paris-olympics/,"Nike stock rose early Thursday after the Dow Jones sports apparel behemoth received an upgrade from BofA Securities, citing the Paris Olympics as a catalyst. Rival sports retailers and footwear stocks were mixed Thursday morning.",www.investors.com,0.214378,Somewhat-Bullish,JNJ,0.156461,0.260882,Somewhat-Bullish
2024-04-11 13:00:14,Investors Heavily Search Johnson & Johnson  ( JNJ ) : Here is What You Need to Know,https://www.zacks.com/stock/news/2253803/investors-heavily-search-johnson-johnson-jnj-here-is-what-you-need-to-know,"Zacks.com users have recently been watching Johnson & Johnson (JNJ) quite a bit. Thus, it is worth knowing the facts that could determine the stock's prospects.",www.zacks.com,0.226684,Somewhat-Bullish,JNJ,0.477606,0.133274,Neutral
2024-04-11 13:15:16,Unlocking Q1 Potential of Johnson & Johnson  ( JNJ ) : Exploring Wall Street Estimates for Key Metrics,https://www.zacks.com/stock/news/2253845/unlocking-q1-potential-of-johnson-johnson-jnj-exploring-wall-street-estimates-for-key-metrics,"Looking beyond Wall Street's top -and-bottom-line estimate forecasts for Johnson & Johnson (JNJ), delve into some of its key metrics to gain a deeper insight into the company's potential performance for the quarter ended March 2024.",www.zacks.com,0.079488,Neutral,JNJ,0.33446,0.078904,Neutral
2024-04-11 13:27:04,"Rare Disease-Focused Rallybio Inks Development Pact With Johnson & Johnson, Stock Shoots Higher - Rallybio  ( NASDAQ:RLYB ) , Johnson & Johnson  ( NYSE:JNJ ) ",https://www.benzinga.com/general/biotech/24/04/38202543/rare-disease-focused-rallybio-inks-development-pact-with-johnson-johnson-stock-shoots-higher,Rallybio Corporation RLYB shares are trading higher after the company announced a collaboration with Johnson & Johnson JNJ to support the development of complementary therapeutic approaches aimed at reducing the risk of fetal and neonatal alloimmune thrombocytopenia ( FNAIT ) .,www.benzinga.com,0.097815,Neutral,JNJ,0.487546,0.278135,Somewhat-Bullish
2024-04-11 13:41:48,"Nasdaq Gains Over 50 Points; US Producer Prices Increase In March - Aptevo Therapeutics  ( NASDAQ:APVO ) , ClearOne  ( NASDAQ:CLRO ) ",https://www.benzinga.com/news/earnings/24/04/38202938/nasdaq-gains-over-50-points-us-producer-prices-increase-in-march,"U.S. stocks traded mostly higher this morning, following the release of PPI data. Following the market opening Thursday, the Dow traded up 0.03% to 38,472.80 while the NASDAQ rose 0.40% to 16,234.94. The S&P 500 also rose, gaining, 0.17% to 5,169.21. Real estate shares rose by 0.6% on Thursday.",www.benzinga.com,0.153705,Somewhat-Bullish,JNJ,0.090134,0.004235,Neutral
2024-04-11 14:01:51,"Enliven Therapeutics, Alpine Immune Sciences, Janux Therapeutics And Other Big Stocks Moving Higher On Thursday - Janux Therapeutics  ( NASDAQ:JANX ) , Alpine Immune Sciences  ( NASDAQ:ALPN ) , Enliven Therapeutics  ( NASDAQ:ELVN ) ",https://www.benzinga.com/news/24/04/38203373/enliven-therapeutics-alpine-immune-sciences-janux-therapeutics-and-other-big-stocks-moving-higher-on,"U.S. stocks were mixed, with the Dow Jones index falling over 50 points on Thursday. Shares of Enliven Therapeutics, Inc. ELVN rose sharply during Thursday's session. Enliven Therapeutics announced proof of concept data from Phase 1 clinical trial of ELVN-001 in chronic myeloid leukemia.",www.benzinga.com,0.231304,Somewhat-Bullish,JNJ,0.126119,0.112302,Neutral
2024-04-11 14:02:40,"5 Things To Know In Investing This Week - The Shockwave Takeover Issue - Johnson & Johnson  ( NYSE:JNJ ) , Shockwave Medical  ( NASDAQ:SWAV ) ",https://www.benzinga.com/economics/24/04/38203421/5-things-to-know-in-investing-this-week-the-shockwave-takeover-issue,"The Shockwave offer that DKI predicted in December happened this week with Johnson & Johnson JNJagreeing to pay $335 per share in cash. DKI subscribers celebrated! The PMI came in hot. Don't want to read the details? The conclusion is ""higher for longer"".",www.benzinga.com,0.085151,Neutral,JNJ,0.104047,0.080569,Neutral
2024-04-11 15:38:08,How To Get Steady Income: 6 Best Monthly Dividend ETFs,https://www.forbes.com/sites/investor-hub/article/best-monthly-dividend-etfs/,"Dividend exchange-traded funds are the ultimate in passive income. You do the work upfront to evaluate the fund's strategy, then monitor results and count the money that's flowing in. And since the payout drops to your account monthly, it's almost like earning a paycheck-without the boss, ...",www.forbes.com,0.208298,Somewhat-Bullish,JNJ,0.029989,0.262267,Somewhat-Bullish
2024-04-11 15:55:35,Dow Dips 100 Points; CarMax Earnings Miss Views - CarMax  ( NYSE:KMX ) ,https://www.benzinga.com/news/24/04/38206191/dow-dips-100-points-carmax-earnings-miss-views,"U.S. stocks traded mixed midway through trading, with the Dow Jones index falling around 100 points on Thursday. The Dow traded down 0.35% to 38,328.18 while the NASDAQ rose 0.50% to 16,251.71. The S&P 500 also rose, gaining, 0.03% to 5,162.19.Check This Out: How To Earn $500 A Month From ...",www.benzinga.com,0.058409,Neutral,JNJ,0.076358,0.004099,Neutral
2024-04-11 19:21:09,"Nasdaq Jumps 250 Points; Crude Oil Down 1% - Aptevo Therapeutics  ( NASDAQ:APVO ) , Eliem Therapeutics  ( NASDAQ:ELYM ) ",https://www.benzinga.com/news/earnings/24/04/38210186/nasdaq-jumps-250-points-crude-oil-down-1,"U.S. stocks traded higher toward the end of trading, with the Nasdaq Composite surging more than 250 points on Thursday. The Dow traded up 0.18% to 38,532.50 while the NASDAQ rose 1.63% to 16,433.83. The S&P 500 also rose, gaining, 0.83% to 5,203.26. Information technology shares rose by 2.2% on ...",www.benzinga.com,0.12088,Neutral,JNJ,0.076847,0.004103,Neutral
2024-04-12 09:32:49,Why NextPlat Shares Are Trading Higher By Around 30%; Here Are 20 Stocks Moving Premarket - NextPlat  ( NASDAQ:NXPL ) ,https://www.benzinga.com/news/24/04/38216687/why-nextplat-shares-are-trading-higher-by-around-30-here-are-20-stocks-moving-premarket,"Shares of NextPlat Corp NXPL rose sharply in today's pre-market trading after the company reported consolidated 2023 revenues of $37.8 million, up 222% year over year NextPlat shares surged 29.8% to $1.96 in pre-market trading. Here are some other stocks moving in pre-market trading.",www.benzinga.com,0.113426,Neutral,JNJ,0.066598,-0.076626,Neutral
2024-04-12 12:00:00,5 Dividend Kings That Yield More Than Vanguard's Top Value ETF,https://www.fool.com/investing/2024/04/12/5-dividend-kings-yield-more-vanguard-value-etf/,"Despite a thriving bull market, some Dividend Kings still yield more than the Vanguard Value ETF's 2.4% payout.",www.fool.com,0.176571,Somewhat-Bullish,JNJ,0.157227,0.213626,Somewhat-Bullish
2024-04-12 12:55:00,Clarification of guidance for revenue and lower than expected operating profit in the 2023/24 financial year,https://www.globenewswire.com/news-release/2024/04/12/2862169/0/en/Clarification-of-guidance-for-revenue-and-lower-than-expected-operating-profit-in-the-2023-24-financial-year.html,ANNOUNCEMENT NO. ...,www.globenewswire.com,0.02788,Neutral,JNJ,0.172097,0.056654,Neutral
2024-04-12 13:09:00,J&J  ( JNJ )  to Begin Pharma Q1 Earnings Season: What's in Store?,https://www.zacks.com/stock/news/2254365/jj-jnj-to-begin-pharma-q1-earnings-season-whats-in-store,J&J's (JNJ) Innovative Medicines unit sales are expected to have been driven by drugs like Darzalex and Stelara. Surgical procedure recovery and new products are likely to have driven MedTech sales.,www.zacks.com,0.154225,Somewhat-Bullish,JNJ,0.214462,0.081496,Neutral
2024-04-12 15:26:13,"'s 'Stock Whisper' Index: 5 Stocks Investors Secretly Monitor But Don't Talk About Yet - Constellation Energy  ( NASDAQ:CEG ) , Chipotle Mexican Grill  ( NYSE:CMG ) ",https://www.benzinga.com/general/biotech/24/04/38223087/benzingas-stock-whisper-index-5-stocks-investors-secretly-monitor-but-dont-talk-about-yet,"Each week, Benzinga's Stock Whisper Index uses a combination of proprietary data and pattern recognition to showcase five stocks just under the surface and warrant attention. Investors are constantly on the hunt for undervalued, under-followed and emerging stocks.",www.benzinga.com,0.301317,Somewhat-Bullish,JNJ,0.223866,0.403267,Bullish
2024-04-12 19:00:00,3 Quarterly Releases to Watch Next Week,https://www.zacks.com/stock/news/2254814/3-quarterly-releases-to-watch-next-week,"Earnings season is always an exciting time for investors, with companies finally revealing what's transpired behind closed doors. And concerning next week's docket, these three notable companies are scheduled to report.",www.zacks.com,0.159859,Somewhat-Bullish,JNJ,0.45825,0.382737,Bullish
2024-04-12 20:28:00,The Q1 Earnings Season Kicks off Positively,https://www.zacks.com/commentary/2254820/the-q1-earnings-season-kicks-off-positively,"We see the Q1 results from the major banks as good enough. not great, but definitely not bad either. Next week, the cycle picks up notable steam, with 41 S&P 500 companies on the reporting docket. How will the market react?",www.zacks.com,0.173813,Somewhat-Bullish,JNJ,0.035035,0.049152,Neutral
2024-04-12 21:45:20,Johnson & Johnson  ( JNJ )  Stock Moves -0.85%: What You Should Know,https://www.zacks.com/stock/news/2254838/johnson-johnson-jnj-stock-moves--085-what-you-should-know,"The latest trading day saw Johnson & Johnson (JNJ) settling at $147.52, representing a -0.85% change from its previous close.",www.zacks.com,0.147783,Neutral,JNJ,0.517534,0.186145,Somewhat-Bullish
2024-04-12 21:54:00,"Netflix, Goldman Sachs And The Bitcoin Halving: Investing Action Plan",https://www.investors.com/research/investing-action-plan/netflix-goldman-sachs-and-the-bitcoin-halving-investing-action-plan/,"A seesaw week took a turn for the better, then slammed into a financial-sector sell-off on Friday, following JPMorgan's earnings report. Goldman Sachs ( GS ) , Charles Schwab ( SCHW ) and Bank of America ( BAC ) are next up, with earnings due early in the week.",www.investors.com,0.128234,Neutral,JNJ,0.066877,0.187188,Somewhat-Bullish
2024-04-14 10:15:00,"If You Like This High-Yield Vanguard Fund, Then You'll Love These Two Dividend Stocks",https://www.fool.com/investing/2024/04/14/high-yield-vanguard-fund-etf-dividend-stocks-buy/,Boost your passive income in a way that's right for you.,www.fool.com,0.250757,Somewhat-Bullish,JNJ,0.038906,-0.012684,Neutral
2024-04-14 11:00:00,Inflation And Banks Drag Stocks Lower Despite Earnings,https://www.forbes.com/sites/bill_stone/2024/04/14/inflation-and-banks-drag-stocks-lower-despite-earnings/,"The earnings season began slowly last week, with only 10 S&P 500 companies reporting. Banks were a large contingent of the reporters, which boosted the sector's earnings expectations for the quarter as all the banks reported better-than-expected earnings.",www.forbes.com,0.07374,Neutral,JNJ,0.092927,0.0,Neutral
2024-04-14 11:30:00,Americans are savings less these days. Here's why and what that means | Business,https://www.cnn.com/2024/04/14/economy/stocks-week-ahead-americans-savings-less-economy-spending/index.html,Americans are saving less these days. Here's why and what that means ...,www.cnn.com,0.079323,Neutral,JNJ,0.035768,-0.055057,Neutral
2024-04-15 06:15:00,DIGITAL THERAPEUTICS STARTUP RESPIREE™ ANNOUNCES INCORPORATION IN US WITH RESIDENCY AT JLABS @ SAN FRANCISCO,https://www.prnewswire.com/news-releases/digital-therapeutics-startup-respiree-announces-incorporation-in-us-with-residency-at-jlabs--san-francisco-302116419.html,DIGITAL THERAPEUTICS STARTUP RESPIREE™ ANNOUNCES INCORPORATION IN US WITH RESIDENCY AT ... PR ...,www.prnewswire.com,0.299621,Somewhat-Bullish,JNJ,0.111488,0.04384,Neutral
2024-04-15 10:20:06,Should You Invest in the iShares U.S. Pharmaceuticals ETF  ( IHE ) ?,https://www.zacks.com/stock/news/2254978/should-you-invest-in-the-ishares-us-pharmaceuticals-etf-ihe,Sector ETF report for ...,www.zacks.com,0.14492,Neutral,JNJ,0.13347,0.064047,Neutral
2024-04-15 12:03:00,"BRODSKY & SMITH SHAREHOLDER UPDATE: Notifying Investors of the Following Investigations: Shockwave Medical, Inc.  ( Nasdaq - SWAV ) , Apartment Income REIT Corp.  ( NYSE - AIRC ) , Model N, Inc.  ( NYSE - MODN ) , ARCA biopharma, Inc.  ( Nasdaq - ABIO ) ",https://www.benzinga.com/pressreleases/24/04/g38246103/brodsky-smith-shareholder-update-notifying-investors-of-the-following-investigations-shockwave-med,"BALA CYNWYD, Pa., April 15, 2024 ( GLOBE NEWSWIRE ) -- Brodsky & Smith reminds investors of the following investigations. If you own shares and wish to discuss the investigation, contact Jason Brodsky ( jbrodsky@brodskysmith.com ) or Marc Ackerman ( mackerman@brodskysmith.com ) at 855-576-4847.",www.benzinga.com,0.184657,Somewhat-Bullish,JNJ,0.220141,0.188935,Somewhat-Bullish
2024-04-15 12:19:00,5 U.S. Bigwigs Likely to Gain on Q1 Earnings Beat This Week,https://www.zacks.com/stock/news/2255174/5-us-bigwigs-likely-to-gain-on-q1-earnings-beat-this-week,"We have narrowed our search to five large-cap stocks that are poised to beat on earnings results this week. These are: BAC, JNJ, UAL, PNC, BK.",www.zacks.com,0.214559,Somewhat-Bullish,JNJ,0.163909,0.220212,Somewhat-Bullish
2024-04-15 12:38:51,"SHAREHOLDER INVESTIGATION: Halper Sadeh LLC Investigates SWAV, AIRC, ABIO, MODN - ARCA biopharma  ( NASDAQ:ABIO ) , Apartment Income REIT  ( NYSE:AIRC ) ",https://www.benzinga.com/pressreleases/24/04/g38247066/shareholder-investigation-halper-sadeh-llc-investigates-swav-airc-abio-modn,"NEW YORK, April 15, 2024 ( GLOBE NEWSWIRE ) -- Halper Sadeh LLC, an investor rights law firm, is investigating the following companies for potential violations of the federal securities laws and/or breaches of fiduciary duties to shareholders relating to: Shockwave Medical, Inc.",www.benzinga.com,0.140451,Neutral,JNJ,0.107495,0.084635,Neutral
2024-04-15 13:02:00,"JPMorgan, Citigroup and even Wells Fargo are part of Zacks Earnings Preview",https://www.zacks.com/stock/news/2255080/jpmorgan-citigroup-and-even-wells-fargo-are-part-of-zacks-earnings-preview,"Chicago, IL - April 15, 2024 - Zacks.com releases the list of companies likely to issue earnings surprises. This week's list includes JPMorgan ( JPM Quick QuoteJPM - ) , Citigroup ( C Quick QuoteC - ) and even Wells Fargo ( WFC Quick QuoteWFC - ) .",www.zacks.com,0.192295,Somewhat-Bullish,JNJ,0.037387,0.049646,Neutral
2024-04-15 14:06:00,Should You Buy Johnson & Johnson  ( JNJ )  Ahead of Earnings?,https://www.zacks.com/stock/news/2255431/should-you-buy-johnson-johnson-jnj-ahead-of-earnings,Johnson & Johnson (JNJ) is seeing favorable earnings estimate revision activity and has a positive Zacks Earnings ESP heading into earnings season.,www.zacks.com,0.461543,Bullish,JNJ,0.864226,0.593731,Bullish
2024-04-15 14:23:40,3 Blue Chip Stocks For Your April 2024 Watchlist,https://stockmarket.com/featured/3-blue-chip-stocks-for-your-april-2024-watchlist-2024-04-15,"The stock market serves as a central hub where investors can buy, sell, and trade shares of publicly traded companies. It is a key component of the global economy, reflecting the financial health and trends of industries and entire countries.",stockmarket.com,0.286426,Somewhat-Bullish,JNJ,0.274628,0.210041,Somewhat-Bullish
2024-04-15 14:32:00,Johnson & Johnson to Report Earnings as Talc Issues Loom,https://www.barrons.com/amp/articles/johnson-jnj-earnings-stock-price-51a43535,Johnson & Johnson Reports Earnings Tuesday. What to Expect. ...,www.barrons.com,-0.026624,Neutral,JNJ,0.68039,-0.179753,Somewhat-Bearish
2024-04-15 18:42:59,"Medical Device Manufacture Integer To Gain From Expanding Pulsed Field Ablation Market, Earns Upgrade From BofA Why Is Medical Device Manufacture Integer Stock Gaining Today? - Integer Holdings  ( NYSE:ITGR ) ",https://www.benzinga.com/analyst-ratings/analyst-color/24/04/38256857/medical-device-manufacture-integer-to-gain-from-expanding-pulsed-field-ablation-mar,"BofA Securities upgraded Integer Holdings Corporation ITGR, citing the anticipated growth in pulsed field ablation ( PFA ) for treating atrial fibrillation. Integer is one of the largest medical device outsourcing manufacturers, serving the cardiac rhythm management, neuromodulation, ...",www.benzinga.com,0.286622,Somewhat-Bullish,JNJ,0.215894,0.0,Neutral
2024-04-15 20:23:00,Another Ugly Reversal; Tesla Dives On 'Dark Day',https://www.investors.com/market-trend/stock-market-today/dow-jones-futures-market-reversal-nvidia-slides-tesla-tumbles/,"Dow Jones Futures: Another Ugly Market Reversal. Nvidia Skids, Tesla Tumbles On 'Dark Day' Investor's Business Daily ...",www.investors.com,-0.112639,Neutral,JNJ,0.065327,-0.120183,Neutral
2024-04-15 20:47:40,J&J Braces For Q1 Earnings With Bearish Charts And Patent Cliffs In Play - Johnson & Johnson  ( NYSE:JNJ ) ,https://www.benzinga.com/general/biotech/24/04/38259481/j-j-braces-for-q1-earnings-with-bearish-charts-and-patent-cliffs-in-play,"Johnson & Johnson JNJ, will be reporting its first-quarter earnings on April 16. Wall Street expects $2.64 in EPS and $21.4 billion in revenues as the company reports before market hours. Johnson & Johnson stock is down about 9.54% over the past year, and has dropped 5.88% YTD.",www.benzinga.com,0.03616,Neutral,JNJ,0.489394,-0.220283,Somewhat-Bearish
2024-04-16 06:09:47,"Fear & Greed Index Moves To 'Fear' Zone; S&P 500 Down Over 1% - Bank of America  ( NYSE:BAC ) , Goldman Sachs Gr  ( NYSE:GS ) ",https://www.benzinga.com/news/earnings/24/04/38263377/fear-greed-index-moves-to-fear-zone-s-p-500-down-over-1,"The CNN Money Fear and Greed index showed a decline in the overall market sentiment, with the index moving to the ""Fear"" zone on Monday. U.S. stocks closed lower on Friday amid concerns over the conflict in the Middle East, with the S&P 500 falling more than 1% during the session.",www.benzinga.com,-0.25124,Somewhat-Bearish,JNJ,0.247838,0.0,Neutral
2024-04-16 06:10:19,"Bank of America, Morgan Stanley And 3 Stocks To Watch Heading Into Tuesday - Bank of America  ( NYSE:BAC ) , Morgan Stanley  ( NYSE:MS ) ",https://www.benzinga.com/news/earnings/24/04/38263260/bank-of-america-morgan-stanley-and-3-stocks-to-watch-heading-into-tuesday,"With U.S. stock futures trading lower this morning on Tuesday, some of the stocks that may grab investor focus today are as follows: Wall Street expects Bank of America Corporation BAC to report quarterly earnings at 77 cents per share on revenue of $25.46 billion before the opening bell, ...",www.benzinga.com,0.180207,Somewhat-Bullish,JNJ,0.431065,0.368966,Bullish
2024-04-16 06:15:29,Johnson & Johnson Likely To Report Higher Q1 Earnings; Here Are The Recent Forecast Changes From Wall Street's Most Accurate Analysts - Johnson & Johnson  ( NYSE:JNJ ) ,https://www.benzinga.com/news/earnings/24/04/38263545/johnson-johnson-likely-to-report-higher-q1-earnings-here-are-the-recent-forecast-changes-from-wall-,"Johnson & Johnson JNJ is set to release earnings results for its first quarter before the opening bell on April 16, 2024. Analysts expect the New Brunswick, New Jersey-based company to report quarterly earnings at $2.64 per share, up from $2.41 per share in the year-ago period.",www.benzinga.com,0.101223,Neutral,JNJ,0.551295,0.31029,Somewhat-Bullish
2024-04-16 06:34:09,Johnson & Johnson Likely To Report Higher Q1 Earnings; Here Are The Recent Forecast Changes From Wall Street's Most Accurate Analysts,https://markets.businessinsider.com/news/stocks/johnson-johnson-likely-to-report-higher-q1-earnings-here-are-the-recent-forecast-changes-from-wall-street-s-most-accurate-analysts-1033251805,Johnson & Johnson Likely To Report Higher Q1 Earnings. Here Are The Recent Forecast Changes From Wall Street's ... - Markets Insider ...,markets.businessinsider.com,0.070521,Neutral,JNJ,0.488007,0.295459,Somewhat-Bullish
2024-04-16 08:35:00,"UnitedHealth, J&J, Live Nation, DJT, Tesla, Bank of America, Morgan Stanley, and More Stock Market Movers",https://www.barrons.com/amp/articles/stock-market-movers-aa344be0,"Live Nation, DJT, Tesla, UnitedHealth, J&J, BofA, Morgan Stanley, and More Market Movers ...",www.barrons.com,0.053305,Neutral,JNJ,0.09402,0.118633,Neutral
2024-04-16 10:20:07,Should You Invest in the Fidelity MSCI Health Care Index ETF  ( FHLC ) ?,https://www.zacks.com/stock/news/2255749/should-you-invest-in-the-fidelity-msci-health-care-index-etf-fhlc,Sector ETF report for ...,www.zacks.com,0.29041,Somewhat-Bullish,JNJ,0.128822,0.050073,Neutral
2024-04-16 10:24:00,Genmab Announces Net Sales of DARZALEX®  ( daratumumab )  for First Quarter of 2024,https://www.globenewswire.com/news-release/2024/04/16/2863401/0/en/Genmab-Announces-Net-Sales-of-DARZALEX-daratumumab-for-First-Quarter-of-2024.html,Company Announcement ...,www.globenewswire.com,0.062246,Neutral,JNJ,0.130571,0.011687,Neutral
2024-04-16 10:24:08,Johnson & Johnson tops quarterly profit estimates as medical device sales jump,https://www.cnbc.com/2024/04/16/johnson-johnson-jnj-earnings-q1-2024.html,"The company is benefiting from a rebound in demand for nonurgent surgeries among older adults, who deferred those procedures during the Covid pandemic.",www.cnbc.com,0.104181,Neutral,JNJ,0.070517,0.0,Neutral
2024-04-16 11:30:02,Johnson & Johnson  ( JNJ )  Q1 Earnings Top Estimates,https://www.zacks.com/stock/news/2255793/johnson-johnson-jnj-q1-earnings-top-estimates,"Johnson & Johnson (JNJ) delivered earnings and revenue surprises of 2.65% and 0.09%, respectively, for the quarter ended March 2024. Do the numbers hold clues to what lies ahead for the stock?",www.zacks.com,0.153019,Somewhat-Bullish,JNJ,0.396052,0.121187,Neutral
2024-04-16 11:51:34,J&J Q1 revenue below expectations at $21.38 bn as Stelara sales disappoint,https://www.business-standard.com/world-news/j-j-q1-revenue-below-expectations-at-21-38-bn-as-stelara-sales-disappoint-124041600788_1.html,"J&J now expects adjusted operating profit per share between $10.60 and $10.75 for 2024, compared with its previous forecast of $10.55 to $10.75. Photo: Bloomberg",www.business-standard.com,-0.034037,Neutral,JNJ,0.122269,-0.020787,Neutral
2024-04-16 12:25:00,Futures Rebound Ahead Of Powell Comments,https://www.investors.com/market-trend/stock-market-today/dow-jones-sp500-nasdaq-tesla-tsla-stock-2/,Stock Market Today: Dow Jones Tries To Rebound After Sharp Losses. Tesla Stock Extends Sell-Off Investor's Business Daily ...,www.investors.com,0.130079,Neutral,JNJ,0.071145,0.0,Neutral
2024-04-16 12:57:00,"Health Care Bellwether J&J Misses Sales Views, But Profit Beats",https://www.investors.com/news/technology/johnson-johnson-stock-jnj-earnings-q1-2024/,"Johnson & Johnson Stock Dips On Light Sales, But Earnings Beat Forecasts Investor's Business Daily ...",www.investors.com,0.268466,Somewhat-Bullish,JNJ,0.823417,0.109743,Neutral
2024-04-16 13:13:21,"BRODSKY & SMITH SHAREHOLDER UPDATE: Notifying Investors of the Following Investigations: Macatawa Bank Corporation  ( Nasdaq - MCBC ) , Shockwave Medical, Inc.  ( Nasdaq - SWAV ) , Apartment Income REIT Corp.  ( NYSE - AIRC ) , Model N, Inc.  ( NYSE - MODN ) ",https://www.benzinga.com/pressreleases/24/04/g38270299/brodsky-smith-shareholder-update-notifying-investors-of-the-following-investigations-macatawa-bank,"BALA CYNWYD, Pa., April 16, 2024 ( GLOBE NEWSWIRE ) -- Brodsky & Smith reminds investors of the following investigations. If you own shares and wish to discuss the investigation, contact Jason Brodsky ( jbrodsky@brodskysmith.com ) or Marc Ackerman ( mackerman@brodskysmith.com ) at 855-576-4847.",www.benzinga.com,0.253232,Somewhat-Bullish,JNJ,0.202932,0.177581,Somewhat-Bullish
2024-04-16 13:47:19,"Crypto Analyst Signals Bitcoin Correction Amid Stumbling Rally; Intel and Nvidia Unveil China-Focused Products, Adjust AI Chip Strategies Amid US Sanctions - Top Headlines Today While US Slept",https://www.benzinga.com/markets/cryptocurrency/24/04/38271237/crypto-analyst-signals-bitcoin-correction-amid-stumbling-rally-intel-and-nvidia-unveil-chi,Crypto Analyst Warns Bitcoin's Impending Correction As Rally Falters: 'We Are Bearish Risk Assets' Peter Schiff Challenges Bitcoin's $100K Prediction As Crypto-Linked Stocks Languish In Bear Zone: 'Sell Your Fool's Gold And Buy The Real Thing' Altcoin Bloodbath Incoming?,www.benzinga.com,-0.081715,Neutral,JNJ,0.047278,0.111736,Neutral
2024-04-16 13:59:34,"SHAREHOLDER INVESTIGATION: Halper Sadeh LLC Investigates MCBC, SWAV, AIRC, MODN - Macatawa Bank  ( NASDAQ:MCBC ) , Apartment Income REIT  ( NYSE:AIRC ) ",https://www.benzinga.com/pressreleases/24/04/g38271938/shareholder-investigation-halper-sadeh-llc-investigates-mcbc-swav-airc-modn,"NEW YORK, April 16, 2024 ( GLOBE NEWSWIRE ) -- Halper Sadeh LLC, an investor rights law firm, is investigating the following companies for potential violations of the federal securities laws and/or breaches of fiduciary duties to shareholders relating to:",www.benzinga.com,0.1986,Somewhat-Bullish,JNJ,0.099066,0.082593,Neutral
2024-04-16 14:26:00,"Housing Numbers Shrink as Q1 Earnings Heat Up: BAC, JNJ, UNH",https://www.zacks.com/stock/news/2256163/housing-numbers-shrink-as-q1-earnings-heat-up-bac-jnj-unh,"Both Housing Starts and Building Permits missed expectations, while BofA, J&J and UnitedHealth all beat on earnings.",www.zacks.com,0.169709,Somewhat-Bullish,JNJ,0.145145,0.17976,Somewhat-Bullish
2024-04-16 14:37:00,Stocks Mixed With Dow In The Lead Lifted By UnitedHealth,https://www.investors.com/market-trend/stock-market-today/dow-jones-sp500-nasdaq-unh-stock-bac-earnings/,"Stock Market Today: Dow Jones, S&P 500 Rebound, UnitedHealth JumpsInvestor's Business Daily Investor's Business Daily ...",www.investors.com,-0.01441,Neutral,JNJ,0.113597,-0.024348,Neutral
2024-04-16 14:53:00,"J&J  ( JNJ )  Q1 Earnings Beat Estimates, Sales Miss, MedTech Soft",https://www.zacks.com/stock/news/2256185/jj-jnj-q1-earnings-beat-estimates-sales-miss-medtech-soft,J&J (JNJ) beats estimates for first-quarter earnings but misses the same for sales. It tightens its sales and earnings growth expectations for 2024.,www.zacks.com,0.160802,Somewhat-Bullish,JNJ,0.095899,0.058738,Neutral
2024-04-16 15:02:00,Building Permits Come in Lower Than Expected,https://www.zacks.com/stock/news/2256206/building-permits-come-in-lower-than-expected,"New housing data has hit the tape this morning. Housing Starts for March came in -14.7% to 1.3 million seasonally adjusted, annualized units. The previous month's tally has been downwardly revised to 1.45 million from 1.52 million initially reported.",www.zacks.com,0.188524,Somewhat-Bullish,JNJ,0.151539,0.16955,Somewhat-Bullish
2024-04-16 15:49:17,Johnson & Johnson Shows Focus On Strengthening Its Business Upon Its Consumer Health Unit Spinoff - Johnson & Johnson  ( NYSE:JNJ ) ,https://www.benzinga.com/24/04/38275049/johnson-johnson-shows-focus-on-strengthening-its-business-upon-its-consumer-health-unit-spinoff,"On Tuesday, Johnson & Johnson JNJ delivered a rather mixed first quarter report. Adjusted earnings surpassed estimates as sales in its medical devices business surged, while revenue was almost in line with estimates.",www.benzinga.com,0.0,Neutral,JNJ,0.551486,0.245629,Somewhat-Bullish
2024-04-16 17:30:11,Johnson & Johnson  ( JNJ )  Q1 2024 Earnings Call Transcript,https://www.fool.com/earnings/call-transcripts/2024/04/16/johnson-johnson-jnj-q1-2024-earnings-call-transcri/,"JNJ earnings call for the period ending March 31, 2024.",www.fool.com,0.322753,Somewhat-Bullish,JNJ,0.038499,0.056988,Neutral
2024-04-16 20:11:01,Stock Market Today: Stocks Stabilize After Powell's Rate-Cut Warning,https://www.kiplinger.com/investing/stocks/stock-market-today-stocks-stabilize-after-powells-rate-cut-warning,"Stocks struggled for direction Tuesday as investors took in the latest round of corporate earnings reports and a mid-afternoon speech from Fed Chair Jerome Powell. At the close, the S&P 500 ( -0.2% at 5,051 ) and the Nasdaq Composite ( -0.1% at 15,865 ) had made modest moves.",www.kiplinger.com,0.162996,Somewhat-Bullish,JNJ,0.107255,0.164149,Somewhat-Bullish
2024-04-16 21:30:00,"Alvotech and Teva Announce U.S. FDA Approval of SELARSDI™  ( ustekinumab-aekn ) , biosimilar to Stelara®  ( ustekinumab ) ",https://www.globenewswire.com/news-release/2024/04/16/2864156/0/en/Alvotech-and-Teva-Announce-U-S-FDA-Approval-of-SELARSDI-ustekinumab-aekn-biosimilar-to-Stelara-ustekinumab.html,"REYKJAVIK, Iceland and PARSIPPANY, N.J., April 16, 2024 ( GLOBE NEWSWIRE ) -- Alvotech ( NASDAQ: ALVO ) and Teva Pharmaceuticals, a U.S. affiliate of Teva Pharmaceutical Industries Ltd. ( NYSE and TASE: TEVA ) , today announced that the U.S. Food and Drug Administration ( FDA ) has approved ...",www.globenewswire.com,0.096029,Neutral,JNJ,0.03463,0.108494,Neutral
2024-04-16 21:45:00,Why Johnson & Johnson Stock Got Tossed by the Market Today,https://www.fool.com/investing/2024/04/16/why-johnson-johnson-stock-got-tossed-by-the-market/,A mixed quarter and narrowed guidance didn't really please investors.,www.fool.com,0.042618,Neutral,JNJ,0.454174,0.023935,Neutral
2024-04-17 03:38:09,IAA and ISA to host 'Retrospect & Prospects' event in Mumbai with industry leaders,https://www.financialexpress.com/business/brandwagon-iaa-and-isa-to-host-retrospect-amp-prospects-event-in-mumbai-with-industry-leaders-3459062/,"The India Chapter of the International Advertising Association ( IAA ) and The Indian Society of Advertisers ( ISA ) will host an event titled 'Retrospect & Prospects' featuring Manish Anandani, managing director - India, Kenvue ( formerly Johnson & Johnson ) , on April 24th in Mumbai.",www.financialexpress.com,0.396207,Bullish,JNJ,0.233556,0.187531,Somewhat-Bullish
2024-04-17 10:30:00,TikTok Mishandled The Data Of Hundreds Of Top American Advertisers,https://www.forbes.com/sites/alexandralevine/2024/04/17/tiktok-mishandled-advertisers-data-bytedance-china/,"Sensitive business information from advertisers like Amazon, Disney and the New York Times was widely available to ByteDance staff across the U.S. and China, Forbes has learned. TikTok, which is fighting a ban over its handling of data, declined to comment.",www.forbes.com,0.066968,Neutral,JNJ,0.021199,0.034787,Neutral
2024-04-17 12:21:44,Visa To Rally Around 18%? Here Are 10 Top Analyst Forecasts For Wednesday - Visa  ( NYSE:V ) ,https://www.benzinga.com/news/24/04/38289868/visa-to-rally-around-18-here-are-10-top-analyst-forecasts-for-wednesday,"Top Wall Street analysts changed their outlook on these top names. For a complete view of all analyst rating changes, including upgrades and downgrades, please see our analyst ratings page. HC Wainwright & Co. cut the price target for Unity Biotechnology, Inc. UBX from $10 to $8.",www.benzinga.com,0.101831,Neutral,JNJ,0.221481,-0.142427,Neutral
2024-04-17 13:05:00,TRC Amends Its Tender Offer for Johnson & Johnson,https://www.benzinga.com/pressreleases/24/04/g38291656/trc-amends-its-tender-offer-for-johnson-johnson,"TORONTO, April 17, 2024 ( GLOBE NEWSWIRE ) -- TRC Capital Investment Corporation ( TRC ) announced today that based on current market conditions, TRC has amended the terms of its tender offer for up to 1,000,000 common shares of Johnson & Johnson ( the Company ) and has decreased the offer price ...",www.benzinga.com,0.285771,Somewhat-Bullish,JNJ,0.103778,0.145311,Neutral
2024-04-17 13:17:00,"Company News for Apr 17, 2024",https://www.zacks.com/stock/news/2256693/company-news-for-apr-17-2024,Companies In The Article ...,www.zacks.com,-0.002451,Neutral,JNJ,0.601928,-0.351004,Bearish
2024-04-17 14:00:00,"JNJ Beats Q1 Earnings Estimates, Misses on Sales: ETFs in Focus",https://www.zacks.com/stock/news/2256952/jnj-beats-q1-earnings-estimates-misses-on-sales-etfs-in-focus,Johnson & Johnson (JNJ) continued with its long streak of earnings beat but lagged revenue estimates.,www.zacks.com,0.195622,Somewhat-Bullish,JNJ,0.402761,0.285071,Somewhat-Bullish
2024-04-17 17:51:23,Johnson & Johnson Analysts Cut Their Forecasts After Q1 Results - Johnson & Johnson  ( NYSE:JNJ ) ,https://www.benzinga.com/news/earnings/24/04/38299178/johnson-johnson-analysts-cut-their-forecasts-after-q1-results,"Johnson & Johnson JNJ reported better-than-expected first-quarter earnings on Tuesday. The company posted adjusted EPS of $2.71, up 12.4% year over year, beating the consensus of $2.64.",www.benzinga.com,0.120179,Neutral,JNJ,0.914521,0.16504,Somewhat-Bullish
2024-04-17 19:37:34,"Johnson & Johnson Shares Hold Steady After Q1 Earnings, Analysts Optimistic About Future - Johnson & Johnson  ( NYSE:JNJ ) ",https://www.benzinga.com/analyst-ratings/analyst-color/24/04/38300896/johnson-johnson-shares-hold-steady-after-q1-earnings-analysts-optimistic-about-futu,"On Tuesday, Johnson & Johnson JNJ reported first-quarter adjusted EPS of $2.71, up 12.4% year over year, beating the consensus of $2.64. The pharma giant reported sales of $21.38 billion, up 2.3% year over year, almost in line with the consensus of $21.39 billion.",www.benzinga.com,0.288591,Somewhat-Bullish,JNJ,0.636698,0.416276,Bullish
2024-04-18 12:37:00,Home Depot Primed For Bounce; How To Capitalize With Options,https://www.investors.com/research/options/home-depot-stock-option-trading/,Home Depot Primed For Bounce. How To Capitalize With Options Investor's Business Daily ...,www.investors.com,-0.064503,Neutral,JNJ,0.15697,0.0,Neutral
2024-04-18 14:32:29,Unpacking the Latest Options Trading Trends in Johnson & Johnson - Johnson & Johnson  ( NYSE:JNJ ) ,https://www.benzinga.com/insights/options/24/04/38316280/unpacking-the-latest-options-trading-trends-in-johnson-johnson,"Financial giants have made a conspicuous bearish move on Johnson & Johnson. Our analysis of options history for Johnson & Johnson JNJ revealed 9 unusual trades. Delving into the details, we found 44% of traders were bullish, while 55% showed bearish tendencies.",www.benzinga.com,0.172541,Somewhat-Bullish,JNJ,0.703655,0.326391,Somewhat-Bullish
2024-04-18 15:09:00,Here's Why You Should Retain Medtronic  ( MDT )  Stock for Now,https://www.zacks.com/stock/news/2257854/heres-why-you-should-retain-medtronic-mdt-stock-for-now,Investors continue to be optimistic about Medtronic (MDT) due to the strength of its Neurosurgery and Cardiovascular portfolios.,www.zacks.com,0.299826,Somewhat-Bullish,JNJ,0.038906,0.047187,Neutral
2024-04-18 16:22:00,"Top Stock Reports for NVIDIA, Alphabet & Johnson & Johnson",https://www.zacks.com/research-daily/2257574/top-stock-reports-for-nvidia-alphabet-johnson-johnson,"Today's Research Daily features new research reports on 16 major stocks, including NVIDIA Corporation (NVDA), Alphabet Inc. (GOOGL) and Johnson & Johnson (JNJ).",www.zacks.com,0.237309,Somewhat-Bullish,JNJ,0.12165,-0.021593,Neutral
2024-04-19 10:00:00,"The Zacks Analyst Blog Highlights NVIDIA, Alphabet, Johnson & Johnson, Broadridge Financial and Textron",https://www.zacks.com/stock/news/2258173/the-zacks-analyst-blog-highlights-nvidia-alphabet-johnson-johnson-broadridge-financial-and-textron,"NVIDIA, Alphabet, Johnson & Johnson, Broadridge Financial and Textron are included in this Analyst Blog.",www.zacks.com,0.216801,Somewhat-Bullish,JNJ,0.262994,-0.017817,Neutral
2024-04-19 13:00:00,"White River Bancshares Co. Earns $509,000, or $0.51 Per Diluted Share, in First Quarter 2024; Highlighted by Higher Net Interest Income and Double Digit Loan and Deposit Growth Year-Over-Year",https://www.globenewswire.com/news-release/2024/04/19/2866167/0/en/White-River-Bancshares-Co-Earns-509-000-or-0-51-Per-Diluted-Share-in-First-Quarter-2024-Highlighted-by-Higher-Net-Interest-Income-and-Double-Digit-Loan-and-Deposit-Growth-Year-Over.html,"FAYETTEVILLE, Ark., April 19, 2024 ( GLOBE NEWSWIRE ) -- White River Bancshares Company ( OTCQX: WRIV ) , ( the ""Company"" ) the holding company for Signature Bank of Arkansas ( the ""Bank"" ) , today reported net income of $509,000, or $0.51 per diluted share, in the first quarter of 2024, ...",www.globenewswire.com,0.246729,Somewhat-Bullish,JNJ,0.017729,0.117576,Neutral
2024-04-19 14:17:14,Johnson & Johnson Children's Cough Syrup Contaminated In Some Batches - WHO Poised to Issue Global Alert - Johnson & Johnson  ( NYSE:JNJ ) ,https://www.benzinga.com/general/biotech/24/04/38335588/johnson-johnson-childrens-cough-syrup-contaminated-in-some-batches-who-poised-to-issue-global-ale,The World Health Organization ( WHO ) is poised to issue a broader alert regarding contaminated children's cough syrup produced by Johnson and Johnson JNJ in response to the discovery of tainted batches in Nigeria.,www.benzinga.com,0.076471,Neutral,JNJ,0.414559,-0.057089,Neutral
2024-04-19 14:40:00,"A creator made 5 figures with a dating podcast and quit her job to focus on her side hustle full-time. She breaks down her income from brand deals, sponsored events, and more.",https://www.businessinsider.com/how-much-creator-earns-tiktok-instagram-events-brand-deals-podcast-2024-4,"How Much a Creator Makes in a Year From Events, Brand Deals, TikTok - Business Insider ...",www.businessinsider.com,0.149059,Neutral,JNJ,0.042953,0.169258,Somewhat-Bullish
2024-04-19 14:54:40,WHO says wider warning about contaminated J&J cough syrup 'likely',https://www.business-standard.com/world-news/who-says-wider-warning-about-contaminated-j-j-cough-syrup-likely-124041901148_1.html,"The World Health Organization is likely to issue a wider warning about contaminated Johnson and Johnson-made children's cough syrup found in Nigeria last week, it said in an email. Nigeria's regulator recalled a batch of Benylin syrup last Wednesday, having found a high level of diethylene glycol ...",www.business-standard.com,-0.097247,Neutral,JNJ,0.085324,-0.243445,Somewhat-Bearish
2024-04-19 16:51:00,Stock Market Shows Bearish Action: Weekly Review,https://www.investors.com/news/stock-market-taiwan-semiconductor-asml-netflix-united-airlines-weekly-review/,"Stock Market Sells Off. Taiwan Semi, ASML, Netflix, Tesla In Focus: Weekly Review Investor's Business Daily ...",www.investors.com,0.041784,Neutral,JNJ,0.049526,0.071953,Neutral
2024-04-19 22:12:00,"Endoscopy Devices Market size is set to grow by USD 14.24 billion from 2024-2028, advances in endoscopy ... - PR Newswire",https://www.prnewswire.com/news-releases/endoscopy-devices-market-size-is-set-to-grow-by-usd-14-24-billion-from-2024-2028--advances-in-endoscopy-technologies-boost-the-market--technavio-302120829.html,"Endoscopy Devices Market size is set to grow by USD 14.24 billion from 2024-2028, advances in endoscopy ... PR ...",www.prnewswire.com,0.206034,Somewhat-Bullish,JNJ,0.033656,0.036539,Neutral
2024-04-20 13:36:00,Don't Let Media-Driven Fears Keep You From These 7%+ Dividends,https://www.forbes.com/sites/michaelfoster/2024/04/20/dont-let-media-driven-fears-keep-you-from-these-7-dividends/,"It's starting again-the media has its hooks into a new story to scare investors, in yet another effort to gain attention. The upshot is that we've now got a very nice opportunity to pick up a special kind of closed-end fund ( CEF ) that yields 7%+ and does something unusual to limit downside.",www.forbes.com,0.041812,Neutral,JNJ,0.079788,0.0,Neutral
2024-04-20 19:25:55,Court Orders Johnson & Johnson And Kenvue To Pay $45 Million In Talcum Baby Powder Lawsuit,https://www.forbes.com/sites/caileygleeson/2024/04/20/court-orders-johnson--johnson-and-kenvue-to-pay-45-million-in-talcum-baby-powder-lawsuit/,"An Illinois court late Friday ordered pharmaceutical giant Johnson & Johnson and Kenvue to pay $45 million to a family that alleged the companies' talcum-based baby powder led to the death of a relative diagnosed with a fatal cancer linked to asbestos exposure, the company's latest legal issue ...",www.forbes.com,-0.196063,Somewhat-Bearish,JNJ,0.47672,-0.257595,Somewhat-Bearish
2024-04-22 10:10:00,Stock market today: US futures climb as traders await crucial 'Magnificent 7' earnings reports,https://www.businessinsider.com/stock-market-today-microsoft-alphabet-meta-tesla-magnificent-seven-earnings-2024-4,Stock market today: US futures climb ahead of Magnificent 7 earnings - Business Insider ...,www.businessinsider.com,0.110583,Neutral,JNJ,0.117486,0.121385,Neutral
2024-04-22 10:10:16,Stock market today: US futures climb as traders await crucial 'Magnificent 7' earnings reports,https://africa.businessinsider.com/markets/stock-market-today-us-futures-climb-as-traders-await-crucial-magnificent-7-earnings/mk3wwc1,"Samp;P 500 futures were up 0.5% shortly before 6 a.m. ET, while Nasdaq 100 futures had climbed 0.6%. The Dow Jones Industrial Average was on pace to add 165 points.",africa.businessinsider.com,0.219403,Somewhat-Bullish,JNJ,0.162802,0.223261,Somewhat-Bullish
2024-04-22 13:00:16,Johnson & Johnson  ( JNJ )  Is a Trending Stock: Facts to Know Before Betting on It,https://www.zacks.com/stock/news/2259015/johnson-johnson-jnj-is-a-trending-stock-facts-to-know-before-betting-on-it,"Johnson & Johnson (JNJ) has been one of the stocks most watched by Zacks.com users lately. So, it is worth exploring what lies ahead for the stock.",www.zacks.com,0.224611,Somewhat-Bullish,JNJ,0.473208,0.114889,Neutral
2024-04-22 13:47:03,"Kuehn Law Encourages WIRE, ABIO, MODN, and SWAV Investors to Contact Law Firm - Model N  ( NYSE:MODN ) , ARCA biopharma  ( NASDAQ:ABIO ) ",https://www.benzinga.com/pressreleases/24/04/g38357464/kuehn-law-encourages-wire-abio-modn-and-swav-investors-to-contact-law-firm,"NEW YORK, April 22, 2024 ( GLOBE NEWSWIRE ) -- Kuehn Law, PLLC, a shareholder litigation law firm, is investigating potential claims related to the below-listed proposed mergers. Kuehn Law may seek additional disclosures or other relief on behalf of the shareholders of these companies.",www.benzinga.com,0.295874,Somewhat-Bullish,JNJ,0.118647,0.282229,Somewhat-Bullish
2024-04-22 15:10:32,"SHAREHOLDER INVESTIGATION: Halper Sadeh LLC Investigates WIRE, ABIO, SWAV, MODN - Model N  ( NYSE:MODN ) , ARCA biopharma  ( NASDAQ:ABIO ) ",https://www.benzinga.com/pressreleases/24/04/g38359734/shareholder-investigation-halper-sadeh-llc-investigates-wire-abio-swav-modn,"NEW YORK, April 22, 2024 ( GLOBE NEWSWIRE ) -- Halper Sadeh LLC, an investor rights law firm, is investigating the following companies for potential violations of the federal securities laws and/or breaches of fiduciary duties to shareholders relating to:",www.benzinga.com,0.128619,Neutral,JNJ,0.107978,0.084761,Neutral
2024-04-22 15:53:34,"BRODSKY & SMITH SHAREHOLDER UPDATE: Notifying Investors of the Following Investigations: Macatawa Bank Corporation  ( Nasdaq - MCBC ) , Shockwave Medical, Inc.  ( Nasdaq - SWAV ) , Apartment Income REIT Corp.  ( NYSE - AIRC ) , Model N, Inc.  ( NYSE - MODN ) ",https://www.benzinga.com/pressreleases/24/04/g38360727/brodsky-smith-shareholder-update-notifying-investors-of-the-following-investigations-macatawa-bank,"BALA CYNWYD, Pa., April 22, 2024 ( GLOBE NEWSWIRE ) -- Brodsky & Smith reminds investors of the following investigations. If you own shares and wish to discuss the investigation, contact Jason Brodsky ( jbrodsky@brodskysmith.com ) or Marc Ackerman ( mackerman@brodskysmith.com ) at 855-576-4847.",www.benzinga.com,0.253232,Somewhat-Bullish,JNJ,0.202932,0.177581,Somewhat-Bullish
2024-04-22 21:33:16,"TAKE ACTION: The M&A Class Action Firm Launches Legal Inquiry for the Merger - ALPN, LABP, SWAV, FUSN",https://www.benzinga.com/pressreleases/24/04/g38366584/take-action-the-m-a-class-action-firm-launches-legal-inquiry-for-the-merger-alpn-labp-swav-fusn,"NEW YORK, April 22, 2024 ( GLOBE NEWSWIRE ) -- Monteverde & Associates PC ( the ""M&A Class Action Firm"" ) , has recovered money for shareholders and is recognized as a Top 50 Firm in the 2018-2022 ISS Securities Class Action Services Report.",www.benzinga.com,0.270721,Somewhat-Bullish,JNJ,0.085936,0.124976,Neutral
2024-04-23 12:42:00,4 Stocks to Watch on Their Recent Dividend Hikes,https://www.zacks.com/stock/news/2260121/4-stocks-to-watch-on-their-recent-dividend-hikes,"Stocks like KB Home (KBH), Interactive Brokers Group, Inc. (IBKR), QUALCOMM Incorporated (QCOM) and Johnson & Johnson (JNJ) recently hiked dividends.",www.zacks.com,0.038911,Neutral,JNJ,0.415413,0.35555,Bullish
2024-04-23 13:20:00,The No. 1 Biotech Stock Just Launched Higher - Here's Why,https://www.investors.com/news/technology/biotech-stock-neurocrine-stock-depression-treatment-win/,Biotech Stock Neurocrine Launches Higher On A Depression Treatment Win Investor's Business Daily ...,www.investors.com,0.184606,Somewhat-Bullish,JNJ,0.306963,0.288375,Somewhat-Bullish
2024-04-24 08:00:00,"Alvotech Announces Topline Results from a Confirmatory Clinical Study for AVT05, a Proposed Biosimilar for Simponi®  ( golimumab ) ",https://www.globenewswire.com/news-release/2024/04/24/2868337/0/en/Alvotech-Announces-Topline-Results-from-a-Confirmatory-Clinical-Study-for-AVT05-a-Proposed-Biosimilar-for-Simponi-golimumab.html,"Alvotech ( NASDAQ: ALVO ) , a global biotech company specializing in the development and manufacture of biosimilar medicines for patients worldwide, announced today positive topline results from a confirmatory clinical study for AVT05, Alvotech's proposed biosimilar to Simponi® and Simponi Aria® ...",www.globenewswire.com,0.128088,Neutral,JNJ,0.025034,0.0,Neutral
2024-04-24 09:25:00,"Got $5,000? Here Are 3 Undervalued Stocks to Buy and Hold Forever",https://www.fool.com/investing/2024/04/24/got-5000-here-are-3-undervalued-stocks-to-buy-and/,Buying great stocks when they're on sale is a lucrative long-term strategy.,www.fool.com,0.247998,Somewhat-Bullish,JNJ,0.298264,-0.024182,Neutral
2024-04-24 10:10:00,These Are the 10 High-Profile Stocks U.S. Politicians Have Gravitated to Most Over the Last 3 Years,https://www.fool.com/investing/2024/04/24/these-are-the-10-high-profile-stocks-us-politician/,These stocks kept members of Congress especially busy.,www.fool.com,0.19698,Somewhat-Bullish,JNJ,0.16144,0.109402,Neutral
2024-04-24 12:50:00,"The Zacks Analyst Blog Highlights KB Home, Interactive Brokers Group, Qualcomm and Johnson & Johnson",https://www.zacks.com/stock/news/2261200/the-zacks-analyst-blog-highlights-kb-home-interactive-brokers-group-qualcomm-and-johnson-johnson,"KB Home, Interactive Brokers Group, Qualcomm and Johnson & Johnson are part of the Zacks top Analyst Blog.",www.zacks.com,0.055662,Neutral,JNJ,0.414559,0.269325,Somewhat-Bullish
2024-04-24 13:19:00,What's in Store for These 5 Pharma Bigwigs in Q1 Earnings?,https://www.zacks.com/stock/news/2261011/whats-in-store-for-these-5-pharma-bigwigs-in-q1-earnings,"Let's look at five biotech/drug companies, MRK, SNY, BMY, GILD and ABBV, slated to release their first quarter 2024 earnings results this week.",www.zacks.com,0.154863,Somewhat-Bullish,JNJ,0.039614,-0.080241,Neutral
2024-04-24 17:58:00,Vanda  ( VNDA )  to Report Q1 Earnings: What's in the Cards?,https://www.zacks.com/stock/news/2261585/vanda-vnda-to-report-q1-earnings-whats-in-the-cards,"On Vanda's (VNDA) first-quarter 2024 earnings call, investors' focus is likely to be on the sales performance of its marketed drugs and certain pipeline and regulatory updates.",www.zacks.com,0.109272,Neutral,JNJ,0.1437,0.159788,Somewhat-Bullish
2024-04-24 19:53:09,Here's a rapid-fire update on all 33 portfolio stocks including our tech giants reporting this week,https://www.cnbc.com/2024/04/24/jim-cramers-rapid-fire-update-on-all-33-investing-club-stocks.html,"During the Investing Club's Monthly Meeting on Wednesday, Jim Cramer offered his updated thinking on the stocks in the portfolio.",www.cnbc.com,0.147834,Neutral,JNJ,0.014239,0.054481,Neutral
2024-04-24 20:40:00,NANOBIOTIX Provides Business Update and Reports Full Year 2023 Financial Results,https://www.globenewswire.com/news-release/2024/04/24/2869144/0/en/NANOBIOTIX-Provides-Business-Update-and-Reports-Full-Year-2023-Financial-Results.html,"Conference call and webcast scheduled for April 25, 2024 at 8:00 A.M. EDT / 2:00 P.M. CEST ...",www.globenewswire.com,0.116494,Neutral,JNJ,0.030602,0.075618,Neutral
2024-04-24 22:47:04,Investing in Cardiovascular MedTech Companies,https://investingnews.com/investing-in-cardiovascular-medtech-companies/,"Efforts to address the core risk factors associated with cardiovascular diseases are coinciding with recent innovations in medical technology, which have been critical in not only preventing and managing them but also increasing the survival rate.",investingnews.com,0.426531,Bullish,JNJ,0.03399,0.084292,Neutral
2024-04-25 06:40:00,Pre-Investor Call Presentation available to shareholders,https://www.globenewswire.com/news-release/2024/04/25/2869320/0/en/Pre-Investor-Call-Presentation-available-to-shareholders.html,"Investors can access and view today's presentation materials by following this link: Headquartered in Bilbao, Spain, Virtualware is a global pioneer in developing virtual reality solutions for large industrial, educational, and healthcare conglomerates.",www.globenewswire.com,0.20415,Somewhat-Bullish,JNJ,0.073773,0.119019,Neutral
2024-04-25 09:37:00,This Small-Cap Stock Is Up 140% This Year and Here's Why It Can Go Even Higher,https://www.fool.com/investing/2024/04/25/this-small-cap-stock-is-up-150-this-year-and-heres/,"For investors with a high level of risk tolerance, Mind Medicine could be an intriguing investment option.",www.fool.com,0.28068,Somewhat-Bullish,JNJ,0.057907,0.127985,Neutral
2024-04-25 13:15:00,Here Are My Top 5 Dividend Kings to Buy Right Now,https://www.fool.com/investing/2024/04/25/here-are-my-top-5-dividend-kings-to-buy-right-now/,"Dividend Kings are hard to come by, but these five stocks offer investors some great passive income opportunities.",www.fool.com,0.319823,Somewhat-Bullish,JNJ,0.068797,0.145609,Neutral
2024-04-25 15:59:27,Monthly Depth Report: The Blind Leading The Confused - Shockwave Medical  ( NASDAQ:SWAV ) ,https://www.benzinga.com/opinion/24/04/38437069/monthly-depth-report-the-blind-leading-the-confused,One of the best experiences I've had in my investment career was being partner and co portfolio manager with Raji Khabbaz. He's a fantastic stock-picker and the two of us spent the better part of a decade discussing and debating investment ideas.,www.benzinga.com,0.07264,Neutral,JNJ,0.028338,0.085825,Neutral
2024-04-25 18:27:00,BioNJ Announces Lineup for BioPartnering Conference,https://www.prnewswire.com/news-releases/bionj-announces-lineup-for-biopartnering-conference-302127910.html,"TRENTON, N.J., April 25, 2024 /PRNewswire/ -- BioNJ is pleased to host its 14th Annual BioPartnering Conference on Tuesday, May 14, at the Liberty Science Center in Jersey City. Sponsored by J.P.",www.prnewswire.com,0.380824,Bullish,JNJ,0.194242,0.073971,Neutral
2024-04-26 12:00:00,Cidara Therapeutics Announces Presentations Highlighting Phase 1 and Phase 2a Clinical Data on CD388 at ESCMID 2024 - Cidara Therapeutics  ( NASDAQ:CDTX ) ,https://www.benzinga.com/pressreleases/24/04/g38457396/cidara-therapeutics-announces-presentations-highlighting-phase-1-and-phase-2a-clinical-data-on-cd3,"SAN DIEGO, April 26, 2024 ( GLOBE NEWSWIRE ) -- Cidara Therapeutics, Inc.",www.benzinga.com,0.155306,Somewhat-Bullish,JNJ,0.07157,0.073387,Neutral
2024-04-26 12:13:00,5 Stocks in Focus on Their Recent Dividend Hike,https://www.zacks.com/stock/news/2263132/5-stocks-in-focus-on-their-recent-dividend-hike,"Five stocks to focus with recent dividend hike are: JNJ, TRV, SON, KBH, SPFI.",www.zacks.com,0.195152,Somewhat-Bullish,JNJ,0.299478,0.251639,Somewhat-Bullish
2024-04-26 15:34:00,Stocks Rebound Amid Big-Cap Earnings: Weekly Review,https://www.investors.com/news/stock-market-rebounds-tesla-microsoft-google-meta-chipotle-ge-in-focus-weekly-review/,"Stock Market Rebounds. Tesla, Microsoft, Google, Meta, Chipotle, GE In Focus: Weekly Review Investor's Business Daily ...",www.investors.com,0.022015,Neutral,JNJ,0.033075,-0.060313,Neutral
2024-04-26 15:45:09,Are You Looking for a High-Growth Dividend Stock?,https://www.zacks.com/stock/news/2263489/are-you-looking-for-a-high-growth-dividend-stock,"Dividends are one of the best benefits to being a shareholder, but finding a great dividend stock is no easy task. Does Johnson & Johnson (JNJ) have what it takes? Let's find out.",www.zacks.com,0.421112,Bullish,JNJ,0.448316,0.497143,Bullish
2024-04-26 16:10:00,"AbbVie  ( ABBV )  Beats on Q1 Earnings & Sales, Ups '24 EPS View",https://www.zacks.com/stock/news/2263588/abbvie-abbv-beats-on-q1-earnings-sales-ups-24-eps-view,AbbVie's (ABBV) first-quarter earnings and sales beat estimates. Management hikes the EPS guidance on the back of encouraging Skyrizi product sales.,www.zacks.com,0.126215,Neutral,JNJ,0.074809,0.063534,Neutral
2024-04-27 11:45:00,"Johnson & Johnson Stock: Buy, Sell, or Hold?",https://www.fool.com/investing/2024/04/27/johnson-johnson-stock-buy-sell-or-hold/,Is this top healthcare stock worth adding to your portfolio today?,www.fool.com,0.210394,Somewhat-Bullish,JNJ,0.330876,0.124083,Neutral
2024-04-27 15:30:00,NAMIWalks Greater LA County Mental Health Festival Taking Place at LA State Historic Park,https://www.benzinga.com/pressreleases/24/04/n38476927/namiwalks-greater-la-county-mental-health-festival-taking-place-at-la-state-historic-park,"LOS ANGELES, April 27, 2024 /PRNewswire/ -- The National Alliance on Mental Illness Greater L.A. County ( NAMI GLAC ) will celebrate its 20th annual NAMIWalks Greater LA County Mental Health Festival during Mental Health Awareness Month on Saturday, May 4, 2024.",www.benzinga.com,0.300726,Somewhat-Bullish,JNJ,0.064973,0.198444,Somewhat-Bullish
2024-04-28 08:20:00,Better Dividend Stock: AbbVie or Johnson & Johnson?,https://www.fool.com/investing/2024/04/28/better-dividend-stock-abbvie-or-johnson-johnson/,One thing is for sure: Dividend seekers can't go wrong with either.,www.fool.com,0.215112,Somewhat-Bullish,JNJ,0.479385,0.29997,Somewhat-Bullish
2024-04-28 12:45:00,2 Top Growth Stocks to Buy Right Now and Hold Forever,https://www.fool.com/investing/2024/04/28/2-top-growth-stocks-to-buy-now-and-hold-forever/,These healthcare stocks can provide enviable long-term portfolio growth.,www.fool.com,0.318166,Somewhat-Bullish,JNJ,0.216087,0.249471,Somewhat-Bullish
2024-04-28 13:15:00,3 Unusual Income ETFs That May Be Just What You're Looking For,https://www.fool.com/investing/2024/04/28/3-unusual-income-etfs-that-may-be-just-what-youre/,"They may be off the beaten path, but these exchange-traded funds just might meet your unique income need.",www.fool.com,0.218539,Somewhat-Bullish,JNJ,0.034039,0.154281,Somewhat-Bullish
2024-04-29 08:00:00,ENA Respiratory Announces FDA IND Clearance for its Prophylactic Intranasal INNA-051 - a First-in-Class Antiviral Innate Immunomodulator,https://www.benzinga.com/pressreleases/24/04/g38482503/ena-respiratory-announces-fda-ind-clearance-for-its-prophylactic-intranasal-inna-051-a-first-in-cl,"MELBOURNE, Australia, April 29, 2024 ( GLOBE NEWSWIRE ) -- ENA Respiratory, a clinical-stage pharmaceutical company developing innate immune modulators for the prevention of complications associated with respiratory viral infections in at-risk populations, announces today that the U.S.",www.benzinga.com,0.215658,Somewhat-Bullish,JNJ,0.056674,0.133947,Neutral
2024-04-29 14:23:00,Johnson & Johnson Is a King of Dividend Safety,https://www.fool.com/investing/2024/04/29/johnson-johnson-is-a-king-of-dividend-safety/,The healthcare behemoth has fortified its dividend.,www.fool.com,0.380671,Bullish,JNJ,0.614836,0.495553,Bullish
2024-04-29 21:07:42,Cutting Edge Picks: 3 Med Tech Stocks With Room to Run,https://markets.businessinsider.com/news/stocks/cutting-edge-picks-3-med-tech-stocks-with-room-to-run-1033302252,"Undoubtedly, investors seem to have a new appetite for next-level revenue growth. Generative AI, GLP-1 weight-loss drugs and other breakthrough innovations ( I'm not sure if the metaverse qualifies right now ) seek to expand in some pretty massive markets.",markets.businessinsider.com,0.295971,Somewhat-Bullish,JNJ,0.159218,0.153099,Somewhat-Bullish
2024-04-29 22:22:04,"Judge rejects J&J, Bristol Myers Squibb challenges to Medicare drug price negotiations",https://www.cnbc.com/2024/04/29/jj-bristol-myers-squibb-lose-medicare-drug-price-talks-challenges.html,The decision is another win for the Biden administration in a bitter legal fight with several drugmakers over the constitutionality of the price talks.,www.cnbc.com,-0.121913,Neutral,JNJ,0.087824,-0.015857,Neutral
2024-04-30 06:05:27,"The Indian FMCG industry has been a driver contributing to India's economy, said Manish Anandani at IAA & ISA Retrospect and Prospects",https://www.financialexpress.com/business/brandwagon-the-indianfmcgindustryhas-been-a-driver-contributing-toindiaseconomy-said-manish-anandani-at-iaa-isa-retrospect-and-prospects-3472404/,"The India Chapter of the International Advertising Association ( IAA ) in collaboration with The Indian Society of Advertisers ( ISA ) hosted the IAA and ISA Retrospect and Prospects with Manish Anandani, managing director - India, Kenvue ( erstwhile Johnson & Johnson Consumer Health ) on April ...",www.financialexpress.com,0.329582,Somewhat-Bullish,JNJ,0.223866,0.203751,Somewhat-Bullish
2024-04-30 07:03:03,AstraZeneca's Covishield causes rare blood clot disorder TTS: What is it?,https://www.business-standard.com/companies/news/astrazeneca-s-covishield-causes-rare-blood-clot-disorder-tts-what-is-it-124043000340_1.html,"AstraZeneca, the company that makes the Covishield vaccine for Covid-19 pandemic, has admitted the inoculation has potential side effects.",www.business-standard.com,-0.156041,Somewhat-Bearish,JNJ,0.062926,0.013051,Neutral
2024-04-30 12:08:27,"3 Trends In Healthcare Guided By AI And The Companies Behind The Innovation - Johnson & Johnson  ( NYSE:JNJ ) , Cardio Diagnostics Hldgs  ( NASDAQ:CDIO ) ",https://www.benzinga.com/partner/health-care/24/04/38517052/3-trends-in-healthcare-guided-by-ai-and-the-companies-behind-the-innovation,"Artificial intelligence ( AI ) is on the cusp of transforming nearly every single industry. When it comes to healthcare, several trends have emerged. As doctors and scientists continue to innovate, the market for AI in healthcare is expanding.",www.benzinga.com,0.294133,Somewhat-Bullish,JNJ,0.140239,0.070633,Neutral
2024-04-30 13:00:28,EPA implements toughest restrictions yet on use of highly toxic chemical in paint stripper,https://www.cnn.com/2024/04/30/health/epa-methylene-chloride-paint-strippers/index.html,"The US Environmental Protection Agency finalized a rule Tuesday that will end many uses of the highly toxic, cancer-causing solvent methylene chloride. The chemical will still be available for certain purposes, but with new guidelines meant to keep workers safe.",www.cnn.com,-0.084712,Neutral,JNJ,0.03319,-0.134419,Neutral
2024-04-30 18:46:29,Spotlight on Johnson & Johnson: Analyzing the Surge in Options Activity - Johnson & Johnson  ( NYSE:JNJ ) ,https://www.benzinga.com/insights/options/24/04/38531452/spotlight-on-johnson-johnson-analyzing-the-surge-in-options-activity,"Investors with a lot of money to spend have taken a bearish stance on Johnson & Johnson JNJ. We noticed this today when the trades showed up on publicly available options history that we track here at Benzinga. Whether this is an institution or just a wealthy individual, we don't know.",www.benzinga.com,0.157822,Somewhat-Bullish,JNJ,0.654246,0.294472,Somewhat-Bullish
2024-05-01 02:03:17,AstraZeneca reaffirms Covid vaccine safety amid rare side effect concerns,https://www.business-standard.com/health/astrazeneca-reaffirms-covid-vaccine-safety-amid-rare-side-effect-concerns-124050100053_1.html,"AstraZeneca has made the admission in court documents in connection with a case that alleges that the vaccine, developed with the University of Oxford, caused death and serious injury in dozens of cases. ( Photo: Wikimedia Commons )",www.business-standard.com,-0.022023,Neutral,JNJ,0.077094,0.0,Neutral
2024-05-01 05:18:27,AstraZeneca responds to Covishield vaccine concerns: Here's what they said,https://www.business-standard.com/health/astrazeneca-responds-to-covishield-vaccine-concerns-here-s-what-they-said-124050100180_1.html,"In response to growing concerns surrounding potential side effects linked to the AstraZeneca-Oxford Covid-19 vaccine, the pharmaceutical giant restated its dedication to patient safety.",www.business-standard.com,0.01956,Neutral,JNJ,0.108466,-0.07396,Neutral
2024-05-01 09:21:00,3 No-Brainer Stocks to Buy With $200 Right Now,https://www.fool.com/investing/2024/05/01/3-no-brainer-stocks-to-buy-with-200-right-now/,You don't need a mountain of cash to grow your wealth on Wall Street.,www.fool.com,0.258629,Somewhat-Bullish,JNJ,0.210405,0.093093,Neutral
2024-05-01 10:31:53,Johnson & Johnson will pay $6.5 billion to resolve nearly all talc ovarian cancer lawsuits in U.S.,https://www.cnbc.com/2024/05/01/johnson-johnson-will-pay-6point5-billion-to-resolve-nearly-all-talc-ovarian-cancer-lawsuits-in-us.html,"The deal would allow J&J to resolve the lawsuits through a third bankruptcy filing of a subsidiary company, LTL Management.",www.cnbc.com,-0.303709,Somewhat-Bearish,JNJ,0.295867,-0.458434,Bearish
2024-05-01 11:00:00,Alkermes plc Reports First Quarter 2024 Financial Results,https://www.prnewswire.com/news-releases/alkermes-plc-reports-first-quarter-2024-financial-results-302132399.html,- First Quarter Revenues of $350.4 Million - - GAAP Net Income from Continuing Operations of $38.9 Million and Diluted GAAP Earnings per Share from Continuing Operations of $0.23 - - Company Reiterates 2024 Financial Expectations -,www.prnewswire.com,0.057285,Neutral,JNJ,0.024826,-0.023078,Neutral
2024-05-01 11:06:47,Did you take Covishield? Doctors advise against panic as AstraZeneca admits to rare side-effects,https://www.financialexpress.com/healthcare/covid-19/did-you-take-covishield-doctors-advise-against-panic-as-astrazeneca-admits-to-rare-side-effects/3474067/,British drugmaker AstraZeneca has admitted that its COVID-19 vaccine can cause a rare side effect of blood clotting and low platelet count after immunisation. The announcement caused panic among the people who took the COVID-19 jab.,www.financialexpress.com,-0.083976,Neutral,JNJ,0.032602,-0.052377,Neutral
2024-05-01 11:30:00,Stack Capital Invests $8 Million USD Into Canva,https://www.globenewswire.com/news-release/2024/05/01/2873118/0/en/Stack-Capital-Invests-8-Million-USD-Into-Canva.html,"Stack Capital is pleased to announce that it has invested US$8 million into Canva, a leading global online design platform.",www.globenewswire.com,0.308501,Somewhat-Bullish,JNJ,0.095138,0.186381,Somewhat-Bullish
2024-05-01 11:54:46,J&J subsidiary proposes paying about USD 6.48B over 25 years to settle talc lawsuits,https://www.business-standard.com/world-news/j-j-subsidiary-proposes-paying-about-usd-6-48b-over-25-years-to-settle-talc-lawsuits-124050100615_1.html,J&J subsidiary proposes paying $6.48 bn over 25 yrs to settle talc lawsuits Business Standard ...,www.business-standard.com,-0.169448,Somewhat-Bearish,JNJ,0.19117,-0.262193,Somewhat-Bearish
2024-05-01 12:01:00,"Samir R. Patel, M.D. Appointed Interim CEO for Akari Therapeutics - Akari Therapeutics  ( NASDAQ:AKTX ) , Peak Bio  ( OTC:PKBO ) ",https://www.benzinga.com/pressreleases/24/05/g38547749/samir-r-patel-m-d-appointed-interim-ceo-for-akari-therapeutics,"BOSTON and LONDON, May 01, 2024 ( GLOBE NEWSWIRE ) -- Akari Therapeutics, Plc AKTX, a biotechnology company developing advanced therapies for autoimmune and inflammatory diseases, today announced leadership changes, including the appointment of experienced life sciences entrepreneur Samir R.",www.benzinga.com,0.167436,Somewhat-Bullish,JNJ,0.025971,0.026861,Neutral
2024-05-01 13:15:00,The Forgotten Stock Advice That Delivers 170%+ Payout Growth,https://www.forbes.com/sites/brettowens/2024/05/01/the-forgotten-stock-advice-that-delivers-170-payout-growth/,"One of the best ways to grab a dividend payer set to surge is a strategy you never hear about anymore: Pick up shares of a conglomerate. I know, I know. The word brings to mind ""old school"" companies like 3M ( MMM ) -which we discussed a couple weeks ago-and Honeywell International ( HON ) .",www.forbes.com,0.157727,Somewhat-Bullish,JNJ,0.111834,-0.017918,Neutral
2024-05-01 13:36:00,J&J advances $6.475 billion settlement of talc cancer lawsuits | Business,https://www.cnn.com/2024/05/01/business/j-and-j-talc-cancer-lawsuits-settlement/index.html,Johnson & Johnson moves forward with $6.475 billion settlement of talc cancer lawsuits ...,www.cnn.com,-0.242776,Somewhat-Bearish,JNJ,0.149656,-0.1448,Neutral
2024-05-01 13:38:26,New to the Market - Life Sciences IPOs;  ( Nasdaq: MNDR )   ( NYSE: PACS )   ( Nasdaq: CTNM ) ,https://www.investorideas.com/news/2024/main/05011Stocks.asp,New to the Market - Life Sciences IPOs. ( Nasdaq: MNDR ) ( NYSE: PACS ...,www.investorideas.com,0.308232,Somewhat-Bullish,JNJ,0.04794,0.056862,Neutral
2024-05-01 18:17:36,Gene Therapies in Degenerative Retinal Disease Hold Potential to Capture Significant Portion of Market,https://www.benzinga.com/pressreleases/24/05/g38561570/gene-therapies-in-degenerative-retinal-disease-hold-potential-to-capture-significant-portion-of-ma,"EXTON, PA, May 01, 2024 ( GLOBE NEWSWIRE ) -- In the landscape of healthcare innovation, retinal disorders, including both inherited and degenerative diseases, have become a leading focus area for gene therapy investigation.",www.benzinga.com,0.286661,Somewhat-Bullish,JNJ,0.050679,0.188362,Somewhat-Bullish
2024-05-01 18:42:19,What's Going With Johnson & Johnson Stock On Wednesday? - Johnson & Johnson  ( NYSE:JNJ ) ,https://www.benzinga.com/general/biotech/24/05/38562078/johnson-johnson-wants-to-deal-with-talc-lawsuit-overhang-proposes-6-5b-settlement-package,"Wednesday, Johnson & Johnson JNJ announced its intention to proceed with a $6.475 billion settlement to resolve numerous lawsuits related to ovarian cancer arising from cosmetic talc litigation.",www.benzinga.com,-0.108081,Neutral,JNJ,0.616447,-0.235221,Somewhat-Bearish
2024-05-01 19:14:53,"BRODSKY & SMITH SHAREHOLDER UPDATE: Notifying Investors of the Following Investigations: DecisionPoint Systems, Inc.  ( NYSE American - DPSI ) , AdTheorent Holding Company, Inc.  ( Nasdaq - ADTH ) , Macatawa Bank Corporation  ( Nasdaq - MCBC ) , Shockwave Medical, Inc.  ( Nasdaq - SWAV ) ",https://www.benzinga.com/pressreleases/24/05/g38562905/brodsky-smith-shareholder-update-notifying-investors-of-the-following-investigations-decisionpoint,"BALA CYNWYD, Pa., May 01, 2024 ( GLOBE NEWSWIRE ) -- Brodsky & Smith reminds investors of the following investigations. If you own shares and wish to discuss the investigation, contact Jason Brodsky ( jbrodsky@brodskysmith.com ) or Marc Ackerman ( mackerman@brodskysmith.com ) at 855-576-4847.",www.benzinga.com,0.271165,Somewhat-Bullish,JNJ,0.20698,0.180248,Somewhat-Bullish
2024-05-02 10:52:51,"Nasdaq, S&P 500 Futures Rise Ahead Of Apple Earnings: What's Going On With Stock Market? - Invesco QQQ Trust, Series 1  ( NASDAQ:QQQ ) , SPDR S&P 500  ( ARCA:SPY ) ",https://www.benzinga.com/news/earnings/24/05/38576979/nasdaq-s-p-500-futures-rise-ahead-of-apple-earnings-why-this-analyst-thinks-no-cut-scenario-may-not,"U.S. stocks look to push ahead on a positive path, now that the Federal Reserve's rate decision is in the rearview mirror. Major index futures point to a positive open on Thursday.",www.benzinga.com,0.081907,Neutral,JNJ,0.067064,0.097849,Neutral
2024-05-02 12:00:00,PDS Biotech Appoints Stephan Toutain as Chief Operating Officer - PDS Biotechnology  ( NASDAQ:PDSB ) ,https://www.benzinga.com/pressreleases/24/05/g38579999/pds-biotech-appoints-stephan-toutain-as-chief-operating-officer,"PRINCETON, N.J., May 02, 2024 ( GLOBE NEWSWIRE ) -- PDS Biotechnology Corporation PDSB ( ""PDS Biotech"" or the ""Company"" ) , a late-stage immunotherapy company focused on transforming how the immune system targets and kills cancers and the development of infectious disease vaccines, today ...",www.benzinga.com,0.176583,Somewhat-Bullish,JNJ,0.026127,0.035383,Neutral
2024-05-02 15:01:00,Genmab Announces Financial Results for the First Quarter of 2024,https://www.globenewswire.com/news-release/2024/05/02/2874427/0/en/Genmab-Announces-Financial-Results-for-the-First-Quarter-of-2024.html,"May 2, 2024 Copenhagen, Denmark. Interim Report for the First Quarter Ended March ...",www.globenewswire.com,0.156708,Somewhat-Bullish,JNJ,0.030524,0.0,Neutral
2024-05-03 12:30:00,3 Dividend Growth Stocks that Just Raised Their Payouts,https://www.fool.com/investing/2024/05/03/3-dividend-growth-stocks-just-raised-their-payouts/,One of these stocks boosted its payouts by as much as 13%.,www.fool.com,0.347859,Somewhat-Bullish,JNJ,0.3115,0.11925,Neutral
2024-05-03 13:00:12,Johnson & Johnson  ( JNJ )  is Attracting Investor Attention: Here is What You Should Know,https://www.zacks.com/stock/news/2267759/johnson-johnson-jnj-is-attracting-investor-attention-here-is-what-you-should-know,"Johnson & Johnson (JNJ) has received quite a bit of attention from Zacks.com users lately. Therefore, it is wise to be aware of the facts that can impact the stock's prospects.",www.zacks.com,0.217815,Somewhat-Bullish,JNJ,0.473208,0.102884,Neutral
2024-05-03 13:10:02,How to Maximize Your Retirement Portfolio with These Top-Ranked Dividend Stocks,https://www.zacks.com/stock/news/2267786/how-to-maximize-your-retirement-portfolio-with-these-top-ranked-dividend-stocks,"The traditional retirement planning approaches no longer cover all expenses in nest egg years. So what can retirees do? Thankfully, there are alternative investments that provide steady, higher-rate income streams to replace dwindling bond yields.",www.zacks.com,0.232802,Somewhat-Bullish,JNJ,0.21258,0.123104,Neutral
2024-05-03 14:47:56,"Kuehn Law Encourages IP, SWAV, NX, and UNIT Investors to Contact Law Firm - International Paper  ( NYSE:IP ) , Quanex Building Prods  ( NYSE:NX ) ",https://www.benzinga.com/pressreleases/24/05/g38616188/kuehn-law-encourages-ip-swav-nx-and-unit-investors-to-contact-law-firm,"NEW YORK, May 03, 2024 ( GLOBE NEWSWIRE ) -- Kuehn Law, PLLC, a shareholder litigation law firm, is investigating potential claims related to the below-listed proposed mergers. Kuehn Law may seek additional disclosures or other relief on behalf of the shareholders of these companies.",www.benzinga.com,0.289685,Somewhat-Bullish,JNJ,0.109956,0.274329,Somewhat-Bullish
2024-05-03 16:09:54,"SHAREHOLDER INVESTIGATION: Halper Sadeh LLC Investigates UNIT, SWAV, IP, NX - International Paper  ( NYSE:IP ) , Quanex Building Prods  ( NYSE:NX ) ",https://www.benzinga.com/pressreleases/24/05/g38618931/shareholder-investigation-halper-sadeh-llc-investigates-unit-swav-ip-nx,"NEW YORK, May 03, 2024 ( GLOBE NEWSWIRE ) -- Halper Sadeh LLC, an investor rights law firm, is investigating the following companies for potential violations of the federal securities laws and/or breaches of fiduciary duties to shareholders relating to: Uniti Group Inc.",www.benzinga.com,0.090834,Neutral,JNJ,0.093289,0.081384,Neutral
2024-05-03 16:22:00,"BioSig Technologies, Inc. Announces New Appointments to its Now Fully Constituted Board of Directors, which is Comprised of 5 Board Members, 3 Independent - BioSig Technologies  ( NASDAQ:BSGM ) ",https://www.benzinga.com/pressreleases/24/05/g38619231/biosig-technologies-inc-announces-new-appointments-to-its-now-fully-constituted-board-of-directors,"Westport, CT, May 03, 2024 ( GLOBE NEWSWIRE ) -- BioSig Technologies, Inc.",www.benzinga.com,0.167188,Somewhat-Bullish,JNJ,0.046006,0.047485,Neutral
2024-05-05 17:24:00,Pharma giant adds Israel to list of Middle East markets after omission raises questions,https://www.foxbusiness.com/lifestyle/pharma-giant-adds-israel-list-middle-east-markets-omission-raises-questions,"Johnson & Johnson has added Israel to its directory of global markets on the company's order management website after sparking questions over why the list included ""Palestine"" and not the Jewish state.",www.foxbusiness.com,-0.04289,Neutral,JNJ,0.475251,-0.009277,Neutral
2024-05-06 15:00:34,Comparing Johnson & Johnson With Industry Competitors In Pharmaceuticals Industry - Johnson & Johnson  ( NYSE:JNJ ) ,https://www.benzinga.com/insights/news/24/05/38646233/comparing-johnson-amp-johnson-with-industry-competitors-in-pharmaceuticals-industry,"In the fast-paced and cutthroat world of business, conducting thorough company analysis is essential for investors and industry experts. In this article, we will undertake a comprehensive industry comparison, evaluating Johnson & Johnson JNJ in comparison to its major competitors within the ...",www.benzinga.com,0.138148,Neutral,JNJ,0.414559,0.271566,Somewhat-Bullish
2024-05-06 16:21:39,"BRODSKY & SMITH SHAREHOLDER UPDATE: Notifying Investors of the Following Investigations: DecisionPoint Systems, Inc.  ( NYSE American - DPSI ) , AdTheorent Holding Company, Inc.  ( Nasdaq - ADTH ) , Macatawa Bank Corporation  ( Nasdaq - MCBC ) , Shockwave Medical, Inc.  ( Nasdaq - SWAV ) ",https://www.benzinga.com/pressreleases/24/05/g38648423/brodsky-smith-shareholder-update-notifying-investors-of-the-following-investigations-decisionpoint,"BALA CYNWYD, Pa., May 06, 2024 ( GLOBE NEWSWIRE ) -- Brodsky & Smith reminds investors of the following investigations. If you own shares and wish to discuss the investigation, contact Jason Brodsky ( jbrodsky@brodskysmith.com ) or Marc Ackerman ( mackerman@brodskysmith.com ) at 855-576-4847.",www.benzinga.com,0.271165,Somewhat-Bullish,JNJ,0.20698,0.180248,Somewhat-Bullish
2024-05-06 18:10:36,"Johnson & Johnson Advances Its Two Bladder Cancer Studies, Releases Latest Data - Johnson & Johnson  ( NYSE:JNJ ) ",https://www.benzinga.com/general/biotech/24/05/38650661/johnson-johnson-advances-its-two-bladder-cancer-studies-releases-latest-data,"On Sunday, Johnson & Johnson JNJ ) released updated results from an open-label, multicenter, multi-cohort Phase 1 study of TAR-210 in patients with non-muscle-invasive bladder cancer ( NMIBC ) with select FGFR alterations.",www.benzinga.com,-0.11783,Neutral,JNJ,0.402618,-0.424065,Bearish
2024-05-07 10:28:00,Perrigo Announces Executive Transition for its Consumer Self-Care International  ( CSCI )  Business,https://www.prnewswire.com/news-releases/perrigo-announces-executive-transition-for-its-consumer-self-care-international-csci-business-302138020.html,"DUBLIN, May 7, 2024 /PRNewswire/ -- Perrigo Company plc ( NYSE: PRGO ) , a leading provider of Consumer Self-Care Products, today announced that Svend Andersen, Executive Vice President and President, Consumer Self-Care International ( CSCI ) , intends to retire from the Company in December of ...",www.prnewswire.com,0.481993,Bullish,JNJ,0.053509,0.127964,Neutral
2024-05-07 14:27:00,"Shockwave Medical  ( SWAV )  Q1 Earnings Beat, Revenues Rise Y/Y",https://www.zacks.com/stock/news/2269735/shockwave-medical-swav-q1-earnings-beat-revenues-rise-yy,Shockwave Medical's (SWAV) first-quarter results reflect robust revenue growth and gross margin expansion amid JNJ entering into a definitive agreement to acquire the company.,www.zacks.com,0.194997,Somewhat-Bullish,JNJ,0.24289,0.326496,Somewhat-Bullish
2024-05-07 15:30:00,A Look at Pharma ETFs Post Q1 Earnings,https://www.zacks.com/stock/news/2269782/a-look-at-pharma-etfs-post-q1-earnings,"Many industry bigwigs reported solid results, with some beating on earnings or revenues or both.",www.zacks.com,0.05748,Neutral,JNJ,0.156207,0.035777,Neutral
2024-05-07 16:13:00,"Q1 Earnings Season Scorecard and Fresh Analyst Reports for Tesla, JNJ & Netflix",https://www.zacks.com/research-daily/2269663/q1-earnings-season-scorecard-and-fresh-analyst-reports-for-tesla-jnj-netflix,"Today's Research Daily features the Q1 earnings season scorecard and updated analyst reports on Tesla (TSLA), JNJ (JNJ), Netflix (NFLX) and others.",www.zacks.com,0.267042,Somewhat-Bullish,JNJ,0.065327,0.010117,Neutral
2024-05-07 18:31:50,Johnson & Johnson's TARIS Platform - Goldman Sachs Outlines Potential For The Bladder Cancer Therapy - Johnson & Johnson  ( NYSE:JNJ ) ,https://www.benzinga.com/analyst-ratings/analyst-color/24/05/38679466/johnson-johnsons-taris-platform-goldman-sachs-outlines-potential-for-the-bladder-ca,"Over the weekend, Johnson & Johnson JNJ shared data from its TARIS platform assets ( TAR-210 and TAR-200 ) in patients with different types of bladder cancer. Goldman Sachs notes that the company has framed the platform as having a peak revenue potential of over $5 billion.",www.benzinga.com,0.070197,Neutral,JNJ,0.660632,0.22017,Somewhat-Bullish
2024-05-07 19:00:14,Kenvue  ( KVUE )  Q1 2024 Earnings Call Transcript,https://www.fool.com/earnings/call-transcripts/2024/05/07/kenvue-kvue-q1-2024-earnings-call-transcript/,"KVUE earnings call for the period ending March 31, 2024.",www.fool.com,0.356644,Bullish,JNJ,0.005333,0.144743,Neutral
2024-05-08 10:18:00,"The Zacks Analyst Blog Highlights Tesla, Johnson & Johnson, Netflix, Abbott and ConocoPhillips",https://www.zacks.com/stock/news/2270202/the-zacks-analyst-blog-highlights-tesla-johnson-johnson-netflix-abbott-and-conocophillips,"Tesla, Johnson & Johnson, Netflix, Abbott and ConocoPhillips are included in this Analyst Blog.",www.zacks.com,0.285535,Somewhat-Bullish,JNJ,0.288044,0.050653,Neutral
2024-05-08 11:16:00,"Got $1,000? 3 Dividend Stocks to Buy and Hold Forever",https://www.fool.com/investing/2024/05/08/got-1000-3-dividend-stocks-to-buy-and-hold-forever/,Check out these healthcare stocks for some healthy payouts.,www.fool.com,0.361249,Bullish,JNJ,0.271274,0.277996,Somewhat-Bullish
2024-05-08 12:30:00,Preparations for CIIE 2024 in full swing - PR Newswire,https://www.prnewswire.com/news-releases/preparations-for-ciie-2024-in-full-swing-302139776.html,Preparations for CIIE 2024 in full swing PR ...,www.prnewswire.com,0.251097,Somewhat-Bullish,JNJ,0.070935,0.0,Neutral
2024-05-08 16:20:00,Q3 2023/24 - First sale of the XM30 completed,https://www.globenewswire.com/news-release/2024/05/08/2878075/0/en/Q3-2023-24-First-sale-of-the-XM30-completed.html,ANNOUNCEMENT NO. ...,www.globenewswire.com,0.079925,Neutral,JNJ,0.020096,0.035386,Neutral
2024-05-09 09:07:00,What Is the Dividend Payout for Johnson & Johnson Stock?,https://www.fool.com/investing/2024/05/09/what-is-the-dividend-payout-for-johnson-johnson-st/,Here's a closer look at the healthcare behemoth's dividend.,www.fool.com,0.266078,Somewhat-Bullish,JNJ,0.795859,0.445272,Bullish
2024-05-09 10:20:06,Should You Invest in the VanEck Pharmaceutical ETF  ( PPH ) ?,https://www.zacks.com/stock/news/2271115/should-you-invest-in-the-vaneck-pharmaceutical-etf-pph,Sector ETF report for PPH ...,www.zacks.com,0.1496,Neutral,JNJ,0.136888,0.061272,Neutral
2024-05-09 13:10:03,3 Top Dividend Stocks to Maximize Your Retirement Income,https://www.zacks.com/stock/news/2271312/3-top-dividend-stocks-to-maximize-your-retirement-income,"The traditional retirement planning approaches no longer cover all expenses in nest egg years. So what can retirees do? Thankfully, there are alternative investments that provide steady, higher-rate income streams to replace dwindling bond yields.",www.zacks.com,0.166023,Somewhat-Bullish,JNJ,0.206685,0.120441,Neutral
2024-05-09 14:41:07,"A Look at Pharma ETFs Post Q1 Earnings - Bristol-Myers Squibb  ( NYSE:BMY ) , First Trust Nasdaq Pharmaceuticals ETF  ( NASDAQ:FTXH ) ",https://www.benzinga.com/news/earnings/24/05/38676365/a-look-at-pharma-etfs-post-q1-earnings,"The first-quarter results of the healthcare sector have been unimpressive, with earnings of 78% of the sector participants that have reported so far down 31.2% despite 4.4% revenue growth. The earnings beat ratio of 93.9% and the revenue beat ratio of 75.8% are assuring, though.",www.benzinga.com,0.081562,Neutral,JNJ,0.121856,0.060941,Neutral
2024-05-10 02:30:00,"Tale of misleading advertising! From Patanjali, Cadbury, and Nestle to Johnson & Johnson",https://www.financialexpress.com/business/brandwagon-tale-of-misleading-advertising-from-patanjali-cadbury-and-nestle-to-johnson-amp-johnsonnbsp-3482625/,What is the role of an advertisement? Simply place a brand in the spotlight to be able to gain consumer attention. The advertisement is further built on a narrative where claims are made to project its unique proposition to consumers.,www.financialexpress.com,0.058922,Neutral,JNJ,0.047749,-0.141696,Neutral
2024-05-10 09:21:00,Prediction: 3 Sensational Stocks That'll Be Worth Far More Than Tesla 2 Years From Now,https://www.fool.com/investing/2024/05/10/prediction-3-stocks-worth-more-than-tesla-2-years/,Three time-tested businesses have the necessary catalysts to blow past electric-vehicle (EV) maker Tesla by 2026.,www.fool.com,0.223225,Somewhat-Bullish,JNJ,0.15769,0.119188,Neutral
2024-05-10 13:00:00,James Brodie of Johnson & Johnson MedTech Appointed Chair of the Medtech Canada Board of Directors - Canada NewsWire,https://www.newswire.ca/news-releases/james-brodie-of-johnson-amp-johnson-medtech-appointed-chair-of-the-medtech-canada-board-of-directors-866765198.html,James Brodie of Johnson & Johnson MedTech Appointed Chair of the Medtech Canada Board of Directors Canada ...,www.newswire.ca,0.416029,Bullish,JNJ,0.172919,0.111187,Neutral
2024-05-10 13:51:19,"SHAREHOLDER INVESTIGATION: Halper Sadeh LLC Investigates AGS, SWAV, HRT - PlayAGS  ( NYSE:AGS ) , HireRight Holdings  ( NYSE:HRT ) ",https://www.benzinga.com/pressreleases/24/05/g38761292/shareholder-investigation-halper-sadeh-llc-investigates-ags-swav-hrt,"NEW YORK, May 10, 2024 ( GLOBE NEWSWIRE ) -- Halper Sadeh LLC, an investor rights law firm, is investigating the following companies for potential violations of the federal securities laws and/or breaches of fiduciary duties to shareholders relating to:",www.benzinga.com,0.140797,Neutral,JNJ,0.117486,0.08744,Neutral
2024-05-12 04:51:00,Local governments struggle to distribute their share of billions from opioid settlements,https://apnews.com/article/opioid-settlement-small-towns-local-governments-5daabce1ac8da004f94df0cc0b288e43,"Settlement money to help stem the decades-long opioid addiction and overdose epidemic is rolling out to small towns and big cities across the U.S., but advocates worry that chunks of it may be used in ways that don't make a dent in the crisis.",apnews.com,0.106467,Neutral,JNJ,0.032825,-0.065384,Neutral
2024-05-12 11:00:00,1 Passive Income Vehicle Every Investor Should Own,https://www.fool.com/investing/2024/05/12/1-passive-income-vehicle-every-investor-should-own/,This healthcare giant is a rock-solid passive income play.,www.fool.com,0.41516,Bullish,JNJ,0.139265,0.155943,Somewhat-Bullish
2024-05-12 12:20:00,Forget Johnson & Johnson: Buy This Better Healthcare Stock Instead,https://www.fool.com/investing/2024/05/12/forget-johnson-johnson-buy-this-cheaper-healthcare/,Johnson & Johnson isn't the ultra-safe stock it used to be.,www.fool.com,0.070475,Neutral,JNJ,0.700373,0.050536,Neutral
2024-05-12 16:50:29,Mitch McConnell's Cannabis Gambit: How The Farm Bill Unwittingly Fueled A THC Boom,https://www.benzinga.com/markets/cannabis/24/05/35598477/mitch-mcconnells-cannabis-gambit-how-the-farm-bill-unwittingly-fueled-a-thc-boom,"This article was originally published on MG Magazine and appears here with permission. There is no shortage of unintended legislative consequences in the brief history of legal cannabis, but the 2018 Agricultural Improvement Act-popularly known as the Farm Bill-may take the cake.",www.benzinga.com,0.09422,Neutral,JNJ,0.011855,0.111127,Neutral
2024-05-13 02:29:22,"Sugar in cereals, pesticides in spices; why we struggle to keep food safeBa",https://www.business-standard.com/india-news/sugar-in-cereals-pesticides-in-spices-why-we-struggle-to-keep-food-safe-124051300074_1.html,"Sugar in cereals, pesticides in spices. why we struggle to keep food safeBa Business Standard ...",www.business-standard.com,-0.156549,Somewhat-Bearish,JNJ,0.03798,-0.043448,Neutral
2024-05-13 09:05:00,Notification of managers' transactions,https://www.globenewswire.com/news-release/2024/05/13/2880171/0/en/Notification-of-managers-transactions.html,ANNOUNCEMENT NO. ...,www.globenewswire.com,0.117406,Neutral,JNJ,0.279015,0.082681,Neutral
2024-05-13 10:01:00,MDMA therapy could be legalized by summer. Why are so many advocates sounding the alarm?,https://www.businessinsider.com/mdma-therapy-maps-lykos-rick-doblin-fda-legalization-trials-2024-5,MDMA Therapy May Be Legal Soon. Some Advocates Are Sounding the Alarm. - Business Insider ...,www.businessinsider.com,0.043221,Neutral,JNJ,0.00531,0.018304,Neutral
2024-05-13 10:15:00,Pre-Settlement Legal Funding News: New Hampshire Jury Awards $38MM to David Meehan Sex Abuse Victim in Youth Detention Center  ( YDC )  Bellwether Case,https://www.prnewswire.com/news-releases/pre-settlement-legal-funding-news-new-hampshire-jury-awards-38mm-to-david-meehan-sex-abuse-victim-in-youth-detention-center-ydc-bellwether-case-302142994.html,Pre-Settlement Legal Funding News: New Hampshire Jury Awards $38MM to David Meehan Sex Abuse Victim in ... PR ...,www.prnewswire.com,-0.054008,Neutral,JNJ,0.030998,-0.254509,Somewhat-Bearish
2024-05-13 10:50:00,Get Decades of Passive Income From This High-Dividend-Yield ETF,https://www.fool.com/investing/2024/05/13/get-passive-income-from-high-dividend-etf/,This cheap fund offers diversification and passive income.,www.fool.com,0.327614,Somewhat-Bullish,JNJ,0.074692,0.151724,Somewhat-Bullish
2024-05-13 11:00:00,"Senhwa Biosciences Announces Jason Huang, MD as New Chief Medical Officer",https://www.prnewswire.com/news-releases/senhwa-biosciences-announces-jason-huang-md-as-new-chief-medical-officer-302143219.html,"NEW TAIPEI CITY, May 13, 2024 /PRNewswire/ -- Senhwa Biosciences, Inc. ( TPEx: 6492 ) , announced the appointment of Jason Huang, M.D., former Regional Therapeutic Area Expert ( RTAE ) , Janssen, a subsidiary of Johnson and Johnson, as the company's chief medical officer.",www.prnewswire.com,0.285702,Somewhat-Bullish,JNJ,0.133841,0.0,Neutral
2024-05-13 11:30:00,2 Supercharged Dividend Stocks to Buy and Hold for Years,https://www.fool.com/investing/2024/05/13/2-supercharged-dividend-stocks-to-buy-and-hold-for/,Consistent passive income is one top goal long-term investors should have for their portfolio.,www.fool.com,0.205767,Somewhat-Bullish,JNJ,0.230454,0.144505,Neutral
2024-05-13 15:45:08,Johnson & Johnson  ( JNJ )  Could Be a Great Choice,https://www.zacks.com/stock/news/2272999/johnson-johnson-jnj-could-be-a-great-choice,"Dividends are one of the best benefits to being a shareholder, but finding a great dividend stock is no easy task. Does Johnson & Johnson (JNJ) have what it takes? Let's find out.",www.zacks.com,0.413082,Bullish,JNJ,0.436009,0.484927,Bullish
2024-05-14 02:11:50,Red Lobster closes dozens of restaurants amid bankruptcy reports - .com,https://www.upi.com/Top_News/US/2024/05/13/red-lobster-closes-dozens-locations/7911715650259/,Red Lobster closes dozens of restaurants amid bankruptcy reports UPI News ...,www.upi.com,-0.079271,Neutral,JNJ,0.100308,-0.397924,Bearish
2024-05-14 13:00:15,Johnson & Johnson  ( JNJ )  Is a Trending Stock: Facts to Know Before Betting on It,https://www.zacks.com/stock/news/2273339/johnson-johnson-jnj-is-a-trending-stock-facts-to-know-before-betting-on-it,"Recently, Zacks.com users have been paying close attention to Johnson & Johnson (JNJ). This makes it worthwhile to examine what the stock has in store.",www.zacks.com,0.250902,Somewhat-Bullish,JNJ,0.47672,0.165672,Somewhat-Bullish
2024-05-14 20:15:00,NANOBIOTIX Announces US FDA Protocol Acceptance for New Randomized Phase 2 Study Evaluating NBTXR3 for Patients with Stage Three Lung Cancer,https://www.globenewswire.com/news-release/2024/05/14/2881909/0/en/NANOBIOTIX-Announces-US-FDA-Protocol-Acceptance-for-New-Randomized-Phase-2-Study-Evaluating-NBTXR3-for-Patients-with-Stage-Three-Lung-Cancer.html,"PARIS and CAMBRIDGE, Mass., May 14, 2024 ( GLOBE NEWSWIRE ) -- NANOBIOTIX ( Euronext: NANO -- NASDAQ: NBTX - the ''Company'' ) , a late-clinical stage biotechnology company pioneering nanoparticle-based therapeutic approaches to expand treatment possibilities for patients with cancer and other ...",www.globenewswire.com,0.083876,Neutral,JNJ,0.084871,-0.011479,Neutral
2024-05-15 13:10:02,Improve Your Retirement Income with These 3 Top-Ranked Dividend Stocks,https://www.zacks.com/stock/news/2274016/improve-your-retirement-income-with-these-3-top-ranked-dividend-stocks,"The traditional ways to plan for your retirement may mean income can no longer cover expenses post-employment. But what if there was another option that could provide a steady, reliable source of income in your nest egg years?",www.zacks.com,0.185136,Somewhat-Bullish,JNJ,0.212115,0.119657,Neutral
2024-05-15 14:15:00,1 No-Brainer Growth Stock to Buy and Hold for 10 Years,https://www.fool.com/investing/2024/05/15/1-no-brainer-growth-stock-to-buy-and-hold-for-10/,This company's potential far outweighs its risks.,www.fool.com,0.174683,Somewhat-Bullish,JNJ,0.058615,-0.095012,Neutral
2024-05-15 20:20:00,Cidara Therapeutics Provides Corporate Update and Reports First Quarter 2024 Financial Results,https://www.globenewswire.com/news-release/2024/05/15/2882924/0/en/Cidara-Therapeutics-Provides-Corporate-Update-and-Reports-First-Quarter-2024-Financial-Results.html,"SAN DIEGO, May 15, 2024 ( GLOBE NEWSWIRE ) -- Cidara Therapeutics, Inc. ( Nasdaq: CDTX ) ( the Company ) , a biotechnology company using its proprietary Cloudbreak® platform to develop drug-Fc conjugate ( DFC ) immunotherapies designed to save lives and improve the standard of care for patients ...",www.globenewswire.com,0.113267,Neutral,JNJ,0.024673,0.039232,Neutral
2024-05-16 12:51:36,"Pfizer, AstraZeneca, Sanofi And Mainz Biomed To Uplevel Europe's Pharma Game - Pfizer  ( NYSE:PFE ) ",https://www.benzinga.com/markets/penny-stocks/24/05/38871754/pfizer-astrazeneca-sanofi-and-mainz-biomed-to-uplevel-europes-pharma-game,"On Sunday, Pfizer PFE and AstraZeneca Plc AZN were among the pharmaceutical companies who announced they will be investing a total of nearly $1 billion in their operations in France, just ahead of this year's ""Choose France"" business summit.",www.benzinga.com,0.082044,Neutral,JNJ,0.048425,0.070186,Neutral
2024-05-16 15:30:12,Johnson & Johnson  ( JNJ )  Up 5.5% Since Last Earnings Report: Can It Continue?,https://www.zacks.com/stock/news/2274916/johnson-johnson-jnj-up-55-since-last-earnings-report-can-it-continue,Johnson & Johnson (JNJ) reported earnings 30 days ago. What's next for the stock? We take a look at earnings estimates for some clues.,www.zacks.com,0.173769,Somewhat-Bullish,JNJ,0.095899,0.071638,Neutral
2024-05-16 15:42:51,"Ex-Dividend Reminder: Nuvei, Walgreens And Johnson & Johnson",https://www.forbes.com/sites/dividendchannel/2024/05/16/ex-dividend-reminder-nuvei-walgreens-and-johnson--johnson/,"On 5/20/24, Nuvei, Walgreens Boots Alliance, and Johnson & Johnson will all trade ex-dividend for their respective upcoming dividends. Nuvei will pay its quarterly dividend of $0.10 on 6/6/24, Walgreens Boots Alliance will pay its quarterly dividend of $0.25 on 6/12/24, and Johnson & Johnson will ...",www.forbes.com,0.217243,Somewhat-Bullish,JNJ,0.724687,0.253237,Somewhat-Bullish
2024-05-16 16:35:58,Johnson & Johnson To Acquire Early-Stage Eczema Treatment Developer Proteologix For $850M - Johnson & Johnson  ( NYSE:JNJ ) ,https://www.benzinga.com/general/biotech/24/05/38878697/johnson-johnson-to-acquire-early-stage-eczema-treatment-developer-proteologix-for-850m,"Thursday, Johnson & Johnson JNJ agreed to acquire Proteologix Inc., a privately held biotechnology company focused on bispecific antibodies for immune-mediated diseases, for $850 million in cash, with the potential for an additional milestone payment.",www.benzinga.com,0.034347,Neutral,JNJ,0.506613,0.376527,Bullish
2024-05-17 03:45:00,"Proteologix, Inc. to be Acquired by Johnson & Johnson",https://www.prnewswire.com/news-releases/proteologix-inc-to-be-acquired-by-johnson--johnson-302148671.html,"REDWOOD CITY, Calif., May 16, 2024 /PRNewswire/ -- Proteologix, Inc., a privately-held biotechnology company focused on bispecific antibodies for immune-mediated diseases, today announced that it has entered into a definitive agreement to be acquired by Johnson & Johnson for $850 million in ...",www.prnewswire.com,0.196304,Somewhat-Bullish,JNJ,0.265859,0.23946,Somewhat-Bullish
2024-05-17 15:56:00,J&J  ( JNJ )  to Boost Dermatology Portfolio With New Acquisition,https://www.zacks.com/stock/news/2275581/jj-jnj-to-boost-dermatology-portfolio-with-new-acquisition,"Johnson & Johnson (JNJ) inks deal to acquire Proteologix, Inc. for $850 million in cash. The transaction is expected to be closed in mid-2024.",www.zacks.com,0.239797,Somewhat-Bullish,JNJ,0.406526,0.250096,Somewhat-Bullish
2024-05-18 14:19:14,"Cannabis Meets Prescription Drugs, Steroids And Ketamine In Schedule III: What It Means, Key Stocks To Watch - AbbVie  ( NYSE:ABBV ) , Amgen  ( NASDAQ:AMGN ) ",https://www.benzinga.com/markets/cannabis/24/05/38905472/cannabis-meets-prescription-drugs-steroids-and-ketamine-in-schedule-iii-what-it-means-key-stocks,President Joe Biden's administration is moving to reschedule cannabis from Schedule I to Schedule III under the Controlled Substances Act ( CSA ) . This shift could revolutionize the cannabis industry. But what exactly is Schedule III? What other substances are produced and studied in this ...,www.benzinga.com,0.327636,Somewhat-Bullish,JNJ,0.117774,0.19966,Somewhat-Bullish
2024-05-20 10:20:06,Should You Invest in the Vanguard Health Care ETF  ( VHT ) ?,https://www.zacks.com/stock/news/2275801/should-you-invest-in-the-vanguard-health-care-etf-vht,Sector ETF report for ...,www.zacks.com,0.26824,Somewhat-Bullish,JNJ,0.134214,0.064229,Neutral
2024-05-20 12:00:00,U.S. Food and Drug Administration  ( FDA )  Extends its Memorandum of Understanding  ( MOU )  with MedISAO,https://www.benzinga.com/pressreleases/24/05/n38916445/u-s-food-and-drug-administration-fda-extends-its-memorandum-of-understanding-mou-with-medisao,Strategic partnership between FDA and MedISAO emphasizes the importance of strengthening medical device security,www.benzinga.com,0.432769,Bullish,JNJ,0.055621,0.154906,Somewhat-Bullish
2024-05-20 15:00:53,Inquiry Into Johnson & Johnson's Competitor Dynamics In Pharmaceuticals Industry - Johnson & Johnson  ( NYSE:JNJ ) ,https://www.benzinga.com/insights/news/24/05/38920727/inquiry-into-johnson-amp-johnsons-competitor-dynamics-in-pharmaceuticals-industry,"In today's fast-paced and competitive business landscape, it is essential for investors and industry enthusiasts to thoroughly analyze companies before making investment decisions.",www.benzinga.com,0.198135,Somewhat-Bullish,JNJ,0.405963,0.381456,Bullish
2024-05-20 15:17:22,What 9 Analyst Ratings Have To Say About Genmab,https://markets.businessinsider.com/news/stocks/what-9-analyst-ratings-have-to-say-about-genmab-1033404016,"Genmab ( NASDAQ:GMAB ) has been analyzed by 9 analysts in the last three months, revealing a diverse range of perspectives from bullish to bearish. The table below provides a snapshot of their recent ratings, showcasing how sentiments have evolved over the past 30 days and comparing them to the ...",markets.businessinsider.com,0.174546,Somewhat-Bullish,JNJ,0.102231,-0.072416,Neutral
2024-05-20 15:22:24,JB Pharma aims to grow its revenue by 12-14% in the next two years,https://www.business-standard.com/companies/news/jb-pharma-aims-to-grow-its-revenue-by-12-14-in-the-next-two-years-124052001344_1.html,Mumbai-based pharma company JB Pharma is aiming to grow its revenue by 12-14 per cent in the next two years. The company is particularly focused on expanding its presence in the chronic medicines segment and its contract development and manufacturing organisation ( CDMO ) business.,www.business-standard.com,0.237948,Somewhat-Bullish,JNJ,0.181137,0.223376,Somewhat-Bullish
2024-05-20 17:18:16,"Should You Invest in the Vanguard Health Care ETF? - Johnson & Johnson  ( NYSE:JNJ ) , iShares Global Healthcare ETF  ( ARCA:IXJ ) ",https://www.benzinga.com/news/24/05/38915885/should-you-invest-in-the-vanguard-health-care-etf,"Looking for broad exposure to the Healthcare - Broad segment of the equity market? You should consider the Vanguard Health Care ETF VHT, a passively managed exchange traded fund launched on 01/26/2004.",www.benzinga.com,0.295516,Somewhat-Bullish,JNJ,0.138464,0.100561,Neutral
2024-05-21 00:25:00,Teva and Alvotech Announce SIMLANDI®  ( adalimumab-ryvk )  Injection Now Available in the U.S.,https://www.globenewswire.com/news-release/2024/05/21/2885214/0/en/Teva-and-Alvotech-Announce-SIMLANDI-adalimumab-ryvk-Injection-Now-Available-in-the-U-S.html,"REYKJAVIK, Iceland and PARSIPPANY, N.J., May 21, 2024 ( GLOBE NEWSWIRE ) -- Teva Pharmaceuticals, a U.S. affiliate of Teva Pharmaceutical Industries Ltd. ( NYSE and TASE: TEVA ) and Alvotech ( NASDAQ: ALVO ) , today announced the availability of SIMLANDI ( adalimumab-ryvk ) injection in the ...",www.globenewswire.com,-0.007299,Neutral,JNJ,0.011216,0.0,Neutral
2024-05-21 04:40:00,Idorsia announces financial results for the full year of 2023 - Adapting the company to create sustainable value,https://www.globenewswire.com/news-release/2024/05/21/2885231/0/en/Idorsia-announces-financial-results-for-the-full-year-of-2023-Adapting-the-company-to-create-sustainable-value.html,Ad hoc announcement pursuant to Art. 53 LR ...,www.globenewswire.com,0.13181,Neutral,JNJ,0.096769,0.093267,Neutral
2024-05-21 05:00:00,Idorsia announces changes to Idorsia Executive Committee and Board of Directors,https://www.globenewswire.com/news-release/2024/05/21/2885236/0/en/Idorsia-announces-changes-to-Idorsia-Executive-Committee-and-Board-of-Directors.html,Ad hoc announcement pursuant to Art. 53 LR ...,www.globenewswire.com,0.248733,Somewhat-Bullish,JNJ,0.020976,0.09226,Neutral
2024-05-21 08:25:09,"Engitix Announces Appointment of Matthew Edwards Ph.D., as SVP Discovery and Emma Huang Ph.D., as VP Data Sciences",https://www.benzinga.com/pressreleases/24/05/g38934103/engitix-announces-appointment-of-matthew-edwards-ph-d-as-svp-discovery-and-emma-huang-ph-d-as-vp-d,"LONDON, May 21, 2024 ( GLOBE NEWSWIRE ) -- Engitix Ltd ( 'Engitix' ) , a biotechnology company with a portfolio of drug discovery programmes in fibrosis and solid tumours using its proprietary human extracellular matrix ( ECM ) platform, today announces the appointment of Matthew Edwards, Ph.D., ...",www.benzinga.com,0.236786,Somewhat-Bullish,JNJ,0.095138,0.096914,Neutral
2024-05-21 13:10:02,How to Maximize Your Retirement Portfolio with These Top-Ranked Dividend Stocks,https://www.zacks.com/stock/news/2276513/how-to-maximize-your-retirement-portfolio-with-these-top-ranked-dividend-stocks,"The traditional ways to plan for your retirement may mean income can no longer cover expenses post-employment. But what if there was another option that could provide a steady, reliable source of income in your nest egg years?",www.zacks.com,0.201946,Somewhat-Bullish,JNJ,0.219312,0.122836,Neutral
2024-05-21 14:57:24,"Want $1,000 in Dividend Income? Here's How Much You'd Have to Invest in Johnson & Johnson Stock",https://www.fool.com/investing/2024/05/21/want-1000-in-dividend-income-heres-how-much-youd-h/,Johnson & Johnson is a high-quality dividend stock.,www.fool.com,0.386954,Bullish,JNJ,0.85773,0.612061,Bullish
2024-05-21 19:31:20,Smart Money Is Betting Big In JNJ Options - Johnson & Johnson  ( NYSE:JNJ ) ,https://www.benzinga.com/insights/options/24/05/38950084/smart-money-is-betting-big-in-jnj-options,"Deep-pocketed investors have adopted a bullish approach towards Johnson & Johnson JNJ, and it's something market players shouldn't ignore. Our tracking of public options records at Benzinga unveiled this significant move today.",www.benzinga.com,0.235206,Somewhat-Bullish,JNJ,0.539766,0.392668,Bullish
2024-05-21 20:15:00,Nanobiotix Announces Progress in Global NBTXR3 Development Collaboration Highlighting Robust Pipeline and Pathway to Long-Term Growth - Nanobiotix  ( NASDAQ:NBTX ) ,https://www.benzinga.com/pressreleases/24/05/g38951099/nanobiotix-announces-progress-in-global-nbtxr3-development-collaboration-highlighting-robust-pipel,Updated Nanobiotix corporate strategy designed to enable long-term growth through execution of the global NBTXR3 collaboration and platforms beyond NBTXR3 Alignment of intent to transfer the sponsorship of the ongoing Phase 3 pivotal trial in head and neck cancer to begin preparations for ...,www.benzinga.com,0.149242,Neutral,JNJ,0.030898,0.070316,Neutral
2024-05-21 21:14:00,Alvotech Reports Financial Results for First Quarter of 2024 and Provides a Business Update,https://www.globenewswire.com/news-release/2024/05/21/2886079/0/en/Alvotech-Reports-Financial-Results-for-First-Quarter-of-2024-and-Provides-a-Business-Update.html,"Alvotech ( NASDAQ: ALVO, or the ""Company"" ) , a global biotech company specializing in the development and manufacture of biosimilar medicines for patients worldwide, today reported unaudited financial results for the first three months of 2024 and provided a summary of recent corporate ...",www.globenewswire.com,0.111134,Neutral,JNJ,0.02746,0.0,Neutral
2024-05-21 21:15:00,Alvotech Reports Financial Results for First Quarter of 2024 and Provides a Business Update,https://www.globenewswire.com/news-release/2024/05/21/2886080/0/en/Alvotech-Reports-Financial-Results-for-First-Quarter-of-2024-and-Provides-a-Business-Update.html,"REYKJAVIK, Iceland, May 21, 2024 ( GLOBE NEWSWIRE ) -- Alvotech ( NASDAQ: ALVO, or the ""Company"" ) , a global biotech company specializing in the development and manufacture of biosimilar medicines for patients worldwide, today reported unaudited financial results for the first three months of ...",www.globenewswire.com,0.111129,Neutral,JNJ,0.027382,0.0,Neutral
2024-05-22 12:00:00,Why This Top-Rated Medtech Stock Has 20/20 Vision - And 55% Growth,https://www.investors.com/research/the-new-america/rxsight-rxst-stock-cataracts-surgery-light-adjustable-lenses/,Why RxSight's Vision Is 20/20 As Shares Approach A Record High Investor's Business Daily ...,www.investors.com,0.216828,Somewhat-Bullish,JNJ,0.089129,0.221361,Somewhat-Bullish
2024-05-22 20:57:00,Johnson & Johnson sued by cancer victims over 'fraudulent' bankruptcies,https://www.foxbusiness.com/markets/johnson-johnson-sued-cancer-victims-fraudulent-bankruptcies,"A group of cancer victims sued Johnson & Johnson on Wednesday, accusing the healthcare company of committing fraud through repeated and continued efforts to use a shell company's bankruptcy to resolve tens of thousands of lawsuits alleging its talc products contained asbestos and caused cancer.",www.foxbusiness.com,-0.379594,Bearish,JNJ,0.227716,-0.529054,Bearish
2024-05-23 12:30:00,Action Canada announces its 2024-2025 Fellows - Canada NewsWire,https://www.newswire.ca/news-releases/action-canada-announces-its-2024-2025-fellows-844598230.html,Action Canada announces its 2024-2025 Fellows Canada ...,www.newswire.ca,0.269231,Somewhat-Bullish,JNJ,0.025034,0.263742,Somewhat-Bullish
2024-05-23 15:26:45,"Johnson & Johnson's Bankruptcy Tactics Are Fraudulent, Plaintiffs Accuse Company Of Defrauding Cancer Victims - Johnson & Johnson  ( NYSE:JNJ ) ",https://www.benzinga.com/general/biotech/24/05/38989073/johnson-johnsons-bankruptcy-tactics-are-fraudulent-plaintiffs-accuse-company-of-defrauding-cancer,"A group of cancer victims has reportedly filed a lawsuit against Johnson & Johnson JNJ, accusing the healthcare giant of committing fraud through its persistent efforts to use a shell company's bankruptcy to resolve numerous lawsuits.",www.benzinga.com,-0.309397,Somewhat-Bearish,JNJ,0.784902,-0.430283,Bearish
2024-05-23 16:09:00,"NVIDIA  ( NVDA )  Q1 Earnings Top Estimates, Revenues Rise Y/Y",https://www.zacks.com/stock/news/2278212/nvidia-nvda-q1-earnings-top-estimates-revenues-rise-yy,"NVIDIA's (NVDA) first-quarter fiscal 2025 results benefited from strong demand for its GPUs, along with an expanding partner base.",www.zacks.com,0.13452,Neutral,JNJ,0.037504,0.24356,Somewhat-Bullish
2024-05-23 18:00:16,"Biden Administration Urges Supreme Court Review in Terrorism Funding Lawsuit Against Pharma Companies - AstraZeneca  ( NASDAQ:AZN ) , GE HealthCare Techs  ( NASDAQ:GEHC ) ",https://www.benzinga.com/general/biotech/24/05/38992121/biden-administration-urges-supreme-court-review-in-terrorism-funding-lawsuit-against-pharma-compa,"The Biden administration has urged the U.S. Supreme Court to reconsider a ruling involving 21 pharmaceutical and medical equipment companies accused of funding terrorism in Iraq, resulting in the deaths and injuries of American service members. The U.S.",www.benzinga.com,0.044399,Neutral,JNJ,0.215894,0.100493,Neutral
2024-05-24 09:21:00,2 Artificial Intelligence  ( AI )  Dow Stocks Billionaire Investors Have Been Buying Hand Over Fist Since 2024 Began,https://www.fool.com/investing/2024/05/24/2-ai-dow-stocks-billionaire-investors-buying-2024/,Prominent billionaire money managers can't stop buying shares of two Dow Jones Industrial Average components whose growth strategies rely on artificial intelligence (AI).,www.fool.com,0.289791,Somewhat-Bullish,JNJ,0.032338,0.144529,Neutral
2024-05-24 21:45:12,Johnson & Johnson  ( JNJ )  Stock Falls Amid Market Uptick: What Investors Need to Know,https://www.zacks.com/stock/news/2278966/johnson-johnson-jnj-stock-falls-amid-market-uptick-what-investors-need-to-know,"In the closing of the recent trading day, Johnson & Johnson (JNJ) stood at $146.97, denoting a -1.82% change from the preceding trading day.",www.zacks.com,0.222116,Somewhat-Bullish,JNJ,0.537213,0.342103,Somewhat-Bullish
2024-05-27 09:21:00,"5 Magnificent Stocks Being Bought for Warren Buffett's $646 Million ""Secret"" Portfolio",https://www.fool.com/investing/2024/05/27/5-stocks-bought-warren-buffett-secret-portfolio/,Warren Buffett's secret portfolio contains 90 securities -- five of which are phenomenal businesses whose shares were purchased in the March-ended quarter.,www.fool.com,0.181999,Somewhat-Bullish,JNJ,0.109082,0.085149,Neutral
2024-05-27 10:20:07,Should You Invest in the Health Care Select Sector SPDR ETF  ( XLV ) ?,https://www.zacks.com/stock/news/2279193/should-you-invest-in-the-health-care-select-sector-spdr-etf-xlv,Sector ETF report for ...,www.zacks.com,0.256999,Somewhat-Bullish,JNJ,0.129168,0.06419,Neutral
2024-05-27 12:30:00,10 Best Vanguard Funds to Buy Right Now,https://www.fool.com/investing/2024/05/27/10-best-vanguard-funds-to-buy-right-now/,These 10 Vanguard stock ETFs can help you build a top-notch portfolio.,www.fool.com,0.391095,Bullish,JNJ,0.022729,0.246548,Somewhat-Bullish
2024-05-27 13:10:03,3 Top Dividend Stocks to Maximize Your Retirement Income,https://www.zacks.com/stock/news/2279347/3-top-dividend-stocks-to-maximize-your-retirement-income,"The traditional retirement planning approaches no longer cover all expenses in nest egg years. So what can retirees do? Thankfully, there are alternative investments that provide steady, higher-rate income streams to replace dwindling bond yields.",www.zacks.com,0.288862,Somewhat-Bullish,JNJ,0.214462,0.123956,Neutral
2024-05-27 21:00:00,"Home Healthcare Market size is set to grow by USD 312.33 million from 2023-2027, Quality of home healthcare ... - PR Newswire",https://www.prnewswire.com/news-releases/home-healthcare-market-size-is-set-to-grow-by-usd-312-33-million-from-2023-2027--quality-of-home-healthcare-increasing-patient-satisfaction-boost-the-market-technavio-302155780.html,"Home Healthcare Market size is set to grow by USD 312.33 million from 2023-2027, Quality of home healthcare ... PR ...",www.prnewswire.com,0.297595,Somewhat-Bullish,JNJ,0.038345,0.0,Neutral
2024-05-27 22:15:00,"Stem Cell Therapy Market size is set to grow by USD 11.65 billion from 2023-2027, Increasing prevalence of chronic ... - PR Newswire",https://www.prnewswire.com/news-releases/stem-cell-therapy-market-size-is-set-to-grow-by-usd-11-65-billion-from-2023-2027--increasing-prevalence-of-chronic-diseases-boost-the-market-technavio-302155784.html,"Stem Cell Therapy Market size is set to grow by USD 11.65 billion from 2023-2027, Increasing prevalence of chronic ... PR ...",www.prnewswire.com,0.081887,Neutral,JNJ,0.031322,0.0,Neutral
2024-05-28 17:16:20,What the Options Market Tells Us About Johnson & Johnson - Johnson & Johnson  ( NYSE:JNJ ) ,https://www.benzinga.com/insights/options/24/05/39044112/what-the-options-market-tells-us-about-johnson-johnson,"Deep-pocketed investors have adopted a bullish approach towards Johnson & Johnson JNJ, and it's something market players shouldn't ignore. Our tracking of public options records at Benzinga unveiled this significant move today.",www.benzinga.com,0.160229,Somewhat-Bullish,JNJ,0.617765,0.243854,Somewhat-Bullish
2024-05-28 22:05:00,"YouTube is 19 years old. Here's a timeline of how it was founded and grew to become king of video, with some controversies along the way.",https://www.businessinsider.com/history-of-youtube,YouTube history: How the video-sharing website became so popular - Business Insider ...,www.businessinsider.com,0.150028,Somewhat-Bullish,JNJ,0.031992,-0.048354,Neutral
2024-05-29 11:00:00,The Industry That Ate America,https://www.theatlantic.com/magazine/archive/2024/07/wolves-of-k-street-book-review-lobbying/678523/,How K Street Runs America The Atlantic ...,www.theatlantic.com,0.146789,Neutral,JNJ,0.01429,-0.01974,Neutral
2024-05-29 12:01:00,"With FDA Clearance, Intuitive Surgical Operates On New Breakout",https://www.investors.com/research/breakout-stocks-technical-analysis/intuittive-surgical-isrg-stock-da-vinci-robotic-surgery/,"In March, robotic surgery leader Intuitive Surgical ( ISRG ) received clearance from the U.S. Federal Drug Administration for the da Vinci 5 next-generation multiport robotic system.",www.investors.com,0.156921,Somewhat-Bullish,JNJ,0.183895,0.027727,Neutral
2024-05-29 12:21:00,J&J  ( JNJ )  to Buy Rights to Novel Atopic Dermatitis Candidate,https://www.zacks.com/stock/news/2280409/jj-jnj-to-buy-rights-to-novel-atopic-dermatitis-candidate,"J&J (JNJ) is set to acquire Yellow Jersey Therapeutics, which holds NM26 rights, from Numab's shareholder, for a purchase price of $1.25 billion in cash.",www.zacks.com,0.0,Neutral,JNJ,0.343279,0.095146,Neutral
2024-05-29 13:00:18,Johnson & Johnson  ( JNJ )  is Attracting Investor Attention: Here is What You Should Know,https://www.zacks.com/stock/news/2280453/johnson-johnson-jnj-is-attracting-investor-attention-here-is-what-you-should-know,"Johnson & Johnson (JNJ) has been one of the stocks most watched by Zacks.com users lately. So, it is worth exploring what lies ahead for the stock.",www.zacks.com,0.246441,Somewhat-Bullish,JNJ,0.47147,0.161568,Somewhat-Bullish
2024-05-29 14:51:20,"Are Boomers Crashing The Economy Or Saving It? Why Investors Are Perplexed And What You Can Do To Prepare Are Boomers Saving The US Economy? Pundits Torn Over Fate Of $76 Trillion In Retirement Funds - CVS Health  ( NYSE:CVS ) , Bristol-Myers Squibb  ( NYSE:BMY ) ",https://www.benzinga.com/economics/macro-economic-events/24/05/39066076/are-boomers-crashing-the-economy-or-saving-it-why-investors-are-perplexed-and-wha,The mass retirement of the boomer generation has been anticipated as one of the most impactful economic events of the 21st century. Economists are still trying to understand the consequences of the wealthiest generation in human history going into retirement by the millions each year.,www.benzinga.com,0.135787,Neutral,JNJ,0.075995,0.100081,Neutral
2024-05-29 15:45:08,Are You Looking for a High-Growth Dividend Stock?,https://www.zacks.com/stock/news/2280781/are-you-looking-for-a-high-growth-dividend-stock,"Dividends are one of the best benefits to being a shareholder, but finding a great dividend stock is no easy task. Does Johnson & Johnson (JNJ) have what it takes? Let's find out.",www.zacks.com,0.392903,Bullish,JNJ,0.448316,0.462495,Bullish
2024-05-29 16:30:00,Newsweek and Plant-A Insights Group Announce Second Annual America's Greatest Workplaces for LGBTQ+ Ranking,https://www.benzinga.com/pressreleases/24/05/g39068877/newsweek-and-plant-a-insights-group-announce-second-annual-americas-greatest-workplaces-for-lgbtq-,"NEW YORK, May 29, 2024 ( GLOBE NEWSWIRE ) -- Newsweek, the modern global digital news organization, in partnership with Plant-A Insights Group, today announced the release of its America's Greatest Workplaces for LGBTQ+ 2024 Ranking.",www.benzinga.com,0.380559,Bullish,JNJ,0.047465,0.125889,Neutral
2024-05-29 16:55:12,Johnson & Johnson's Drug Seltorexant Aces Late-Stage Depression Trial - Johnson & Johnson  ( NYSE:JNJ ) ,https://www.benzinga.com/general/biotech/24/05/39069469/johnson-johnsons-drug-seltorexant-aces-late-stage-depression-trial,"Wednesday, Johnson & Johnson JNJ announced topline results from Phase 3 MDD3001 clinical trial evaluating the efficacy and safety of seltorexant as an adjunctive treatment to baseline antidepressants in adult and elderly patients with major depressive disorder ( MDD ) with insomnia symptoms.",www.benzinga.com,-0.009923,Neutral,JNJ,0.459624,-0.024449,Neutral
2024-05-29 21:39:09,InnovationRx: MedTech Venture Investment Bounced Back  ( A Little ) ,https://www.forbes.com/sites/alexknapp/2024/05/29/innovationrx-medtech-venture-investment-bounced-back-a-little/,"InnovationRx is your weekly digest of healthcare news. To get it in your inbox, subscribe here. The past few quarters have been rough for healthcare startups looking to raise venture capital, but there may be light at the end of the tunnel-at least for medical devices.",www.forbes.com,0.033541,Neutral,JNJ,0.054732,0.0,Neutral
2024-05-30 10:20:07,Should You Invest in the iShares U.S. Healthcare ETF  ( IYH ) ?,https://www.zacks.com/stock/news/2281071/should-you-invest-in-the-ishares-us-healthcare-etf-iyh,Sector ETF report for ...,www.zacks.com,0.21482,Somewhat-Bullish,JNJ,0.132004,0.069616,Neutral
2024-05-30 11:00:00,Monte Rosa Therapeutics Announces Leadership Team Promotions - Monte Rosa Therapeutics  ( NASDAQ:GLUE ) ,https://www.benzinga.com/pressreleases/24/05/g39081952/monte-rosa-therapeutics-announces-leadership-team-promotions,"BOSTON, May 30, 2024 ( GLOBE NEWSWIRE ) -- Monte Rosa Therapeutics, Inc. GLUE, a clinical-stage biotechnology company developing novel molecular glue degrader ( MGD ) -based medicines, today announced three leadership team promotions effective immediately: Sharon Townson, Ph.D., to Chief ...",www.benzinga.com,0.140797,Neutral,JNJ,0.054983,0.184895,Somewhat-Bullish
2024-05-30 13:31:00,3 Stocks That Could Be Easy Wealth Builders,https://www.fool.com/investing/2024/05/30/3-stocks-that-could-be-easy-wealth-builders/,These investment ideas should help you grow your portfolio with minimal effort.,www.fool.com,0.344833,Somewhat-Bullish,JNJ,0.145804,0.149667,Neutral
2024-05-30 14:10:08,Meet 2024's Net Zero Leaders,https://www.forbes.com/sites/hnewman/2024/05/30/meet-2024s-net-zero-leaders/,"Research suggests that while nearly 60% of U.S. consumers say they are considering buying an electric or hybrid vehicle, less than 20% do, partly because green products tend to be more expensive. But even if customers don't actually buy a company's more sustainable products, they see it cares ...",www.forbes.com,0.241525,Somewhat-Bullish,JNJ,0.035086,0.027303,Neutral
2024-05-30 16:15:00,OSE Immunotherapeutics Provides Business and Corporate Update,https://www.globenewswire.com/news-release/2024/05/30/2890988/0/en/OSE-Immunotherapeutics-Provides-Business-and-Corporate-Update.html,"• Three pharmaceutical agreements signed during the last three months: • New strategic partnership with AbbVie for OSE-230, a novel preclinical potential first-in-class program for the treatment of chronic inflammation. • Major partnership expansion with Boehringer Ingelheim: • Amendment of the ...",www.globenewswire.com,0.160417,Somewhat-Bullish,JNJ,0.01895,0.012589,Neutral
2024-05-30 16:24:00,Merck  ( MRK )  to Buy Private Ophthalmology Company EyeBio,https://www.zacks.com/stock/news/2281600/merck-mrk-to-buy-private-ophthalmology-company-eyebio,"Merck's (MRK) acquisition of EyeBio is set to add the latter's lead pipeline candidate, Restoret, a novel Wnt agonist antibody being developed for treating retinal diseases.",www.zacks.com,0.198982,Somewhat-Bullish,JNJ,0.098659,0.039044,Neutral
2024-05-30 16:27:00,J&J's  ( JNJ )  Oral Pill Improves Depression & Insomnia Symptoms,https://www.zacks.com/stock/news/2281643/jjs-jnj-oral-pill-improves-depression-insomnia-symptoms,Data from a late-stage study shows that treatment with J&J's (JNJ) experimental drug met all study endpoints in depression patients with insomnia symptoms.,www.zacks.com,-0.024574,Neutral,JNJ,0.25168,-0.175119,Somewhat-Bearish
2024-05-30 17:03:57,"Should You Invest in the iShares U.S. Healthcare ETF? - BlackRock  ( NYSE:BLK ) , iShares U.S. Healthcare ETF  ( ARCA:IYH ) ",https://www.benzinga.com/news/24/05/39083266/should-you-invest-in-the-ishares-u-s-healthcare-etf,"Looking for broad exposure to the Healthcare - Broad segment of the equity market? You should consider the iShares U.S. Healthcare ETF IYH, a passively managed exchange traded fund launched on 06/12/2000.",www.benzinga.com,0.240467,Somewhat-Bullish,JNJ,0.135729,0.109151,Neutral
2024-05-30 18:20:54,Why Sarepta Therapeutics Stock Is Rising Today - Sarepta Therapeutics  ( NASDAQ:SRPT ) ,https://www.benzinga.com/news/24/05/39095135/why-sarepta-therapeutics-stock-is-rising-today,"Sarepta Therapeutics, Inc. SRPT stock is trading higher on Thursday after it was announced the company will be added to the S&P MidCap 400. What Happened: Effective prior to the opening of trading on June 3, Sarepta Therapeutics will join the S&P MidCap 400, replacing Shockwave Medical SWAV.",www.benzinga.com,0.386496,Bullish,JNJ,0.468029,0.0,Neutral
2024-05-30 18:45:44,"Healthy Returns: Pfizer, Merck, J&J and more to release cancer drug data at industry conference",https://www.cnbc.com/2024/05/30/healthy-returns-pfizer-merck-jj-to-release-cancer-drug-data.html,"CNBC will be on the ground at the ASCO annual meeting in Chicago. Meanwhile, Epic released a free tool set to help health systems evaluate AI models.",www.cnbc.com,0.105112,Neutral,JNJ,0.040691,-0.06742,Neutral
2024-05-30 21:45:14,Johnson & Johnson  ( JNJ )  Rises As Market Takes a Dip: Key Facts,https://www.zacks.com/stock/news/2281695/johnson-johnson-jnj-rises-as-market-takes-a-dip-key-facts,"Johnson & Johnson (JNJ) closed the most recent trading day at $145.28, moving +0.58% from the previous trading session.",www.zacks.com,0.172594,Somewhat-Bullish,JNJ,0.635085,0.241129,Somewhat-Bullish
2024-05-31 12:42:00,Live updates: Trump to hold news conference after guilty verdict in hush money case,https://apnews.com/live/trump-guilty-verdict-updates,Donald Trump will hold a news conference at 11:00 a.m. ET at Trump Tower after becoming the first former U.S. president to be convicted of felony crimes.,apnews.com,-0.09451,Neutral,JNJ,0.117486,-0.115138,Neutral
2024-05-31 23:43:02,What Stock Investors Can Learn From Venture Capitalists,https://www.fool.com/investing/2024/05/31/what-stock-investors-can-learn-from-venture-capita/,"Venture capitalists don't mind strike outs, as long as they get their home runs.",www.fool.com,0.208911,Somewhat-Bullish,JNJ,0.014084,0.11563,Neutral
2024-06-01 09:50:00,3 Magnificent Dividend Stocks to Buy and Hold Forever,https://www.fool.com/investing/2024/06/01/3-magnificent-dividend-stocks-to-buy-hold-forever/,These dividend stocks are keepers for income investors.,www.fool.com,0.419281,Bullish,JNJ,0.383905,0.342668,Somewhat-Bullish
2024-06-01 12:00:00,S&P 500 Giants Lead Five Healthy Stocks Near Buy Points,https://www.investors.com/news/sp-500-giants-stocks-near-buy-points/,"With many leading stocks in need of some repair, investors may want to seek medical attention. Eli Lilly ( LLY ) , Novo Nordisk ( NVO ) , Vertex Pharmaceuticals ( VRTX ) , Intuitive Surgical ( ISRG ) and Universal Health ( UHS ) are all trading in or near buy zones.",www.investors.com,0.124906,Neutral,JNJ,0.064018,0.094068,Neutral
2024-06-02 12:00:00,3 Dividend-Paying Tech Stocks to Buy in June,https://www.fool.com/investing/2024/06/02/3-dividend-paying-tech-stocks-to-buy-in-june/,"Not every tech stock pays a dividend, but these three offer both growth and income.",www.fool.com,0.303694,Somewhat-Bullish,JNJ,0.056011,-0.009002,Neutral
2024-06-02 12:56:50,"NVIDIA Enables Real-Time Healthcare, Industrial and Scientific AI Applications at the Edge With Enterprise Software Support for NVIDIA IGX With Holoscan - NVIDIA  ( NASDAQ:NVDA ) ",https://www.benzinga.com/pressreleases/24/06/g39126902/nvidia-enables-real-time-healthcare-industrial-and-scientific-ai-applications-at-the-edge-with-ent,"TAIPEI, Taiwan, June 02, 2024 ( GLOBE NEWSWIRE ) -- COMPUTEX -- To address the increasing need for real-time AI computing at the industrial edge, NVIDIA today announced the general software availability of NVIDIA AI Enterprise-IGX with NVIDIA Holoscan on the NVIDIA IGX™ platform.",www.benzinga.com,0.311114,Somewhat-Bullish,JNJ,0.050254,0.160253,Somewhat-Bullish
2024-06-03 06:33:00,AbbVie  ( ABBV )  Soars 3.2%: Is Further Upside Left in the Stock?,https://www.zacks.com/stock/news/2282406/abbvie-abbv-soars-32-is-further-upside-left-in-the-stock,AbbVie (ABBV) saw its shares surge in the last session with trading volume being higher than average. The latest trend in earnings estimate revisions may not translate into further price increase in the near term.,www.zacks.com,0.206255,Somewhat-Bullish,JNJ,0.514619,0.0,Neutral
2024-06-03 09:30:00,Want $1 Million in Retirement? 2 ETFs to Buy Now and Hold for Decades,https://www.fool.com/investing/2024/06/03/want-1-million-in-retirement-2-etfs-to-buy-now/,These ETFs are an easy way to turn small but regular contributions into a $1 million retirement fund.,www.fool.com,0.232737,Somewhat-Bullish,JNJ,0.068698,0.021254,Neutral
2024-06-03 10:58:48,Travel News: Lloyds Targets Holidaymakers With Free Foreign Spending,https://www.forbes.com/uk/advisor/travel-insurance/2024/06/03/travel-latest-news/,"Lloyds Bank is to scrap overseas spending fees for some of its current account customers this summer, writes Bethany Garner. From 1 July, Lloyds' Silver and Platinum current account holders can make debit card purchases and withdraw cash anywhere in the world free of charge.",www.forbes.com,0.004776,Neutral,JNJ,0.000869,0.0,Neutral
2024-06-03 13:10:04,Improve Your Retirement Income with These 3 Top-Ranked Dividend Stocks,https://www.zacks.com/stock/news/2282559/improve-your-retirement-income-with-these-3-top-ranked-dividend-stocks,"The traditional retirement planning approaches no longer cover all expenses in nest egg years. So what can retirees do? Thankfully, there are alternative investments that provide steady, higher-rate income streams to replace dwindling bond yields.",www.zacks.com,0.202029,Somewhat-Bullish,JNJ,0.213048,0.123315,Neutral
2024-06-03 15:00:42,Performance Comparison: Johnson & Johnson And Competitors In Pharmaceuticals Industry - Johnson & Johnson  ( NYSE:JNJ ) ,https://www.benzinga.com/insights/news/24/06/39139483/performance-comparison-johnson-amp-johnson-and-competitors-in-pharmaceuticals-industry,"In the fast-paced and cutthroat world of business, conducting thorough company analysis is essential for investors and industry experts. In this article, we will undertake a comprehensive industry comparison, evaluating Johnson & Johnson JNJ in comparison to its major competitors within the ...",www.benzinga.com,0.138046,Neutral,JNJ,0.451494,0.179248,Somewhat-Bullish
2024-06-03 16:01:12,"Johnson & Johnson At ASCO Highlights Long Term Data From Multiple Myeloma Drug, Shows Sustained Deep, Durable Responses In Pretreated Patients - Johnson & Johnson  ( NYSE:JNJ ) ",https://www.benzinga.com/general/biotech/24/06/39141103/johnson-johnson-at-asco-highlights-long-term-data-from-multiple-myeloma-drug-shows-sustained-deep,"Monday, Johnson & Johnson JNJ announced longer-term data from Phase 1/2 MajesTEC-1 study of Tecvayli ( teclistamab-cqyv ) showing deep and durable responses in patients with relapsed or refractory multiple myeloma ( RRMM ) .",www.benzinga.com,0.136869,Neutral,JNJ,0.330286,0.195197,Somewhat-Bullish
2024-06-03 16:03:40,US Spin-Offs Beat S&P 500  ( Up 34% YTD ) ,https://www.forbes.com/sites/joecornell/2024/06/03/us-spin-offs-beat-sp-500-up-34-ytd/,"Large diversified conglomerates aim to unlock value by divesting slower-growing units that tend to hold back the stock's overall valuation, saddling them with the 'conglomerate discount'.",www.forbes.com,0.217839,Somewhat-Bullish,JNJ,0.020758,0.144176,Neutral
2024-06-04 05:58:32,Johnson & Johnson Ordered To Pay $260M In Latest Talc Trial - Johnson & Johnson  ( NYSE:JNJ ) ,https://www.benzinga.com/general/biotech/24/06/39151770/johnson-johnson-ordered-to-pay-260m-in-latest-talc-trial,"A jury has ruled that Johnson & Johnson JNJ must pay $260 million to an Oregon woman who claims to have developed mesothelioma from using the company's talc powder. What Happened: The jury's decision, announced on Monday, includes $60 million in compensatory damages and $200 million in punitive ...",www.benzinga.com,-0.29229,Somewhat-Bearish,JNJ,0.25168,-0.094561,Neutral
2024-06-04 12:33:37,Suddenly Whole-Body Deodorants Are Trending In The U.S.,https://www.forbes.com/sites/joshuacohen/2024/06/04/suddenly-whole-body-deodorants-are-trending-in-the-us/,"You've probably seen the ads on television or online regarding deodorant that goes beyond armpits and is meant for your whole body, including your groin area, feet and practically anywhere else you fancy.",www.forbes.com,0.026753,Neutral,JNJ,0.043818,-0.050404,Neutral
2024-06-04 14:16:57,"Bitcoin Breaches $70K Before Pulling Back, Analysts Optimistic Despite Volatility; NYSE Fixes Glitch That Slashed Berkshire Hathaway Shares - Top Headlines Today While US Slept",https://www.benzinga.com/markets/cryptocurrency/24/06/39162285/bitcoin-breaches-70k-before-pulling-back-analysts-optimistic-despite-volatility-nyse-fixes,Bitcoin Spot ETFs On 15-Day Inflow Streak As Wisconsin Starts Buying Bitcoin What The Ethereum ETF Means For Altcoins And Meme Coins NBA NFT Creator Dapper Labs Settles Securities Violation Lawsuit For $4M: 'Pleased With The Results',www.benzinga.com,-0.032016,Neutral,JNJ,0.057628,-0.148988,Neutral
2024-06-04 17:33:13,US court jury directs J&J to pay $260 million to baby powder user,https://www.business-standard.com/world-news/us-court-jury-directs-j-j-to-pay-260-million-to-baby-powder-user-124060401899_1.html,J&J officials said they'd appeal the Oregon verdict and are confident it will be thrown out. Photo: Bloomberg Johnson & Johnson was ordered by an Oregon jury to pay $260 million to a woman who blamed her cancer on life-long use of the company's baby powder as the drugmaker strives to wrap-up ...,www.business-standard.com,-0.061009,Neutral,JNJ,0.11123,-0.190905,Somewhat-Bearish
2024-06-05 07:49:08,"AI 'healthcare revolution' already under way, Nvidia says",https://www.aljazeera.com/economy/2024/6/5/ai-healthcare-revolution-already-under-way-nvidia-says,"Top executive says AI likely to affect healthcare more than any other area of life. Taipei, Taiwan - Generative artificial intelligence ( AI ) has already brought about a ""healthcare revolution"" and is set to transform everything from pharmaceutical research to patient diagnostics and ...",www.aljazeera.com,0.16778,Somewhat-Bullish,JNJ,0.066047,0.103177,Neutral
2024-06-05 13:47:00,J&J  ( JNJ )  Seeks Expanded Use of HIV Drug in US and Europe,https://www.zacks.com/stock/news/2283972/jj-jnj-seeks-expanded-use-of-hiv-drug-in-us-and-europe,"J&J (JNJ) seeks expanded use of its HIV-1 therapy, Prezcobix, for younger kids in the United States and Europe.",www.zacks.com,0.131438,Neutral,JNJ,0.326283,0.157381,Somewhat-Bullish
2024-06-05 21:45:10,Johnson & Johnson  ( JNJ )  Stock Drops Despite Market Gains: Important Facts to Note,https://www.zacks.com/stock/news/2284311/johnson-johnson-jnj-stock-drops-despite-market-gains-important-facts-to-note,"Johnson & Johnson (JNJ) closed at $145.97 in the latest trading session, marking a -1.24% move from the prior day.",www.zacks.com,0.212594,Somewhat-Bullish,JNJ,0.577838,0.337891,Somewhat-Bullish
2024-06-06 12:30:00,Axtria Ignite 2024: A Celebration of Innovation and Leadership in Life Sciences,https://www.prnewswire.com/in/news-releases/axtria-ignite-2024-a-celebration-of-innovation-and-leadership-in-life-sciences-302166125.html,"Join us on June 12-13 in Princeton, New Jersey, for an inspiring event featuring life sciences experts, thought leaders, and award winners.",www.prnewswire.com,0.555647,Bullish,JNJ,0.066598,0.358072,Bullish
2024-06-06 15:53:00,AbbVie  ( ABBV )  Starts Late-Stage Study on Multiple Myeloma Drug,https://www.zacks.com/stock/news/2284943/abbvie-abbv-starts-late-stage-study-on-multiple-myeloma-drug,The late-stage study will evaluate AbbVie's (ABBV) experimental antibody to treat patients with relapsed/refractory multiple myeloma who have received at least two lines of prior therapy.,www.zacks.com,0.205173,Somewhat-Bullish,JNJ,0.122269,0.188978,Somewhat-Bullish
2024-06-07 08:21:00,3 Dow Stocks That Are No-Brainer Buys in June,https://www.fool.com/investing/2024/06/07/3-dow-stocks-that-are-no-brainer-buys-in-june/,The 30-component Dow Jones Industrial Average has three phenomenal deals hiding in plain sight.,www.fool.com,0.2337,Somewhat-Bullish,JNJ,0.158519,0.227424,Somewhat-Bullish
2024-06-07 15:00:23,"Up 400% In 3 Years, Eli Lilly Stock Just Keeps Giving",https://www.forbes.com/sites/greatspeculations/2024/06/07/up-400-in-three-years-eli-lilly-stock-just-keeps-giving/,"Eli Lilly stock ( NYSE: LLY ) has seen phenomenal gains of 400% from levels of $170 in early 2021 to around $840 now. This reflects a meaningful outperformance compared to some of its peers, with Pfizer stock ( NYSE: PFE ) seeing a 15% decline and Johnson & Johnson stock ( NYSE: JNJ ) seeing no ...",www.forbes.com,0.213202,Somewhat-Bullish,JNJ,0.200134,0.123411,Neutral
2024-06-07 21:15:00,"Antibiotics Market size is set to grow by USD 16.63 billion from 2024-2028, Rising prevalence of infectious diseases ... - PR Newswire",https://www.prnewswire.com/news-releases/antibiotics-market-size-is-set-to-grow-by-usd-16-63-billion-from-2024-2028--rising-prevalence-of-infectious-diseases-boost-the-market-technavio-302166383.html,"Antibiotics Market size is set to grow by USD 16.63 billion from 2024-2028, Rising prevalence of infectious diseases ... PR ...",www.prnewswire.com,0.069745,Neutral,JNJ,0.035086,0.01328,Neutral
2024-06-07 21:55:00,"Premium Cosmetics Market size is set to grow by USD 66.99 billion from 2024-2028, Increased demand for premium ... - PR Newswire",https://www.prnewswire.com/news-releases/premium-cosmetics-market-size-is-set-to-grow-by-usd-66-99-billion-from-2024-2028--increased-demand-for-premium-skincare-products-boost-the-market-technavio-302166550.html,"Premium Cosmetics Market size is set to grow by USD 66.99 billion from 2024-2028, Increased demand for premium ... PR ...",www.prnewswire.com,0.412387,Bullish,JNJ,0.035086,0.049856,Neutral
2024-06-09 12:56:52,What are dividends?,https://apnews.com/buyline-personal-finance/article/what-are-dividends,"AP Buyline's content is created independently of The Associated Press newsroom. Our evaluations and opinions are not influenced by our advertising relationships, but we might earn commissions from our partners' links in this content. Learn more about our policies and terms here .",apnews.com,0.225255,Somewhat-Bullish,JNJ,0.035397,0.0,Neutral
2024-06-09 22:35:00,"Dry Shampoo Market size is set to grow by USD 3.32 billion from 2024-2028, Product innovation leading to product ... - PR Newswire",https://www.prnewswire.com/news-releases/dry-shampoo-market-size-is-set-to-grow-by-usd-3-32-billion-from-2024-2028--product-innovation-leading-to-product-premiumization-to-boost-the-market-growth-technavio-302167735.html,"Dry Shampoo Market size is set to grow by USD 3.32 billion from 2024-2028, Product innovation leading to product ... PR ...",www.prnewswire.com,0.309493,Somewhat-Bullish,JNJ,0.032825,0.081435,Neutral
2024-06-10 13:00:00,"Cala TAPS Therapy is Now Covered by Medicare for Essential Tremor Patients, And Company Appoints CEO and President",https://www.prnewswire.com/news-releases/cala-taps-therapy-is-now-covered-by-medicare-for-essential-tremor-patients-and-company-appoints-ceo-and-president-302167845.html,"Cala TAPS Therapy is Now Covered by Medicare for Essential Tremor Patients, And Company Appoints CEO and ... PR ...",www.prnewswire.com,0.353117,Bullish,JNJ,0.04406,0.141754,Neutral
2024-06-10 17:00:06,Roche alleges counterfeit diabetes medical devices were sold on Amazon,https://www.cnbc.com/2024/06/10/roche-counterfeit-diabetes-medical-devices.html,"Counterfeit diabetes test strips have been sold on Amazon and shipped to patients across the U.S., said biotech company Roche.",www.cnbc.com,-0.103313,Neutral,JNJ,0.042122,0.0,Neutral
2024-06-10 18:47:25,Over 80 Organizations Kick Off Blood Advocacy Week by Urging Congress to Support the Blood Supply as a National Priority,https://www.benzinga.com/pressreleases/24/06/g39257293/over-80-organizations-kick-off-blood-advocacy-week-by-urging-congress-to-support-the-blood-supply-,"Washington, DC, June 10, 2024 ( GLOBE NEWSWIRE ) -- More than 80 prominent organizations from around the country joined together to kick off Blood Advocacy Week by urging Members of Congress to take key actions to support the blood supply as a national priority. The joint letter to Congress is ...",www.benzinga.com,0.121905,Neutral,JNJ,0.043499,-0.053208,Neutral
2024-06-10 20:22:00,"Earnings Season Update and Analyst Reports for Broadcom, JNJ & Verizon",https://www.zacks.com/research-daily/2286071/earnings-season-update-and-analyst-reports-for-broadcom-jnj-verizon,"Today's Research Daily features an earnings season update and new research reports on Broadcom (AVGO), Johnson & Johnson (JNJ) and Verizon (VZ), as well as two micro-cap stocks Taylor Devices, Inc. (TAYD) and Frequency Electronics, Inc. (FEIM).",www.zacks.com,0.29606,Somewhat-Bullish,JNJ,0.043658,0.010968,Neutral
2024-06-11 07:22:48,Johnson & Johnson  ( NYSE:JNJ )  Lowered to Buy at StockNews.com,https://www.defenseworld.net/2024/06/11/johnson-johnson-nysejnj-lowered-to-buy-at-stocknews-com.html,StockNews.com cut shares of Johnson & Johnson ( NYSE:JNJ - Free Report ) from a strong-buy rating to a buy rating in a research report released on Monday. A number of other research analysts also recently issued reports on the company.,www.defenseworld.net,0.245796,Somewhat-Bullish,JNJ,0.711266,0.391503,Bullish
2024-06-11 08:00:00,Bright Peak Therapeutics Announces $90 Million in Series C Financing to Advance First-in-Class PD1-IL18 Immunoconjugate Program Into Clinical Trials,https://www.benzinga.com/pressreleases/24/06/g39264814/bright-peak-therapeutics-announces-90-million-in-series-c-financing-to-advance-first-in-class-pd1-,"-- Lead Program, BPT567, will be the first PD1-IL18 immunoconjugate to enter the clinic; Phase 1/2a study in solid tumors expected to begin in 2H 2024 - -- Financing led by Johnson & Johnson with participation by new and existing investors--",www.benzinga.com,0.342259,Somewhat-Bullish,JNJ,0.167904,0.180077,Somewhat-Bullish
2024-06-11 08:41:00,Time to Pounce: 2 High-Yielding Dow Stocks That Are Begging to Be Bought Right Now,https://www.fool.com/investing/2024/06/11/time-to-pounce-2-high-yield-dow-stocks-to-buy-now/,Among the Dow's 30 components are two high-octane income stocks that have increased their respective payouts for 37 and 62 consecutive years.,www.fool.com,0.183936,Somewhat-Bullish,JNJ,0.204565,0.155893,Somewhat-Bullish
2024-06-11 08:51:00,"The Zacks Analyst Blog Highlights Broadcom, Johnson & Johnson, Verizon, Taylor Devices and Frequency Electronics",https://www.zacks.com/stock/news/2286373/the-zacks-analyst-blog-highlights-broadcom-johnson-johnson-verizon-taylor-devices-and-frequency-electronics,"Broadcom, Johnson & Johnson, Verizon, Taylor Devices and Frequency Electronics are included in this Analyst Blog.",www.zacks.com,0.285526,Somewhat-Bullish,JNJ,0.180124,0.046573,Neutral
2024-06-11 09:50:00,Eli Lilly Hits an All-Time High: Is the Soaring Pharma Stock Still a Buy?,https://www.fool.com/investing/2024/06/11/eli-lilly-all-time-high-buy-pharma-stock/,The world's biggest healthcare company might become even larger.,www.fool.com,0.287937,Somewhat-Bullish,JNJ,0.061473,0.050001,Neutral
2024-06-11 13:00:00,"BDA ACQUIRES EUROPE'S LEADING SPORTS MERCHANDISE PROVIDER, THE GREAT BRANDING COMPANY - PR Newswire",https://www.prnewswire.com/news-releases/bda-acquires-europes-leading-sports-merchandise-provider-the-great-branding-company-302169132.html,"BDA ACQUIRES EUROPE'S LEADING SPORTS MERCHANDISE PROVIDER, THE GREAT BRANDING COMPANY PR ...",www.prnewswire.com,0.460542,Bullish,JNJ,0.047278,0.161604,Somewhat-Bullish
2024-06-11 14:00:00,"Expanding its Launch Activities in the US, Odne Appoints Steve Fanning as Member of the Board - PR Newswire",https://www.prnewswire.com/news-releases/expanding-its-launch-activities-in-the-us-odne-appoints-steve-fanning-as-member-of-the-board-302168071.html,"Expanding its Launch Activities in the US, Odne Appoints Steve Fanning as Member of the Board PR ...",www.prnewswire.com,0.257431,Somewhat-Bullish,JNJ,0.043738,0.086697,Neutral
2024-06-11 21:45:18,Johnson & Johnson  ( JNJ )  Stock Dips While Market Gains: Key Facts,https://www.zacks.com/stock/news/2286932/johnson-johnson-jnj-stock-dips-while-market-gains-key-facts,"Johnson & Johnson (JNJ) closed the most recent trading day at $146.76, moving -0.25% from the previous trading session.",www.zacks.com,0.20715,Somewhat-Bullish,JNJ,0.526455,0.27443,Somewhat-Bullish
2024-06-12 07:08:35,Johnson & Johnson to pay $700m to settle claims it misled consumers,https://www.aljazeera.com/economy/2024/6/12/johnson-johnson-to-pay-700m-to-settle-claims-it-misled-consumers,Johnson & Johnson has agreed to pay $700m to settle lawsuits in the United States that accused the pharmaceutical giant of deceiving customers about the safety of its talcum-based powder products.,www.aljazeera.com,-0.176972,Somewhat-Bearish,JNJ,0.107978,0.002412,Neutral
2024-06-12 10:10:00,2 Stocks You Can Safely Hold for the Long Haul,https://www.fool.com/investing/2024/06/12/2-stocks-you-can-safely-hold-for-the-long-haul/,Some services will always be in high demand.,www.fool.com,0.309722,Somewhat-Bullish,JNJ,0.377958,0.329577,Somewhat-Bullish
2024-06-12 11:30:00,A Life Expansion Revolution Is Coming: 3 Stocks That Could Lead the Charge,https://www.fool.com/investing/2024/06/12/a-life-expansion-revolution-is-coming-3-stocks-tha/,The integration of AI and healthcare is well underway.,www.fool.com,0.325863,Somewhat-Bullish,JNJ,0.143415,0.400754,Bullish
2024-06-12 11:53:23,Johnson & Johnson To Pay $700M To Settle Multi-State Talc Investigation - Johnson & Johnson  ( NYSE:JNJ ) ,https://www.benzinga.com/news/24/06/39288492/johnson-johnson-to-pay-700m-to-settle-multi-state-talc-investigation,"In a significant development, Johnson & Johnson JNJ has agreed to pay a hefty sum to resolve a multi-state investigation into its talc-based products. What Happened: The pharmaceutical giant will pay $700 million to settle allegations that its talc products, including baby powder, led to cancer.",www.benzinga.com,-0.070963,Neutral,JNJ,0.70749,-0.253945,Somewhat-Bearish
2024-06-12 13:00:47,"With A Similar Revenue Base, Is Johnson & Johnson A Better Pick Despite The 30% Fall In Tesla Stock This Year?",https://www.forbes.com/sites/greatspeculations/2024/06/12/with-a-similar-revenue-base-is-johnson--johnson-a-better-pick-despite-the-30-fall-in-tesla-stock-this-year/,We believe that the pharmaceuticals bellwether Johnson & Johnson ( NYSE: JNJ ) is currently a better pick over the auto giant Tesla ( NASDAQ: TSLA ) . The decision to invest often comes down to finding the best stocks within the scope of certain characteristics that suit an investment style.,www.forbes.com,0.181883,Somewhat-Bullish,JNJ,0.436009,0.341628,Somewhat-Bullish
2024-06-12 13:15:52,Wall Street's Most Accurate Analysts Spotlight On 3 Health Care Stocks Delivering High-Dividend Yields - Royalty Pharma  ( NASDAQ:RPRX ) ,https://www.benzinga.com/news/24/06/39291315/wall-streets-most-accurate-analysts-spotlight-on-3-health-care-stocks-delivering-high-dividend-yield,"During times of turbulence and uncertainty in the markets, even when markets are at all-time highs, many investors turn to dividend-yielding stocks. These are often companies that have high free cash flows and reward shareholders with a high dividend payout.",www.benzinga.com,0.066874,Neutral,JNJ,0.100308,0.0,Neutral
2024-06-12 13:53:25,"Bitcoin, Ethereum, And Dogecoin Drop Ahead Of The Fed's Rate Decision; The Biden Administration Aims To Extend Sanctions On Semiconductor Sales To Russia, Targeting Chinese Sellers - Top Headlines Today While US Slept",https://www.benzinga.com/news/24/06/39292212/bitcoin-ethereum-and-dogecoin-drop-ahead-of-the-feds-rate-decision-the-biden-administration-aims-to,Bitcoin Climbs Above $67.5K As Spot ETFs See $200M Outflows On Tuesday European Law Agency Says Bitcoin Mining Vulnerable To Financial Crimes Even As Donald Trump Cosies Up To The Industry Shiba Inu Spot ETF Petition Crosses 10K Signatures: Wishful Thinking Or Inevitable Reality?,www.benzinga.com,0.143775,Neutral,JNJ,0.061003,-0.149034,Neutral
2024-06-12 16:18:32,"US Gastroenterologists Express Anticipation for Approval of AbbVie's Skyrizi in Ulcerative Colitis, Projecting Rapid Adoption Post-Launch",https://www.benzinga.com/pressreleases/24/06/g39295937/us-gastroenterologists-express-anticipation-for-approval-of-abbvies-skyrizi-in-ulcerative-colitis-,"EXTON, PA, June 12, 2024 ( GLOBE NEWSWIRE ) -- Despite being the second IL-23 inhibitor to enter the market, AbbVie's Skyrizi ( risankizumab ) is expected to have a substantial impact on ulcerative colitis ( UC ) treatment.",www.benzinga.com,0.257903,Somewhat-Bullish,JNJ,0.050254,0.127259,Neutral
2024-06-12 18:01:00,Oklahoma Supreme Court dismisses lawsuit of last Tulsa Race Massacre survivors seeking reparations,https://apnews.com/article/1921-race-massacre-tulsa-black-survivors-b7a4c83514ce79640a8490d49efb9006,"OKLAHOMA CITY ( AP ) - The Oklahoma Supreme Court on Wednesday dismissed a lawsuit of the last two survivors of the 1921 Tulsa Race Massacre, dampening the hope of advocates for racial justice that the government would make amends for one of the in U.S. history.",apnews.com,-0.148285,Neutral,JNJ,0.084722,-0.070978,Neutral
2024-06-13 09:00:00,Idorsia holds its Annual General Meeting of Shareholders,https://www.globenewswire.com/news-release/2024/06/13/2898055/0/en/Idorsia-holds-its-Annual-General-Meeting-of-Shareholders.html,"Allschwil, Switzerland - June 13, 2024At today's Annual General Meeting ( AGM ) of Idorsia Ltd ( SIX: IDIA ) held in Basel, Switzerland, shareholders voted in favor of all proposals by the Board of Directors with very large majorities.",www.globenewswire.com,0.283816,Somewhat-Bullish,JNJ,0.041323,0.256566,Somewhat-Bullish
2024-06-13 11:52:00,Young Teen Entrepreneurs and Innovators from Junior Achievement Achieve National Recognition at the 2024 Junior Achievement National Student Leadership Summit,https://www.prnewswire.com/news-releases/young-teen-entrepreneurs-and-innovators-from-junior-achievement-achieve-national-recognition-at-the-2024-junior-achievement-national-student-leadership-summit-302171947.html,Young Teen Entrepreneurs and Innovators from Junior Achievement Achieve National Recognition at the 2024 Junior ... PR ...,www.prnewswire.com,0.571588,Bullish,JNJ,0.045224,0.334488,Somewhat-Bullish
2024-06-13 13:00:07,Tencent-Backed AI Drug Discovery Startup Xtalpi Rises In Hong Kong Debut,https://www.forbes.com/sites/zinnialee/2024/06/13/tencent-backed-ai-drug-discovery-startup-xtalpi-rises-in-hong-kong-debut/,"Shares of Xtalpi, a Shenzhen-based AI drug discovery startup, rose in its highly anticipated Hong Kong stock market debut Thursday, boosting its market capitalization to $2.5 billion.",www.forbes.com,0.126933,Neutral,JNJ,0.052112,0.148545,Neutral
2024-06-13 13:00:16,Johnson & Johnson  ( JNJ )  is Attracting Investor Attention: Here is What You Should Know,https://www.zacks.com/stock/news/2287733/johnson-johnson-jnj-is-attracting-investor-attention-here-is-what-you-should-know,"Zacks.com users have recently been watching Johnson & Johnson (JNJ) quite a bit. Thus, it is worth knowing the facts that could determine the stock's prospects.",www.zacks.com,0.246454,Somewhat-Bullish,JNJ,0.477606,0.165866,Somewhat-Bullish
2024-06-13 14:13:51,MSFT: 3 Blue-Chip Stocks Offering Stability,https://stocknews.com/news/msft-pg-jnj-cndt-3-blue-chip-stocks-offering-stability/,"Blue-chip stocks belong to large companies with a track record of consistent financial performance, global presence, and dominant market positions.",stocknews.com,0.304175,Somewhat-Bullish,JNJ,0.278222,0.230948,Somewhat-Bullish
2024-06-13 16:15:24,How Is The Market Feeling About Johnson & Johnson? - Johnson & Johnson  ( NYSE:JNJ ) ,https://www.benzinga.com/insights/short-sellers/24/06/39316915/how-is-the-market-feeling-about-johnson-johnson,"Johnson & Johnson's JNJ short percent of float has risen 15.28% since its last report. The company recently reported that it has 19.93 million shares sold short, which is 0.83% of all regular shares that are available for trading.",www.benzinga.com,0.287737,Somewhat-Bullish,JNJ,0.209365,0.147012,Neutral
2024-06-14 11:30:00,Intellia Therapeutics Names Brian Goff to its Board of Directors - Intellia Therapeutics  ( NASDAQ:NTLA ) ,https://www.benzinga.com/pressreleases/24/06/g39329974/intellia-therapeutics-names-brian-goff-to-its-board-of-directors,"CAMBRIDGE, Mass., June 14, 2024 ( GLOBE NEWSWIRE ) -- Intellia Therapeutics, Inc. NTLA, a leading clinical-stage gene editing company focused on revolutionizing medicine with CRISPR-based therapies, today announced the appointment of Brian Goff to its board of directors.",www.benzinga.com,0.128956,Neutral,JNJ,0.045569,0.027662,Neutral
2024-06-14 15:45:09,Johnson & Johnson  ( JNJ )  Could Be a Great Choice,https://www.zacks.com/stock/news/2288602/johnson-johnson-jnj-could-be-a-great-choice,"Dividends are one of the best benefits to being a shareholder, but finding a great dividend stock is no easy task. Does Johnson & Johnson (JNJ) have what it takes? Let's find out.",www.zacks.com,0.396943,Bullish,JNJ,0.436009,0.478139,Bullish
2024-06-16 13:00:55,How 4 Ordinary People Invested To Reach Financial Goals,https://www.kiplinger.com/investing/how-ordinary-people-used-investing-to-reach-financial-goals,How 4 Ordinary People Used Investing To Reach Financial Goals Kiplinger's Personal Finance ...,www.kiplinger.com,0.287357,Somewhat-Bullish,JNJ,0.045439,0.134485,Neutral
2024-06-17 10:20:06,Should You Invest in the Fidelity MSCI Health Care Index ETF  ( FHLC ) ?,https://www.zacks.com/stock/news/2288894/should-you-invest-in-the-fidelity-msci-health-care-index-etf-fhlc,Sector ETF report for ...,www.zacks.com,0.294722,Somewhat-Bullish,JNJ,0.128478,0.050009,Neutral
2024-06-17 11:02:00,"STERIS  ( STE )  Gains From New Offerings, Macro Issues Ail",https://www.zacks.com/stock/news/2288940/steris-ste-gains-from-new-offerings-macro-issues-ail,STERIS' (STE) AST successfully offers a wide range of sterilization modalities through a worldwide network of more than 50 contract sterilization and laboratory facilities.,www.zacks.com,0.20354,Somewhat-Bullish,JNJ,0.042271,0.074751,Neutral
2024-06-17 12:00:00,Subcutaneous amivantamab Biologics License Application submitted to U.S. FDA for patients with EGFR-mutated non-small cell lung cancer,https://www.prnewswire.com/news-releases/subcutaneous-amivantamab-biologics-license-application-submitted-to-us-fda-for-patients-with-egfr-mutated-non-small-cell-lung-cancer-302173613.html,Subcutaneous amivantamab Biologics License Application submitted to U.S. FDA for patients with EGFR-mutated non ... PR ...,www.prnewswire.com,-0.024122,Neutral,JNJ,0.105183,0.053255,Neutral
2024-06-17 12:00:50,"Solid Power Appoints Renewables Industry Veteran Linda Heller as Chief Financial Officer - Solid Power  ( NASDAQ:SLDP ) , Solid Power  ( NASDAQ:SLDPW ) ",https://www.benzinga.com/pressreleases/24/06/g39354391/solid-power-appoints-renewables-industry-veteran-linda-heller-as-chief-financial-officer,"LOUISVILLE, Colo., June 17, 2024 ( GLOBE NEWSWIRE ) -- Solid Power, Inc. SLDP, a leading developer of solid-state battery technology, today announced that the board of directors has appointed Linda Heller as the company's Chief Financial Officer and Treasurer, effective immediately.",www.benzinga.com,0.233772,Somewhat-Bullish,JNJ,0.028833,0.042906,Neutral
2024-06-17 14:43:00,Dow Jones Dips As Gold Stock Scores Upgrade; Warren Buffett Unloads This Stock  ( Live Coverage ) ,https://www.investors.com/market-trend/stock-market-today/dow-jones-nasdaq-sp500-warren-buffett-nvidia-microsoft/,Dow Jones Dips As Gold Stock Scores Upgrade. Warren Buffett Unloads This Stock ( Live Coverage ) Investor's Business Daily ...,www.investors.com,0.229199,Somewhat-Bullish,JNJ,0.091162,0.506405,Bullish
2024-06-17 15:00:48,Market Analysis: Johnson & Johnson And Competitors In Pharmaceuticals Industry - Johnson & Johnson  ( NYSE:JNJ ) ,https://www.benzinga.com/insights/news/24/06/39359852/market-analysis-johnson-amp-johnson-and-competitors-in-pharmaceuticals-industry,"In today's fast-paced and highly competitive business world, it is crucial for investors and industry followers to conduct comprehensive company evaluations. In this article, we will delve into an extensive industry comparison, evaluating Johnson & Johnson JNJ in relation to its major competitors ...",www.benzinga.com,0.161433,Somewhat-Bullish,JNJ,0.457274,0.291438,Somewhat-Bullish
2024-06-17 16:15:05,"Legend Biotech's Cancer Drug, 'The Most Attractive Product,' Set For Growth: Analyst - Legend Biotech  ( NASDAQ:LEGN ) ",https://www.benzinga.com/analyst-ratings/analyst-color/24/06/39361513/legend-biotechs-cancer-drug-the-most-attractive-product-set-for-growth-analyst,"Shares of cell therapy company Legend Biotech Corp LEGN were trading lower on Monday, after being among the top pharma gainers in the first week of June. The company's Carvykti drug is likely to return to growth and revive investor enthusiasm, according to Truist Securities.",www.benzinga.com,0.327245,Somewhat-Bullish,JNJ,0.288893,0.36736,Bullish
2024-06-18 02:19:22,JJ talc users want cancer checks for women even if it cost billions,https://www.business-standard.com/world-news/jj-talc-users-want-cancer-checks-for-women-even-if-it-cost-billions-124061800068_1.html,"Johnson & Johnson should be on the hook for potentially billions of dollars in medical fees for women who used its talc-based baby powders and want to monitor their future health over cancer fears, according to a lawsuit.",www.business-standard.com,-0.076589,Neutral,JNJ,0.159569,-0.175431,Somewhat-Bearish
2024-06-18 10:20:07,Should You Invest in the iShares U.S. Pharmaceuticals ETF  ( IHE ) ?,https://www.zacks.com/stock/news/2289552/should-you-invest-in-the-ishares-us-pharmaceuticals-etf-ihe,Sector ETF report for ...,www.zacks.com,0.186397,Somewhat-Bullish,JNJ,0.133841,0.064137,Neutral
2024-06-18 18:51:38,"3 Mega Cap Stock Bargains As Markets Hit All-Time Highs: Novo Nordisk, Johnson & Johnson, PDD Holdings - PDD Holdings  ( NASDAQ:PDD ) , Novo Nordisk  ( NYSE:NVO ) , Johnson & Johnson  ( NYSE:JNJ ) ",https://www.benzinga.com/trading-ideas/long-ideas/24/06/39387535/3-mega-cap-stock-bargains-as-markets-hit-all-time-highs,"As markets continue to reach new all-time highs, investors are constantly seeking opportunities that offer both stability and growth potential. With the S&P 500 and Nasdaq recently hitting new all-time highs, investors are out bargain hunting.",www.benzinga.com,0.353517,Bullish,JNJ,0.252987,0.145149,Neutral
2024-06-18 19:30:00,"The Inner Circle Acknowledges, Willette Murphy Klausner as a Top Pinnacle Professional",https://www.benzinga.com/pressreleases/24/06/n39388202/the-inner-circle-acknowledges-willette-murphy-klausner-as-a-top-pinnacle-professional,"LOS ANGELES, June 18, 2024 /PRNewswire/ -- Willette Murphy Klausner shines brightly in The Inner Circle, celebrated as a Top Pinnacle Professional for her groundbreaking contributions as a Trailblazer in Theater and Film Production.",www.benzinga.com,0.405557,Bullish,JNJ,0.053992,0.054991,Neutral
2024-06-18 21:45:19,Johnson & Johnson  ( JNJ )  Stock Falls Amid Market Uptick: What Investors Need to Know,https://www.zacks.com/stock/news/2290085/johnson-johnson-jnj-stock-falls-amid-market-uptick-what-investors-need-to-know,"In the latest trading session, Johnson & Johnson (JNJ) closed at $145.65, marking a -0.21% move from the previous day.",www.zacks.com,0.187802,Somewhat-Bullish,JNJ,0.521961,0.213637,Somewhat-Bullish
2024-06-19 09:21:00,3 No-Brainer Stocks to Buy With $500 Right Now,https://www.fool.com/investing/2024/06/19/3-no-brainer-stocks-to-buy-with-500-right-now/,A modest amount of money can go a long when when it's put to work in game-changing businesses with well-defined catalysts.,www.fool.com,0.206978,Somewhat-Bullish,JNJ,0.181819,0.15864,Somewhat-Bullish
2024-06-20 09:15:00,Want Decades of Passive Income? 2 Stocks to Buy Now and Hold Forever.,https://www.fool.com/investing/2024/06/20/want-decades-of-passive-income-2-stocks-to-buy-now/,These healthcare players offer you dividends and a strong earnings picture.,www.fool.com,0.380048,Bullish,JNJ,0.109206,0.164285,Somewhat-Bullish
2024-06-20 13:01:00,Here's Why Eli Lilly  ( LLY )  is Probably the Best Drug Stock Now,https://www.zacks.com/stock/news/2290782/heres-why-eli-lilly-lly-is-probably-the-best-drug-stock-now,"Eli Lilly (LLY) enjoys strong fundamentals and is expected to consistently do well, mainly supported by its new drugs and its solid pipeline.",www.zacks.com,0.233627,Somewhat-Bullish,JNJ,0.083833,0.153717,Somewhat-Bullish
2024-06-20 13:53:00,Want $1 Million in Retirement? 9 ETFs to Buy Now and Hold for Decades.,https://www.fool.com/investing/2024/06/20/want-1-million-in-retirement-9-etfs-to-buy-now-and/,You can build solid wealth with broad index funds -- or you might try to juice your returns with some superperformers.,www.fool.com,0.183885,Somewhat-Bullish,JNJ,0.058615,0.061049,Neutral
2024-06-20 17:01:59,Johnson & Johnson's Arthritis Drug Shows Potential In Crohn's Disease - Johnson & Johnson  ( NYSE:JNJ ) ,https://www.benzinga.com/markets/equities/24/06/39418047/johnson-johnsons-arthritis-drug-shows-potential-in-crohns-disease,"Thursday, Johnson & Johnson JNJ released topline data from the pivotal Phase 3 GRAVITI investigational study of Tremfya ( guselkumab ) subcutaneous ( SC ) induction therapy in adult patients with moderately to severely active Crohn's disease.",www.benzinga.com,0.300192,Somewhat-Bullish,JNJ,0.535653,0.205694,Somewhat-Bullish
2024-06-20 17:53:30,Johnson & Johnson Faces New Lawsuit ( s )  Related To Its Talc Products - Johnson & Johnson  ( NYSE:JNJ ) ,https://www.benzinga.com/general/biotech/24/06/39419157/johnson-johnson-faces-new-lawsuit-s-related-to-its-talc-products,Johnson & Johnson JNJ is reportedly facing a new proposed class action lawsuit seeking damages and medical monitoring for women who have developed or may develop cancer due to using the company's talc products.,www.benzinga.com,-0.220888,Somewhat-Bearish,JNJ,0.614086,0.120746,Neutral
2024-06-21 11:59:00,"The Zacks Analyst Blog Highlights Pfizer, Johnson & Johnson and Eli Lilly",https://www.zacks.com/stock/news/2291339/the-zacks-analyst-blog-highlights-pfizer-johnson-johnson-and-eli-lilly,"Pfizer, Johnson & Johnson and Eli Lilly are part of the Zacks top Analyst Blog.",www.zacks.com,0.235581,Somewhat-Bullish,JNJ,0.117678,0.120071,Neutral
2024-06-21 12:49:00,J&J  ( JNJ )  Seeks Expanded Use of Tremfya for Crohn's Disease,https://www.zacks.com/stock/news/2291318/jj-jnj-seeks-expanded-use-of-tremfya-for-crohns-disease,J&J (JNJ) seeks label expansion for Tremfya for treating moderately to severely active Crohn's disease. This marks the second sBLA filing for Tremfya in three months.,www.zacks.com,0.219753,Somewhat-Bullish,JNJ,0.280294,0.063201,Neutral
2024-06-21 15:30:08,Why Is Nvidia  ( NVDA )  Up 26% Since Last Earnings Report?,https://www.zacks.com/stock/news/2291637/why-is-nvidia-nvda-up-26-since-last-earnings-report,Nvidia (NVDA) reported earnings 30 days ago. What's next for the stock? We take a look at earnings estimates for some clues.,www.zacks.com,0.155578,Somewhat-Bullish,JNJ,0.033942,0.341709,Somewhat-Bullish
2024-06-21 15:42:22,Gilead Sciences Faces Wall Street Speculation About Obesity Drugs Despite Focus On Liver Treatments - Gilead Sciences  ( NASDAQ:GILD ) ,https://www.benzinga.com/general/biotech/24/06/39435880/gilead-sciences-faces-wall-street-speculation-about-obesity-drugs-despite-focus-on-liver-treatmen,"Gilead Sciences, Inc. GILD witnessed a flurry of Wall Street speculation regarding its potential involvement in the obesity drug market. But, the biotech company, renowned for its cancer and HIV treatments, has not positioned itself as a contender in this lucrative field.",www.benzinga.com,0.219317,Somewhat-Bullish,JNJ,0.155451,0.22521,Somewhat-Bullish
2024-06-21 18:30:00,"Face Cream Market size is set to grow by USD 12.20 billion from 2024-2028, Rising demand for natural and organic ... - PR Newswire",https://www.prnewswire.com/news-releases/face-cream-market-size-is-set-to-grow-by-usd-12-20-billion-from-2024-2028--rising-demand-for-natural-and-organic-face-creams-boost-the-market-technavio-302177826.html,"Face Cream Market size is set to grow by USD 12.20 billion from 2024-2028, Rising demand for natural and organic ... PR ...",www.prnewswire.com,0.268329,Somewhat-Bullish,JNJ,0.07423,0.018275,Neutral
2024-06-21 19:31:14,"The Zacks Analyst Blog Highlights Pfizer, Johnson & Johnson and Eli Lilly - Johnson & Johnson  ( NYSE:JNJ ) , Eli Lilly and Co  ( NYSE:LLY ) ",https://www.benzinga.com/general/biotech/24/06/39432381/the-zacks-analyst-blog-highlights-pfizer-johnson-johnson-and-eli-lilly,"Chicago, IL - June 21, 2024 - Zacks.com announces the list of stocks featured in the Analyst Blog. Every day the Zacks Equity Research analysts discuss the latest news and events impacting stocks and the financial markets.",www.benzinga.com,0.23596,Somewhat-Bullish,JNJ,0.11983,0.133763,Neutral
2024-06-21 19:48:01,"The Zacks Analyst Blog Highlights Pfizer, Johnson & Johnson and Eli Lilly",https://markets.businessinsider.com/news/stocks/the-zacks-analyst-blog-highlights-pfizer-johnson-johnson-and-eli-lilly-1033497156,"Chicago, IL - June 21, 2024 - Zacks.com announces the list of stocks featured in the Analyst Blog. Every day the Zacks Equity Research analysts discuss the latest news and events impacting stocks and the financial markets.",markets.businessinsider.com,0.238116,Somewhat-Bullish,JNJ,0.081552,0.121918,Neutral
2024-06-21 21:05:00,"Hospital Infection Therapeutics Market size is set to grow by USD 3.46 billion from 2024-2028, Increase in incidence ... - PR Newswire",https://www.prnewswire.com/news-releases/hospital-infection-therapeutics-market-size-is-set-to-grow-by-usd-3-46-billion-from-2024-2028--increase-in-incidence-and-prevalence-of-respiratory-disorders-boost-the-market-technavio-302177964.html,"Hospital Infection Therapeutics Market size is set to grow by USD 3.46 billion from 2024-2028, Increase in incidence ... PR ...",www.prnewswire.com,0.097863,Neutral,JNJ,0.032207,0.010439,Neutral
2024-06-21 21:55:00,"Dry Eye Syndrome Drugs Market size is set to grow by USD 2.13 billion from 2024-2028, Growing geriatric population ... - PR Newswire",https://www.prnewswire.com/news-releases/dry-eye-syndrome-drugs-market-size-is-set-to-grow-by-usd-2-13-billion-from-2024-2028--growing-geriatric-population-boost-the-market-technavio-302178705.html,"Dry Eye Syndrome Drugs Market size is set to grow by USD 2.13 billion from 2024-2028, Growing geriatric population ... PR ...",www.prnewswire.com,0.145318,Neutral,JNJ,0.03458,0.021037,Neutral
2024-06-22 06:14:43,StockNews.com Lowers Johnson & Johnson  ( NYSE:JNJ )  to Buy,https://www.defenseworld.net/2024/06/22/stocknews-com-lowers-johnson-johnson-nysejnj-to-buy.html,"Johnson & Johnson ( NYSE:JNJ - Get Free Report ) was downgraded by research analysts at StockNews.com from a ""strong-buy"" rating to a ""buy"" rating in a research note issued on Saturday. JNJ has been the subject of a number of other reports.",www.defenseworld.net,0.184329,Somewhat-Bullish,JNJ,0.859898,0.314168,Somewhat-Bullish
2024-06-22 08:45:00,2 Top Stocks to Buy Now for Years of Passive Income,https://www.fool.com/investing/2024/06/22/top-stocks-to-buy-now-for-years-passive-income/,These tried-and-true businesses could be wise additions to your portfolio.,www.fool.com,0.279958,Somewhat-Bullish,JNJ,0.337811,0.18763,Somewhat-Bullish
2024-06-22 10:03:00,3 High-Yield Dividend Stocks Near Their 52-Week Lows to Buy and Hold,https://www.fool.com/investing/2024/06/22/3-dividend-paying-stocks-near-52-week-lows-to-buy/,The pharmaceutical industry giants offer reliable profit growth and above-average dividend yields.,www.fool.com,0.172635,Somewhat-Bullish,JNJ,0.214937,0.15783,Somewhat-Bullish
2024-06-23 14:48:16,How to invest in dividend stocks,https://apnews.com/buyline-personal-finance/article/how-to-invest-in-dividend-stocks,"AP Buyline's content is created independently of The Associated Press newsroom. Our evaluations and opinions are not influenced by our advertising relationships, but we might earn commissions from our partners' links in this content. Learn more about our policies and terms here .",apnews.com,0.139442,Neutral,JNJ,0.023743,0.122839,Neutral
2024-06-24 12:34:00,Do Options Traders Know Something About Johnson & Johnson  ( JNJ )  Stock We Don't?,https://www.zacks.com/stock/news/2292150/do-options-traders-know-something-about-johnson-johnson-jnj-stock-we-dont,Investors need to pay close attention to Johnson & Johnson (JNJ) stock based on the movements in the options market lately.,www.zacks.com,0.104123,Neutral,JNJ,0.555911,0.232335,Somewhat-Bullish
2024-06-24 18:01:26,Johnson & Johnson's Options: A Look at What the Big Money is Thinking - Johnson & Johnson  ( NYSE:JNJ ) ,https://www.benzinga.com/insights/options/24/06/39463633/johnson-johnsons-options-a-look-at-what-the-big-money-is-thinking,"Whales with a lot of money to spend have taken a noticeably bearish stance on Johnson & Johnson. Looking at options history for Johnson & Johnson JNJ we detected 9 trades. If we consider the specifics of each trade, it is accurate to state that 44% of the investors opened trades with bullish ...",www.benzinga.com,0.111221,Neutral,JNJ,0.60098,0.101605,Neutral
2024-06-24 19:47:37,"Supreme Court Backs Pharmaceutical Giants in Iraq Terrorism Funding Case - AstraZeneca  ( NASDAQ:AZN ) , Johnson & Johnson  ( NYSE:JNJ ) , Pfizer  ( NYSE:PFE ) ",https://www.benzinga.com/general/biotech/24/06/39465287/supreme-court-backs-pharmaceutical-giants-in-iraq-terrorism-funding-case,"The U.S. Supreme Court has supported 21 pharmaceutical and medical equipment companies, led by AstraZeneca Plc AZN, in a lawsuit accusing them of funding terrorism that harmed American troops and civilians in Iraq.",www.benzinga.com,-0.124704,Neutral,JNJ,0.203215,-0.181397,Somewhat-Bearish
2024-06-25 10:54:00,Is Johnson & Johnson the Best Dividend Stock for You?,https://www.fool.com/investing/2024/06/25/is-johnson-johnson-the-best-dividend-stock-for-you/,J&J is the textbook blue chip stock -- but it's not for everyone.,www.fool.com,0.222411,Somewhat-Bullish,JNJ,0.481677,0.422103,Bullish
2024-06-25 21:45:19,Johnson & Johnson  ( JNJ )  Stock Declines While Market Improves: Some Information for Investors,https://www.zacks.com/stock/news/2293171/johnson-johnson-jnj-stock-declines-while-market-improves-some-information-for-investors,"Johnson & Johnson (JNJ) closed the most recent trading day at $147.19, moving -1.29% from the previous trading session.",www.zacks.com,0.144862,Neutral,JNJ,0.514619,0.099602,Neutral
2024-06-26 00:03:00,Arkansas AG sues Temu over alleged 'deceptive tactics' harming consumers: 'Data theft business',https://www.foxbusiness.com/lifestyle/arkansas-ag-sues-temu-over-alleged-deceptive-tactics-harming-consumers-data-theft-business,"Arkansas Attorney General Tim Griffin is taking legal action against the Chinese fast fashion retailer Temu over what he alleges are the company's ""deceptive tactics"" that are harming consumers.",www.foxbusiness.com,-0.024109,Neutral,JNJ,0.105141,-0.225513,Somewhat-Bearish
2024-06-26 10:30:00,Here Are Trump's 10 Biggest Billionaire Donors,https://www.forbes.com/sites/leokamin/2024/06/26/here-are-trumps-10-biggest-billionaire-donors-mcmahon-mellon-uiehlein/,Trump's 10 Biggest Billionaire Donors Are Worth More Than $55 Billion Forbes ...,www.forbes.com,0.207853,Somewhat-Bullish,JNJ,0.035768,0.14374,Neutral
2024-06-26 12:30:00,"Global Autologous Stem Cell & Non-Stem Cell Therapies Market: $5.5B in 2024 to $22.2B by 2029, CAGR 32.3% | MarketsandMarkets™",https://www.benzinga.com/pressreleases/24/06/g39500308/global-autologous-stem-cell-non-stem-cell-therapies-market-5-5b-in-2024-to-22-2b-by-2029-cagr-32-3,"Chicago, June 26, 2024 ( GLOBE NEWSWIRE ) -- The global autologous stem cell & non-stem cell therapies market is experiencing significant growth, with revenue expected to rise from $5.5 billion in 2024 to $22.2 billion by 2029, at a CAGR of 32.3%.",www.benzinga.com,0.200433,Somewhat-Bullish,JNJ,0.060236,0.120215,Neutral
2024-06-26 13:16:58,"Sanofi Looks To Sell $20B Icy Hot Division: Likely Bidders Include Advent, PAI Partners, Blackstone, CVC - Sanofi  ( NASDAQ:SNY ) ",https://www.benzinga.com/general/biotech/24/06/39502197/sanofi-looks-to-sell-20b-icy-hot-division-likely-bidders-include-advent-pai-partners-blackstone-c,"Sanofi SA SNY is calling for initial bids for its $20 billion consumer health division. The French pharmaceutical giant is also considering a potential public listing. Potential suitors must submit first-round bids by mid-July, Bloomberg reports.",www.benzinga.com,0.166933,Somewhat-Bullish,JNJ,0.252987,0.130306,Neutral
2024-06-26 20:05:00,Neurona Therapeutics Appoints Dr. Nadia Agopyan as Senior Vice President of Regulatory Affairs,https://www.benzinga.com/pressreleases/24/06/g39511828/neurona-therapeutics-appoints-dr-nadia-agopyan-as-senior-vice-president-of-regulatory-affairs,"SAN FRANCISCO, June 26, 2024 ( GLOBE NEWSWIRE ) -- Neurona Therapeutics, a clinical-stage biotherapeutics company advancing regenerative cell therapies for disorders of the nervous system, today announced the appointment of Nadia Agopyan, Ph.D., RAC, as Senior Vice President of Regulatory ...",www.benzinga.com,0.229651,Somewhat-Bullish,JNJ,0.050254,0.055899,Neutral
2024-06-27 08:23:00,Is Johnson & Johnson Stock a Buy?,https://www.fool.com/investing/2024/06/27/is-johnson-johnson-stock-a-buy/,"Johnson & Johnson's business is growing at a decent rate, but there's still a fair bit of risk surrounding the company.",www.fool.com,0.175439,Somewhat-Bullish,JNJ,0.514619,0.202586,Somewhat-Bullish
2024-06-27 11:05:00,Clearside Biomedical to Host Virtual Key Opinion Leader Event on the Use and Versatility of Suprachoroidal Drug Delivery - Clearside Biomedical  ( NASDAQ:CLSD ) ,https://www.benzinga.com/pressreleases/24/06/g39520812/clearside-biomedical-to-host-virtual-key-opinion-leader-event-on-the-use-and-versatility-of-suprac,"- Webinar to be held on Wednesday, July 24, 2024 at 8:00 am ET - - Retina Specialists to Provide Insights and Real-World Experience with Suprachoroidal Drug Delivery - - Target Profile for CLS-AX in Wet AMD Landscape and Potential Opportunities for Clearside Pipeline Expansion -",www.benzinga.com,0.098431,Neutral,JNJ,0.034831,0.043394,Neutral
2024-06-27 12:49:55,Treating Geographic Atrophy Remains a Tough Call for Ophthalmologists as They Voice Hesitancy to Prescribe Complement Inhibitors,https://www.benzinga.com/pressreleases/24/06/g39524015/treating-geographic-atrophy-remains-a-tough-call-for-ophthalmologists-as-they-voice-hesitancy-to-p,"Exton, Pennsylvania, June 27, 2024 ( GLOBE NEWSWIRE ) -- Prior to 2023, there was no treatment for GA, a progressive form of dry age-related macular degeneration that results in blindness. That changed in early 2023 when Apellis gained FDA approval for Syfovre, followed by Iveric Bio/Astellas' ...",www.benzinga.com,0.202544,Somewhat-Bullish,JNJ,0.045396,0.21708,Somewhat-Bullish
2024-06-27 13:00:00,2 Incredible Dividend Growth Stocks to Buy Right Now,https://www.fool.com/investing/2024/06/27/2-incredible-dividend-growth-stocks-to-buy-right-n/,These two dividend growth stocks can level up your portfolio.,www.fool.com,0.514505,Bullish,JNJ,0.146025,0.341047,Somewhat-Bullish
2024-06-27 13:00:16,Investors Heavily Search Johnson & Johnson  ( JNJ ) : Here is What You Need to Know,https://www.zacks.com/stock/news/2294165/investors-heavily-search-johnson-johnson-jnj-here-is-what-you-need-to-know,"Recently, Zacks.com users have been paying close attention to Johnson & Johnson (JNJ). This makes it worthwhile to examine what the stock has in store.",www.zacks.com,0.21943,Somewhat-Bullish,JNJ,0.470606,0.15251,Somewhat-Bullish
2024-06-27 15:46:00,The $7 billion Purdue bankruptcy plan giving the Sacklers immunity from more lawsuits gets nixed by Supreme Court,https://www.businessinsider.com/supreme-court-rejects-bankruptcy-plan-protecting-sacklers-2024-6,Supreme Court rejects $7 billion bankruptcy plan protecting Sacklers - Business Insider ...,www.businessinsider.com,-0.102828,Neutral,JNJ,0.067536,-0.026401,Neutral
2024-06-27 20:01:00,Eliem Therapeutics Announces the Closing of its Acquisition of Tenet Medicines and Concurrent $120 Million Private Placement - Eliem Therapeutics  ( NASDAQ:ELYM ) ,https://www.benzinga.com/pressreleases/24/06/g39535463/eliem-therapeutics-announces-the-closing-of-its-acquisition-of-tenet-medicines-and-concurrent-120-,"Eliem to focus on advancing TNT119, an anti-CD19 antibody designed to treat a broad range of autoimmune diseases, including systemic lupus erythematosus, immune thrombocytopenia and membranous nephropathy",www.benzinga.com,0.164726,Somewhat-Bullish,JNJ,0.01892,0.070006,Neutral
2024-06-28 11:30:58,Wall Street's Most Accurate Analysts Give Their Take On 3 Health Care Stocks With Over 3% Dividend Yields - Gilead Sciences  ( NASDAQ:GILD ) ,https://www.benzinga.com/news/24/06/39545594/wall-streets-most-accurate-analysts-give-their-take-on-3-health-care-stocks-with-over-3-dividend-yie,"During times of turbulence and uncertainty in the markets, even when markets are at all-time highs, many investors turn to dividend-yielding stocks. These are often companies that have high free cash flows and reward shareholders with a high dividend payout.",www.benzinga.com,0.09016,Neutral,JNJ,0.103331,0.179791,Somewhat-Bullish
2024-06-28 11:52:00,Cencora  ( COR )  Stock Nosedives: Here's What Caused the Decline,https://www.zacks.com/stock/news/2294845/cencora-cor-stock-nosedives-heres-what-caused-the-decline,"Cencora (COR) shares declined on Jun 27, following an unfavorable ruling from the Supreme Court related to a previously settled litigation. Here we discuss the key factors that likely led to the decline.",www.zacks.com,0.068534,Neutral,JNJ,0.075161,-0.01241,Neutral
2024-06-28 13:45:00,2 Top Growth Stocks to Buy in June,https://www.fool.com/investing/2024/06/28/2-top-growth-stocks-to-buy-in-june/,Veeva Systems and Bill Holdings are demonstrating impressive growth trajectories.,www.fool.com,0.352409,Bullish,JNJ,0.04872,-0.009972,Neutral
2024-06-28 15:15:00,Warren Buffett reveals about $600 million of his wealth isn't in Berkshire Hathaway stock,https://www.businessinsider.com/warren-buffett-personal-portfolio-net-worth-wealth-berkshire-hathaway-stock-2024-6,Warren Buffett says about $600M of his wealth isn't in Berkshire stock - Business Insider ...,www.businessinsider.com,0.323148,Somewhat-Bullish,JNJ,0.113062,0.153795,Somewhat-Bullish
2024-06-29 12:21:00,4 Cheap Stocks to Buy in July,https://www.fool.com/investing/2024/06/29/4-cheap-stocks-to-buy-in-july/,All four of these stocks are trading at very intriguing valuations.,www.fool.com,0.177969,Somewhat-Bullish,JNJ,0.546745,-0.087848,Neutral
2024-06-30 05:22:49,Johnson & Johnson  ( NYSE:JNJ )  Rating Increased to Strong-Buy at StockNews.com,https://www.defenseworld.net/2024/06/30/johnson-johnson-nysejnj-rating-increased-to-strong-buy-at-stocknews-com.html,"Johnson & Johnson ( NYSE:JNJ - Get Free Report ) was upgraded by investment analysts at StockNews.com from a ""buy"" rating to a ""strong-buy"" rating in a research note issued on Sunday. Other equities analysts also recently issued research reports about the stock.",www.defenseworld.net,0.194498,Somewhat-Bullish,JNJ,0.824238,0.325368,Somewhat-Bullish
2024-06-30 09:40:00,2 Unstoppable Dividend Stocks to Buy if There's a Stock Market Sell-Off,https://www.fool.com/investing/2024/06/30/unstoppable-dividend-stocks-buy-if-market-sell-off/,Income-seeking investors can find plenty of opportunities in any market environment.,www.fool.com,0.292725,Somewhat-Bullish,JNJ,0.194242,0.130028,Neutral
2024-07-01 05:00:00,"FDA approves biosimilar Pyzchiva®  ( ustekinumab-ttwe ) , to be commercialized by Sandoz in US",https://www.globenewswire.com/news-release/2024/07/01/2906370/0/en/FDA-approves-biosimilar-Pyzchiva-ustekinumab-ttwe-to-be-commercialized-by-Sandoz-in-US.html,Ad hoc announcement pursuant to art. 53 SIX Swiss Exchange Listing Rules ...,www.globenewswire.com,0.073023,Neutral,JNJ,0.030064,0.0,Neutral
2024-07-01 06:03:41,"FDA Approves PYZCHIVA®  ( ustekinumab-ttwe ) , Samsung Bioepis' Biosimilar to Stelara",https://www.benzinga.com/pressreleases/24/07/g39567744/fda-approves-pyzchiva-ustekinumab-ttwe-samsung-bioepis-biosimilar-to-stelara,"PYZCHIVA becomes Samsung Bioepis' seventh biosimilar and fourth immunology biosimilar approved by the FDA PYZCHIVA's licensing period will begin on February 22, 2025, in the United States, based on the settlement and licensing agreement with Janssen Biotech Inc.",www.benzinga.com,-0.041266,Neutral,JNJ,0.021068,0.0,Neutral
2024-07-01 09:30:00,Merck  ( MRK )  Gets CHMP Nod for PAH Drug Winrevair in Europe,https://www.zacks.com/stock/news/2295379/merck-mrk-gets-chmp-nod-for-pah-drug-winrevair-in-europe,Merck's (MRK) Winrevair is poised to become the first activin signaling inhibitor therapy for PAH in Europe if approved by the European Commission.,www.zacks.com,0.247262,Somewhat-Bullish,JNJ,0.127456,0.206629,Somewhat-Bullish
2024-07-01 10:50:00,3 Magnificent Stocks Retirees Can Buy and Hold Forever,https://www.fool.com/investing/2024/07/01/3-magnificent-stocks-retirees-can-buy-and-hold-for/,These stocks could be ideal for investors in their golden years.,www.fool.com,0.277972,Somewhat-Bullish,JNJ,0.254751,0.177268,Somewhat-Bullish
2024-07-01 14:25:53,Judge Blocks Cancer Victims' Attempt To Stop Johnson & Johnson Bankruptcy Plan - Johnson & Johnson  ( NYSE:JNJ ) ,https://www.benzinga.com/general/biotech/24/07/39576600/judge-blocks-cancer-victims-attempt-to-stop-johnson-johnson-bankruptcy-plan,"A federal judge has denied a group of cancer victims' request to halt Johnson & Johnson JNJ from moving forward with a proposed bankruptcy settlement addressing tens of thousands of lawsuits alleging the company's talc products, including baby powder, contain cancer-causing asbestos.",www.benzinga.com,-0.257329,Somewhat-Bearish,JNJ,0.532043,-0.429398,Bearish
2024-07-01 15:00:39,Assessing Johnson & Johnson's Performance Against Competitors In Pharmaceuticals Industry - Johnson & Johnson  ( NYSE:JNJ ) ,https://www.benzinga.com/insights/news/24/07/39577471/assessing-johnson-amp-johnsons-performance-against-competitors-in-pharmaceuticals-industry,"In today's rapidly changing and highly competitive business world, it is vital for investors and industry enthusiasts to carefully assess companies. In this article, we will perform a comprehensive industry comparison, evaluating Johnson & Johnson JNJ against its key competitors in the ...",www.benzinga.com,0.145458,Neutral,JNJ,0.458446,0.325093,Somewhat-Bullish
2024-07-01 20:05:00,Y-mAbs Appoints Seasoned Biopharma Executive Peter Pfreundschuh as Chief Financial Officer - Y-mAbs Therapeutics  ( NASDAQ:YMAB ) ,https://www.benzinga.com/pressreleases/24/07/g39583428/y-mabs-appoints-seasoned-biopharma-executive-peter-pfreundschuh-as-chief-financial-officer,"NEW YORK, July 01, 2024 ( GLOBE NEWSWIRE ) -- Y-mAbs Therapeutics, Inc. ( the ""Company"" or ""Y-mAbs"" ) YMAB, a commercial-stage biopharmaceutical company focused on the development and commercialization of novel radioimmunotherapy and antibody-based therapeutic products for the treatment of ...",www.benzinga.com,0.22327,Somewhat-Bullish,JNJ,0.064104,0.013003,Neutral
2024-07-01 22:24:00,"""Rule Breaker Investing"" Mailbag: Talking Stocks and Options",https://www.fool.com/investing/2024/07/01/rule-breaker-investing-mailbag-talking-stocks-and/,"We also talk with Sean Milliken, managing director of The Motley Fool Foundation's ImpactFool (IF) Fund.",www.fool.com,0.201791,Somewhat-Bullish,JNJ,0.003884,0.061167,Neutral
2024-07-02 13:05:00,Intuitive Surgical  ( ISRG )  Rises 10% in a Month: What's Next?,https://www.zacks.com/stock/news/2296101/intuitive-surgical-isrg-rises-10-in-a-month-whats-next,"Intuitive Surgical (ISRG) is making strides in the robotic-assisted surgery market with its existing and new launches. However, macro challenges are likely to continue to hurt its performance.",www.zacks.com,0.299852,Somewhat-Bullish,JNJ,0.084423,0.282448,Somewhat-Bullish
2024-07-02 13:55:05,Court Rules Against Johnson & Johnson In Talcum Powder Cancer Study Case - Johnson & Johnson  ( NYSE:JNJ ) ,https://www.benzinga.com/news/24/07/39596645/court-rules-against-johnson-johnson-in-talcum-powder-cancer-study-case,"A New Jersey federal judge has dismissed a lawsuit brought by a Johnson & Johnson JNJ subsidiary against Dr. Jacqueline Moline, who published a paper linking talc-based consumer products to cancer. The court found that Moline's research was neither fraudulent nor libelous, reaffirming her free ...",www.benzinga.com,-0.215171,Somewhat-Bearish,JNJ,0.395012,-0.313487,Somewhat-Bearish
2024-07-02 15:06:38,Johnson & Johnson's Cell Therapy Carvykti Shows Better Survival Rate In Pretreated Blood Cancer Patients - Johnson & Johnson  ( NYSE:JNJ ) ,https://www.benzinga.com/general/biotech/24/07/39598597/johnson-johnsons-cell-therapy-carvykti-shows-better-survival-rate-in-pretreated-blood-cancer-pati,"On Tuesday, Johnson & Johnson JNJ announced results from a prespecified second interim analysis of Phase 3 CARTITUDE-4 study evaluating Carvykti ( ciltacabtagene autoleucel.",www.benzinga.com,0.292125,Somewhat-Bullish,JNJ,0.461283,0.299647,Somewhat-Bullish
2024-07-03 12:10:23,Johnson & Johnson Announces Health Canada NOC For RYBREVANT Combination - Quick Facts,https://markets.businessinsider.com/news/stocks/johnson-johnson-announces-health-canada-noc-for-rybrevant-combination-quick-facts-1033526326,( RTTNews ) - Johnson & Johnson ( JNJ ) announced that Health Canada has issued a Notice of Compliance for RYBREVANT in combination with platinum-based chemotherapy for the first-line treatment of adult patients with locally advanced or metastatic non-small cell lung cancer with activating ...,markets.businessinsider.com,0.121466,Neutral,JNJ,0.608634,0.010718,Neutral
2024-07-03 21:31:00,BCG Unresponsive NMIBC Market to Register Sustainable Growth During the Study Period  ( 2020-2034 )  | DelveInsight,https://www.prnewswire.com/news-releases/bcg-unresponsive-nmibc-market-to-register-sustainable-growth-during-the-study-period-20202034--delveinsight-302187784.html,"The BCG unresponsive NMIBC market is anticipated to witness a substantial positive shift owing to better uptake of existing drugs, the expected market launch of photodynamic therapy and non-viral gene therapy, and raised awareness.",www.prnewswire.com,-0.057056,Neutral,JNJ,0.106921,-0.049993,Neutral
2024-07-04 01:55:32,HDV vs. SCHD: Which Is the Better Dividend ETF?,https://markets.businessinsider.com/news/stocks/hdv-vs-schd-which-is-the-better-dividend-etf-%C2%A0-1033527764,"The iShares Core High Dividend ETF ( NYSEARCA:HDV ) and the Schwab U.S. Dividend Equity ETF ( NYSEARCA:SCHD ) are two popular dividend ETFs from blue-chip sponsors. Both are cost-effective options with low expense ratios, feature portfolios of well-known dividend stocks, and have dividend yields ...",markets.businessinsider.com,0.305428,Somewhat-Bullish,JNJ,0.037681,0.289786,Somewhat-Bullish
2024-07-04 10:00:00,3 High-Yield Dividend Stocks/ETFs to Buy Hand Over Fist in July,https://www.fool.com/investing/2024/07/04/3-high-yield-dividend-stocks-etfs-buy-july/,Investing in equal parts of these three investments would produce a forward-dividend yield over 3.9%.,www.fool.com,0.259829,Somewhat-Bullish,JNJ,0.113062,0.012528,Neutral
2024-07-04 14:00:00,CLARITI STRATEGIC ADVISORS™ ANNOUNCES THE ADDITION OF THREE NEW TEAM MEMBERS,https://www.newswire.ca/news-releases/clariti-strategic-advisors-tm-announces-the-addition-of-three-new-team-members-888734926.html,"TORONTO, July 4, 2024 /CNW/ - Clariti Strategic Advisors™ ( ""Clariti"" ) is excited to announce that our team has expanded: Tommy Lieu has joined us as a Director, Martin Jakubowski has joined us as an Associate and Aaron Veltri has joined us as an Analyst in our investment banking and strategic ...",www.newswire.ca,0.297344,Somewhat-Bullish,JNJ,0.075397,0.028232,Neutral
2024-07-04 14:15:00,"Endoscope Reprocessing Market Surges to USD 3.35 Billion by 2031, Propelled by 7.67% CAGR - Verified Market Research®",https://www.benzinga.com/pressreleases/24/07/g39635495/endoscope-reprocessing-market-surges-to-usd-3-35-billion-by-2031-propelled-by-7-67-cagr-verified-m,"Lewes, Delaware, July 04, 2024 ( GLOBE NEWSWIRE ) -- The Global Endoscope Reprocessing Market is projected to grow at a CAGR of 7.67% from 2024 to 2031, according to a new report published by Verified Market Research®.",www.benzinga.com,0.224153,Somewhat-Bullish,JNJ,0.031907,0.111339,Neutral
2024-07-04 21:30:00,"Dermatology Devices Market size is set to grow by USD 154.23 billion from 2024-2028, Increasing prevalence of skin ... - PR Newswire",https://www.prnewswire.com/news-releases/dermatology-devices-market-size-is-set-to-grow-by-usd-154-23-billion-from-2024-2028--increasing-prevalence-of-skin-disorders-to-boost-the-market-growth-technavio-302188850.html,"Dermatology Devices Market size is set to grow by USD 154.23 billion from 2024-2028, Increasing prevalence of skin ... PR ...",www.prnewswire.com,0.130844,Neutral,JNJ,0.024053,0.02029,Neutral
2024-07-05 11:09:00,2 Boston Partners Mutual Funds for Maximum Returns,https://www.zacks.com/stock/news/2297115/2-boston-partners-mutual-funds-for-maximum-returns,Invest in Boston Partners mutual funds like BPRRX and BPAVX for a diversified portfolio approach.,www.zacks.com,0.277178,Somewhat-Bullish,JNJ,0.081001,0.057967,Neutral
2024-07-05 14:35:19,What's Going On With Johnson and Johnson Shares Friday? - Johnson & Johnson  ( NYSE:JNJ ) ,https://www.benzinga.com/news/24/07/39647706/whats-going-on-with-johnson-and-johnson-shares-friday,"Johnson and Johnson JNJ shares are trending on Friday. In the last week, the pharmaceutical company announced positive results from two clinical trials and authorization from Health Canada for RYBREVANT in combination with platinum-based chemotherapy.",www.benzinga.com,0.270271,Somewhat-Bullish,JNJ,0.606385,0.295223,Somewhat-Bullish
2024-07-05 18:20:49,A Closer Look At Berkshire Hathaway's Chubb Investment,https://www.forbes.com/sites/gurufocus/2024/07/05/a-closer-look-at-berkshire-hathaways-chubb-investment/,"Synergies between the two companies are likely to rock the property and casualty insurance industry • Berkshire Hathaway revealed its 6.40% stake in Chubb on May 15. • Warren Buffett has had a long-term affinity for the insurance business because of its ""Collect-Now Pay-Later"" business model. • ...",www.forbes.com,0.127039,Neutral,JNJ,0.027603,0.021326,Neutral
2024-07-05 19:20:00,"Car T-Cell Therapy Market size is set to grow by USD 3.02 billion from 2024-2028, Growing awareness regarding car T ... - PR Newswire",https://www.prnewswire.com/news-releases/car-t-cell-therapy-market-size-is-set-to-grow-by-usd-3-02-billion-from-2024-2028--growing-awareness-regarding-car-t-cell-therapy-to-boost-the-market-growth-technavio-302189578.html,"Car T-Cell Therapy Market size is set to grow by USD 3.02 billion from 2024-2028, Growing awareness regarding car T ... PR ...",www.prnewswire.com,0.167906,Somewhat-Bullish,JNJ,0.027699,0.063089,Neutral
2024-07-05 20:30:00,"Zika Virus Therapeutics Market size is set to grow by USD 4.17 billion from 2024-2028, Availability of serology kit for ... - PR Newswire",https://www.prnewswire.com/news-releases/zika-virus-therapeutics-market-size-is-set-to-grow-by-usd-4-17-billion-from-2024-2028--availability-of-serology-kit-for-qualitative-diagnosis-of-zika-virus-infection-to-boost-the-market-growth-technavio-302189587.html,"Zika Virus Therapeutics Market size is set to grow by USD 4.17 billion from 2024-2028, Availability of serology kit for ... PR ...",www.prnewswire.com,-0.002463,Neutral,JNJ,0.026474,-0.044727,Neutral
2024-07-08 04:01:00,Disney CEO Bob Iger to be Honored at The Ad Council's 70th Annual Public Service Award Dinner,https://www.benzinga.com/pressreleases/24/07/n39658425/disney-ceo-bob-iger-to-be-honored-at-the-ad-councils-70th-annual-public-service-award-dinner,"NEW YORK, July 8, 2024 /PRNewswire/ -- The Ad Council announced today that Walt Disney Company CEO Bob Iger will be receiving the organization's Award for Public Service at its Public Service Award Dinner on December 5, 2024, at the Glasshouse in New York City.",www.benzinga.com,0.304199,Somewhat-Bullish,JNJ,0.052112,0.063633,Neutral
2024-07-08 16:00:54,Looking At Johnson & Johnson's Recent Unusual Options Activity - Johnson & Johnson  ( NYSE:JNJ ) ,https://www.benzinga.com/insights/options/24/07/39670252/looking-at-johnson-johnsons-recent-unusual-options-activity,"Investors with a lot of money to spend have taken a bullish stance on Johnson & Johnson JNJ. We noticed this today when the positions showed up on publicly available options history that we track here at Benzinga. Whether these are institutions or just wealthy individuals, we don't know.",www.benzinga.com,0.147904,Neutral,JNJ,0.673811,0.323957,Somewhat-Bullish
2024-07-09 10:20:07,Should You Invest in the VanEck Pharmaceutical ETF  ( PPH ) ?,https://www.zacks.com/stock/news/2298251/should-you-invest-in-the-vaneck-pharmaceutical-etf-pph,Sector ETF report for PPH ...,www.zacks.com,0.184208,Somewhat-Bullish,JNJ,0.139265,0.061839,Neutral
2024-07-09 11:30:00,"Attovia Therapeutics Announces Election of Mitchell Gold and Angie You to Board of Directors -  ( ALPN ) , ORIC Pharmaceuticals  ( NASDAQ:ORIC ) ",https://www.benzinga.com/pressreleases/24/07/g39684095/attovia-therapeutics-announces-election-of-mitchell-gold-and-angie-you-to-board-of-directors,"FREMONT, Calif., July 09, 2024 ( GLOBE NEWSWIRE ) -- Attovia Therapeutics today announced the election of Mitchell H. Gold, M.D., and Angie You, Ph.D., as independent members of its Board of Directors. Drs.",www.benzinga.com,0.317633,Somewhat-Bullish,JNJ,0.053153,0.056736,Neutral
2024-07-09 12:58:05,"Emergent BioSolutions And Johnson & Johnson Resolve Claims Over COVID-19 Vaccine Manufacturing - Emergent BioSolutions  ( NYSE:EBS ) , Johnson & Johnson  ( NYSE:JNJ ) ",https://www.benzinga.com/general/biotech/24/07/39687792/emergent-biosolutions-and-johnson-johnson-resolve-claims-over-covid-19-vaccine-manufacturing,"Emergent BioSolutions Inc EBS, through its subsidiary Emergent Manufacturing Operations Baltimore, has reached a settlement with Janssen Pharmaceuticals, Inc., a branch of Johnson & Johnson JNJ, resolving disputes related to the manufacturing of Johnson & Johnson's investigational COVID-19 vaccine.",www.benzinga.com,0.080234,Neutral,JNJ,0.558244,0.167209,Somewhat-Bullish
2024-07-09 18:53:43,Johnson & Johnson Faces MedTech Challenges But Is 'On Track' To Meet 2024 Guidance: Goldman Sachs - Johnson & Johnson  ( NYSE:JNJ ) ,https://www.benzinga.com/analyst-ratings/analyst-color/24/07/39696693/johnson-johnson-faces-medtech-challenges-but-is-on-track-to-meet-2024-guidance-gold,"U.S. pharma giant Johnson & Johnson JNJ will report its second-quarter 2024 earnings on Wednesday, July 17. As per data from Benzinga Pro, analysts estimate sales of $22.29 billion and adjusted EPS of $2.71.",www.benzinga.com,0.201318,Somewhat-Bullish,JNJ,0.610896,0.403684,Bullish
2024-07-09 19:07:38,Johnson & Johnson Faces MedTech Challenges But Is 'On Track' To Meet 2024 Guidance: Goldman Sachs,https://markets.businessinsider.com/news/stocks/johnson-johnson-faces-medtech-challenges-but-is-on-track-to-meet-2024-guidance-goldman-sachs-1033540847,"U.S. pharma giant Johnson & Johnson ( NYSE:JNJ ) will report its second-quarter 2024 earnings on Wednesday, July 17. As per data from Benzinga Pro, analysts estimate sales of $22.29 billion and adjusted EPS of $2.71.",markets.businessinsider.com,0.173522,Somewhat-Bullish,JNJ,0.577527,0.398886,Bullish
2024-07-10 15:25:00,Will Q2 Earnings Power Dow ETFs?,https://www.zacks.com/stock/news/2299347/will-q2-earnings-power-dow-etfs,"The Dow Jones is underperforming the other large-cap indices, such as the S&P 500 and Nasdaq Composite Index. Can the upcoming Q2 earnings help the index to catch up?",www.zacks.com,0.188617,Somewhat-Bullish,JNJ,0.129516,0.040182,Neutral
2024-07-10 18:51:43,JNJ: 3 Blue-Chip Stocks to Buy and Hold Forever,https://stocknews.com/news/jnj-ibm-t-3-blue-chip-stocks-to-buy-and-hold-forever/,Investing in blue-chip stocks offers stability and reliable returns in today's volatile market. These industry-leading companies have strong reputations and solid track records.,stocknews.com,0.222228,Somewhat-Bullish,JNJ,0.20045,0.133183,Neutral
2024-07-10 20:44:00,Concert Golf Partners Acquires TPC Jasna Polana,https://www.benzinga.com/pressreleases/24/07/n39718948/concert-golf-partners-acquires-tpc-jasna-polana,"Historic clubhouse mansion and Gary Player-designed golf club in Princeton, N.J. was once owned by Johnson & Johnson heir J. Seward Johnson PRINCETON, N.J. and ORLANDO, Fla., July 10, 2024 /PRNewswire/ -- Concert Golf Partners has acquired TPC Jasna Polana ( ""Jasna Polana"" or the ""Club"" ) , a ...",www.benzinga.com,0.366182,Bullish,JNJ,0.063091,0.104325,Neutral
2024-07-10 21:45:19,Johnson & Johnson  ( JNJ )  Outpaces Stock Market Gains: What You Should Know,https://www.zacks.com/stock/news/2299553/johnson-johnson-jnj-outpaces-stock-market-gains-what-you-should-know,"In the most recent trading session, Johnson & Johnson (JNJ) closed at $149.43, indicating a +1.62% shift from the previous trading day.",www.zacks.com,0.19548,Somewhat-Bullish,JNJ,0.576289,0.267877,Somewhat-Bullish
2024-07-11 08:51:00,3 Magnificent Dow Stocks That Are No-Brainer Buys for the Second Half of 2024,https://www.fool.com/investing/2024/07/11/3-dow-stocks-no-brainer-buys-for-second-half-2024/,"Among the Dow Jones Industrial Average's 30 time-tested components, there are three that stand out as phenomenal buys right now.",www.fool.com,0.199705,Somewhat-Bullish,JNJ,0.173958,0.228727,Somewhat-Bullish
2024-07-11 17:30:00,Model N Named in U.S. News & World Report's 2024-2025 Best Companies to Work For,https://www.globenewswire.com/news-release/2024/07/11/2912058/0/en/Model-N-Named-in-U-S-News-World-Report-s-2024-2025-Best-Companies-to-Work-For.html,Model N excelled as one of the top companies to meet employee needs. Model N excelled as one of the top companies to meet employee needs.,www.globenewswire.com,0.393306,Bullish,JNJ,0.06515,0.241533,Somewhat-Bullish
2024-07-11 21:31:00,Molecular Glues Clinical Trial Pipeline Appears Robust With 10+ Key Pharma Companies Actively Working in the Therapeutics Segment | DelveInsight,https://www.prnewswire.com/news-releases/molecular-glues-clinical-trial-pipeline-appears-robust-with-10-key-pharma-companies-actively-working-in-the-therapeutics-segment--delveinsight-302194515.html,"The molecular glues pipeline and clinical trial analysis report delivers important insights on ongoing research, clinical strategies, upcoming therapeutics, and commercial analysis.",www.prnewswire.com,0.097856,Neutral,JNJ,0.024904,0.028471,Neutral
2024-07-12 13:00:00,"White River Bancshares Co. Earns a Record $1.85 million, or $1.61 Per Diluted Share, in 2Q24; Highlighted by Successful Capital Raise and Net Interest Margin Expansion",https://www.globenewswire.com/news-release/2024/07/12/2912393/0/en/White-River-Bancshares-Co-Earns-a-Record-1-85-million-or-1-61-Per-Diluted-Share-in-2Q24-Highlighted-by-Successful-Capital-Raise-and-Net-Interest-Margin-Expansion.html,"FAYETTEVILLE, Ark., July 12, 2024 ( GLOBE NEWSWIRE ) -- White River Bancshares Company ( OTCQX: WRIV ) , ( the ""Company"" ) the holding company for Signature Bank of Arkansas ( the ""Bank"" ) , today reported net income increased 137.5% to $1.85 million, or $1.61 per diluted share, in the second ...",www.globenewswire.com,0.266511,Somewhat-Bullish,JNJ,0.017808,0.117637,Neutral
2024-07-12 13:15:24,Unlocking Q2 Potential of Johnson & Johnson  ( JNJ ) : Exploring Wall Street Estimates for Key Metrics,https://www.zacks.com/stock/news/2300663/unlocking-q2-potential-of-johnson-johnson-jnj-exploring-wall-street-estimates-for-key-metrics,"Evaluate the expected performance of Johnson & Johnson (JNJ) for the quarter ended June 2024, looking beyond the conventional Wall Street top-and-bottom-line estimates and examining some of its key metrics for better insight.",www.zacks.com,0.109662,Neutral,JNJ,0.335367,0.07813,Neutral
2024-07-12 13:30:07,6 Most Undervalued Stocks To Buy In August 2024,https://www.forbes.com/sites/investor-hub/article/top-undervalued-stocks-to-buy-august-2024/,"The P/E ratio of the S&P 500 is almost 29, and on the rise. That's nearly double the index's historic median of 15. This is a sign investors are eager to own stocks, and hopeful that large-caps continue their recent strength. The enthusiasm is not being applied uniformly, however.",www.forbes.com,0.220718,Somewhat-Bullish,JNJ,0.252114,-0.016312,Neutral
2024-07-12 22:15:00,Q2 Earnings Growth Expected to Reach Two-Year High,https://www.zacks.com/commentary/2301203/q2-earnings-growth-expected-to-reach-two-year-high,"We see the Q2 results from the major banks as good enough - not great, but definitely not bad either. The stocks' outperformance entering this reporting cycle contributed to the market's tentative initial reaction to the results.",www.zacks.com,0.10887,Neutral,JNJ,0.047749,0.0,Neutral
2024-07-12 23:11:00,3 Key Earnings Reports to Watch Next Week,https://www.zacks.com/stock/news/2301247/3-key-earnings-reports-to-watch-next-week,"With the 2024 Q2 earnings season kicking into a much higher gear next week, there are several reports investors should keep on their radars, including these three.",www.zacks.com,0.190618,Somewhat-Bullish,JNJ,0.370602,0.087619,Neutral
2024-07-14 08:27:00,3 High-Yield Dividend Stocks That Still Look Like Bargains,https://www.fool.com/investing/2024/07/14/3-high-yield-dividend-stocks-that-still-look-like/,The prices of these reliable dividend payers haven't kept pace with the frothy stock market.,www.fool.com,0.208126,Somewhat-Bullish,JNJ,0.169279,0.298133,Somewhat-Bullish
2024-07-14 11:00:00,Easing Inflation Ignites Fed Expectations And Small-Cap Stocks,https://www.forbes.com/sites/bill_stone/2024/07/14/easing-inflation-ignites-fed-expectations-and-small-cap-stocks/,"After a second quarter dominated by mega-cap technology stocks, as represented by Magnificent 7, last week's better inflation reading and increased expectations of Federal Reserve rate cuts helped broaden participation in the stock rally.",www.forbes.com,0.022334,Neutral,JNJ,0.148731,0.0,Neutral
2024-07-14 11:30:00,These kinds of businesses are driving a surge in US corporate bankruptcies | Business,https://amp.cnn.com/cnn/2024/07/14/business/stocks-week-ahead-businesses-failing-bankruptcies,These kinds of businesses are driving a surge in US corporate bankruptcies ...,amp.cnn.com,0.049798,Neutral,JNJ,0.031822,-0.051234,Neutral
2024-07-14 13:31:00,2 Healthcare Stocks to Buy Hand Over Fist This Month,https://www.fool.com/investing/2024/07/14/2-healthcare-stocks-to-buy-hand-over-fist-this-mon/,"They don't have the most exciting businesses, but they have a lot to offer nonetheless.",www.fool.com,0.343957,Somewhat-Bullish,JNJ,0.413803,0.452836,Bullish
2024-07-15 08:41:00,"JPMorgan, Citigroup and Wells Fargo are part of Zacks Earnings Preview",https://www.zacks.com/stock/news/2301305/jpmorgan-citigroup-and-wells-fargo-are-part-of-zacks-earnings-preview,"JPMorgan, Citigroup and Wells Fargo have been highlighted in this Earnings Preview article.",www.zacks.com,0.120821,Neutral,JNJ,0.047278,0.0,Neutral
2024-07-15 09:13:17,"Netflix, Goldman Sachs, J&J, ASML Lead Q2 Reports This Week As Analysts See Earnings Growth Accelerating To Fastest In Over 2 Years - SPDR S&P 500  ( ARCA:SPY ) ",https://www.benzinga.com/news/earnings/24/07/39766859/netflix-goldman-sachs-j-j-asml-lead-q2-reports-this-week-as-analysts-see-earnings-growth-accelerati,"The second-quarter reporting season got off to a rocky start with investors reacting to some big bank earnings. Nevertheless, optimism over a healthy earnings season continues to abound. The Week That Was: Shares of high-profile big banks including JPMorgan Chase & Co. JPM, Citigroup Inc.",www.benzinga.com,0.22049,Somewhat-Bullish,JNJ,0.122894,0.0,Neutral
2024-07-15 10:00:00,Modicus Prime Raises $3.5M to prevent Drug Product Quality failures during Commercial Production,https://www.prnewswire.com/news-releases/modicus-prime-raises-3-5m-to-prevent-drug-product-quality-failures-during-commercial-production-302195851.html,"Modicus Prime, the AI image processing platform for drug manufacturing, is addressing the cost, legal, and waste liabilities caused by quality control issues",www.prnewswire.com,0.141915,Neutral,JNJ,0.107495,0.024508,Neutral
2024-07-15 10:38:00,Want Decades of Passive Income? 3 Stocks to Buy Now and Hold Forever,https://www.fool.com/investing/2024/07/15/want-decades-of-passive-income-3-stocks-to-buy-now/,"These companies stand out for their pedigrees, robust financials, and future growth prospects.",www.fool.com,0.316063,Somewhat-Bullish,JNJ,0.143131,0.090953,Neutral
2024-07-15 12:05:00,NKGen Biotech Appoints Dr. Marco Gottardis to its Board of Directors,https://www.globenewswire.com/news-release/2024/07/15/2913027/0/en/NKGen-Biotech-Appoints-Dr-Marco-Gottardis-to-its-Board-of-Directors.html,"SANTA ANA, Calif., July 15, 2024 ( GLOBE NEWSWIRE ) -- NKGen Biotech, Inc. ( Nasdaq: NKGN ) ( ""NKGen"" or the ""Company"" ) , a clinical-stage biotechnology company focused on the development and commercialization of innovative autologous, allogeneic and CAR-NK natural killer ( ""NK"" ) cell ...",www.globenewswire.com,0.07172,Neutral,JNJ,0.097062,-0.033689,Neutral
2024-07-15 13:17:00,Legend Biotech  ( LEGN )  Up 12% on Reports of Takeover Bid,https://www.zacks.com/stock/news/2301726/legend-biotech-legn-up-12-on-reports-of-takeover-bid,A third-party article suggests that Legend Biotech (LEGN) hired investment banking firm Centerview Partners to help its board review the takeover offer.,www.zacks.com,0.059725,Neutral,JNJ,0.164468,0.0,Neutral
2024-07-15 14:39:00,Pre-Markets Up as 1st Full Week of Q2 Earnings Begins,https://www.zacks.com/stock/news/2301757/pre-markets-up-as-1st-full-week-of-q2-earnings-begins,"Goldman Sachs (GS) and BlackRock (BLK) both beat on Q2 earnings this morning, and we're just getting started.",www.zacks.com,0.084982,Neutral,JNJ,0.154951,-0.025738,Neutral
2024-07-15 14:47:00,J&J  ( JNJ )  Stock Before Q2 Earnings: To Buy or Not to Buy?,https://www.zacks.com/stock/news/2301766/jj-jnj-stock-before-q2-earnings-to-buy-or-not-to-buy,J&J's (JNJ) Innovative Medicines unit sales are expected to have been driven by drugs like Darzalex and Stelara. Surgical procedure recovery and new products are likely to have driven MedTech sales.,www.zacks.com,0.217562,Somewhat-Bullish,JNJ,0.126119,0.163775,Somewhat-Bullish
2024-07-15 15:19:00,Q2 Earnings Parade Continues,https://www.zacks.com/stock/news/2301800/q2-earnings-parade-continues,"Pre-markets are up solidly to start a new week of trading. This will be the first full week of Q2 earnings season, as well as ushering in plenty of economic data like U.S. Retail Sales and New Housing Starts. In any case, the Dow is currently +220 points, the S&P 500 is +18 and the Nasdaq +60 ...",www.zacks.com,0.08506,Neutral,JNJ,0.160099,-0.026278,Neutral
2024-07-15 20:16:19,Smart Money Is Betting Big In JNJ Options - Johnson & Johnson  ( NYSE:JNJ ) ,https://www.benzinga.com/insights/options/24/07/39781510/smart-money-is-betting-big-in-jnj-options,"Deep-pocketed investors have adopted a bullish approach towards Johnson & Johnson JNJ, and it's something market players shouldn't ignore. Our tracking of public options records at Benzinga unveiled this significant move today.",www.benzinga.com,0.135027,Neutral,JNJ,0.677874,0.359964,Bullish
2024-07-15 22:38:00,Dow Closes at New High as Q2 Earnings Season Heats Up,https://www.zacks.com/stock/news/2302138/dow-closes-at-new-high-as-q2-earnings-season-heats-up,Earnings season only picks up steam in the weeks to come.,www.zacks.com,0.084265,Neutral,JNJ,0.181137,0.008697,Neutral
2024-07-16 01:36:15,"Bernie Sanders: 'Getting Sick In America Should Not Mean Going Bankrupt, Losing Your Home, Car, Or Life Savings' - Bristol-Myers Squibb  ( NYSE:BMY ) , Biogen  ( NASDAQ:BIIB ) ",https://www.benzinga.com/news/24/07/39784920/bernie-sanders-getting-sick-in-america-should-not-mean-going-bankrupt-losing-your-home-car-or-life-s,"Sen. Bernie Sanders ( I-Vt. ) recently expressed his concerns about the high cost of medical care in the United States, highlighting the financial burden it places on patients. What Happened: On Monday, Sanders took to X to voice his concerns about the high cost of healthcare in the United ...",www.benzinga.com,-0.036649,Neutral,JNJ,0.24289,-0.379949,Bearish
2024-07-16 11:10:00,"Trawick International Launches Commercial and Specialty Division, Appoints Industry Veteran Jack Coleman as President",https://www.benzinga.com/pressreleases/24/07/g39789257/trawick-international-launches-commercial-and-specialty-division-appoints-industry-veteran-jack-co,"MIAMI, July 16, 2024 ( GLOBE NEWSWIRE ) -- Trawick International, a leading international insurance company, today announced the appointment of Jack Coleman as President of the new Commercial and Specialty division, effective immediately.",www.benzinga.com,0.276187,Somewhat-Bullish,JNJ,0.080458,-0.1454,Neutral
2024-07-16 12:06:35,How To Earn $500 A Month From Johnson & Johnson Stock Ahead Of Q2 Earnings - Johnson & Johnson  ( NYSE:JNJ ) ,https://www.benzinga.com/news/earnings/24/07/39790748/how-to-earn-500-a-month-from-johnson-johnson-stock-ahead-of-q2-earnings,"Johnson & Johnson JNJ will release its second-quarter financial results, before the opening bell on Wednesday, July 17. Analysts expect the New Brunswick, New Jersey-based company to report quarterly earnings at $2.70 per share, up from $2.56 per share in the year-ago period.",www.benzinga.com,0.153968,Somewhat-Bullish,JNJ,0.716023,0.272465,Somewhat-Bullish
2024-07-16 13:00:00,Scorched Earth & The Burning of the American Consumer,https://www.benzinga.com/pressreleases/24/07/n39792528/scorched-earth-the-burning-of-the-american-consumer,"""Outside Counsel"" Unveils Riveting Season 2 with Esteemed Legal Commentator DALLAS, July 16, 2024 /PRNewswire/ - Renowned trial lawyer, and co-founder of Simon Greenstone Panatier, PC, law school professor, and author of Last Rights, Jeffrey B.",www.benzinga.com,-0.02248,Neutral,JNJ,0.090134,0.033012,Neutral
2024-07-16 13:27:00,"Stock Market News for Jul 16, 2024",https://www.zacks.com/stock/news/2302388/stock-market-news-for-jul-16-2024,"U.S stocks closed higher on Monday, building on Friday???s rally, as investors increased their bets on the chances of Donald Trump winning the U.S. presidential election in November following a failed assassination attempt on the Republican nominee over the weekend.",www.zacks.com,0.072454,Neutral,JNJ,0.151064,0.0,Neutral
2024-07-16 16:46:16,Johnson & Johnson: Bullish Charts Signal Strong Setup Before Q2 Earnings - Johnson & Johnson  ( NYSE:JNJ ) ,https://www.benzinga.com/analyst-ratings/analyst-color/24/07/39799990/johnson-johnson-bullish-charts-signal-strong-setup-before-q2-earnings,"Johnson & Johnson JNJ is reporting its second-quarter earnings on Wednesday. Wall Street expects $2.7 in EPS and $22.3 billion in revenues as the company reports before market hours. The stock is down 5.56% over the past year, -4.16% YTD.",www.benzinga.com,0.167812,Somewhat-Bullish,JNJ,0.748842,0.201429,Somewhat-Bullish
2024-07-16 19:07:10,Johnson & Johnson Q2 Earnings Preview: Can New Drugs Lift Sagging Stock? - Johnson & Johnson  ( NYSE:JNJ ) ,https://www.benzinga.com/analyst-ratings/analyst-color/24/07/39802572/johnson-johnson-q2-earnings-preview-can-new-drugs-lift-sagging-stock,"Johnson & Johnson JNJ was one of the worst-performing Dow Jones Industrial Average stocks in the first half of 2024. Investors and analysts will be looking for the company to show progress from a mixed first quarter when second-quarter financial results are reported Wednesday, July 17.",www.benzinga.com,0.177749,Somewhat-Bullish,JNJ,0.839263,0.179495,Somewhat-Bullish
2024-07-16 20:59:00,ORIC Pharmaceuticals Announces Multiple Clinical Collaborations with Strategic Partners to Support Ongoing Trial Evaluating ORIC-944 in Combination with AR Inhibitors for the Treatment of Prostate Cancer,https://www.globenewswire.com/news-release/2024/07/16/2914185/0/en/ORIC-Pharmaceuticals-Announces-Multiple-Clinical-Collaborations-with-Strategic-Partners-to-Support-Ongoing-Trial-Evaluating-ORIC-944-in-Combination-with-AR-Inhibitors-for-the-Treat.html,"ORIC-944, a potential best-in-class PRC2 inhibitor, is being evaluated in combination with darolutamide and in combination with apalutamide in patients with ...",www.globenewswire.com,0.057949,Neutral,JNJ,0.067441,0.021084,Neutral
2024-07-17 05:00:00,The World's Top Airport Might Surprise You When It Comes to Cargo,https://www.barrons.com/amp/articles/hong-kong-airport-cargo-92827332,"A business trivia question for you: What's the biggest airport in the world? If you answered Hartsfield-Jackson Atlanta International Airport, you'd be half right. Hartsfield-Jackson is the No. 1 airport globally in terms of passengers, with 104 million travelers flying in and out there last year ...",www.barrons.com,0.123934,Neutral,JNJ,0.04794,0.08501,Neutral
2024-07-17 07:14:23,Dow Jones Closes At Record High As Traders Turn Bullish Amid Hopes Of Fed Cutting Rates In September - Bank of America  ( NYSE:BAC ) ,https://www.benzinga.com/news/earnings/earnings-beats/24/07/39809413/dow-jones-closes-at-record-high-as-traders-turn-bullish-amid-hopes-of-fed-cutting-ra,"The CNN Money Fear and Greed index showed some improvement in the overall market sentiment, with the index remaining in the ""Greed"" zone on Tuesday. U.S. stocks closed higher on Tuesday, with the Dow Jones index surging to an all-time high and settling at a record level.",www.benzinga.com,-0.004879,Neutral,JNJ,0.221819,0.0,Neutral
2024-07-17 07:16:39,"ASML, United Airlines And 3 Other Stocks To Watch Heading Into Wednesday - Johnson & Johnson  ( NYSE:JNJ ) ",https://www.benzinga.com/news/earnings/24/07/39809435/asml-united-airlines-and-3-other-stocks-to-watch-heading-into-wednesday,"With U.S. stock futures trading lower this morning on Wednesday, some of the stocks that may grab investor focus today are as follows: Wall Street expects Johnson & Johnson JNJ to report quarterly earnings at $2.70 per share on revenue of $22.31 billion before the opening bell, according to data ...",www.benzinga.com,0.235809,Somewhat-Bullish,JNJ,0.407844,0.530586,Bullish
2024-07-17 09:00:00,"These Stocks Are Moving the Most Today: Nvidia, AMD, ASML, TSMC, Intel, J&J, GitLab, Five Below, and More",https://www.barrons.com/amp/articles/stock-market-movers-db08271e,"Nvidia, Super Micro, ASML, Spirit Airlines, Five Below, J&J, and More Market Movers ...",www.barrons.com,-0.016868,Neutral,JNJ,0.077845,0.163473,Somewhat-Bullish
2024-07-17 09:48:00,"Tech Futures Skid On ASML, Tougher China Curbs, Trump",https://www.investors.com/market-trend/stock-market-today/dow-jones-futures-asml-earnings-china-curbs-donald-trump/,"Dow Jones futures declined slightly early Wednesday, while S&P 500 futures and especially Nasdaq futures fell solidly as semiconductor-equipment giant ASML ( ASML ) tumbled on guidance.",www.investors.com,0.170607,Somewhat-Bullish,JNJ,0.061081,-0.109011,Neutral
2024-07-17 10:25:00,Genmab Announces Net Sales of DARZALEX®  ( daratumumab )  for Second Quarter of 2024,https://www.globenewswire.com/news-release/2024/07/17/2914398/0/en/Genmab-Announces-Net-Sales-of-DARZALEX-daratumumab-for-Second-Quarter-of-2024.html,Company Announcement ...,www.globenewswire.com,0.009624,Neutral,JNJ,0.130217,0.011672,Neutral
2024-07-17 10:42:00,"Johnson & Johnson Beats, But Falls On Lowered Guidance",https://www.investors.com/news/technology/johnson-johnson-stock-johnson-johnson-earnings-q2-2024/,"Johnson & Johnson Earnings Top, But Dow Stock Falls On Lowered Guidance Investor's Business Daily ...",www.investors.com,0.261044,Somewhat-Bullish,JNJ,0.785534,0.316807,Somewhat-Bullish
2024-07-17 11:30:02,Johnson & Johnson  ( JNJ )  Beats Q2 Earnings and Revenue Estimates,https://www.zacks.com/stock/news/2303130/johnson-johnson-jnj-beats-q2-earnings-and-revenue-estimates,"Johnson & Johnson (JNJ) delivered earnings and revenue surprises of 4.06% and 0.43%, respectively, for the quarter ended June 2024. Do the numbers hold clues to what lies ahead for the stock?",www.zacks.com,0.150804,Somewhat-Bullish,JNJ,0.395012,0.1105,Neutral
2024-07-17 11:41:03,"Nasdaq, S&P 500 Futures Plummet: What's Going On - Invesco QQQ Trust, Series 1  ( NASDAQ:QQQ ) , SPDR S&P 500  ( ARCA:SPY ) ",https://www.benzinga.com/news/earnings/24/07/39812718/nasdaq-s-p-500-futures-plunge-after-trumps-comments-and-asmls-weak-forecast-deepens-tech-sell-off-a,"Sentiment will likely reverse course, with the index futures trading notably lower early Wednesday. The recent run-up ideally should render the mood cautious, and the caution may intensify as the first AI-levered chip company from across the Atlantic reported second-quarter results that were not ...",www.benzinga.com,0.085762,Neutral,JNJ,0.073209,0.0,Neutral
2024-07-17 12:14:27,"Johnson & Johnson's Q2 Earnings: Revenue And Profit Beat On Strong Pharma Sales, Annual Profit Outlook Lowered On M&A Costs - Johnson & Johnson  ( NYSE:JNJ ) ",https://www.benzinga.com/general/biotech/24/07/39813647/johnson-johnsons-q2-earnings-revenue-and-profit-beat-on-strong-pharma-sales-annual-profit-outlook,"On Wednesday, Johnson & Johnson JNJ reported a second-quarter adjusted EPS of $2.82, up 10.2% year-over-year, beating the consensus of $2.70. The pharma giant reported sales of $22.45 billion, up 4.3% year-over-year, beating the consensus of $22.31 billion.",www.benzinga.com,0.233822,Somewhat-Bullish,JNJ,0.529185,0.2878,Somewhat-Bullish
2024-07-17 12:17:00,"Johnson & Johnson Beats, But Cuts Guidance",https://www.investors.com/news/technology/johnson-johnson-stock-johnson-johnson-earnings-q2-2024/,"Johnson & Johnson Earnings Top, But Dow Stock Lowers Guidance Investor's Business Daily ...",www.investors.com,0.304212,Somewhat-Bullish,JNJ,0.782378,0.456377,Bullish
2024-07-17 13:39:19,Nasdaq Dips 300 Points; Johnson & Johnson Earnings Top Estimates - Johnson & Johnson  ( NYSE:JNJ ) ,https://www.benzinga.com/news/earnings/24/07/39816148/nasdaq-dips-300-points-johnson-johnson-earnings-top-estimates,"U.S. stocks traded mostly lower this morning, with the Nasdaq Composite falling around 300 points on Wednesday. Following the market opening Wednesday, the Dow traded down 0.10% to 40,914.80 while the NASDAQ fell 1.63% to 18,208.05. The S&P 500 also fell, dropping, 0.98% to 5,611.77 .",www.benzinga.com,-0.053738,Neutral,JNJ,0.218161,0.403625,Bullish
2024-07-17 14:21:00,"Pre-Markets Book Profits; Housing Starts, J&J Q2 Up",https://www.zacks.com/stock/news/2303581/pre-markets-book-profits-housing-starts-jj-q2-up,"Pre-market futures are down at this hour, but not apparently as a result of any new reports ahead of the bell.",www.zacks.com,0.037813,Neutral,JNJ,0.148273,0.033711,Neutral
2024-07-17 14:26:00,Stock market today: Big tech stocks dive again as their split deepens with the rest of Wall Street,https://apnews.com/article/stock-markets-rates-fed-china-6f9069df533d393c649ae5a171e31ab8,Stock market today: Wall Street's split deepens between big tech stocks and the rest of the market The Associated Press ...,apnews.com,-0.026799,Neutral,JNJ,0.046633,0.160438,Somewhat-Bullish
2024-07-17 14:40:00,Nasdaq Smacked By Chip Sell-Off; Dow Stock Breaks Out,https://www.investors.com/market-trend/stock-market-today/stock-market-today-nasdaq-sp500-dow-jones-asml-stock-chip-stocks/,Nasdaq Smacked As Regulation Fears Pound Chip Stocks. Health Care Giant Breaks Out ( Live Coverage ) Investor's Business Daily ...,www.investors.com,0.050411,Neutral,JNJ,0.13459,0.085876,Neutral
2024-07-17 15:16:00,Housing Starts Increased More Than Expected,https://www.zacks.com/stock/news/2303632/housing-starts-increased-more-than-expected,"Pre-market futures are down this morning. This does not appear to be as a result of any releases ahead of the open, but as sort of a mass realization that markets have climbed historically high over the past few weeks - even the Dow hit an all-time closing high yesterday - and another round of ...",www.zacks.com,0.037843,Neutral,JNJ,0.152983,0.037122,Neutral
2024-07-17 15:20:00,ORIC Pharmaceuticals  ( ORIC )  Up on Collaboration With Bayer & JNJ,https://www.zacks.com/stock/news/2303774/oric-pharmaceuticals-oric-up-on-collaboration-with-bayer-jnj,ORIC Pharmaceuticals (ORIC) teams up with Bayer and Johnson & Johnson for a phase I study on ORIC-944 in patients with metastatic prostate cancer. Its shares rise on the news.,www.zacks.com,0.057103,Neutral,JNJ,0.227007,0.100645,Neutral
2024-07-17 18:05:00,Johnson And Johnson Continues To Focus On Medical Innovation - Johnson & Johnson  ( NYSE:JNJ ) ,https://www.benzinga.com/news/24/07/39823007/johnson-and-johnson-continues-to-focus-on-medical-innovation,"On Wednesday, Johnson & Johnson JNJ reported its second quarter results that reflected a strong momentum of its medtech and innovative medicine divisions.",www.benzinga.com,0.156019,Somewhat-Bullish,JNJ,0.362858,0.226802,Somewhat-Bullish
2024-07-17 18:24:05,"European Commission Faces Court Criticism Over COVID Vaccine Contract Transparency Ahead Of Vote on Ursula Von Der Leyen's Reappointment - AstraZeneca  ( NASDAQ:AZN ) , Johnson & Johnson  ( NYSE:JNJ ) , Moderna  ( NASDAQ:MRNA ) , GSK  ( NYSE:GSK ) ",https://www.benzinga.com/general/biotech/24/07/39823289/european-commission-faces-court-criticism-over-covid-vaccine-contract-transparency-ahead-of-vote-,The European Commission faced criticism from Europe's second-highest court regarding transparency issues surrounding COVID-19 vaccine contracts from four years ago. This scrutiny comes on the eve of a crucial vote on Commission head Ursula von der Leyen's reelection bid.,www.benzinga.com,0.124235,Neutral,JNJ,0.19117,0.194182,Somewhat-Bullish
2024-07-17 19:00:18,Johnson & Johnson  ( JNJ )  Q2 2024 Earnings Call Transcript,https://www.fool.com/earnings/call-transcripts/2024/07/17/johnson-johnson-jnj-q2-2024-earnings-call-transcri/,"JNJ earnings call for the period ending June 30, 2024.",www.fool.com,0.324167,Somewhat-Bullish,JNJ,0.049455,0.120733,Neutral
2024-07-17 19:12:12,"Johnson & Johnson Hits Crucial Roadblock - Can It Break Through? - JPMorgan Chase  ( NYSE:JPM ) , Johnson & Johnson  ( NYSE:JNJ ) ",https://www.benzinga.com/trading-ideas/technicals/24/07/39824201/stock-of-the-day-johnson-johnson-hits-crucial-roadblock-can-it-break-through,"Investors loved the Johnson & Johnson JNJ earnings report. The stock is trading much higher, but it has stalled out around an important resistance level. In financial markets, some price levels have more importance than others.",www.benzinga.com,0.088306,Neutral,JNJ,0.380012,0.076478,Neutral
2024-07-17 22:14:00,Why Johnson & Johnson Stock Was a Winner on Wednesday,https://www.fool.com/investing/2024/07/17/why-johnson-johnson-stock-was-a-winner-on-wednesda/,The company did a fine job of boosting sales of numerous drugs.,www.fool.com,0.214894,Somewhat-Bullish,JNJ,0.724687,0.280981,Somewhat-Bullish
2024-07-18 06:37:21,"Mankind Pharma and EQT compete to acquire BSV Group for Rs 14,000 crore",https://www.business-standard.com/companies/news/mankind-pharma-and-eqt-compete-to-acquire-bsv-group-for-rs-14-000-crore-124071800409_1.html,"Advent International, the private equity firm currently owning BSV, appointed JP Morgan and Jefferies to facilitate the sale of the biopharma firm ...",www.business-standard.com,0.184448,Somewhat-Bullish,JNJ,0.066414,0.079129,Neutral
2024-07-18 08:25:00,2 Magnificent S&P 500 Dividend Stocks Down 19% and 41% to Buy and Hold Forever,https://www.fool.com/investing/2024/07/18/2-sp-500-dividend-stocks-down-buy-forever/,"The market can be unpredictable in the short run, but over the long term, the best companies will build lasting wealth for their shareholders.",www.fool.com,0.206882,Somewhat-Bullish,JNJ,0.167322,0.061893,Neutral
2024-07-18 09:40:00,Is Johnson & Johnson a Buy Now?,https://www.fool.com/investing/2024/07/18/is-johnson-johnson-a-buy-now/,Second-quarter results suggest the spinoff of the company's slow-growing consumer goods segment is having the intended effect.,www.fool.com,0.135461,Neutral,JNJ,0.298749,0.208035,Somewhat-Bullish
2024-07-18 11:34:56,"Nasdaq, S&P 500 Futures Rebound Thursday: What's Going On - Invesco QQQ Trust, Series 1  ( NASDAQ:QQQ ) , SPDR S&P 500  ( ARCA:SPY ) ",https://www.benzinga.com/news/earnings/24/07/39835373/wall-street-gearing-up-for-tech-led-rebound-ahead-of-netflix-earnings-economist-expects-soft-landin,"Beaten-down stocks could make a comeback on Thursday, with Taiwan Semiconductor Manufacturing Company Ltd.'s TSM strong quarterly report lifting sentiment toward tech stocks. The major U.S. index futures were mixed ahead of the trading session.",www.benzinga.com,0.0,Neutral,JNJ,0.096866,0.053672,Neutral
2024-07-18 11:45:00,A Top-Tier Dividend Stock Every Passive-Income Investor Should Consider,https://www.fool.com/investing/2024/07/18/a-top-tier-dividend-stock-every-passive-income-inv/,This healthcare behemoth is one of the best dividend stocks on the planet.,www.fool.com,0.546938,Bullish,JNJ,0.144708,0.343081,Somewhat-Bullish
2024-07-18 12:30:00,Medical Devices Market to Surpass $756.59 Billion by 2031 | SkyQuest Technology,https://www.benzinga.com/pressreleases/24/07/g39836904/medical-devices-market-to-surpass-756-59-billion-by-2031-skyquest-technology,"Westford, USA, July 18, 2024 ( GLOBE NEWSWIRE ) -- SkyQuest projects that the Medical Devices market will attain a value of $756.59 Billion by 2031, with a CAGR of 5.8% over the forecast period ( 2024-2031 ) . Medical devices are essential tools used in the healthcare sector to diagnose and ...",www.benzinga.com,0.305725,Somewhat-Bullish,JNJ,0.044885,0.078515,Neutral
2024-07-18 12:36:46,Microsoft To Rally Around 12%? Here Are 10 Top Analyst Forecasts For Thursday - Microsoft  ( NASDAQ:MSFT ) ,https://www.benzinga.com/news/24/07/39837138/microsoft-to-rally-around-12-here-are-10-top-analyst-forecasts-for-thursday,"Top Wall Street analysts changed their outlook on these top names. For a complete view of all analyst rating changes, including upgrades and downgrades, please see our analyst ratings page. Baird boosted the price target for e.l.f. Beauty, Inc. ELF from $210 to $230.",www.benzinga.com,0.214394,Somewhat-Bullish,JNJ,0.235062,0.211663,Somewhat-Bullish
2024-07-18 12:52:52,Jim Cramer's top 10 things to watch in the stock market Thursday,https://www.cnbc.com/2024/07/18/jim-cramers-top-10-things-to-watch-in-the-stock-market-thursday.html,Nasdaq futures rose Thursday after the tech-heavy Nasdaq Composite posted its worst day since 2022.,www.cnbc.com,0.103421,Neutral,JNJ,0.053509,0.170743,Somewhat-Bullish
2024-07-18 13:34:00,"Company News for Jul 18, 2024",https://www.zacks.com/stock/news/2304326/company-news-for-jul-18-2024,Companies in The News Are: ...,www.zacks.com,0.296934,Somewhat-Bullish,JNJ,0.56415,0.328536,Somewhat-Bullish
2024-07-18 15:00:48,Comparative Study: Johnson & Johnson And Industry Competitors In Pharmaceuticals Industry - Johnson & Johnson  ( NYSE:JNJ ) ,https://www.benzinga.com/insights/news/24/07/39841277/comparative-study-johnson-amp-johnson-and-industry-competitors-in-pharmaceuticals-industry,"In the dynamic and fiercely competitive business environment, conducting a thorough analysis of companies is crucial for investors and industry enthusiasts. In this article, we will perform an extensive industry comparison, evaluating Johnson & Johnson JNJ in relation to its major competitors in ...",www.benzinga.com,0.20935,Somewhat-Bullish,JNJ,0.450354,0.334765,Somewhat-Bullish
2024-07-18 16:12:40,These Analysts Revise Their Forecasts On Johnson & Johnson After Q2 Results - Johnson & Johnson  ( NYSE:JNJ ) ,https://www.benzinga.com/news/earnings/24/07/39843593/these-analysts-revise-their-forecasts-on-johnson-johnson-after-q2-results,"Johnson & Johnson JNJ reported better-than-expected second-quarter earnings on Wednesday. The company posted adjusted EPS of $2.82, up 10.2% year-over-year, beating the consensus of $2.70.",www.benzinga.com,0.264137,Somewhat-Bullish,JNJ,0.767202,0.623275,Bullish
2024-07-18 18:51:35,"Johnson & Johnson Prioritizes Sustainable Growth in M&A Amid Sector Diversification, Says Analyst - Johnson & Johnson  ( NYSE:JNJ ) ",https://www.benzinga.com/analyst-ratings/analyst-color/24/07/39846742/johnson-johnson-prioritizes-sustainable-growth-in-m-a-amid-sector-diversification-s,"Wednesday, Johnson & Johnson JNJ reported a second-quarter adjusted EPS of $2.82, up 10.2% Y/Y, beating the consensus of $2.70. RBC Capital Markets anticipates a favorable second-quarter environment for companies outside of China.",www.benzinga.com,0.389788,Bullish,JNJ,0.60098,0.52974,Bullish
2024-07-19 12:00:00,"Sports Medicine Market to Surpass USD 12.04 Billion by 2031, Witnessing 5.6% CAGR Growth | SkyQuest Technology",https://www.benzinga.com/pressreleases/24/07/g39857589/sports-medicine-market-to-surpass-usd-12-04-billion-by-2031-witnessing-5-6-cagr-growth-skyquest-te,"Westford, USA, July 19, 2024 ( GLOBE NEWSWIRE ) -- SkyQuest projects that the Sports Medicine Market will attain a value of USD 12.04 billion by 2031, with a CAGR of 5.6% over the forecast period ( 2024-2031 ) . Performance of an athlete is of paramount importance for any sport and sports ...",www.benzinga.com,0.298948,Somewhat-Bullish,JNJ,0.059341,0.0,Neutral
2024-07-21 09:30:00,This Hidden Gem Vanguard ETF Is Chock-Full of Magnificent Stocks. Here's Why It's a Buy Now.,https://www.fool.com/investing/2024/07/21/hidden-gem-vanguard-etf-buy-growth-value-stock/,"This fund has a basket of growth, income, and value stocks.",www.fool.com,0.225556,Somewhat-Bullish,JNJ,0.047278,0.11446,Neutral
2024-07-22 10:20:06,Should You Invest in the Vanguard Health Care ETF  ( VHT ) ?,https://www.zacks.com/stock/news/2305775/should-you-invest-in-the-vanguard-health-care-etf-vht,Sector ETF report for ...,www.zacks.com,0.234733,Somewhat-Bullish,JNJ,0.134214,0.064229,Neutral
2024-07-22 12:08:56,Johnson & Johnson Faces Legal Hurdle In Talc Lawsuit Battle - Johnson & Johnson  ( NYSE:JNJ ) ,https://www.benzinga.com/general/biotech/24/07/39881151/johnson-johnson-faces-legal-hurdle-in-talc-lawsuit-battle,Johnson & Johnson JNJ faced a legal setback on Friday when a New Jersey judge rejected its bid to disqualify the law firm Beasley Allen from representing plaintiffs who claim the company's talc products caused their cancer.,www.benzinga.com,-0.087865,Neutral,JNJ,0.7887,-0.317254,Somewhat-Bearish
2024-07-22 12:18:44,Johnson & Johnson Seeks FDA Approval For SPRAVATO Nasal Spray For Treatment-Resistant Depression,https://markets.businessinsider.com/news/stocks/johnson-johnson-seeks-fda-approval-for-spravato-nasal-spray-for-treatment-resistant-depression-1033577430,( RTTNews ) - Johnson & Johnson ( JNJ ) announced the submission of a supplemental New Drug Application or sNDA to the U.S. Food and Drug Administration seeking approval of SPRAVATO ( esketamine ) CIII nasal spray as a monotherapy for adults living with treatment-resistant depression or TRD.,markets.businessinsider.com,-0.083901,Neutral,JNJ,0.436009,-0.041117,Neutral
2024-07-22 12:30:00,Vericel Announces Appointment of Karen Mahoney as Chief Human Resources Officer,https://www.globenewswire.com/news-release/2024/07/22/2916534/34447/en/Vericel-Announces-Appointment-of-Karen-Mahoney-as-Chief-Human-Resources-Officer.html,"CAMBRIDGE, Mass., July 22, 2024 ( GLOBE NEWSWIRE ) -- Vericel Corporation ( NASDAQ:VCEL ) , a leader in advanced therapies for the sports medicine and severe burn care markets, today announced the appointment of Karen Mahoney as Chief Human Resources Officer following the retirement of Heidi ...",www.globenewswire.com,0.282891,Somewhat-Bullish,JNJ,0.138464,0.111528,Neutral
2024-07-22 13:15:49,"After Disappointing Data, Johnson & Johnson Halts Developing Epilepsy Drug Candidate - Addex Therapeutics  ( NASDAQ:ADXN ) , Johnson & Johnson  ( NYSE:JNJ ) ",https://www.benzinga.com/general/biotech/24/07/39883955/after-disappointing-data-johnson-johnson-halts-developing-epilepsy-drug-candidate,"Monday, Addex Therapeutics ADXN announced its partner Janssen Pharmaceuticals, Inc, a unit of Johnson & Johnson JNJ, has discontinued the development of ADX71149 ( JNJ-40411813 ) in epilepsy.",www.benzinga.com,0.159366,Somewhat-Bullish,JNJ,0.692465,0.015033,Neutral
2024-07-22 16:00:00,"Clearside Biomedical Opens Registration for Suprachoroidal Delivery KOL Webinar to Be Held on Wednesday, July 24, 2024 at 8:00 am ET - Clearside Biomedical  ( NASDAQ:CLSD ) ",https://www.benzinga.com/pressreleases/24/07/g39888510/clearside-biomedical-opens-registration-for-suprachoroidal-delivery-kol-webinar-to-be-held-on-wedn,"ALPHARETTA, Ga., July 22, 2024 ( GLOBE NEWSWIRE ) -- Clearside Biomedical, Inc.",www.benzinga.com,0.098464,Neutral,JNJ,0.035502,0.043525,Neutral
2024-07-22 18:54:41,"Biden's Exit From Presidential Race 'Yet Another Curveball For Equity Investors': Analysts - Johnson & Johnson  ( NYSE:JNJ ) , Eli Lilly and Co  ( NYSE:LLY ) ",https://www.benzinga.com/general/biotech/24/07/39891746/bidens-exit-from-presidential-race-yet-another-curveball-for-equity-investors-analysts,"President Joe Biden's decision on Sunday to drop his bid for a second term in the White House was ""yet another curveball for equity investors,"" according to RBC Capital Markets analyst Lori Calvasina.",www.benzinga.com,0.107802,Neutral,JNJ,0.159043,-0.484568,Bearish
2024-07-23 10:30:00,"Bladder Cancer Treatment Drug Market to Attain $14.24 billion by 2034, with 14.1% CAGR | Fact.MR Report",https://www.benzinga.com/pressreleases/24/07/g39901319/bladder-cancer-treatment-drug-market-to-attain-14-24-billion-by-2034-with-14-1-cagr-fact-mr-report,"Rockville, MD., July 23, 2024 ( GLOBE NEWSWIRE ) -- According to a new report published by Fact.MR, the global Bladder Cancer Treatment Drug Market is estimated to reach a value of US$ 3.79 billion in 2024 and further expand at a CAGR of 14.1% from 2024 to 2034.",www.benzinga.com,0.077374,Neutral,JNJ,0.033894,-0.109355,Neutral
2024-07-23 12:51:00,Time for Healthcare ETFs?,https://www.zacks.com/stock/news/2306667/time-for-healthcare-etfs,"Compelling valuation, innovation in specific growth areas and an aging population as well as increasing healthcare spending are the tailwinds of the medical sector.",www.zacks.com,0.279458,Somewhat-Bullish,JNJ,0.178459,0.068617,Neutral
2024-07-23 15:13:00,Will These 5 Medical Stocks Surpass Q2 Earnings Forecasts?,https://www.zacks.com/stock/news/2307083/will-these-5-medical-stocks-surpass-q2-earnings-forecasts,"Let's look at five biotech and drug companies, AZN, ABBV, VKTX, SNY and BMY, slated to release their second-quarter 2024 results this week.",www.zacks.com,0.151539,Somewhat-Bullish,JNJ,0.039614,0.00992,Neutral
2024-07-23 17:20:19,Pharma Giant Johnson & Johnson Asks FDA To Approve Esketamine Nasal Spray For Treatment-Resistant Depression - Johnson & Johnson  ( NYSE:JNJ ) ,https://www.benzinga.com/markets/cannabis/24/07/39913847/pharma-giant-johnson-johnson-asks-fda-to-approve-esketamine-nasal-spray-for-treatment-resistant-,Pharma giant Johnson & Johnson JNJ announced Monday it had asked the Food and Drug Administration ( FDA ) to approve its nasal spray as a monotherapy for treatment-resistant depression ( TRD ) in adults.,www.benzinga.com,0.125712,Neutral,JNJ,0.160099,-0.064233,Neutral
2024-07-23 17:35:10,"Kubecost Tops 10 Million Installs, Onboards Major Enterprise Customers, and Extends Technical Leadership in Kubernetes and Multi-Cloud Cost Optimization",https://www.benzinga.com/pressreleases/24/07/g39914189/kubecost-tops-10-million-installs-onboards-major-enterprise-customers-and-extends-technical-leader,"SAN FRANCISCO, July 23, 2024 ( GLOBE NEWSWIRE ) -- Kubecost, the comprehensive solution for monitoring, managing, and optimizing Kubernetes spend at scale, today announced it has surpassed 10 million installs across all platforms, including Amazon ECR, Helm charts, and OpenCost.",www.benzinga.com,0.242646,Somewhat-Bullish,JNJ,0.049939,0.11223,Neutral
2024-07-24 13:00:17,Johnson & Johnson  ( JNJ )  is Attracting Investor Attention: Here is What You Should Know,https://www.zacks.com/stock/news/2307613/johnson-johnson-jnj-is-attracting-investor-attention-here-is-what-you-should-know,"Johnson & Johnson (JNJ) has received quite a bit of attention from Zacks.com users lately. Therefore, it is wise to be aware of the facts that can impact the stock's prospects.",www.zacks.com,0.235301,Somewhat-Bullish,JNJ,0.478494,0.130447,Neutral
2024-07-24 13:19:00,"The Zacks Analyst Blog Highlights Boston Scientific, Thermo Fisher Scientific, Align Technology and Edwards Lifesciences",https://www.zacks.com/stock/news/2307978/the-zacks-analyst-blog-highlights-boston-scientific-thermo-fisher-scientific-align-technology-and-edwards-lifesciences,"Boston Scientific, Thermo Fisher Scientific, Align Technology and Edwards Lifesciences are part of the Zacks Top Analyst Blog.",www.zacks.com,0.158332,Somewhat-Bullish,JNJ,0.038162,0.009893,Neutral
2024-07-24 16:01:23,Check Out What Whales Are Doing With JNJ - Johnson & Johnson  ( NYSE:JNJ ) ,https://www.benzinga.com/insights/options/24/07/39936949/check-out-what-whales-are-doing-with-jnj,"Whales with a lot of money to spend have taken a noticeably bullish stance on Johnson & Johnson. Looking at options history for Johnson & Johnson JNJ we detected 9 trades. If we consider the specifics of each trade, it is accurate to state that 77% of the investors opened trades with bullish ...",www.benzinga.com,0.108576,Neutral,JNJ,0.654859,0.191084,Somewhat-Bullish
2024-07-25 05:00:00,Idorsia announces financial results for the first half 2024,https://www.globenewswire.com/news-release/2024/07/25/2918493/0/en/Idorsia-announces-financial-results-for-the-first-half-2024.html,Ad hoc announcement pursuant to Art. 53 LR ...,www.globenewswire.com,0.169323,Somewhat-Bullish,JNJ,0.010393,0.082002,Neutral
2024-07-25 11:00:00,"AC Immune's ACI-35.030  ( now ""JNJ-2056"" )  Granted FDA Fast Track Designation for Alzheimer's Disease",https://www.globenewswire.com/news-release/2024/07/25/2918683/0/en/AC-Immune-s-ACI-35-030-now-JNJ-2056-Granted-FDA-Fast-Track-Designation-for-Alzheimer-s-Disease.html,• Treatment of first randomized person with preclinical AD expected this quarter • Phase 2b ReTain trial is fully funded and conducted by development partner,www.globenewswire.com,0.143094,Neutral,JNJ,0.261117,0.005879,Neutral
2024-07-25 13:15:25,Looking Into Johnson & Johnson's Recent Short Interest - Johnson & Johnson  ( NYSE:JNJ ) ,https://www.benzinga.com/insights/short-sellers/24/07/39958296/looking-into-johnson-johnsons-recent-short-interest,"Johnson & Johnson's JNJ short percent of float has fallen 14.77% since its last report. The company recently reported that it has 17.99 million shares sold short, which is 0.75% of all regular shares that are available for trading.",www.benzinga.com,0.26221,Somewhat-Bullish,JNJ,0.209365,0.077712,Neutral
2024-07-25 14:21:00,"AbbVie  ( ABBV )  Beats on Q2 Earnings & Sales, Ups '24 EPS View",https://www.zacks.com/stock/news/2309203/abbvie-abbv-beats-on-q2-earnings-sales-ups-24-eps-view,AbbVie's (ABBV) second-quarter earnings and sales beat estimates. Management hikes the EPS guidance on encouraging product sales for immunology drugs.,www.zacks.com,0.137565,Neutral,JNJ,0.075516,0.063588,Neutral
2024-07-25 17:30:00,"[Latest] US Biotechnology Market Size/Share Worth USD 1797.8 Billion by 2033 at a 12.3% CAGR: Custom Market Insights  ( Analysis, Outlook, Leaders, Report, Trends, Forecast, Segmentation, Growth, Growth Rate, Value ) ",https://www.benzinga.com/pressreleases/24/07/g39966281/latest-us-biotechnology-market-sizeshare-worth-usd-1797-8-billion-by-2033-at-a-12-3-cagr-custom-ma,"Austin, TX, USA, July 25, 2024 ( GLOBE NEWSWIRE ) -- Custom Market Insights has published a new research report titled ""US Biotechnology Market Size, Trends and Insights By Technology ( Nanobiotechnology, Tissue Engineering and Regeneration, DNA Sequencing, Cell-based Assays, Fermentation, PCR ...",www.benzinga.com,0.276326,Somewhat-Bullish,JNJ,0.015482,0.0,Neutral
2024-07-26 09:27:00,Better Buy: Abbott Laboratories vs. Intuitive Surgical,https://www.fool.com/investing/2024/07/26/better-buy-abbott-laboratories-vs-intuitive-surgic/,"The medical technology business has been good for both companies, but which is right for your portfolio?",www.fool.com,0.207029,Somewhat-Bullish,JNJ,0.054607,0.049981,Neutral
2024-07-27 10:35:00,Could Johnson & Johnson's Troubles With Talc Lawsuits Finally Be Coming to an End?,https://www.fool.com/investing/2024/07/27/could-johnson-johnsons-troubles-with-talc-lawsuits/,Is it safe to buy Johnson & Johnson stock now?,www.fool.com,-0.029454,Neutral,JNJ,0.677342,-0.057677,Neutral
2024-07-28 12:00:00,4 Top Dividend Stocks Yielding Over 4% to Buy Hand Over Fist Right Now for Decades of Passive Income,https://www.fool.com/investing/2024/07/28/4-top-dividend-stocks-yielding-over-4-to-buy-hand/,These companies offer high-yielding dividends that should continue rising.,www.fool.com,0.368315,Bullish,JNJ,0.043342,0.099903,Neutral
2024-07-29 20:45:54,Johnson & Johnson Unusual Options Activity For July 29 - Johnson & Johnson  ( NYSE:JNJ ) ,https://www.benzinga.com/insights/options/24/07/40023558/johnson-johnson-unusual-options-activity-for-july-29,"Financial giants have made a conspicuous bearish move on Johnson & Johnson. Our analysis of options history for Johnson & Johnson JNJ revealed 10 unusual trades. Delving into the details, we found 20% of traders were bullish, while 70% showed bearish tendencies.",www.benzinga.com,0.095254,Neutral,JNJ,0.674691,0.03338,Neutral
2024-07-30 10:20:06,Should You Invest in the iShares U.S. Healthcare ETF  ( IYH ) ?,https://www.zacks.com/stock/news/2311499/should-you-invest-in-the-ishares-us-healthcare-etf-iyh,Sector ETF report for ...,www.zacks.com,0.210296,Somewhat-Bullish,JNJ,0.13459,0.070304,Neutral
2024-07-30 13:00:00,"Elevai Labs Inc. Subsidiary, Elevai Biosciences, Continues to Advance its Scientific Advisory Board with the Appointment of Orian Shirihai, MD, PhD",https://www.globenewswire.com/news-release/2024/07/30/2921052/0/en/Elevai-Labs-Inc-Subsidiary-Elevai-Biosciences-Continues-to-Advance-its-Scientific-Advisory-Board-with-the-Appointment-of-Orian-Shirihai-MD-PhD.html,"Elevai Labs Inc. Subsidiary, Elevai Biosciences, Continues to Advance its Scientific Advisory Board with the Appointment of Orian Shirihai, MD, ...",www.globenewswire.com,0.120066,Neutral,JNJ,0.045224,0.040139,Neutral
2024-07-30 17:31:00,Watch These 5 Biotech Stocks for Q2 Earnings: Beat or Miss?,https://www.zacks.com/stock/news/2312313/watch-these-5-biotech-stocks-for-q2-earnings-beat-or-miss,"Let's focus on biotech stocks like GSK, VRTX, BIIB, MRNA and REGN, which are scheduled to report this week.",www.zacks.com,0.148346,Neutral,JNJ,0.040416,0.084018,Neutral
2024-07-30 18:12:15,"Bristol Myers, Johnson & Johnson, AbbVie, AstraZeneca Expect Minimal Impact From Upcoming Medicare Price Negotiations - AstraZeneca  ( NASDAQ:AZN ) , Johnson & Johnson  ( NYSE:JNJ ) , Bristol-Myers Squibb  ( NYSE:BMY ) ",https://www.benzinga.com/general/biotech/24/07/40047654/bristol-myers-johnson-johnson-abbvie-astrazeneca-expect-minimal-impact-from-upcoming-medicare-pri,Four major pharmaceutical companies involved in the first U.S. negotiations over Medicare drug prices expect limited business impact despite anticipated price cuts.,www.benzinga.com,0.047931,Neutral,JNJ,0.177802,0.0,Neutral
2024-07-31 10:20:08,Should You Invest in the Health Care Select Sector SPDR ETF  ( XLV ) ?,https://www.zacks.com/stock/news/2312590/should-you-invest-in-the-health-care-select-sector-spdr-etf-xlv,Sector ETF report for ...,www.zacks.com,0.296331,Somewhat-Bullish,JNJ,0.127795,0.063863,Neutral
2024-07-31 18:48:25,"Should You Invest in the Health Care Select Sector SPDR ETF? - Johnson & Johnson  ( NYSE:JNJ ) , iShares Global Healthcare ETF  ( ARCA:IXJ ) ",https://www.benzinga.com/news/large-cap/24/07/40064785/should-you-invest-in-the-health-care-select-sector-spdr-etf,"Looking for broad exposure to the Healthcare - Broad segment of the equity market? You should consider the Health Care Select Sector SPDR ETF XLV, a passively managed exchange traded fund launched on 12/16/1998.",www.benzinga.com,0.323143,Somewhat-Bullish,JNJ,0.131643,0.097968,Neutral
2024-08-01 14:52:50,"Will Genscript Cash Out Of Legend Biotech In The Face Of Fat Profit Temptation? - Legend Biotech  ( NASDAQ:LEGN ) , Genscript Biotech  ( OTC:GNNSF ) ",https://www.benzinga.com/markets/penny-stocks/24/08/40104540/will-genscript-cash-out-of-legend-biotech-in-the-face-of-fat-profit-temptation,"Analysts expect annual sales of Carvykti, Legend Biotech's core cancer therapy, to peak at $7.3 billion With about $2 billion in cash reserves, Genscript isn't under pressure to sell its 48% holding in Legend",www.benzinga.com,0.113655,Neutral,JNJ,0.041394,0.030929,Neutral
2024-08-01 15:00:50,Comparative Study: Johnson & Johnson And Industry Competitors In Pharmaceuticals Industry - Johnson & Johnson  ( NYSE:JNJ ) ,https://www.benzinga.com/insights/news/24/08/40104755/comparative-study-johnson-amp-johnson-and-industry-competitors-in-pharmaceuticals-industry,"In the dynamic and cutthroat world of business, conducting thorough company analysis is essential for investors and industry experts. In this article, we will undertake a comprehensive industry comparison, evaluating Johnson & Johnson JNJ and its primary competitors in the Pharmaceuticals ...",www.benzinga.com,0.119546,Neutral,JNJ,0.454945,0.223367,Somewhat-Bullish
2024-08-01 20:54:40,"8 Best-Performing Small Caps In July: Find Out Which Stock Jumped 803% - CommScope Hldg Co  ( NASDAQ:COMM ) , Meta Data  ( NYSE:AIU ) ",https://www.benzinga.com/etfs/broad-u-s-equity-etfs/24/08/40116558/8-best-performing-small-caps-in-july-find-out-which-stock-jumped-803,The United States' macroeconomic environment was favorable to large-cap companies and unfriendly to small-caps through the first half of 2024. That changed in July. Best Performers: These were the 10 best-performing small caps ( defined as a market cap between $500 million and $10 billion ) in ...,www.benzinga.com,0.390017,Bullish,JNJ,0.064973,0.126004,Neutral
2024-08-02 09:17:00,Forget Johnson & Johnson: Another Healthcare Giant Is a Much Better Bet for Growth,https://www.fool.com/investing/2024/08/02/forget-johnson-johnson-this-could-be-a-much-better/,"Abbott Laboratories' growth rate may look comparable to Johnson & Johnson's, but in the long run it could become much higher.",www.fool.com,0.272999,Somewhat-Bullish,JNJ,0.462395,0.301853,Somewhat-Bullish
2024-08-02 19:32:53,Looking At Johnson & Johnson's Recent Unusual Options Activity - Johnson & Johnson  ( NYSE:JNJ ) ,https://www.benzinga.com/insights/options/24/08/40140417/looking-at-johnson-johnsons-recent-unusual-options-activity,"Investors with a lot of money to spend have taken a bullish stance on Johnson & Johnson JNJ. We noticed this today when the positions showed up on publicly available options history that we track here at Benzinga. Whether these are institutions or just wealthy individuals, we don't know.",www.benzinga.com,0.140556,Neutral,JNJ,0.673107,0.309738,Somewhat-Bullish
2024-08-03 10:38:00,Prediction: 2 Stocks That Will Be Worth More Than Johnson & Johnson 10 Years From Now,https://www.fool.com/investing/2024/08/03/prediction-2-stocks-that-will-be-worth-more-than-j/,These two healthcare companies have far more upside potential than Johnson & Johnson.,www.fool.com,0.231837,Somewhat-Bullish,JNJ,0.364053,0.214227,Somewhat-Bullish
2024-08-05 12:00:00,4DMT Advances Leadership in Large Market Ophthalmology with Senior Management Hires and Formation of Ophthalmology Advisory Board,https://www.globenewswire.com/news-release/2024/08/05/2924217/0/en/4DMT-Advances-Leadership-in-Large-Market-Ophthalmology-with-Senior-Management-Hires-and-Formation-of-Ophthalmology-Advisory-Board.html,"EMERYVILLE, Calif., Aug. 05, 2024 ( GLOBE NEWSWIRE ) -- 4D Molecular Therapeutics ( Nasdaq: FDMT, 4DMT or the Company ) , a leading clinical-stage genetic medicines company focused on unlocking the full potential of genetic medicines to treat large market diseases, today strengthened the ...",www.globenewswire.com,0.241907,Somewhat-Bullish,JNJ,0.028729,0.101195,Neutral
2024-08-05 13:07:00,"All It Takes Is $10,000 Invested in Coca-Cola and Each of These 2 Dividend Kings to Generate Over $1,000 in Passive Income per Year",https://www.fool.com/investing/2024/08/05/buy-coca-cola-stock-dividend-king-passive-income/,"Constructing a portfolio that is built to last requires investing in quality companies, purposeful allocation, and diversification.",www.fool.com,0.271793,Somewhat-Bullish,JNJ,0.064797,0.163281,Somewhat-Bullish
2024-08-05 14:15:00,"Immunoassay Market Surges to USD 39.66 Billion by 2031, Propelled by 4.67% CAGR - Verified Market Research®",https://www.benzinga.com/pressreleases/24/08/g40161821/immunoassay-market-surges-to-usd-39-66-billion-by-2031-propelled-by-4-67-cagr-verified-market-rese,"Lewes, Delaware, Aug. 05, 2024 ( GLOBE NEWSWIRE ) -- The Global Immunoassay Market Size is projected to grow at a CAGR of 4.67% from 2024 to 2031, according to a new report published by Verified Market Research®.",www.benzinga.com,0.274905,Somewhat-Bullish,JNJ,0.027795,0.095953,Neutral
2024-08-05 20:15:00,ORIC Pharmaceuticals Expands Leadership Team with the Appointment of Keith Lui as Senior Vice President of Commercial and Medical Affairs - ORIC Pharmaceuticals  ( NASDAQ:ORIC ) ,https://www.benzinga.com/pressreleases/24/08/g40171358/oric-pharmaceuticals-expands-leadership-team-with-the-appointment-of-keith-lui-as-senior-vice-pres,"SOUTH SAN FRANCISCO, Calif. and SAN DIEGO, Aug. 05, 2024 ( GLOBE NEWSWIRE ) -- ORIC Pharmaceuticals, Inc. ORIC, a clinical stage oncology company focused on developing treatments that address mechanisms of therapeutic resistance, today announced the appointment of Keith Lui as Senior Vice ...",www.benzinga.com,0.124265,Neutral,JNJ,0.035189,0.119649,Neutral
2024-08-05 21:08:00,The Market's Excessive Recession Fears,https://www.zacks.com/research-daily/2315964/the-markets-excessive-recession-fears,"We comment on the ongoing market sell-off, in addition to featuring new research reports on Johnson & Johnson (JNJ), T-Mobile (TMUS) and Marsh & McLennan (MMC) and others.",www.zacks.com,0.175877,Somewhat-Bullish,JNJ,0.046006,0.045947,Neutral
2024-08-06 11:55:00,Intuitive Surgical  ( ISRG )  Rises 5% Post Earnings: What's Next?,https://www.zacks.com/stock/news/2316780/intuitive-surgical-isrg-rises-5-post-earnings-whats-next,"Intuitive Surgical (ISRG) is making strides in the robotic-assisted surgery market with its existing and new launches. However, macro challenges are likely to continue to hurt its performance.",www.zacks.com,0.337937,Somewhat-Bullish,JNJ,0.078482,0.280407,Somewhat-Bullish
2024-08-06 14:30:49,Why Is Kenvue Stock Trading Higher On Tuesday? - Kenvue  ( NYSE:KVUE ) ,https://www.benzinga.com/news/earnings/24/08/40192182/listerine-maker-kenvues-stock-soars-on-strong-q2-sales-from-its-essential-health-unit-reaffirms-ann,"Consumer health company Kenvue Inc. KVUE stock is trading higher after the company reported better-than-expected second-quarter 2024 financial results. The Johnson & Johnson consumer spin-off reported sales of $4 billion, down 0.3% year-over-year ( up 1.5% organically ) , beating the consensus of ...",www.benzinga.com,0.387875,Bullish,JNJ,0.104228,-0.12382,Neutral
2024-08-06 18:38:27,Healthy Returns: What drugmakers are saying about final negotiated prices with Medicare,https://www.cnbc.com/2024/08/06/healthy-returns-drugmakers-on-new-negotiated-prices-with-medicare.html,"Drugmakers appear to be less concerned about the impact of negotiated prices on their businesses in the short term. Meanwhile, health care heads to Hollywood.",www.cnbc.com,0.13248,Neutral,JNJ,0.039033,0.0,Neutral
2024-08-06 21:01:00,Emergent BioSolutions Reports Second Quarter 2024 Financial Results,https://www.globenewswire.com/news-release/2024/08/06/2925548/33240/en/Emergent-BioSolutions-Reports-Second-Quarter-2024-Financial-Results.html,"GAITHERSBURG, Md., Aug. 06, 2024 ( GLOBE NEWSWIRE ) -- Emergent BioSolutions Inc. ( NYSE: EBS ) today reported financial results for the second quarter ended June 30, 2024.",www.globenewswire.com,0.102174,Neutral,JNJ,0.009453,0.147821,Neutral
2024-08-07 09:10:00,3 Dividend Growth Stocks to Buy Hand Over Fist in August,https://www.fool.com/investing/2024/08/07/dividend-growth-stocks-buy-hand-over-fist-august/,There are blue-chip bargains paying large and growing dividends in the healthcare space.,www.fool.com,0.280693,Somewhat-Bullish,JNJ,0.317722,0.154637,Somewhat-Bullish
2024-08-07 11:30:00,"Vitreoretinal Surgery Device Market Size Projected to Reach a Valuation of USD 4.01 Billion by 2034, Says Fact.MR",https://www.benzinga.com/pressreleases/24/08/g40216547/vitreoretinal-surgery-device-market-size-projected-to-reach-a-valuation-of-usd-4-01-billion-by-203,"Rockville, MD, Aug. 07, 2024 ( GLOBE NEWSWIRE ) -- As per a new research study released by Fact.MR, the global vitreoretinal surgery device market is estimated to be worth US$ 2.23 billion in 2024 and is analyzed to expand at 6.1% CAGR from 2024 to 2034.",www.benzinga.com,0.370281,Bullish,JNJ,0.036756,0.182389,Somewhat-Bullish
2024-08-07 13:00:20,Is Trending Stock Johnson & Johnson  ( JNJ )  a Buy Now?,https://www.zacks.com/stock/news/2317835/is-trending-stock-johnson-johnson-jnj-a-buy-now,"Recently, Zacks.com users have been paying close attention to Johnson & Johnson (JNJ). This makes it worthwhile to examine what the stock has in store.",www.zacks.com,0.228526,Somewhat-Bullish,JNJ,0.473208,0.13547,Neutral
2024-08-07 20:30:17,Is Trending Stock Johnson & Johnson a Buy Now? - Johnson & Johnson  ( NYSE:JNJ ) ,https://www.benzinga.com/news/earnings/24/08/40223098/is-trending-stock-johnson-johnson-a-buy-now,"Johnson & Johnson JNJ is one of the stocks most watched by Zacks.com visitors lately. So, it might be a good idea to review some of the factors that might affect the near-term performance of the stock.",www.benzinga.com,0.245067,Somewhat-Bullish,JNJ,0.433771,0.113851,Neutral
2024-08-08 15:00:00,Genmab Updates 2024 Financial Guidance,https://www.globenewswire.com/news-release/2024/08/08/2927103/0/en/Genmab-Updates-2024-Financial-Guidance.html,Company Announcement ...,www.globenewswire.com,0.09079,Neutral,JNJ,0.039679,0.0,Neutral
2024-08-08 15:03:00,Genmab Announces Financial Results for the First Half of 2024,https://www.globenewswire.com/news-release/2024/08/08/2927105/0/en/Genmab-Announces-Financial-Results-for-the-First-Half-of-2024.html,"August 8, 2024 Copenhagen, Denmark. Interim Report for the First Six Months Ended June ...",www.globenewswire.com,0.159131,Somewhat-Bullish,JNJ,0.03157,0.0,Neutral
2024-08-09 08:06:00,Nasdaq Sell-Off: 5 Unstoppable Stocks to Buy That Can Protect Your Principal and Grow Your Wealth in an Unpredictable Market,https://www.fool.com/investing/2024/08/09/nasdaq-sell-off-5-unstoppable-stocks-to-buy-wealth/,"Five exceptionally safe, time-tested stocks have the necessary tools to make their shareholders richer.",www.fool.com,0.288416,Somewhat-Bullish,JNJ,0.056943,0.132012,Neutral
2024-08-09 09:29:00,3 High-Yield Dividend Stocks to Buy and Hold Forever,https://www.fool.com/investing/2024/08/09/3-high-yield-dividend-stocks-to-buy-and-hold-forev/,Dividends remain one of the best long-term avenues to generating wealth. Here are three stocks you can buy and hold forever.,www.fool.com,0.235356,Somewhat-Bullish,JNJ,0.137671,0.284525,Somewhat-Bullish
2024-08-09 10:02:00,2 Healthcare Stocks to Buy Hand Over Fist in August,https://www.fool.com/investing/2024/08/09/2-healthcare-stocks-buy-hand-over-fist-in-august/,These longtime winners still have a lot to offer.,www.fool.com,0.267759,Somewhat-Bullish,JNJ,0.362254,0.316795,Somewhat-Bullish
2024-08-09 11:00:00,Legend Biotech Reports Second Quarter 2024 Results and Recent Highlights,https://www.globenewswire.com/news-release/2024/08/09/2927688/0/en/Legend-Biotech-Reports-Second-Quarter-2024-Results-and-Recent-Highlights.html,"SOMERSET, N.J., Aug. 09, 2024 ( GLOBE NEWSWIRE ) -- Legend Biotech Corporation ( NASDAQ: LEGN ) ( Legend Biotech ) , a global leader in cell therapy, today reported its second quarter 2024 unaudited financial results and key corporate highlights.",www.globenewswire.com,0.134435,Neutral,JNJ,0.025192,0.053897,Neutral
2024-08-09 12:00:00,"mHealth market to Reach USD 176.69 Billion by 2031, Growing at 13.8% CAGR | SkyQuest Technology",https://www.benzinga.com/pressreleases/24/08/g40281810/mhealth-market-to-reach-usd-176-69-billion-by-2031-growing-at-13-8-cagr-skyquest-technology,"Westford, USA, Aug. 09, 2024 ( GLOBE NEWSWIRE ) -- SkyQuest projects that Global mHealth Market will attain a value of USD 176.69 Billion by 2031, with a CAGR of 13.8% over the forecast period ( 2024-2031 ) . There will be a significant increase in the global market over the next few years.",www.benzinga.com,0.320878,Somewhat-Bullish,JNJ,0.049322,0.0,Neutral
2024-08-09 14:18:24,Bladder Cancer Therapeutics Market is Likely to Reach USD 456.3 million by 2034 at a CAGR of 4.8% | Report Analysis by Transparency Market Research Inc.,https://www.benzinga.com/pressreleases/24/08/g40285956/bladder-cancer-therapeutics-market-is-likely-to-reach-usd-456-3-million-by-2034-at-a-cagr-of-4-8-r,"Wilmington, Delaware, United States, Transparency Market Research, Inc. , Aug. 09, 2024 ( GLOBE NEWSWIRE ) -- The global bladder cancer therapeutics market ( 방광암 치료제 시장 ) stood at US$ 271.4 million in 2023, and the global market is projected to reach US$ 456.3 million in 2034.",www.benzinga.com,0.083138,Neutral,JNJ,0.034282,0.0,Neutral
2024-08-09 17:04:00,J&J's  ( JNJ )  DePuy Synthes' TriLEAP System to Aid Ankle Surgery,https://www.zacks.com/stock/news/2320271/jjs-jnj-depuy-synthes-trileap-system-to-aid-ankle-surgery,"Johnson & Johnson's (JNJ) DePuy Synthes announces the launch of its TriLEAP System, which is likely to provide better orthopedic solutions to foot and ankle surgeons.",www.zacks.com,0.187252,Somewhat-Bullish,JNJ,0.200688,0.120097,Neutral
2024-08-12 11:05:00,MeiraGTx Announces $50 Million Offering of Ordinary Shares led by Sanofi and Reports Second Quarter 2024 Financial and Operational Results,https://www.globenewswire.com/news-release/2024/08/12/2928280/0/en/MeiraGTx-Announces-50-Million-Offering-of-Ordinary-Shares-led-by-Sanofi-and-Reports-Second-Quarter-2024-Financial-and-Operational-Results.html,- Positive data from the Phase 1 AQUAx study in radiation-induced xerostomia ( RIX ) presented at the American Academy of Oral Medicine 2024 annual meeting ( AAOM ) showed meaningful improvements in patient-reported outcomes and saliva production with AAV2-hAQP1 treatment ...,www.globenewswire.com,0.204291,Somewhat-Bullish,JNJ,0.126561,0.145146,Neutral
2024-08-12 20:30:00,iBio Expands Executive Leadership Team with Appointment of Kristi Sarno as Senior Vice President of Business Development,https://www.globenewswire.com/news-release/2024/08/12/2928796/0/en/iBio-Expands-Executive-Leadership-Team-with-Appointment-of-Kristi-Sarno-as-Senior-Vice-President-of-Business-Development.html,Life sciences industry veteran to lead strategic alliances for iBio's machine learning platform for antibody discovery and pipeline of cardiometabolic targets Life sciences industry veteran to lead strategic alliances for iBio's machine learning platform for antibody discovery and pipeline of ...,www.globenewswire.com,0.24481,Somewhat-Bullish,JNJ,0.049322,0.078884,Neutral
2024-08-13 11:00:00,Mersana Therapeutics Provides Business Update and Announces Second Quarter 2024 Financial Results,https://www.globenewswire.com/news-release/2024/08/13/2929034/0/en/Mersana-Therapeutics-Provides-Business-Update-and-Announces-Second-Quarter-2024-Financial-Results.html,"CAMBRIDGE, Mass., Aug. 13, 2024 ( GLOBE NEWSWIRE ) -- Mersana Therapeutics, Inc. ( NASDAQ: MRSN ) , a clinical-stage biopharmaceutical company focused on discovering and developing a pipeline of antibody-drug conjugates ( ADCs ) targeting cancers in areas of high unmet medical need, today ...",www.globenewswire.com,0.144768,Neutral,JNJ,0.119681,0.0275,Neutral
2024-08-13 13:50:14,"J&J Moves Closer to Resolving Baby Powder Lawsuits, 75% of Plaintiffs Support $6.5B Settlement - Johnson & Johnson  ( NYSE:JNJ ) ",https://www.benzinga.com/news/24/08/40339516/j-j-moves-closer-to-resolving-baby-powder-lawsuits-75-of-plaintiffs-support-6-5b-settlement,Johnson & Johnson JNJ has reportedly taken a significant step forward in its efforts to resolve thousands of lawsuits related to claims that its baby powder caused cancer.,www.benzinga.com,-0.01229,Neutral,JNJ,0.824067,-0.074958,Neutral
2024-08-13 20:29:00,Cidara Therapeutics Provides Corporate Update and Reports Second Quarter 2024 Financial Results,https://www.globenewswire.com/news-release/2024/08/13/2929667/0/en/Cidara-Therapeutics-Provides-Corporate-Update-and-Reports-Second-Quarter-2024-Financial-Results.html,"SAN DIEGO, Aug. 13, 2024 ( GLOBE NEWSWIRE ) -- Cidara Therapeutics, Inc. ( Nasdaq: CDTX ) ( the Company ) , a biotechnology company using its proprietary Cloudbreak® platform to develop drug-Fc conjugate ( DFC ) immunotherapies designed to save lives and improve the standard of care for patients ...",www.globenewswire.com,0.197424,Somewhat-Bullish,JNJ,0.027134,0.099569,Neutral
2024-08-13 21:30:00,"Microdermabrasion Devices Market is Projected to Achieve US$ 549.0 Mn Milestone by 2031 with a CAGR of 7.5%, Investment Opportunities | Report by Transparency Market Research, Inc",https://www.benzinga.com/pressreleases/24/08/g40354229/microdermabrasion-devices-market-is-projected-to-achieve-us-549-0-mn-milestone-by-2031-with-a-cagr,"Wilmington, Delaware, United States, Transparency Market Research, Inc., Aug. 13, 2024 ( GLOBE NEWSWIRE ) -- As per the report published by Transparency Market Research, the global microdermabrasion devices market ( マイクロダーマブレーションデバイス市場 ) was worth US$ 290.3 Mn in 2022 and is expected to reach ...",www.benzinga.com,0.350003,Bullish,JNJ,0.038906,0.059627,Neutral
2024-08-14 13:05:00,Elevai Labs Inc. Reports Second Quarter 2024 Financial Results and Provides Business Update,https://www.globenewswire.com/news-release/2024/08/14/2930133/0/en/Elevai-Labs-Inc-Reports-Second-Quarter-2024-Financial-Results-and-Provides-Business-Update.html,"NEWPORT BEACH, Calif., Aug. 14, 2024 ( GLOBE NEWSWIRE ) -- Elevai Labs Inc. ( NASDAQ: ELAB ) ( ""Elevai"" or the ""Company"" ) , a pioneering force in medical aesthetics, today reported financial results for the second quarter ended June 30, 2024 and provided a business update.",www.globenewswire.com,0.153943,Somewhat-Bullish,JNJ,0.027042,0.090675,Neutral
2024-08-14 15:49:00,Pharma ETFs in Focus Post Solid Q2 Earnings,https://www.zacks.com/stock/news/2322190/pharma-etfs-in-focus-post-solid-q2-earnings,"Many industry bigwigs reported solid results, with some beating on earnings or revenues or both.",www.zacks.com,0.173992,Somewhat-Bullish,JNJ,0.121445,0.073403,Neutral
2024-08-14 16:00:20,Looking Into Johnson & Johnson's Recent Short Interest - Johnson & Johnson  ( NYSE:JNJ ) ,https://www.benzinga.com/insights/short-sellers/24/08/40372537/looking-into-johnson-johnsons-recent-short-interest,"Johnson & Johnson's JNJ short percent of float has risen 4.0% since its last report. The company recently reported that it has 18.85 million shares sold short, which is 0.78% of all regular shares that are available for trading.",www.benzinga.com,0.287737,Somewhat-Bullish,JNJ,0.209365,0.147012,Neutral
2024-08-14 20:00:34,"Pharma ETFs in Focus Post Solid Q2 Earnings - Bristol-Myers Squibb  ( NYSE:BMY ) , First Trust Nasdaq Pharmaceuticals ETF  ( NASDAQ:FTXH ) ",https://www.benzinga.com/news/earnings/24/08/40374036/pharma-etfs-in-focus-post-solid-q2-earnings,"The second-quarter results of the healthcare sector have been impressive, with earnings of 78.8% of the sector participants that have reported so far up 17.1% on 7.6% revenue growth. The earnings beat ratio of 85.7% and the revenue beat ratio of 75.5% are also assuring.",www.benzinga.com,0.188212,Somewhat-Bullish,JNJ,0.122062,0.078615,Neutral
2024-08-15 09:00:01,Biden administration to release prices for first 10 drugs subject to landmark Medicare negotiations,https://www.cnbc.com/2024/08/15/medicare-releases-prices-for-first-10-drugs-subject-to-negotiations.html,It is a milestone in a controversial process that aims to make costly medications more affordable for older Americans but is strongly opposed by drugmakers.,www.cnbc.com,0.061655,Neutral,JNJ,0.02686,-0.054794,Neutral
2024-08-15 15:00:45,Comparative Study: Johnson & Johnson And Industry Competitors In Pharmaceuticals Industry - Johnson & Johnson  ( NYSE:JNJ ) ,https://www.benzinga.com/insights/news/24/08/40398265/comparative-study-johnson-amp-johnson-and-industry-competitors-in-pharmaceuticals-industry,"Amidst the fast-paced and highly competitive business environment of today, conducting comprehensive company analysis is essential for investors and industry enthusiasts.",www.benzinga.com,0.168486,Somewhat-Bullish,JNJ,0.437082,0.244978,Somewhat-Bullish
2024-08-15 15:03:29,Johnson & Johnson Nears $6.5B Long Standing Talc Settlement - Johnson & Johnson  ( NYSE:JNJ ) ,https://www.benzinga.com/general/biotech/24/08/40398448/johnson-johnson-nears-approval-for-6-5b-long-standing-talc-settlement,Johnson & Johnson JNJ is expected to confirm a $6.48 billion settlement plan to resolve thousands of lawsuits alleging that its baby powder products cause cancer. What Happened: Reuters noted that the company will reveal Friday that over 75% of claimants have agreed to the settlement.,www.benzinga.com,-0.02723,Neutral,JNJ,0.739411,-0.212366,Somewhat-Bearish
2024-08-15 20:05:00,ResMed Expands its Board of Directors and Appoints Healthcare Executive and Seasoned Finance Leader Christopher DelOrefice to its Board - ResMed  ( NYSE:RMD ) ,https://www.benzinga.com/pressreleases/24/08/g40404876/resmed-expands-its-board-of-directors-and-appoints-healthcare-executive-and-seasoned-finance-leade,"DelOrefice is the Chief Financial Officer at BD, one of the largest global MedTech companies in the world Board appointment brings over 30 years of strategic and operational finance expertise",www.benzinga.com,0.245571,Somewhat-Bullish,JNJ,0.069495,-0.031148,Neutral
2024-08-15 20:15:00,Alvotech Reports Record Revenues and Adjusted EBITDA for the Second Quarter and First Six Months of 2024,https://www.globenewswire.com/news-release/2024/08/15/2931251/0/en/Alvotech-Reports-Record-Revenues-and-Adjusted-EBITDA-for-the-Second-Quarter-and-First-Six-Months-of-2024.html,"REYKJAVIK, Iceland, Aug. 15, 2024 ( GLOBE NEWSWIRE ) -- Alvotech ( NASDAQ: ALVO, or the ""Company"" ) , a global biotech company specializing in the development and manufacture of biosimilar medicines for patients worldwide, today reported unaudited financial results for the first six months of ...",www.globenewswire.com,0.141566,Neutral,JNJ,0.022243,0.0,Neutral
2024-08-16 11:45:00,3 Top Dividend ETFs That Investors can Buy and Hold for Decades,https://www.fool.com/investing/2024/08/16/3-top-dividend-etfs-that-investors-can-buy-and-hol/,You won't have to worry about tracking individual dividend stocks anymore with these funds.,www.fool.com,0.188628,Somewhat-Bullish,JNJ,0.05257,0.113597,Neutral
2024-08-16 12:00:00,Sysco Announces New Director to Board - Sysco  ( NYSE:SYY ) ,https://www.benzinga.com/pressreleases/24/08/g40414844/sysco-announces-new-director-to-board,"HOUSTON, Aug. 16, 2024 ( GLOBE NEWSWIRE ) -- Sysco Corporation SYY, the world's largest food distributor, announced today that Roberto Marques will join Sysco's Board of Directors effective August 15, 2024. Kevin Hourican, Sysco's chair of the board and CEO, said, ""We are very pleased to ...",www.benzinga.com,0.206049,Somewhat-Bullish,JNJ,0.089462,-0.031145,Neutral
2024-08-16 15:30:17,Why Is Johnson & Johnson  ( JNJ )  Up 2.4% Since Last Earnings Report?,https://www.zacks.com/stock/news/2323209/why-is-johnson-johnson-jnj-up-24-since-last-earnings-report,Johnson & Johnson (JNJ) reported earnings 30 days ago. What's next for the stock? We take a look at earnings estimates for some clues.,www.zacks.com,0.18987,Somewhat-Bullish,JNJ,0.086322,0.079219,Neutral
2024-08-18 09:25:00,2 Dow Jones Dividend Stocks With Above-Average Yields to Buy Now and Hold for at Least a Decade,https://www.fool.com/investing/2024/08/18/2-dow-jones-dividend-stocks-with-above-average-yie/,Investors seeking reliable dividend growth want to start with these two members of the Dow Jones Industrial Average.,www.fool.com,0.223194,Somewhat-Bullish,JNJ,0.282886,0.250221,Somewhat-Bullish
2024-08-18 10:50:00,3 High-Yield Dividend ETFs to Buy to Generate Passive Income,https://www.fool.com/investing/2024/08/18/3-high-yield-dividend-etfs-to-buy-to-generate-pass/,ETFs offer a good way to own a diversified portfolio of income-producing equities.,www.fool.com,0.205532,Somewhat-Bullish,JNJ,0.06697,0.0,Neutral
2024-08-19 10:20:07,Should You Invest in the Fidelity MSCI Health Care Index ETF  ( FHLC ) ?,https://www.zacks.com/stock/news/2323505/should-you-invest-in-the-fidelity-msci-health-care-index-etf-fhlc,Sector ETF report for ...,www.zacks.com,0.303954,Somewhat-Bullish,JNJ,0.127795,0.049883,Neutral
2024-08-19 11:00:00,"Medical Education Market is Projected to Expand at 5.1% CAGR, Reaching US$ 57.95 Billion by 2034 | Fact.MR",https://www.benzinga.com/pressreleases/24/08/g40436837/medical-education-market-is-projected-to-expand-at-5-1-cagr-reaching-us-57-95-billion-by-2034-fact,"Rockville, MD, Aug. 19, 2024 ( GLOBE NEWSWIRE ) -- Revenue from medical education is estimated to reach US$ 35.11 billion in 2024, as revealed in a study recently updated by Fact.MR, a market research and competitive intelligence provider.",www.benzinga.com,0.37,Bullish,JNJ,0.039811,0.082112,Neutral
2024-08-19 13:30:00,5 Dividend Growth Stocks to Buy and Hold Forever,https://www.fool.com/investing/2024/08/19/5-dividend-growth-stocks-to-buy-and-hold-forever/,"Dividend growth stocks offer investors a powerful combination of income and capital appreciation potential, making them attractive for long-term portfolios.",www.fool.com,0.601843,Bullish,JNJ,0.088964,0.329279,Somewhat-Bullish
2024-08-19 20:45:26,Johnson & Johnson Unusual Options Activity - Johnson & Johnson  ( NYSE:JNJ ) ,https://www.benzinga.com/insights/options/24/08/40450237/johnson-johnson-unusual-options-activity,"Whales with a lot of money to spend have taken a noticeably bullish stance on Johnson & Johnson. Looking at options history for Johnson & Johnson JNJ we detected 9 trades. If we consider the specifics of each trade, it is accurate to state that 55% of the investors opened trades with bullish ...",www.benzinga.com,0.148977,Neutral,JNJ,0.524949,0.245783,Somewhat-Bullish
2024-08-20 10:20:06,Should iShares Core High Dividend ETF  ( HDV )  Be on Your Investing Radar?,https://www.zacks.com/stock/news/2324124/should-ishares-core-high-dividend-etf-hdv-be-on-your-investing-radar,Style Box ETF report for ...,www.zacks.com,0.244841,Somewhat-Bullish,JNJ,0.118647,0.067448,Neutral
2024-08-20 10:20:08,Should You Invest in the iShares U.S. Pharmaceuticals ETF  ( IHE ) ?,https://www.zacks.com/stock/news/2324114/should-you-invest-in-the-ishares-us-pharmaceuticals-etf-ihe,Sector ETF report for ...,www.zacks.com,0.172835,Somewhat-Bullish,JNJ,0.130571,0.069241,Neutral
2024-08-20 11:30:00,LAVA Reports Second Quarter 2024 Financial Results and Business Update,https://www.globenewswire.com/news-release/2024/08/20/2932711/0/en/LAVA-Reports-Second-Quarter-2024-Financial-Results-and-Business-Update.html,"UTRECHT, The Netherlands and PHILADELPHIA, Aug. 20, 2024 ( GLOBE NEWSWIRE ) -- LAVA Therapeutics N.V. ( NASDAQ: LVTX, ""LAVA,"" ""the Company"" ) , a clinical-stage immuno-oncology company focused on developing its proprietary Gammabody® platform of bispecific gamma delta T cell engagers, today ...",www.globenewswire.com,0.102478,Neutral,JNJ,0.025113,0.093688,Neutral
2024-08-20 13:00:18,Here is What to Know Beyond Why Johnson & Johnson  ( JNJ )  is a Trending Stock,https://www.zacks.com/stock/news/2324217/here-is-what-to-know-beyond-why-johnson-johnson-jnj-is-a-trending-stock,"Johnson & Johnson (JNJ) has received quite a bit of attention from Zacks.com users lately. Therefore, it is wise to be aware of the facts that can impact the stock's prospects.",www.zacks.com,0.223879,Somewhat-Bullish,JNJ,0.47672,0.171475,Somewhat-Bullish
2024-08-20 14:31:09,Johnson & Johnson Strikes $1.7B Deal To Acquire Heart-Tech Innovator V-Wave - Johnson & Johnson  ( NYSE:JNJ ) ,https://www.benzinga.com/general/biotech/24/08/40464864/johnson-johnson-strikes-1-7b-deal-to-acquire-heart-tech-innovator-v-wave,"On Tuesday, Johnson & Johnson JNJ agreed to acquire V-Wave for an upfront payment of $600 million, with the potential for additional regulatory and commercial milestone payments up to approximately $1.1 billion.",www.benzinga.com,0.166565,Somewhat-Bullish,JNJ,0.642977,0.243095,Somewhat-Bullish
2024-08-20 17:04:00,Bristol Myers'  ( BMY )  Breyanzi Label Expansion Application Validated,https://www.zacks.com/stock/news/2324618/bristol-myers-bmy-breyanzi-label-expansion-application-validated,Bristol Myers' (BMY) application to expand Breyanzi's label for the treatment of adult patients with relapsed or refractory follicular lymphoma gets EMA validation.,www.zacks.com,0.257459,Somewhat-Bullish,JNJ,0.05654,0.191981,Somewhat-Bullish
2024-08-20 21:00:00,Trinity Biotech Appoints Diabetes Care Veteran as Biosensor Marketing Director - Trinity Biotech  ( NASDAQ:TRIB ) ,https://www.benzinga.com/pressreleases/24/08/g40474124/trinity-biotech-appoints-diabetes-care-veteran-as-biosensor-marketing-director,"DUBLIN, Aug. 20, 2024 ( GLOBE NEWSWIRE ) -- Trinity Biotech plc TRIB, a commercial-stage biotechnology company focused on human diagnostics and diabetes management solutions, including wearable biosensors, today announces the appointment of David Ouston as Biosensor Marketing Director.",www.benzinga.com,0.334718,Somewhat-Bullish,JNJ,0.043738,0.056638,Neutral
2024-08-21 12:39:00,3 Vanguard Mutual Funds to Buy With Rate Cuts on the Horizon,https://www.zacks.com/stock/news/2324808/3-vanguard-mutual-funds-to-buy-with-rate-cuts-on-the-horizon,"Invest in Vanguard mutual funds like VGENX, VWNDX and VEIPX for high returns and risk reduction as the first rate cut appears on the horizon.",www.zacks.com,0.231285,Somewhat-Bullish,JNJ,0.049835,0.178189,Somewhat-Bullish
2024-08-21 14:28:00,J&J  ( JNJ )  to Boost MedTech Business With V-Wave Acquisition,https://www.zacks.com/stock/news/2325077/jj-jnj-to-boost-medtech-business-with-v-wave-acquisition,Johnson & Johnson (JNJ) inks a definitive agreement to acquire V-Wave Ltd. for an upfront payment of $600 million. The deal is likely to strengthen the company's MedTech business unit further.,www.zacks.com,0.264727,Somewhat-Bullish,JNJ,0.61135,0.425093,Bullish
2024-08-21 14:30:00,J&J  ( JNJ )  Gets FDA Nod for Chemotherapy-Free Lung Cancer Therapy,https://www.zacks.com/stock/news/2325154/jj-jnj-gets-fda-nod-for-chemotherapy-free-lung-cancer-therapy,The approval is based on late-stage study data wherein treatment with J&J's (JNJ) Rybrevant plus Lazcluze cut the risk of disease progression or death by 30% in certain NSCLC patients.,www.zacks.com,0.165142,Somewhat-Bullish,JNJ,0.164282,-0.030851,Neutral
2024-08-21 16:29:23,"Alzheimer's Drugs Market on Track for USD 11.6 Billion Expansion with 10.0% Annual Growth by 2034- Transparency Market Research, Inc.",https://www.benzinga.com/pressreleases/24/08/g40490461/alzheimers-drugs-market-on-track-for-usd-11-6-billion-expansion-with-10-0-annual-growth-by-2034-tr,"Wilmington, Delaware, United States, Transparency Market Research, Inc., Aug. 21, 2024 ( GLOBE NEWSWIRE ) -- As per the report published by Transparency Market Research, the global Alzheimer's drugs market ( سوق أدوية الزهايمر ) was worth US$ 4.0 Bn in 2023 and is expected to reach US$ 11.6 Bn ...",www.benzinga.com,0.157898,Somewhat-Bullish,JNJ,0.038101,0.002928,Neutral
2024-08-21 21:45:06,Johnson & Johnson  ( JNJ )  Outperforms Broader Market: What You Need to Know,https://www.zacks.com/stock/news/2325301/johnson-johnson-jnj-outperforms-broader-market-what-you-need-to-know,"In the closing of the recent trading day, Johnson & Johnson (JNJ) stood at $161.43, denoting a +0.79% change from the preceding trading day.",www.zacks.com,0.222272,Somewhat-Bullish,JNJ,0.531019,0.255266,Somewhat-Bullish
2024-08-22 10:17:00,This Undervalued Stock Could Join the Race With Eli Lilly to the $1 Trillion Club,https://www.fool.com/investing/2024/08/22/this-undervalued-stock-could-join-the-race-with-el/,This leading pharmaceutical stock is flying under the radar right now.,www.fool.com,0.178374,Somewhat-Bullish,JNJ,0.401915,0.207704,Somewhat-Bullish
2024-08-22 14:11:00,"A Big CEO Move, Big Buffett Buys, and More",https://www.fool.com/investing/2024/08/22/a-big-ceo-move-big-buffett-buys-and-more/,"Motley Fool analysts talk over market news including earnings updates from Home Depot, Walmart, and Brinker.",www.fool.com,0.153938,Somewhat-Bullish,JNJ,0.005848,0.134626,Neutral
2024-08-24 11:45:00,1 Dividend Growth ETF That Can Turbocharge Your Portfolio,https://www.fool.com/investing/2024/08/24/1-dividend-growth-etf-that-can-turbocharge-your-po/,The iShares Core Dividend Growth ETF offers investors exposure to high-quality companies with a history of consistent dividend growth.,www.fool.com,0.519426,Bullish,JNJ,0.058188,0.281063,Somewhat-Bullish
2024-08-25 10:17:00,Is Johnson & Johnson Stock a Buy?,https://www.fool.com/investing/2024/08/25/is-johnson-johnson-stock-a-buy/,"The company hasn't performed well in recent years, ...",www.fool.com,0.028838,Neutral,JNJ,0.637738,0.055075,Neutral
2024-08-26 09:46:00,Donald Trump Owns These 21 Dividend Kings. Should You?,https://www.fool.com/investing/2024/08/26/donald-trump-owns-these-21-dividend-kings-should-y/,Some of Trump's Dividend Kings deserve a crown more than others.,www.fool.com,0.295291,Somewhat-Bullish,JNJ,0.06697,0.0,Neutral
2024-08-26 09:57:00,"Aplastic Anemia Market Size & Share to Surpass USD 10.8 Billion by 2034, at a CAGR 4.3% - Transparency Market Research, Inc.",https://www.benzinga.com/pressreleases/24/08/g40547892/aplastic-anemia-market-size-share-to-surpass-usd-10-8-billion-by-2034-at-a-cagr-4-3-transparency-m,"Wilmington, Delaware, United States, Transparency Market Research Inc. -, Aug. 26, 2024 ( GLOBE NEWSWIRE ) -- The global aplastic anemia market ( 再生不良性貧血市場 ) was projected to attain US$ 6.7 billion in 2023. It is likely to garner a 4.3% CAGR from 2024 to 2034, and by 2034, the market is expected ...",www.benzinga.com,0.120697,Neutral,JNJ,0.04406,-0.116924,Neutral
2024-08-26 10:19:00,3 Franklin Templeton Mutual Funds for Sustainable Returns,https://www.zacks.com/stock/news/2326741/3-franklin-templeton-mutual-funds-for-sustainable-returns,"Franklin Templeton mutual funds like FQTEX, FNRAX and FKINX are wise picks for strategic, sustainable investing.",www.zacks.com,0.253093,Somewhat-Bullish,JNJ,0.066784,0.0,Neutral
2024-08-26 10:49:00,2 Unstoppable Stocks That Are Screaming Buys in August,https://www.fool.com/investing/2024/08/26/2-unstoppable-stocks-that-are-screaming-buys-in-au/,These stocks have quality businesses behind them.,www.fool.com,0.15145,Somewhat-Bullish,JNJ,0.190793,0.093021,Neutral
2024-08-26 13:29:00,J&J  ( JNJ )  Gets EU Approval for Bladder Cancer Drug Balversa,https://www.zacks.com/stock/news/2326921/jj-jnj-gets-eu-approval-for-bladder-cancer-drug-balversa,The approval of J&J's (JNJ) Balversa (erdafitinib) for treating unresectable or metastatic urothelial carcinoma is based on data from the phase III THOR study.,www.zacks.com,0.184924,Somewhat-Bullish,JNJ,0.2872,0.05002,Neutral
2024-08-26 15:06:47,"Johnson & Johnson Seeks Resolution With Plaintiffs, Pushes To Finalize $6.5B Talc Settlement - Johnson & Johnson  ( NYSE:JNJ ) ",https://www.benzinga.com/general/biotech/24/08/40555615/johnson-johnson-seeks-resolution-with-plaintiffs-pushes-to-finalize-6-5b-talc-settlement,Johnson & Johnson JNJ is reportedly negotiating with plaintiffs' lawyers who have opposed its proposed $6.48 billion settlement over claims that its talc-based baby powder and other products cause cancer.,www.benzinga.com,-0.113952,Neutral,JNJ,0.636698,-0.373289,Bearish
2024-08-26 16:38:02,"Major Investor Says Galapagos Is 'Undervalued,' Plans To Push On Company's 'Performance' And 'Strategic Opportunities' - Galapagos  ( NASDAQ:GLPG ) ",https://www.benzinga.com/general/biotech/24/08/40558289/major-investor-says-galapagos-is-undervalued-plans-to-push-on-companys-performance-and-strategic-,"Galapagos NV GLPG stock is trading higher on Monday as Ecor1 Capital reported a 9.9% stake in the European biotech firm in a 13D filing. EcoR1 Capital is now planning to talk to the Belgian biotech about its performance, business, operations, strategic opportunities, and governance, including ...",www.benzinga.com,0.127002,Neutral,JNJ,0.114137,0.138941,Neutral
2024-08-26 18:09:18,Johnson & Johnson Aims New Policy For Hospital Payments Under 340B Drug Discount Program Related To Its Flagship Blood Thinner And Arthritis Drugs - Johnson & Johnson  ( NYSE:JNJ ) ,https://www.benzinga.com/general/biotech/24/08/40560227/johnson-johnson-aims-new-policy-for-hospital-payments-under-340b-drug-discount-program-related-to,"On Friday, Johnson & Johnson JNJ announced that it would implement significant changes to offering 340B pricing for its popular drugs, Stelara and Xarelto. Stelara ( ustekinumab ) is indicated for moderate to severe psoriasis, active psoriatic arthritis, Crohn's disease, and ulcerative colitis.",www.benzinga.com,0.203013,Somewhat-Bullish,JNJ,0.593175,0.122403,Neutral
2024-08-27 09:06:00,Meet Wall Street's Safest Dividend Stock: A Small-Cap Company Few Investors Know Exists,https://www.fool.com/investing/2024/08/27/meet-wall-street-safest-dividend-stock-small-cap/,This relative unknown hasn't missed a dividend payment to its shareholders in more than 200 years!,www.fool.com,0.243021,Somewhat-Bullish,JNJ,0.155451,0.10412,Neutral
2024-08-27 10:20:08,Should Invesco Large Cap Value ETF  ( PWV )  Be on Your Investing Radar?,https://www.zacks.com/stock/news/2327391/should-invesco-large-cap-value-etf-pwv-be-on-your-investing-radar,Style Box ETF report for ...,www.zacks.com,0.270237,Somewhat-Bullish,JNJ,0.123526,0.068619,Neutral
2024-08-27 10:41:00,Here Are 2 Great Vanguard Dividend ETFs: Which Is Right For You?,https://www.fool.com/investing/2024/08/27/here-are-2-great-vanguard-dividend-etfs-which-is-r/,"Now could be a great time to buy excellent dividend stocks, but these two ETFs have different approaches.",www.fool.com,0.3231,Somewhat-Bullish,JNJ,0.135347,0.065707,Neutral
2024-08-27 12:40:14,"Jim Cramer Believes In Dell CEO, Doesn't Like B&G Foods - e.l.f. Beauty  ( NYSE:ELF ) ",https://www.benzinga.com/trading-ideas/long-ideas/24/08/40575289/jim-cramer-believes-in-dell-ceo-doesnt-like-b-g-foods,"On CNBC's ""Mad Money Lightning Round,"" Jim Cramer called e.l.f. Beauty, Inc. ELF ""without a doubt, one of the most shorted stocks in the market."" ""And every time anything bad happens in the cosmetic group, people come down on it, but then you have to buy,"" he said. Cramer said he doesn't like ...",www.benzinga.com,0.244793,Somewhat-Bullish,JNJ,0.330286,0.033397,Neutral
2024-08-27 12:48:04,"Why Is Addex Therapeutics Stock Trading Higher On Tuesday? - Indivior  ( NASDAQ:INDV ) , Addex Therapeutics  ( NASDAQ:ADXN ) ",https://www.benzinga.com/general/biotech/24/08/40575482/johnson-johnson-partner-addex-therapeutics-selects-investigational-compound-for-substance-use-dis,"Tuesday, Addex Therapeutics Ltd ADXN stock is trading higher with a session volume of 3.79 million versus the average volume of 4.16K as per data from Benzinga Pro. Addex Therapeutics and Indivior PLC INDV announced that they have selected clinical candidates from their GABAB-positive allosteric ...",www.benzinga.com,0.092151,Neutral,JNJ,0.387374,0.016015,Neutral
2024-08-27 13:45:00,3 Ways the Democratic Party's Platform Could Impact Biotech and Pharma Stocks if Implemented,https://www.fool.com/investing/2024/08/27/3-ways-the-democratic-partys-platform-could-impact/,There's no reason to succumb to gloom and doom here.,www.fool.com,0.11129,Neutral,JNJ,0.095899,-0.023858,Neutral
2024-08-27 13:57:00,Merck Stock Worth Watching on PAH Drug Winrevair's Approval in Europe?,https://www.zacks.com/stock/news/2327685/merck-stock-worth-watching-on-pah-drug-winrevairs-approval-in-europe,MRK's Winrevair becomes the first novel activin signaling inhibitor therapy approved in Europe to treat PAH.,www.zacks.com,0.2493,Somewhat-Bullish,JNJ,0.121037,0.201934,Somewhat-Bullish
2024-08-27 21:30:00,"Biologics Market Size to Surge to USD 855.8 Billion by 2031 with a 6.9% CAGR, Fueled by Advanced Targeting of Biological Pathways - Report by Transparency Market Research, Inc.",https://www.benzinga.com/pressreleases/24/08/g40589602/biologics-market-size-to-surge-to-usd-855-8-billion-by-2031-with-a-6-9-cagr-fueled-by-advanced-tar,"Wilmington, Delaware, United States, Transparency Market Research, Inc. , Aug. 27, 2024 ( GLOBE NEWSWIRE ) -- As per the report published by Transparency Market Research, the global biologics market ( 생물학 시장 ) was worth US$ 515.6 Billion in 2022 and is expected to reach US$ 855.8 Billion by the ...",www.benzinga.com,0.151777,Somewhat-Bullish,JNJ,0.030563,0.052779,Neutral
2024-08-27 21:45:08,Johnson & Johnson  ( JNJ )  Stock Dips While Market Gains: Key Facts,https://www.zacks.com/stock/news/2327949/johnson-johnson-jnj-stock-dips-while-market-gains-key-facts,"Johnson & Johnson (JNJ) closed the most recent trading day at $162.95, moving -1.01% from the previous trading session.",www.zacks.com,0.225098,Somewhat-Bullish,JNJ,0.582526,0.241001,Somewhat-Bullish
2024-08-28 06:45:23,Bispecific Antibodies Market Size By Country Indication Approved Antibodies Sales Bispecific Antibodies Clinical Trials By Phase Companies Indication,https://www.benzinga.com/pressreleases/24/08/g40593282/bispecific-antibodies-market-size-by-country-indication-approved-antibodies-sales-bispecific-antib,"Delhi, Aug. 28, 2024 ( GLOBE NEWSWIRE ) -- Global Bispecific Antibody Market, Drugs Sales, Patent, Price and Clinical Trials Insight 2029 Report Highlights: Bispecific Antibodies Development Proprietary Platforms Insight: > 30 Platforms",www.benzinga.com,0.291299,Somewhat-Bullish,JNJ,0.055881,0.123898,Neutral
2024-08-28 12:24:22,Mestag Therapeutics Awarded Significant Grant from Innovate UK's Prestigious Cancer Therapeutics Program to Accelerate the Path to the Clinic for MST-0300,https://www.benzinga.com/pressreleases/24/08/g40598929/mestag-therapeutics-awarded-significant-grant-from-innovate-uks-prestigious-cancer-therapeutics-pr,"- Innovate UK, part of UK Research and Innovation, is investing £10 million in innovation projects to advance next-generation immunotherapies for cancer, of which £1.5 million has been awarded to Mestag",www.benzinga.com,0.279768,Somewhat-Bullish,JNJ,0.096283,0.033774,Neutral
2024-08-28 17:03:00,J&J's Rybrevant Receives EU Approval for Expanded Use in NSCLC,https://www.zacks.com/stock/news/2328493/jjs-rybrevant-receives-eu-approval-for-expanded-use-in-nsclc,The European Commission approves JNJ's Rybrevant in combination with chemotherapy for treating EGFR-mutated NSCLC following failure of prior therapy.,www.zacks.com,0.198142,Somewhat-Bullish,JNJ,0.187705,0.156147,Somewhat-Bullish
2024-08-28 17:31:03,Spotlight on Johnson & Johnson: Analyzing the Surge in Options Activity - Johnson & Johnson  ( NYSE:JNJ ) ,https://www.benzinga.com/insights/options/24/08/40608345/spotlight-on-johnson-johnson-analyzing-the-surge-in-options-activity,"Investors with a lot of money to spend have taken a bearish stance on Johnson & Johnson JNJ. We noticed this today when the trades showed up on publicly available options history that we track here at Benzinga. Whether these are institutions or just wealthy individuals, we don't know.",www.benzinga.com,0.111451,Neutral,JNJ,0.630286,0.181373,Somewhat-Bullish
2024-08-29 03:33:00,Biocon Biologics signs settlement and license agreement with Janssen,https://www.business-standard.com/markets/capital-market-news/biocon-biologics-signs-settlement-and-license-agreement-with-janssen-124082900130_1.html,"To commercialize its Bmab 1200, a proposed biosimilar to Stelara, in Europe, UK, Canada and Japan ...",www.business-standard.com,0.257626,Somewhat-Bullish,JNJ,0.185306,0.150755,Somewhat-Bullish
2024-08-29 05:17:34,Biocon inks pact with Janssen to commercialise biosimilar products in Japan,https://www.business-standard.com/companies/news/biocon-inks-pact-with-janssen-to-commercialise-biosimilar-products-in-japan-124082900202_1.html,"Biocon Biologics on Thursday said it has inked a pact with Janssen for launching a biosimilar medication for the treatment of autoimmune diseases in Europe, the United Kingdom, Canada, and Japan. The company, a subsidiary of Biocon Ltd, has inked a settlement and licence agreement with Janssen ...",www.business-standard.com,0.310518,Somewhat-Bullish,JNJ,0.126119,0.149844,Neutral
2024-08-29 06:24:18,Biocon Biologics secures deal with Janssen to launch biosimilar Bmab 1200,https://www.business-standard.com/companies/news/biocon-biologics-secures-deal-with-janssen-to-launch-biosimilar-bmab-1200-124082900365_1.html,"Agreement clears way for Indian company to launch treatment in Europe, Canada and other markets ...",www.business-standard.com,0.329547,Somewhat-Bullish,JNJ,0.136888,0.136316,Neutral
2024-08-29 06:51:00,Biocon arm inks pact to launch biosimilar Bmab 1200 in multiple countries,https://www.business-standard.com/markets/capital-market-news/biocon-arm-inks-pact-to-launch-biosimilar-bmab-1200-in-multiple-countries-124082900411_1.html,"The biopharmaceutical company said that its subsidiary, Biocon Biologics has secured market entry for its proposed biosimilar, Bmab 1200, which is designed to compete with Stelara, in Europe, the UK, Canada, and Japan.",www.business-standard.com,0.295556,Somewhat-Bullish,JNJ,0.09186,0.102524,Neutral
2024-08-29 09:15:00,"The Zacks Analyst Blog Highlights Johnson & Johnson, Kenvue and Eli Lilly",https://www.zacks.com/stock/news/2328646/the-zacks-analyst-blog-highlights-johnson-johnson-kenvue-and-eli-lilly,"Johnson & Johnson, Kenvue and Eli Lilly are included in this Analyst Blog.",www.zacks.com,0.181374,Somewhat-Bullish,JNJ,0.102741,-0.015087,Neutral
2024-08-29 10:20:07,Is Invesco Pharmaceuticals ETF  ( PJP )  a Strong ETF Right Now?,https://www.zacks.com/stock/news/2328667/is-invesco-pharmaceuticals-etf-pjp-a-strong-etf-right-now,Smart Beta ETF report for ...,www.zacks.com,0.260316,Somewhat-Bullish,JNJ,0.114682,0.060978,Neutral
2024-08-29 12:45:00,The International Myeloma Foundation  ( IMF )  Brings Back 'Do You #kNOwMyeloma?' for Blood Cancer Awareness Month 2024,https://www.benzinga.com/pressreleases/24/08/g40624666/the-international-myeloma-foundation-imf-brings-back-do-you-knowmyeloma-for-blood-cancer-awareness,"LOS ANGELES, Aug. 29, 2024 ( GLOBE NEWSWIRE ) -- With Blood Cancer Awareness Month coming up this September, the International Myeloma Foundation ( IMF ) is reviving and amplifying its highly successful #kNOwMyeloma campaign, centering on the question: ""Do You Know Myeloma?"" The U.S.",www.benzinga.com,0.219782,Somewhat-Bullish,JNJ,0.028188,0.040933,Neutral
2024-08-29 15:00:51,Competitor Analysis: Evaluating Johnson & Johnson And Competitors In Pharmaceuticals Industry - Johnson & Johnson  ( NYSE:JNJ ) ,https://www.benzinga.com/insights/news/24/08/40627915/competitor-analysis-evaluating-johnson-amp-johnson-and-competitors-in-pharmaceuticals-industry,"In the fast-paced and cutthroat world of business, conducting thorough company analysis is essential for investors and industry experts. In this article, we will undertake a comprehensive industry comparison, evaluating Johnson & Johnson JNJ in comparison to its major competitors within the ...",www.benzinga.com,0.116967,Neutral,JNJ,0.454945,0.162626,Somewhat-Bullish
2024-08-29 16:29:10,Johnson & Johnson Seeks FDA Approval For Muscle Weakness Drug And Gears Up Showdown With Argenx and UCB - Johnson & Johnson  ( NYSE:JNJ ) ,https://www.benzinga.com/general/biotech/24/08/40630058/johnson-johnson-seeks-fda-approval-for-muscle-weakness-drug-and-gears-up-showdown-with-argenx-and,"Thursday, Johnson & Johnson JNJ announced the submission of a Biologics License Application ( BLA ) to the FDA seeking the first approval of nipocalimab globally for generalized myasthenia gravis ( gMG ) . gMG is an autoantibody-driven neuromuscular disease characterized by fluctuating ...",www.benzinga.com,0.188242,Somewhat-Bullish,JNJ,0.447528,0.132484,Neutral
2024-08-29 19:18:57,Johnson & Johnson's Golden Cross: A Bullish Prescription For Investors? - Johnson & Johnson  ( NYSE:JNJ ) ,https://www.benzinga.com/general/biotech/24/08/40636339/johnson-johnsons-golden-cross-a-bullish-prescription-for-investors,"Johnson & Johnson JNJ has just made a significant technical move, achieving a Golden Cross. This technical pattern occurs when a stock's short-term moving average crosses above its long-term moving average, indicating a potential shift from a bearish to a bullish trend.",www.benzinga.com,0.471825,Bullish,JNJ,0.655824,0.701839,Bullish
2024-08-30 10:20:06,Is iShares Core Dividend Growth ETF  ( DGRO )  a Strong ETF Right Now?,https://www.zacks.com/stock/news/2329325/is-ishares-core-dividend-growth-etf-dgro-a-strong-etf-right-now,Smart Beta ETF report for ...,www.zacks.com,0.292002,Somewhat-Bullish,JNJ,0.116914,0.061438,Neutral
2024-08-30 11:30:00,"LAZCLUZE™  ( lazertinib )  Now Available from Onco360 for the First-line Treatment, in Combination with Rybrevant®, of Adult Patients with Metastatic Non-Small Cell Lung Cancer Whose Tumors Have EGFR Exon 19 Deletions or Exon 21 L858R Mutations",https://www.benzinga.com/pressreleases/24/08/g40648954/lazcluze-lazertinib-now-available-from-onco360-for-the-first-line-treatment-in-combination-with-ry,"LOUISVILLE, Ky., Aug. 30, 2024 ( GLOBE NEWSWIRE ) -- Onco360®, the nation's leading independent specialty pharmacy, has been selected as a pharmacy partner by Johnson & Johnson for LAZCLUZE™ ( lazertinib ) .",www.benzinga.com,-0.026953,Neutral,JNJ,0.16171,0.13666,Neutral
2024-08-30 16:07:00,JNJ Seeks First FDA Nod for Autoimmune Disease Drug Nipocalimab,https://www.zacks.com/stock/news/2329915/jnj-seeks-first-fda-nod-for-autoimmune-disease-drug-nipocalimab,The Johnson & Johnson filing seeks the FDA's approval for nipocalimab to treat generalized myasthenia gravis in a broad population of antibody-positive patients.,www.zacks.com,0.198688,Somewhat-Bullish,JNJ,0.281422,0.14201,Neutral
2024-08-30 17:47:55,Johnson & Johnson-Spin Off Kenvue Wins Lawsuit Over Pain Killer Tylenol 'Rapid Release' Gelcaps - Kenvue  ( NYSE:KVUE ) ,https://www.benzinga.com/news/large-cap/24/08/40659011/johnson-johnson-spin-off-kenvue-wins-lawsuit-over-pain-killer-tylenol-rapid-release-gelcaps,"Kenvue Inc. KVUE, the maker of Tylenol, has reportedly defended itself against a lawsuit in which consumers claimed being misled into overpaying for ""Rapid Release"" gelcaps, arguing that these gelcaps did not relieve pain any faster than less expensive Tylenol tablets.",www.benzinga.com,-0.05089,Neutral,JNJ,0.245339,0.0,Neutral
