time,title,url,summary,source,overall_sentiment_score,overall_sentiment_label,ticker,ticker_relevance_score,ticker_sentiment_score,ticker_sentiment_label
2024-04-01 02:00:35,How Different Cultures And Traditions Are Making An Impact Across Industries,https://www.forbes.com/sites/jiawertz/2024/03/31/how-different-cultures-and-traditions-are-making-an-impact-across-industries/,"The cultural landscape of a country is a tapestry woven from its history, traditions, and collective experiences, which can profoundly influence and shape the industrial sectors that drive its economy. In fact, cultural and creative industries contribute to 3% of the global GDP, according to the ...",www.forbes.com,0.38267,Bullish,KO,0.058615,0.171001,Somewhat-Bullish
2024-04-01 09:50:00,Every High-Yield Dividend Stock Warren Buffett Owns -- Ranked From Worst to Best,https://www.fool.com/investing/2024/04/01/every-high-yield-dividend-stock-warren-buffett-own/,Income investors should be able to find some good candidates on this list.,www.fool.com,0.140761,Neutral,KO,0.183895,0.113403,Neutral
2024-04-01 10:00:00,3 Powerhouse Vanguard ETFs You Can't Go Wrong With,https://www.fool.com/investing/2024/04/01/3-powerhouse-vanguard-etfs-you-cant-go-wrong-with/,"No matter your investing goals, there's an ETF for your portfolio.",www.fool.com,0.199782,Somewhat-Bullish,KO,0.053035,0.10965,Neutral
2024-04-01 10:15:00,3 Stocks Warren Buffett Plans to Hold Forever That Still Look Like Great Buys Today,https://www.fool.com/investing/2024/04/01/3-stocks-warren-buffett-plans-to-hold-forever-that/,"Buffett's favorite holding period is forever, but only a few stocks actually get that treatment.",www.fool.com,0.316776,Somewhat-Bullish,KO,0.289381,0.315066,Somewhat-Bullish
2024-04-01 12:00:00,2 Magnificent Stocks You Can Buy Right Now and Hold Forever,https://www.fool.com/investing/2024/04/01/2-magnificent-stocks-you-can-buy-now-and-hold/,Two very different businesses share a common trait: They might never go out of style.,www.fool.com,0.263462,Somewhat-Bullish,KO,0.067158,0.152464,Somewhat-Bullish
2024-04-01 15:41:00,Keurig  ( KDP )  Looks Poised on Growth Initiatives Amid High Costs,https://www.zacks.com/stock/news/2248627/keurig-kdp-looks-poised-on-growth-initiatives-amid-high-costs,"Keurig (KDP) is on growth track, thanks to its brand strength, innovation efforts, resilient category trends, market share gains and significant pricing actions.",www.zacks.com,0.301129,Somewhat-Bullish,KO,0.115602,0.142241,Neutral
2024-04-01 16:24:00,Protis Global Welcomes Samantha Marino Parker and Cliff Hall as New VP's of Business Development,https://www.prnewswire.com/news-releases/protis-global-welcomes-samantha-marino-parker-and-cliff-hall-as-new-vps-of-business-development-302104643.html,"DELRAY BEACH, Fla., April 1, 2024 /PRNewswire/ -- Protis Global proudly announces the appointment of Samantha Marino Parker as Vice President of Business Development for Food and Beverage, and Cliff Hall as Vice President of Business Development for Automation and Robotics.",www.prnewswire.com,0.34902,Somewhat-Bullish,KO,0.120431,0.058785,Neutral
2024-04-02 13:00:00,Global Leadership Company DDI Welcomes New Chief Information Officer; Promotes Chief Science Officer,https://www.prnewswire.com/news-releases/global-leadership-company-ddi-welcomes-new-chief-information-officer-promotes-chief-science-officer-302104821.html,Global Leadership Company DDI Welcomes New Chief Information Officer. Promotes Chief Science Officer PR ...,www.prnewswire.com,0.331374,Somewhat-Bullish,KO,0.175009,0.158523,Somewhat-Bullish
2024-04-02 17:54:00,"Consumer Sentiment Highest Since 2021, 3 Stocks Leading the Way - D.R. Horton  ( NYSE:DHI ) , CME Gr  ( NASDAQ:CME ) ",https://www.benzinga.com/news/24/04/38047816/consumer-sentiment-highest-since-2021-3-stocks-leading-the-way,"The United States economy just entered into a new cycle. Because markets shift according to their six to nine-month expectations, three stocks in the consumer discretionary sector are leading the way in this new rotation.",www.benzinga.com,0.124231,Neutral,KO,0.090134,-0.069364,Neutral
2024-04-02 20:15:00,J & J SNACK FOODS SCHEDULES FISCAL 2024 SECOND QUARTER EARNINGS CONFERENCE CALL AND WEBCAST,https://www.globenewswire.com/news-release/2024/04/02/2856477/18519/en/J-J-SNACK-FOODS-SCHEDULES-FISCAL-2024-SECOND-QUARTER-EARNINGS-CONFERENCE-CALL-AND-WEBCAST.html,"MOUNT LAUREL, N.J., April 02, 2024 ( GLOBE NEWSWIRE ) -- J & J Snack Foods Corp. ( NASDAQ: JJSF ) announced today that it has scheduled a conference call and webcast to discuss its fiscal 2024 second quarter financial results on Tuesday, May 7, 2024, at 10:00 am Eastern time.",www.globenewswire.com,0.112264,Neutral,KO,0.123526,0.070683,Neutral
2024-04-02 21:45:17,Coca-Cola  ( KO )  Registers a Bigger Fall Than the Market: Important Facts to Note,https://www.zacks.com/stock/news/2249396/coca-cola-ko-registers-a-bigger-fall-than-the-market-important-facts-to-note,"Coca-Cola (KO) reachead $60.15 at the closing of the latest trading day, reflecting a -0.87% change compared to its last close.",www.zacks.com,0.206401,Somewhat-Bullish,KO,0.584103,0.178435,Somewhat-Bullish
2024-04-03 00:22:00,"Opinion: 5 reasons why immigrants aren't bringing higher crime, as Trump claims",https://www.cnn.com/2024/04/02/opinions/immigrants-less-likely-to-commit-crimes-barkan-rocque/index.html,Opinion: 5 reasons why immigrants are less likely to commit crimes than others ...,www.cnn.com,-0.178206,Somewhat-Bearish,KO,0.038655,-0.222828,Somewhat-Bearish
2024-04-03 06:28:00,Years' Worth of Passive Income Is Hiding in Plain Sight,https://www.fool.com/investing/2024/04/03/years-worth-of-passive-income-is-hiding-in-plain-s/,Some of the best dividend stocks are the ones you use every single day. Don't believe that? Just walk into a grocery store.,www.fool.com,0.234336,Somewhat-Bullish,KO,0.442767,0.300208,Somewhat-Bullish
2024-04-03 12:36:00,FEMSA  ( FMX )  Benefits From Growth Initiatives: Stock to Gain,https://www.zacks.com/stock/news/2249710/femsa-fmx-benefits-from-growth-initiatives-stock-to-gain,"FEMSA (FMX) stays on growth track, thanks to its strategic initiatives, including expansion in the digital space and the U.S. specialized distribution industry.",www.zacks.com,0.332511,Somewhat-Bullish,KO,0.084275,0.056243,Neutral
2024-04-04 11:37:00,Atlantans Come Together for the Second Annual Spark 5K - A Corporate Challenge to Improve Lives,https://www.benzinga.com/pressreleases/24/04/n38087896/atlantans-come-together-for-the-second-annual-spark-5k-a-corporate-challenge-to-improve-lives,"Race Raises Funds to Improve the Lives of People with Disabilities and Improve Child Literacy ATLANTA, April 4, 2024 /PRNewswire/ -- The Spark 5K, presented by Roark, is returning to Piedmont Park on Thursday, May 9 at 6:30 p.m.",www.benzinga.com,0.461681,Bullish,KO,0.049835,0.09825,Neutral
2024-04-04 12:05:00,Cumulus Media's Westwood One to Broadcast the NCAA® Division I Men's Final Four® and National Championship Game in Spanish for the Seventh Straight Tournament,https://www.globenewswire.com/news-release/2024/04/04/2857753/9032/en/Cumulus-Media-s-Westwood-One-to-Broadcast-the-NCAA-Division-I-Men-s-Final-Four-and-National-Championship-Game-in-Spanish-for-the-Seventh-Straight-Tournament.html,"Rafael Hernández Brito, Greivis Vásquez, and Carlos Morales Call the Action ...",www.globenewswire.com,0.295671,Somewhat-Bullish,KO,0.029728,0.188882,Somewhat-Bullish
2024-04-04 12:25:04,Daily: Jeff Bezos Makes A $90 Million Splurge In Florida,https://www.forbes.com/sites/daniellechemtob/2024/04/04/forbes-daily-jeff-bezos-makes-a-90-million-splurge-in-florida/,Forbes Daily: Jeff Bezos buys third home on Florida island community Forbes ...,www.forbes.com,0.062432,Neutral,KO,0.022557,0.019664,Neutral
2024-04-04 13:01:00,Altria's 9% Dividend Yield Isn't the Most Important Investment Factor. This Is the One Investors Should Watch,https://www.fool.com/investing/2024/04/04/altrias-9-dividend-yield-isnt-the-most-important-i/,"Altria has a huge dividend yield, but long-term investors need to look past the alluring yield and focus on the business.",www.fool.com,0.053802,Neutral,KO,0.105141,-0.161206,Somewhat-Bearish
2024-04-04 14:26:00,Brown-Forman's  ( BF.B )  Premium Brands' Portfolio Places It Well,https://www.zacks.com/stock/news/2250590/brown-formans-bfb-premium-brands-portfolio-places-it-well,"Brown-Forman (BF.B) is on track for growth, driven by gains across its premium and super-premium brands, strength in the Jack Daniel's family of brands, and the momentum in the RTD category.",www.zacks.com,0.319421,Somewhat-Bullish,KO,0.085173,0.136439,Neutral
2024-04-04 16:20:00,Global Water Center Receives Nearly $500K From The Coca-Cola Foundation to Help Decrease Worldwide Water Poverty,https://www.benzinga.com/pressreleases/24/04/g38095663/global-water-center-receives-nearly-500k-from-the-coca-cola-foundation-to-help-decrease-worldwide-,"CHARLESTON, S.C., April 04, 2024 ( GLOBE NEWSWIRE ) -- The Global Water Center has received two grants worth a total of $499,439 from The Coca-Cola Foundation to support multiple initiatives that will utilize training, technology, and relationships to create sustainable, local solutions for ...",www.benzinga.com,0.384612,Bullish,KO,0.516883,0.50406,Bullish
2024-04-05 07:00:00,Coca-Cola Femsa ADR Getting Closer To Key Technical Benchmark,https://www.investors.com/ibd-data-stories/coca-cola-femsa-adr-getting-closer-to-key-technical-benchmark/,"In a welcome move, Coca-Cola Femsa ADR ( KOF ) saw its Relative Strength Rating rise from 63 to 72 on Friday. X IBD's proprietary rating tracks price action with a 1 ( worst ) to 99 ( best ) score. The grade shows how a stock's price performance over the trailing 52 weeks stacks up against all ...",www.investors.com,0.306639,Somewhat-Bullish,KO,0.726435,0.377268,Bullish
2024-04-05 09:21:00,"2 Dow Stocks That Are No-Brainer Buys in April, and 1 to Avoid Like the Plague",https://www.fool.com/investing/2024/04/05/2-dow-stocks-no-brainer-buys-in-april-1-to-avoid/,"The Dow is comprised of 30 time-tested companies. Two of these top-notch businesses are begging to be bought by opportunistic long-term investors, while another fails to pass muster.",www.fool.com,0.103919,Neutral,KO,0.203827,0.12216,Neutral
2024-04-05 13:10:02,Improve Your Retirement Income with These 3 Top-Ranked Dividend Stocks,https://www.zacks.com/stock/news/2251080/improve-your-retirement-income-with-these-3-top-ranked-dividend-stocks,"The traditional ways to plan for your retirement may mean income can no longer cover expenses post-employment. But what if there was another option that could provide a steady, reliable source of income in your nest egg years?",www.zacks.com,0.197513,Somewhat-Bullish,KO,0.105604,0.111283,Neutral
2024-04-05 13:40:12,Is Hormel Foods  ( HRL )  Outperforming Other Consumer Staples Stocks This Year?,https://www.zacks.com/stock/news/2251142/is-hormel-foods-hrl-outperforming-other-consumer-staples-stocks-this-year,Here is how Hormel Foods (HRL) and Coca-Cola FEMSA (KOF) have performed compared to their sector so far this year.,www.zacks.com,0.240604,Somewhat-Bullish,KO,0.366061,0.226848,Somewhat-Bullish
2024-04-05 15:30:06,Brown-Forman B  ( BF.B )  Down 5.8% Since Last Earnings Report: Can It Rebound?,https://www.zacks.com/stock/news/2251295/brown-forman-b-bfb-down-58-since-last-earnings-report-can-it-rebound,Brown-Forman B (BF.B) reported earnings 30 days ago. What's next for the stock? We take a look at earnings estimates for some clues.,www.zacks.com,0.048429,Neutral,KO,0.043658,0.042416,Neutral
2024-04-05 16:07:00,Arvo Advisory launches as a new executive and strategic communication firm to help companies create value through ... - PR Newswire,https://www.prnewswire.com/news-releases/arvo-advisory-launches-as-a-new-executive-and-strategic-communication-firm-to-help-companies-create-value-through-strategy-and-story-302109359.html,Arvo Advisory launches as a new executive and strategic communication firm to help companies create value through ... PR ...,www.prnewswire.com,0.33503,Somewhat-Bullish,KO,0.088147,0.0,Neutral
2024-04-05 17:08:03,Tampa Bay Buccaneers Sunshine Bowl Benefiting Special Olympics Florida,https://www.benzinga.com/pressreleases/24/04/g38114488/tampa-bay-buccaneers-sunshine-bowl-benefiting-special-olympics-florida,"TAMPA, Fla., April 05, 2024 ( GLOBE NEWSWIRE ) -- Special Olympics Florida will hold its annual Sunshine Bowl fundraiser on April 6, at Raymond James Stadium in Tampa. The daylong celebration includes a flag football tournament, cheer clinic and special appearances by Bucs Legends.",www.benzinga.com,0.477047,Bullish,KO,0.123526,0.239607,Somewhat-Bullish
2024-04-05 17:30:51,"EXCLUSIVE: X  ( Fmr. Twitter )  Exec Explains Why Storytelling, Authenticity Are The Future Of Cannabis Marketing",https://www.benzinga.com/markets/cannabis/24/04/38114685/exclusive-x-fmr-twitter-exec-explains-why-storytelling-authenticity-are-the-future-of-cannabis-m,"At the heart of a buzzing conference room in Chicago, amidst the eager attendees of the Benzinga Cannabis Capital Conference, stood Alexa Alianiello from X ( formerly Twitter ) , casting a spotlight on the potent power of authenticity and storytelling in brand building.",www.benzinga.com,0.319054,Somewhat-Bullish,KO,0.09186,0.179613,Somewhat-Bullish
2024-04-05 20:16:38,Forget the Dow; Buy This Magnificent ETF Instead,https://www.fool.com/investing/2024/04/05/forget-the-dow-jones-buy-this-magnificent-etf-inst/,Why settle for only 30 stocks when you could focus on more than 200 fast growers?,www.fool.com,0.268517,Somewhat-Bullish,KO,0.056143,0.109905,Neutral
2024-04-06 09:00:00,"'Being a woman was never a barrier,' says Jasmin Paris after historic Barkley Marathons finish",https://www.cnn.com/2024/04/06/sport/jasmin-paris-barkley-marathons-spt-intl/index.html,"Jasmin Paris, the first woman ever to finish the 100-plus-mile Barkley Marathons, has a lengthy injury list: tendonitis in one knee, swelling in her feet, and a series of itchy cuts criss-crossed over her arms and legs, now starting to scab over.",www.cnn.com,-0.004778,Neutral,KO,0.02372,-0.03081,Neutral
2024-04-06 12:00:01,Gatorade enters new categories - even unflavored water - as competition to hydrate consumers ramps up,https://www.cnbc.com/2024/04/06/gatorade-expands-into-new-products-including-plain-water.html,"Year to date, Gatorade is gaining share in every hydration category it has products, according to market research firm Circana.",www.cnbc.com,0.259142,Somewhat-Bullish,KO,0.051886,0.0,Neutral
2024-04-06 19:00:00,Customisation is key at Paris 2024,https://www.financialexpress.com/sports/customisation-is-key-at-parisnbsp2024/3448569/,"There is a very 'customised' approach to this year's Summer Olympics and Paralympics scheduled to take place in Paris, France, July 26 onwards. For the first time in the history of the Games, there is a creative partner and jeweller for medals and trunks.",www.financialexpress.com,0.281836,Somewhat-Bullish,KO,0.064276,0.138167,Neutral
2024-04-07 06:00:22,Hong Kong needs new solutions for its money-losing plastics recycling efforts,https://www.scmp.com/business/article/3257995/hong-kong-needs-new-solutions-legislation-rescue-its-money-losing-plastic-bottles-recycling-industry,"Hong Kong needs more innovative and automated solutions on top of government incentives to help its under-utilised, money-losing sustainability efforts.",www.scmp.com,0.129973,Neutral,KO,0.05133,-0.070534,Neutral
2024-04-08 03:00:10,Celebrating K-Pop Fandom: Coca-Cola® Creations Drops Limited-Edition K-Wave Zero Sugar,https://markets.businessinsider.com/news/stocks/celebrating-k-pop-fandom-coca-cola-174-creations-drops-limited-edition-k-wave-zero-sugar-1033227899,EQS Newswire / 08/04/2024 / 05:00 CET/CEST The Coca-Cola Company ( NYSE: KO ) is a total beverage company with products sold in more than 200 countries and territories. Our company's purpose is to refresh the world and make a difference.,markets.businessinsider.com,0.27917,Somewhat-Bullish,KO,0.554365,0.385617,Bullish
2024-04-08 08:35:00,Almost Half of Warren Buffett's $369 Billion Portfolio Is Invested in Only 1 Stock,https://www.fool.com/investing/2024/04/08/half-warren-buffett-portfolio-invest-1-stock/,The Oracle of Omaha took advantage of what looked like a no-brainer buying opportunity.,www.fool.com,0.34269,Somewhat-Bullish,KO,0.067919,0.364982,Bullish
2024-04-08 10:00:45,Coca-Cola shifts to 100% recycled plastic 500ml bottles in Hong Kong,https://www.scmp.com/business/companies/article/3258244/coca-cola-launches-500ml-bottles-made-100-recycled-plastic-hong-kong-it-cuts-environmental-footprint,"The global drinks giant said all 500ml bottles for Coca-Cola Original, Coca-Cola No Sugar and Coca-Cola Plus in Hong Kong have shifted to recycled polyethylene terephthalate (rPET), the first such use of the material in China.",www.scmp.com,0.10315,Neutral,KO,0.479258,0.136376,Neutral
2024-04-08 13:38:39,"Food Giants Pivot To Discounts And New Sizes Amid Decreased Spending by Low-Income Americans - Dollar Tree  ( NASDAQ:DLTR ) , Conagra Brands  ( NYSE:CAG ) ",https://www.benzinga.com/news/24/04/38142749/food-giants-pivot-to-discounts-and-new-sizes-amid-decreased-spending-by-low-income-americans,"In light of the economic pressures on low-income households, leading food corporations are revamping their product lines and marketing strategies. This pivot aims to accommodate the changing spending habits as consumers face financial constraints.",www.benzinga.com,0.120182,Neutral,KO,0.14131,0.139905,Neutral
2024-04-08 18:09:14,Investor funding in edtech drives unwarranted behaviour: Byju's Aakash CEO,https://www.business-standard.com/companies/start-ups/investor-funding-in-edtech-drives-unwarranted-behaviour-byju-s-aakash-ceo-124040801166_1.html,Mehrotra said that his company will look at reaching out to digital natives in the language of their choice by increasing the component of digital in the system at AESL.,www.business-standard.com,0.00709,Neutral,KO,0.092927,0.080268,Neutral
2024-04-08 21:50:21,Coca-Cola  ( KO )  Sees a More Significant Dip Than Broader Market: Some Facts to Know,https://www.zacks.com/stock/news/2252220/coca-cola-ko-sees-a-more-significant-dip-than-broader-market-some-facts-to-know,"Coca-Cola (KO) closed at $59.27 in the latest trading session, marking a -0.4% move from the prior day.",www.zacks.com,0.197226,Somewhat-Bullish,KO,0.570165,0.275542,Somewhat-Bullish
2024-04-09 00:00:00,"Bottles Returned, Bottles Reborn: Coca-Cola® Launches 100% Recycled Plastic Bottles in Hong Kong APAC - English ... - PR Newswire",https://www.prnewswire.com/apac/news-releases/bottles-returned-bottles-reborn-coca-cola-launches-100-recycled-plastic-bottles-in-hong-kong-302110745.html,"Bottles Returned, Bottles Reborn: Coca-Cola® Launches 100% Recycled Plastic Bottles in Hong Kong APAC - English ... PR ...",www.prnewswire.com,0.319035,Somewhat-Bullish,KO,0.624172,0.450429,Bullish
2024-04-09 06:57:01,Investor funding in edtech drives behaviour which is not good for industry: Byju's Aakash CEO,https://www.moneycontrol.com/news/business/investor-funding-in-edtech-drives-behaviour-which-is-not-good-for-industry-byjus-aakash-ceo-12605501.html,"Speaking to PTI, Mehrotra also said that digital alone can't meet aspirations of medical and engineering students looking to get into premium institutions, and it is important to address requirement of new learners.",www.moneycontrol.com,0.030757,Neutral,KO,0.102449,0.082301,Neutral
2024-04-09 07:00:00,Coca-Cola Femsa ADR Sees IBD RS Rating Rise To 73,https://www.investors.com/ibd-data-stories/coca-cola-femsa-adr-sees-ibd-rs-rating-rise-to-73/,"On Tuesday, Coca-Cola Femsa ADR ( KOF ) received a positive adjustment to its Relative Strength ( RS ) Rating, from 70 to 73. X This exclusive rating from Investor's Business Daily tracks market leadership with a 1 ( worst ) to 99 ( best ) score.",www.investors.com,0.295861,Somewhat-Bullish,KO,0.615462,0.315274,Somewhat-Bullish
2024-04-09 07:41:24,Investor funding in edtech driving unwarranted behaviour: Byju's Aakash CEO,https://www.business-standard.com/companies/start-ups/investor-funding-in-edtech-drives-unwarranted-behaviour-byju-s-aakash-ceo-124040900303_1.html,"Investors' funding in the edtech space is driving an unwarranted behaviour which is not good for the industry, Byju's Aakash Education Services Ltd ( AESL ) Managing Director and CEO Deepak Mehrotra has said.",www.business-standard.com,0.030757,Neutral,KO,0.102449,0.082301,Neutral
2024-04-09 12:00:00,C&G REGULATORY SOLUTIONS AND ITS CEO ALEXANDER CULLEY SHORTLISTED IN PRESTIGIOUS ICA COMPLIANCE AWARDS 2024,https://www.prnewswire.com/news-releases/cg-regulatory-solutions-and-its-ceo-alexander-culley-shortlisted-in-prestigious-ica-compliance-awards-2024-302111697.html,C&G REGULATORY SOLUTIONS AND ITS CEO ALEXANDER CULLEY SHORTLISTED IN PRESTIGIOUS ICA ... PR ...,www.prnewswire.com,0.421731,Bullish,KO,0.049629,0.095945,Neutral
2024-04-09 12:47:00,A New Chapter for Chocolate: EVOLVED Appoints Joe Serventi as CEO - PR Newswire,https://www.prnewswire.com/news-releases/a-new-chapter-for-chocolate-evolved-appoints-joe-serventi-as-ceo-302111304.html,A New Chapter for Chocolate: EVOLVED Appoints Joe Serventi as CEO PR ...,www.prnewswire.com,0.56357,Bullish,KO,0.058188,0.184033,Somewhat-Bullish
2024-04-09 12:49:00,Disney's  ( DIS )  Marvel & Coca-Cola Team Up for Global Campaign,https://www.zacks.com/stock/news/2252400/disneys-dis-marvel-coca-cola-team-up-for-global-campaign,Disney's (DIS) Marvel and Coca-Cola collaborate for an extraordinary global campaign to showcase popular Marvel characters.,www.zacks.com,0.472464,Bullish,KO,0.420483,0.711212,Bullish
2024-04-09 14:04:00,Henrico Delivers Blockbuster March With Major Investments From Four Industry Leaders,https://www.prnewswire.com/news-releases/henrico-delivers-blockbuster-march-with-major-investments-from-four-industry-leaders-302111770.html,"Amazon, Coca-Cola, Tucker Door & Trim, and Ropeblock all celebrated grand openings in the locality HENRICO, Va., April 9, 2024 /PRNewswire/ -- It was a spectacular month of economic successes for Henrico, as the Virginia locality attracted global tech giant Amazon, Tucker Door & Trim, and ...",www.prnewswire.com,0.462452,Bullish,KO,0.423251,0.5319,Bullish
2024-04-09 14:39:00,Coca-Cola  ( KO )  Stays Ahead of Its Industry: Plans on Track,https://www.zacks.com/stock/news/2252777/coca-cola-ko-stays-ahead-of-its-industry-plans-on-track,"Coca-Cola (KO) has been in a good spot, driven by its innovation and digital expansion efforts, which rightly support its aspirations to become a total beverage company.",www.zacks.com,0.239869,Somewhat-Bullish,KO,0.508878,0.319603,Somewhat-Bullish
2024-04-10 07:24:41,StockNews.com Downgrades Coca-Cola FEMSA  ( NYSE:KOF )  to Buy,https://www.defenseworld.net/2024/04/10/stocknews-com-downgrades-coca-cola-femsa-nysekof-to-buy.html,StockNews.com cut shares of Coca-Cola FEMSA ( NYSE:KOF - Free Report ) from a strong-buy rating to a buy rating in a report issued on Tuesday.,www.defenseworld.net,0.298223,Somewhat-Bullish,KO,0.843611,0.488113,Bullish
2024-04-10 08:05:00,"Should You Buy This Under-the-Radar Warren Buffett Stock With $1,000 Right Now?",https://www.fool.com/investing/2024/04/10/under-radar-warren-buffett-stock-1000-right-now/,Investors should view this company with a fresh perspective before following in the Oracle of Omaha's footsteps.,www.fool.com,0.17649,Somewhat-Bullish,KO,0.069495,0.149726,Neutral
2024-04-10 08:24:00,3 No-Brainer Warren Buffett Stocks to Buy Right Now,https://www.fool.com/investing/2024/04/10/3-no-brainer-warren-buffett-stocks-to-buy-right-no/,The Oracle of Omaha is still as good at stock picking as he's ever been.,www.fool.com,0.227223,Somewhat-Bullish,KO,0.222429,0.053957,Neutral
2024-04-10 15:48:00,Diageo's  ( DEO )  Strategic Endeavors on Track: Stock to Gain,https://www.zacks.com/stock/news/2253587/diageos-deo-strategic-endeavors-on-track-stock-to-gain,"Diageo (DEO) has been in a good spot, thanks to its strong brand portfolio, premiumization efforts, cost management plans, innovation and marketing investments.",www.zacks.com,0.275328,Somewhat-Bullish,KO,0.07104,0.138844,Neutral
2024-04-10 18:15:50,PepsiCo Unusual Options Activity - PepsiCo  ( NASDAQ:PEP ) ,https://www.benzinga.com/insights/options/24/04/38189444/pepsico-unusual-options-activity,"Whales with a lot of money to spend have taken a noticeably bullish stance on PepsiCo. Looking at options history for PepsiCo PEP we detected 9 trades. If we consider the specifics of each trade, it is accurate to state that 55% of the investors opened trades with bullish expectations and 44% ...",www.benzinga.com,0.234106,Somewhat-Bullish,KO,0.093289,0.166524,Somewhat-Bullish
2024-04-11 09:22:00,"4 ETFs Billionaire Investors Love -- Can They Make You Richer, Too?",https://www.fool.com/investing/2024/04/11/4-etfs-billionaire-investors-love-can-they-make-yo/,"Billionaires don't just buy individual stocks. ETFs can have excellent wealth-building potential over time, as well.",www.fool.com,0.259318,Somewhat-Bullish,KO,0.058472,0.108073,Neutral
2024-04-11 10:59:00,Should You Buy This Top Warren Buffett Stock With $100 Right Now?,https://www.fool.com/investing/2024/04/11/buy-top-warren-buffett-stock-100-right-now/,This business has been a longtime favorite for the Oracle of Omaha.,www.fool.com,0.335787,Somewhat-Bullish,KO,0.596651,0.389641,Bullish
2024-04-11 13:00:15,Is Trending Stock CocaCola Company  ( The )   ( KO )  a Buy Now?,https://www.zacks.com/stock/news/2253799/is-trending-stock-cocacola-company-the-ko-a-buy-now,"Recently, Zacks.com users have been paying close attention to Coke (KO). This makes it worthwhile to examine what the stock has in store.",www.zacks.com,0.245795,Somewhat-Bullish,KO,0.103331,0.036336,Neutral
2024-04-11 13:10:02,3 Top Dividend Stocks to Maximize Your Retirement Income,https://www.zacks.com/stock/news/2253835/3-top-dividend-stocks-to-maximize-your-retirement-income,"The traditional ways to plan for your retirement may mean income can no longer cover expenses post-employment. But what if there was another option that could provide a steady, reliable source of income in your nest egg years?",www.zacks.com,0.253274,Somewhat-Bullish,KO,0.107495,0.111928,Neutral
2024-04-11 13:26:21,"Cola, beverage, ice cream makers expect surge in sales as temperature soars",https://www.business-standard.com/industry/news/cola-beverage-ice-cream-makers-expect-surge-in-sales-as-temperature-soars-124041100500_1.html,"With a gradual rise in temperature and the start of heatwave, FMCG and dairy firms selling cola-based fizz drinks, juices, mineral water, ice creams and milk-based beverages expect a spike in sales and have ramped up their production and stocks to meet the anticipated consumer demand.",www.business-standard.com,0.160746,Somewhat-Bullish,KO,0.115787,0.090297,Neutral
2024-04-11 13:30:09,Brokers Suggest Investing in Coke  ( KO ) : Read This Before Placing a Bet,https://www.zacks.com/stock/news/2253887/brokers-suggest-investing-in-coke-ko-read-this-before-placing-a-bet,"According to the average brokerage recommendation (ABR), one should invest in Coke (KO). It is debatable whether this highly sought-after metric is effective because Wall Street analysts' recommendations tend to be overly optimistic. Would it be worth investing in the stock?",www.zacks.com,0.301786,Somewhat-Bullish,KO,0.053992,0.142763,Neutral
2024-04-11 13:53:00,Is Coca-Cola Stock a Screaming Buy After Its Big Dividend Raise?,https://www.fool.com/investing/2024/04/11/is-coca-cola-stock-a-screaming-buy-after-its-big/,"A handsome shareholder payout isn't everything, after all.",www.fool.com,0.203058,Somewhat-Bullish,KO,0.479683,0.229697,Somewhat-Bullish
2024-04-11 14:18:40,Best Stocks To Invest In Right Now? 2 Consumer Staples Stocks To Watch,https://stockmarket.com/featured/best-stocks-to-invest-in-right-now-2-consumer-staples-stocks-to-watch-2024-04-11,"The consumer sector is a broad category in the stock market that includes companies providing goods and services directly to consumers. Within this sector, consumer staples stocks represent firms that produce or sell essential products such as food, beverages, household, and personal care items.",stockmarket.com,0.191459,Somewhat-Bullish,KO,0.419153,0.330193,Somewhat-Bullish
2024-04-11 14:20:00,PepsiCo's  ( PEP )  Productivity & Cost-Saving Initiatives Bode Well,https://www.zacks.com/stock/news/2254010/pepsicos-pep-productivity-cost-saving-initiatives-bode-well,"PepsiCo (PEP) retains its strong position, thanks to its focus on garnering productivity gains, along with its stringent cost-saving endeavors.",www.zacks.com,0.402908,Bullish,KO,0.21686,0.333179,Somewhat-Bullish
2024-04-11 14:42:14,Who wields the power in the world's supply chains?,https://www.economist.com/business/2024/04/11/who-wields-the-power-in-the-worlds-supply-chains,Inventories offer a clue ...,www.economist.com,0.064424,Neutral,KO,0.034185,0.009637,Neutral
2024-04-11 19:24:00,The 1 filling snack Michael Pollan swears by to curb his insatiable craving for potato chips,https://www.businessinsider.com/michael-pollan-eats-high-protein-snack-to-curb-his-cravings-for-ultra-processed-foods-2024-4,Michael Pollan eats high-protein snack to curb his cravings for ultra-processed foods - Business Insider ...,www.businessinsider.com,0.163934,Somewhat-Bullish,KO,0.065685,-0.061067,Neutral
2024-04-12 07:00:00,Coca-Cola Femsa ADR Earns Technical Rating Upgrade,https://www.investors.com/ibd-data-stories/coca-cola-femsa-adr-earns-technical-rating-upgrade/,"In a welcome move, Coca-Cola Femsa ADR ( KOF ) saw its Relative Strength Rating improve from 69 to 72 on Friday. X IBD's unique rating identifies market leadership with a 1 ( worst ) to 99 ( best ) score. The score shows how a stock's price performance over the trailing 52 weeks compares to all ...",www.investors.com,0.340236,Somewhat-Bullish,KO,0.722944,0.511875,Bullish
2024-04-12 08:12:00,Berkshire Hathaway Is Great. Here's Why You Shouldn't Buy It.,https://www.fool.com/investing/2024/04/12/berkshire-hathaway-is-great-heres-why-you-shouldnt/,"There's nothing wrong with owning Berkshire Hathaway, but it may not be right for every investor. Here are some problems with the iconic company.",www.fool.com,0.174572,Somewhat-Bullish,KO,0.078099,0.036593,Neutral
2024-04-12 12:00:00,5 Dividend Kings That Yield More Than Vanguard's Top Value ETF,https://www.fool.com/investing/2024/04/12/5-dividend-kings-yield-more-vanguard-value-etf/,"Despite a thriving bull market, some Dividend Kings still yield more than the Vanguard Value ETF's 2.4% payout.",www.fool.com,0.176571,Somewhat-Bullish,KO,0.157227,0.215062,Somewhat-Bullish
2024-04-12 16:00:00,"Burrell Communications Group launches 'KAI 1, The Origin Story,' their first creative for the new ANTA KAI 1 'Enlightened Warrior' shoe",https://www.benzinga.com/pressreleases/24/04/n38223739/burrell-communications-group-launches-kai-1-the-origin-story-their-first-creative-for-the-new-anta,Agency's groundbreaking animated spot artfully leverages AI in a captivating storytelling campaign for NBA star Kyrie Irving's signature line,www.benzinga.com,0.379547,Bullish,KO,0.044801,0.122087,Neutral
2024-04-12 19:06:44,Is Trending Stock CocaCola Company a Buy Now? - Coca-Cola  ( NYSE:KO ) ,https://www.benzinga.com/news/24/04/38203648/is-trending-stock-cocacola-company-a-buy-now,"Coca-Cola KO has recently been on Zacks.com's list of the most searched stocks. Therefore, you might want to consider some of the key factors that could influence the stock's performance in the near future.",www.benzinga.com,0.262286,Somewhat-Bullish,KO,0.09347,0.039585,Neutral
2024-04-12 20:10:00,"Coca-Cola Consolidated, Inc. Announces Second Quarter Dividend - Coca-Cola Consolidated  ( NASDAQ:COKE ) ",https://www.benzinga.com/pressreleases/24/04/g38227825/coca-cola-consolidated-inc-announces-second-quarter-dividend,"CHARLOTTE, N.C., April 12, 2024 ( GLOBE NEWSWIRE ) -- Coca-Cola Consolidated, Inc. COKE announced that the Board of Directors has declared a dividend for the second quarter of 2024 of $0.50 per share on shares of the Company's Common Stock and Class B Common Stock payable on May 10, 2024 to ...",www.benzinga.com,0.29958,Somewhat-Bullish,KO,0.824067,0.44028,Bullish
2024-04-12 21:45:19,Coca-Cola  ( KO )  Stock Moves -1.3%: What You Should Know,https://www.zacks.com/stock/news/2254844/coca-cola-ko-stock-moves--13-what-you-should-know,"Coca-Cola (KO) reachead $58.28 at the closing of the latest trading day, reflecting a -1.3% change compared to its last close.",www.zacks.com,0.140915,Neutral,KO,0.570165,0.166364,Somewhat-Bullish
2024-04-13 04:51:31,Page 1000 of,https://www.financialexpress.com/about-news/page/1000/,"As previously announced, in the initial transaction, Fairfax India had acquired an additional 3% equity interest in BIAL from Siemens…",www.financialexpress.com,0.395489,Bullish,KO,0.16849,0.191437,Somewhat-Bullish
2024-04-13 07:30:00,Want $1 Million in Retirement? 3 Stocks to Buy Now and Hold for Decades.,https://www.fool.com/investing/2024/04/13/want-million-retirement-stocks-to-buy-now-hold/,These three stocks could help you build a million-dollar nest egg if you give them enough time.,www.fool.com,0.204484,Somewhat-Bullish,KO,0.046184,0.053056,Neutral
2024-04-13 11:45:00,Let's Play This 'Weird' Pattern For Cheap 8%+ Dividends,https://www.forbes.com/sites/michaelfoster/2024/04/13/lets-play-this-weird-pattern-for-cheap-8-dividends/,"There's no sugarcoating it: As I write this, our favorite high-yielding income plays-closed-end funds ( CEFs ) -are lagging behind ""regular"" stocks. But that doesn't mean I'm opening this article on a sour note.",www.forbes.com,0.139167,Neutral,KO,0.127795,0.013975,Neutral
2024-04-14 08:17:00,"1 Stock That Turned $1,000 Into More Than $800,000",https://www.fool.com/investing/2024/04/14/1-stock-that-turned-1000-into-more-than-800000/,Investors can learn a lot by looking at this company's monumental rise.,www.fool.com,0.336498,Somewhat-Bullish,KO,0.066047,0.240852,Somewhat-Bullish
2024-04-15 10:04:06,The Maverick Hotelier Behind Dar Ahlam Doubles Down On Luxe Regenerative Travel,https://www.forbes.com/sites/annabel/2024/04/15/the-maverick-hotelier-behind-dar-ahlam-doubles-down-on-luxe-regenerative-travel/,"The way people usually travel is all wrong, says visionary hotelier Thierry Teyssier. And for more than two decades, he's been showing them how to do it better.",www.forbes.com,0.214372,Somewhat-Bullish,KO,0.040212,0.17712,Somewhat-Bullish
2024-04-15 13:45:00,Council Post: How To Drive Change Through Long-Term Strategy,https://www.forbes.com/sites/forbestechcouncil/2024/04/15/how-to-drive-change-through-long-term-strategy/,How To Drive Change Through Long-Term Strategy Forbes ...,www.forbes.com,0.191216,Somewhat-Bullish,KO,0.039418,0.16801,Somewhat-Bullish
2024-04-15 18:26:51,3 High-Priced Stocks That Should Follow Chipotle's 50-for-1 Split,https://markets.businessinsider.com/news/stocks/3-high-priced-stocks-that-should-follow-chipotles-50-for-1-split-1033250639,"On March 19, Chipotle Mexican Grill ( NYSE:CMG ) announced the first stock split in its history. When it comes to high-priced stocks, they don't get much higher than Chipotle. It trades a few dollars shy of $3,000, making it one of the most obvious stock-split candidates.",markets.businessinsider.com,0.116192,Neutral,KO,0.202366,0.0,Neutral
2024-04-15 19:31:22,Smart Money Is Betting Big In Coca-Cola Options - Coca-Cola  ( NYSE:KO ) ,https://www.benzinga.com/insights/options/24/04/38257581/smart-money-is-betting-big-in-coca-cola-options,"Investors with a lot of money to spend have taken a bullish stance on Coca-Cola KO. We noticed this today when the positions showed up on publicly available options history that we track here at Benzinga. Whether these are institutions or just wealthy individuals, we don't know.",www.benzinga.com,0.173246,Somewhat-Bullish,KO,0.736708,0.294965,Somewhat-Bullish
2024-04-15 19:31:33,PepsiCo's Options Frenzy: What You Need to Know - PepsiCo  ( NASDAQ:PEP ) ,https://www.benzinga.com/insights/options/24/04/38257585/pepsicos-options-frenzy-what-you-need-to-know,"Benzinga's options scanner just detected over 8 options trades for PepsiCo PEP summing a total amount of $457,544. At the same time, our algo caught 4 for a total amount of 132,284.",www.benzinga.com,0.264903,Somewhat-Bullish,KO,0.102449,0.170677,Somewhat-Bullish
2024-04-16 08:07:00,1 Magnificent S&P 500 Dividend Stock Down 7% to Buy and Hold Forever,https://www.fool.com/investing/2024/04/16/1-magnificent-sp-500-dividend-stock-down-7-to-buy/,Coca-Cola continues to grow profits and dividends.,www.fool.com,0.361647,Bullish,KO,0.55971,0.543126,Bullish
2024-04-16 08:19:00,3 Warren Buffett Stocks to Buy Hand Over Fist,https://www.fool.com/investing/2024/04/16/3-warren-buffett-stocks-to-buy-hand-over-fist/,Here's how you could profit from this elite investor's best ideas.,www.fool.com,0.471589,Bullish,KO,0.141448,0.230093,Somewhat-Bullish
2024-04-16 08:52:00,"Coca-Cola Stock Has 16% Upside, According to 1 Wall Street Analyst",https://www.fool.com/investing/2024/04/16/coca-cola-stock-upside-wall-street-analyst/,The stock is trading at a healthy discount to its five-year average valuation.,www.fool.com,0.345003,Somewhat-Bullish,KO,0.272788,0.186566,Somewhat-Bullish
2024-04-16 09:21:00,"When Will the Dow Jones Industrial Average Reach 50,000? History Suggests a Lot Sooner Than You Think.",https://www.fool.com/investing/2024/04/16/when-will-dow-jones-reach-50000-history-says-soon/,Average annual gains for the iconic Dow Jones have accelerated over the last three decades.,www.fool.com,0.197122,Somewhat-Bullish,KO,0.106227,0.124566,Neutral
2024-04-16 10:00:00,Why Corporate America is keeping quiet on abortion | Business,https://edition.cnn.com/2024/04/16/business/corporate-america-abortion-activism-nightcap/index.html,Why Corporate America is keeping quiet on abortion CNN International ...,edition.cnn.com,0.014457,Neutral,KO,0.03157,-0.034288,Neutral
2024-04-16 10:45:00,2 Warren Buffett Stocks to Hold Forever,https://www.fool.com/investing/2024/04/16/2-warren-buffett-stocks-to-hold-forever/,These two blue-chip stocks have had slow growth recently but are in a position to be great long-term investments.,www.fool.com,0.207991,Somewhat-Bullish,KO,0.220308,0.231935,Somewhat-Bullish
2024-04-16 12:00:00,Guidehouse and NovoEd Power Transformational Supplier Leadership on Climate Transition Initiatives - PR Newswire,https://www.prnewswire.com/news-releases/guidehouse-and-novoed-power-transformational-supplier-leadership-on-climate-transition-initiatives-302117475.html,Guidehouse and NovoEd Power Transformational Supplier Leadership on Climate Transition Initiatives PR ...,www.prnewswire.com,0.336044,Somewhat-Bullish,KO,0.041466,0.0,Neutral
2024-04-16 13:02:00,5 Soft Drink Stocks Set to Sway in a Prospering Industry,https://www.zacks.com/commentary/2255804/5-soft-drink-stocks-set-to-sway-in-a-prospering-industry,"The Beverages - Soft Drinks companies like KO, PEP, MNST, KDP and COCO look strong on robust consumer demand, innovation efforts, expansion into newer categories and digital investments despite inflation pressures.",www.zacks.com,0.345682,Somewhat-Bullish,KO,0.080323,0.202101,Somewhat-Bullish
2024-04-16 13:07:00,3 Dividend Kings to Buy for the Next Decade,https://www.fool.com/investing/2024/04/16/3-dividend-kings-for-the-next-decade/,These are three high-quality dividend-paying stocks.,www.fool.com,0.206051,Somewhat-Bullish,KO,0.674691,0.259022,Somewhat-Bullish
2024-04-16 13:15:00,INSTACART APPOINTS VICTORIA DOLAN TO BOARD OF DIRECTORS - PR Newswire,https://www.prnewswire.com/news-releases/instacart-appoints-victoria-dolan-to-board-of-directors-302117969.html,INSTACART APPOINTS VICTORIA DOLAN TO BOARD OF DIRECTORS PR ...,www.prnewswire.com,0.214116,Somewhat-Bullish,KO,0.046363,0.011859,Neutral
2024-04-16 13:40:12,Is BRC INC  ( BRCC )  Outperforming Other Consumer Staples Stocks This Year?,https://www.zacks.com/stock/news/2256017/is-brc-inc-brcc-outperforming-other-consumer-staples-stocks-this-year,Here is how BRC Inc. (BRCC) and Coca-Cola HBC (CCHGY) have performed compared to their sector so far this year.,www.zacks.com,0.20412,Somewhat-Bullish,KO,0.36472,0.26931,Somewhat-Bullish
2024-04-16 13:40:15,Should Value Investors Buy Coca-Cola HBC  ( CCHGY )  Stock?,https://www.zacks.com/stock/news/2256001/should-value-investors-buy-coca-cola-hbc-cchgy-stock,"Here at Zacks, our focus is on the proven Zacks Rank system, which emphasizes earnings estimates and estimate revisions to find great stocks. Nevertheless, we are always paying attention to the latest value, growth, and momentum trends to underscore strong picks.",www.zacks.com,0.422575,Bullish,KO,0.241684,0.223943,Somewhat-Bullish
2024-04-16 16:00:09,Coca-Cola HBC  ( CCHGY )  Upgraded to Buy: What Does It Mean for the Stock?,https://www.zacks.com/stock/news/2256263/coca-cola-hbc-cchgy-upgraded-to-buy-what-does-it-mean-for-the-stock,"Coca-Cola HBC (CCHGY) might move higher on growing optimism about its earnings prospects, which is reflected by its upgrade to a Zacks Rank #2 (Buy).",www.zacks.com,0.30573,Somewhat-Bullish,KO,0.304679,0.265115,Somewhat-Bullish
2024-04-16 18:43:00,"Q1 Earnings Scorecard and Analyst Reports for Mastercard, Netflix & Coca-Cola",https://www.zacks.com/research-daily/2256168/q1-earnings-scorecard-and-analyst-reports-for-mastercard-netflix-coca-cola,"Today's Research Daily features a real-time update on the Q1 earnings season and new research reports Mastercard (MA), Netflix (NFLX) and Coke (KO) and others.",www.zacks.com,0.284594,Somewhat-Bullish,KO,0.1789,0.189344,Somewhat-Bullish
2024-04-16 18:45:00,Wow! Tupperware Popped Up on Newsweek's Most Trustworthy Companies in America - PR Newswire,https://www.prnewswire.com/news-releases/wow-tupperware-popped-up-on-newsweeks-most-trustworthy-companies-in-america-302118566.html,Wow! Tupperware Popped Up on Newsweek's Most Trustworthy Companies in America PR ...,www.prnewswire.com,0.454219,Bullish,KO,0.074692,0.0,Neutral
2024-04-17 00:31:34,Exclusive Interview: Organic Tequila Casa Azul Wins Trademark Lawsuit Against Casa Tradición,https://www.forbes.com/sites/douglasyu/2024/04/16/exclusive-interview-travis-kelce-backed-casa-azul-tequila-wins-trademark-lawsuit-against-casa-tradicin/,"U.S. District Judge Lee Rosenthal has denied the maker of ultra-premium tequila Clase Azul, Casa Tradición's accusation against Casa Azul over its trademark infringement.",www.forbes.com,0.159614,Somewhat-Bullish,KO,0.072,0.043219,Neutral
2024-04-17 06:14:43,"Coca-Cola FEMSA  ( NYSE:KOF )  Upgraded by StockNews.com to ""Strong-Buy""",https://www.defenseworld.net/2024/04/17/coca-cola-femsa-nysekof-upgraded-by-stocknews-com-to-strong-buy.html,"Coca-Cola FEMSA ( NYSE:KOF - Get Free Report ) was upgraded by StockNews.com from a ""buy"" rating to a ""strong-buy"" rating in a note issued to investors on Wednesday.",www.defenseworld.net,0.293825,Somewhat-Bullish,KO,0.86962,0.486118,Bullish
2024-04-17 07:36:00,"Zacks Industry Outlook Highlights Coca-Cola, PepsiCo, Monster Beverage, Keurig Dr Pepper and Vita Coco",https://www.zacks.com/stock/news/2256474/zacks-industry-outlook-highlights-coca-cola-pepsico-monster-beverage-keurig-dr-pepper-and-vita-coco,"Coca-Cola, PepsiCo, Monster Beverage, Keurig Dr Pepper and Vita Coco have been highlighted in this Industry Outlook article.",www.zacks.com,0.345494,Somewhat-Bullish,KO,0.097457,0.175748,Somewhat-Bullish
2024-04-17 08:30:00,"Got $5,000? Here Are 3 Undervalued Stocks to Buy and Hold Forever",https://www.fool.com/investing/2024/04/17/got-5000-undervalued-stocks-buy-and-hold/,Not every business in operation today is built to thrive -- or even last -- indefinitely. These are.,www.fool.com,0.208755,Somewhat-Bullish,KO,0.032558,0.103096,Neutral
2024-04-17 10:00:00,"The Zacks Analyst Blog Highlights Mastercard, Netflix, Coca-Cola, Berkshire Hathaway and Medtronic",https://www.zacks.com/stock/news/2256500/the-zacks-analyst-blog-highlights-mastercard-netflix-coca-cola-berkshire-hathaway-and-medtronic,"Mastercard, Netflix, Coca-Cola, Berkshire Hathaway and Medtronic are included in this Analyst Blog.",www.zacks.com,0.340547,Somewhat-Bullish,KO,0.414559,0.193511,Somewhat-Bullish
2024-04-17 10:45:00,"3 Reasons Warren Buffett Might Love Chipotle Stock, and 1 Reason He'd Avoid It Like the Plague",https://www.fool.com/investing/2024/04/17/3-reasons-warren-buffett-chipotle-stock-avoid/,This business checks the qualitative screen but is lacking in one important area.,www.fool.com,0.209135,Somewhat-Bullish,KO,0.064104,0.213408,Somewhat-Bullish
2024-04-17 12:00:00,Meet The AI Entrepreneur Who Used LinkedIn To Raise $13.8 Million,https://www.forbes.com/sites/jabariyoung/2024/04/17/meet-the-ai-entrepreneur-who-used-linkedin-to-raise-138-million/,"Benjamin Harvey, the CEO of AI Squared, says he's added investors including former TIAA CEO Roger Ferguson. Harvey joined Forbes senior writer Jabari Young at the Nasdaq MarketSite to discuss the startup's Series A raise.",www.forbes.com,0.142492,Neutral,KO,0.039679,0.008757,Neutral
2024-04-17 18:15:20,How Is The Market Feeling About Coca-Cola? - Coca-Cola  ( NYSE:KO ) ,https://www.benzinga.com/insights/short-sellers/24/04/38299614/how-is-the-market-feeling-about-coca-cola,"Coca-Cola's KO short percent of float has risen 10.71% since its last report. The company recently reported that it has 26.68 million shares sold short, which is 0.62% of all regular shares that are available for trading. Based on its trading volume, it would take traders 1.95 days to cover their ...",www.benzinga.com,0.289997,Somewhat-Bullish,KO,0.212115,0.151778,Somewhat-Bullish
2024-04-17 18:27:00,Enterprise Product Partners Offers Cautious Investors Impressive 7.2% Yield,https://www.investors.com/research/the-income-investor/dividend-stock-epd-stock-yield/,"Top dividend stock Enterprise Product Partners ( EPD ) is back in the spotlight, boasting an impressive 7.2% yield alongside improving fundamentals. Operating as a master limited partnership, or MLP, Houston-based Enterprise Products controls over 50,000 miles of crude oil and natural gas ...",www.investors.com,0.174205,Somewhat-Bullish,KO,0.217834,0.009298,Neutral
2024-04-17 20:36:00,This Combination of 3 Stocks Provides Monthly Income,https://www.zacks.com/commentary/2257185/this-combination-of-3-stocks-provides-monthly-income,"While most companies pay their dividends on a quarterly basis, investors can construct a portfolio that allows for monthly payouts with just a bit of positioning.",www.zacks.com,0.26058,Somewhat-Bullish,KO,0.596978,0.384878,Bullish
2024-04-17 21:22:52,"'A F-ed-Up Situation,' Says MariMed CCO About How State Regulations Complicate Cannabis Edibles Strategy - MariMed  ( OTC:MRMD ) ",https://www.benzinga.com/markets/cannabis/24/04/38303746/a-f-ed-up-situation-says-marimed-cco-about-how-state-regulations-complicate-cannabis-edibles-str,"What is the strategy for branding in a fragmented market? Was the topic Wednesday at the Benzinga Cannabis Capital Conference in Florida, which got things heated up.",www.benzinga.com,0.190485,Somewhat-Bullish,KO,0.062761,0.094336,Neutral
2024-04-18 11:00:00,This Ridiculously Cheap Warren Buffett Stock Could Make You Richer,https://www.fool.com/investing/2024/04/18/this-ridiculously-cheap-warren-buffett-stock-could/,It's not every day you're offered a better deal than Buffett got.,www.fool.com,0.338417,Somewhat-Bullish,KO,0.064276,0.167251,Somewhat-Bullish
2024-04-18 11:35:00,"If I Could Buy Only 3 Stocks in 2024, I'd Pick These",https://www.fool.com/investing/2024/04/18/if-i-could-only-buy-3-stocks-in-2024-id-pick-these/,"A company is more than its numbers. The qualitative characteristics, assumptions and perceptions, and the environment itself all matter.",www.fool.com,0.096145,Neutral,KO,0.197951,0.152761,Somewhat-Bullish
2024-04-18 11:50:00,ArtsBerry Interviews Digital Artist Mr. Tianshi Wang,https://www.benzinga.com/pressreleases/24/04/n38311302/artsberry-interviews-digital-artist-mr-tianshi-wang,"NEW YORK, April 18, 2024 /PRNewswire/ -- ArtsBerry provides an insider's view into the world of top contemporary artists, including Mr. Tianshi Wang, a digital artist and university lecturer specializing in animation, video, and film concept visual development, character design, and product ...",www.benzinga.com,0.406308,Bullish,KO,0.067919,0.21224,Somewhat-Bullish
2024-04-18 11:58:00,"""Little Horse Whip"" Nominated for Best Children's Film at China Film Golden Rooster Awards",https://www.benzinga.com/pressreleases/24/04/n38311434/little-horse-whip-nominated-for-best-childrens-film-at-china-film-golden-rooster-awards,"NEW YORK, April 18, 2024 /PRNewswire/ -- ArtsBerry proudly announces that our supported artist Mr. Tianshi Wang's production, ""Little Horse Whip,"" has been nominated for Best Children's Film at the prestigious 36th China Film Golden Rooster Awards, marking a significant milestone in its journey ...",www.benzinga.com,0.607029,Bullish,KO,0.064623,0.191606,Somewhat-Bullish
2024-04-18 14:30:00,"Hillenbrand to Showcase Plastics Processing and Recycling Solutions at NPE2024, the Largest Plastics Industry Trade Show in the Americas",https://www.prnewswire.com/news-releases/hillenbrand-to-showcase-plastics-processing-and-recycling-solutions-at-npe2024-the-largest-plastics-industry-trade-show-in-the-americas-302121045.html,"Hillenbrand to Showcase Plastics Processing and Recycling Solutions at NPE2024, the Largest Plastics Industry Trade ... PR ...",www.prnewswire.com,0.350155,Bullish,KO,0.039878,0.210843,Somewhat-Bullish
2024-04-18 21:45:19,Coca-Cola  ( KO )  Ascends While Market Falls: Some Facts to Note,https://www.zacks.com/stock/news/2258043/coca-cola-ko-ascends-while-market-falls-some-facts-to-note,"Coca-Cola (KO) concluded the recent trading session at $58.91, signifying a +0.68% move from its prior day's close.",www.zacks.com,0.172534,Somewhat-Bullish,KO,0.603594,0.311959,Somewhat-Bullish
2024-04-19 04:00:00,All The Records Taylor Swift's 'The Tortured Poets Department' Has Already Broken Or Could Break,https://www.forbes.com/sites/tonifitzgerald/2024/04/19/all-the-records-taylor-swifts-the-tortured-poets-department-has-already-broken-or-could-break/,"Just how hyped are people about the release of Taylor Swift's The Tortured Poets Department, which dropped at midnight on April 19? Even before the album's release, Swift's latest effort had already broken records, and it's poised to smash many more during its first week out.",www.forbes.com,0.256701,Somewhat-Bullish,KO,0.052112,0.225945,Somewhat-Bullish
2024-04-19 06:00:00,Invitation to BTS Q1 2024 presentation and conference call,https://www.globenewswire.com/news-release/2024/04/19/2865948/0/en/Invitation-to-BTS-Q1-2024-presentation-and-conference-call.html,P R E S S R E L E A S E ...,www.globenewswire.com,0.225261,Somewhat-Bullish,KO,0.151539,-0.096913,Neutral
2024-04-19 08:45:00,"Warren Buffett Has Over $10 Billion Invested in 7 Stocks. Here's the Best Stock to Buy Right Now, According to Wall Street.",https://www.fool.com/investing/2024/04/19/warren-buffett-10-billion-7-stocks-best-buy-now/,"Warren Buffett's Berkshire Hathaway has a significant stake in Apple, Bank of America, American Express, Coca-Cola, Chevron, Occidental Petroleum, and Kraft Heinz.",www.fool.com,0.2248,Somewhat-Bullish,KO,0.045655,0.105418,Neutral
2024-04-19 09:06:00,68% of Warren Buffett's $372 Billion Portfolio Is Invested in Just 4 Stocks,https://www.fool.com/investing/2024/04/19/68-warren-buffett-portfolio-invested-in-4-stocks/,"A whopping $253 billion of Berkshire Hathaway's $372 billion investment portfolio can be traced back to four brand-name, time-tested stocks.",www.fool.com,0.285931,Somewhat-Bullish,KO,0.198106,0.24488,Somewhat-Bullish
2024-04-19 10:24:00,MMA INNOVATE 2024: THE MOST ANTICIPATED MARTECH EXHIBITION AND CONFERENCE HAS RETURNED,https://www.prnewswire.com/apac/news-releases/mma-innovate-2024-the-most-anticipated-martech-exhibition-and-conference-has-returned-302121988.html,"Following the success of the first-ever MMA INNOVATE event in 2023, MMA INNOVATE 2024 promises to once again ignite the Martech landscape in Vietnam. The event is expected to gather over 3,000 attendees and provide unlimited opportunities for networking, collaboration, and knowledge sharing.",www.prnewswire.com,0.541338,Bullish,KO,0.045655,0.246236,Somewhat-Bullish
2024-04-19 12:22:00,1 Warren Buffett ETF to Buy and Hold Forever,https://www.fool.com/investing/2024/04/19/1-warren-buffett-etf-to-buy-and-hold-forever/,It has rock-bottom costs and delivers instant income to its shareholders.,www.fool.com,0.352318,Bullish,KO,0.265378,0.275228,Somewhat-Bullish
2024-04-19 13:00:00,"White River Bancshares Co. Earns $509,000, or $0.51 Per Diluted Share, in First Quarter 2024; Highlighted by Higher Net Interest Income and Double Digit Loan and Deposit Growth Year-Over-Year",https://www.globenewswire.com/news-release/2024/04/19/2866167/0/en/White-River-Bancshares-Co-Earns-509-000-or-0-51-Per-Diluted-Share-in-First-Quarter-2024-Highlighted-by-Higher-Net-Interest-Income-and-Double-Digit-Loan-and-Deposit-Growth-Year-Over.html,"FAYETTEVILLE, Ark., April 19, 2024 ( GLOBE NEWSWIRE ) -- White River Bancshares Company ( OTCQX: WRIV ) , ( the ""Company"" ) the holding company for Signature Bank of Arkansas ( the ""Bank"" ) , today reported net income of $509,000, or $0.51 per diluted share, in the first quarter of 2024, ...",www.globenewswire.com,0.246729,Somewhat-Bullish,KO,0.017729,0.117576,Neutral
2024-04-19 14:00:00,"HGTV SMART HOME GIVEAWAY 2024 IN ATLANTA, GEORGIA, NOW OPEN FOR ENTRIES",https://www.benzinga.com/pressreleases/24/04/n38335112/hgtv-smart-home-giveaway-2024-in-atlanta-georgia-now-open-for-entries,"The Winner Will Receive a Prize Package Valued at Over $1 Million NEW YORK, April 19, 2024 /PRNewswire/ -- Beginning at 9 a.m. ET today, April 19, 2024, through 5 p.m. ET on June 10, 2024, fans can enter for their chance to win the HGTV® Smart Home 2024 located in Atlanta, Georgia.",www.benzinga.com,0.507859,Bullish,KO,0.05257,0.32299,Somewhat-Bullish
2024-04-19 16:46:03,PepsiCo's Options Frenzy: What You Need to Know - PepsiCo  ( NASDAQ:PEP ) ,https://www.benzinga.com/insights/options/24/04/38338735/pepsicos-options-frenzy-what-you-need-to-know,"Deep-pocketed investors have adopted a bearish approach towards PepsiCo PEP, and it's something market players shouldn't ignore. Our tracking of public options records at Benzinga unveiled this significant move today.",www.benzinga.com,0.225948,Somewhat-Bullish,KO,0.083833,0.163102,Somewhat-Bullish
2024-04-20 07:20:00,3 Stocks That Could Create Lasting Generational Wealth,https://www.fool.com/investing/2024/04/20/3-stocks-could-create-lasting-generational-wealth/,"These are boring companies, but boring can be powerful when you look to create wealth that lasts for generations.",www.fool.com,0.286866,Somewhat-Bullish,KO,0.327987,0.241555,Somewhat-Bullish
2024-04-20 07:52:00,1 Warren Buffett Stock That Could Go Parabolic in 2024,https://www.fool.com/investing/2024/04/20/warren-buffett-stock-could-go-parabolic-2024/,Investors should pay more attention to this little digital bank.,www.fool.com,0.18362,Somewhat-Bullish,KO,0.07446,0.119117,Neutral
2024-04-20 08:33:43,Billionaire's Snack Flagship Changes Growth Recipe As China Pace Slows,https://www.forbes.com/sites/russellflannery/2024/04/20/billionaires-snack-flagship-changes-growth-recipe-as-china-pace-slows/,"It was the 1980s: the Cold War was winding down, China's economic reforms were gathering steam, and Chinese consumers had more money for treats. Tsai Eng-Meng, the new leader of family-run I Lan Foods of Taiwan, had set his sights on a growth item: chips made from rice four. He hit it big.",www.forbes.com,0.178166,Somewhat-Bullish,KO,0.025651,0.04912,Neutral
2024-04-20 10:12:00,Better Dividend Stock Buy: Apple vs. Coca-Cola,https://www.fool.com/investing/2024/04/20/better-dividend-stock-buy-apple-vs-coca-cola/,The choice isn't as clear-cut as you might think.,www.fool.com,0.424549,Bullish,KO,0.252987,0.372663,Bullish
2024-04-20 20:00:00,Want a Million-Dollar Retirement Fund? Investing $300 per Month in This Magnificent ETF Could Get You There,https://www.fool.com/investing/2024/04/20/million-dollar-retirement-fund-investing-etf/,It's simpler than you might think to retire a millionaire.,www.fool.com,0.201852,Somewhat-Bullish,KO,0.057767,0.050961,Neutral
2024-04-20 20:12:00,Is Berkshire Hathaway Stock a Buy?,https://www.fool.com/investing/2024/04/20/is-berkshire-hathaway-stock-a-buy/,Investing alongside Buffett isn't cheap today.,www.fool.com,0.262463,Somewhat-Bullish,KO,0.067919,0.071591,Neutral
2024-04-21 09:49:00,Why Warren Buffett Has 68% of Berkshire Hathaway's $361 Billion Portfolio Invested in Only 4 Stocks,https://www.fool.com/investing/2024/04/21/warren-buffett-berkshire-hathaway-portfolio-stocks/,The Oracle of Omaha has good reasons for putting so much of Berkshire's money in a handful of stocks.,www.fool.com,0.314235,Somewhat-Bullish,KO,0.303175,0.243635,Somewhat-Bullish
2024-04-21 11:04:00,I felt a lack of direction after I retired from being a CEO. Then I found a new career as a model at age 63.,https://www.businessinsider.com/former-ceo-became-model-after-retirement-at-age-63-2024-4,"Former CEO became a model at age 63, found success - Business Insider ...",www.businessinsider.com,0.168056,Somewhat-Bullish,KO,0.055751,-0.056993,Neutral
2024-04-21 11:40:00,Will AMD Be a Trillion-Dollar Stock by 2030?,https://www.fool.com/investing/2024/04/21/will-amd-be-a-trillion-dollar-stock-by-2030-41/,"AMD has enjoyed a terrific run, but can it really top $1 trillion by 2030?",www.fool.com,0.208117,Somewhat-Bullish,KO,0.068306,0.0,Neutral
2024-04-22 13:50:00,Are These 4 Beverage Stocks Poised to Hit Q1 Earnings Targets?,https://www.zacks.com/stock/news/2259372/are-these-4-beverage-stocks-poised-to-hit-q1-earnings-targets,"Players in the beverage industry are expected to have witnessed positive trends from expanded digital platforms and strong demand for innovative products in the to-be-reported quarter. Inflationary cost pressures, particularly higher input costs, are likely to have hurt.",www.zacks.com,0.225089,Somewhat-Bullish,KO,0.02866,-0.12979,Neutral
2024-04-22 18:10:00,The S&P 500 Is Near Its Record High: Here's What Warren Buffett Is Doing,https://www.fool.com/investing/2024/04/22/the-sp-500-is-near-its-record-high-heres-what-warr/,"While investors chase opportunities in the market, Warren Buffett has been doing something else.",www.fool.com,0.348236,Somewhat-Bullish,KO,0.045743,0.0,Neutral
2024-04-22 20:05:00,SAP Announces Q1 2024 Results,https://www.prnewswire.com/news-releases/sap-announces-q1-2024-results-302123716.html,"• Cloud revenue up 24% and up 25% at constant currencies, supported by 32% Cloud ERP Suite revenue growth at constant currencies • Current cloud backlog of €14.2 billion, up 27% and up 28% at constant currencies • IFRS cloud gross profit up 27%, non-IFRS cloud gross profit up 27% and up 28% at ...",www.prnewswire.com,0.265523,Somewhat-Bullish,KO,0.018187,0.083376,Neutral
2024-04-23 10:15:00,3 Super-Safe Stocks That Could Reach 70 Consecutive Years of Dividend Raises By 2032,https://www.fool.com/investing/2024/04/23/3-safe-dividend-stocks-70-consecutive-raise-2032/,"When it comes to reliable passive income, these three dividend-paying companies are best in breed.",www.fool.com,0.316094,Somewhat-Bullish,KO,0.13409,0.001235,Neutral
2024-04-23 10:49:21,"3 Warren Buffett Dividend Stocks Analysts Predict Will Grow By As Much As 19% - Coca-Cola  ( NYSE:KO ) , American Express  ( NYSE:AXP ) ",https://www.benzinga.com/general/24/04/38374698/3-warren-buffett-dividend-stocks-analysts-predict-will-grow-by-as-much-as-19,"Warren Buffett, with a formidable net worth exceeding $130 billion, remains a titan of investment. His acumen for selecting robust stocks has cultivated decades of trust and admiration.",www.benzinga.com,0.403718,Bullish,KO,0.31482,0.289424,Somewhat-Bullish
2024-04-23 11:10:05,PepsiCo  ( PEP )  Q1 Earnings and Revenues Beat Estimates,https://www.zacks.com/stock/news/2259777/pepsico-pep-q1-earnings-and-revenues-beat-estimates,"PepsiCo (PEP) delivered earnings and revenue surprises of 5.92% and 0.62%, respectively, for the quarter ended March 2024. Do the numbers hold clues to what lies ahead for the stock?",www.zacks.com,0.168702,Somewhat-Bullish,KO,0.138464,0.0,Neutral
2024-04-23 13:00:15,Here is What to Know Beyond Why CocaCola Company  ( The )   ( KO )  is a Trending Stock,https://www.zacks.com/stock/news/2259884/here-is-what-to-know-beyond-why-cocacola-company-the-ko-is-a-trending-stock,"Coke (KO) has received quite a bit of attention from Zacks.com users lately. Therefore, it is wise to be aware of the facts that can impact the stock's prospects.",www.zacks.com,0.241772,Somewhat-Bullish,KO,0.104002,0.076203,Neutral
2024-04-23 13:09:00,3 Consumer Staples Mutual Funds to Counter Market Volatility,https://www.zacks.com/stock/news/2259917/3-consumer-staples-mutual-funds-to-counter-market-volatility,"Consider investing in consumer staple mutual funds like FDAGX, FDFAX and FDIGX for stability in uncertain times.",www.zacks.com,0.08683,Neutral,KO,0.199584,0.077059,Neutral
2024-04-23 13:30:00,The Coca-Cola Company and Microsoft announce five-year strategic partnership to accelerate cloud and generative AI initiatives,https://www.prnewswire.com/news-releases/the-coca-cola-company-and-microsoft-announce-five-year-strategic-partnership-to-accelerate-cloud-and-generative-ai-initiatives-302124306.html,The Coca-Cola Company and Microsoft announce five-year strategic partnership to accelerate cloud and generative AI ... PR ...,www.prnewswire.com,0.387359,Bullish,KO,0.547774,0.458594,Bullish
2024-04-23 14:01:00,Coca-Cola  ( KO )  Earnings Expected to Grow: What to Know Ahead of Next Week's Release,https://www.zacks.com/stock/news/2260248/coca-cola-ko-earnings-expected-to-grow-what-to-know-ahead-of-next-weeks-release,Coke (KO) doesn't possess the right combination of the two key ingredients for a likely earnings beat in its upcoming report. Get prepared with the key expectations.,www.zacks.com,0.124187,Neutral,KO,0.087027,0.07695,Neutral
2024-04-23 15:21:00,How Much Will Coca-Cola Pay in Dividends This Year?,https://www.fool.com/investing/2024/04/23/how-much-will-coca-cola-pay-in-dividends-this-year/,Coca-Cola's storied dividend has been increasing for decades.,www.fool.com,0.303144,Somewhat-Bullish,KO,0.59016,0.345481,Somewhat-Bullish
2024-04-23 16:28:00,"PepsiCo  ( PEP )  Q1 Earnings & Sales Beat, International Unit Aids",https://www.zacks.com/stock/news/2260538/pepsico-pep-q1-earnings-sales-beat-international-unit-aids,"PepsiCo's (PEP) Q1 results reflect strong momentum across its international business, driven by at least high-single-digit organic revenue growth in all its international regions.",www.zacks.com,0.253897,Somewhat-Bullish,KO,0.108794,0.080702,Neutral
2024-04-23 16:45:04,3 Reasons Why Growth Investors Shouldn't Overlook Coca-Cola FEMSA  ( KOF ) ,https://www.zacks.com/stock/news/2260519/3-reasons-why-growth-investors-shouldnt-overlook-coca-cola-femsa-kof,"Coca-Cola FEMSA (KOF) is well positioned to outperform the market, as it exhibits above-average growth in financials.",www.zacks.com,0.448263,Bullish,KO,0.439786,0.379995,Bullish
2024-04-23 16:58:00,"Microsoft is blocking employee access to Perplexity AI, one of its largest Azure OpenAI customers",https://www.businessinsider.com/microsoft-blocking-perplexity-ai-employee-access-2024-4,Microsoft Has Started Blocking Employee Access to Perplexity AI - Business Insider ...,www.businessinsider.com,-0.165753,Somewhat-Bearish,KO,0.121037,0.055499,Neutral
2024-04-23 18:11:27,"PepsiCo Q1 Earnings And Revenues Beat Estimates - Coca-Cola  ( NYSE:KO ) , PepsiCo  ( NASDAQ:PEP ) ",https://www.benzinga.com/news/earnings/24/04/38377701/pepsico-q1-earnings-and-revenues-beat-estimates,"PepsiCo PEP came out with quarterly earnings of $1.61 per share, beating the Zacks Consensus Estimate of $1.52 per share. This compares to earnings of $1.50 per share a year ago. These figures are adjusted for non-recurring items. This quarterly report represents an earnings surprise of 5.92%.",www.benzinga.com,0.182676,Somewhat-Bullish,KO,0.135347,0.0,Neutral
2024-04-24 09:35:00,America generates 40 million tons of plastic waste a year - and it can't be recycled,https://www.businessinsider.com/plastic-recycling-problem-america-waste-pyrolysis-big-oil-china-2024-4,America's Plastic Catastrophe: Most Waste Can't Be Recycled - Business Insider ...,www.businessinsider.com,-0.065005,Neutral,KO,0.019163,0.13164,Neutral
2024-04-24 10:04:00,What's in Berkshire Hathaway's Portfolio? Here's a Quick Rundown.,https://www.fool.com/investing/2024/04/24/whats-in-berkshire-hathaways-portfolio/,Billionaire investors are one resource when doing research for your own portfolio moves.,www.fool.com,0.188222,Somewhat-Bullish,KO,0.113062,0.077273,Neutral
2024-04-24 10:36:10,Coca‑Cola pours $1.1B into generative AI experiment with Microsoft,https://cointelegraph.com/news/coca-cola-1-1-b-generative-ai-microsoft,Microsoft intends to use services like Azure OpenAI Service and Copilot for Microsoft 365 to help drive AI innovation for the Coca‑Cola Company and its network of independent bottlers worldwide.,cointelegraph.com,0.190327,Somewhat-Bullish,KO,0.47672,0.274493,Somewhat-Bullish
2024-04-24 12:45:00,"The Zacks Analyst Blog Highlights Meta Platforms, Elevance Health, Canadian Natural Resources, The Coca-Cola and The Progressive",https://www.zacks.com/stock/news/2261159/the-zacks-analyst-blog-highlights-meta-platforms-elevance-health-canadian-natural-resources-the-coca-cola-and-the-progressive,"Meta Platforms, Elevance Health, Canadian Natural Resources, The Coca-Cola and The Progressive are part of the Zacks top Analyst ...",www.zacks.com,0.311441,Somewhat-Bullish,KO,0.133841,0.03675,Neutral
2024-04-24 14:45:00,3 High-Yielding Dividend Stocks That Can Help Bankroll Your Retirement Years,https://www.fool.com/investing/2024/04/24/3-high-yielding-dividend-stocks-that-can-help-bank/,These stocks yield between 3.2% and 7.7% in dividends.,www.fool.com,0.366009,Bullish,KO,0.344074,0.279018,Somewhat-Bullish
2024-04-24 15:00:00,What's in Store for Microsoft ETFs This Earnings Season?,https://www.zacks.com/stock/news/2261397/whats-in-store-for-microsoft-etfs-this-earnings-season,"Microsoft (MSFT) has been caught in a spree of heavy technology sector sell-off in recent weeks, erasing most of its gains made this year. There might be gains in store if MSFT comes up with an earnings beat as demand for generative AI will continue to fuel cloud business.",www.zacks.com,0.236805,Somewhat-Bullish,KO,0.035929,0.019492,Neutral
2024-04-24 15:40:00,"AUGMENTED WORLD EXPO UNVEILS XR HALL OF FAME, XR HISTORY MUSEUM",https://www.benzinga.com/pressreleases/24/04/n38409268/augmented-world-expo-unveils-xr-hall-of-fame-xr-history-museum,"To Celebrate its 15th Anniversary, AWE will Be Honoring 101 XR Pioneers and Welcoming Visitors to an XR History Museum Featuring Over 80 Vintage AR and VR devices LONG BEACH, Calif., April 24, 2024 /PRNewswire/ -- The future of XR depends on its past.",www.benzinga.com,0.448682,Bullish,KO,0.032425,0.28422,Somewhat-Bullish
2024-04-24 21:45:16,Coca-Cola  ( KO )  Exceeds Market Returns: Some Facts to Consider,https://www.zacks.com/stock/news/2261654/coca-cola-ko-exceeds-market-returns-some-facts-to-consider,"In the most recent trading session, Coca-Cola (KO) closed at $61.55, indicating a +1.5% shift from the previous trading day.",www.zacks.com,0.144942,Neutral,KO,0.472338,0.195342,Somewhat-Bullish
2024-04-25 05:55:36,Spotting AI Washing: How Companies Overhype Artificial Intelligence,https://www.forbes.com/sites/bernardmarr/2024/04/25/spotting-ai-washing-how-companies-overhype-artificial-intelligence/,"Although I firmly believe AI is a hugely transformative technology that will change the world in many ways, it's also clear that there is a lot of hype and hot air around the subject! It's something that inevitably occurs with any exciting technology, particularly when there's a lot of money to ...",www.forbes.com,0.099425,Neutral,KO,0.044718,-0.016905,Neutral
2024-04-25 10:49:08,Pepsi Tops Estimates Despite A Weakened Domestic Market - PepsiCo  ( NASDAQ:PEP ) ,https://www.benzinga.com/24/04/38425688/pepsi-tops-estimates-despite-a-weakened-domestic-market,"On Tuesday, Pepsi Co Inc PEP showed it managed to navigate weaker U.S. demand that was the result of Quaker Oats recalls and backlash to higher prices for its drinks and snacks.",www.benzinga.com,0.089348,Neutral,KO,0.47672,0.511339,Bullish
2024-04-25 11:34:53,"Matcha Kit Kat, Cherry Cola And More: Are You Adventurous Enough To Try These 5 Variations Of Your Favorite Snack?",https://www.benzinga.com/general/entertainment/24/04/38427292/matcha-kit-kat-cherry-cola-and-more-are-you-adventurous-enough-to-try-these-5-variations-of,"Are you tired of the same old snacks filling your pantry shelves? Sometimes, a little change can add a delightful twist to your daily nibbles. From the earthy tones of Matcha Kit Kat to the fizzy kick of Cherry Cola, we're diving into some of the most audacious snack alternatives out there.",www.benzinga.com,0.393274,Bullish,KO,0.085022,0.21672,Somewhat-Bullish
2024-04-25 12:05:00,Is Coca-Cola a No-Brainer Dividend Stock to Buy While It's Below $65?,https://www.fool.com/investing/2024/04/25/coca-cola-no-brainer-dividend-stock-buy-below-65/,This business has been a favorite of Warren Buffett's for quite some time.,www.fool.com,0.237842,Somewhat-Bullish,KO,0.486857,0.360075,Bullish
2024-04-25 12:48:00,The emoji® Brand Extends Relationship with Unis Technology for Groundbreaking emojiplanet™ Entertainment Centers,https://www.benzinga.com/pressreleases/24/04/n38430055/the-emoji-brand-extends-relationship-with-unis-technology-for-groundbreaking-emojiplanet-entertain,"HAMBURG, Germany, April 25, 2024 /PRNewswire/ -- In a landmark collaboration, The emoji company GmbH, in partnership with UNIS Technology Ltd., has announced the development of emoji® branded entertainment centers, under the brand name emojiplanet™.",www.benzinga.com,0.441533,Bullish,KO,0.07446,0.155599,Somewhat-Bullish
2024-04-25 13:15:00,Here Are My Top 5 Dividend Kings to Buy Right Now,https://www.fool.com/investing/2024/04/25/here-are-my-top-5-dividend-kings-to-buy-right-now/,"Dividend Kings are hard to come by, but these five stocks offer investors some great passive income opportunities.",www.fool.com,0.319823,Somewhat-Bullish,KO,0.103035,0.270812,Somewhat-Bullish
2024-04-25 13:15:24,Stay Ahead of the Game With Coke  ( KO )  Q1 Earnings: Wall Street's Insights on Key Metrics,https://www.zacks.com/stock/news/2262075/stay-ahead-of-the-game-with-coke-ko-q1-earnings-wall-streets-insights-on-key-metrics,"Evaluate the expected performance of Coke (KO) for the quarter ended March 2024, looking beyond the conventional Wall Street top-and-bottom-line estimates and examining some of its key metrics for better insight.",www.zacks.com,0.157021,Somewhat-Bullish,KO,0.132733,0.074614,Neutral
2024-04-25 13:56:55,Will war snuff out the Gulf's global business ambitions?,https://www.economist.com/business/2024/04/25/will-war-snuff-out-the-gulfs-global-business-ambitions,"I to be the new Middle East: a quieter, neutral entrepot where Arabs and Jews, Shia Iranians and Sunni Arabs, Americans, Chinese and even Russians could all rub along in the common pursuit of profit.",www.economist.com,-0.088595,Neutral,KO,0.0428,0.000995,Neutral
2024-04-25 14:02:15,Monster Beverage  ( MNST )  Earnings Expected to Grow: Should You Buy?,https://www.zacks.com/stock/news/2262300/monster-beverage-mnst-earnings-expected-to-grow-should-you-buy,Monster Beverage (MNST) doesn't possess the right combination of the two key ingredients for a likely earnings beat in its upcoming report. Get prepared with the key expectations.,www.zacks.com,0.145193,Neutral,KO,0.087663,0.074166,Neutral
2024-04-25 14:15:00,Have $500? 4 Absurdly Cheap Stocks Long-Term Investors Should Buy Right Now,https://www.fool.com/investing/2024/04/25/5-absurdly-cheap-stocks-long-term-investors-should/,These stocks are great buys after underperforming the broader indexes in recent months.,www.fool.com,0.250692,Somewhat-Bullish,KO,0.1172,0.045565,Neutral
2024-04-25 15:19:00,Keurig  ( KDP )  Stock Gains as Q1 Earnings & Sales Top Estimates,https://www.zacks.com/stock/news/2262591/keurig-kdp-stock-gains-as-q1-earnings-sales-top-estimates,"Keurig's (KDP) Q1 results reflect strong brand momentum, as evident from market share growth across regions and elasticity across most categories. Improved net price realization also aids results.",www.zacks.com,0.198099,Somewhat-Bullish,KO,0.142284,0.091519,Neutral
2024-04-25 23:30:13,Alphabet  ( GOOGL )  Q1 2025 Earnings Call Transcript,https://www.fool.com/earnings/call-transcripts/2024/04/25/alphabet-googl-q1-2025-earnings-call-transcript/,"GOOGL earnings call for the period ending March 31, 2024.",www.fool.com,0.310817,Somewhat-Bullish,KO,0.00494,0.048975,Neutral
2024-04-26 01:45:19,Microsoft  ( MSFT )  Q3 2024 Earnings Call Transcript,https://www.fool.com/earnings/call-transcripts/2024/04/25/microsoft-msft-q3-2024-earnings-call-transcript/,"MSFT earnings call for the period ending March 31, 2024.",www.fool.com,0.283572,Somewhat-Bullish,KO,0.004534,0.127096,Neutral
2024-04-26 07:00:00,Coca-Cola Femsa ADR Meets 80-Plus Relative Strength Rating Benchmark,https://www.investors.com/ibd-data-stories/coca-cola-femsa-adr-meets-80-plus-relative-strength-rating-benchmark/,"On Friday, Coca-Cola Femsa ADR ( KOF ) cleared a noteworthy performance benchmark, seeing its Relative Strength ( RS ) Rating jump into the 80-plus percentile with an improvement to 82, up from 77 the day before.",www.investors.com,0.353352,Bullish,KO,0.366061,0.521264,Bullish
2024-04-26 13:25:00,Microsoft  ( MSFT )  Q3 Earnings & Revenues Beat on Cloud Strength,https://www.zacks.com/stock/news/2263402/microsoft-msft-q3-earnings-revenues-beat-on-cloud-strength,"Microsoft's (MSFT) third-quarter fiscal 2024 results reflect strength in the Azure business and Office 365, boosted by growing AI Copilot business.",www.zacks.com,0.214596,Somewhat-Bullish,KO,0.014612,0.021764,Neutral
2024-04-26 15:04:00,Boston Beer  ( SAM )  Stock Rallies on Q1 Earnings & Revenue Beat,https://www.zacks.com/stock/news/2263529/boston-beer-sam-stock-rallies-on-q1-earnings-revenue-beat,"Boston Beer's (SAM) Q1 results reflect gains from pricing actions, improved volumes, a rise in shipments, lower occupancy costs and robust margins.",www.zacks.com,0.167194,Somewhat-Bullish,KO,0.117104,0.083064,Neutral
2024-04-26 17:18:00,Newell  ( NWL )  Earnings Surpass Estimates in Q1 Sales Dip Y/Y,https://www.zacks.com/stock/news/2263605/newell-nwl-earnings-surpass-estimates-in-q1-sales-dip-yy,"Newell (NWL) reports a sales decline in first-quarter 2024, owing to a core sales drop of 4.7% year over year.",www.zacks.com,0.021617,Neutral,KO,0.159218,0.098036,Neutral
2024-04-26 22:17:00,"Apple, Amazon, Big Pharma And The Fed: Investing Action Plan",https://www.investors.com/research/investing-action-plan/stock-market-apple-amazon-big-pharma-the-fed/,"A Big Week For The Stock Market: Apple, Amazon, Big Pharma And The Fed Investor's Business Daily ...",www.investors.com,0.189522,Somewhat-Bullish,KO,0.103035,0.0,Neutral
2024-04-27 07:56:00,Is It Too Late to Buy Berkshire Hathaway Stock?,https://www.fool.com/investing/2024/04/27/is-it-too-late-to-buy-berkshire-hathaway-stock/,"Warren Buffett's Berkshire Hathaway is a giant conglomerate, more like an actively managed mutual fund than a traditional corporation.",www.fool.com,0.174991,Somewhat-Bullish,KO,0.099271,0.102876,Neutral
2024-04-27 12:00:00,Columbia student protestors are demanding 'divestment.' Here's what the university has divested from in the past | Business,https://www.cnn.com/2024/04/27/business/columbia-history-divestment-student-protests/index.html,Columbia student protesters are demanding divestment. Here's what the university has divested from in the past ...,www.cnn.com,-0.004819,Neutral,KO,0.0378,-0.011536,Neutral
2024-04-27 18:18:00,Kyle Larson's Indianapolis 500 qualifying attempt could derail NASCAR All-Star plans,https://apnews.com/article/nascar-dover-cup-larson-1c40e0566d030fd1ca3e4eb7f8c64a79,"DOVER, Del. ( AP ) - Kyle Larson ran into his first speed bump in his busy May. Larson next month will become the fifth driver in history to attempt to complete "" "" and run 1,100 miles in one day, starting with the Indianapolis 500 in an Indy car and then flying to Charlotte to drive in the ...",apnews.com,0.095122,Neutral,KO,0.038223,0.0,Neutral
2024-04-28 08:10:00,Almost Half of Warren Buffett's $374 Billion Portfolio Is Invested in Only 1 Stock,https://www.fool.com/investing/2024/04/28/half-warren-buffett-portfolio-1-stock/,The Oracle of Omaha has an eye for superior businesses.,www.fool.com,0.258549,Somewhat-Bullish,KO,0.063425,0.183738,Somewhat-Bullish
2024-04-28 10:08:00,"Here's what 93-year-old Warren Buffett and YouTuber Ryan Trahan, 25, have in common",https://www.businessinsider.com/warren-buffett-ryan-trahan-youtube-penny-challenge-investing-wealth-money-2024-4,Here's what Warren Buffett has in common with YouTuber Ryan Trahan - Business Insider ...,www.businessinsider.com,0.290285,Somewhat-Bullish,KO,0.067158,0.15428,Somewhat-Bullish
2024-04-28 11:00:00,Earnings And Artificial Intelligence Save Stocks Despite Inflation,https://www.forbes.com/sites/bill_stone/2024/04/28/earnings-and-artificial-intelligence-save-stocks-despite-inflation/,"The pace of earnings picked up steam last week, with 159 S&P 500 companies reporting, and will be followed by the busiest week with 175 scheduled to report. After the relative drag from bank and healthcare earnings over the previous weeks, the more diversified company mix boosted earnings ...",www.forbes.com,0.111837,Neutral,KO,0.098456,0.0,Neutral
2024-04-28 11:30:00,What is divestment? And does it work? | Business,https://www.cnn.com/2024/04/28/investing/stocks-lookahead-divestment-college-protests/index.html,What is divestment? And does it work? ...,www.cnn.com,-0.038818,Neutral,KO,0.032078,0.124953,Neutral
2024-04-28 12:19:00,Charlie Munger: What You Can Learn From the Life of Warren Buffett's Business Partner,https://www.fool.com/investing/2024/04/28/charlie-munger-what-you-can-learn-from-the-life-of/,Following the example of Charlie Munger can lead to many positive outcomes in your life.,www.fool.com,0.319851,Somewhat-Bullish,KO,0.055881,0.199999,Somewhat-Bullish
2024-04-28 23:09:00,Denny Hamlin holds off Larson late to win NASCAR Cup race at Dover Motor Speedway,https://apnews.com/article/nascar-dover-d6973dd55dad439a5cdfb96299aa5513,"DOVER, Del. ( AP ) - Denny Hamlin called his shot ahead of Dover, guaranteeing a win on his podcast, then followed through on his bold boast that would have made the Bambino proud and held off Kyle Larson down the stretch to park his Toyota in victory lane.",apnews.com,0.222403,Somewhat-Bullish,KO,0.045482,0.025437,Neutral
2024-04-29 08:28:00,"Tesla, Alphabet, SoFi, Paramount, Apple, Domino's, and More Stock Market Movers",https://www.barrons.com/amp/articles/stock-market-movers-4c54f840,"Tesla, Alphabet, Fulton Financial, SoFi, Apple, Amazon, and More Stock Market Movers ...",www.barrons.com,0.083564,Neutral,KO,0.06515,-0.057048,Neutral
2024-04-29 08:41:00,Meet the 8 Phenomenal Stocks Warren Buffett Plans to Hold Forever,https://www.fool.com/investing/2024/04/29/8-phenomenal-stocks-warren-buffett-hold-forever/,"Although Berkshire Hathaway's $373 billion portfolio contains 45 stocks and two index funds, not all of the Oracle of Omaha's holdings are equal.",www.fool.com,0.193983,Somewhat-Bullish,KO,0.255307,0.199381,Somewhat-Bullish
2024-04-29 09:50:00,Prediction: This Will Be Warren Buffett's Second Biggest Holding After Apple by 2027,https://www.fool.com/investing/2024/04/29/prediction-warren-buffett-apple-2027/,The ingredients could be in place for one stock to replace Bank of America as Buffett's second largest holding.,www.fool.com,0.162265,Somewhat-Bullish,KO,0.171688,0.021252,Neutral
2024-04-29 11:35:00,This Warren Buffett Dividend King Stock Just Invested $1.1 Billion Into Artificial Intelligence  ( AI ) ,https://www.fool.com/investing/2024/04/29/this-warren-buffett-dividend-king-stock-just-inves/,Coca-Cola is bringing AI to the beverage sector.,www.fool.com,0.428153,Bullish,KO,0.6979,0.676593,Bullish
2024-04-29 12:15:00,Warren Buffett Owns Over $2 Billion of This Forever Stock: Is It a No-Brainer Buy After Another Stellar Quarter?,https://www.fool.com/investing/2024/04/29/warren-buffett-forever-stock-no-brainer-buy/,There aren't many businesses that are higher quality than this one.,www.fool.com,0.230271,Somewhat-Bullish,KO,0.064797,0.199428,Somewhat-Bullish
2024-04-29 13:51:04,Microsoft Tops Estimates Across Its Business But Signals Near-Term Capacity Challenges - Microsoft  ( NASDAQ:MSFT ) ,https://www.benzinga.com/news/24/04/38491177/microsoft-tops-estimates-across-its-business-but-signals-near-term-capacity-challenges,"On Thursday, Microsoft Corporation MSFT issued its third quarter earnings report. Year to date, Microsoft shares are 10% up, behind its tech rivals, Google parent Alphabet GOOGGOOGL and Amazon.com Inc AMZN that are 15% and 22% up, respectively, with the three locked in a battle to show who can ...",www.benzinga.com,0.121375,Neutral,KO,0.212115,0.205581,Somewhat-Bullish
2024-04-29 14:45:52,Apartheid to fossil fuels: Columbia's history of divestment before Gaza,https://www.aljazeera.com/news/2024/4/29/apartheid-to-fossil-fuels-columbias-history-of-divestment-before-gaza,"The US university at the centre of protests against Israel's Gaza war has a tradition of student action bringing change. As the roar of protests against Israel's war on Gaza grows louder on campuses across the United States, a key demand has taken centre stage: divestment.",www.aljazeera.com,0.01203,Neutral,KO,0.048523,0.0,Neutral
2024-04-29 14:47:00,Dow Jones Up As Warren Buffett Stocks Eye Entries; Elon Musk Makes This AI Boast,https://www.investors.com/market-trend/stock-market-today/dow-jones-nasdaq-sp500-warren-buffett-elon-musk-tesla/,Dow Jones Up As Warren Buffett Stocks Eye Entries. Elon Musk Makes This AI Boast Investor's Business Daily ...,www.investors.com,0.1925,Somewhat-Bullish,KO,0.072545,0.068002,Neutral
2024-04-29 16:03:00,Scripps appoints Seth Walters to steer connected TV sales strategy - PR Newswire,https://www.prnewswire.com/news-releases/scripps-appoints-seth-walters-to-steer-connected-tv-sales-strategy-302130164.html,Scripps appoints Seth Walters to steer connected TV sales strategy PR ...,www.prnewswire.com,0.234092,Somewhat-Bullish,KO,0.073546,-0.01021,Neutral
2024-04-29 16:08:00,Is Coca-Cola  ( KO )  a Good Buy Option Just Before Q1 Earnings?,https://www.zacks.com/stock/news/2264420/is-coca-cola-ko-a-good-buy-option-just-before-q1-earnings,"Coca-Cola's (KO) market position, innovation and digital growth initiatives, along with solid business momentum, supported by robust consumer demand, place it well ahead of Q1 earnings.",www.zacks.com,0.284988,Somewhat-Bullish,KO,0.614697,0.462646,Bullish
2024-04-29 17:23:40,Coca-Cola Q1 Earnings Preview: Will Beverage Giant Beat Revenue Estimates For 13th Straight Quarter? - Coca-Cola  ( NYSE:KO ) ,https://www.benzinga.com/trading-ideas/previews/24/04/38498398/coca-cola-q1-earnings-preview-will-beverage-giant-beat-revenue-estimates-for-13th-straight,"Beverage giant Coca-Cola Co KO will report first-quarter financial results before market open Tuesday, April 30, 2024. Here are the earnings estimates and key items to watch ahead of the report. Earnings Estimates: Analysts expect Coca-Cola to report first-quarter revenue of $11.01 billion ...",www.benzinga.com,0.110778,Neutral,KO,0.839757,0.239429,Somewhat-Bullish
2024-04-29 18:06:36,"Coca Cola gears up for IPO of $8 billion African bottling arm, says report",https://www.business-standard.com/world-news/coca-cola-gears-up-for-ipo-of-8-billion-african-bottling-arm-says-report-124042901343_1.html,"The company in 2021 had said it was planning to list CCBA in 18 months, with primary listing in Amsterdam and a secondary listing on the Johannesburg Stock Exchange ( JSE ) .",www.business-standard.com,0.002373,Neutral,KO,0.640349,-0.025832,Neutral
2024-04-29 18:58:00,"FEMSA  ( FMX )  Q1 Earnings Decline Year Over Year, Revenues Up",https://www.zacks.com/stock/news/2264466/femsa-fmx-q1-earnings-decline-year-over-year-revenues-up,"FEMSA (FMX) posts lower earnings year over year in first-quarter 2024. However, revenues improved 11.3% year over year.",www.zacks.com,0.123586,Neutral,KO,0.160633,-0.030568,Neutral
2024-04-29 20:07:58,Stock Market Today: Markets Post Broad-Based Gains Thanks to Mega-Cap Tech,https://www.kiplinger.com/investing/stocks/stock-market-today-markets-post-broad-based-gains-thanks-to-mega-cap-tech,"Stocks enjoyed broad-based gains Monday, boosted once again by select mega-cap tech names. Still, a sense of caution hung over the session as a Federal Reserve policy statement is due later this week.",www.kiplinger.com,0.188458,Somewhat-Bullish,KO,0.113866,0.0,Neutral
2024-04-29 21:27:00,Coca-Cola Raised Its 2024 Revenue Forecast. Investors Are Shrugging It Off.,https://www.barrons.com/amp/articles/coca-cola-earnings-stock-price-a06d2a4f,Coca-Cola's Earnings Are Tuesday. What to Expect. ...,www.barrons.com,0.116034,Neutral,KO,0.474207,0.190415,Somewhat-Bullish
2024-04-29 22:10:00,"Markets Up on Tesla, Q1 Earnings; Q1 Beats After the Bell",https://www.zacks.com/stock/news/2264549/markets-up-on-tesla-q1-earnings-q1-beats-after-the-bell,"It's now the third straight day higher going back to Thursday of last week, and recovered from a quick drop into the red.",www.zacks.com,0.226322,Somewhat-Bullish,KO,0.136888,0.058859,Neutral
2024-04-30 06:13:28,"Investor Sentiment Improves Further, Dow Jumps Over 100 Points - Tesla  ( NASDAQ:TSLA ) ",https://www.benzinga.com/news/earnings/24/04/38510121/investor-sentiment-improves-further-dow-jumps-over-100-points,"The CNN Money Fear and Greed index showed further improvement in the overall market sentiment, while the index remained in the ""Fear"" zone on Monday. U.S. stocks settled higher on Monday, driven by surge in Tesla, Inc. TSLA shares.",www.benzinga.com,0.004877,Neutral,KO,0.228073,0.0,Neutral
2024-04-30 06:13:33,"Coca-Cola, Amazon And 3 Stocks To Watch Heading Into Tuesday - Coca-Cola  ( NYSE:KO ) , Amazon.com  ( NASDAQ:AMZN ) ",https://www.benzinga.com/news/earnings/24/04/38510122/coca-cola-amazon-and-3-stocks-to-watch-heading-into-tuesday,"With U.S. stock futures trading lower this morning on Tuesday, some of the stocks that may grab investor focus today are as follows: Wall Street expects The Coca-Cola Company KO to report quarterly earnings at 65 cents per share on revenue of $10.29 billion before the opening bell, according to ...",www.benzinga.com,0.190711,Somewhat-Bullish,KO,0.426225,0.217441,Somewhat-Bullish
2024-04-30 09:00:00,Campus protesters are calling for divestment. Here's what that means | Business,https://www.cnn.com/2024/04/30/business/what-is-divestment-college-protests-israel/index.html,Campus protesters are calling for divestment. Here's what that means ...,www.cnn.com,-0.011935,Neutral,KO,0.047844,0.03645,Neutral
2024-04-30 09:30:33,Coca-Cola to IPO $8 billion African bottling arm on Johannesburg Stock Exchange,https://africa.businessinsider.com/local/markets/coca-cola-to-ipo-dollar8-billion-african-bottling-arm-on-johannesburg-stock-exchange/hjk3317,"In 2021, Coca-Cola first announced its intention to divest a portion of its shareholding in the unit through an IPO. However, the plan was subsequently put on hold. The company is now contemplating a dual listing for Coca-Cola Beverages Africa in Johannesburg and Amsterdam, sources close to the ...",africa.businessinsider.com,0.058363,Neutral,KO,0.926237,0.075582,Neutral
2024-04-30 09:44:00,Stock market today: futures slip ahead of Amazon earnings and a key Fed update,https://markets.businessinsider.com/news/stocks/stock-market-news-amazon-earnings-fed-meeting-futures-dollar-treasury-2024-4,"Stock Market News: Futures Slip Before Amazon Earnings, Key Fed Update - Markets Insider ...",markets.businessinsider.com,-0.168183,Somewhat-Bearish,KO,0.11983,0.172505,Somewhat-Bullish
2024-04-30 09:52:15,Coca-Cola HBC Shares Rise To Highest Since Early 2022 On Trading News,https://www.forbes.com/sites/roystonwild/2024/04/30/coca-cola-hbc-shares-rise-to-highest-since-early-2022-on-trading-news/,"Shares in drinks Coca-Cola Hellenic Bottling Company rose to 27-month highs on Tuesday as the company announced sales growth across all territories. At £26.04, Coca-Cola HBC's share price was last 1.1% higher on the day. It had spiked to £26.32 earlier in the session.",www.forbes.com,0.342043,Somewhat-Bullish,KO,0.353059,0.173132,Somewhat-Bullish
2024-04-30 10:25:01,Coca-Cola is about to report earnings. Here's what to expect,https://www.cnbc.com/2024/04/30/coca-cola-ko-q1-2024-earnings.html,"Shares of Coke have fallen 3.5% over the last year, dragging the company's market value down to $267 billion.",www.cnbc.com,0.092959,Neutral,KO,0.213048,0.0,Neutral
2024-04-30 10:57:22,"S&P 500, Nasdaq Set To Open Lower Ahead Of Fed Decision: What's Dragging Stock Futures? - Invesco QQQ Trust, Series 1  ( NASDAQ:QQQ ) , SPDR S&P 500  ( ARCA:SPY ) ",https://www.benzinga.com/news/earnings/24/04/38514380/wall-street-on-edge-ahead-of-fed-decision-spotlight-falls-on-amazon-and-amd-earnings-analyst-says-s,"U.S. stocks appear to be on the back foot early on Tuesday, with index futures trading modestly lower in early pre-market activity. Caution reigns supreme as traders anxiously await the Federal Reserve's interest rate decision on Wednesday.",www.benzinga.com,0.028952,Neutral,KO,0.088472,0.0,Neutral
2024-04-30 11:40:46,Coca-Cola Contemplates $8B IPO For African Bottling Unit: Report - Coca-Cola  ( NYSE:KO ) ,https://www.benzinga.com/markets/equities/24/04/38516093/coca-cola-contemplates-8b-ipo-for-african-bottling-unit-report,"Coca-Cola Co KO is reportedly preparing for a potential public offering of its African bottling arm, which had previously been postponed.",www.benzinga.com,0.129403,Neutral,KO,0.915317,0.162801,Somewhat-Bullish
2024-04-30 11:47:00,"Dow Jones Notebook: McDonald's, Coca-Cola Trade Lower; 3M Poised For Breakout",https://www.investors.com/news/dow-jones-stocks-mcdonalds-coca-cola-3m-earnings/,"Dow Jones Notebook: McDonald's, Coca-Cola Trade Lower. 3M Poised For Breakout Investor's Business Daily ...",www.investors.com,0.242369,Somewhat-Bullish,KO,0.514619,0.0,Neutral
2024-04-30 11:58:00,Coca-Cola Earnings Beat Estimates. Its Stock Is Down.,https://www.barrons.com/amp/articles/coca-cola-earnings-stock-price-a06d2a4f,Coca-Cola Stock Slips After Earnings Report. It Raises Revenue Guidance. ...,www.barrons.com,0.185486,Somewhat-Bullish,KO,0.674691,0.163463,Somewhat-Bullish
2024-04-30 12:00:00,Is PepsiCo Stock Still a Buy?,https://www.fool.com/investing/2024/04/30/is-pepsico-stock-still-a-buy/,The beverage and snack food company just reaffirmed its 2024 outlook.,www.fool.com,0.31943,Somewhat-Bullish,KO,0.205225,0.200376,Somewhat-Bullish
2024-04-30 12:05:04,Coca-Cola  ( KO )  Surpasses Q1 Earnings and Revenue Estimates,https://www.zacks.com/stock/news/2264697/coca-cola-ko-surpasses-q1-earnings-and-revenue-estimates,"Coke (KO) delivered earnings and revenue surprises of 4.35% and 3.21%, respectively, for the quarter ended March 2024. Do the numbers hold clues to what lies ahead for the stock?",www.zacks.com,0.171,Somewhat-Bullish,KO,0.137671,0.095454,Neutral
2024-04-30 12:10:00,Futures Fall Ahead Of Fed Meeting,https://www.investors.com/market-trend/stock-market-today/dow-jones-sp500-nasdaq-fed-meeting-tesla-tsla-stock/,Stock Market Today: Dow Jones Falls Ahead Of Fed Meeting. Tesla Slides On New Layoffs Investor's Business Daily ...,www.investors.com,0.176316,Somewhat-Bullish,KO,0.03545,0.038259,Neutral
2024-04-30 12:29:00,Riverbeat Celebrates Memphis' Rich Music and Food Culture Starting Friday,https://www.benzinga.com/pressreleases/24/04/n38518001/riverbeat-celebrates-memphis-rich-music-and-food-culture-starting-friday,Daily Lineup and Participating Local Food Favorites Announced,www.benzinga.com,0.358076,Bullish,KO,0.072435,0.239334,Somewhat-Bullish
2024-04-30 12:31:33,Bottler Coca Cola HBC beats revenue estimate for Q1 on strong demand,https://www.business-standard.com/companies/results/bottler-coca-cola-hbc-beats-revenue-estimate-for-q1-on-strong-demand-124043000894_1.html,"Bottler Coca Cola HBC beat market forecast for first-quarter revenue on Tuesday, and reiterated its operating profit would rise this year, supported by strong demand for its coffee, energy and sparkling drinks.",www.business-standard.com,0.157111,Somewhat-Bullish,KO,0.485711,0.318438,Somewhat-Bullish
2024-04-30 13:08:01,Jim Cramer's top 10 things to watch in the stock market Tuesday,https://www.cnbc.com/2024/04/30/jim-cramers-top-10-things-to-watch-in-the-stock-market-tuesday.html,U.S. stock futures were flat Tuesday as investors await a round of mega-cap corporate earnings.,www.cnbc.com,0.055178,Neutral,KO,0.12546,0.117804,Neutral
2024-04-30 13:08:12,"Coca-Cola's Bottom Line Bubbles Up, Company Raises FY24 Revenue Projections - Coca-Cola  ( NYSE:KO ) ",https://www.benzinga.com/news/earnings/24/04/38519595/coca-colas-bottom-line-bubbles-up-company-raises-fy24-revenue-projections,"Coca-Cola Company KO reported first-quarter FY24 sales growth of 3% year-on-year to $11.3 billion, beating the analyst consensus estimate of $11.01 billion. Revenue performance included a 2% decline in concentrate sales and a 13% growth in price/mix. Unit case volume grew 1% in the quarter.",www.benzinga.com,0.212244,Somewhat-Bullish,KO,0.775204,0.240787,Somewhat-Bullish
2024-04-30 14:00:00,Addverb Releases 2023 Sustainability Report Detailing Company's Journey towards Technological Ecology - PR Newswire,https://www.prnewswire.com/news-releases/addverb-releases-2023-sustainability-report-detailing-companys-journey-towards-technological-ecology-302130061.html,Addverb Releases 2023 Sustainability Report Detailing Company's Journey towards Technological Ecology PR ...,www.prnewswire.com,0.397104,Bullish,KO,0.085936,0.103802,Neutral
2024-04-30 14:05:00,5 Reasons to Buy Coca-Cola Stock Like There's No Tomorrow,https://www.fool.com/investing/2024/04/30/5-reasons-to-buy-coca-cola-stock-like-theres-no-to/,The soda maker is still a great evergreen investment.,www.fool.com,0.2193,Somewhat-Bullish,KO,0.54572,0.335993,Somewhat-Bullish
2024-04-30 14:17:00,Pre-Markets Sell on Last Trading Day of April,https://www.zacks.com/stock/news/2265160/pre-markets-sell-on-last-trading-day-of-april,Today we close out a month that's likely to be the first negative one since October of last year.,www.zacks.com,0.127345,Neutral,KO,0.136499,0.14304,Neutral
2024-04-30 14:36:22,Global beverage major Coca-Cola bullish on India; sees strong year ahead,https://www.business-standard.com/companies/news/global-beverage-major-coca-cola-bullish-on-india-sees-strong-year-ahead-124043001163_1.html,Global beverage major Coca-Cola bullish on India. sees strong year ahead Business Standard ...,www.business-standard.com,0.122411,Neutral,KO,0.648995,0.003672,Neutral
2024-04-30 14:44:00,Stocks Retreat As Lilly Pops and Tesla Drops,https://www.investors.com/market-trend/stock-market-today/dow-jones-sp500-nasdaq-tesla-eli-lilly-stock/,Stock Market Today: Dow Jones Sinks While Tesla Retreats Investor's Business Daily ...,www.investors.com,0.035915,Neutral,KO,0.097457,0.120423,Neutral
2024-04-30 14:48:00,Earnings Data Deluge,https://www.zacks.com/stock/news/2265192/earnings-data-deluge,"Pre-market indices are in a giving mood. Specifically, the Dow is selling off -175 points at the hour, the S&P 500 is -21 and the Nasdaq is -78 points. Today we close out April, is likely to be the first negative month since October of last year.",www.zacks.com,0.1322,Neutral,KO,0.143415,0.146037,Neutral
2024-04-30 15:04:00,Are White Women Better Now?,https://www.theatlantic.com/ideas/archive/2024/04/white-women-anti-racism-workshops/678232/,"We had to correct her, and we knew how to do it by now. We would not sit quietly in our white-bodied privilege, nor would our corrections be given apologetically or packaged with niceties.",www.theatlantic.com,-0.034119,Neutral,KO,0.013748,0.058095,Neutral
2024-04-30 15:45:14,Coca-Cola  ( KO )  Q1 2024 Earnings Call Transcript,https://www.fool.com/earnings/call-transcripts/2024/04/30/coca-cola-ko-q1-2024-earnings-call-transcript/,"KO earnings call for the period ending March 31, 2024.",www.fool.com,0.297967,Somewhat-Bullish,KO,0.041801,0.13557,Neutral
2024-04-30 16:08:00,"Coca-Cola  ( KO )  Tops on Q1 Earnings & Revenues, Raises View",https://www.zacks.com/stock/news/2265373/coca-cola-ko-tops-on-q1-earnings-revenues-raises-view,"Coca-Cola (KO) Q1 results reflect gains from strong top-line growth, aided by improvements in sparkling soft drinks and juice categories. KO's pricing actions also boost sales.",www.zacks.com,0.210114,Somewhat-Bullish,KO,0.33446,0.280106,Somewhat-Bullish
2024-04-30 16:20:51,McDonald's and other big brands warn that low-income consumers are starting to crack,https://www.cnbc.com/2024/04/30/companies-from-mcdonalds-to-3m-warn-inflation-is-squeezing-consumers.html,Higher prices have weighed on customers in an array of industries that interact with consumers.,www.cnbc.com,0.06098,Neutral,KO,0.063594,0.219373,Somewhat-Bullish
2024-04-30 16:34:23,Nasdaq Dips Over 100 Points; Coca-Cola Earnings Top Views - Coca-Cola  ( NYSE:KO ) ,https://www.benzinga.com/news/earnings/24/04/38527934/nasdaq-dips-over-100-points-coca-cola-earnings-top-views,"U.S. stocks traded lower midway through trading, with the Nasdaq Composite falling more than 100 points on Tuesday. The Dow traded down 0.81% to 38,073.65 while the NASDAQ fell 0.80% to 15,855.75. The S&P 500 also fell, dropping, 0.70% to 5,080.52. Health care shares rose by 0.1% on Tuesday.",www.benzinga.com,-0.063107,Neutral,KO,0.179343,0.116295,Neutral
2024-04-30 17:23:00,Coca-Cola Beats Estimates,https://www.fool.com/data-news/2024/04/30/coca-cola-beats-estimates/,Discover how Coca-Cola exceeded expectations in its latest earnings report and what lies ahead.,www.fool.com,0.35928,Bullish,KO,0.597213,0.453076,Bullish
2024-04-30 17:35:13,"Stocks Dive On Fears Of Hawkish Fed; Treasury Yields Rise, Bitcoin Tumbles To $60,000: What's Driving Markets Tuesday? - Arch Capital Group  ( NASDAQ:ACGL ) ",https://www.benzinga.com/markets/equities/24/04/38529736/stocks-dive-on-fears-of-hawkish-fed-treasury-yields-rise-bitcoin-tumbles-to-60-000-whats-driving,"Investor apprehension grips Wall Street with major indices showing midday losses on Tuesday in New York trading, ahead of the Federal Reserve's potentially hawkish pivot in Wednesday's meeting. The S&P 500 retraced 0.9% after a 2-day positive streak, with the tech-heavy Nasdaq 100 slightly ...",www.benzinga.com,-0.004925,Neutral,KO,0.134968,0.0,Neutral
2024-04-30 17:36:00,"Archer Daniels  ( ADM )  Q1 Earnings Beat Estimates, Revenues Down",https://www.zacks.com/stock/news/2265407/archer-daniels-adm-q1-earnings-beat-estimates-revenues-down,Archer Daniels (ADM) reports lower revenues year over year in first-quarter 2024 due to a decline in sales across all segments.,www.zacks.com,0.070341,Neutral,KO,0.133346,0.088322,Neutral
2024-04-30 19:22:36,"Americans Swap $5 Burgers For $1,000 Weight Loss Drugs - Is Soda Getting Left Behind Too? Americans Swap $5 Burgers For $1,000 Weight Loss Drugs, Like Ozempic, Wegovy - Is Soda Getting Left Behind Too? - Coca-Cola  ( NYSE:KO ) , Eli Lilly and Co  ( NYSE:LLY ) ",https://www.benzinga.com/general/education/24/04/38532194/americans-swap-5-burgers-for-1-000-weight-loss-drugs-is-soda-getting-left-behind-too,"A trio of earnings reports Tuesday morning may have given us a glimpse into how Americans' consumption habits are shifting. Eli Lilly LLY, which makes Mounjaro, one of the leading weight-loss drugs in the United States, beat EPS estimates and also raised its 2024 revenue guidance, sending the ...",www.benzinga.com,0.042983,Neutral,KO,0.359447,-0.053341,Neutral
2024-04-30 19:46:21,"Coca-Cola Tops on Q1 Earnings & Revenues, Raises View - Coca-Cola  ( NYSE:KO ) , Vita Coco  ( NASDAQ:COCO ) ",https://www.benzinga.com/news/earnings/24/04/38530007/coca-cola-tops-on-q1-earnings-revenues-raises-view,"The Coca-Cola Company KO has reported first-quarter 2024 results, where in the top and bottom lines surpassed the Zacks Consensus Estimate and improved year over year. The company's results have benefited from its continued business momentum. Backed by the strong results, KO has raised its view ...",www.benzinga.com,0.214925,Somewhat-Bullish,KO,0.333107,0.293232,Somewhat-Bullish
2024-04-30 20:10:46,Stock Market Today: Stocks Sell Off Ahead of Fed Decision,https://www.kiplinger.com/investing/stocks/stock-market-today-stocks-sell-off-ahead-of-fed-decision,"Stocks opened in negative territory Tuesday, with losses accelerating into the close. Investors were already skittish ahead of tomorrow's Fed decision and this morning's disappointing inflation data did little to calm nerves.",www.kiplinger.com,0.106387,Neutral,KO,0.131643,-0.095216,Neutral
2024-04-30 21:51:00,These 3 Companies Recently Lifted Guidance,https://www.zacks.com/stock/news/2265464/these-3-companies-recently-lifted-guidance,"Guidance lifts are among the most positive announcements shareholders can hear, injecting confidence in the long-term picture.",www.zacks.com,0.465555,Bullish,KO,0.550532,0.445362,Bullish
2024-04-30 23:15:00,Coke sees strong growth in India as heat picks up,https://www.financialexpress.com/business/industry-coke-sees-strong-growth-in-india-as-heat-picks-up-3473326/,"The Coca-Cola Company, the world's largest beverage firm, remains bullish about its India business despite a weak start to the 2024 calendar year, chairman & CEO James Quincey said in a post-results earnings call on Tuesday. The company follows a January-December accounting year.",www.financialexpress.com,0.144246,Neutral,KO,0.324139,0.074289,Neutral
2024-05-01 04:00:14,Berkshire after Buffett: can any stockpicker follow the Oracle?,https://www.ft.com/berkshire,"Warren Buffett's deputies are trailing both their mentor and the market, according to a Financial Times analysis that examined the performance of the two men set to take over Berkshire Hathaway's $354bn stock portfolio.",www.ft.com,0.127841,Neutral,KO,0.015063,0.084169,Neutral
2024-05-01 07:26:43,Warren Buffett Is A Dietician's Worst Nightmare: 5 Things The Legendary Investor Loves To Eat That Would Give Any Health Nut A Heart Attack,https://www.benzinga.com/general/entertainment/24/05/38541990/warren-buffett-is-a-dieticians-worst-nightmare-5-things-the-legendary-investor-loves-to-eat,"Warren Buffett, the Oracle of Omaha, is known for his astute investment strategies and monumental wealth. However, his dietary choices are as famously simple as they are nutritionally questionable. Let's dive into five of his eating habits that might just make a dietician cover their eyes in ...",www.benzinga.com,0.215552,Somewhat-Bullish,KO,0.124164,0.139233,Neutral
2024-05-01 07:42:27,"Investor Sentiment Falls, Dow Snaps Five-Month Win Streak - Mastercard  ( NYSE:MA ) , Coca-Cola  ( NYSE:KO ) ",https://www.benzinga.com/news/earnings/24/05/38542052/investor-sentiment-falls-dow-snaps-five-month-win-streak,"The CNN Money Fear and Greed index showed a decline in the overall market sentiment, but the index remained in the ""Fear"" zone on Tuesday. U.S. stocks settled lower on Tuesday, with the Dow Jones index dipping more than 550 points during the session.",www.benzinga.com,-0.183315,Somewhat-Bearish,KO,0.208464,0.443308,Bullish
2024-05-01 09:06:00,3 Warren Buffett Stocks That Are Screaming Buys in May  ( and Beyond ) ,https://www.fool.com/investing/2024/05/01/3-warren-buffett-stocks-are-screaming-buys-in-may/,"Although Berkshire Hathaway's $372 billion portfolio contains 45 stocks, three are a clear step above the rest in May.",www.fool.com,0.194362,Somewhat-Bullish,KO,0.241384,0.138087,Neutral
2024-05-01 12:57:30,KO: Coca-Cola  ( KO )  Earnings Analysis: Is Now the Time to Buy?,https://stocknews.com/news/ko-ako-b-knbwy-stbfy-coca-cola-ko-earnings-analysis-is-now-the-time-to-buy/,"Beverage conglomerate The Coca-Cola Company ( KO ) announced its first-quarter results on April 30, 2024. While the company has shown resilience, some factors suggest caution before investing. So, in this article, I have discussed why it could be prudent to wait for a better entry point in the ...",stocknews.com,0.18986,Somewhat-Bullish,KO,0.566143,0.260516,Somewhat-Bullish
2024-05-01 13:00:00,7-Eleven Canada launches contest to win first-ever Slurpee Tetris handheld game,https://www.benzinga.com/pressreleases/24/05/n38550202/7-eleven-canada-launches-contest-to-win-first-ever-slurpee-tetris-handheld-game,"Get ready for the collab of the season, 1800 handheld games for Canadians to win VANCOUVER, BC, May 1, 2024 /CNW/ - Introducing a contest for people who love Slurpee and for people who love Tetris. ( Wait, that's everyone.",www.benzinga.com,0.426997,Bullish,KO,0.053629,0.159993,Somewhat-Bullish
2024-05-01 18:48:31,Coca-Cola's Refreshing Results: Analysts Bullish Despite Near-Term Concerns - Coca-Cola  ( NYSE:KO ) ,https://www.benzinga.com/analyst-ratings/analyst-color/24/05/38562207/coca-colas-refreshing-results-analysts-bullish-despite-near-term-concerns,"Yesterday, Coca-Cola Co KO reported first-quarter FY24 sales growth of 3% year-on-year to $11.3 billion, beating the analyst consensus estimate of $11.01 billion. Adjusted EPS of $0.72 came in above street view. The following are the comments from various analysts on the company's first-quarter ...",www.benzinga.com,0.392467,Bullish,KO,0.460808,0.481306,Bullish
2024-05-01 19:10:51,Coca-Cola's Refreshing Results: Analysts Bullish Despite Near-Term Concerns,https://markets.businessinsider.com/news/stocks/coca-cola-s-refreshing-results-analysts-bullish-despite-near-term-concerns-1033315153,"Yesterday, Coca-Cola Co ( NYSE:KO ) reported first-quarter FY24 sales growth of 3% year-on-year to $11.3 billion, beating the analyst consensus estimate of $11.01 billion. Adjusted EPS of $0.72 came in above street view.",markets.businessinsider.com,0.392685,Bullish,KO,0.448842,0.479086,Bullish
2024-05-01 19:16:00,Beware the Mighty Dollar. A Strong Greenback Could Dent Earnings.,https://www.barrons.com/amp/articles/fed-interest-rates-stocks-dollar-currencies-2515a3bb,Beware the Mighty Dollar. A Strong Greenback Might Hurt Corporate Earnings. ...,www.barrons.com,-0.10565,Neutral,KO,0.044386,0.042805,Neutral
2024-05-01 19:45:46,3 signs hint that Bitcoin price is nearing a bottom,https://cointelegraph.com/news/3-signs-hint-that-bitcoin-price-is-nearing-a-bottom,"The result of today's Federal Reserve minutes, Bitcoin miners' robustness and increasing stablecoin demand in China could be signs that BTC has bottomed.",cointelegraph.com,-0.004854,Neutral,KO,0.05654,0.11793,Neutral
2024-05-01 20:38:00,"Clorox  ( CLX )  Q3 Earnings Beat Estimates, Revenues Down Y/Y",https://www.zacks.com/stock/news/2266397/clorox-clx-q3-earnings-beat-estimates-revenues-down-yy,Clorox's (CLX) third-quarter fiscal 2024 bottom line benefits from pricing actions and cost-saving initiatives. The company also boasts a solid innovation pipeline.,www.zacks.com,0.103542,Neutral,KO,0.106699,0.080146,Neutral
2024-05-02 00:53:00,"Coca-Cola 600 Winner Ryan Blaney Visits Arlington National Cemetery, Lays Wreath at Tomb of the Unknown Soldier",https://www.benzinga.com/pressreleases/24/05/n38570718/coca-cola-600-winner-ryan-blaney-visits-arlington-national-cemetery-lays-wreath-at-tomb-of-the-unk,"As part of Mission 600, 2023 Cup Series champion and defending Coca-Cola 600 winner Ryan Blaney visited Arlington National Cemetery and laid a wreath at the Tomb of the Unknown Soldier to mark the beginning of Military Appreciation Month.",www.benzinga.com,0.217881,Somewhat-Bullish,KO,0.445037,0.279804,Somewhat-Bullish
2024-05-02 13:40:15,Are Investors Undervaluing Coca-Cola HBC  ( CCHGY )  Right Now?,https://www.zacks.com/stock/news/2266947/are-investors-undervaluing-coca-cola-hbc-cchgy-right-now,"Here at Zacks, our focus is on the proven Zacks Rank system, which emphasizes earnings estimates and estimate revisions to find great stocks. Nevertheless, we are always paying attention to the latest value, growth, and momentum trends to underscore strong picks.",www.zacks.com,0.344697,Somewhat-Bullish,KO,0.345674,0.355882,Bullish
2024-05-02 18:37:00,Inclusive Workforce Pathways Emerge as the Cornerstone for Corporate Resilience - PR Newswire,https://www.prnewswire.com/news-releases/inclusive-workforce-pathways-emerge-as-the-cornerstone-for-corporate-resilience-302134984.html,Inclusive Workforce Pathways Emerge as the Cornerstone for Corporate Resilience PR ...,www.prnewswire.com,0.352235,Bullish,KO,0.060085,0.071999,Neutral
2024-05-02 18:59:00,Earnings Season: 3 Companies Boosting Guidance,https://www.zacks.com/stock/news/2267373/earnings-season-3-companies-boosting-guidance,"Earnings season continues to chug along, with results from many companies already delivered. And concerning positivity, all three of these companies' report fit the criteria, lifting outlooks following the results.",www.zacks.com,0.43188,Bullish,KO,0.504646,0.388488,Bullish
2024-05-03 05:00:00,"Warren Buffett Loves Coca-Cola, but Berkshire Might Not Like the Taste of More Shares",https://www.barrons.com/amp/articles/warren-buffett-berkshire-hathaway-coca-cola-7aa41de3,Why Berkshire Hathaway's Huge Coca-Cola Stake Is Unlikely to Get Bigger ...,www.barrons.com,0.24516,Somewhat-Bullish,KO,0.214462,0.091399,Neutral
2024-05-03 08:30:19,Fashion designer Walé Adeyemi talks taste,https://www.ft.com/content/d2780473-ad5c-4db4-a3d5-0adb345ae55d,"My personal style signifiers are tracksuits, button-down shirts, bomber jackets, hoodies, peacoats and sneakers. I describe my style as somewhere between the kerb and the boutique - a traditional look with a streetwear approach. The last thing I bought and loved was a secondhand Crombie coat from ...",www.ft.com,0.315288,Somewhat-Bullish,KO,0.029618,0.215297,Somewhat-Bullish
2024-05-03 10:22:00,/C O R R E C T I O N -- Addverb/ - Canada NewsWire,https://www.newswire.ca/news-releases/-c-o-r-r-e-c-t-i-o-n-addverb--871682614.html,/C O R R E C T I O N -- Addverb/ Canada ...,www.newswire.ca,0.380824,Bullish,KO,0.083541,0.103328,Neutral
2024-05-03 11:22:00,Addverb Releases 2023 Sustainability Report Detailing Company's Journey towards Technological Ecology - PR Newswire,https://www.prnewswire.com/news-releases/addverb-releases-2023-sustainability-report-detailing-companys-journey-towards-technological-ecology-302130079.html,Addverb Releases 2023 Sustainability Report Detailing Company's Journey towards Technological Ecology PR ...,www.prnewswire.com,0.415167,Bullish,KO,0.085324,0.103677,Neutral
2024-05-03 12:11:00,FENC Uncaps Major Success with Global Sustainable Expansion in Recycled Polyester - PR Newswire,https://www.prnewswire.com/apac/news-releases/fenc-uncaps-major-success-with-global-sustainable-expansion-in-recycled-polyester-302135574.html,FENC Uncaps Major Success with Global Sustainable Expansion in Recycled Polyester PR ...,www.prnewswire.com,0.339659,Somewhat-Bullish,KO,0.066784,0.135612,Neutral
2024-05-03 16:49:00,Decoding PEP & KO Post Q1 Earnings: Which Stock Stands Out?,https://www.zacks.com/stock/news/2268232/decoding-pep-ko-post-q1-earnings-which-stock-stands-out,The earnings season is the ideal time to re-evaluate one's portfolio. Let us see to which side investors would incline when choosing between arch rivals PepsiCo and Coca-Cola.,www.zacks.com,0.329046,Somewhat-Bullish,KO,0.732675,0.508417,Bullish
2024-05-03 17:52:00,"Monster Beverage's  ( MNST )  Q1 Earnings Miss, Sales Rise Y/Y",https://www.zacks.com/stock/news/2268278/monster-beverages-mnst-q1-earnings-miss-sales-rise-yy,"Monster Beverage (MNST) sees strength in its energy drinks category. In addition, the company's expansion strategy bodes well.",www.zacks.com,0.119829,Neutral,KO,0.193078,0.114383,Neutral
2024-05-03 22:16:32,"Cramer's week ahead: Earnings from Disney, Uber and Warner Bros. Discovery",https://www.cnbc.com/2024/05/03/cramers-week-ahead-earnings-from-disney-uber-and-warner-bros-discovery.html,CNBC's Jim Cramer on Friday guided investors through an earnings-packed week on Wall Street.,www.cnbc.com,0.111298,Neutral,KO,0.079656,0.078195,Neutral
2024-05-04 04:03:00,"Investing guru Warren Buffett draws thousands, but Charlie Munger's zingers will be missed",https://apnews.com/article/berkshire-hathaway-warren-buffett-shareholders-meeting-b345638b402f5ef2f9f9d7080eff0978,"OMAHA, Neb. ( AP ) - Tens of thousands of investors are expected to once again descend on an Omaha, Nebraska, arena Saturday to vacuum up tidbits of wisdom from billionaire Warren Buffett. But a key ingredient will be missing from his annual Berkshire Hathaway : It's the first since Vice Chairman ...",apnews.com,0.24438,Somewhat-Bullish,KO,0.071784,0.070381,Neutral
2024-05-04 15:55:00,Dividend Investors Love Coca-Cola Stock and Pepsi Stock. But This Other Beverage Stock Might Be Poised for Better Dividend Growth.,https://www.fool.com/investing/2024/05/04/dividend-investors-love-coca-cola-stock-and-pepsi/,Will the No. 3 player in the space be the top dividend stock?,www.fool.com,0.267624,Somewhat-Bullish,KO,0.471856,0.26501,Somewhat-Bullish
2024-05-04 16:03:17,"Warren Buffett Confidence In Apple Wanes? Berkshire Cuts Stake By 18% Amid Tech Giant's Troubles - Apple  ( NASDAQ:AAPL ) , American Express  ( NYSE:AXP ) ",https://www.benzinga.com/markets/equities/24/05/38630421/warren-buffett-confidence-in-apple-wanes-berkshire-cuts-stake-by-18-amid-tech-giants-troubles,"Warren Buffett's Berkshire, Inc. BRK BRK trimmed its position in its key core holding, Apple, Inc. AAPL, a 10-Q report for the first quarter filed with the SEC on Saturday showed. Paring Equity Bets: Berkshire's equity securities investment dropped from $353.84 billion in Q1 2023 to $335.86 ...",www.benzinga.com,0.055317,Neutral,KO,0.194242,-0.142127,Neutral
2024-05-04 18:24:09,Warren Buffett says Greg Abel will make Berkshire Hathaway investing decisions when he's gone,https://www.cnbc.com/2024/05/04/warren-buffett-says-greg-abel-will-make-berkshire-hathaway-investing-decisions-when-hes-gone.html,"""I would leave the capital allocation to Greg and he understands businesses extremely well,"" Buffett said at Berkshire's annual meeting.",www.cnbc.com,0.169386,Somewhat-Bullish,KO,0.082393,0.18943,Somewhat-Bullish
2024-05-04 19:51:57,"Fed Stands Despite Softening Jobs Market, Poor Earnings Guidance, Manufacturing Recession, CRE Foreclosures",https://www.forbes.com/sites/greatspeculations/2024/05/04/fed-stands-despite-softening-jobs-market-poor-earnings-guidance-manufacturing-recession-cre-foreclosures/,"The Fed meeting and the jobs report were always destined to be financial market movers. The direction was the only question. In the normal course of events, a weaker than expected jobs report would cause angst in the financial markets ( i.e., falling prices ) . But, not this time.",www.forbes.com,-0.096224,Neutral,KO,0.027539,0.006797,Neutral
2024-05-04 20:06:00,Buffett explains Berkshire's reduced stake in Apple at annual company meeting,https://www.foxbusiness.com/markets/buffett-explains-berkshires-reduced-stake-apple-annual-company-meeting,", the billionaire co-founder and CEO of Berkshire Hathaway, offered some insights Saturday at the company's annual meeting into the decision to reduce its stake in tech giant Apple, which was and remains its largest stock holding.",www.foxbusiness.com,0.15597,Somewhat-Bullish,KO,0.069495,0.1004,Neutral
2024-05-04 20:22:00,Here's the 1 Stock Warren Buffett Thinks Should Outperform the S&P 500 Without as Much Downside,https://www.fool.com/investing/2024/05/04/heres-the-1-stock-warren-buffett-thinks-should-out/,A big cash pile protects the above-average core operations of this stellar company.,www.fool.com,0.298189,Somewhat-Bullish,KO,0.046363,0.145396,Neutral
2024-05-04 21:15:00,The Poignant Moment When Warren Buffett Called for 'Charlie' at Berkshire's Meeting,https://www.barrons.com/amp/articles/berkshire-hathaway-warren-buffett-charlie-munger-meeting-5b0d1b77,Warren Buffett Calls for Charlie Munger at the Berkshire Hathaway Annual Meeting ...,www.barrons.com,0.138137,Neutral,KO,0.033468,0.0,Neutral
2024-05-04 22:14:00,Kyle Larson eyes Indy 500-Coke 600 double as busy May begins for him at Kansas Speedway,https://apnews.com/article/kansas-speedway-nascar-cup-series-b75f7ff14d4f71d52a12046e8e065cbd,"KANSAS CITY, Kan. ( AP ) - Kyle Larson began what will become a busy month of May on a small dirt track nestled in a crook of the Missouri River, where he started outside of the top 10 in his sprint car Friday night and managed to climb to third place by the finish.",apnews.com,0.196696,Somewhat-Bullish,KO,0.045224,0.144089,Neutral
2024-05-04 22:19:00,"Warren Buffett Discusses Apple, Cash, Insurance, Artificial Intelligence  ( AI ) , and More at Berkshire Hathaway's Annual Meeting",https://www.fool.com/investing/2024/05/04/buffett-2024-meeting-berkshire-hathaway-stock/,Berkshire is bolstering its cash reserves and passing on riskier bets.,www.fool.com,0.185069,Somewhat-Bullish,KO,0.061159,0.326508,Somewhat-Bullish
2024-05-05 07:22:00,These 7 Stocks Make Up 84% of Warren Buffett's $336 Billion Stock Portfolio,https://www.fool.com/investing/2024/05/05/these-7-stocks-make-up-84-of-warren-buffetts-336-b/,Investors can learn a lot about Warren Buffett's strategy just by looking at the list of Berkshire Hathaway's top stocks.,www.fool.com,0.3461,Somewhat-Bullish,KO,0.157827,0.151285,Somewhat-Bullish
2024-05-05 09:05:00,3 Top Stocks to Buy Now That Could Help You Retire a Millionaire,https://www.fool.com/investing/2024/05/05/top-stocks-to-buy-now-help-you-retire-millionaire/,Here's how you can build generational wealth in the stock market.,www.fool.com,0.328996,Somewhat-Bullish,KO,0.047559,0.223738,Somewhat-Bullish
2024-05-05 10:57:39,Top Wall Street analysts suggest these dividend stocks for income investors,https://www.cnbc.com/2024/05/05/top-wall-street-analysts-suggest-these-dividend-stocks-for-income-investors-.html,"TipRanks' analyst ranking service highlights Wall Street's best-performing stocks, including Coca-Cola and Energy Transfer ...",www.cnbc.com,0.318689,Somewhat-Bullish,KO,0.315975,0.278736,Somewhat-Bullish
2024-05-05 12:45:00,How Much Will Coca-Cola Pay in Dividends This Year?,https://www.fool.com/investing/2024/05/05/how-much-will-coca-cola-pay-in-dividends-this-year/,The company returns nearly all of its free cash flow to investors each year through dividend payments.,www.fool.com,0.156402,Somewhat-Bullish,KO,0.357293,0.081413,Neutral
2024-05-05 13:45:00,3 Warren Buffett Stocks to Buy Hand Over Fist in May,https://www.fool.com/investing/2024/05/05/3-warren-buffett-stocks-to-buy-hand-over-fist-in/,"The Oracle of Omaha's picks continue to be some of the market's highest-quality, best-performing, long-term stocks. Feel free to borrow some of his ideas.",www.fool.com,0.207522,Somewhat-Bullish,KO,0.275867,0.238799,Somewhat-Bullish
2024-05-05 18:09:14,"Berkshire Hathaway is in good hands, Warren Buffett assures shareholders",https://www.business-standard.com/world-news/berkshire-hathaway-is-in-good-hands-warren-buffett-assures-shareholders-124050500801_1.html,"Warren Buffett assured Berkshire Hathaway shareholders on Saturday that the executives expected to succeed him were ready for the job, and he heaped praise on Apple although Berkshire trimmed its position in the iPhone maker.",www.business-standard.com,0.215523,Somewhat-Bullish,KO,0.07913,0.078372,Neutral
2024-05-05 18:49:00,3 Super-Safe Dividend Stocks That Have Been Making Recurring Payments for 130+ Years,https://www.fool.com/investing/2024/05/05/3-super-safe-dividend-stocks-that-have-been-making/,These stocks have rock-solid businesses and they have impressive track records for paying dividends.,www.fool.com,0.420887,Bullish,KO,0.244109,0.293423,Somewhat-Bullish
2024-05-05 20:58:08,Highlights From Warren Buffett's Berkshire Hathaway Annual Meeting,https://www.forbes.com/sites/bill_stone/2024/05/05/highlights-from-warren-buffetts-berkshire-hathaway-annual-meeting/,"""I not only hope you come next year, I hope I come next year."" - Warren Buffett Berkshire Hathaway's annual ""Woodstock for Capitalists"" was held on Saturday, May 4th. It was a packed house on Saturday, with additional attendees spurred on by the passing last year of Buffett's long-time friend and ...",www.forbes.com,0.092687,Neutral,KO,0.152983,0.093609,Neutral
2024-05-06 03:08:00,Larson edges Buescher at the line at Kansas Speedway in closest finish in NASCAR Cup Series history,https://apnews.com/article/nascar-cup-series-kansas-speedway-63b532932c608ff06de63c85477abe92,"KANSAS CITY, Kan. ( AP ) - Kyle Larson came roaring around the outside of Chris Buescher on the final lap at Kansas Speedway, banging doors with him all the way to the finish line, only to be told by his team over the radio that everything he had given was not quite enough.",apnews.com,0.083635,Neutral,KO,0.046095,0.099559,Neutral
2024-05-06 03:47:47,The PWHL Playoff Teams Are Set: Matchups Will Be Unveiled On Monday,https://www.forbes.com/sites/carolschram/2024/05/05/the-pwhl-playoff-teams-are-set-matchups-will-be-unveiled-on-monday/,"It took until the final period of the final game of the regular season, but the PWHL's four playoff teams are now set. Toronto, Montreal, Boston and Minnesota are in. New York and Ottawa are out.",www.forbes.com,0.215858,Somewhat-Bullish,KO,0.053629,-0.033836,Neutral
2024-05-06 05:00:00,Coca-Cola Is About to Do Something It Hasn't Done in 10 Years,https://www.fool.com/investing/2024/05/06/coca-cola-about-to-do-something-it-hasnt-done-10-y/,"In some ways, Coca-Cola is still in recovery mode.",www.fool.com,0.388417,Bullish,KO,0.571516,0.436736,Bullish
2024-05-06 12:00:00,ETFs to Play Buffett's Investment Insights,https://www.zacks.com/stock/news/2268426/etfs-to-play-buffetts-investment-insights,"At Berkshire Hathaway's recent annual shareholder meeting, Warren Buffett discussed Berkshire's actions, including selling the Apple (AAPL) stock and a loss on Paramount (PARA).",www.zacks.com,0.222924,Somewhat-Bullish,KO,0.183895,0.046323,Neutral
2024-05-06 13:00:16,Investors Heavily Search CocaCola Company  ( The )   ( KO ) : Here is What You Need to Know,https://www.zacks.com/stock/news/2268507/investors-heavily-search-cocacola-company-the-ko-here-is-what-you-need-to-know,"Recently, Zacks.com users have been paying close attention to Coke (KO). This makes it worthwhile to examine what the stock has in store.",www.zacks.com,0.228299,Somewhat-Bullish,KO,0.104228,0.076253,Neutral
2024-05-06 14:30:00,The Wendy's Company Reports 2023 Corporate Responsibility Progress - PR Newswire,https://www.prnewswire.com/news-releases/the-wendys-company-reports-2023-corporate-responsibility-progress-302136093.html,The Wendy's Company Reports 2023 Corporate Responsibility Progress PR ...,www.prnewswire.com,0.522781,Bullish,KO,0.070517,0.290494,Somewhat-Bullish
2024-05-06 15:05:53,Warren Buffett's Coca-Cola Turns Into Possible Value AI Play As It Commits $1.1 Billion To Using Microsoft's AI - Coca-Cola  ( NYSE:KO ) ,https://www.benzinga.com/general/24/05/38646396/warren-buffetts-coca-cola-turns-into-possible-value-ai-play-as-it-commits-1-1-billion-to-using-micro,"The Coca-Cola Company KO recently announced its five-year partnership with Microsoft, aiming to leverage Microsoft's cloud computing and artificial intelligence ( AI ) services. Coca-Cola Company committed $1.1 billion towards this partnership, granting them access to Microsoft Cloud and its ...",www.benzinga.com,0.429028,Bullish,KO,0.630923,0.656752,Bullish
2024-05-06 15:51:07,The Bottom May Be In For British American Tobacco,https://www.forbes.com/sites/gurufocus/2024/05/06/the-bottom-may-be-in-for-british-american-tobacco/,"At just 6 times free cash flow, the stock may be bottoming • The company trades at just 6 times free cash flow. • A recession-resistant product and a 10% dividend yield make BTI a valuable investment as risks around its U.S. business fade.",www.forbes.com,0.133685,Neutral,KO,0.068502,0.167135,Somewhat-Bullish
2024-05-06 16:50:00,"NEW ENGLAND PATRIOTS QUARTERBACK DRAKE MAYE NAMED HONORARY CHAIR OF 25TH ANNIVERSARY BEST BUDDIES CHALLENGE: HYANNIS PORT PRESENTED BY JERSEY MIKE'S SUBS, SHAW'S AND STAR MARKET FOUNDATION AND THE TJX COMPANIES, INC.",https://www.benzinga.com/pressreleases/24/05/n38649098/new-england-patriots-quarterback-drake-maye-named-honorary-chair-of-25th-anniversary-best-buddies-,"BOSTON, May 6, 2024 /PRNewswire/ -- Best Buddies International, a nonprofit dedicated to creating opportunities for one-to-one friendships, integrated employment, leadership development, inclusive living, and family support for people with intellectual and developmental disabilities ( IDD ) , is ...",www.benzinga.com,0.560305,Bullish,KO,0.043738,0.130725,Neutral
2024-05-06 17:01:35,"As Large-Cap Stocks Take A Breather And The SPY Trades Sideways, Will Small-Cap Stocks Steal The Spotlight? - Series Portfolios Trust InfraCap Small Cap Income ETF  ( ARCA:SCAP ) ",https://www.benzinga.com/trading-ideas/long-ideas/24/05/38648713/as-large-cap-stocks-take-a-breather-and-the-spy-trades-sideways-will-small-cap-stocks-st,"Infrastructure Capital Advisors' InfraCap Small Cap Income ETF SCAP gapped up about 1% higher on Monday, the second consecutive northernly gap after closing about 0.9% higher on Friday. SCAP is a value fund, which is made up of the iShares Russell 2000 ETF IWM, weighted at 18.13% and a basket of ...",www.benzinga.com,0.146513,Neutral,KO,0.069495,0.096377,Neutral
2024-05-06 17:06:09,"Buffett Holding Record Cash And Sells Apple, Here Is How Much Cash You Should Hold - Apple  ( NASDAQ:AAPL ) ",https://www.benzinga.com/24/05/38649440/buffett-holding-record-cash-and-sells-apple-here-is-how-much-cash-you-should-hold,"To gain an edge, this is what you need to know today. Please click here for an enlarged chart of Berkshire Hathaway Inc Class B ( NYSE: BRK-B ) . Buffett is now holding a record amount of cash, $189B. Buffett reduced his Apple Inc AAPL position by 22% to $135.4B as of March 31, 2024.",www.benzinga.com,0.251947,Somewhat-Bullish,KO,0.09495,0.153458,Somewhat-Bullish
2024-05-06 17:24:23,Warren Buffett Adores Apple as Much as Ever,https://www.kiplinger.com/investing/stocks/warren-buffett-adores-apple-as-much-as-ever,"Apple ( AAPL ) stock declined in an up market Monday after Berkshire Hathaway ( BRK.B ) disclosed it cut its stake by 13% in the most recent quarter. Is Warren Buffett, Berkshire's chairman and CEO, losing faith in what is by far the company's largest holding?",www.kiplinger.com,0.083432,Neutral,KO,0.223522,0.239446,Somewhat-Bullish
2024-05-06 18:14:00,Warren Buffett compares AI to nuclear weapons in stark warning | Business,https://www.cnn.com/2024/05/06/investing/warren-buffett-compares-ai-nuclear-weapons/index.html,Warren Buffett compares AI to nuclear weapons in stark warning ...,www.cnn.com,0.016925,Neutral,KO,0.050786,0.049582,Neutral
2024-05-06 19:00:00,Interpreting Coca-Cola  ( KO )  International Revenue Trends,https://www.zacks.com/stock/news/2269050/interpreting-coca-cola-ko-international-revenue-trends,Review Coca-Cola's (KO) international revenue performance and how it affects the predictions of financial analysts on Wall Street and the future prospects for the stock.,www.zacks.com,0.233598,Somewhat-Bullish,KO,0.251941,0.157031,Somewhat-Bullish
2024-05-06 20:01:00,Analysis: Lando Norris win shows McLaren is ready to return to global motorsports prominence,https://apnews.com/article/f1-indycar-norris-mclaren-ca0023cef3ed77ae037df68a0cc224a7,"MIAMI GARDENS, Fla. ( AP ) - Lando Norris says the online trolling never really bothered him as he went winless through his first five Formula 1 seasons, even when it got worse as one of the breakout stars for fans introduced to the sport through Netflix.",apnews.com,0.156048,Somewhat-Bullish,KO,0.042953,0.15134,Somewhat-Bullish
2024-05-06 20:10:00,Coca-Cola Consolidated Reports First Quarter 2024 Results and Announces the Intention to Repurchase Up to $3.1 Billion of its Common Stock,https://www.globenewswire.com/news-release/2024/05/06/2876173/0/en/Coca-Cola-Consolidated-Reports-First-Quarter-2024-Results-and-Announces-the-Intention-to-Repurchase-Up-to-3-1-Billion-of-its-Common-Stock.html,Key Results ...,www.globenewswire.com,0.270393,Somewhat-Bullish,KO,0.056496,0.152987,Somewhat-Bullish
2024-05-06 20:14:00,J&J Snack Foods Reports Record Fiscal Second Quarter Revenue of $359.7 Million,https://www.globenewswire.com/news-release/2024/05/06/2876174/18519/en/J-J-Snack-Foods-Reports-Record-Fiscal-Second-Quarter-Revenue-of-359-7-Million.html,"Net Earnings of $13.3 Million, EPS of $0.69 and Adjusted EPS of $0.84Increased Over 90% Versus Prior Year ...",www.globenewswire.com,0.280843,Somewhat-Bullish,KO,0.016691,0.0,Neutral
2024-05-06 20:31:00,Berkshire May Sell More Apple Stock This Quarter. Here's What Buffett Said.,https://www.barrons.com/amp/articles/berkshire-hathaway-apple-stock-0d229913,Berkshire May Sell More Apple Stock This Quarter. Here's What Warren Buffett Said. ...,www.barrons.com,0.063603,Neutral,KO,0.09402,-0.130953,Neutral
2024-05-07 09:27:00,"Warren Buffett Just Sold These 2 Stocks, Even Though He Still Loves One of Them",https://www.fool.com/investing/2024/05/07/warren-buffett-just-sold-these-2-stocks-even-thoug/,"At Berkshire Hathaway's annual meeting, two major stock sales were revealed.",www.fool.com,0.184346,Somewhat-Bullish,KO,0.13459,0.133948,Neutral
2024-05-07 10:00:02,"Ahead of retail earnings, here's what we know about the consumer so far",https://www.cnbc.com/2024/05/07/retail-earnings-what-we-know-about-the-consumer-so-far.html,Home Depot and Walmart kick off first-quarter retail earnings next week.,www.cnbc.com,-0.004894,Neutral,KO,0.030838,0.001949,Neutral
2024-05-07 13:00:00,"New Generation of AI Platforms Set to Revolutionize the $200 Billion HR Technology Market, Says Josh Bersin Company",https://www.prnewswire.com/news-releases/new-generation-of-ai-platforms-set-to-revolutionize-the-200-billion-hr-technology-market-says-josh-bersin-company-302138132.html,"• First wave Talent Intelligence systems have gone enterprise-wide, expanding beyond recruiting into career development, leadership assessment, and competitive analysis • Organizations want these data-rich AI systems to form the core of their next-gen HR strategy, disrupting legacy HCM vendors • ...",www.prnewswire.com,0.443177,Bullish,KO,0.036983,0.268774,Somewhat-Bullish
2024-05-07 13:33:00,"Did Someone Say ""Free Money""?",https://www.fool.com/investing/2024/05/07/did-someone-say-free-money/,A podcast episode for dividend stock investors.,www.fool.com,0.178325,Somewhat-Bullish,KO,0.002978,0.084658,Neutral
2024-05-07 14:53:56,"Tempur Sealy Posts Upbeat Earnings, Joins FibroGen, Coca-Cola Consolidated, Fabrinet And Other Big Stocks Moving Higher On Tuesday - Coca-Cola Consolidated  ( NASDAQ:COKE ) , FibroGen  ( NASDAQ:FGEN ) , Tempur Sealy Intl  ( NYSE:TPX ) ",https://www.benzinga.com/news/24/05/38672887/tempur-sealy-posts-upbeat-earnings-joins-fibrogen-coca-cola-consolidated-fabrinet-and-other-big-stoc,"U.S. stocks were higher, with the Dow Jones gaining over 80 points on Tuesday. Shares of Tempur Sealy International, Inc. TPX rose sharply during Tuesday's session following upbeat quarterly earnings.",www.benzinga.com,0.474753,Bullish,KO,0.057079,0.0,Neutral
2024-05-07 16:04:00,"Why Coca-Cola Consolidated Stock Skyrocketed Over $1,000 Per Share Today",https://www.fool.com/investing/2024/05/07/why-coca-cola-consolidated-stock-skyrocketed-over/,You won't believe the amount of money that the bottler intends to return to shareholders.,www.fool.com,0.285608,Somewhat-Bullish,KO,0.66906,0.192169,Somewhat-Bullish
2024-05-07 16:34:00,"How 12 brands are using generative AI in their ad campaigns, from bringing the artist Salvador Dalí to life to helping shelter pets get adopted",https://www.businessinsider.com/ways-advertisers-are-using-generative-ai-for-creative-campaigns-2024-5,12 Ways Advertisers Are Using Generative AI for Creative Campaigns - Business Insider ...,www.businessinsider.com,0.210937,Somewhat-Bullish,KO,0.147044,0.242627,Somewhat-Bullish
2024-05-07 19:55:00,From Apple to Wayfair: A Lot of Earnings Results to Cover,https://www.fool.com/investing/2024/05/07/from-apple-to-wayfair-a-lot-of-earnings-results-to/,"Whether it's smartphones or soy lattes, consumers are pickier right now. The companies that are keeping things convenient and creating value offerings are winning. the ones that aren't are struggling.",www.fool.com,0.173235,Somewhat-Bullish,KO,0.005705,0.097668,Neutral
2024-05-08 05:19:44,Havas India announces key leadership transitions across creative and design agencies,https://www.financialexpress.com/business/brandwagon-havas-india-announces-key-leadership-transitions-across-creative-and-design-agencies-3480384/,"Havas India, a part of the Paris-based global communications network Havas, has announced a significant leadership transition affecting three key agencies under the Havas Creative Network India umbrella.",www.financialexpress.com,0.408171,Bullish,KO,0.056943,0.143965,Neutral
2024-05-08 07:00:00,Stocks To Watch: Coca-Cola Consolidated Sees RS Rating Rise To 92,https://www.investors.com/ibd-data-stories/stocks-to-watch-coca-cola-consolidated-sees-rs-rating-rise-to-92/,"On Wednesday, Coca-Cola Consolidated ( COKE ) reached an important technical milestone, seeing its Relative Strength ( RS ) Rating jump into the 90-plus percentile with an improvement to 92, up from 75 the day before.",www.investors.com,0.318008,Somewhat-Bullish,KO,0.355588,0.374072,Bullish
2024-05-08 10:00:00,Is It Time to Stop Valuing Apple as a Growth Stock?,https://www.fool.com/investing/2024/05/08/is-it-time-to-stop-valuing-apple-as-a-growth-stock/,"Apple stock popped in response to earnings, but growth is still languishing.",www.fool.com,0.250493,Somewhat-Bullish,KO,0.047559,0.134474,Neutral
2024-05-08 16:31:59,The Conservatives' world has disappeared. Don't tell Rishi Sunak,https://www.economist.com/britain/2024/05/08/the-conservatives-world-has-disappeared-dont-tell-rishi-sunak,"I , a cult German film, a devoutly communist mother suffers a heart attack in the autumn of 1989 and ends up in a coma. By the time she wakes up the Berlin Wall has fallen, Germany is on the path to reunification and communism has crumbled.",www.economist.com,0.117403,Neutral,KO,0.185306,-0.105139,Neutral
2024-05-08 17:16:00,AB InBev  ( BUD )  Surpasses Earnings & Revenue Estimates in Q1,https://www.zacks.com/stock/news/2270838/ab-inbev-bud-surpasses-earnings-revenue-estimates-in-q1,"AB InBev (BUD) Q1 results reflect gains from strong revenue per hl growth on pricing actions, premiumization and revenue-management initiatives. Accelerated digital transformation also aids results.",www.zacks.com,0.225329,Somewhat-Bullish,KO,0.116536,0.062579,Neutral
2024-05-09 07:00:00,Coca-Cola Europacific Shows Improved Relative Price Performance; Still Shy Of Benchmark,https://www.investors.com/ibd-data-stories/coca-cola-europacific-shows-improved-relative-price-performance-still-shy-of-benchmark-2/,Coca-Cola Europacific Shows Improved Relative Price Performance. Still Shy Of Benchmark Investor's Business Daily ...,www.investors.com,0.350671,Bullish,KO,0.702434,0.46289,Bullish
2024-05-09 09:35:00,2 Dividend Stocks That Are Screaming Buys in May,https://www.fool.com/investing/2024/05/09/2-dividend-stocks-that-are-screaming-buys-in-may-1/,These top stocks are showing resilience despite a tough economic environment.,www.fool.com,0.30224,Somewhat-Bullish,KO,0.090134,0.076636,Neutral
2024-05-09 10:45:00,3 No-Brainer Nasdaq-100 Stocks to Buy in May,https://www.fool.com/investing/2024/05/09/3-no-brainer-nasdaq-100-stocks-buy-may/,"A basket of Apple, Adobe, and Pepsi gives investors a bit of growth, value, and income.",www.fool.com,0.240505,Somewhat-Bullish,KO,0.121037,-0.008174,Neutral
2024-05-09 13:15:00,"Coca-Cola: Buy, Sell, or Hold?",https://www.fool.com/investing/2024/05/09/coca-cola-buy-sell-or-hold/,This Warren Buffett favorite is the model of consistency.,www.fool.com,0.208809,Somewhat-Bullish,KO,0.627549,0.2822,Somewhat-Bullish
2024-05-09 18:09:25,2 Recession-Proof Stocks To Watch In May 2024,https://stockmarket.com/featured/2-recession-proof-stocks-to-watch-in-may-2024-2024-05-09,"The stock market often reflects broader economic trends. However, certain sectors like consumer staples tend to be more resistant to economic downturns. Recession-proof stocks, particularly in the consumer staples sector, include companies that produce or distribute essential goods.",stockmarket.com,0.253532,Somewhat-Bullish,KO,0.423843,0.187885,Somewhat-Bullish
2024-05-09 20:55:00,Baltic Horizon Fund Consolidated Unaudited Results for Q1 2024,https://www.globenewswire.com/news-release/2024/05/09/2879265/0/en/Baltic-Horizon-Fund-Consolidated-Unaudited-Results-for-Q1-2024.html,Management Board of Northern Horizon Capital AS has approved the unaudited financial results of Baltic Horizon Fund ( the Fund ) for the three months of 2024.,www.globenewswire.com,0.29577,Somewhat-Bullish,KO,0.020474,0.224547,Somewhat-Bullish
2024-05-09 20:56:00,Baltic Horizon Fund Consolidated Unaudited Results for Q1 2024,https://www.globenewswire.com/news-release/2024/05/09/2879266/0/en/Baltic-Horizon-Fund-Consolidated-Unaudited-Results-for-Q1-2024.html,Management Board of Northern Horizon Capital AS has approved the unaudited financial results of Baltic Horizon Fund ( the Fund ) for the three months of 2024.,www.globenewswire.com,0.295769,Somewhat-Bullish,KO,0.020474,0.224547,Somewhat-Bullish
2024-05-10 07:00:00,Coca-Cola Femsa ADR Sees Relative Strength Rating Climb To 71,https://www.investors.com/ibd-data-stories/coca-cola-femsa-adr-sees-relative-strength-rating-climb-to-71/,"Coca-Cola Femsa ADR ( KOF ) had its Relative Strength ( RS ) Rating upgraded from 68 to 71 Friday - a welcome improvement, but still short of the 80 or better score you look for.",www.investors.com,0.250085,Somewhat-Bullish,KO,0.401331,0.284737,Somewhat-Bullish
2024-05-10 09:16:00,5 Metrics That Are Far More Important Than a Stock's Dividend Yield,https://www.fool.com/investing/2024/05/10/metrics-more-important-dividend-yield-buy-stock/,"When it comes to dividends, quality is more important than quantity.",www.fool.com,0.208085,Somewhat-Bullish,KO,0.031738,0.144172,Neutral
2024-05-10 10:30:00,A Victoria's Secret Underwear Brand's AI Tool Designed Swastika Panties,https://www.forbes.com/sites/cyrusfarivar/2024/05/10/a-victorias-secret-underwear-brands-ai-tool-designed-swastika-panties/,Victoria's Secret's Adore Me Designed AI-Generated Swastika Undies Forbes ...,www.forbes.com,0.036332,Neutral,KO,0.046816,-0.052148,Neutral
2024-05-10 11:46:16,Daily: S&P's Buyback Craze Could Reach $1 Trillion By 2025,https://www.forbes.com/sites/daniellechemtob/2024/05/10/forbes-daily-sps--buyback-craze-could-reach-1-trillion-by-2025/,"This is a published version of the Forbes Daily newsletter, you can sign-up to get Forbes Daily in your inbox here. Hot sauce lovers, it might be time to stock up again: There could be another Sriracha shortage soon, as Huy Fong Foods said it would temporarily halt production this summer.",www.forbes.com,0.164624,Somewhat-Bullish,KO,0.02674,-0.00092,Neutral
2024-05-10 14:49:39,Why Coca-Cola Consolidated Stock Jumped This Week,https://www.fool.com/investing/2024/05/10/why-coca-cola-consolidated-stock-jumped-this-week/,Management announced a bold new stock buyback plan.,www.fool.com,0.479842,Bullish,KO,0.565345,0.574779,Bullish
2024-05-10 16:45:08,3 Reasons Why Growth Investors Shouldn't Overlook Coca-Cola FEMSA  ( KOF ) ,https://www.zacks.com/stock/news/2272431/3-reasons-why-growth-investors-shouldnt-overlook-coca-cola-femsa-kof,"Coca-Cola FEMSA (KOF) is well positioned to outperform the market, as it exhibits above-average growth in financials.",www.zacks.com,0.464006,Bullish,KO,0.436009,0.323468,Somewhat-Bullish
2024-05-10 17:08:00,Momentum in Beer Business to Drive Constellation Brands  ( STZ ) ,https://www.zacks.com/stock/news/2272446/momentum-in-beer-business-to-drive-constellation-brands-stz,"Constellation Brands (STZ) has been benefiting from the momentum in the beer business, driven by strength in its Modelo Especial, the Modelo Chelada, Corona Extra and Pacifico brands.",www.zacks.com,0.435671,Bullish,KO,0.155451,0.236124,Somewhat-Bullish
2024-05-10 17:59:08,McDonald's is working to introduce a $5 value meal,https://www.cnbc.com/2024/05/10/mcdonalds-working-on-5-value-meal.html,"The potential new offering comes at a time when low-income consumers are beginning to pull back on spending, particularly at fast-food brands.",www.cnbc.com,0.047838,Neutral,KO,0.175859,-0.010266,Neutral
2024-05-10 19:28:10,McDonald's Ready To Launch $5 Meal Deal: Everything You Need To Know - McDonald's  ( NYSE:MCD ) ,https://www.benzinga.com/markets/equities/24/05/38769271/mcdonalds-ready-to-launch-5-meal-deal-everything-you-need-to-know,Fast food giant McDonald's Corp. MCD appears to be preparing the launch of a $5 meal deal as a value proposition to cash-squeezed customers despite its recent price increases.,www.benzinga.com,0.145967,Neutral,KO,0.24289,0.039324,Neutral
2024-05-10 21:07:00,"Down 44%, Is Now a Good Time to Buy the Dip in This Warren Buffett Streaming Stock?",https://www.fool.com/investing/2024/05/10/down-44-is-now-a-good-time-to-buy-the-dip-in-this/,"Warren Buffett has a large position in Sirius XM, which is down 44% so far this year.",www.fool.com,0.180514,Somewhat-Bullish,KO,0.062926,0.117062,Neutral
2024-05-11 07:35:00,Warren Buffett's Berkshire Hathaway Cuts Apple Stake by 12.9%. Time to Sell?,https://www.fool.com/investing/2024/05/11/warren-buffett-berkshire-hathaway-sell-apple-stock/,Berkshire is raising cash and sees limited opportunities in the market.,www.fool.com,0.203148,Somewhat-Bullish,KO,0.113776,0.152192,Somewhat-Bullish
2024-05-11 07:40:00,67.3% of Warren Buffett's $361 Billion Portfolio Is Invested in Just 4 Stocks,https://www.fool.com/investing/2024/05/11/warren-buffett-billion-portfolio-4-stocks/,Buffett isn't afraid of portfolio concentration when his biggest investments are as wonderful as these companies.,www.fool.com,0.343312,Somewhat-Bullish,KO,0.126284,0.171955,Somewhat-Bullish
2024-05-11 08:38:00,3 No-Brainer Warren Buffett Stocks to Buy Right Now,https://www.fool.com/investing/2024/05/11/3-no-brainer-warren-buffett-stocks-to-buy-right-no/,Feel free to borrow a few of the small number of picks the Oracle of Omaha feels confident enough to own at this time.,www.fool.com,0.202909,Somewhat-Bullish,KO,0.248199,0.150381,Somewhat-Bullish
2024-05-11 10:10:00,Should You Buy Coca-Cola Stock? Read What Warren Buffett Just Said About It.,https://www.fool.com/investing/2024/05/11/should-you-buy-coca-cola-stock-read-what-warren-bu/,"If you learn to think like Buffett, you could end up making better decisions with less stress.",www.fool.com,0.278865,Somewhat-Bullish,KO,0.708903,0.486206,Bullish
2024-05-11 12:30:00,1 Warren Buffett Stock That Could Go Parabolic in 2024,https://www.fool.com/investing/2024/05/11/1-warren-buffett-stock-could-go-parabolic-2024/,There's way more growth ahead for this tech giant.,www.fool.com,0.402609,Bullish,KO,0.065685,0.214624,Somewhat-Bullish
2024-05-11 15:00:00,Want to Build Wealth in the Stock Market While Barely Lifting a Finger? Start With This Surefire Index Fund,https://www.fool.com/investing/2024/05/11/want-to-build-wealth-in-the-stock-market-while-bar/,You don't need to be an investing expert to build wealth in the stock market.,www.fool.com,0.199218,Somewhat-Bullish,KO,0.067727,0.086214,Neutral
2024-05-11 19:00:00,Critical Takeaways From Berkshire Hathaway's First-Quarter Earnings,https://www.forbes.com/sites/bill_stone/2024/05/11/critical-takeaways-from-berkshire-hathaways-first-quarter-earnings/,"""Just tell me where I am going to die, so I never go there."" - Charlie Munger Berkshire Hathaway's ( BRK/A, BRK/B ) first-quarter earnings release coincided with the annual meeting in Omaha. Warren Buffett, CEO and Chairman, and Greg Abel, Vice Chairman of Non-insurance, answered questions from ...",www.forbes.com,0.150445,Somewhat-Bullish,KO,0.025259,0.046649,Neutral
2024-05-12 10:21:00,Buying This Stock-Split Stock 4 Years Ago Was a Genius Move. Can It Still Be a Millionaire-Maker?,https://www.fool.com/investing/2024/05/12/buying-this-stock-split-stock-4-years-ago-was-a-ge/,Celsius Holdings has been a big winner in recent years. Can the good times continue?,www.fool.com,0.375201,Bullish,KO,0.054236,0.208868,Somewhat-Bullish
2024-05-12 10:30:00,Buffett's 2024 Investment Wisdom: Psychology Matters As Much As Financials,https://www.forbes.com/sites/johndobosz/2024/05/12/buffetts-2024-investment-wisdom-psychology-matters-as-much-as-financials/,Value investors worship Warren Buffett. But his amazing investment success stems as much from his astute understanding of consumer behavior as it does from his ability to ferret out financial bargains. arren Buffett is something of a national treasure.,www.forbes.com,0.169424,Somewhat-Bullish,KO,0.080256,0.123703,Neutral
2024-05-12 11:45:00,1 No-Brainer Warren Buffett Stock to Buy Today,https://www.fool.com/investing/2024/05/12/1-no-brainer-warren-buffett-stock-to-buy-today/,This Dow Jones beverage giant is growing sales at a double-digit clip.,www.fool.com,0.381703,Bullish,KO,0.137671,0.152545,Somewhat-Bullish
2024-05-12 17:10:00,"Elon Musk Says Billionaire Investor Warren Buffett Should Buy Tesla Stock. Here's Why He Absolutely, Positively Won't.",https://www.fool.com/investing/2024/05/12/elon-musk-says-billionaire-investor-warren-buffett/,And it's not because of the technology.,www.fool.com,0.219791,Somewhat-Bullish,KO,0.05234,0.108879,Neutral
2024-05-13 07:54:00,3 Dow Dividend Stocks That Are No-Brainer Buys in May,https://www.fool.com/investing/2024/05/13/3-dow-dividend-stocks-that-are-no-brainer-buys-in/,These income investments look attractive following the market's big rally to date in 2024.,www.fool.com,0.321684,Somewhat-Bullish,KO,0.123209,0.104176,Neutral
2024-05-13 09:29:31,Partnering With Small Creators Sees Brands Grow EMV While Building Local Reach,https://www.forbes.com/sites/shirajeczmien/2024/05/13/partnering-with-small-creators-sees-brands-grow-emv-while-building-local-reach/,"Size is just a number. If you don't believe me, just ask Simone Biles. The all-conquering American gymnast has overcome questions surrounding her height to become one of her sport's most revered athletes. Biles has dominated both the Olympics and World Championships over the past 11 years, ...",www.forbes.com,0.311802,Somewhat-Bullish,KO,0.041828,0.215728,Somewhat-Bullish
2024-05-13 10:20:00,Veeva and H&E Equipment Services have been highlighted as Zacks Bull and Bear of the Day,https://www.zacks.com/stock/news/2272523/veeva-and-he-equipment-services-have-been-highlighted-as-zacks-bull-and-bear-of-the-day,"Chicago, IL - May 13, 2024 - Zacks Equity Research shares Veeva Systems ( VEEV Quick QuoteVEEV - ) as the Bull of the Day and H&E Equipment Services, Inc. ( HEES Quick QuoteHEES - ) as the Bear of the Day.",www.zacks.com,0.295381,Somewhat-Bullish,KO,0.068945,0.082503,Neutral
2024-05-13 12:06:43,Daily: Fast Casual Restaurant Stocks Soar In Wall Street Lunch Rush,https://www.forbes.com/sites/daniellechemtob/2024/05/13/forbes-daily-fast-casual-restaurant-stocks-soar-in-wall-street-lunch-rush/,"This is a published version of the Forbes Daily newsletter, you can sign-up to get Forbes Daily in your inbox here. Fast food is out, fast casual is in-at least on Wall Street. Shares of salad chain Sweetgreen rose 34% Friday to their highest level since March 2022 after beating expectations for ...",www.forbes.com,0.074804,Neutral,KO,0.023487,0.206099,Somewhat-Bullish
2024-05-13 14:04:00,SmokeSlam Unveils More Than Just BBQ; A Three-Day Festival For BBQ Fans And The Whole Family,https://www.benzinga.com/pressreleases/24/05/n38791359/smokeslam-unveils-more-than-just-bbq-a-three-day-festival-for-bbq-fans-and-the-whole-family,"Daily Schedule and Partnership with Project Green Fork Announced; Pickleball Activities, Live Music, Fairgrounds, Fireworks, A Memphis Market and Bazaar, and Local Food Vendors Added Stroller- and Diaper Bag-Friendly Rules for Families",www.benzinga.com,0.254591,Somewhat-Bullish,KO,0.024572,0.21199,Somewhat-Bullish
2024-05-13 22:25:46,"Coca-Cola, PepsiCo And Nestlé Are Top Plastic Polluters: Is Hemp The Answer To Nanoplastics In The Oceans?? - Coca-Cola  ( NYSE:KO ) , PepsiCo  ( NASDAQ:PEP ) ",https://www.benzinga.com/general/biotech/24/05/38802478/coca-cola-pepsico-and-nestl-are-top-plastic-polluters-is-hemp-the-answer-to-nanoplastics-in-the-o,"According to a new study published in Science Advances, fifty-six brands led by Coca-Cola KO, PepsiCo PEP, and Nestlé NESN are responsible for more than half of the plastic pollution found across the globe.",www.benzinga.com,0.215797,Somewhat-Bullish,KO,0.235823,0.158209,Somewhat-Bullish
2024-05-13 23:55:05,What Warren Buffett Is Selling and Saying,https://www.fool.com/investing/2024/05/13/what-warren-buffett-is-selling-and-saying/,"When Warren Buffett talks, investors listen. We unpack the quotes and commentary from the market's most anticipated annual meeting and check in on the state of Berkshire Hathaway.",www.fool.com,0.154181,Somewhat-Bullish,KO,0.010582,0.052811,Neutral
2024-05-14 02:10:36,Kilmer Sports Ventures Enters into Exclusive Negotiations to Acquire French Professional Football Club AS Saint-Étienne,https://www.benzinga.com/pressreleases/24/05/g38806099/kilmer-sports-ventures-enters-into-exclusive-negotiations-to-acquire-french-professional-football-,"TORONTO, May 13, 2024 ( GLOBE NEWSWIRE ) -- Kilmer Sports Ventures, a part of Kilmer Group, announced today it has entered into exclusive negotiations with shareholders to acquire AS Saint-Étienne, one of France's most decorated and beloved football clubs.",www.benzinga.com,0.423744,Bullish,KO,0.101154,0.09926,Neutral
2024-05-14 07:00:00,Coca-Cola Femsa ADR Sees RS Rating Improve To 72,https://www.investors.com/ibd-data-stories/coca-cola-femsa-adr-sees-rs-rating-improve-to-72/,"Coca-Cola Femsa ADR ( KOF ) saw a welcome improvement to its Relative Strength ( RS ) Rating on Tuesday, with an upgrade from 69 to 72. X This proprietary rating measures market leadership by showing how a stock's price movement over the last 52 weeks measures up against that of the other ...",www.investors.com,0.181502,Somewhat-Bullish,KO,0.576289,0.176227,Somewhat-Bullish
2024-05-14 11:45:47,5 Best Dividend Stocks To Help Hedge Inflation,https://www.forbes.com/sites/investor-hub/article/best-dividend-stocks-to-hedge-inflation/,"As inflation seems to be sticking around with rates above 3%, investors seek refuge in assets that can offer stability and growth. Dividend stocks, known for their consistent payouts and potential for capital appreciation, emerge as a compelling option in turbulent economic times.",www.forbes.com,0.494702,Bullish,KO,0.092213,0.276817,Somewhat-Bullish
2024-05-14 12:00:00,"Fun, Relaxation, Thrills - Now that's Summer at the Old Port of Montréal!",https://www.benzinga.com/pressreleases/24/05/n38813617/fun-relaxation-thrills-now-thats-summer-at-the-old-port-of-montr-al,"Jackalope, the Shérif festival, Show devant presented with Montréal Complètement Cirque, Montréal's Korean Week, and so much more! The Old Port is all about keeping things fresh! Our mission is to offer new activities every summer, so that means new events, new festivals, and celebrations of all ...",www.benzinga.com,0.342338,Somewhat-Bullish,KO,0.034282,0.065202,Neutral
2024-05-14 13:00:00,"RWS GLOBAL ACQUIRES GREAT BIG EVENTS, PRODUCERS OF THE WORLD'S GREATEST SPORTING MOMENTS, CONTINUING TO RAISE THE BAR IN GLOBAL EVENT PRODUCTION",https://www.benzinga.com/pressreleases/24/05/n38815779/rws-global-acquires-great-big-events-producers-of-the-worlds-greatest-sporting-moments-continuing-,"RWS Global, the Leader in Live Moments, Establishes Global Sports Division, RWS Global Sports NEW YORK, May 14, 2024 /PRNewswire/ -- RWS Global, the world leader in live moments, today announced the acquisition of Great Big Events ( GBE ) , a leading sports event production company known for its ...",www.benzinga.com,0.441621,Bullish,KO,0.042346,0.11297,Neutral
2024-05-14 14:46:00,Jimmie Johnson to attempt his own version of Indy 500 & NASCAR doubleheader,https://apnews.com/article/indy-500-cocacola-600-johnson-nbc-1a97f25f8323ee62be27e39916d41380,"INDIANAPOLIS ( AP ) - Jimmie Johnson will attempt his own version of ""The Double"" when he becomes the first driver to be part of the Indianapolis 500 broadcast team hours before he competes in NASCAR's Coca-Cola 600.",apnews.com,0.20902,Somewhat-Bullish,KO,0.355588,0.073342,Neutral
2024-05-14 18:06:47,The Prompt: AI-Generated Undies Gone Wrong,https://www.forbes.com/sites/rashishrivastava/2024/05/14/the-prompt-ai-generated-undies-gone-wrong/,"The Prompt is a weekly rundown of AI's buzziest startups, biggest breakthroughs, and business deals. To get it in your inbox, subscribe here. On Monday, OpenAI launched GPT-4o, a new multimodal AI model that can process text, audio, images and video and generate content across those modalities.",www.forbes.com,0.18043,Somewhat-Bullish,KO,0.02866,0.05214,Neutral
2024-05-14 21:03:00,Kyle Larson off to wet and rocky start in quest to complete Indy 500 and NASCAR double,https://apnews.com/article/indy500-nascar-larson-double-1a4273e6b2bc03609b29962060d9d142,INDIANAPOLIS ( AP ) - Kyle Larson's final tune-up before he began his Indianapolis 500 preparations ended with him rolling his sprint car five times in a crash at Kokomo Speedway.,apnews.com,0.035114,Neutral,KO,0.094762,0.0,Neutral
2024-05-14 22:51:00,Vanguard Announces Appointment of Salim Ramji as New CEO,https://www.prnewswire.com/news-releases/vanguard-announces-appointment-of-salim-ramji-as-new-ceo-302145541.html,"VALLEY FORGE, Pa., May 14, 2024 /PRNewswire/ -- Vanguard announced today that its Board of Directors has appointed Salim Ramji, a longtime financial services executive, as the Company's new Chief Executive Officer and a member of the Board, effective July 8, 2024.",www.prnewswire.com,0.419576,Bullish,KO,0.072326,0.053297,Neutral
2024-05-15 09:10:00,"Up 7% in 1 Month, Is Coca-Cola Stock About to Hit a New All-Time High?",https://www.fool.com/investing/2024/05/15/up-big-1-month-buy-coca-cola-stock-all-time-high/,This Dividend King remains a rock-solid choice for generating passive income.,www.fool.com,0.262279,Somewhat-Bullish,KO,0.157827,0.12042,Neutral
2024-05-15 10:45:00,Grocery Business Hall of Fame announces 2024 inductees,https://www.benzinga.com/pressreleases/24/05/g38838473/grocery-business-hall-of-fame-announces-2024-inductees,"TORONTO, May 15, 2024 ( GLOBE NEWSWIRE ) -- Grocery Business Hall of Fame has announced the names of the 25 individuals being honoured for contributions to the grocery industry and the communities they serve.",www.benzinga.com,0.32181,Somewhat-Bullish,KO,0.089129,0.12946,Neutral
2024-05-15 11:15:00,Meet the Two Super Safe Stock Market Sectors That Just Hit 52-Week Highs,https://www.fool.com/investing/2024/05/15/stock-market-sector-utility-consumer-staple-high/,"Investors are getting defensive, and that's driving higher prices in the utility and consumer staples sectors.",www.fool.com,0.264427,Somewhat-Bullish,KO,0.041901,0.068676,Neutral
2024-05-15 12:35:00,5 Top Vanguard Mutual Funds Amid Volatile Market Conditions,https://www.zacks.com/stock/news/2274066/5-top-vanguard-mutual-funds-amid-volatile-market-conditions,"Invest in Vanguard mutual funds like VQNPX, VWNDX, VSEQX, VGHCX and VSTCX to earn excellent returns amid uncertain market conditions.",www.zacks.com,0.271115,Somewhat-Bullish,KO,0.037387,0.047721,Neutral
2024-05-15 14:56:07,Coca-Cola Europacific Partners  ( NASDAQ:CCEP )  Rating Lowered to Hold at StockNews.com,https://www.defenseworld.net/2024/05/15/coca-cola-europacific-partners-nasdaqccep-rating-lowered-to-hold-at-stocknews-com.html,"Coca-Cola Europacific Partners ( NASDAQ:CCEP - Get Free Report ) was downgraded by StockNews.com from a ""buy"" rating to a ""hold"" rating in a report issued on Monday. CCEP has been the subject of several other reports.",www.defenseworld.net,0.267949,Somewhat-Bullish,KO,0.841981,0.443227,Bullish
2024-05-15 17:30:00,Baltic Horizon Fund publishes its NAV for April 2024,https://www.globenewswire.com/news-release/2024/05/15/2882765/0/en/Baltic-Horizon-Fund-publishes-its-NAV-for-April-2024.html,The net asset value ( NAV ) per unit of the Baltic Horizon Fund ( the Fund ) amounted to EUR 0.9078 at the end of April 2024 ( 0.9087 as of 31 March 2024 ) . The month-end total net asset value of the Fund was EUR 108.6 million and remained at a similar level compared to the prior month ( EUR ...,www.globenewswire.com,0.158543,Somewhat-Bullish,KO,0.131643,0.126483,Neutral
2024-05-15 18:10:31,McDonald's $5 value meal is coming in June - and staying for just a month,https://www.cnbc.com/2024/05/15/mcdonalds-5-value-meal-starts-june-25-last-about-a-month.html,"The offering will include four items - a McChicken or McDouble, four piece chicken nuggets, fries and a drink.",www.cnbc.com,0.158696,Somewhat-Bullish,KO,0.211191,0.178781,Somewhat-Bullish
2024-05-15 18:48:16,This Is What Whales Are Betting On Coca-Cola - Coca-Cola  ( NYSE:KO ) ,https://www.benzinga.com/insights/options/24/05/38854359/this-is-what-whales-are-betting-on-coca-cola,"Benzinga's options scanner has just identified more than 8 option transactions on Coca-Cola KO, with a cumulative value of $1,125,070. Concurrently, our algorithms picked up 2 puts, worth a total of 143,011.",www.benzinga.com,0.191338,Somewhat-Bullish,KO,0.888189,0.321478,Somewhat-Bullish
2024-05-16 09:15:00,Costco Stock Just Hit an All-Time High. It's Now More Expensive Than Nvidia According to This Key Metric.,https://www.fool.com/investing/2024/05/16/costco-stock-all-time-high-more-expensive-nvidia/,Costco's customer-first focus has proven a winning model for shareholders.,www.fool.com,0.265102,Somewhat-Bullish,KO,0.036812,0.0,Neutral
2024-05-16 13:04:40,Berkshire Hathaway's First Quarter 2024 Portfolio Moves,https://www.forbes.com/sites/bill_stone/2024/05/16/berkshire-hathaways-first-quarter-2024-portfolio-moves/,"Berkshire Hathaway's ( BRK/A, BRK/B ) first-quarter 13F was filed after the market close on May 15. This filing gives us a quarterly opportunity to observe what Warren Buffett and his investment team are doing within Berkshire's publicly traded equity portfolio.",www.forbes.com,0.16488,Somewhat-Bullish,KO,0.154455,0.092867,Neutral
2024-05-16 13:54:49,"Warren Buffett's Berkshire Confirms Apple Sale, Dumps This PC Maker, Finally Reveals Mystery Stock: Here Are The Portfolio Changes To Know - Apple  ( NASDAQ:AAPL ) , American Express  ( NYSE:AXP ) ",https://www.benzinga.com/markets/equities/24/05/38873913/warren-buffetts-berkshire-confirms-apple-sale-dumps-this-pc-maker-finally-reveals-mystery-stock-,"Investment guru Warren Buffett confirmed Wednesday the trimming of his Apple, Inc. AAPL stake and finally shed light on the mystery stock his firm, Berkshire Hathaway, Inc. BRK BRK, accumulated ahead of the first quarter. Apple, Chevron Trimmed: Berkshire reduced its Apple position by a little ...",www.benzinga.com,0.174277,Somewhat-Bullish,KO,0.163354,0.546231,Bullish
2024-05-16 14:08:00,IHG Hotels & Resorts Invites Guests to Celebrate the Best of the Season at its Luxury & Lifestyle Hotels' Summer Soiree Series,https://www.benzinga.com/pressreleases/24/05/n38874251/ihg-hotels-resorts-invites-guests-to-celebrate-the-best-of-the-season-at-its-luxury-lifestyle-hote,"Summer programming will come to life through seasonal menus, music, decor and bespoke guest experiences across IHG properties in the Americas",www.benzinga.com,0.367924,Bullish,KO,0.02241,0.119114,Neutral
2024-05-16 15:37:00,How viral olive-oil brand Graza tapped influencers for its largest product launch after slashing its marketing budget,https://www.businessinsider.com/inside-graza-olive-oil-influencer-marketing-strategy-2024-5,Inside Graza Olive Oil's Influencer Marketing Strategy - Business Insider ...,www.businessinsider.com,0.137863,Neutral,KO,0.056143,0.021004,Neutral
2024-05-16 20:32:00,"Utah business deals reach record value in 2023 despite drop in volume, according to MountainWest Capital Network",https://www.prnewswire.com/news-releases/utah-business-deals-reach-record-value-in-2023-despite-drop-in-volume-according-to-mountainwest-capital-network-302146139.html,"SALT LAKE CITY, May 16, 2024 /PRNewswire/ -- MountainWest Capital Network ( MWCN ) , today announced the results of its annual Deal Flow Report, which tells a compelling story for Utah's strong financial business transactions.",www.prnewswire.com,0.321977,Somewhat-Bullish,KO,0.08687,0.156833,Somewhat-Bullish
2024-05-17 09:06:00,"Warren Buffett Has Spent More Buying This Stock Than He Did With Apple, Chevron, Coca-Cola, American Express, and Occidental Petroleum, Combined!",https://www.fool.com/investing/2024/05/17/warren-buffett-has-spent-more-buying-this-stock/,"Berkshire's collective cost basis in Apple, Chevron, Coca-Cola, American Express, and Occidental Petroleum is around $63 billion. The Oracle of Omaha has spent $77 billion alone buying shares of his favorite stock.",www.fool.com,0.283753,Somewhat-Bullish,KO,0.247478,0.179391,Somewhat-Bullish
2024-05-17 11:44:00,SAP BrandVoice: 5 Consumer Products Trends Forcing Change in 2024,https://www.forbes.com/sites/sap/2024/05/17/5-consumer-products-trends-forcing-change-in-2024/,5 Consumer Products Trends Forcing Change in 2024 Forbes ...,www.forbes.com,0.248634,Somewhat-Bullish,KO,0.033098,-0.070574,Neutral
2024-05-17 13:00:15,CocaCola Company  ( The )   ( KO )  Is a Trending Stock: Facts to Know Before Betting on It,https://www.zacks.com/stock/news/2275257/cocacola-company-the-ko-is-a-trending-stock-facts-to-know-before-betting-on-it,"Recently, Zacks.com users have been paying close attention to Coca-Cola (KO). This makes it worthwhile to examine what the stock has in store.",www.zacks.com,0.235153,Somewhat-Bullish,KO,0.483888,0.182057,Somewhat-Bullish
2024-05-17 14:30:00,KENTUCKY DERBY 150: A RECORD-BREAKING CELEBRATION,https://www.benzinga.com/pressreleases/24/05/n38895703/kentucky-derby-150-a-record-breaking-celebration,"LOUISVILLE, Ky., May 17, 2024 /PRNewswire/ -- When Churchill Downs hosted the Kentucky Derby on Saturday, May 4, it marked a monumental event in sports and American culture as the historic race for 3-year-old Thoroughbreds was staged for the 150th consecutive year without interruption - a mark ...",www.benzinga.com,0.222384,Somewhat-Bullish,KO,0.047559,-0.017857,Neutral
2024-05-17 16:45:32,CocaCola Company Is a Trending Stock: Facts to Know Before Betting on It - Coca-Cola  ( NYSE:KO ) ,https://www.benzinga.com/news/earnings/24/05/38895283/cocacola-company-is-a-trending-stock-facts-to-know-before-betting-on-it,"Coca-Cola KO is one of the stocks most watched by Zacks.com visitors lately. So, it might be a good idea to review some of the factors that might affect the near-term performance of the stock. Over the past month, shares of this world's largest beverage maker have returned +7.5%, compared to the ...",www.benzinga.com,0.256132,Somewhat-Bullish,KO,0.442853,0.1607,Somewhat-Bullish
2024-05-17 17:23:50,CocaCola Company Is a Trending Stock: Facts to Know Before Betting on It,https://markets.businessinsider.com/news/stocks/cocacola-company-is-a-trending-stock-facts-to-know-before-betting-on-it-1033400347,"Coca-Cola ( NYSE:KO ) is one of the stocks most watched by Zacks.com visitors lately. So, it might be a good idea to review some of the factors that might affect the near-term performance of the stock.",markets.businessinsider.com,0.251524,Somewhat-Bullish,KO,0.416844,0.156957,Somewhat-Bullish
2024-05-18 06:29:00,This Ridiculously Cheap Warren Buffett Stock Could Make You Richer,https://www.fool.com/investing/2024/05/18/this-ridiculously-cheap-warren-buffett-stock-could/,Some investors will balk at what looks like a premium price. Take a step back and look at the bigger picture.,www.fool.com,0.239372,Somewhat-Bullish,KO,0.569491,0.359562,Bullish
2024-05-18 09:48:00,Could Warren Buffett Like This Stock More Than Apple Because of Its Once-in-a-Generation Opportunity?,https://www.fool.com/investing/2024/05/18/warren-buffett-like-this-stock-more-than-apple/,Another stock might be the apple of Buffett's eye now.,www.fool.com,0.23933,Somewhat-Bullish,KO,0.061631,0.272346,Somewhat-Bullish
2024-05-18 22:42:00,"Indy 500: When it starts, how to watch, betting odds for 'The Greatest Spectacle in Racing'",https://apnews.com/article/indianapolis-500-cde07fc5dd53f28f7b0302c26293bd0f,How to watch the Indianapolis 500 The Associated Press ...,apnews.com,0.221091,Somewhat-Bullish,KO,0.134968,0.138207,Neutral
2024-05-19 07:50:43,Coca-Cola Europacific Partners  ( NASDAQ:CCEP )  Downgraded to Hold at StockNews.com,https://www.defenseworld.net/2024/05/19/coca-cola-europacific-partners-nasdaqccep-downgraded-to-hold-at-stocknews-com.html,"Coca-Cola Europacific Partners ( NASDAQ:CCEP - Get Free Report ) was downgraded by investment analysts at StockNews.com from a ""buy"" rating to a ""hold"" rating in a report released on Sunday.",www.defenseworld.net,0.28306,Somewhat-Bullish,KO,0.854205,0.467777,Bullish
2024-05-19 09:12:00,Want to Beat the S&P 500? History Says Avoid This Top Warren Buffett Stock,https://www.fool.com/investing/2024/05/19/want-to-beat-sp-500-history-says-top-buffet-stock/,"This company's powerful brand resonates with consumers, but its shares have underperformed.",www.fool.com,0.248684,Somewhat-Bullish,KO,0.600602,0.357155,Bullish
2024-05-19 11:30:00,Great-Power Politics Is Ruining the Olympics,https://www.theatlantic.com/international/archive/2024/05/geopolitics-doping-wada-olympics/678409/,"In 2021, on the eve of the Tokyo Olympics, 23 top Chinese swimmers tested positive for the drug trimetazidine. In its proper clinical setting, the medication is used to treat angina. But for an athlete or a coach willing to cheat, it is a performance-enhancing drug, boosting the heart muscle's ...",www.theatlantic.com,-0.012379,Neutral,KO,0.023696,0.001931,Neutral
2024-05-19 16:00:00,"A Conversation With Legendary Marketeer Lee Applbaum On ""Kinship"" Driven Entrepreneurialism + Being Truly Disruptive Vs. Iterative",https://www.forbes.com/sites/billeehoward/2024/05/19/a-conversation-with-legendary-marketeer-lee-applbaum-on-kinship-driven-entrepreneurialism--being-truly-disruptive-vs-iterative/,"A Conversation With Legendary Marketeer Lee Applbaum On ""Kinship"" Driven Entrepreneurialism + Being Truly ... Forbes ...",www.forbes.com,0.27341,Somewhat-Bullish,KO,0.022925,-0.005294,Neutral
2024-05-20 08:00:00,Buffett Buys Chubb: Why You May Want To Follow The Oracle of Omaha Into His New Insurance Holding,https://www.fool.com/investing/2024/05/20/warren-buffett-buys-chubb-you-should-too/,Buffett buys into the industry's premier brand riding a strong insurance market.,www.fool.com,0.074366,Neutral,KO,0.04076,0.036334,Neutral
2024-05-20 11:00:00,Novel Medical Food Solution for the Elderly: Pluri & Wilk Collaborate to Develop Human Breast Milk-Derived Food Production on a Commercial Scale - Pluri  ( NASDAQ:PLUR ) ,https://www.benzinga.com/pressreleases/24/05/g38915304/novel-medical-food-solution-for-the-elderly-pluri-wilk-collaborate-to-develop-human-breast-milk-de,New production process will be developed based on Pluri's proprietary 3D cell expansion technology Human breast milk oligosaccharides are known to shape the gut microbiota and thus provide health benefits to adults,www.benzinga.com,0.148881,Neutral,KO,0.036365,0.132217,Neutral
2024-05-20 12:00:00,Coca-Cola Consolidated Announces Commencement of Tender Offer to Purchase up to $2.0 Billion in Value of its Common Stock - Coca-Cola Consolidated  ( NASDAQ:COKE ) ,https://www.benzinga.com/pressreleases/24/05/g38916351/coca-cola-consolidated-announces-commencement-of-tender-offer-to-purchase-up-to-2-0-billion-in-val,"CHARLOTTE, N.C., May 20, 2024 ( GLOBE NEWSWIRE ) -- Coca-Cola Consolidated, Inc. COKE ( the ""Company"" ) announced today that it has commenced a modified ""Dutch auction"" tender offer to purchase shares of its Common Stock for an aggregate purchase price of up to $2.0 billion.",www.benzinga.com,0.207899,Somewhat-Bullish,KO,0.269776,0.114774,Neutral
2024-05-20 12:15:00,Here's How Much Stock Coca-Cola Consolidated Wants to Buy Back  ( Hint: It's a Lot ) ,https://www.fool.com/investing/2024/05/20/heres-how-much-stock-coca-cola-consolidated-wants/,What will drive earnings growth after this?,www.fool.com,0.246628,Somewhat-Bullish,KO,0.789702,0.408938,Bullish
2024-05-20 12:30:00,3 Warren Buffett Stocks That Are Screaming Buys Right Now,https://www.fool.com/investing/2024/05/20/3-warren-buffett-stocks-screaming-buys-now/,These stocks are poised for more gains in 2024 and beyond.,www.fool.com,0.270983,Somewhat-Bullish,KO,0.366061,0.104218,Neutral
2024-05-20 13:00:00,Military's Leading Foodservice Units Honored for Their Global Support Efforts,https://www.prnewswire.com/news-releases/militarys-leading-foodservice-units-honored-for-their-global-support-efforts-302150099.html,"Restaurant industry celebrates excellence and dedication of top-tier teams at the 2024 Military Foodservice Awards CHICAGO, May 20, 2024 /PRNewswire/ -- The crucial role of foodservice professionals in America's Armed Forces and Military Sealift Command was the focus of the 2024 Military ...",www.prnewswire.com,0.510091,Bullish,KO,0.040348,0.068707,Neutral
2024-05-21 10:20:08,Should You Invest in the iShares U.S. Consumer Staples ETF  ( IYK ) ?,https://www.zacks.com/stock/news/2276380/should-you-invest-in-the-ishares-us-consumer-staples-etf-iyk,Sector ETF report for ...,www.zacks.com,0.126861,Neutral,KO,0.129168,0.070052,Neutral
2024-05-21 10:50:00,This Warren Buffett Stock Is a No-Brainer Buy,https://www.fool.com/investing/2024/05/21/this-warren-buffett-stock-is-a-no-brainer-buy/,How many brands can compare to Coke?,www.fool.com,0.299803,Somewhat-Bullish,KO,0.104683,0.205574,Somewhat-Bullish
2024-05-21 11:45:00,"Worried About a Stock Market Correction? 1 Vanguard ETF, 1 Dividend King, and 1 ""Magnificent Seven"" Stock to Buy Now",https://www.fool.com/investing/2024/05/21/buy-vanguard-etf-dividend-king-magnificent-seven/,There are plenty of ways to prepare for a potential stock market correction while still meeting your long-term financial goals.,www.fool.com,0.236967,Somewhat-Bullish,KO,0.102449,0.227319,Somewhat-Bullish
2024-05-21 14:30:00,"Electric Truck Company Harbinger Announces $400 Million in Customer Vehicle Orders from Bimbo Bakeries USA, RV Manufacturer THOR Industries, Nationwide Dealers and More",https://www.benzinga.com/pressreleases/24/05/n38943127/electric-truck-company-harbinger-announces-400-million-in-customer-vehicle-orders-from-bimbo-baker,"4,000 binding pre-orders from customers including Bimbo Bakeries USA; the world's largest RV manufacturer, THOR Industries; postal service operator, Mail Management Services; leading North American commercial vehicle dealers; and more.",www.benzinga.com,0.209083,Somewhat-Bullish,KO,0.020903,0.026817,Neutral
2024-05-21 18:05:37,Inflation and AI: 2 Timely Topics,https://www.fool.com/investing/2024/05/21/inflation-and-ai-2-timely-topics/,We also dig into companies that have more than one CEO.,www.fool.com,0.141432,Neutral,KO,0.008573,0.108454,Neutral
2024-05-21 20:05:07,"EV Startup Harbinger Snags $400M in Commercial Vehicle Chassis Orders - Grupo Bimbo  ( OTC:BMBOY ) , Thor Industries  ( NYSE:THO ) ",https://www.benzinga.com/news/24/05/38945242/ev-startup-harbinger-snags-400m-in-commercial-vehicle-chassis-orders,"Among companies ordering electric vehicle chassis from Harbinger is Bimbo Bakeries USA, the U.S. business unit of Grupo Bimbo BMBOY, the world's largest baking company. Harbinger also received an order from Thor Industries THO, one of the world's largest recreational vehicle manufacturers, the ...",www.benzinga.com,0.07295,Neutral,KO,0.06211,0.077011,Neutral
2024-05-21 20:37:12,McDonald's franchisee group says $5 value meal can't last without company investment,https://www.cnbc.com/2024/05/21/mcdonalds-franchisee-group-value-meal.html,The $5 value meal will hit menu boards beginning June 25 and will last roughly a month.,www.cnbc.com,0.25536,Somewhat-Bullish,KO,0.166169,0.116367,Neutral
2024-05-21 22:42:00,"Ricky Rudd, Carl Edwards and Ralph Moody selected to NASCAR Hall of Fame Class of 2025",https://apnews.com/article/nascar-hall-of-fame-e51045f939f572438c86e2082f21f195,"CHARLOTTE, N.C. ( AP ) - Ricky Rudd was clearing away leaves by his pool when he got an anonymous text message that he might want to make the 20-minute drive south to Charlotte - quickly. Rudd knew right away that he was finally getting into the NASCAR Hall of Fame in his eighth year on the ...",apnews.com,0.289923,Somewhat-Bullish,KO,0.055492,0.11709,Neutral
2024-05-22 00:40:00,On-tap GenAI turns virtual into reality,https://www.financialexpress.com/business/digital-transformation-on-tap-genai-turns-virtual-into-reality-3496498/,"Imagine a scenario where a movie is made in one language and dubbed in several other languages, but the lip and jaw movements are synchronised in such a manner that it looks that actors are actually speaking the language in which you choose to view the film. Well, this is no more an imagination, ...",www.financialexpress.com,0.19772,Somewhat-Bullish,KO,0.043579,0.094295,Neutral
2024-05-22 10:20:05,Is Nuveen ESG Large-Cap Value ETF  ( NULV )  a Strong ETF Right Now?,https://www.zacks.com/stock/news/2277003/is-nuveen-esg-large-cap-value-etf-nulv-a-strong-etf-right-now,Smart Beta ETF report for ...,www.zacks.com,0.300663,Somewhat-Bullish,KO,0.107978,-0.042067,Neutral
2024-05-22 11:21:00,Monday.com's Stock Price Just Exploded. Time to Buy?,https://www.fool.com/investing/2024/05/22/monday-stock-price-just-exploded-time-to-buy/,Is Monday.com's stock jump a sign of future growth? Let's take a look.,www.fool.com,0.263671,Somewhat-Bullish,KO,0.050679,0.117835,Neutral
2024-05-22 12:00:00,Warren Buffett Counts On This Stock The Most As Apple Sours,https://www.investors.com/etfs-and-funds/sectors/sp500-warren-buffett-counts-on-this-stock-the-most-as-apple-sours/,Apple is the largest position in Warren Buffett's Berkshire Hathaway. But it's not the stock the famed investor is making the most money on now.,www.investors.com,0.264576,Somewhat-Bullish,KO,0.504646,0.27267,Somewhat-Bullish
2024-05-22 12:31:00,"Stenhouse fined $75,000 by NASCAR, Busch avoids penalty for post All-Star race fight",https://apnews.com/article/nascar-stenhouse-busch-penalties-313af88925420a0be07215c194f6d92f,"Stenhouse fined $75000 by NASCAR, Busch avoids penalty for post All-Star race fight The Associated Press ...",apnews.com,-0.28017,Somewhat-Bearish,KO,0.249106,-0.16881,Somewhat-Bearish
2024-05-22 14:00:00,AI Is Deciphering Your Corporate Trade Secrets,https://www.forbes.com/sites/neilsahota/2024/05/22/ai-is-deciphering-your-corporate-trade-secrets/,"In the high-stakes world of corporate competition, trade secrets are the hidden gems that give companies their competitive edge. From the recipe for Coca-Cola to Google's search algorithm, these secrets are closely guarded. However, with the advent of AI, the sanctity of these corporate treasures ...",www.forbes.com,0.20891,Somewhat-Bullish,KO,0.045655,0.004994,Neutral
2024-05-23 02:00:00,SINGAPORE'S XSQUARE TECHNOLOGIES SECURES S$10.5M IN SERIES A FUNDING LED BY WAVEMAKER PARTNERS,https://www.prnewswire.com/apac/news-releases/singapores-xsquare-technologies-secures-s10-5m-in-series-a-funding-led-by-wavemaker-partners-302153520.html,SINGAPORE'S XSQUARE TECHNOLOGIES SECURES S$10.5M IN SERIES A FUNDING LED BY WAVEMAKER ... PR ...,www.prnewswire.com,0.45843,Bullish,KO,0.036476,0.094043,Neutral
2024-05-23 09:16:00,"1 Unstoppable Stock Set to Join Nvidia, Microsoft, Apple, Amazon, Alphabet, and Meta in the $1 Trillion Club",https://www.fool.com/investing/2024/05/23/1-stock-join-nvidia-apple-amazon-1-trillion-club/,Berkshire Hathaway has generated life-changing returns for more than 58 years under Warren Buffett's direction.,www.fool.com,0.279407,Somewhat-Bullish,KO,0.192387,0.220006,Somewhat-Bullish
2024-05-23 09:22:00,"Toronto awarded WNBA's first franchise outside US, with expansion team set to begin play in 2026",https://apnews.com/article/toronto-wnba-expansion-3e45b24aeb7d205fcdc77ae51d446bd1,"Toronto has been awarded the WNBA's first franchise outside the United States, with the expansion team set to begin play in 2026. Larry Tanenbaum-led Kilmer Sports Ventures is paying $115 million for the team.",apnews.com,0.264576,Somewhat-Bullish,KO,0.154455,0.142166,Neutral
2024-05-23 11:30:00,This Vanguard ETF Just Hit an All-Time High as It Continues to Outperform the S&P 500 and the Nasdaq Composite Over the Last 5 Years,https://www.fool.com/investing/2024/05/23/vanguard-etf-all-time-high-sp-500-nasdaq/,Betting on megacap growth has been a winning strategy.,www.fool.com,0.267559,Somewhat-Bullish,KO,0.041039,0.09244,Neutral
2024-05-23 12:00:00,"SUMMER IS HERE! Dive into the Summer of 60 at SeaWorld with ALL-NEW Thrilling Rides and Attractions, Parades, Animal Presentations, Shows, Concerts, Fireworks, Culinary and Merchandise Offerings, Plus the Return of Shamu and Crew - United Parks & Resorts  ( NYSE:PRKS ) ",https://www.benzinga.com/pressreleases/24/05/n38983465/summer-is-here-dive-into-the-summer-of-60-at-seaworld-with-all-new-thrilling-rides-and-attractions,Take advantage of the Memorial Day sale happening now to get up to 50% off on tickets and passes to enjoy the must-see 60th Anniversary summer celebrations,www.benzinga.com,0.432403,Bullish,KO,0.030998,0.03852,Neutral
2024-05-23 13:30:00,Supplier LOCT Selected for the 2024 Innovative Partnership Award,https://www.prnewswire.com/news-releases/supplier-loct-selected-for-the-2024-innovative-partnership-award-302153672.html,"WASHINGTON, May 23, 2024 /PRNewswire/ -- Guidehouse, a leading global provider of strategy, digital, and managed services to commercial and public sector clients, announced today that the Supplier Leadership on Climate Transition ( Supplier LOCT ) , a cross-industry collaborative accelerating ...",www.prnewswire.com,0.438743,Bullish,KO,0.066414,-0.043054,Neutral
2024-05-23 14:12:11,'Significant milestone': Toronto getting first WNBA team outside US,https://www.aljazeera.com/news/2024/5/23/significant-milestone-toronto-getting-first-wnba-team-outside-us,"Canada's largest city is getting expansion team that will begin playing in Women's National Basketball Association in 2026. Toronto has been awarded the first Women's National Basketball Association ( WNBA ) franchise outside the United States, with the expansion team to begin playing in 2026.",www.aljazeera.com,0.256523,Somewhat-Bullish,KO,0.172097,0.140024,Neutral
2024-05-23 15:21:00,Coca-Cola UNITED to invest estimated $330M in new campus in Birmingham's Kingston community - PR Newswire,https://www.prnewswire.com/news-releases/coca-cola-united-to-invest-estimated-330m-in-new-campus-in-birminghams-kingston-community-302154386.html,Coca-Cola UNITED to invest estimated $330M in new campus in Birmingham's Kingston community PR ...,www.prnewswire.com,0.447343,Bullish,KO,0.737626,0.640972,Bullish
2024-05-23 15:46:29,Decoding Coca-Cola's Options Activity: What's the Big Picture? - Coca-Cola  ( NYSE:KO ) ,https://www.benzinga.com/insights/options/24/05/38989401/decoding-coca-colas-options-activity-whats-the-big-picture,"Whales with a lot of money to spend have taken a noticeably bullish stance on Coca-Cola. Looking at options history for Coca-Cola KO we detected 8 trades. If we consider the specifics of each trade, it is accurate to state that 62% of the investors opened trades with bullish expectations and 37% ...",www.benzinga.com,0.163563,Somewhat-Bullish,KO,0.852088,0.315413,Somewhat-Bullish
2024-05-23 17:54:46,WNBA Expanding Internationally To Toronto As Viewership Climbs,https://www.forbes.com/sites/mollybohannon/2024/05/23/wnba-expanding-internationally-to-toronto-as-viewership-climbs/,WNBA Adding Toronto Team Amid Caitlin Clark-Driven Viewership Jump Forbes ...,www.forbes.com,0.159239,Somewhat-Bullish,KO,0.068502,0.181829,Somewhat-Bullish
2024-05-24 07:16:14,F1 dispute with Andretti Global draws in U.S. lawmakers,https://www.cnbc.com/2024/05/24/f1-dispute-with-andretti-global-draws-in-us-lawmakers.html,A dispute over whether to accept American motorsports giant Andretti Global as Formula One's 11th team is reaching boiling point.,www.cnbc.com,0.184301,Somewhat-Bullish,KO,0.040078,0.102908,Neutral
2024-05-24 09:06:00,72% of Warren Buffett's $378 Billion Portfolio Is Invested in These 5 Stocks,https://www.fool.com/investing/2024/05/24/72-warren-buffett-portfolio-invested-in-5-stocks/,More than $272 billion of Berkshire Hathaway's $378 billion of invested assets can be traced back to five brand-name businesses.,www.fool.com,0.279759,Somewhat-Bullish,KO,0.186532,0.097111,Neutral
2024-05-24 09:21:00,2 Artificial Intelligence  ( AI )  Dow Stocks Billionaire Investors Have Been Buying Hand Over Fist Since 2024 Began,https://www.fool.com/investing/2024/05/24/2-ai-dow-stocks-billionaire-investors-buying-2024/,Prominent billionaire money managers can't stop buying shares of two Dow Jones Industrial Average components whose growth strategies rely on artificial intelligence (AI).,www.fool.com,0.289791,Somewhat-Bullish,KO,0.032338,0.144529,Neutral
2024-05-24 10:10:41,"McDonald's, KFC Bearing Brunt Of Boycotts In Asia, Middle East Amid Israel-Gaza Conflict - Yum Brands  ( NYSE:YUM ) , McDonald's  ( NYSE:MCD ) ",https://www.benzinga.com/news/24/05/39003612/mcdonalds-kfc-bearing-brunt-of-boycotts-in-asia-middle-east-amid-israel-gaza-conflict,"U.S.-based fast-food giants McDonald's Corp MCD and Yum! Brands, Inc's YUM subsidiary KFC are grappling with a challenging business environment in Asia, the Middle East, and parts of Europe due to boycotts linked to the Israel-Gaza conflict.",www.benzinga.com,-0.036239,Neutral,KO,0.104228,0.054988,Neutral
2024-05-24 11:15:00,The Energy Sector Is Off to a Sizzling Start in 2024. This Stock Is the Only Existing Position That Warren Buffett Added To During the First Quarter.,https://www.fool.com/investing/2024/05/24/the-energy-sector-is-off-to-a-sizzling-start-in/,"Warren Buffett may be known for his big positions in Apple and Coca-Cola, but the Oracle of Omaha only added to one existing position during the first quarter -- and it was an energy stock.",www.fool.com,0.261674,Somewhat-Bullish,KO,0.049322,0.071298,Neutral
2024-05-24 13:15:00,3 Super Safe Dividend Stocks to Buy in a Market Correction,https://www.fool.com/investing/2024/05/24/3-super-safe-dividend-stocks-buy-market-correction/,Just because a company operates in a cyclical industry doesn't necessarily mean its dividend isn't safe.,www.fool.com,0.267844,Somewhat-Bullish,KO,0.042048,0.079513,Neutral
2024-05-24 15:30:00,Opinion: Biden makes amends for breaking his promise to visit Africa,https://www.cnn.com/2024/05/24/opinions/us-kenya-summit-biden-ruto-state-visit-davis/index.html,"This week's US-Kenya summit was about many things. It was about strengthening a burgeoning trade relationship in multiple areas, including technology, energy and artificial intelligence. It also afforded the opportunity to highlight a new role for Nairobi as a military partner for Washington.",www.cnn.com,0.236,Somewhat-Bullish,KO,0.03157,0.087201,Neutral
2024-05-24 18:00:00,J & J SNACK FOODS CORP. ANNOUNCES QUARTERLY CASH DIVIDEND - J&J Snack Foods  ( NASDAQ:JJSF ) ,https://www.benzinga.com/pressreleases/24/05/g39012423/j-j-snack-foods-corp-announces-quarterly-cash-dividend,"MOUNT LAUREL, N.J., May 24, 2024 ( GLOBE NEWSWIRE ) -- J & J Snack Foods Corp. JJSF announced today that its Board of Directors has declared a quarterly cash dividend of $0.735 per share of its common stock payable on July 9, 2024, to shareholders of record as of the close of business on June 18, ...",www.benzinga.com,0.245963,Somewhat-Bullish,KO,0.102449,0.0,Neutral
2024-05-24 18:38:00,Josef Newgarden was on top of the world after winning the Indy 500. This year feels much different,https://apnews.com/article/indy-500-preview-3acb2387babfef894e5f780a2dbacea9,"INDIANAPOLIS ( AP ) - A social media post designed to introduce drivers in to the general public put Josef Newgarden in an awkward light when the reigning race winner was asked a simple question. ""Which IndyCar driver would you take on a road trip?"" asked the questionnaire.",apnews.com,0.14395,Neutral,KO,0.070002,0.050177,Neutral
2024-05-24 19:11:25,"Anti-Israel boycotts hurting McDonald's, KFC in West Asia and Europe",https://www.business-standard.com/world-news/anti-israel-boycotts-hurting-mcdonald-s-kfc-in-west-asia-and-europe-124052500016_1.html,"By Justina T Lee, Omar Tamo & Chloé Meley US fast food brands, including McDonald's and KFC, are facing a challenging operating environment in the West Asia and some parts of Europe weighed by calls to boycott their brands due to perceived links to Israel amid the conflict in Gaza.",www.business-standard.com,-0.073954,Neutral,KO,0.123526,0.016453,Neutral
2024-05-24 20:11:00,"Elliott blasts NASCAR for fining Stenhouse $75,000 for All-Star Race fight it used in a promotion",https://apnews.com/article/nsacar-ricky-stenhouse-fight-chase-elliott-182c46734a9f691d9194f34de59c8349,Elliott blasts NASCAR for fining Stenhouse $75000 for All-Star Race fight it used in a promotion The Associated Press ...,apnews.com,-0.113265,Neutral,KO,0.096283,-0.051426,Neutral
2024-05-25 00:51:00,"Pro Women's Hockey League season deemed a success, though challenges remain entering Year 2",https://apnews.com/article/womens-hockey-pwhl-hefford-kasten-29401ac9c1910a6055b00f748e41f705,"Stan Kasten never promised the inaugural season of the would go off without a few hitches. While challenges remain, the PWHL advisory board member could also boast on Friday how attendance figures, merchandise sales, and, most important, the on-ice product, exceeded many expectations.",apnews.com,0.196794,Somewhat-Bullish,KO,0.053271,0.037988,Neutral
2024-05-25 10:10:00,Kyle Larson hopes rain and his daughter's misgivings don't ruin Indianapolis 500 debut,https://apnews.com/article/indy-500-larson-nascar-double-156dd0fabde3f328b02d465dcb53e19c,"INDIANAPOLIS ( AP ) - Audrey Larson, all of 6 years old, is rooting for Alexander Rossi to win the Indianapolis 500. And if her dad doesn't flip his car - she is pretty convinced he will - then maybe he can finish second.",apnews.com,0.202199,Somewhat-Bullish,KO,0.04111,0.129871,Neutral
2024-05-25 12:44:00,Drivers who try the Indy 500-NASCAR 600 double have had mixed results. Kyle Larson is next,https://apnews.com/article/indy-500-double-larson-62a821279beec12ac711c95b1b1dc02e,"INDIANAPOLIS ( AP ) - Only four drivers have attempted one of the most grueling days in motorsports: the 1,100-mile Memorial Day weekend double. Kyle Larson is trying to become the fifth to race in both the Indianapolis 500 and NASCAR's Coca-Cola 600 on the same day and believes he can do it.",apnews.com,0.002371,Neutral,KO,0.169279,-0.076804,Neutral
2024-05-25 22:41:00,"Ricky Stenhouse Jr vows not to retaliate, wreck Kyle Busch at Coca-Cola 600 in Charlotte",https://apnews.com/article/charlotte-coca-cola-600-stenhouse-busch-5dc446d9e7c675d6c910fbd6dff1da83,"CONCORD, N.C. ( AP ) - Ricky Stenhouse Jr. has cooled off and at the Coca-Cola 600 on Sunday at Charlotte Motor Speedway. But that doesn't mean he and Busch are back on speaking terms.",apnews.com,0.081193,Neutral,KO,0.228717,0.034256,Neutral
2024-05-25 22:50:00,Greg Walter Named President of Charlotte Motor Speedway,https://www.benzinga.com/pressreleases/24/05/n39021539/greg-walter-named-president-of-charlotte-motor-speedway,"CONCORD, N.C., May 25, 2024 /PRNewswire/ -- Today, Greg Walter, a 25-year veteran of Speedway Motorsports was promoted from Executive Vice President and General Manager to President of Charlotte Motor Speedway.",www.benzinga.com,0.277312,Somewhat-Bullish,KO,0.191675,0.165473,Somewhat-Bullish
2024-05-25 23:44:00,Kyle Larson qualifies 10th for Sunday's Coca-Cola 600 in Charlotte after another busy travel day,https://apnews.com/article/cocacola-600-kyle-larson-23e932480a980df3fe8946807dba3fca,"CONCORD, N.C. ( AP ) - Kyle Larson qualified 10th for the Coca-Cola 600 following yet another busy day of travel between Indiana and North Carolina. Larson is attempting to join Tony Stewart on Sunday as the only drivers to complete all 1,100 miles on the same day as part of running .",apnews.com,0.09452,Neutral,KO,0.088472,0.082575,Neutral
2024-05-26 07:15:00,What's the Best Way to Invest in Stocks Without Any Experience? Try This Index Fund.,https://www.fool.com/investing/2024/05/26/best-way-invest-stocks-no-experience-index-fund/,Simpler is better. It also doesn't mean you have to settle for subpar returns.,www.fool.com,0.156277,Somewhat-Bullish,KO,0.04161,0.05109,Neutral
2024-05-26 08:10:00,"Indianapolis 500: A double bid, a whiff of scandal and the fear of rain as race day arrives",https://apnews.com/article/indy-500-af0fb6bd9f99433267893337e806209f,"INDIANAPOLIS ( AP ) - is set for midday Sunday, though race day arrived with all eyes on the weather. The forecast called for a strong chance of rain, raising the prospect that the 108th running of IndyCar's showcase event might be",apnews.com,0.250649,Somewhat-Bullish,KO,0.110462,0.076625,Neutral
2024-05-26 10:00:00,Meet The Kings Of The Pre-Roll Joint,https://www.forbes.com/sites/willyakowicz/2024/05/24/jeeter-kings-of-pre-roll-joint-sebastian-solano-lukasz-tracz/,How Jeeter Became The Kings Of The Pre-Roll Joint Forbes ...,www.forbes.com,0.155497,Somewhat-Bullish,KO,0.01949,0.030874,Neutral
2024-05-26 11:00:00,2024 Indy 500: Everything you need to know as Team Penske sweeps the front row in qualifying,https://www.cnn.com/2024/05/26/sport/indy-500-spt-intl/index.html,"One of the most prestigious and highly-anticipated events of the motorsport calendar is nearly upon us. ""The Greatest Spectacle in Racing"" returns on Sunday with the 2024 edition of the Indianapolis 500.",www.cnn.com,0.303349,Somewhat-Bullish,KO,0.038407,0.0,Neutral
2024-05-26 12:54:16,Here's what adding Nvidia would mean for the 128-year-old Dow Industrial Average,https://www.cnbc.com/2024/05/26/heres-what-adding-nvidia-would-mean-for-the-128-year-old-dow-industrials.html,"The Dow, made up of 30 stocks, is a price-weighted average, meaning that higher-priced stocks cause the index to move more than a lower-priced one.",www.cnbc.com,0.03602,Neutral,KO,0.072435,0.017388,Neutral
2024-05-26 20:00:14,5 Coca-Cola Mocktail Recipes That You Need To Try,https://www.benzinga.com/general/entertainment/24/05/39023422/5-coca-cola-mocktail-recipes-that-you-need-to-try,"From blood orange to coffee, cinnamon infusions to experimental fruit mixes, Coca-Cola has been there, and done that. Coca-Cola is the biggest-selling drink in history. However, it's not just the company getting creative.",www.benzinga.com,0.342864,Somewhat-Bullish,KO,0.653386,0.493828,Bullish
2024-05-26 22:28:00,Coca-Cola 600 underway with Justin Allgaier filling in for Cup Series points leader Kyle Larson,https://apnews.com/article/nascar-cocacola-600-kyle-larson-2f625be831b634ee4e9c5d29028ca91e,"CONCORD, N.C. ( AP ) - The Coca-Cola 600 got underway at Charlotte Motor Speedway on Sunday without one of NASCAR's biggest stars. Kyle Larson, the Cup Series points leader, is competing in the rain-delayed Indianapolis 500, although he remains hopeful of make it to Concord, North Carolina in ...",apnews.com,0.047125,Neutral,KO,0.222838,0.0,Neutral
2024-05-27 00:27:41,"Trump Makes Appearance At Coca-Cola 600 NASCAR Race, Crowd Chants 'You're Our Man'",https://www.benzinga.com/news/24/05/39023959/trump-makes-appearance-at-coca-cola-600-nascar-race-crowd-chants-youre-our-man,"Former President Donald Trump made a grand entrance at the Coca-Cola 600 NASCAR race in North Carolina on Sunday, flying over the event in his private plane, ""Trump Force One"". The flyover took place around 4:30 p.m. on Sunday, and was met with cheers from the audience.",www.benzinga.com,0.227102,Somewhat-Bullish,KO,0.132368,0.24501,Somewhat-Bullish
2024-05-27 05:23:00,Report: Japanese carmaker Toyota set to end massive Olympic sponsorship deal,https://apnews.com/article/toyota-olympics-paris-2024-sponsorship-f02abe0a660f44546d5e702ac7e60291,"TOKYO ( AP ) - Vehicle manufacturer Toyota is set to end its massive sponsorship deal with the International Olympic Committee after this year's Paris Olympics, according to reports in Japan. Toyota has a contract through the 2024 Paris Games, which was reported to be valued at $835 million ...",apnews.com,0.156216,Somewhat-Bullish,KO,0.085324,0.105739,Neutral
2024-05-27 05:25:25,Meet the art collectors with home galleries: 'The stock market doesn't give me any fulfillment',https://www.cnbc.com/2024/05/27/meet-the-wealthy-art-collectors-with-galleries-in-their-homes.html,"Christian Levett opens his home for tours of his collection, while Grant Cardone prefers art to the stock market. The Boros family live above their art museum.",www.cnbc.com,0.17403,Somewhat-Bullish,KO,0.105604,0.045208,Neutral
2024-05-27 10:45:00,Walmart's Mini Markets Are Getting Bigger,https://www.forbes.com/sites/walterloeb/2024/05/27/walmarts-mini-markets-are-getting-bigger/,"Walmart's small Neighborhood Markets are being enlarged. It is a major change as the stores will be about 17,000 square feet larger than the stores that have been opened until now. The increased footprint is needed to make room for a larger assortment, allow for wider aisles, and make it a more ...",www.forbes.com,0.254823,Somewhat-Bullish,KO,0.186738,0.146691,Neutral
2024-05-27 16:18:00,Kyle Larson's bid to run The Double ends in disappointment after bad weather intervenes,https://apnews.com/article/kyle-larson-double-indianapolis-500-coca-cola-600-7180c2650bd79ee23e2398c98022af8c,"Instead, he got to run only a single, leaving the NASCAR star beyond disappointed. Larson's quest was to complete - if not win - the Indianapolis 500 and Coca-Cola 600 on Sunday, joining Tony Stewart as the only drivers to do all 1,100 laps in a single day.",apnews.com,0.03375,Neutral,KO,0.14131,-0.034279,Neutral
2024-05-27 17:16:00,The Olympics is reportedly losing its largest sponsor over concerns the IOC is not doing enough to support the athletes,https://www.businessinsider.com/paris-summer-olympics-toyota-top-sponsors-endorsement-contract-biggest-paralympics-2024-5,Toyota said to end record IOC deal after 2024 Olympics in Paris - Business Insider ...,www.businessinsider.com,0.033694,Neutral,KO,0.130926,0.061163,Neutral
2024-05-27 21:00:00,DRONE DELIVERY CANADA CORP. RELEASES 2024 Q1 FINANCIAL RESULTS AND ANNOUNCES APPOINTMENT OF NEW CFO,https://www.newswire.ca/news-releases/drone-delivery-canada-corp-releases-2024-q1-financial-results-and-announces-appointment-of-new-cfo-810322802.html,DRONE DELIVERY CANADA CORP. RELEASES 2024 Q1 FINANCIAL RESULTS AND ANNOUNCES APPOINTMENT ... Canada ...,www.newswire.ca,0.073703,Neutral,KO,0.061949,0.131298,Neutral
2024-05-27 22:10:00,"Sugar-Free Food and Beverages Market size is set to grow by USD 40.13 billion from 2023-2027, Growing influence of ... - PR Newswire",https://www.prnewswire.com/news-releases/sugar-free-food-and-beverages-market-size-is-set-to-grow-by-usd-40-13-billion-from-2023-2027--growing-influence-of-online-retailing-boost-the-market-technavio-302155783.html,"Sugar-Free Food and Beverages Market size is set to grow by USD 40.13 billion from 2023-2027, Growing influence of ... PR ...",www.prnewswire.com,0.212874,Somewhat-Bullish,KO,0.03704,0.058709,Neutral
2024-05-27 22:30:00,"Vending Machine Market size is set to grow by USD 17.73 billion from 2024-2028, Growing demand for cashless ... - PR Newswire",https://www.prnewswire.com/news-releases/vending-machine-market-size-is-set-to-grow-by-usd-17-73-billion-from-2024-2028--growing-demand-for-cashless-vending-machines-boost-the-market-technavio-302155785.html,"Vending Machine Market size is set to grow by USD 17.73 billion from 2024-2028, Growing demand for cashless ... PR ...",www.prnewswire.com,0.293506,Somewhat-Bullish,KO,0.07423,0.17077,Somewhat-Bullish
2024-05-28 03:35:59,Indy 500 Winner Josef Newgarden Collects $4.24 Million From Largest Purse In Indianapolis 500 History,https://www.forbes.com/sites/brucemartin/2024/05/27/indy-500-winner-josef-newgarden-collects-424-million-from-largest-purse-in-indianapolis-500-history/,"The 108th Indianapolis 500 proved to be a ""Perfect Storm"" in many ways, especially for race winner Josef Newgarden who won the biggest race in the world for the second straight year.",www.forbes.com,0.400486,Bullish,KO,0.044801,0.171883,Somewhat-Bullish
2024-05-28 09:23:44,Top countries perceived to contribute most to a better Africa,https://africa.businessinsider.com/local/lifestyle/top-countries-perceived-to-contribute-most-to-a-better-africa/gvxxx38,"South Africa, Nigeria, the United States, China, and Kenya have been identified as the top countries perceived to contribute to a better Africa.",africa.businessinsider.com,0.44822,Bullish,KO,0.263942,0.348964,Somewhat-Bullish
2024-05-28 11:57:15,Daily: Elon Musk's AI Ambitions Get A $6 Billion Boost,https://www.forbes.com/sites/daniellechemtob/2024/05/28/forbes-daily-elon-musks-ai-ambitions-get-a-6-billion-boost/,Forbes Daily: Elon Musk's xAI teases new updates and products soon Forbes ...,www.forbes.com,0.016841,Neutral,KO,0.020456,0.053161,Neutral
2024-05-28 12:39:00,Cool Off at Morphy's Refreshing June 7-8 Soda Pop & Antique Advertising Auction in Las Vegas,https://www.benzinga.com/pressreleases/24/05/n39037536/cool-off-at-morphys-refreshing-june-7-8-soda-pop-antique-advertising-auction-in-las-vegas,"Sensational Hires Root Beer ceramic soda fountain set manufactured by Villeroy & Boch, likely a sole survivor, is expected to sell for $40,000-$80,000",www.benzinga.com,0.227446,Somewhat-Bullish,KO,0.288893,0.259041,Somewhat-Bullish
2024-05-28 14:53:36,"To Leave Or Not To Leave Russia? Western Firms Grapple With Dilemma Amid Rising Costs And Bureaucratic Hurdles - PepsiCo  ( NASDAQ:PEP ) , Air Liquide  ( OTC:AIQUY ) ",https://www.benzinga.com/news/24/05/39040928/to-leave-or-not-to-leave-russia-western-firms-grapple-with-dilemma-amid-rising-costs-and-bureaucrati,"As the corporate exodus from Russia faces increasing complications, multinational companies are finding themselves caught between a rock and a hard place. With the geopolitical situation intensifying, the business landscape for firms like Avon Products, Air Liquide AIQUY, and Reckitt remains ...",www.benzinga.com,0.043165,Neutral,KO,0.085936,0.06162,Neutral
2024-05-28 19:04:24,30 National Burger Day Deals and Freebies,https://www.kiplinger.com/personal-finance/deals/national-burger-day-deals-and-freebies,"If you love the yummy and delightfully greasy taste of one of America's favorite foods, you're in for a treat-today is National Hamburger Day. In fact, Americans are so in love with the hamburger that they consume an average of 2.4 per day or more than 50 billion burgers each year.",www.kiplinger.com,0.327458,Somewhat-Bullish,KO,0.048133,0.049332,Neutral
2024-05-29 10:20:06,Should Invesco S&P 500 Low Volatility ETF  ( SPLV )  Be on Your Investing Radar?,https://www.zacks.com/stock/news/2280350/should-invesco-sp-500-low-volatility-etf-splv-be-on-your-investing-radar,Style Box ETF report for ...,www.zacks.com,0.100255,Neutral,KO,0.134214,0.076181,Neutral
2024-05-29 14:51:20,"Are Boomers Crashing The Economy Or Saving It? Why Investors Are Perplexed And What You Can Do To Prepare Are Boomers Saving The US Economy? Pundits Torn Over Fate Of $76 Trillion In Retirement Funds - CVS Health  ( NYSE:CVS ) , Bristol-Myers Squibb  ( NYSE:BMY ) ",https://www.benzinga.com/economics/macro-economic-events/24/05/39066076/are-boomers-crashing-the-economy-or-saving-it-why-investors-are-perplexed-and-wha,The mass retirement of the boomer generation has been anticipated as one of the most impactful economic events of the 21st century. Economists are still trying to understand the consequences of the wealthiest generation in human history going into retirement by the millions each year.,www.benzinga.com,0.135787,Neutral,KO,0.075995,0.061602,Neutral
2024-05-29 15:38:00,An intensifying Republican-led legal campaign alleging big advertisers colluded to defund conservative media is rankling the ad industry,https://www.businessinsider.com/house-judiciary-committee-probe-garm-brand-safety-conservative-media-2024-5,Republican Probe Alleging Anti-Conservative Bias Rankles Ad Industry - Business Insider ...,www.businessinsider.com,-0.076721,Neutral,KO,0.06623,0.028029,Neutral
2024-05-29 20:30:00,Restaurant Brands International Inc. Appoints Patrick Siewert as Senior Advisor in Asia-Pacific Region,https://www.newswire.ca/news-releases/restaurant-brands-international-inc-appoints-patrick-siewert-as-senior-advisor-in-asia-pacific-region-812264461.html,"Mr. Siewert led the Carlyle Group's consumer, media, and retail investments in Asia-Pacific for 16 years Previously served as Chief Operating Officer and Group President for Coca-Cola in Asia Serves as a board member for Mondelez International and Avery Dennison Corporation",www.newswire.ca,0.311611,Somewhat-Bullish,KO,0.179788,0.0,Neutral
2024-05-30 08:00:00,Best investments ever: 7 Wall Street heavyweights reveal the single best trades of their careers,https://www.businessinsider.com/best-investments-wall-street-experts-top-trades-careers-markets-2024-5,Best Investments: 7 Wall Street Experts Share Top Trades of Careers - Business Insider ...,www.businessinsider.com,0.118172,Neutral,KO,0.017357,0.138625,Neutral
2024-05-30 08:02:47,"Coca-Cola  ( NYSE:KO )  Upgraded to ""Buy"" at StockNews.com",https://www.defenseworld.net/2024/05/30/coca-cola-nyseko-upgraded-to-buy-at-stocknews-com.html,StockNews.com upgraded shares of Coca-Cola ( NYSE:KO - Free Report ) from a hold rating to a buy rating in a research report sent to investors on Wednesday.,www.defenseworld.net,0.246817,Somewhat-Bullish,KO,0.732595,0.397917,Bullish
2024-05-30 08:35:00,2 Unstoppable Vanguard ETFs That Can Help You Beat the S&P 500 Over the Long Term,https://www.fool.com/investing/2024/05/30/2-unstoppable-vanguard-etfs-beat-sp-500-long-term/,"Technology stocks are often the key ingredient for outperforming the broader market, but they come with risks.",www.fool.com,0.249158,Somewhat-Bullish,KO,0.046724,0.041281,Neutral
2024-05-30 13:00:16,CocaCola Company  ( The )   ( KO )  is Attracting Investor Attention: Here is What You Should Know,https://www.zacks.com/stock/news/2281178/cocacola-company-the-ko-is-attracting-investor-attention-here-is-what-you-should-know,"Coca-Cola (KO) has received quite a bit of attention from Zacks.com users lately. Therefore, it is wise to be aware of the facts that can impact the stock's prospects.",www.zacks.com,0.241677,Somewhat-Bullish,KO,0.486627,0.158719,Somewhat-Bullish
2024-05-30 14:04:00,"The Zacks Analyst Blog Highlights Coca-Cola, Alibaba Group, KLA, Mobile Infrastructure and Espey",https://www.zacks.com/stock/news/2281437/the-zacks-analyst-blog-highlights-coca-cola-alibaba-group-kla-mobile-infrastructure-and-espey,"Coca-Cola, Alibaba Group, KLA, Mobile Infrastructure and Espey are part of the Zacks top Analyst Blog.",www.zacks.com,0.319755,Somewhat-Bullish,KO,0.18602,0.025281,Neutral
2024-05-30 15:31:08,Coca-Cola  ( KO )  Down 0.4% Since Last Earnings Report: Can It Rebound?,https://www.zacks.com/stock/news/2281509/coca-cola-ko-down-04-since-last-earnings-report-can-it-rebound,Coca-Cola (KO) reported earnings 30 days ago. What's next for the stock? We take a look at earnings estimates for some clues.,www.zacks.com,0.168384,Somewhat-Bullish,KO,0.343063,0.242902,Somewhat-Bullish
2024-05-30 21:45:12,Coca-Cola  ( KO )  Ascends While Market Falls: Some Facts to Note,https://www.zacks.com/stock/news/2281706/coca-cola-ko-ascends-while-market-falls-some-facts-to-note,"The latest trading day saw Coca-Cola (KO) settling at $61.97, representing a +0.44% change from its previous close.",www.zacks.com,0.170655,Somewhat-Bullish,KO,0.531019,0.271635,Somewhat-Bullish
2024-05-31 04:47:00,"In Mexico's Yucatan peninsula, a hidden underground world under threat by the Maya Train",https://apnews.com/article/mexico-train-maya-yucatan-caves-lopez-obrador-ce6db57e7043988a0ce4f04ef90a84ba,"Aktun Tuyul Cave System, MEXICO ( AP ) - Rays of sunlight slice through pools of crystal water as clusters of fish cast shadows on the limestone below. Arching over the emerald basin are walls of stalactites dripping down the cavern ceiling, which opens to a dense jungle.",apnews.com,-0.083957,Neutral,KO,0.014848,-0.096455,Neutral
2024-05-31 07:00:00,Coca-Cola Europacific Shows Improved Relative Price Performance; Still Shy Of Benchmark,https://www.investors.com/ibd-data-stories/coca-cola-europacific-shows-improved-relative-price-performance-still-shy-of-benchmark-3/,Coca-Cola Europacific Shows Improved Relative Price Performance. Still Shy Of Benchmark Investor's Business Daily ...,www.investors.com,0.403963,Bullish,KO,0.776097,0.580704,Bullish
2024-05-31 09:00:00,Nvidia is no household name - but may soon overtake Microsoft and Apple,https://www.businessinsider.com/nvidia-stock-price-apple-microsoft-big-tech-ai-valuation-microchips-2024-5,"Nvidia is no household name, but may soon overtake Microsoft and Apple - Business Insider ...",www.businessinsider.com,0.193005,Somewhat-Bullish,KO,0.072655,0.083865,Neutral
2024-05-31 11:10:00,Ascend Wellness Holdings Announces Appointment of Julie Francis to Board of Directors,https://www.prnewswire.com/news-releases/ascend-wellness-holdings-announces-appointment-of-julie-francis-to-board-of-directors-302160170.html,"NEW YORK, May 31, 2024 /PRNewswire/ - Ascend Wellness Holdings, Inc. ( ""AWH,"" ""Ascend,"" or the ""Company"" ) ( CSE: AAWH.U ) ( OTCQX: AAWH ) , a vertically integrated multi-state cannabis operator focused on bettering lives through cannabis, is pleased to announce the appointment of Julie Francis ...",www.prnewswire.com,0.171728,Somewhat-Bullish,KO,0.142847,0.068433,Neutral
2024-05-31 13:30:00,2 Warren Buffett Stocks That Are Screaming Buys Right Now,https://www.fool.com/investing/2024/05/31/2-warren-buffett-stocks-that-are-screaming-buys/,Coca-Cola and Moody's appeal to different types of investors.,www.fool.com,0.385667,Bullish,KO,0.605937,0.490446,Bullish
2024-06-01 04:30:00,Mexico Goes to the Polls. What to Buy Now.,https://www.barrons.com/amp/articles/mexico-goes-to-the-polls-to-elect-a-new-president-what-to-buy-now-018d6d8b,Mexico is about to elect its first female president in a landmark election on Sunday that has two women contending for the top spot. The outcome could further bolster investors' interest in a country that is well-positioned to benefit from the U.S.-China rivalry.,www.barrons.com,0.177738,Somewhat-Bullish,KO,0.044222,0.051764,Neutral
2024-06-01 08:20:00,"$10,000 in This High-Yield Vanguard ETF Incurs a Mere $10 Annual Fee, and It Has Beaten the S&P 500 and Nasdaq Composite in 2024",https://www.fool.com/investing/2024/06/01/high-yield-vanguard-etf-buy-sp-500-nasdaq/,This low-growth sector rewards investors in other ways.,www.fool.com,0.320001,Somewhat-Bullish,KO,0.048621,0.165923,Somewhat-Bullish
2024-06-01 12:01:00,Warren Buffett's Berkshire Hathaway Has Spent $77.5 Billion Buying This Stock Since 2018,https://www.fool.com/investing/2024/06/01/warren-buffett-spent-78-billion-buying-this-stock/,The famous investor's biggest bet of the last few years will surprise you.,www.fool.com,0.201393,Somewhat-Bullish,KO,0.147818,0.172629,Somewhat-Bullish
2024-06-01 19:49:00,Stewart-Haas drivers adjusting to uncertain future with NASCAR team planning to fold,https://apnews.com/article/nascar-cup-series-st-louis-preview-60793eb49726fbeba8232850f0eaceac,"MADISON, Ill. ( AP ) - As he's trying to race his way into the NASCAR Cup series playoffs, Chase Briscoe now faces a fresh challenge with the potential for his Stewart-Haas Racing team to deteriorate around him.",apnews.com,0.166405,Somewhat-Bullish,KO,0.04794,-0.063177,Neutral
2024-06-01 22:55:00,Atlanta hospital forced to relocate some patients after major water main break puts city's water supply in jeopardy,https://www.cnn.com/2024/06/01/us/atlanta-ga-water-main-breaks,"Atlanta water main break: Emory University Hospital Midtown moves some patients, diverts ambulances ...",www.cnn.com,-0.070318,Neutral,KO,0.052455,0.156598,Somewhat-Bullish
2024-06-02 00:09:00,Atlanta hospital forced to relocate some patients after major water main break puts city's water supply in jeopardy,https://www.cnn.com/2024/06/01/us/atlanta-ga-water-main-breaks/index.html,Atlanta hospital forced to relocate patients after major water main break puts city's water supply in jeopardy ...,www.cnn.com,-0.063157,Neutral,KO,0.056407,0.156951,Somewhat-Bullish
2024-06-02 09:00:00,"It's gonna be a hot, hot summer. Spicy snack foods and drinks are bringing the heat | Business",https://edition.cnn.com/2024/06/02/business/spicy-snack-foods-drinks-trend-swicy/index.html,"It's gonna be a hot, hot summer. Spicy snack foods and drinks are bringing the heat CNN International ...",edition.cnn.com,0.254293,Somewhat-Bullish,KO,0.088799,0.11009,Neutral
2024-06-02 10:45:00,Is This the Next Stock Buffett Could Buy?,https://www.fool.com/investing/2024/06/02/is-this-the-next-stock-buffett-could-buy/,"He says he missed out on Amazon, so why make the same mistake twice?",www.fool.com,0.327295,Somewhat-Bullish,KO,0.046363,0.101601,Neutral
2024-06-02 14:35:21,7 Cultural Trends For 2024 And Beyond,https://www.forbes.com/sites/kianbakhtiari/2024/06/02/7-cultural-trends-for-2024-and-beyond/,"We live in a state of transition. The current system isn't working but the future is uncertain. In the words of Antonio Gramsci: ""The crisis consists precisely in the fact that the old is dying and the new cannot be born.""",www.forbes.com,0.061113,Neutral,KO,0.039128,0.028981,Neutral
2024-06-02 18:42:00,Prediction: These Could Be the Best-Performing Value Stocks Through 2030,https://www.fool.com/investing/2024/06/02/prediction-these-could-be-the-best-performing-valu/,We're now in an economic environment that takes much of the wind out of most growth stocks' sails.,www.fool.com,0.281495,Somewhat-Bullish,KO,0.032602,0.124253,Neutral
2024-06-03 07:00:00,Stocks Generating Improved Relative Strength: Keurig Dr Pepper,https://www.investors.com/ibd-data-stories/stocks-generating-improved-relative-strength-keurig-dr-pepper/,"On Monday, Keurig Dr Pepper ( KDP ) earned a positive adjustment to its Relative Strength ( RS ) Rating, from 68 to 72. X IBD's unique rating measures market leadership with a 1 ( worst ) to 99 ( best ) score.",www.investors.com,0.320872,Somewhat-Bullish,KO,0.172097,0.080245,Neutral
2024-06-03 10:00:00,"On D-Day, the U.S. Conquered the British Empire",https://www.theatlantic.com/ideas/archive/2024/06/d-day-world-war-2-legacy-america-britain/678544/,The Day the British Empire Yielded to the American Superpower The Atlantic ...,www.theatlantic.com,0.051238,Neutral,KO,0.017664,0.059583,Neutral
2024-06-03 15:28:00,Atlanta remains under state of emergency amid ongoing water troubles,https://www.cnn.com/2024/06/03/us/atlanta-boil-water-advisory/index.html,"Atlanta remains under a state of emergency Monday as it battles disruptions to its water service that first began last week, leaving a swath of a major city under boil water advisories and highlighting the pervasiveness of problems caused by America's aging infrastructure.",www.cnn.com,-0.191312,Somewhat-Bearish,KO,0.056011,-0.020043,Neutral
2024-06-03 18:29:00,Dr Pepper just passed Pepsi as the second biggest soda brand | Business,https://www.cnn.com/2024/06/03/business/dr-pepper-pepsi/index.html,Dr Pepper just passed Pepsi as the second biggest soda brand ...,www.cnn.com,0.266843,Somewhat-Bullish,KO,0.428632,0.278982,Somewhat-Bullish
2024-06-03 19:16:10,What the Options Market Tells Us About PepsiCo - PepsiCo  ( NASDAQ:PEP ) ,https://www.benzinga.com/insights/options/24/06/39144903/what-the-options-market-tells-us-about-pepsico,"Deep-pocketed investors have adopted a bearish approach towards PepsiCo PEP, and it's something market players shouldn't ignore. Our tracking of public options records at Benzinga unveiled this significant move today.",www.benzinga.com,0.216653,Somewhat-Bullish,KO,0.078354,0.161559,Somewhat-Bullish
2024-06-03 20:30:20,Looking Into Coca-Cola Consolidated's Recent Short Interest - Coca-Cola Consolidated  ( NASDAQ:COKE ) ,https://www.benzinga.com/insights/short-sellers/24/06/39146807/looking-into-coca-cola-consolidateds-recent-short-interest,"Coca-Cola Consolidated's COKE short percent of float has risen 28.44% since its last report. The company recently reported that it has 159 thousand shares sold short, which is 2.71% of all regular shares that are available for trading.",www.benzinga.com,0.287757,Somewhat-Bullish,KO,0.309539,0.263812,Somewhat-Bullish
2024-06-04 12:15:00,Can Berkshire Hathaway Stock Keep Outpacing the S&P 500?,https://www.fool.com/investing/2024/06/04/can-berkshire-hathaway-stock-keep-outpacing-the-sp/,Warren Buffett's holding company has been outpacing the S&P 500 in 2024.,www.fool.com,0.225878,Somewhat-Bullish,KO,0.075397,0.0,Neutral
2024-06-04 12:52:00,The Desire Company Secures $97M Valuation in Series B to Expand Expert-Driven Product Review Solution - PR Newswire,https://www.prnewswire.com/news-releases/the-desire-company-secures-97m-valuation-in-series-b-to-expand-expert-driven-product-review-solution-302163165.html,The Desire Company Secures $97M Valuation in Series B to Expand Expert-Driven Product Review Solution PR ...,www.prnewswire.com,0.417841,Bullish,KO,0.042647,0.147305,Neutral
2024-06-04 12:58:49,"Dr Pepper Overtakes Pepsi To Become America's Second Favorite Soda Behind Coca-Cola - Coca-Cola  ( NYSE:KO ) , Keurig Dr Pepper  ( NASDAQ:KDP ) ",https://www.benzinga.com/news/24/06/39159609/dr-pepper-overtakes-pepsi-to-become-americas-second-favorite-soda-behind-coca-cola,Keurig Dr Pepper KDP has now outpaced Pepsi by PepsiCo. Inc. PEP to claim the title of America's second-favorite soda. This development marks a notable change in consumer preferences and industry dynamics. What Happened: The market share data from Beverage Digest revealed this change for the year ...,www.benzinga.com,0.236162,Somewhat-Bullish,KO,0.301933,0.22413,Somewhat-Bullish
2024-06-04 14:23:42,ABEV: 3 Beverage Stocks Offering Refreshing Summer Returns,https://stocknews.com/news/abev-prmw-ako-b-3-beverage-stocks-offering-refreshing-summer-returns/,"The stable demand for beverages, irrespective of economic conditions and rising disposable income among consumers, primarily drives the beverage market. In addition, the evolving consumer preferences and the growing awareness regarding the importance of nutrition and overall well-being are ...",stocknews.com,0.268314,Somewhat-Bullish,KO,0.032207,-0.032528,Neutral
2024-06-04 14:44:00,NASCAR grants Larson a waiver to compete in playoffs after missing Coca-Cola 600 for Indy 500,https://apnews.com/article/nascar-larson-waiver-indy-500-fedcea1aa0f0b3ec408df449be04ca0c,"CHARLOTTE, N.C. ( AP ) - NASCAR on Tuesday granted Kyle Larson the waiver he needs to remain eligible to compete in this year's playoffs despite missing the Coca-Cola 600 because he instead ran the Indianapolis 500.",apnews.com,0.045864,Neutral,KO,0.163354,-0.085151,Neutral
2024-06-05 04:15:55,"Poppi Faces Class-Action Lawsuit Over Misleading Gut Health Claims, Soda Maker Calls Allegations Unfounded - Coca-Cola  ( NYSE:KO ) ",https://www.benzinga.com/news/24/06/39176245/poppi-faces-class-action-lawsuit-over-misleading-gut-health-claims-soda-maker-calls-allegations-unfo,"Poppi is being sued for allegedly misleading consumers with its prebiotic soda health claims, which a customer argues are not as effective as advertised. Filed in the U.S. District Court in San Francisco, the lawsuit contends that the soda's prebiotic content is insufficient for the health ...",www.benzinga.com,0.002442,Neutral,KO,0.280615,-0.010521,Neutral
2024-06-05 04:56:22,Hindalco slumps 6% on deferring Novelis IPO amid valuation concerns,https://www.business-standard.com/markets/news/hindalco-slumps-6-on-deferring-novelis-ipo-amid-valuation-concerns-124060500254_1.html,Shares of Hindalco fell up to 5.8 per cent at Rs 608.40 per share on the BSE in Wednesday's intraday trade after it postponed the initial public offering plan of its arm Novelis.,www.business-standard.com,0.204254,Somewhat-Bullish,KO,0.113597,0.22152,Somewhat-Bullish
2024-06-05 16:55:00,Apple TV+ is making a big brand partnerships hire as it warms up to advertising,https://www.businessinsider.com/apple-hires-endeavor-exec-to-grow-streaming-brand-partnerships-business-2024-6,Apple Hires Ex-Endeavor Exec to Grow Brand Partnerships for Apple TV+ - Business Insider ...,www.businessinsider.com,0.33011,Somewhat-Bullish,KO,0.065506,0.151575,Somewhat-Bullish
2024-06-05 19:00:00,The World's Most Effective Marketers are announced: 2023 Global Effie Index Results,https://www.newswire.ca/news-releases/the-world-s-most-effective-marketers-are-announced-2023-global-effie-index-results-838722474.html,Repeat chart toppers AB InBev & McDonald's demonstrate their continued success. Close competition amongst agencies illustrates commitment to effectiveness globally.,www.newswire.ca,0.513577,Bullish,KO,0.070002,0.219458,Somewhat-Bullish
2024-06-05 20:02:57,Nomad Tea Parlor Adds Cantonese Cuisine To Manhattan's Fifth Avenue,https://www.forbes.com/sites/melissakravitz/2024/06/05/nomad-tea-parlor-adds-cantonese-cuisine-to-manhattans-fifth-avenue/,"A new dim sum destination is opening in the shadow of Manhattan's Flatiron building. Nomad Tea Parlor will open at 244 5th Avenue on Friday, June 7, adding modern Cantonese cuisine to the neighborhood with a touch of nostalgic charm.",www.forbes.com,0.245585,Somewhat-Bullish,KO,0.105141,0.052218,Neutral
2024-06-05 21:45:10,Coca-Cola  ( KO )  Stock Drops Despite Market Gains: Important Facts to Note,https://www.zacks.com/stock/news/2284312/coca-cola-ko-stock-drops-despite-market-gains-important-facts-to-note,"Coca-Cola (KO) closed at $63.92 in the latest trading session, marking a -0.03% move from the prior day.",www.zacks.com,0.280063,Somewhat-Bullish,KO,0.593715,0.433179,Bullish
2024-06-06 04:00:04,OmniRetail holistic approach takes prize for Nigeria,https://www.ft.com/content/12b7c5f8-73fc-4c66-87be-67a42335ca3d,Integrated B2B platform digitises supply chains of everyday consumer essentials - from toothpastes to cornflakes ...,www.ft.com,0.107093,Neutral,KO,0.053749,-0.009993,Neutral
2024-06-06 13:00:00,Adobe Launches AI Assistant For Marketing Platform,https://www.investors.com/news/technology/adobe-stock-software-firm-launches-marketing-ai-assistant/,Adobe Stock: Software Firm Launches Marketing AI Assistant Investor's Business Daily ...,www.investors.com,0.140849,Neutral,KO,0.083541,0.0,Neutral
2024-06-06 15:46:42,Market Whales and Their Recent Bets on MNST Options - Monster Beverage  ( NASDAQ:MNST ) ,https://www.benzinga.com/insights/options/24/06/39210380/market-whales-and-their-recent-bets-on-mnst-options,"Financial giants have made a conspicuous bearish move on Monster Beverage. Our analysis of options history for Monster Beverage MNST revealed 9 unusual trades. Delving into the details, we found 11% of traders were bullish, while 77% showed bearish tendencies.",www.benzinga.com,0.070454,Neutral,KO,0.093653,-0.059868,Neutral
2024-06-06 16:00:00,Daytona Beach Area Ready for Summer Fun,https://www.benzinga.com/pressreleases/24/06/n39210666/daytona-beach-area-ready-for-summer-fun,"Events and Attractions to Keep Visitors Busy at the 'World's Most Famous Beach' DAYTONA BEACH, Fla., June 6, 2024 /PRNewswire/ -- Vacationers will discover sun, sand and long-lasting memories with a summer vacation to the Daytona Beach area.",www.benzinga.com,0.306354,Somewhat-Bullish,KO,0.057837,0.041043,Neutral
2024-06-06 17:00:00,INSEAD names Mrs. Kristin Skogen Lund as new Chairperson of the Board of Directors,https://www.prnewswire.com/news-releases/insead-names-mrs-kristin-skogen-lund-as-new-chairperson-of-the-board-of-directors-302166052.html,"Mrs. Kristin Skogen Lund has been appointed Chairperson of the Board of Directors of INSEAD, to succeed Mr. Andreas Jacobs as of 1 September 2024. FONTAINEBLEAU, France, SINGAPORE and SAN FRANCISCO, June 6, 2024 /PRNewswire/ -- INSEAD, The Business School for the World, has appointed Mrs.",www.prnewswire.com,0.443657,Bullish,KO,0.060236,0.059999,Neutral
2024-06-06 17:37:00,"Brown-Forman  ( BF.B )  Q4 Earnings Beat Estimates, Sales Fall Y/Y",https://www.zacks.com/stock/news/2284961/brown-forman-bfb-q4-earnings-beat-estimates-sales-fall-yy,"Brown-Forman (BF.B) posts lower sales in fourth-quarter fiscal 2024. Net sales dip 5%, on an organic basis, from the prior-year level.",www.zacks.com,0.144304,Neutral,KO,0.067536,0.065288,Neutral
2024-06-06 20:02:10,PepsiCo Unusual Options Activity - PepsiCo  ( NASDAQ:PEP ) ,https://www.benzinga.com/insights/options/24/06/39215134/pepsico-unusual-options-activity,"High-rolling investors have positioned themselves bearish on PepsiCo PEP, and it's important for retail traders to take note. \This activity came to our attention today through Benzinga's tracking of publicly available options data.",www.benzinga.com,0.196685,Somewhat-Bullish,KO,0.075635,0.140603,Neutral
2024-06-07 10:06:24,"A look inside Varun Dhawan's 4BHK luxurious house in Mumbai's posh locality; Know about his wife Natasha Dalal, career, brand endorsements, and net worth",https://www.financialexpress.com/web-stories/lifestyle/a-look-inside-varun-dhawans-4bhk-luxurious-house-in-mumbais-posh-locality-know-about-his-wife-natasha-dalal-career-brand-endorsements-and-net-worth/,"A look inside Varun Dhawan's 4BHK luxurious house in Mumbai's posh locality. Know about his wife Natasha Dalal, career, brand endorsements, and net worth The Financial Express ...",www.financialexpress.com,0.433428,Bullish,KO,0.128135,0.281151,Somewhat-Bullish
2024-06-07 14:00:00,"HGTV® SMART HOME 2024 IN ATLANTA, GEORGIA SWEEPSTAKES TO CLOSE ON JUNE 10, 2024",https://www.benzinga.com/pressreleases/24/06/n39227937/hgtv-smart-home-2024-in-atlanta-georgia-sweepstakes-to-close-on-june-10-2024,"The Winner Will Receive a Prize Package Valued at Over $1 Million NEW YORK, June 7, 2024 /PRNewswire/ -- The HGTV® Smart Home 2024 located in Atlanta, Georgia will close its sweepstakes on Monday, June 10, 2024, at 5 p.m.",www.benzinga.com,0.498817,Bullish,KO,0.055109,0.32304,Somewhat-Bullish
2024-06-07 17:14:23,"India-Pakistan World Cup clash could fetch $4,800 a second in ad spend",https://www.business-standard.com/amp/industry/news/india-pakistan-world-cup-clash-could-fetch-4-800-a-second-in-ad-spend-124060701173_1.html,"Global firms are splurging on advertising for the upcoming cricket match between India and Pakistan to be held in the US, tapping into the spending power of the South Asian diaspora.",www.business-standard.com,0.084729,Neutral,KO,0.105141,0.045146,Neutral
2024-06-08 06:04:00,Berkshire Hathaway's $189 Billion Cash Stockpile Is Larger Than Ever. Should Investors Be Concerned?,https://www.fool.com/investing/2024/06/08/berkshire-hathaways-189-billion-cash-stockpile-is/,Is legendary investor Warren Buffett sending a warning signal to Wall Street?,www.fool.com,0.240408,Somewhat-Bullish,KO,0.051886,0.164527,Somewhat-Bullish
2024-06-08 06:49:00,Could This Undervalued Stock Make You a Millionaire One Day?,https://www.fool.com/investing/2024/06/08/could-this-undervalued-stock-make-you-a-millionair/,"Resist the temptation to swing for the fences with headline-making stocks. Go for a boring, proven approach instead.",www.fool.com,0.289138,Somewhat-Bullish,KO,0.036532,0.076448,Neutral
2024-06-08 08:02:00,Euro 2024 in Germany is UEFA's 1st step to raise pandemic-hit cash reserves above $550 million,https://apnews.com/article/euros-2024-uefa-finances-34e805f6a72adf70846aa65ca9a2f251,GENEVA ( AP ) - UEFA's two-step financial plan to refill its pandemic-hit cash reserves starts with a men's 2024 European Championship held in the home of the continent's largest economy.,apnews.com,0.189446,Somewhat-Bullish,KO,0.056011,0.0,Neutral
2024-06-08 11:34:55,3 Best Hedge Stocks to Buy in the Event of a Market Correction,https://markets.businessinsider.com/news/stocks/3-best-hedge-stocks-to-buy-in-the-event-of-a-market-correction-1033462698,"A market correction can be scary for many investors, especially if it means their biggest nest eggs may take a hit. However, hedging is the best strategy to minimize damage and practice effective risk management within your Investments.",markets.businessinsider.com,0.270259,Somewhat-Bullish,KO,0.049732,0.195192,Somewhat-Bullish
2024-06-08 23:22:00,Larson relieved to be granted waiver that keeps him in NASCAR playoffs,https://apnews.com/article/nascar-sonoma-larson-waiver-qualifying-84660805fb8f384b8b5df16e352953b6,"Kyle Larson was finally granted the waiver this week he needed from NASCAR to remain eligible to race for a second Cup championship. Now that the ordeal is over, Larson would prefer if the topic just went away.",apnews.com,0.187552,Somewhat-Bullish,KO,0.073546,-0.047695,Neutral
2024-06-09 09:25:00,Is Coca-Cola Stock a Buy at Its 52-Week High?,https://www.fool.com/investing/2024/06/09/is-coca-cola-stock-a-buy-at-its-52-week-high/,Coca-Cola may have plenty of pop left to keep investors happy.,www.fool.com,0.32811,Somewhat-Bullish,KO,0.704243,0.551742,Bullish
2024-06-09 10:38:00,Starbucks' Howard Schultz talks Steve Jobs screaming at him and wishing he'd trademarked the latte in a new podcast,https://www.businessinsider.com/starbucks-coffee-howard-schultz-steve-jobs-bill-gates-acquired-podcast-2024-6,"Starbucks' Howard Schultz on Steve Jobs, latte trademark, mediocrity - Business Insider ...",www.businessinsider.com,0.045663,Neutral,KO,0.026415,0.0,Neutral
2024-06-09 20:00:00,"Niche no more, energy drinks emerging as the new colas",https://www.financialexpress.com/business/industry-niche-no-more-energy-drinks-emerging-as-the-new-colas-3519370/,"At Darshan Super Market in Santacruz east, Mumbai, the steady stream of customers for PepsiCo India's Sting energy drink is telling. In a span of half of an hour, at least 10 people, between 18 and 35 years of age, come asking for the drink. Darshan, the owner, doesn't disappoint.",www.financialexpress.com,0.13888,Neutral,KO,0.240014,0.02793,Neutral
2024-06-10 00:44:00,Kyle Larson celebrates NASCAR playoff waiver with another win and the Cup Series points lead,https://apnews.com/article/nascar-cup-sonoma-kyle-larson-de3349b67e09dec8fa5fef0d8d6fabeb,"SONOMA, Calif. ( AP ) - The Indianapolis 500 is over and the worried wait to see if Kyle Larson's participation in that event would cost him a shot at winning a NASCAR championship has been resolved. So it's life back to the usual for NASCAR's busiest driver.",apnews.com,0.102244,Neutral,KO,0.082677,-0.060207,Neutral
2024-06-10 02:30:00,The sleep factor! How Sheela Foam plans to take on the Indian mattress industry with Kurlon,https://www.financialexpress.com/business/brandwagon-the-sleep-factor-how-sheela-foam-plans-to-take-on-the-indian-mattress-industry-with-kurlonnbsp-3519500/,"Change is the only constant in life yet it becomes difficult for many brands, especially legacy players such as mattress brand Kurlon. Currently, owned by the parent company of Sleepwell Mattress, Sheela Foam, the rebranding exercise has been undertaken after one year of the acquisition.",www.financialexpress.com,0.204113,Somewhat-Bullish,KO,0.021699,0.110603,Neutral
2024-06-10 12:07:00,"Beat the Market Like Zacks: Goldman Sachs, Micron, Amgen in Focus",https://www.zacks.com/stock/news/2285863/beat-the-market-like-zacks-goldman-sachs-micron-amgen-in-focus,"Last week, our time-tested methodologies served investors well in navigating the market. Check out some of our achievements from the past three months.",www.zacks.com,0.192564,Somewhat-Bullish,KO,0.06697,0.06025,Neutral
2024-06-10 13:40:00,"FEMSA completes Accelerated Share Repurchase Agreement, and announces new Agreement",https://www.globenewswire.com/news-release/2024/06/10/2896091/0/en/FEMSA-completes-Accelerated-Share-Repurchase-Agreement-and-announces-new-Agreement.html,"MONTERREY, Mexico, June 10, 2024 ( GLOBE NEWSWIRE ) -- Fomento Económico Mexicano, S.A.B. de C.V. ( ""FEMSA"" or the ""Company"" ) ( NYSE: FMX. BMV: FEMSAUBD, FEMSAUB ) announces today that it has entered into a new derivative instrument in the form of an accelerated share repurchase transaction ( ...",www.globenewswire.com,0.187612,Somewhat-Bullish,KO,0.202366,0.16839,Somewhat-Bullish
2024-06-10 14:15:00,Bitcoin vs. Buffett: BTC holders' 104% CAGR dwarfs 'steady growth' portfolio,https://cointelegraph.com/news/bitcoin-vs-buffett-btc-holders-104-cagr-steady-growth-portfolio,"Since its trading debut in 2011, Bitcoin has delivered an impressive average annual return of approximately 104%, surpassing the returns of Warren Buffett's portfolio and U.S. stock markets.",cointelegraph.com,0.002448,Neutral,KO,0.08183,0.065062,Neutral
2024-06-11 07:30:05,Is the New York Times bestseller list politically biased?,https://www.economist.com/culture/2024/06/11/is-the-new-york-times-bestseller-list-politically-biased,"""T is pure propaganda,"" tweeted Elon Musk, a tech mogul, in March.",www.economist.com,-0.279448,Somewhat-Bearish,KO,0.17715,-0.208684,Somewhat-Bearish
2024-06-11 08:25:00,Berkshire Hathaway Stock Is Great. Here's Why You Shouldn't Buy It.,https://www.fool.com/investing/2024/06/11/berkshire-hathaway-stock-is-great-why-not-buy/,"Berkshire Hathaway is an iconic stock on Wall Street, but it isn't a ""normal"" company in any way, shape, or form.",www.fool.com,0.232715,Somewhat-Bullish,KO,0.050044,0.044988,Neutral
2024-06-11 14:14:00,CyberArk  ( CYBR )  Expands Customer Base With Coca-Cola HBC,https://www.zacks.com/stock/news/2286764/cyberark-cybr-expands-customer-base-with-coca-cola-hbc,CyberArk (CYBR) expands its global footprint by adding Coca-Cola Hellenic Bottling Company to its identity security clientele.,www.zacks.com,0.335069,Somewhat-Bullish,KO,0.389744,0.133775,Neutral
2024-06-11 15:30:00,AMAZON PRIME VIDEO'S STEVE COX APPOINTED CEO OF RYFF; SHIRLEY RICHTER HUGHES FROM R&CPMK TO LEAD SALES,https://www.benzinga.com/pressreleases/24/06/n39274104/amazon-prime-videos-steve-cox-appointed-ceo-of-ryff-shirley-richter-hughes-from-r-cpmk-to-lead-sal,Founder Roy Taylor Bolsters Leadership Team; Transitions to Chief Product Officer to Advance Company's AI Platform,www.benzinga.com,0.307926,Somewhat-Bullish,KO,0.056407,0.217991,Somewhat-Bullish
2024-06-11 16:44:39,Heritage Distribution Named Brian Sasadu as Chief Administrative Officer & General Counsel,https://www.benzinga.com/pressreleases/24/06/g39275548/heritage-distribution-named-brian-sasadu-as-chief-administrative-officer-general-counsel,"ATLANTA, June 11, 2024 ( GLOBE NEWSWIRE ) -- Heritage Distribution Holdings ( ""Heritage"" ) , the fastest growing HVAC/R distributor in the U.S. and the U.S. platform for global HVAC/R wholesaler Beijer Ref AB ( publ ) ( BEIJ-B.ST ) , today announced that Brian J.",www.benzinga.com,0.232461,Somewhat-Bullish,KO,0.085324,0.057935,Neutral
2024-06-11 17:46:30,PepsiCo Unusual Options Activity - PepsiCo  ( NASDAQ:PEP ) ,https://www.benzinga.com/insights/options/24/06/39276835/pepsico-unusual-options-activity,"Financial giants have made a conspicuous bullish move on PepsiCo. Our analysis of options history for PepsiCo PEP revealed 11 unusual trades. Delving into the details, we found 63% of traders were bullish, while 18% showed bearish tendencies.",www.benzinga.com,0.255375,Somewhat-Bullish,KO,0.083541,0.142405,Neutral
2024-06-11 21:45:19,Coca-Cola  ( KO )  Stock Dips While Market Gains: Key Facts,https://www.zacks.com/stock/news/2286922/coca-cola-ko-stock-dips-while-market-gains-key-facts,"In the latest trading session, Coca-Cola (KO) closed at $63.55, marking a -0.06% move from the previous day.",www.zacks.com,0.209225,Somewhat-Bullish,KO,0.582526,0.304893,Somewhat-Bullish
2024-06-11 22:10:00,CANADA'S BEST PR CAMPAIGNS WIN BIG AT CPRS AWARDS OF EXCELLENCE,https://www.newswire.ca/news-releases/canada-s-best-pr-campaigns-win-big-at-cprs-awards-of-excellence-824092160.html,"MONT TREMBLANT, QC, June 11, 2024 /CNW/ - The Canadian Public Relations Society ( CPRS ) is pleased to reveal the recipients of seventy-two Awards of Excellence presented at last night's ""Elevate"" national conference gala, in Mont Tremblant, Quebec.",www.newswire.ca,0.372807,Bullish,KO,0.057011,0.239001,Somewhat-Bullish
2024-06-12 11:08:53,Coca-Cola ad in Bangladesh sparks backlash for 'denying ties with Israel',https://www.aljazeera.com/news/2024/6/12/coca-cola-ad-in-bangladesh-sparks-backlash-for-denying-ties-with-israel,"The 60-second commercial was briefly withdrawn before the US-based firm put it back up as it battles calls for boycott amid the war in Gaza. Dhaka, Bangladesh - A 60-second Coca-Cola advertisement in Bangladesh has caused a storm of criticism for the beverage giant over its attempt to distance ...",www.aljazeera.com,-0.15398,Somewhat-Bearish,KO,0.443031,-0.20347,Somewhat-Bearish
2024-06-12 11:30:00,4 Dividend Stocks to Double Up on Right Now,https://www.fool.com/investing/2024/06/12/4-dividend-stocks-to-double-up-on-right-now/,These companies have steadily increased their payouts for decades.,www.fool.com,0.308786,Somewhat-Bullish,KO,0.140621,0.067708,Neutral
2024-06-12 17:08:32,"Costa Coffee posts 49% rise in revenue to Rs 152 cr in FY24, adds 67 stores",https://www.business-standard.com/companies/news/costa-coffee-posts-49-rise-in-revenue-to-rs-152-cr-in-fy24-adds-67-stores-124061201077_1.html,"British coffee chain Costa Coffee reported a 49 per cent growth in revenue from operations to Rs 151.8 crore in India, Devyani International Ltd said in the annual report. Its gross profit stood at Rs 116.6 crore, up 45 per cent from the year-ago period, it said.",www.business-standard.com,0.243207,Somewhat-Bullish,KO,0.083833,0.102357,Neutral
2024-06-13 09:55:00,Want to Get Richer? 2 Top Stocks to Buy Now and Hold Forever.,https://www.fool.com/investing/2024/06/13/get-richer-2-top-stocks-to-buy-now-and-hold/,These proven wealth builders have what it takes to deliver solid gains long-term.,www.fool.com,0.445958,Bullish,KO,0.062597,0.291568,Somewhat-Bullish
2024-06-13 10:15:00,1 Magnificent S&P 500 Dividend Stock Down 16% to Buy and Hold Forever,https://www.fool.com/investing/2024/06/13/1-magnificent-sp-500-dividend-stock-down-16-to-buy/,"The discount isn't deep, but it's about as deep as it's ever going to get for this often-overlooked stalwart.",www.fool.com,0.179479,Somewhat-Bullish,KO,0.30158,0.089452,Neutral
2024-06-13 11:00:00,"3 Dividend Stocks to Buy With $5,000 and Hold Forever",https://www.fool.com/investing/2024/06/13/3-dividend-stocks-to-buy-with-5000-and-hold-for/,It takes something special for a company to be worthy of a lifetime commitment.,www.fool.com,0.16829,Somewhat-Bullish,KO,0.070207,0.083775,Neutral
2024-06-13 12:00:00,SeaWorld and Coca-Cola Say Cheers to 60 Years with New Celebration Sundays Featuring Exclusive Merchandise Giveaways for Pass Members and Complimentary Beverage Sampling for All Guests - United Parks & Resorts  ( NYSE:PRKS ) ,https://www.benzinga.com/pressreleases/24/06/n39309520/seaworld-and-coca-cola-say-cheers-to-60-years-with-new-celebration-sundays-featuring-exclusive-mer,"Coca-Cola Celebration Sundays at SeaWorld start Sunday, June 16th and continue the third Sunday of each month for the rest of the year",www.benzinga.com,0.480668,Bullish,KO,0.470606,0.543362,Bullish
2024-06-13 13:00:15,CocaCola Company  ( The )   ( KO )  is Attracting Investor Attention: Here is What You Should Know,https://www.zacks.com/stock/news/2287736/cocacola-company-the-ko-is-attracting-investor-attention-here-is-what-you-should-know,"Zacks.com users have recently been watching Coca-Cola (KO) quite a bit. Thus, it is worth knowing the facts that could determine the stock's prospects.",www.zacks.com,0.21975,Somewhat-Bullish,KO,0.490323,0.135517,Neutral
2024-06-13 14:57:00,Can FEMSA  ( FMX )  Stock Regain Momentum on Effective Strategies?,https://www.zacks.com/stock/news/2288016/can-femsa-fmx-stock-regain-momentum-on-effective-strategies,"FEMSA (FMX) looks poised for long-term growth on its FEMSA forward strategy, digital initiatives, business expansion endeavors, and continued strength in OXXO Mexico and OXXO Gas.",www.zacks.com,0.329251,Somewhat-Bullish,KO,0.125242,0.220294,Somewhat-Bullish
2024-06-13 19:02:20,Spotlight on Coca-Cola: Analyzing the Surge in Options Activity - Coca-Cola  ( NYSE:KO ) ,https://www.benzinga.com/insights/options/24/06/39320083/spotlight-on-coca-cola-analyzing-the-surge-in-options-activity,"Investors with a lot of money to spend have taken a bullish stance on Coca-Cola KO. We noticed this today when the positions showed up on publicly available options history that we track here at Benzinga. Whether these are institutions or just wealthy individuals, we don't know.",www.benzinga.com,0.216368,Somewhat-Bullish,KO,0.7931,0.297275,Somewhat-Bullish
2024-06-13 19:46:42,Monster Beverage Unusual Options Activity For June 13 - Monster Beverage  ( NASDAQ:MNST ) ,https://www.benzinga.com/insights/options/24/06/39320795/monster-beverage-unusual-options-activity-for-june-13,"Whales with a lot of money to spend have taken a noticeably bearish stance on Monster Beverage. Looking at options history for Monster Beverage MNST we detected 8 trades. If we consider the specifics of each trade, it is accurate to state that 37% of the investors opened trades with bullish ...",www.benzinga.com,0.045765,Neutral,KO,0.085324,-0.058367,Neutral
2024-06-13 21:30:00,"Foodservice Market size in UK is set to grow by USD 28.19 billion from 2024-2028, Rise of food delivery apps and ... - PR Newswire",https://www.prnewswire.com/news-releases/foodservice-market-size-in-uk-is-set-to-grow-by-usd-28-19-billion-from-2024-2028--rise-of-food-delivery-apps-and-online-ordering-platforms-to-boost-the-market-growth-technavio-302170906.html,"Foodservice Market size in UK is set to grow by USD 28.19 billion from 2024-2028, Rise of food delivery apps and ... PR ...",www.prnewswire.com,0.316565,Somewhat-Bullish,KO,0.035608,0.054861,Neutral
2024-06-14 07:30:00,"1 Stock That Should Safely Outpace the S&P 500, According to Warren Buffett",https://www.fool.com/investing/2024/06/14/1-stock-that-should-safely-outpace-the-sp-500-acco/,Buffett has invested a lot of his personal wealth and Berkshire's cash into this stock.,www.fool.com,0.336703,Somewhat-Bullish,KO,0.106778,0.133514,Neutral
2024-06-14 09:10:00,"Move Over Pepsi, There's Officially a New No. 2 Soda Behind Coca-Cola",https://www.fool.com/investing/2024/06/14/move-over-pepsi-theres-officially-a-new-no-2-soda/,It only took more than 100 years to finally take second place.,www.fool.com,0.288707,Somewhat-Bullish,KO,0.155118,0.113694,Neutral
2024-06-14 13:15:00,"As An Act Of Generosity, New CMO Guide Helps Marketing Leaders Thrive",https://www.forbes.com/sites/marcuscollins/2024/06/14/as-an-act-of-generosity-new-cmo-guide-helps-marketing-leaders-thrive/,"In a matter of days, marketers from around the world will make their pilgrimage to Cannes, France, for the Cannes Lions Festival of Creativity. This gathering has long been regarded as the epicenter of the marketing industry, where business leaders descend on the French Rivera to be inspired, ...",www.forbes.com,0.352313,Bullish,KO,0.051886,0.160523,Somewhat-Bullish
2024-06-14 15:13:00,High orange juice prices may be on the table for a while due to disease and extreme weather,https://apnews.com/article/orange-juice-prices-brazil-florida-disease-8a8f97573d9c26ab44a62c6a0228686e,"MOGI GUACU, Brazil ( AP ) - Orange juice prices have , falling when bumper harvests create an oversupply of oranges and rising when frost or knocks out fruit trees.",apnews.com,-0.129756,Neutral,KO,0.035241,-0.074835,Neutral
2024-06-14 22:30:00,The fizz is gone: Atlanta's former Coca-Cola museum demolished for parking lot,https://apnews.com/article/world-of-coca-cola-coke-museum-demolition-bf45b9ac431d3c407885dbfafcaebf17,"ATLANTA ( AP ) - Once a shrine to the world's most popular soft drink, the building that housed the original World of Coca-Cola is going flat at the hands of Georgia's state government.",apnews.com,0.066421,Neutral,KO,0.337811,0.167691,Somewhat-Bullish
2024-06-16 09:00:00,Chai pe Charcha with BrandWagon,https://www.financialexpress.com/business/brandwagon-chai-pe-charcha-with-brandwagon-163-3526040/,"Weekends are all about downtime. After a week full of work to meet deadlines, everybody needs some breather to relax and recuperate. From watching a favourite web series to planning a vacation, weekends are designated as family and me time.",www.financialexpress.com,0.435293,Bullish,KO,0.089797,0.258431,Somewhat-Bullish
2024-06-17 09:45:00,"The Smartest Dividend Stocks to Buy With $10,000 Right Now",https://www.fool.com/investing/2024/06/17/the-smartest-dividend-stocks-to-buy-with-10000-rig/,"Coca-Cola, Realty Income, and Philip Morris International are all great income plays.",www.fool.com,0.193097,Somewhat-Bullish,KO,0.328819,0.34721,Somewhat-Bullish
2024-06-17 11:19:00,Butterfly Gandhimathi appoints Swetha Sagar as manager & CBO,https://www.business-standard.com/markets/capital-market-news/butterfly-gandhimathi-appoints-swetha-sagar-as-manager-cbo-124061700564_1.html,Butterfly Gandhimathi Appliances announced that it has appointed Swetha Sagar as manager & chief business officer (CBO) of the company with effect from 15 June 2024.,www.business-standard.com,0.178872,Somewhat-Bullish,KO,0.157483,0.09794,Neutral
2024-06-17 20:15:34,What the Options Market Tells Us About PepsiCo - PepsiCo  ( NASDAQ:PEP ) ,https://www.benzinga.com/insights/options/24/06/39366156/what-the-options-market-tells-us-about-pepsico,"Whales with a lot of money to spend have taken a noticeably bullish stance on PepsiCo. Looking at options history for PepsiCo PEP we detected 9 trades. If we consider the specifics of each trade, it is accurate to state that 55% of the investors opened trades with bullish expectations and 22% ...",www.benzinga.com,0.202554,Somewhat-Bullish,KO,0.093289,0.145451,Neutral
2024-06-17 21:50:18,Coca-Cola  ( KO )  Advances But Underperforms Market: Key Facts,https://www.zacks.com/stock/news/2289467/coca-cola-ko-advances-but-underperforms-market-key-facts,"Coca-Cola (KO) reachead $62.62 at the closing of the latest trading day, reflecting a +0.11% change compared to its last close.",www.zacks.com,0.163774,Somewhat-Bullish,KO,0.531019,0.271259,Somewhat-Bullish
2024-06-18 04:23:22,Coca Cola proposes 1 billion deal to top four Indian business families,https://www.business-standard.com/companies/news/coca-cola-proposes-1-billion-deal-to-top-four-indian-business-families-124061800154_1.html,Coca Cola proposes $1 billion deal to top four Indian business families Business Standard ...,www.business-standard.com,0.299822,Somewhat-Bullish,KO,0.183895,0.221305,Somewhat-Bullish
2024-06-18 09:13:00,Warren Buffett Holds $175 Billion of His Portfolio in 2 Stocks That Could Rise 13% and 29% According to a Pair of Wall Street Analysts,https://www.fool.com/investing/2024/06/18/warren-buffett-invested-billion-of-his-portfolio-i/,Investors who want to reap Buffett-sized returns should understand his biggest investment decisions.,www.fool.com,0.329481,Somewhat-Bullish,KO,0.398148,0.251614,Somewhat-Bullish
2024-06-18 11:00:12,"From Alibaba to BYD, Chinese sponsors jostle for attention at Euro 2024",https://www.scmp.com/tech/big-tech/article/3267079/alibaba-byd-chinese-sponsors-jostle-attention-euro-2024-football-tournament,"Five of the championship's 13 sponsors come from China, as these companies look abroad amid slow growth at home.",www.scmp.com,0.168033,Somewhat-Bullish,KO,0.072217,0.0,Neutral
2024-06-18 11:30:00,3 Warren Buffett Stocks to Hold Forever,https://www.fool.com/investing/2024/06/18/3-warren-buffett-stocks-to-hold-forever/,"These companies can be staples in an investor's portfolio, providing income and growth opportunities.",www.fool.com,0.295914,Somewhat-Bullish,KO,0.250902,0.112375,Neutral
2024-06-18 11:32:00,Is the Options Market Predicting a Spike in Coca Cola FEMSA  ( KOF )  Stock?,https://www.zacks.com/stock/news/2289621/is-the-options-market-predicting-a-spike-in-coca-cola-femsa-kof-stock,Investors need to pay close attention to Coca Cola FEMSA (KOF) stock based on the movements in the options market lately.,www.zacks.com,0.064578,Neutral,KO,0.457566,0.08159,Neutral
2024-06-18 12:00:00,Want to Get Richer? The 2 Best Stocks to Buy Now and Hold Forever.,https://www.fool.com/investing/2024/06/18/want-to-get-richer-the-2-best-stocks-to-buy-now-an/,Long-term buy-and-hold investing is the best way to succeed in the stock market.,www.fool.com,0.407305,Bullish,KO,0.07031,0.03125,Neutral
2024-06-18 14:02:00,Office And Commercial Coffee Equipment And Supplies Market size is set to grow by USD 5.41 billion from 2024-2028 ... - PR Newswire,https://www.prnewswire.com/news-releases/office-and-commercial-coffee-equipment-and-supplies-market-size-is-set-to-grow-by-usd-5-41-billion-from-2024-2028--growing-number-of-office-spaces-and-commercial-establishments-boost-the-market-technavio-302174040.html,Office And Commercial Coffee Equipment And Supplies Market size is set to grow by USD 5.41 billion from 2024-2028 ... PR ...,www.prnewswire.com,0.226563,Somewhat-Bullish,KO,0.033282,0.026296,Neutral
2024-06-18 16:30:39,Coca-Cola Advances But Underperforms Market: Key Facts - Coca-Cola  ( NYSE:KO ) ,https://www.benzinga.com/news/earnings/24/06/39368975/coca-cola-advances-but-underperforms-market-key-facts,"The most recent trading session ended with Coca-Cola KO standing at $62.62, reflecting a +0.11% shift from the previouse trading day's closing. This move lagged the S&P 500's daily gain of 0.77%. Elsewhere, the Dow saw an upswing of 0.49%, while the tech-heavy Nasdaq appreciated by 0.95%.",www.benzinga.com,0.177899,Somewhat-Bullish,KO,0.511734,0.271607,Somewhat-Bullish
2024-06-18 19:30:00,"The Inner Circle Acknowledges, Willette Murphy Klausner as a Top Pinnacle Professional",https://www.benzinga.com/pressreleases/24/06/n39388202/the-inner-circle-acknowledges-willette-murphy-klausner-as-a-top-pinnacle-professional,"LOS ANGELES, June 18, 2024 /PRNewswire/ -- Willette Murphy Klausner shines brightly in The Inner Circle, celebrated as a Top Pinnacle Professional for her groundbreaking contributions as a Trailblazer in Theater and Film Production.",www.benzinga.com,0.405557,Bullish,KO,0.053992,0.054991,Neutral
2024-06-18 21:45:20,Coca-Cola  ( KO )  Increases Yet Falls Behind Market: What Investors Need to Know,https://www.zacks.com/stock/news/2290077/coca-cola-ko-increases-yet-falls-behind-market-what-investors-need-to-know,"In the latest trading session, Coca-Cola (KO) closed at $62.63, marking a +0.02% move from the previous day.",www.zacks.com,0.199821,Somewhat-Bullish,KO,0.535653,0.260602,Somewhat-Bullish
2024-06-19 11:00:00,The Anglosphere Is Depressed,https://www.theatlantic.com/ideas/archive/2024/06/mental-health-crisis-anglosphere-depressed/678724/,"The argument that smartphones and social media are contributing to the rise in teen mental distress is strong. A number of observational and experimental studies show that teen anxiety started rising just as smartphones, social media, and front-facing cameras contributed to a wave of negative ...",www.theatlantic.com,-0.207907,Somewhat-Bearish,KO,0.015634,-0.256074,Somewhat-Bearish
2024-06-19 16:41:50,3 Stocks That Don't Care Who Has the Nuclear Codes,https://markets.businessinsider.com/news/stocks/3-stocks-that-dont-care-who-has-the-nuclear-codes-1033490890,"Although traders continue to be laser-focused on hyper-growth stocks for substantial gains, astute investors also love dividend holding stocks. While growth stocks offer high rewards, most of them come with higher risks.",markets.businessinsider.com,0.360378,Bullish,KO,0.110209,0.242388,Somewhat-Bullish
2024-06-20 05:45:00,Let's award R.I.  ( real intelligence ) ,https://www.financialexpress.com/business/brandwagon-lets-award-r-i-real-intelligence-3529564/,"Cannes. It's inspiring to see such great work and amazing talent together in one place every year. But if I was to be truthful, I'm filled with jealousy, as I see all of the incredible work I wish that I had done. I've judged a lot of shows but there is something special about Cannes - its ...",www.financialexpress.com,0.433878,Bullish,KO,0.076602,0.05515,Neutral
2024-06-20 06:15:00,Big score: T20 World Cup ad money set to double to Rs 2000 crore,https://www.financialexpress.com/business/brandwagon-big-score-t20-world-cup-ad-money-set-to-double-to-rs-2000-crore-3529662/,"The T20 World Cup, which begins on June 1, will be played on fast-scoring pitches as far as advertising is concerned. The showpiece event, to be hosted by the US and West Indies, is expected to rake in Rs 2,000 crore advertising money, which is double the amount in the 2022 edition.",www.financialexpress.com,0.137012,Neutral,KO,0.072217,0.046246,Neutral
2024-06-20 08:15:00,"3 Magnificent Stocks That Have Created Many Millionaires, and Will Continue to Make More",https://www.fool.com/investing/2024/06/20/3-magnificent-stocks-that-have-created-many-millio/,The key is sticking with them long enough to let them do everything they're capable of doing.,www.fool.com,0.250246,Somewhat-Bullish,KO,0.181137,0.209148,Somewhat-Bullish
2024-06-20 10:30:00,Introducing The 2024 Forbes CMO Hall Of Fame Inductees,https://www.forbes.com/sites/sethmatlins/2024/06/20/introducing-the-2024-forbes-cmo-hall-of-fame-inductees/,"2024 marks the 3rd year and class since we created the Forbes CMO Hall of Fame in 2022, to mark the 10th Anniversary of the Forbes World's Most Influential CMOs list.",www.forbes.com,0.214418,Somewhat-Bullish,KO,0.018831,0.116565,Neutral
2024-06-20 12:00:00,QA Introduces New Brand Amidst Rapid US Growth,https://www.prnewswire.com/news-releases/qa-introduces-new-brand-amidst-rapid-us-growth-302177934.html,"QA is fixing the broken learning model and driving client business results with a continuous, connected, and collaborative approach to AI, cloud, and data skills training.",www.prnewswire.com,0.253488,Somewhat-Bullish,KO,0.057907,0.038967,Neutral
2024-06-20 12:00:54,"Pasta Evangelists, Harrods review: a varied taste of Italy",https://theweek.com/culture-life/food-drink/pasta-evangelists-harrods-review-a-varied-taste-of-italy,"Tucked away on the ground floor of what is perhaps the most famous department store in the world - Harrods - is Pasta Evangelists, a name that is more familiar for delivering fresh pasta to homes across the UK.",theweek.com,0.306765,Somewhat-Bullish,KO,0.023957,-0.015924,Neutral
2024-06-20 13:00:00,Coca-Cola Consolidated Announces Preliminary Results of Tender Offer,https://www.globenewswire.com/news-release/2024/06/20/2901728/0/en/Coca-Cola-Consolidated-Announces-Preliminary-Results-of-Tender-Offer.html,"CHARLOTTE, N.C., June 20, 2024 ( GLOBE NEWSWIRE ) -- Coca-Cola Consolidated, Inc. ( NASDAQ: COKE ) ( the ""Company"" ) announced today the preliminary results of its modified ""Dutch auction"" tender offer, which expired at 5:00 p.m., New York City time, on June 18, 2024.",www.globenewswire.com,0.260112,Somewhat-Bullish,KO,0.380591,0.183274,Somewhat-Bullish
2024-06-20 15:12:15,What Apple Didn't Say,https://www.fool.com/investing/2024/06/20/what-apple-didnt-say/,We also discuss whether Cracker Barrel can turn things around.,www.fool.com,0.174419,Somewhat-Bullish,KO,0.007404,0.041606,Neutral
2024-06-20 18:48:56,Nvidia Stock Endures $277 Billion Midday Selloff As AI Giant Falls Behind Microsoft,https://www.forbes.com/sites/dereksaul/2024/06/20/nvidia-stock-endures-277-billion-midday-selloff-as-ai-giant-falls-behind-microsoft/,Why Is Nvidia Stock Down? 8% Midday Drop Wipes Out $277 Billion Forbes ...,www.forbes.com,0.100397,Neutral,KO,0.102888,0.037268,Neutral
2024-06-21 08:45:00,4 Reasons to Buy Berkshire Hathaway Stock Like There's No Tomorrow,https://www.fool.com/investing/2024/06/21/4-reasons-to-buy-berkshire-hathaway-stock-like-the/,Warren Buffett's conglomerate still has plenty of upside potential.,www.fool.com,0.217972,Somewhat-Bullish,KO,0.06179,0.038001,Neutral
2024-06-21 09:15:00,3 Reasons Apple Stock Is a Buy and Hold,https://www.fool.com/investing/2024/06/21/3-reasons-apple-stock-is-a-buy-and-hold/,Apple is showing why it's still a contender.,www.fool.com,0.223763,Somewhat-Bullish,KO,0.051886,0.112003,Neutral
2024-06-21 10:18:15,"Nestle Carefully Targets Weight-Loss Drug Users with New Food Line - Novo Nordisk  ( NYSE:NVO ) , Eli Lilly and Co  ( NYSE:LLY ) , Nestle  ( OTC:NSRGY ) ",https://www.benzinga.com/general/biotech/24/06/39429336/nestle-carefully-targets-weight-loss-drug-users-with-new-food-line,"Last month, Nestlé SA NSRGF NSRGY unveiled Vital Pursuit, a new line of foods designed to complement GLP-1 weight loss medications and aid consumers focused on weight management. The European food giant said the company will not mention the weight loss drugs on the packaging.",www.benzinga.com,0.10018,Neutral,KO,0.160633,0.012621,Neutral
2024-06-21 13:00:00,Coca-Cola Consolidated Announces Final Results of Tender Offer,https://www.globenewswire.com/news-release/2024/06/21/2902308/0/en/Coca-Cola-Consolidated-Announces-Final-Results-of-Tender-Offer.html,"CHARLOTTE, N.C., June 21, 2024 ( GLOBE NEWSWIRE ) -- Coca-Cola Consolidated, Inc. ( NASDAQ: COKE ) ( the ""Company"" ) announced today the final results of its modified ""Dutch auction"" tender offer, which expired at 5:00 p.m., New York City time, on June 18, 2024.",www.globenewswire.com,0.194512,Somewhat-Bullish,KO,0.407372,0.159148,Somewhat-Bullish
2024-06-21 20:05:41,"This Founder Borrowed $4,500 To Book Wiz Khalifa At His College. Now He's A Millionaire",https://www.forbes.com/sites/jabariyoung/2024/06/21/this-founder-borrowed-4500-to-book-wiz-khalifa-at-his-college-now-hes-a-millionaire/,"Cameron Kirkland, the CEO of Cam Kirk Studios, estimates he's made more than $6 million from a photography studio business. o you think Wiz Khalifa would come to Morehouse College to do a popup event?"" In 2010, Cameron Kirkland sent that direct message to Khalifa's booking agent on social media ...",www.forbes.com,0.220315,Somewhat-Bullish,KO,0.057628,0.08496,Neutral
2024-06-22 08:32:00,"Want $2,000 in Passive Income? Invest $15,000 in These 5 Dividend Stocks and Wait 4 Years",https://www.fool.com/investing/2024/06/22/want-2000-in-passive-income-invest-15000-in-these/,Investing in equal parts of these five dividend stocks produces a dividend yield of 3.7%.,www.fool.com,0.244045,Somewhat-Bullish,KO,0.040212,0.079421,Neutral
2024-06-22 14:05:00,Is It Too Late to Buy Berkshire Hathaway Stock?,https://www.fool.com/investing/2024/06/22/is-it-too-late-to-buy-berkshire-hathaway-stock/,"As with everything on Wall Street, whether or not you should buy Berkshire Hathaway depends on what your goals are.",www.fool.com,0.327848,Somewhat-Bullish,KO,0.056407,0.141012,Neutral
2024-06-23 08:15:00,2 No-Brainer Warren Buffett Stocks to Buy Right Now,https://www.fool.com/investing/2024/06/23/2-no-brainer-warren-buffett-stocks-to-buy-now/,Buffett has held one of these stocks for 30 years....,www.fool.com,0.391051,Bullish,KO,0.510588,0.57006,Bullish
2024-06-23 11:00:00,NVIDIA Takes The Throne: Is This A Tech Bubble?,https://www.forbes.com/sites/bill_stone/2024/06/23/nvidia-takes-the-throne-is-this-a-tech-bubble/,"For a moment last week, NVIDIA ( NVDA ) surpassed Microsoft ( MSFT ) as the largest company in the world and S&P 500 index. While it slipped from that perch to end the week, it seemed an appropriate time to revisit whether the large technology stocks, notably NVIDIA, are in the throes of an ...",www.forbes.com,0.371127,Bullish,KO,0.032961,0.034237,Neutral
2024-06-23 11:15:00,Want to Beat the S&P 500? You'll Regret Buying This Top Warren Buffett Stock,https://www.fool.com/investing/2024/06/23/want-beat-sp-500-regret-buying-top-buffett-stock/,"Although this business is a household name, its stock return has been disappointing.",www.fool.com,0.277164,Somewhat-Bullish,KO,0.730954,0.43996,Bullish
2024-06-23 13:45:00,"Coca-Cola Is a Rock-Solid Dividend King, but So Is This Dirt Cheap Stock That's Down 13% in the Past 3 Months",https://www.fool.com/investing/2024/06/23/coca-cola-dividend-king-buy-target-stock/,This Dividend King just raised its payout to a record high.,www.fool.com,0.228637,Somewhat-Bullish,KO,0.046452,0.184375,Somewhat-Bullish
2024-06-23 23:22:00,"Nvidia's chips are very popular. Its brand, less so.",https://www.businessinsider.com/nvidia-gpu-chips-ai-branding-popularity-2024-6,• Nvidia recently joined Microsoft and Apple in the multi-trillion dollar valuation club. • But Nvidia's brand doesn't have the household familiarity of the iconic Apple logo or Nike swoosh. • Consulting firm Interbrand's list of top 100 global brands doesn't even include the chipmaker.,www.businessinsider.com,0.136817,Neutral,KO,0.079921,0.032913,Neutral
2024-06-23 23:22:17,"Nvidia's chips are very popular. Its brand, less so.",https://africa.businessinsider.com/news/nvidias-chips-are-very-popular-its-brand-less-so/kn5ycys,"But what company comes to a consumer's mind when referencing a green spiral?Is it an eye? A portal to another dimension? That's a question best aimed at Nvidia, whichrecently turned into a multi-trillion dollar company thanks to its valuable chips that are crucial in the artificial intelligence ...",africa.businessinsider.com,0.139772,Neutral,KO,0.096283,0.127469,Neutral
2024-06-24 00:29:00,Christopher Bell takes the checkered flag on rain tires in the NASCAR Cup race at New Hampshire,https://apnews.com/article/nascar-new-hampshire-8feb575a7e185ebb3772f532eb454a83,Christopher Bell wins on rain tires to take the checkered flag in Cup race at New Hampshire The Associated Press ...,apnews.com,0.031392,Neutral,KO,0.039944,0.152192,Somewhat-Bullish
2024-06-24 12:38:00,Riviera Advisors Welcomes Talent Sourcing Pioneer Shally Steckerl to Talent Acquisition Consulting Practice,https://www.prnewswire.com/news-releases/riviera-advisors-welcomes-talent-sourcing-pioneer-shally-steckerl-to-talent-acquisition-consulting-practice-302179789.html,"LONG BEACH, Calif., June 24, 2024 /PRNewswire/ -- The leading independent boutique global talent acquisition optimization consulting and training firm of Riviera Advisors, has welcomed Shally Steckerl to its world-class team.",www.prnewswire.com,0.614239,Bullish,KO,0.076115,0.191606,Somewhat-Bullish
2024-06-24 13:11:29,'Pirates Of The Caribbean' Actor And Pro Surfer Killed By Shark In Hawaii: What We Know,https://www.forbes.com/sites/maryroeloffs/2024/06/24/pirates-of-the-caribbean-actor-and-pro-surfer-killed-by-shark-in-hawaii-what-we-know/,Who Is Tamayo Perry? Actor Dies After Shark Attack In Hawaii Forbes ...,www.forbes.com,-0.094246,Neutral,KO,0.084127,-0.013612,Neutral
2024-06-24 14:11:36,Here's How Much Warren Buffett's Berkshire Hathaway Earns In Dividends From Its Investment in Coca-Cola Stock - Coca-Cola  ( NYSE:KO ) ,https://www.benzinga.com/general/24/06/39457561/heres-how-much-warren-buffetts-berkshire-hathaway-earns-in-dividends-from-its-investment-in-coca-col,"Warren Buffett's Berkshire Hathaway BRK owns 400 million shares of The Coca-Cola Company KO stock, which is roughly 9.3% of the company. And it's a significant stake for Berkshire, representing approximately 6.5% of its portfolio.",www.benzinga.com,0.31682,Somewhat-Bullish,KO,0.593175,0.427782,Bullish
2024-06-24 14:14:00,"Earth-Friendly Fashion: Embracing Sustainability! Gary Hsieh, Executive Vice President of UKL: Because We Believe, Each of Us Can Be the Source!",https://www.prnewswire.com/news-releases/earth-friendly-fashion-embracing-sustainability-gary-hsieh-executive-vice-president-of-ukl-because-we-believe-each-of-us-can-be-the-source-302180376.html,"Earth-Friendly Fashion: Embracing Sustainability! Gary Hsieh, Executive Vice President of UKL: Because We Believe ... PR ...",www.prnewswire.com,0.315367,Somewhat-Bullish,KO,0.016738,0.113674,Neutral
2024-06-24 15:57:25,"Warren Buffett: 'It Takes Just A Few Winners To Work Wonders' - Coca-Cola  ( NYSE:KO ) , American Express  ( NYSE:AXP ) ",https://www.benzinga.com/markets/24/06/39460971/warren-buffett-it-takes-just-a-few-winners-to-work-wonders,"Stocks rallied to new all-time highs, with the S&P 500 setting a record intraday high of 5,505.53 on Thursday and a record closing high of 5,487.03 on Tuesday. For the week, the S&P gained 0.6% to end at 5,464.62. The index is now up 14.6% year to date and up 52.8% from its October 12, 2022 ...",www.benzinga.com,0.315718,Somewhat-Bullish,KO,0.078226,0.077013,Neutral
2024-06-24 21:50:20,Coca-Cola  ( KO )  Increases Despite Market Slip: Here's What You Need to Know,https://www.zacks.com/stock/news/2292506/coca-cola-ko-increases-despite-market-slip-heres-what-you-need-to-know,"In the most recent trading session, Coca-Cola (KO) closed at $63.97, indicating a +1.91% shift from the previous trading day.",www.zacks.com,0.215473,Somewhat-Bullish,KO,0.590482,0.328257,Somewhat-Bullish
2024-06-25 10:00:00,"Trump's company is valued 'absurdly out of the realm of normal,' LinkedIn billionaire says | Business",https://www.cnn.com/2024/06/25/business/trump-media-technology-group-value/index.html,"Trump's company is valued 'absurdly out of the realm of normal,' LinkedIn billionaire says ...",www.cnn.com,0.271615,Somewhat-Bullish,KO,0.05257,0.111017,Neutral
2024-06-25 12:11:59,Daily: Apple Faces Billions In Possible Fines From EU Regulator,https://www.forbes.com/sites/daniellechemtob/2024/06/25/forbes-daily-apple-faces-billions-in-possible-fines-from-eu-regulator/,"This is a published version of the Forbes Daily newsletter, you can sign-up to get Forbes Daily in your inbox here. Elevated interest rates are rippling through the economy far beyond record-high housing costs-look no further than the furniture and home improvement sectors.",www.forbes.com,0.02428,Neutral,KO,0.025789,0.049544,Neutral
2024-06-25 14:54:33,"Cannabis Vs. Coca-Cola And Marlboro: Marijuana Market Growth Outpaces Alcohol, Tobacco, And CPG Giants - Anheuser-Busch InBev  ( NYSE:BUD ) , Coca-Cola  ( NYSE:KO ) ",https://www.benzinga.com/analyst-ratings/analyst-color/24/06/39469809/cannabis-vs-coca-cola-and-marlboro-marijuana-market-growth-outpaces-alcohol-tobacco,"Recent financial data from Beacon Securities compares key financial metrics across the alcohol, tobacco and cannabis industries, showing that cannabis is set to outpace major players like Coca-Cola KO, Marlboro MO, and Budweiser BUD in market growth.",www.benzinga.com,0.302098,Somewhat-Bullish,KO,0.183198,0.220051,Somewhat-Bullish
2024-06-25 21:45:20,Coca-Cola  ( KO )  Stock Slides as Market Rises: Facts to Know Before You Trade,https://www.zacks.com/stock/news/2293163/coca-cola-ko-stock-slides-as-market-rises-facts-to-know-before-you-trade,"The latest trading day saw Coca-Cola (KO) settling at $63.84, representing a -0.2% change from its previous close.",www.zacks.com,0.225767,Somewhat-Bullish,KO,0.537213,0.314692,Somewhat-Bullish
2024-06-26 08:51:00,"If You Bought 1 Share of Coca-Cola at Its IPO, Here's How Many Shares You'd Own Now",https://www.fool.com/investing/2024/06/26/bought-1-share-coca-cola-at-its-ipo-how-many-now/,Wall Street's most-chosen consumer brand has navigated its way through 10 stock splits and one stock dividend since its initial public offering (IPO) in 1919.,www.fool.com,0.324791,Somewhat-Bullish,KO,0.570165,0.373661,Bullish
2024-06-26 09:43:00,1 Glorious Growth ETF That Can Help You Invest in Artificial Intelligence  ( AI )  Stocks and Beat the S&P 500,https://www.fool.com/investing/2024/06/26/1-growth-etf-invest-in-ai-stocks-and-beat-sp-500/,"This Vanguard ETF has the potential to continue beating the S&P 500 over the long term, even if artificial intelligence (AI) fails to live up to the hype.",www.fool.com,0.222926,Somewhat-Bullish,KO,0.050465,0.065465,Neutral
2024-06-26 10:09:00,"Want $1,000 in Dividend Income? Here's How Much You Have to Invest in Coca-Cola Stock",https://www.fool.com/investing/2024/06/26/want-1000-in-coca-cola-dividend-income/,"It's a lot of money, but it's a rock-solid dividend.",www.fool.com,0.362267,Bullish,KO,0.608634,0.512813,Bullish
2024-06-26 10:30:00,3 Blue Chip Dividend Stocks to Buy and Hold Forever,https://www.fool.com/investing/2024/06/26/3-blue-chip-dividend-stocks-buy-and-hold-forever/,Investing in equal amounts of these three dividend stocks will produce an average yield of 3.5%.,www.fool.com,0.233918,Somewhat-Bullish,KO,0.035397,0.166827,Somewhat-Bullish
2024-06-26 13:45:00,The Best Warren Buffett Stocks to Buy Right Now,https://www.fool.com/investing/2024/06/26/the-best-warren-buffett-stocks-to-buy-right-now/,Warren Buffett's investment prowess is arguably unmatched. Let's take a look at few of his stocks that everyone should consider owning right now.,www.fool.com,0.273495,Somewhat-Bullish,KO,0.059488,0.009057,Neutral
2024-06-27 12:13:00,4 Top Vanguard Mutual Funds Amid Volatile Market Conditions,https://www.zacks.com/stock/news/2294201/4-top-vanguard-mutual-funds-amid-volatile-market-conditions,"Invest in Vanguard mutual funds like VQNPX, VWNFX, VASVX and VSTCX to earn excellent returns amid uncertain market conditions.",www.zacks.com,0.237028,Somewhat-Bullish,KO,0.040348,0.048259,Neutral
2024-06-27 13:00:15,Is Trending Stock CocaCola Company  ( The )   ( KO )  a Buy Now?,https://www.zacks.com/stock/news/2294168/is-trending-stock-cocacola-company-the-ko-a-buy-now,"Coca-Cola (KO) has been one of the stocks most watched by Zacks.com users lately. So, it is worth exploring what lies ahead for the stock.",www.zacks.com,0.224036,Somewhat-Bullish,KO,0.484798,0.134559,Neutral
2024-06-27 14:40:00,"Don't suffer from FOMO, get in on 7-Eleven Birthday BOGOs! - Canada NewsWire",https://www.newswire.ca/news-releases/don-t-suffer-from-fomo-get-in-on-7-eleven-birthday-bogos--863780630.html,"Don't suffer from FOMO, get in on 7-Eleven Birthday BOGOs! Canada ...",www.newswire.ca,0.433392,Bullish,KO,0.060848,0.192658,Somewhat-Bullish
2024-06-27 17:20:00,RWS Global & CAMP Team Up to Bring Immersive Shows to More Families Worldwide,https://www.benzinga.com/pressreleases/24/06/n39532507/rws-global-camp-team-up-to-bring-immersive-shows-to-more-families-worldwide,"CAMP's IP-driven experiences for BBC's Bluey, Disney's Encanto and The Little Mermaid, Universal's Trolls and more will be powered by live entertainment leader RWS Global",www.benzinga.com,0.411961,Bullish,KO,0.039745,0.115184,Neutral
2024-06-28 06:00:26,Retail media is seeing a surge this year,https://theweek.com/business/retail-media-advertisement,"There may be no bigger scramble in business right now than the race to dominate retail media. What was a relatively new concept just a few years ago has now been brought to the forefront of the digital advertising world, and looks primed to become one of the main sources of revenue for major ...",theweek.com,0.135059,Neutral,KO,0.03453,0.136912,Neutral
2024-06-28 07:22:35,Adobe launches AI-powered content hub for creative asset management,https://www.financialexpress.com/business/brandwagon-adobe-launches-ai-powered-content-hub-for-creative-asset-management-3537708/,"Adobe announced the availability of Adobe Content Hub with Adobe Experience Manager ( AEM ) Assets. AEM Assets is a digital asset management system ( DAM ) used by brands to manage images, videos, and other content for marketing campaigns and digital experiences.",www.financialexpress.com,0.515634,Bullish,KO,0.121037,0.119379,Neutral
2024-06-28 08:00:00,These 3 Dividend ETFs Are a Retiree's Best Friend,https://www.fool.com/investing/2024/06/28/dividend-etf-retirement-best-friend-vig-schd/,This is when you need investment income the most. These picks will help optimize that current and future cash flow.,www.fool.com,0.258753,Somewhat-Bullish,KO,0.037271,0.104884,Neutral
2024-06-28 08:41:00,Meet the Only 3 Stocks Billionaire Warren Buffett Has Continuously Owned Since 2000,https://www.fool.com/investing/2024/06/28/only-3-stocks-warren-buffett-has-owned-since-2000/,"Berkshire Hathaway's cost basis for these three stocks is so low that Buffett's company is generating respective yields on cost of 60%, 33%, and 34% each year!",www.fool.com,0.219465,Somewhat-Bullish,KO,0.255977,0.306382,Somewhat-Bullish
2024-06-28 10:38:07,Ampverse DMI appoints Sona Mazumdar to lead new marketing solutions unit,https://www.financialexpress.com/business/brandwagon-ampverse-dmi-appoints-sona-mazumdar-to-lead-new-marketing-solutions-unit-3538074/,"Ampverse DMI, a leader in the gaming and entertainment sector, has appointed Sona Mazumdar as head of its new Marketing Solutions unit for the Indian gaming market. Mazumdar brings experience from collaborating with over 300 brands across Asia, including Porsche, Samsung, Riot Games, KFC, and ...",www.financialexpress.com,0.50766,Bullish,KO,0.141726,0.065054,Neutral
2024-06-28 19:15:00,Warren Buffett donates again to the Gates Foundation but will cut the charity off after his death,https://apnews.com/article/warren-buffett-donations-berkshire-hathaway-gates-foundation-9e2e32f2241742a7b6b75e1f1b7569f0,"OMAHA, Neb. ( AP ) - Investor Warren Buffett announced another $5.3 billion in charitable gifts Friday, but in a major shift of his he said he plans to cut off donations to the Bill & Melinda Gates Foundation after his death and let his three children decide how to distribute the rest of his ...",apnews.com,0.175347,Somewhat-Bullish,KO,0.047465,0.014878,Neutral
2024-06-29 07:47:00,Forget Coca-Cola: This Stock Has Made Far More Millionaires,https://www.fool.com/investing/2024/06/29/forget-coca-cola-stock-made-more-millionaires/,The beverage industry's second-biggest name is the more promising investment prospect.,www.fool.com,0.264523,Somewhat-Bullish,KO,0.288408,0.253678,Somewhat-Bullish
2024-06-29 13:15:00,"The Best Warren Buffett Stocks to Buy With $30,000 Right Now",https://www.fool.com/investing/2024/06/29/best-warren-buffett-stocks-to-buy-now/,These three stocks are perfect for those seeking to follow Buffett's best ideas.,www.fool.com,0.283712,Somewhat-Bullish,KO,0.056808,0.101935,Neutral
2024-06-29 20:46:00,NASCAR driver Bubba Wallace not sharing details of last altercation with Aric Almirola,https://apnews.com/article/nascar-almirola-wallace-joe-gibbs-racing-a9775b398bbc90a24f50424b939926eb,"LEBANON, Tenn. ( AP ) - Bubba Wallace refused Saturday to discuss the details of the physical altercation in late May that led to the suspension of Aric Almirola by Joe Gibbs Racing, saying he preferred to ""keep some people's images good.""",apnews.com,0.023858,Neutral,KO,0.084127,-0.292664,Somewhat-Bearish
2024-06-30 08:10:00,Should You Buy Berkshire Hathaway or This S&P 500 ETF?,https://www.fool.com/investing/2024/06/30/should-you-buy-berkshire-hathaway-sp-500-etf/,"Which of these stable, long-term investments is the better buy?",www.fool.com,0.194835,Somewhat-Bullish,KO,0.05749,0.242006,Somewhat-Bullish
2024-06-30 09:40:00,2 Unstoppable Dividend Stocks to Buy if There's a Stock Market Sell-Off,https://www.fool.com/investing/2024/06/30/unstoppable-dividend-stocks-buy-if-market-sell-off/,Income-seeking investors can find plenty of opportunities in any market environment.,www.fool.com,0.292725,Somewhat-Bullish,KO,0.241444,0.294414,Somewhat-Bullish
2024-06-30 11:24:00,"Warren Buffett once went to China with Bill Gates - and lived on burgers, fries, and Cherry Coke",https://www.businessinsider.com/warren-buffett-bill-gates-china-burgers-fries-coke-mcdonalds-diet-2024-6,"Warren Buffett lived on burgers, fries, Cherry Coke during China trip - Business Insider ...",www.businessinsider.com,0.251834,Somewhat-Bullish,KO,0.067158,-0.007116,Neutral
2024-06-30 12:45:00,"3 Reasons Why Warren Buffett Should Buy Chipotle Stock Hand Over Fist, and 1 Reason Why He Might Regret It",https://www.fool.com/investing/2024/06/30/warren-buffett-buy-chipotle-stock-regret/,"The Oracle of Omaha appreciates high-quality companies, but only if the price is right.",www.fool.com,0.232604,Somewhat-Bullish,KO,0.066414,0.088153,Neutral
2024-06-30 14:44:00,"Coca-Cola Stock: Buy, Sell, or Hold?",https://www.fool.com/investing/2024/06/30/coca-cola-stock-buy-sell-or-hold/,Here is the latest update on the longtime winning stock.,www.fool.com,0.135141,Neutral,KO,0.622414,0.283469,Somewhat-Bullish
2024-07-01 07:00:00,"Vita Coco Garners Tasty Profits, Rising Toward All-Time High",https://www.investors.com/news/vita-coco-gets-technical-rating-upgrade/,"Vita Coco Earns Tasty Profits, Near Fresh High Investor's Business Daily ...",www.investors.com,0.290167,Somewhat-Bullish,KO,0.069294,0.057178,Neutral
2024-07-01 08:32:39,Navigating market turbulence: How algorithmic trading adapts to shifting market conditions,https://www.financialexpress.com/market/cafeinvest-navigating-market-turbulence-how-algorithmic-trading-adapts-to-shifting-market-conditions-3540352/,"When it comes to the financial markets, conditions can shift rapidly from bullish to bearish, often catching traders off guard. For traders, adapting to these changes can be challenging and time-consuming.",www.financialexpress.com,0.14804,Neutral,KO,0.044885,0.0,Neutral
2024-07-01 09:21:00,3 Warren Buffett Stocks That Are Screaming Buys for the Second Half of 2024  ( and Beyond ) ,https://www.fool.com/investing/2024/07/01/3-warren-buffett-stocks-are-screaming-buy-for-2024/,"Berkshire Hathaway's $388 billion investment portfolio contains 44 stocks, three of which are absolute bargains right now.",www.fool.com,0.143367,Neutral,KO,0.260189,0.227186,Somewhat-Bullish
2024-07-01 20:15:00,J & J SNACK FOODS SCHEDULES FISCAL 2024 THIRD QUARTER EARNINGS CONFERENCE CALL AND WEBCAST,https://www.globenewswire.com/news-release/2024/07/01/2907064/18519/en/J-J-SNACK-FOODS-SCHEDULES-FISCAL-2024-THIRD-QUARTER-EARNINGS-CONFERENCE-CALL-AND-WEBCAST.html,"Mount Laurel, N.J., July 01, 2024 ( GLOBE NEWSWIRE ) -- J & J Snack Foods Corp. ( NASDAQ: JJSF ) announced today that it has scheduled a conference call and webcast to discuss its fiscal 2024 third quarter financial results on Tuesday, August 6, 2024, at 10:00 am Eastern time.",www.globenewswire.com,0.112264,Neutral,KO,0.123526,0.070683,Neutral
2024-07-02 11:28:00,"Berkshire Hathaway: Buy, Sell, or Hold?",https://www.fool.com/investing/2024/07/02/berkshire-hathaway-buy-sell-or-hold/,We explore whether the company is worth its hefty share price.,www.fool.com,0.396391,Bullish,KO,0.09439,0.19598,Somewhat-Bullish
2024-07-02 12:19:00,Best Stock to Buy Right Now: Nike vs. Coca-Cola,https://www.fool.com/investing/2024/07/02/best-stock-to-buy-right-now-nike-vs-coca-cola/,Which of these powerful American brands is the better investment?,www.fool.com,0.140023,Neutral,KO,0.424139,0.186802,Somewhat-Bullish
2024-07-02 17:50:00,3 Stocks That Could Create Lasting Generational Wealth,https://www.fool.com/investing/2024/07/02/3-stocks-that-could-create-lasting-generational-we/,"They aren't all cheap today, but this trio is all worth buying and holding for the long term when they sell off. One is there right now.",www.fool.com,0.354757,Bullish,KO,0.454419,0.46968,Bullish
2024-07-03 09:25:00,Dear Adland: Beware of what you get inspired by,https://www.financialexpress.com/business/brandwagon-dear-adland-beware-of-what-you-get-inspired-by-3542378/,"Lest I be chastised by the been-there-won-that creative gentry, let me submit right at the start that I believe awards have a very important place in any creative industry.",www.financialexpress.com,0.473777,Bullish,KO,0.03853,0.194143,Somewhat-Bullish
2024-07-03 11:53:15,Why Coca-Cola Stock Jumped 11% in June,https://www.fool.com/investing/2024/07/03/why-coca-cola-stock-jumped-11-in-june/,It's riding high on investor confidence.,www.fool.com,0.306473,Somewhat-Bullish,KO,0.699089,0.484032,Bullish
2024-07-03 13:15:00,Is It Too Late to Buy Coca-Cola Stock?,https://www.fool.com/investing/2024/07/03/is-it-too-late-to-buy-coca-cola-stock/,Coca-Cola's superpower isn't eye-popping growth but world-class consistency.,www.fool.com,0.196854,Somewhat-Bullish,KO,0.744196,0.315185,Somewhat-Bullish
2024-07-03 14:25:00,"These 7 Stocks Account for 81% of Warren Buffett's Portfolio, but Only 1 of Them Has Soundly Beaten the S&P 500 Over the Past 5 Years",https://www.fool.com/investing/2024/07/03/these-7-stocks-account-for-81-of-warren-buffetts-p/,Simply copying Berkshire's latest moves isn't necessarily a great idea for investors.,www.fool.com,0.351181,Bullish,KO,0.063933,0.038013,Neutral
2024-07-03 23:15:13,The Hottest Streetwear Brand Hats For Summer 2024,https://www.forbes.com/sites/cassellferere/2024/07/03/the-hottest-streetwear-brand-hats-for-summer-2024/,"As Summer 2024 heats up, hats are becoming the season's must-have accessory, with brands like Mazco Originals, Shmeel, staples like Kangol, and exclusive designs from La Sainte-Air, offering a wide range of styles.",www.forbes.com,0.385478,Bullish,KO,0.035875,0.135606,Neutral
2024-07-04 01:55:32,HDV vs. SCHD: Which Is the Better Dividend ETF?,https://markets.businessinsider.com/news/stocks/hdv-vs-schd-which-is-the-better-dividend-etf-%C2%A0-1033527764,"The iShares Core High Dividend ETF ( NYSEARCA:HDV ) and the Schwab U.S. Dividend Equity ETF ( NYSEARCA:SCHD ) are two popular dividend ETFs from blue-chip sponsors. Both are cost-effective options with low expense ratios, feature portfolios of well-known dividend stocks, and have dividend yields ...",markets.businessinsider.com,0.305428,Somewhat-Bullish,KO,0.037681,0.067089,Neutral
2024-07-04 09:25:00,5 Low-Cost Vanguard ETFs for a Lifetime of Passive Income,https://www.fool.com/investing/2024/07/04/5-low-cost-vanguard-etfs-lifetime-passive-income/,These ETFs allow you to generate dividend income from hundreds of companies for dirt-cheap fees.,www.fool.com,0.385634,Bullish,KO,0.085022,0.111859,Neutral
2024-07-04 10:00:00,3 High-Yield Dividend Stocks/ETFs to Buy Hand Over Fist in July,https://www.fool.com/investing/2024/07/04/3-high-yield-dividend-stocks-etfs-buy-july/,Investing in equal parts of these three investments would produce a forward-dividend yield over 3.9%.,www.fool.com,0.259829,Somewhat-Bullish,KO,0.0378,0.276381,Somewhat-Bullish
2024-07-04 12:00:00,Why Chubb caught Warren Buffett's eye,https://www.foxbusiness.com/markets/why-chubb-caught-warren-buffetts-eye,"When investors got wind of the news that Warren Buffett's Berkshire Hathaway added Chubb to its portfolio in May, the insurer became a new celebrity stock. The $6.72 billion stake of 25.9 million shares sent shares to an all-time high, and it's currently trading just below that level.",www.foxbusiness.com,0.231199,Somewhat-Bullish,KO,0.087824,0.129095,Neutral
2024-07-05 07:51:00,"Coca-Cola Is a Rock-Solid Dow Dividend Stock, but So Is This Dividend King That Paid $9 Billion in Dividends Over the Last Year",https://www.fool.com/investing/2024/07/05/coca-cola-dow-dividend-stock-buy-procter-gamble/,Coca-Cola and Procter & Gamble allow investors to participate in the stock market while collecting highly reliable passive income.,www.fool.com,0.205296,Somewhat-Bullish,KO,0.146916,0.198486,Somewhat-Bullish
2024-07-05 09:06:00,"One of Warren Buffett's 8 ""Forever"" Holdings Just Became Wall Street's Newest Stock-Split Stock",https://www.fool.com/investing/2024/07/05/warren-buffett-forever-holding-stock-split-stock/,This indefinite holding for Berkshire Hathaway quietly completed a 2-for-1 stock split earlier this week.,www.fool.com,0.25521,Somewhat-Bullish,KO,0.149192,0.14668,Neutral
2024-07-05 09:49:01,"Fighting for her land: My great-aunt Kamira, the Algerian revolutionary",https://www.aljazeera.com/features/2024/7/5/fighting-for-her-land-my-great-aunt-the-algerian-revolutionary,"In the spring of 1962, the air in Beni-Mazouz, a small village nestled in the mountainous wilaya ( province ) of Jijel, was charged with anticipation. My father, then a young boy, remembers vividly the day the French colonial forces began their retreat from Algeria.",www.aljazeera.com,0.047984,Neutral,KO,0.016844,0.079529,Neutral
2024-07-05 15:13:39,Cyber Threats And The Growing Complexity Of Cybersecurity And IT Infrastructure Management,https://www.forbes.com/sites/hessiejones/2024/07/05/cyber-threats-and-the-growing-complexity-of-cybersecurity-and-it-infrastructure-management/,"This article was written in collaboration with Massimo Bozzo, interactive media writer for Altitude Accelerator. In today's rapidly shifting tech ecosystem, the security and vulnerability of information are leading concerns for organizations across industries.",www.forbes.com,0.046512,Neutral,KO,0.025379,0.085575,Neutral
2024-07-06 14:15:00,Another Dividend Hike Season On Tap: 5 Stocks To Watch,https://www.forbes.com/sites/brettowens/2024/07/06/another-dividend-hike-season-on-tap-5-stocks-to-watch/,Five growth companies are about to hike their dividends. Let's front run these payout moves. Many vanilla income investors miss these stocks because their current yields are modest. These armchair analysts are missing a critical point.,www.forbes.com,0.286555,Somewhat-Bullish,KO,0.053689,0.070746,Neutral
2024-07-07 10:03:00,Having Elon Musk as a boss is a tough gig - just ask X's Linda Yaccarino,https://www.businessinsider.com/elon-musk-linda-yaccarino-x-twitter-pressure-advertising-2024-7,"By clicking ""Sign Up"", you accept our Terms of Service and Privacy Policy . You can opt-out at any time by visiting our Preferences page or by clicking ""unsubscribe"" at the bottom of the email. Access your favorite topics in a personalized feed while you're on the go. download the app",www.businessinsider.com,-0.072447,Neutral,KO,0.050148,-0.12025,Neutral
2024-07-08 05:35:00,Media.Monks appoints Atif Rahman as head of client relationships,https://www.financialexpress.com/business/brandwagon-media-monks-appoints-atif-rahman-as-head-of-client-relationships-3546866/,"Media.Monks recently appointed Atif Rahman as head of client relationships in a bid to build their leadership team. Reportedly, Rahman's new role includes driving client business for the company.",www.financialexpress.com,0.369142,Bullish,KO,0.282234,0.196665,Somewhat-Bullish
2024-07-08 09:06:00,Meet the Stock Generating More Than $1 Billion in Annual Dividend Income for Warren Buffett  ( Hint: It's Not Apple or Coca-Cola! ) ,https://www.fool.com/investing/2024/07/08/stock-1-billion-dividend-income-for-warren-buffett/,Berkshire Hathaway should collect in the neighborhood of $6 billion in dividend income over the next 12 months. One stock will account for about a sixth of this total by itself.,www.fool.com,0.261655,Somewhat-Bullish,KO,0.207064,0.21028,Somewhat-Bullish
2024-07-08 09:26:54,Linda Yaccarino Feels The Heat As Elon Musk Builds Pressure Amid X's Plummeting Ad Revenue: Report,https://www.benzinga.com/news/24/07/39660279/linda-yaccarino-feels-the-heat-as-elon-musk-builds-pressure-amid-xs-plummeting-ad-revenue-report,"As the CEO of X, formerly known as Twitter, Linda Yaccarino is reportedly finding it increasingly difficult to work under the leadership of Elon Musk. What Happened: X has been facing a decline in advertising revenue since Musk took over in 2022.",www.benzinga.com,-0.014566,Neutral,KO,0.095899,-0.198412,Somewhat-Bearish
2024-07-08 10:52:00,A scientist lost weight without trying after he stopped eating the types of ultra-processed foods he helped create. Here are 3 ways he cut down.,https://www.businessinsider.com/scientist-lost-weight-without-trying-quit-ultra-processed-foods-2024-7,Scientists lost weight without trying quitting ultra-processed foods - Business Insider ...,www.businessinsider.com,0.052935,Neutral,KO,0.04161,0.055297,Neutral
2024-07-08 12:15:00,I Have High Hopes for These 3 Dirt-Cheap Dividend Stocks in the Second Half of 2024  ( and Beyond ) ,https://www.fool.com/investing/2024/07/08/3-dirt-cheap-dividend-stocks-2024-buy-hold/,Loading up on passive-income opportunities at reasonable valuations can be a winning strategy for long-term investors.,www.fool.com,0.259518,Somewhat-Bullish,KO,0.031738,0.007757,Neutral
2024-07-08 13:35:00,3 Warren Buffett Stocks to Buy Hand Over Fist,https://www.fool.com/investing/2024/07/08/3-warren-buffett-stocks-to-buy-hand-over-fist/,The legendary investor's best ideas could help you grow your wealth.,www.fool.com,0.425549,Bullish,KO,0.379051,0.485853,Bullish
2024-07-08 13:54:00,Pre-Q2 Earnings Review: To Buy or Not to Buy PepsiCo  ( PEP ) ?,https://www.zacks.com/stock/news/2297727/pre-q2-earnings-review-to-buy-or-not-to-buy-pepsico-pep,"A strong beverage unit and its international units' momentum to aid PepsiCo's (PEP) Q2 results. However, recall-related woes are likely to have hurt. We assess if the stock is a good buy before Q2.",www.zacks.com,0.308278,Somewhat-Bullish,KO,0.061237,-0.017164,Neutral
2024-07-08 20:07:00,Ryan Saadi Congratulates Marc Benioff on Receiving the Yale Legend in Leadership Award and Commends Yale School of Management for Recognizing the Importance of Integrating Corporate Success with Social Responsibility,https://www.globenewswire.com/news-release/2024/07/08/2909957/0/en/Ryan-Saadi-Congratulates-Marc-Benioff-on-Receiving-the-Yale-Legend-in-Leadership-Award-and-Commends-Yale-School-of-Management-for-Recognizing-the-Importance-of-Integrating-Corporat.html,"WARREN, N.J., July 08, 2024 ( GLOBE NEWSWIRE ) -- Ryan Saadi, MD, MPH, founding CEO of Tevogen Bio ( ""Tevogen"" ) ( Nasdaq: TVGN ) , a clinical-stage specialty immunotherapy biotech pioneer developing off-the-shelf, genetically unmodified T cell therapeutics in oncology, neurology, and virology, ...",www.globenewswire.com,0.389134,Bullish,KO,0.065506,0.094126,Neutral
2024-07-08 21:12:01,New Recipe For Success: Investing In Emerging Food And Beverage Brands,https://www.forbes.com/sites/louisbiscotti/2024/07/08/startups-and-food-brands-does-investing-in-new-ventures-pay-off/,"Many companies will tell you what they're doing, but lately, Kraft Heinz has been talking about what they are ""Not"" doing.",www.forbes.com,0.353498,Bullish,KO,0.235537,0.28044,Somewhat-Bullish
2024-07-08 21:49:00,FEMSA Schedules Conference Call to Discuss Second Quarter Financial Results,https://www.globenewswire.com/news-release/2024/07/08/2910006/0/en/FEMSA-Schedules-Conference-Call-to-Discuss-Second-Quarter-Financial-Results.html,"MONTERREY, Mexico, July 08, 2024 ( GLOBE NEWSWIRE ) -- Fomento Económico Mexicano, S.A.B. de C.V. ( ""FEMSA"" or the ""Company"" ) ( NYSE: FMX. BMV: FEMSAUBD, FEMSAUB ) is pleased to invite you to participate in its Second Quarter Conference Call that will be held on: ...",www.globenewswire.com,0.240538,Somewhat-Bullish,KO,0.288893,0.222617,Somewhat-Bullish
2024-07-08 21:49:49,FEMSA Schedules Conference Call to Discuss Second Quarter Financial Results - Fomento Economico  ( NYSE:FMX ) ,https://www.benzinga.com/pressreleases/24/07/g39677350/femsa-schedules-conference-call-to-discuss-second-quarter-financial-results,"MONTERREY, Mexico, July 08, 2024 ( GLOBE NEWSWIRE ) -- Fomento Económico Mexicano, S.A.B. de C.V. ( ""FEMSA"" or the ""Company"" ) FMXFEMSAUBD FEMSAUB ) ) ) is pleased to invite you to participate in its Second Quarter Conference Call that will be held on:",www.benzinga.com,0.250004,Somewhat-Bullish,KO,0.240489,0.190824,Somewhat-Bullish
2024-07-08 21:50:21,Coca-Cola  ( KO )  Stock Slides as Market Rises: Facts to Know Before You Trade,https://www.zacks.com/stock/news/2298153/coca-cola-ko-stock-slides-as-market-rises-facts-to-know-before-you-trade,"Coca-Cola (KO) closed at $62.96 in the latest trading session, marking a -1.25% move from the prior day.",www.zacks.com,0.150043,Somewhat-Bullish,KO,0.513173,0.236651,Somewhat-Bullish
2024-07-09 10:50:00,"35% of the S&P 500 Is Concentrated in the ""Magnificent Seven."" Here's What That Means for Your Portfolio.",https://www.fool.com/investing/2024/07/09/sp-500-magnificent-seven-growth-stock-value/,"There are now 5 unstoppable stocks with market caps of more than $2 trillion, which has made the S&P 500 a top-heavy index.",www.fool.com,0.214057,Somewhat-Bullish,KO,0.086713,0.0,Neutral
2024-07-09 13:08:00,"Experience Marketing Agency George P. Johnson Announces Hiring of Jenn Houston as Executive Director, Sports Activation",https://www.benzinga.com/pressreleases/24/07/g39688406/experience-marketing-agency-george-p-johnson-announces-hiring-of-jenn-houston-as-executive-directo,"AUBURN HILLS, Mich., July 09, 2024 ( GLOBE NEWSWIRE ) -- George P.",www.benzinga.com,0.389851,Bullish,KO,0.04303,0.0,Neutral
2024-07-09 16:06:07,"Hold My Beer: Breweries Offer THC On Tap In Minnesota, What Investors Need To Know - Anheuser-Busch InBev  ( NYSE:BUD ) , Coca-Cola  ( NYSE:KO ) ",https://www.benzinga.com/markets/cannabis/24/07/39692990/hold-my-beer-breweries-offer-thc-on-tap-in-minnesota-what-investors-need-to-know,"Breweries in Minneapolis now offer hemp-derived, THC-infused drinks on tap, thanks to a new Minnesota law effective July 1. This change allows taprooms to serve these drinks on tap, not only in cans, provided they display the required label information.",www.benzinga.com,0.196368,Somewhat-Bullish,KO,0.123844,0.163393,Somewhat-Bullish
2024-07-09 17:17:00,2 Dividend Stocks to Double Up on Right Now,https://www.fool.com/investing/2024/07/09/2-dividend-stocks-to-double-up-on-right-now/,These two household-name dividend stocks are must-haves in your portfolio -- especially at today's modest stock prices.,www.fool.com,0.399236,Bullish,KO,0.554014,0.540134,Bullish
2024-07-09 20:01:05,Smart Money Is Betting Big In PEP Options - PepsiCo  ( NASDAQ:PEP ) ,https://www.benzinga.com/insights/options/24/07/39697753/smart-money-is-betting-big-in-pep-options,"Deep-pocketed investors have adopted a bearish approach towards PepsiCo PEP, and it's something market players shouldn't ignore. Our tracking of public options records at Benzinga unveiled this significant move today.",www.benzinga.com,0.177785,Somewhat-Bullish,KO,0.069495,0.139652,Neutral
2024-07-10 02:30:00,How neuromarketing is capable of enhancing consumer engagement and conversions,https://www.financialexpress.com/business/brandwagon-how-neuromarketing-is-capable-of-enhancing-consumer-engagement-and-conversions-3548608/,"In the current era of hyper-personalisation, brands seem to be on the search for advanced methods to gain 'deeper' insights into consumer behaviour. As customer patterns evolve, the integration of neuroscience applications into marketing, known as neuromarketing, has emerged as a key strategy to ...",www.financialexpress.com,0.376408,Bullish,KO,0.031612,0.11891,Neutral
2024-07-10 08:37:00,Kuala Lumpur Convention Centre Committed to Industry-wide,https://www.prnewswire.com/apac/news-releases/kuala-lumpur-convention-centre-committed-to-industry-wide-302193241.html,"KUALA LUMPUR, Malaysia, July 10, 2024 /PRNewswire/ -- The Kuala Lumpur Convention Centre is delighted to announce its expanded collaboration with the Malaysian International Food & Beverage ( MIFB ) Trade Fair, organized by Constellar Exhibitions Malaysia Sdn Bhd.",www.prnewswire.com,0.36301,Bullish,KO,0.039353,0.113475,Neutral
2024-07-10 09:44:00,Behind the crazy rise of Zillow Gone Wild,https://www.businessinsider.com/zillow-gone-wild-weird-unique-houses-homes-hot-homebuying-selling-2024-7,"When Matt Kugizaki and Nick Levenhagen first saw The Rainbow House in Joshua Tree, California, they knew instantly that they had to live there. It was 2023, and the couple wanted a home in the Mojave Desert. But initially, they wanted something simple.",www.businessinsider.com,0.130713,Neutral,KO,0.026013,0.057627,Neutral
2024-07-10 15:00:00,Alliance Consumer Growth Closes Fifth Fund,https://www.prnewswire.com/news-releases/alliance-consumer-growth-closes-fifth-fund-302193643.html,"NEW YORK and LOS ANGELES, July 10, 2024 /PRNewswire/ -- Alliance Consumer Growth ( ""ACG"" ) , a leading consumer-focused growth equity investment firm, announced the closing of Alliance Consumer Growth Fund V, L.P., ( ""ACG V"" ) with $160 million in commitments.",www.prnewswire.com,0.37216,Bullish,KO,0.073098,0.006049,Neutral
2024-07-10 15:40:17,CCEP vs. KO: Which Stock Is the Better Value Option?,https://www.zacks.com/stock/news/2299385/ccep-vs-ko-which-stock-is-the-better-value-option,Investors interested in Beverages - Soft drinks stocks are likely familiar with Coca-Cola European ( CCEP Quick QuoteCCEP - ) and Coca-Cola ( KO Quick QuoteKO - ) . But which of these two stocks presents investors with the better value opportunity right now? Let's take a closer look.,www.zacks.com,0.500054,Bullish,KO,0.794423,0.677068,Bullish
2024-07-10 16:15:13,Peering Into Coca-Cola's Recent Short Interest - Coca-Cola  ( NYSE:KO ) ,https://www.benzinga.com/insights/short-sellers/24/07/39713745/peering-into-coca-colas-recent-short-interest,"Coca-Cola's KO short percent of float has risen 5.8% since its last report. The company recently reported that it has 31.25 million shares sold short, which is 0.73% of all regular shares that are available for trading. Based on its trading volume, it would take traders 3.11 days to cover their ...",www.benzinga.com,0.289997,Somewhat-Bullish,KO,0.212115,0.151778,Somewhat-Bullish
2024-07-11 03:55:46,'Wake up!' - Eddie Abbew is no ordinary food guru,https://www.ft.com/content/f84a0bd9-f1f0-4647-a278-590f33ab093c,"Going to the supermarket with Eddie Abbew - a 60-year-old former bodybuilder, gym owner and food influencer - is not straightforward. At least, not at any of the supermarkets near his gym in Hemel Hempstead. He's either banned or liable to get turfed out for filming the kinds of videos that have ...",www.ft.com,-0.033969,Neutral,KO,0.036926,-0.030897,Neutral
2024-07-11 08:24:00,HR Asia Best Companies to Work for in Asia Taiwan 2024 Honors 92 Champions Ushering in a New Generation Workforce,https://www.prnewswire.com/apac/news-releases/hr-asia-best-companies-to-work-for-in-asia-taiwan-2024-honors-92-champions-ushering-in-a-new-generation-workforce-302194603.html,"TAIPEI, July 11, 2024 /PRNewswire/ -- HR Asia, the leading publication in the human resources industry, announces the winners of its prestigious HR Asia Best Companies to Work for in Asia 2024 - Taiwan awards.",www.prnewswire.com,0.581041,Bullish,KO,0.043499,0.267119,Somewhat-Bullish
2024-07-11 08:51:00,3 Magnificent Dow Stocks That Are No-Brainer Buys for the Second Half of 2024,https://www.fool.com/investing/2024/07/11/3-dow-stocks-no-brainer-buys-for-second-half-2024/,"Among the Dow Jones Industrial Average's 30 time-tested components, there are three that stand out as phenomenal buys right now.",www.fool.com,0.199705,Somewhat-Bullish,KO,0.285859,0.140115,Neutral
2024-07-11 11:10:02,PepsiCo  ( PEP )  Surpasses Q2 Earnings Estimates,https://www.zacks.com/stock/news/2299707/pepsico-pep-surpasses-q2-earnings-estimates,"PepsiCo (PEP) delivered earnings and revenue surprises of 6.05% and 0.25%, respectively, for the quarter ended June 2024. Do the numbers hold clues to what lies ahead for the stock?",www.zacks.com,0.1533,Somewhat-Bullish,KO,0.138464,0.0,Neutral
2024-07-11 11:34:00,PepsiCo's second quarter profits jump but customers slow their purchases after years of price hikes,https://apnews.com/article/pepsico-revenue-second-quarter-earnings-368870086a881c51103fd89c17096b72,"PepsiCo second quarter profits jump, but demand continues to slip with prices higher The Associated Press ...",apnews.com,0.154824,Somewhat-Bullish,KO,0.068698,0.209293,Somewhat-Bullish
2024-07-11 11:56:29,Wall Street's Most Accurate Analysts Give Their Take On 3 Defensive Stocks With Over 3% Dividend Yields - Target  ( NYSE:TGT ) ,https://www.benzinga.com/news/24/07/39726826/wall-streets-most-accurate-analysts-give-their-take-on-3-defensive-stocks-with-over-3-dividend-yield,"During times of turbulence and uncertainty in the markets, even when markets are at all-time highs, many investors turn to dividend-yielding stocks. These are often companies that have high free cash flows and reward shareholders with a high dividend payout.",www.benzinga.com,0.021418,Neutral,KO,0.100308,0.0,Neutral
2024-07-11 12:56:00,5 Soft Drink Stocks Poised to Thrive in a Growing Industry,https://www.zacks.com/commentary/2299710/5-soft-drink-stocks-poised-to-thrive-in-a-growing-industry,"The Beverages - Soft Drinks players like KO, PEP, MNST, KOF and COCO appear robust due to strong consumer demand, innovation efforts, expansion into new categories and digital investments despite inflationary pressures.",www.zacks.com,0.345509,Somewhat-Bullish,KO,0.204072,0.324142,Somewhat-Bullish
2024-07-11 13:00:15,Here is What to Know Beyond Why CocaCola Company  ( The )   ( KO )  is a Trending Stock,https://www.zacks.com/stock/news/2299802/here-is-what-to-know-beyond-why-cocacola-company-the-ko-is-a-trending-stock,"Coca-Cola (KO) has been one of the stocks most watched by Zacks.com users lately. So, it is worth exploring what lies ahead for the stock.",www.zacks.com,0.230998,Somewhat-Bullish,KO,0.489394,0.135357,Neutral
2024-07-11 13:56:42,Jordan's Islamists have been boosted by the war in Gaza,https://www.economist.com/middle-east-and-africa/2024/07/11/jordans-islamists-have-been-boosted-by-the-war-in-gaza,"T in Amman, Jordan's capital, have banished Coca-Cola, a brand long associated with America, Israel's closest ally. Local franchises of other American firms have printed leaflets stressing their support for the Palestinian cause, especially in Gaza.",www.economist.com,0.194801,Somewhat-Bullish,KO,0.323078,0.310974,Somewhat-Bullish
2024-07-11 14:53:00,"PepsiCo  ( PEP )  Q2 Earnings Beat, Soft QFNA Results Hurt Stock",https://www.zacks.com/stock/news/2300177/pepsico-pep-q2-earnings-beat-soft-qfna-results-hurt-stock,"PepsiCo's (PEP) Q2 results reflected improvements in the international business, offset by continued softness in the QFNA segment and soft demand in the North America convenient foods businesses.",www.zacks.com,0.238544,Somewhat-Bullish,KO,0.099066,0.026004,Neutral
2024-07-11 18:52:55,BLK Summit 2024: Strategies For Advancing Black Capital And Community From Leading Black Wealth Builders,https://www.forbes.com/sites/segunolakoyenikan/2024/07/11/forbesblk-summit-2024-strategies-for-advancing-black-capital-and-community-from-leading-black-wealth-builders/,"he second annual ForbesBLK Summit in Atlanta focused on investing in the Black community. Entrepreneurs, business leaders, athletes and entertainers shared strategies to inspire Black entrepreneurs, executives, and the next generation of business leaders. Here are key highlights from the business ...",www.forbes.com,0.182177,Somewhat-Bullish,KO,0.011699,0.009535,Neutral
2024-07-11 19:02:17,"PepsiCo Q2 Earnings Beat, Soft QFNA Results Hurt Stock - J&J Snack Foods  ( NASDAQ:JJSF ) , Vita Coco  ( NASDAQ:COCO ) ",https://www.benzinga.com/news/earnings/24/07/39734040/pepsico-q2-earnings-beat-soft-qfna-results-hurt-stock,"PepsiCo, Inc. PEP has reported robust second-quarter 2024 results, wherein earnings surpassed the Zacks Consensus Estimate, while revenues lagged. However, the top and bottom lines improved year over year.",www.benzinga.com,0.247835,Somewhat-Bullish,KO,0.098255,0.030408,Neutral
2024-07-11 21:45:19,Coca-Cola  ( KO )  Ascends While Market Falls: Some Facts to Note,https://www.zacks.com/stock/news/2300322/coca-cola-ko-ascends-while-market-falls-some-facts-to-note,"In the most recent trading session, Coca-Cola (KO) closed at $63.10, indicating a +0.43% shift from the previous trading day.",www.zacks.com,0.177628,Somewhat-Bullish,KO,0.558244,0.203508,Somewhat-Bullish
2024-07-12 09:23:00,"Zacks Industry Outlook Highlights Coca-Cola, PepsiCo, Monster, Coca-Cola FEMSA, S.A.B. de C.V. and Vita Coco",https://www.zacks.com/stock/news/2300467/zacks-industry-outlook-highlights-coca-cola-pepsico-monster-coca-cola-femsa-sab-de-cv-and-vita-coco,"Coca-Cola, PepsiCo, Monster, Coca-Cola FEMSA, S.A.B. de C.V. and Vita Coco are part of the Zacks Industry Outlook article.",www.zacks.com,0.343038,Somewhat-Bullish,KO,0.232069,0.321193,Somewhat-Bullish
2024-07-12 11:18:53,"Coca-Cola  ( NYSE:KO )  Upgraded by StockNews.com to ""Buy""",https://www.defenseworld.net/2024/07/12/coca-cola-nyseko-upgraded-by-stocknews-com-to-buy.html,StockNews.com upgraded shares of Coca-Cola ( NYSE:KO - Free Report ) from a hold rating to a buy rating in a research note issued to investors on Thursday morning. Other analysts have also recently issued research reports about the stock.,www.defenseworld.net,0.326417,Somewhat-Bullish,KO,0.722074,0.519278,Bullish
2024-07-12 12:33:55,Vegan Food Market to Excel USD 40.53 Billion by 2031 | SkyQuest,https://www.benzinga.com/pressreleases/24/07/g39748127/vegan-food-market-to-excel-usd-40-53-billion-by-2031-skyquest,"Westford, USA, July 12, 2024 ( GLOBE NEWSWIRE ) -- Global Vegan Food Market size was valued at around USD 16.5 Billion in 2022 and is poised to grow from USD Billion 18.23 in 2023 to USD 40.53 Billion by 2031, at a CAGR of 10.5% over the forecast period ( 2024-2031 ) .",www.benzinga.com,0.313946,Somewhat-Bullish,KO,0.050254,0.0,Neutral
2024-07-12 13:00:00,"White River Bancshares Co. Earns a Record $1.85 million, or $1.61 Per Diluted Share, in 2Q24; Highlighted by Successful Capital Raise and Net Interest Margin Expansion",https://www.globenewswire.com/news-release/2024/07/12/2912393/0/en/White-River-Bancshares-Co-Earns-a-Record-1-85-million-or-1-61-Per-Diluted-Share-in-2Q24-Highlighted-by-Successful-Capital-Raise-and-Net-Interest-Margin-Expansion.html,"FAYETTEVILLE, Ark., July 12, 2024 ( GLOBE NEWSWIRE ) -- White River Bancshares Company ( OTCQX: WRIV ) , ( the ""Company"" ) the holding company for Signature Bank of Arkansas ( the ""Bank"" ) , today reported net income increased 137.5% to $1.85 million, or $1.61 per diluted share, in the second ...",www.globenewswire.com,0.266511,Somewhat-Bullish,KO,0.017808,0.117637,Neutral
2024-07-12 13:45:00,AB InBev's  ( BUD )  Plans on Track: Can It Retain Momentum?,https://www.zacks.com/stock/news/2300908/ab-inbevs-bud-plans-on-track-can-it-retain-momentum,"AB InBev (BUD) is on track with its premiumization efforts, digital expansion, Beyond Beer strategy and other revenue-management initiatives. These position it for long-term growth.",www.zacks.com,0.294329,Somewhat-Bullish,KO,0.126784,0.09734,Neutral
2024-07-12 18:00:23,"AB InBev's Plans on Track: Can It Retain Momentum? - Anheuser-Busch InBev  ( NYSE:BUD ) , Coca-Cola Femsa SAB de  ( NYSE:KOF ) ",https://www.benzinga.com/news/earnings/24/07/39751674/ab-inbevs-plans-on-track-can-it-retain-momentum,"Anheuser-Busch InBev SA/NV BUD, alias AB InBev, has seen its shares rise in the past three months ahead of its industry peers and the broader sector.",www.benzinga.com,0.316446,Somewhat-Bullish,KO,0.12546,0.03732,Neutral
2024-07-12 20:10:00,"Coca-Cola Consolidated, Inc. Announces Third Quarter Dividend - Coca-Cola Consolidated  ( NASDAQ:COKE ) ",https://www.benzinga.com/pressreleases/24/07/g39756916/coca-cola-consolidated-inc-announces-third-quarter-dividend,"CHARLOTTE, N.C., July 12, 2024 ( GLOBE NEWSWIRE ) -- Coca-Cola Consolidated, Inc. COKE announced that the Board of Directors has declared a dividend for the third quarter of 2024 of $0.50 per share on shares of the Company's Common Stock and Class B Common Stock payable on August 9, 2024 to ...",www.benzinga.com,0.293134,Somewhat-Bullish,KO,0.837089,0.44248,Bullish
2024-07-13 09:12:00,6 Artificial Intelligence  ( AI )  Stocks Inside Warren Buffett's $410 Billion Portfolio,https://www.fool.com/investing/2024/07/13/6-ai-stocks-warren-buffetts-410-billion-portfolio/,At least six companies in Berkshire Hathaway's portfolio are now benefiting from artificial intelligence (AI).,www.fool.com,0.123304,Neutral,KO,0.180236,0.127538,Neutral
2024-07-13 11:07:00,"With Palantir on the Team, the Coalition to Build an International Space Station Replacement Just Keeps Getting Bigger",https://www.fool.com/investing/2024/07/13/palantir-stock-international-space-station-team/,"With or without Palantir, Starlab will probably be America's next space station.",www.fool.com,0.211326,Somewhat-Bullish,KO,0.056143,0.129001,Neutral
2024-07-13 11:32:00,The Best Warren Buffett Stocks to Buy With $500 Right Now,https://www.fool.com/investing/2024/07/13/best-warren-buffett-stocks-buy-500-right-now/,These top stocks are poised for more gains.,www.fool.com,0.385462,Bullish,KO,0.349857,0.417739,Bullish
2024-07-13 22:48:00,"Yes, I'd Still Buy PepsiCo Stock Despite Q2's Revenue Miss. Here's Why.",https://www.fool.com/investing/2024/07/13/yes-id-still-buy-pepsico-stock-despite-q2s-revenue/,The market is looking past a couple of key details about last quarter and the remainder of the year.,www.fool.com,0.138231,Neutral,KO,0.088472,0.1612,Somewhat-Bullish
2024-07-14 11:15:00,"The Best Warren Buffett Stocks to Buy With $5,000 Right Now",https://www.fool.com/investing/2024/07/14/the-best-warren-buffett-stocks-to-buy-with-5000-ri/,You can buy shares in these two companies with a small amount of money.,www.fool.com,0.387612,Bullish,KO,0.407844,0.348181,Somewhat-Bullish
2024-07-14 11:29:00,These 3 Blue Chip Dividend Stocks Make Up 24% of the Dow Jones Industrial Average. Here's My Top Pick.,https://www.fool.com/investing/2024/07/14/blue-chip-dividend-stock-dow-jones-buy/,Microsoft is the most valuable company in the world and shows no signs of slowing down.,www.fool.com,0.294883,Somewhat-Bullish,KO,0.039353,0.043489,Neutral
2024-07-15 12:50:07,What Makes Coca-Cola European  ( CCEP )  a Good Fit for 'Trend Investing',https://www.zacks.com/stock/news/2301437/what-makes-coca-cola-european-ccep-a-good-fit-for-trend-investing,Coca-Cola European (CCEP) could be a solid choice for shorter-term investors looking to capitalize on the recent price trend in fundamentally sound stocks. It is one of the many stocks that passed through our shorter-term trading strategy-based screen.,www.zacks.com,0.349267,Somewhat-Bullish,KO,0.147366,0.087349,Neutral
2024-07-15 16:59:59,5 Top Dividend Stocks To Buy At A Bargain Now,https://www.forbes.com/sites/investor-hub/article/5-best-dividend-stocks-to-buy-bargain-now/,"In today's volatile market, savvy investors constantly seek opportunities to acquire high-quality dividend stocks at a bargain. These stocks not only offer attractive dividend yields but also have the potential for significant capital appreciation.",www.forbes.com,0.580668,Bullish,KO,0.167612,0.319304,Somewhat-Bullish
2024-07-15 21:30:26,"If You Invested $100 In This Stock 10 Years Ago, You Would Have $1,500 Today - Coca-Cola Consolidated  ( NASDAQ:COKE ) ",https://www.benzinga.com/insights/news/24/07/39783086/if-you-invested-100-in-this-stock-10-years-ago-you-would-have-1-500-today,"Coca-Cola Consolidated COKE has outperformed the market over the past 10 years by 19.88% on an annualized basis producing an average annual return of 30.85%. Currently, Coca-Cola Consolidated has a market capitalization of $9.34 billion.",www.benzinga.com,0.238974,Somewhat-Bullish,KO,0.495015,0.260848,Somewhat-Bullish
2024-07-16 08:18:00,"Coca-Cola Is a Rock-Solid Dividend King, but So Is This Dirt-Cheap Value Stock That Paid $3 Billion in Dividends Over the Past Year",https://www.fool.com/investing/2024/07/16/coca-cola-dividend-king-buy-value-stock/,Union Pacific as a solid passive income play to consider now.,www.fool.com,0.209752,Somewhat-Bullish,KO,0.083541,0.156874,Somewhat-Bullish
2024-07-16 09:02:00,"My son and I spend half the year in France. His biggest culture shocks are the Coca-Cola, the gas stations, and the tiny roads.",https://www.businessinsider.com/american-kid-noticed-differences-between-france-us-2024-7,My American son says Coca-Cola is better in France than in the US - Business Insider ...,www.businessinsider.com,0.172163,Somewhat-Bullish,KO,0.144275,0.167483,Somewhat-Bullish
2024-07-16 11:00:00,"Down 6% in 2 Months, Should You Buy the Dip on This Half-Trillion-Dollar Dow Dividend Growth Stock?",https://www.fool.com/investing/2024/07/16/buy-dip-visa-stock-dividend-growth/,Visa's valuation is more than fair considering the quality of the business.,www.fool.com,0.301876,Somewhat-Bullish,KO,0.03853,0.175355,Somewhat-Bullish
2024-07-16 13:14:00,Technology Executive Carolyn Everson Joins Viam Board of Directors - PR Newswire,https://www.prnewswire.com/news-releases/technology-executive-carolyn-everson-joins-viam-board-of-directors-302198137.html,Technology Executive Carolyn Everson Joins Viam Board of Directors PR ...,www.prnewswire.com,0.284795,Somewhat-Bullish,KO,0.067347,0.096229,Neutral
2024-07-16 18:32:00,Netflix and Amazon are duking it out over brand partnerships as streaming ads enter a new phase,https://www.businessinsider.com/netflix-amazon-ad-sales-battle-enters-brand-partnerships-phase-2024-7,"By clicking ""Sign Up"", you accept our Terms of Service and Privacy Policy . You can opt-out at any time by visiting our Preferences page or by clicking ""unsubscribe"" at the bottom of the email. Access your favorite topics in a personalized feed while you're on the go. download the app",www.businessinsider.com,0.221024,Somewhat-Bullish,KO,0.045139,0.038605,Neutral
2024-07-16 19:49:08,The Secret Meaning of Prime Day,https://www.theatlantic.com/technology/archive/2024/07/amazon-prime-day-holiday-tradition/679034/,"This year marks the tenth Prime Day, the shopping holiday that Amazon invented for itself in 2015, in honor of the company's 20th anniversary. The marketing effort was so successful, according to Amazon, that sales exceeded those from the previous year's record-breaking Black Friday.",www.theatlantic.com,0.168022,Somewhat-Bullish,KO,0.03448,0.016365,Neutral
2024-07-17 15:04:00,Monster Beverage  ( MNST )  Stock Slides YTD: Is Recovery Likely?,https://www.zacks.com/stock/news/2303740/monster-beverage-mnst-stock-slides-ytd-is-recovery-likely,"Monster Beverage (MNST) looks well-poised for long-term growth, backed by strength in its energy drinks business, continued innovation and product launches.",www.zacks.com,0.130257,Neutral,KO,0.188193,0.073867,Neutral
2024-07-17 20:10:00,"Coca-Cola Consolidated, Inc. To Release Second Quarter and First Half 2024 Results",https://www.globenewswire.com/news-release/2024/07/17/2914894/0/en/Coca-Cola-Consolidated-Inc-To-Release-Second-Quarter-and-First-Half-2024-Results.html,"CHARLOTTE, N.C., July 17, 2024 ( GLOBE NEWSWIRE ) -- Coca-Cola Consolidated, Inc. ( NASDAQ: COKE ) will issue a news release after the market closes on July 31, 2024 to announce its operating results for the second quarter ended June 28, 2024 and the first half of fiscal year 2024.",www.globenewswire.com,0.258848,Somewhat-Bullish,KO,0.936499,0.443229,Bullish
2024-07-17 21:00:00,FEMSA announces agreement with Mill Point Capital to divest FEMSA's refrigeration and foodservice equipment operations,https://www.globenewswire.com/news-release/2024/07/17/2914946/0/en/FEMSA-announces-agreement-with-Mill-Point-Capital-to-divest-FEMSA-s-refrigeration-and-foodservice-equipment-operations.html,"MONTERREY, Mexico, July 17, 2024 ( GLOBE NEWSWIRE ) -- Fomento Económico Mexicano, S.A.B. de C.V. ( ""FEMSA"" or the ""Company"" ) ( NYSE: FMX. BMV: FEMSAUBD, FEMSAUB ) announced it has reached a definitive agreement with Mill Point Capital LLC, a leading private equity firm, to divest FEMSA's ...",www.globenewswire.com,0.233671,Somewhat-Bullish,KO,0.211191,0.17397,Somewhat-Bullish
2024-07-17 21:00:22,FEMSA announces agreement with Mill Point Capital to divest FEMSA's refrigeration and foodservice equipment operations - Fomento Economico  ( NYSE:FMX ) ,https://www.benzinga.com/pressreleases/24/07/g39826899/femsa-announces-agreement-with-mill-point-capital-to-divest-femsas-refrigeration-and-foodservice-e,"MONTERREY, Mexico, July 17, 2024 ( GLOBE NEWSWIRE ) -- Fomento Económico Mexicano, S.A.B. de C.V. ( ""FEMSA"" or the ""Company"" ) FMXFEMSAUBD FEMSAUB ) ) ) announced it has reached a definitive agreement with Mill Point Capital LLC, a leading private equity firm, to divest FEMSA's refrigeration and ...",www.benzinga.com,0.247604,Somewhat-Bullish,KO,0.19117,0.159888,Somewhat-Bullish
2024-07-17 21:45:20,Coca-Cola  ( KO )  Gains As Market Dips: What You Should Know,https://www.zacks.com/stock/news/2303912/coca-cola-ko-gains-as-market-dips-what-you-should-know,"In the closing of the recent trading day, Coca-Cola (KO) stood at $65.21, denoting a +1.46% change from the preceding trading day.",www.zacks.com,0.204383,Somewhat-Bullish,KO,0.579393,0.220206,Somewhat-Bullish
2024-07-17 22:19:00,International Olympic Committee Urged to Terminate Big Soda Sponsorship - Vital Strategies,https://www.benzinga.com/pressreleases/24/07/n39828154/international-olympic-committee-urged-to-terminate-big-soda-sponsorship-vital-strategies,"PARIS, July 17, 2024 /CNW/ -- Leading global health experts and advocates are calling for the end of Big Soda's sponsorship of sporting events throughout the world. A new campaign, ""Kick Big Soda Out of Sport,"" highlights its harms and calls for the global community's support.",www.benzinga.com,0.22734,Somewhat-Bullish,KO,0.087824,-0.012724,Neutral
2024-07-17 22:32:00,Want Dividends? Check Out These 3 Stocks,https://www.fool.com/investing/2024/07/17/want-dividends-check-out-these-3-stocks/,Dividends are a great part of any portfolio. Here are three keepers for any dividend investor.,www.fool.com,0.380289,Bullish,KO,0.431065,0.450283,Bullish
2024-07-17 22:46:00,Warren Buffett Is Buying Shares of This Company. Should You Do the Same?,https://www.fool.com/investing/2024/07/17/warren-buffett-is-buying-shares-company-stock/,Berkshire Hathaway is loading up on this energy stock.,www.fool.com,0.348156,Somewhat-Bullish,KO,0.055621,0.067976,Neutral
2024-07-18 09:15:00,Forget Apple: These Unstoppable Stocks Are Better Buys,https://www.fool.com/investing/2024/07/18/forget-apple-these-unstoppable-stocks-better-buys/,All three companies are leaders in businesses that are perpetually in demand.,www.fool.com,0.270709,Somewhat-Bullish,KO,0.122894,0.136161,Neutral
2024-07-18 10:20:00,Does This News Spell Trouble for Coca-Cola's Stock?,https://www.fool.com/investing/2024/07/18/does-this-news-spell-trouble-for-coca-colas-stock/,PepsiCo's latest earnings numbers suggest that price cuts may be necessary to win back consumers.,www.fool.com,0.014552,Neutral,KO,0.540042,0.033901,Neutral
2024-07-18 10:20:06,Should Franklin U.S. Low Volatility High Dividend Index ETF  ( LVHD )  Be on Your Investing Radar?,https://www.zacks.com/stock/news/2304075/should-franklin-us-low-volatility-high-dividend-index-etf-lvhd-be-on-your-investing-radar,Style Box ETF report for ...,www.zacks.com,0.203914,Somewhat-Bullish,KO,0.122269,0.064881,Neutral
2024-07-18 14:01:16,"Keurig Dr Pepper, Inc  ( KDP )  Earnings Expected to Grow: What to Know Ahead of Next Week's Release",https://www.zacks.com/stock/news/2304448/keurig-dr-pepper-inc-kdp-earnings-expected-to-grow-what-to-know-ahead-of-next-weeks-release,Keurig Dr Pepper (KDP) doesn't possess the right combination of the two key ingredients for a likely earnings beat in its upcoming report. Get prepared with the key expectations.,www.zacks.com,0.126322,Neutral,KO,0.173958,0.019924,Neutral
2024-07-19 08:06:00,75% of Warren Buffett's $416 Billion Portfolio Is Invested in 5 Unstoppable Stocks,https://www.fool.com/investing/2024/07/19/75-warren-buffett-portfolio-invested-in-5-stocks/,"Although Buffett oversees a 44-stock, $416 billion portfolio at Berkshire Hathaway, three-quarters of invested assets have been put to work in five brand-name, time-tested businesses.",www.fool.com,0.292805,Somewhat-Bullish,KO,0.198803,0.165012,Somewhat-Bullish
2024-07-19 13:09:00,"Up 19% Year to Date, Can Gold Outperform the S&P 500 and Nasdaq Composite by the End of 2024?",https://www.fool.com/investing/2024/07/19/up-big-gold-buy-sp-500-stock-2024/,The stock market and gold are both making new all-time highs.,www.fool.com,0.378323,Bullish,KO,0.040078,0.261982,Somewhat-Bullish
2024-07-19 15:34:00,Investing in Coca-Cola  ( KO )  Before Q2 Earnings: Smart Move?,https://www.zacks.com/stock/news/2305542/investing-in-coca-cola-ko-before-q2-earnings-smart-move,"A robust brand portfolio, strategic investments and growth across segments are likely to have aided Coca-Cola's (KO) Q2 sales and volumes. Inflationary pressures and currency woes may dampen results.",www.zacks.com,0.261569,Somewhat-Bullish,KO,0.503424,0.459647,Bullish
2024-07-19 20:01:44,Unpacking the Latest Options Trading Trends in Coca-Cola - Coca-Cola  ( NYSE:KO ) ,https://www.benzinga.com/insights/options/24/07/39867130/unpacking-the-latest-options-trading-trends-in-coca-cola,"Investors with a lot of money to spend have taken a bearish stance on Coca-Cola KO. We noticed this today when the trades showed up on publicly available options history that we track here at Benzinga. Whether these are institutions or just wealthy individuals, we don't know.",www.benzinga.com,0.150662,Somewhat-Bullish,KO,0.820356,0.230907,Somewhat-Bullish
2024-07-20 05:39:25,"Billionaire Richard Branson Once Tried Taking On Coca-Cola, Which Turned Out To Be His 'Most Notable Failure:' He Says It Taught Him That People 'Quite Like The Underdog' - Coca-Cola  ( NYSE:KO ) , PepsiCo  ( NASDAQ:PEP ) ",https://www.benzinga.com/news/24/07/39870207/billionaire-richard-branson-once-tried-taking-on-coca-cola-which-turned-out-to-be-his-most-notable-f,Billionaire entrepreneur Richard Branson disclosed his most significant business failure- Virgin Cola- and the crucial lesson it imparted in a recent podcast.,www.benzinga.com,0.075473,Neutral,KO,0.240489,0.185702,Somewhat-Bullish
2024-07-20 06:00:18,"In Wuhan, driverless taxis offer a peek into the future of intracity transport",https://www.scmp.com/tech/tech-trends/article/3271143/wuhan-driverless-taxis-offer-peek-future-intracity-transport-china,"The city of Wuhan, capital of central Hubei province in China, is attracting attention for its aggressive roll-out of a robotaxi fleet, although not without controversy.",www.scmp.com,0.073257,Neutral,KO,0.023057,-0.112995,Neutral
2024-07-21 21:18:25,"Tesla, Alphabet, GM, Ford Lead Earnings Parade This Week As Market Struggles To Sustain The Summer Rally - SPDR S&P 500  ( ARCA:SPY ) ",https://www.benzinga.com/markets/equities/24/07/39874391/tesla-alphabet-gm-ford-lead-earnings-parade-this-week-as-market-struggles-to-sustain-the-summer-,About 14% of the S&P 500 companies have reported their June quarter earnings and the blended earnings growth rate for the companies constituting the broader index remains healthy.,www.benzinga.com,0.078611,Neutral,KO,0.082393,0.0,Neutral
2024-07-21 22:30:00,Billionaire Warren Buffett Has $135 Billion Invested in Just 1 Artificial Intelligence  ( AI )  Stock. Is It Time to Buy?,https://www.fool.com/investing/2024/07/21/billionaire-warren-buffett-has-135-billion-investe/,Apple stock is Warren Buffett's largest position.,www.fool.com,0.331015,Somewhat-Bullish,KO,0.146025,0.267564,Somewhat-Bullish
2024-07-22 11:15:00,How Much Apple Stock Does Billionaire Warren Buffett Own?,https://www.fool.com/investing/2024/07/22/how-much-apple-stock-does-warren-buffett/,Apple accounts for a disproportionately large share of the Berkshire Hathaway portfolio.,www.fool.com,0.270727,Somewhat-Bullish,KO,0.239305,0.18832,Somewhat-Bullish
2024-07-22 16:30:20,"If You Invested $1000 In This Stock 15 Years Ago, You Would Have $19,000 Today - Coca-Cola Consolidated  ( NASDAQ:COKE ) ",https://www.benzinga.com/insights/news/24/07/39889135/if-you-invested-1000-in-this-stock-15-years-ago-you-would-have-19-000-today,"Coca-Cola Consolidated COKE has outperformed the market over the past 15 years by 9.41% on an annualized basis producing an average annual return of 21.63%. Currently, Coca-Cola Consolidated has a market capitalization of $9.51 billion.",www.benzinga.com,0.238974,Somewhat-Bullish,KO,0.495015,0.260848,Somewhat-Bullish
2024-07-22 17:21:17,Coca-Cola Pops Bullish Ahead Of Q2 Earnings: Will The Fizz Last? - Coca-Cola  ( NYSE:KO ) ,https://www.benzinga.com/analyst-ratings/analyst-color/24/07/39890223/coca-cola-pops-bullish-ahead-of-q2-earnings-will-the-fizz-last,"Coca-Cola Co KO is reporting its second-quarter earnings on Tuesday. Wall Street expects 80 cents in EPS and $11.8 billion in revenues as the company reports before market hours. The stock is up 4.80% over the past year, 9.62% YTD.",www.benzinga.com,0.311543,Somewhat-Bullish,KO,0.879272,0.350042,Bullish
2024-07-22 22:05:00,"Markets Bounce Back; Cadence, Nucor Beat, NXP In-Line",https://www.zacks.com/stock/news/2306415/markets-bounce-back-cadence-nucor-beat-nxp-in-line,"The Nasdaq came back +280 points, or +1.58% today, while small-caps once again felt their oats.",www.zacks.com,0.14538,Neutral,KO,0.183198,-0.02884,Neutral
2024-07-23 06:12:24,"Tesla, Alphabet And 3 Stocks To Watch Heading Into Tuesday - Tesla  ( NASDAQ:TSLA ) ",https://www.benzinga.com/news/earnings/24/07/39898676/tesla-alphabet-and-3-stocks-to-watch-heading-into-tuesday,"With U.S. stock futures trading lower this morning on Tuesday, some of the stocks that may grab investor focus today are as follows: Wall Street expects Alphabet Inc. GOOG GOOGL to report quarterly earnings at $1.85 per share on revenue of $84.20 billion after the closing bell.",www.benzinga.com,0.29487,Somewhat-Bullish,KO,0.479683,0.115857,Neutral
2024-07-23 06:28:20,S&P 500 Notches Best Day Since June As Investor Sentiment Improves: Fear Index Moves To 'Greed' Zone - NVIDIA  ( NASDAQ:NVDA ) ,https://www.benzinga.com/news/earnings/24/07/39898757/s-p-500-notches-best-day-since-june-as-investor-sentiment-improves-fear-index-moves-to-greed-zone,"The CNN Money Fear and Greed index showed an improvement in the overall market sentiment, with the index moving to the ""Greed"" zone on Monday. U.S. stocks closed higher on Monday, with the S&P 500 recording its best day since June 5.",www.benzinga.com,-0.087091,Neutral,KO,0.208464,0.0,Neutral
2024-07-23 08:00:00,Billionaire Warren Buffett Sells Bank of America: 3 Possible Reasons Why,https://www.fool.com/investing/2024/07/23/billionaire-warren-buffett-sells-bank-of-america/,"After trimming Apple earlier this year, Warren Buffett also just culled his second-largest stock holding.",www.fool.com,0.102461,Neutral,KO,0.028868,-0.004637,Neutral
2024-07-23 08:57:00,1 No-Brainer Growth Stock to Buy With $650 and Hold for 10 Years,https://www.fool.com/investing/2024/07/23/1-no-brainer-growth-stock-to-buy-650-hold-10-years/,"Netflix continues to extend its lead as the world's largest streaming platform, and that spells opportunity for investors.",www.fool.com,0.290909,Somewhat-Bullish,KO,0.044141,0.125877,Neutral
2024-07-23 10:25:01,Coca-Cola is about to report earnings. Here's what Wall Street expects,https://www.cnbc.com/2024/07/23/coca-cola-ko-q2-2024-earnings.html,"Shares of Coke have risen 9% this year, bringing its market cap up to $282.3 billion.",www.cnbc.com,0.094113,Neutral,KO,0.194242,0.0,Neutral
2024-07-23 11:36:45,"Nasdaq Futures Little Changed Ahead Of Tesla, Alphabet Earnings - Invesco QQQ Trust, Series 1  ( NASDAQ:QQQ ) , SPDR S&P 500  ( ARCA:SPY ) ",https://www.benzinga.com/news/earnings/24/07/39903213/us-stock-futures-little-changed-as-traders-brace-for-q2-reports-from-alphabet-tesla-there-remains-s,"The market mood turned jittery after Monday's rebound, with index futures trading on either side of the unchanged line early Tuesday. The apprehensions reflect uncertainties regarding geopolitics, monetary policy, and the health of the reporting season ahead of earnings from AI stalwart Alphabet, ...",www.benzinga.com,0.117001,Neutral,KO,0.084572,0.0,Neutral
2024-07-23 12:05:05,Coca-Cola  ( KO )  Tops Q2 Earnings and Revenue Estimates,https://www.zacks.com/stock/news/2306610/coca-cola-ko-tops-q2-earnings-and-revenue-estimates,"Coca-Cola (KO) delivered earnings and revenue surprises of 5% and 3.86%, respectively, for the quarter ended June 2024. Do the numbers hold clues to what lies ahead for the stock?",www.zacks.com,0.161838,Somewhat-Bullish,KO,0.395012,0.195749,Somewhat-Bullish
2024-07-23 12:23:06,"Coca-Cola's Sweet Surge: Q2 Earnings Soar, Raises 2024 Forecasts - Coca-Cola  ( NYSE:KO ) ",https://www.benzinga.com/news/earnings/24/07/39904801/coca-colas-sweet-surge-q2-earnings-soar-raises-2024-forecasts,"Coca-Cola Company KO shares are trading higher following better-than-expected second-quarter FY24 earnings and a raised outlook. The company reported second-quarter FY24 sales growth of 3% year-on-year to $12.4 billion, beating the analyst consensus estimate of $11.753 billion.",www.benzinga.com,0.279291,Somewhat-Bullish,KO,0.754041,0.359176,Bullish
2024-07-23 13:08:30,Jim Cramer's top 10 things to watch in the stock market Tuesday,https://www.cnbc.com/2024/07/23/jim-cramers-top-10-things-to-watch-in-the-stock-market-tuesday.html,"On tap Tuesday: Key earnings reports from Alphabet, Tesla and other big companies.",www.cnbc.com,0.074945,Neutral,KO,0.065866,0.016288,Neutral
2024-07-23 14:28:00,Pre-Markets Dropping as Q2 Earnings Heat Up,https://www.zacks.com/stock/news/2307023/pre-markets-dropping-as-q2-earnings-heat-up,"Apparently, the markets are in a mood to give back some of the gains they earned just yesterday, even with SPOT notching a +32% EPS surprise.",www.zacks.com,0.134677,Neutral,KO,0.146916,0.136484,Neutral
2024-07-23 14:39:00,"Coca-Cola  ( KO )  Advances on Q2 Earnings Beat, Higher Forecast",https://www.zacks.com/stock/news/2307117/coca-cola-ko-advances-on-q2-earnings-beat-higher-forecast,"Coca-Cola's (KO) Q2 results highlight the benefits of an enhanced price/mix and rising concentrate sales, driven by regional growth and improved margins boosting profits.",www.zacks.com,0.27009,Somewhat-Bullish,KO,0.285526,0.353152,Bullish
2024-07-23 14:48:12,"With double-digit volume growth in Q2, Coca-Cola bullish on India",https://www.business-standard.com/companies/results/with-double-digit-volume-growth-in-q2-coca-cola-bullish-on-india-124072301353_1.html,The company's consolidated unit case volume grew 2 per cent ...,www.business-standard.com,0.369232,Bullish,KO,0.504646,0.489332,Bullish
2024-07-23 14:53:00,Earnings Data Deluge,https://www.zacks.com/stock/news/2307040/earnings-data-deluge,"Pre-market futures are sinking into the red an hour ahead of today's opening bell. All major indices have so far this morning spent at least some time above a zero balance, but they are falling pretty steeply at this hour. Apparently, the markets are in a mood to give back some of the gains they ...",www.zacks.com,0.144315,Neutral,KO,0.158519,0.199833,Somewhat-Bullish
2024-07-23 17:15:20,Coca-Cola  ( KO )  Q2 2024 Earnings Call Transcript,https://www.fool.com/earnings/call-transcripts/2024/07/23/coca-cola-ko-q2-2024-earnings-call-transcript/,"KO earnings call for the period ending June 30, 2024.",www.fool.com,0.321119,Somewhat-Bullish,KO,0.04996,0.244823,Somewhat-Bullish
2024-07-23 17:28:10,Coca-Cola Q2 Earnings: Higher Revenue Without EPS Growth,https://www.fool.com/data-news/2024/07/23/coca-cola-q2-earnings-higher-revenue-without-eps-growth/,Coca-Cola's Q2 earnings revealed strong revenue growth but the Dividend King faced headwinds that translated to a decline in EPS.,www.fool.com,0.347016,Somewhat-Bullish,KO,0.342093,0.538583,Bullish
2024-07-23 18:03:13,Coca-Cola's Revenue And Profit Shows Resilient Growth Amid Inflation: Goldman Sachs - Coca-Cola  ( NYSE:KO ) ,https://www.benzinga.com/analyst-ratings/analyst-color/24/07/39914783/coca-colas-revenue-and-profit-shows-resilient-growth-amid-inflation-goldman-sachs,"Goldman Sachs analyst Bonnie Herzog reiterated a Neutral rating on the shares of Coca-Cola Company KO with a price target of $60.00. KO delivered an impressive second-quarter top line beat, which coupled with strong gross margin expansion led to an EPS beat at $0.84, opined the analyst.",www.benzinga.com,0.270681,Somewhat-Bullish,KO,0.524949,0.573016,Bullish
2024-07-23 18:32:19,Gold Moves Higher; Coca-Cola Increases FY24 Forecast - Coca-Cola  ( NYSE:KO ) ,https://www.benzinga.com/news/earnings/24/07/39915440/gold-moves-higher-coca-cola-increases-fy24-forecast,"U.S. stocks traded slightly higher toward the end of trading, with the Dow Jones gaining by more than 50 points on Tuesday. The Dow traded up 0.17% to 40,483.92 while the NASDAQ rose 0.20% to 18,043.64. The S&P 500 also rose, gaining, 0.14% to 5,572.07. Consumer discretionary shares jumped by ...",www.benzinga.com,0.108403,Neutral,KO,0.288893,0.451076,Bullish
2024-07-23 18:51:15,"Pre-Markets Dropping as Q2 Earnings Heat Up - General Motors  ( NYSE:GM ) , FedEx  ( NYSE:FDX ) ",https://www.benzinga.com/news/earnings/24/07/39910963/pre-markets-dropping-as-q2-earnings-heat-up,"Pre-market futures are sinking into the red an hour ahead of today's opening bell. All major indices have so far this morning spent at least some time above a zero balance, but they are falling pretty steeply at this hour. Apparently, the markets are in a mood to give back some of the gains they ...",www.benzinga.com,0.17026,Somewhat-Bullish,KO,0.076602,0.128591,Neutral
2024-07-24 07:39:24,US Stocks End Lower As Investor Optimism Decreases Ahead Of Big Tech Earnings - Alphabet  ( NASDAQ:GOOGL ) ,https://www.benzinga.com/news/earnings/24/07/39924560/us-stocks-end-lower-as-investor-optimism-decreases-ahead-of-big-tech-earnings,"The CNN Money Fear and Greed index showed a decline in the overall market sentiment, with the index moving to the ""Neutral"" zone on Tuesday. U.S. stocks closed slightly lower on Tuesday, ahead of earnings reports from big technology companies.",www.benzinga.com,-0.139285,Neutral,KO,0.205807,0.536271,Bullish
2024-07-24 11:00:00,Why Investors Love Coca-Cola Stock in 5 Simple Charts,https://www.fool.com/investing/2024/07/24/why-investors-love-coca-cola-stock-in-5-charts/,The soda giant is still a great stock for long-term investors.,www.fool.com,0.151788,Somewhat-Bullish,KO,0.541766,0.255697,Somewhat-Bullish
2024-07-24 13:37:00,Coca-Cola Shares Optimistic Numbers in Its Latest Earnings Call. Is This Warren Buffett Favorite a Smart Stock to Buy Today?,https://www.fool.com/investing/2024/07/24/coca-cola-shares-optimistic-numbers-in-q2-call/,"Find out how Coca-Cola beat analyst targets in the second quarter, and how it plans to keep up the momentum.",www.fool.com,0.342446,Somewhat-Bullish,KO,0.482912,0.43653,Bullish
2024-07-24 13:42:00,FEMSA Announces Second Quarter 2024 Results,https://www.globenewswire.com/news-release/2024/07/24/2918139/0/en/FEMSA-Announces-Second-Quarter-2024-Results.html,"MONTERREY, Mexico, July 24, 2024 ( GLOBE NEWSWIRE ) -- Fomento Económico Mexicano, S.A.B. de C.V. ( ""FEMSA"" ) ( NYSE: FMX. BMV: FEMSAUBD, FEMSAUB ) announced today its operational and financial results for the second quarter of 2024.",www.globenewswire.com,0.345999,Somewhat-Bullish,KO,0.231884,0.250595,Somewhat-Bullish
2024-07-24 15:37:00,3 Stocks That Could Be Easy Wealth Builders,https://www.fool.com/investing/2024/07/24/3-stocks-that-could-be-easy-wealth-builders/,"Beloved brands, simple business models, and decades of proven success make these three stocks easy buy-and-hold choices.",www.fool.com,0.366116,Bullish,KO,0.350564,0.208956,Somewhat-Bullish
2024-07-24 18:27:20,Analysts Rally Behind Coca-Cola: Foresee Strong Growth and Resilience Amid Economic Challenges - Coca-Cola  ( NYSE:KO ) ,https://www.benzinga.com/analyst-ratings/analyst-color/24/07/39940267/analysts-rally-behind-coca-cola-foresee-strong-growth-and-resilience-amid-economic-,"On Tuesday, Coca-Cola Company KO reported second-quarter FY24 sales growth of 3% year-on-year to $12.4 billion, beating the analyst consensus estimate of $11.753 billion. Below are comments from analysts along with current ratings and price targets. BofA Securities - Reiterates Buy, $70 price ...",www.benzinga.com,0.347344,Somewhat-Bullish,KO,0.566715,0.489363,Bullish
2024-07-25 08:02:00,Want Decades of Passive Income? Here Are 2 Unstoppable Dividend Stocks to Buy Now.,https://www.fool.com/investing/2024/07/25/decades-income-unstoppable-stocks-buy-now/,These elite dividend payers are poised to reward shareholders for years.,www.fool.com,0.241727,Somewhat-Bullish,KO,0.199037,0.190363,Somewhat-Bullish
2024-07-25 09:10:00,Forget Coca-Cola: This Stock Has Made Far More Millionaires,https://www.fool.com/investing/2024/07/25/forget-coca-cola-this-stock-has-made-far-more-mill/,Many investors will be surprised to learn which company has been a more productive investment than the iconic beverage maker.,www.fool.com,0.233037,Somewhat-Bullish,KO,0.583426,0.412009,Bullish
2024-07-25 11:00:01,Keurig Dr Pepper earnings meet estimates as higher prices fuel U.S. soda sales,https://www.cnbc.com/2024/07/25/keurig-dr-pepper-kdp-q2-2024-earnings.html,Keurig Dr Pepper's second-quarter earnings and revenue met Wall Street's expectations.,www.cnbc.com,0.227995,Somewhat-Bullish,KO,0.114682,0.081984,Neutral
2024-07-25 15:18:00,Microsoft's  ( MSFT )  Azure Cloud Prowess to Boost Q4 Earnings,https://www.zacks.com/stock/news/2309309/microsofts-msft-azure-cloud-prowess-to-boost-q4-earnings,"Microsoft's (MSFT) fiscal Q4 results are expected to reflect continued growth in its Azure cloud platform, bolstered by rising demand for Azure AI offerings.",www.zacks.com,0.188204,Somewhat-Bullish,KO,0.050679,0.084806,Neutral
2024-07-25 16:07:00,FEMSA  ( FMX )  Posts Sturdy Q2 Growth: Revenues & Earnings Up Y/Y,https://www.zacks.com/stock/news/2309341/femsa-fmx-posts-sturdy-q2-growth-revenues-earnings-up-yy,FEMSA (FMX) Q2 results showcase broad-based growth across its business units and an improved operating margin despite adverse weather conditions and strong year-over-year comparisons.,www.zacks.com,0.183271,Somewhat-Bullish,KO,0.220475,0.060908,Neutral
2024-07-26 07:38:00,Berkshire  ( BRK.B )  Rises 24% YTD: What Should Investors Do Now?,https://www.zacks.com/stock/news/2309608/berkshire-brkb-rises-24-ytd-what-should-investors-do-now,"Holding Berkshire (BRK.B) shares renders dynamism to shareholders' portfolio. Thus, investors who already hold Berkshire shares should retain the stock and others can wait for a better entry point.",www.zacks.com,0.342119,Somewhat-Bullish,KO,0.089295,0.097258,Neutral
2024-07-26 07:51:00,Warren Buffett Is Raking in $5.26 Billion in Annual Dividend Income From These 7 Stocks,https://www.fool.com/investing/2024/07/26/warren-buffett-53-billion-dividend-income-7-stocks/,Seven core holdings account for the lion's share of the dividend income Berkshire Hathaway is expected to collect over the next year.,www.fool.com,0.248563,Somewhat-Bullish,KO,0.128822,0.165945,Somewhat-Bullish
2024-07-26 10:20:04,Should You Invest in the iShares U.S. Consumer Staples ETF  ( IYK ) ?,https://www.zacks.com/stock/news/2309653/should-you-invest-in-the-ishares-us-consumer-staples-etf-iyk,Sector ETF report for ...,www.zacks.com,0.122193,Neutral,KO,0.128135,0.069783,Neutral
2024-07-26 11:35:53,"Warren Buffett's Early Hustles Shaped His Legendary Career, How The Legendary Investor Went From Paper Routes to Billions",https://www.benzinga.com/news/24/07/39981446/warren-buffetts-early-hustles-shaped-his-legendary-career-how-the-legendary-investor-went-from-paper,"Warren Buffett, often referred to as the ""Oracle of Omaha,"" today has a net worth of $137 billion. If that doesn't instill some inspiration in you, then his journey from delivering newspapers to being a billionaire investor sure will.",www.benzinga.com,0.246086,Somewhat-Bullish,KO,0.07913,0.118872,Neutral
2024-07-26 13:30:10,Is Coca-Cola  ( KO )  a Buy as Wall Street Analysts Look Optimistic?,https://www.zacks.com/stock/news/2309915/is-coca-cola-ko-a-buy-as-wall-street-analysts-look-optimistic,"The average brokerage recommendation (ABR) for Coca-Cola (KO) is equivalent to a Buy. The overly optimistic recommendations of Wall Street analysts make the effectiveness of this highly sought-after metric questionable. So, is it worth buying the stock?",www.zacks.com,0.323157,Somewhat-Bullish,KO,0.356317,0.196939,Somewhat-Bullish
2024-07-26 15:40:12,CCEP or KO: Which Is the Better Value Stock Right Now?,https://www.zacks.com/stock/news/2310189/ccep-or-ko-which-is-the-better-value-stock-right-now,CCEP vs. KO: Which Stock Is the Better Value Option?,www.zacks.com,0.470618,Bullish,KO,0.796338,0.571912,Bullish
2024-07-26 16:00:10,Coca-Cola  ( KO )  Upgraded to Buy: Here's What You Should Know,https://www.zacks.com/stock/news/2310227/coca-cola-ko-upgraded-to-buy-heres-what-you-should-know,"Coca-Cola (KO) might move higher on growing optimism about its earnings prospects, which is reflected by its upgrade to a Zacks Rank #2 (Buy).",www.zacks.com,0.298978,Somewhat-Bullish,KO,0.363388,0.336187,Somewhat-Bullish
2024-07-26 20:15:57,Check Out What Whales Are Doing With Coca-Cola - Coca-Cola  ( NYSE:KO ) ,https://www.benzinga.com/insights/options/24/07/39994003/check-out-what-whales-are-doing-with-coca-cola,"Investors with a lot of money to spend have taken a bearish stance on Coca-Cola KO. We noticed this today when the trades showed up on publicly available options history that we track here at Benzinga. Whether these are institutions or just wealthy individuals, we don't know.",www.benzinga.com,0.131849,Neutral,KO,0.806597,0.151776,Somewhat-Bullish
2024-07-27 08:18:00,3 Reasons to Buy Berkshire Hathaway Stock Like There's No Tomorrow,https://www.fool.com/investing/2024/07/27/3-reasons-to-buy-berkshire-hathaway-stock-like-the/,"Although Berkshire Hathaway isn't expected to outperform in the near term, it has the firepower needed to do so over the long term.",www.fool.com,0.208907,Somewhat-Bullish,KO,0.048919,0.003958,Neutral
2024-07-27 08:22:00,2 Magnificent S&P 500 Dividend Stocks to Buy Now and Hold Forever,https://www.fool.com/investing/2024/07/27/2-magnificent-sp-500-dividend-stocks-buy-forever/,These companies offer solid return prospects and above-average yields.,www.fool.com,0.31395,Somewhat-Bullish,KO,0.115232,0.193441,Somewhat-Bullish
2024-07-27 09:37:00,Coca-Cola Just Agreed With Pepsi and McDonald's About the Economy. Here's What It Could Mean for Investors.,https://www.fool.com/investing/2024/07/27/coca-cola-just-agreed-with-pepsi-and-mcdonalds-abo/,"When these three companies are all saying the same thing, it's important to listen.",www.fool.com,0.272815,Somewhat-Bullish,KO,0.346884,0.426699,Bullish
2024-07-28 08:45:00,$135 Billion of Warren Buffett's $332 Billion Portfolio Is in This Top Artificial Intelligence  ( AI )  Stock,https://www.fool.com/investing/2024/07/28/135-billion-of-warren-buffetts-332-billion-portfol/,The Oracle of Omaha loves Apple ...,www.fool.com,0.376025,Bullish,KO,0.05833,0.280069,Somewhat-Bullish
2024-07-28 10:05:00,"1 Low-Risk Stock That Should Outperform the S&P 500, According to Warren Buffett",https://www.fool.com/investing/2024/07/28/low-risk-stock-outperform-sp-500-warren-buffett/,Buffett says investors can expect solid results from this top stock.,www.fool.com,0.35337,Bullish,KO,0.085476,0.142939,Neutral
2024-07-28 11:39:00,5 Dividend Stocks to Buy Even if You Are Worried About a Stock Market Sell-Off,https://www.fool.com/investing/2024/07/28/5-dividend-stocks-buy-stock-market-sell-off/,Investing in equal parts of these blue chips produces an average yield of 2.8%.,www.fool.com,0.26562,Somewhat-Bullish,KO,0.097193,0.112349,Neutral
2024-07-28 12:00:01,Fast-food chains battle for low-income diners with summer value meals,https://www.cnbc.com/2024/07/28/value-meals-mcdonalds-wendys-burger-king-vie-for-low-income-diners.html,"McDonald's, Burger King and Taco Bell are among the fast-food chains with $5 value meals this summer.",www.cnbc.com,0.02888,Neutral,KO,0.035397,0.019592,Neutral
2024-07-28 12:56:03,Top Wall Street analysts suggest these dividend stocks for enhanced returns,https://www.cnbc.com/2024/07/28/top-wall-street-analysts-suggest-these-dividend-stocks-for-enhanced-returns.html,"TipRanks' analyst ranking service pinpoints Wall Street's best-performing stocks, including Coca-Cola and Diamondback Energy ...",www.cnbc.com,0.344181,Somewhat-Bullish,KO,0.2872,0.214969,Somewhat-Bullish
2024-07-29 08:00:04,These Are 2 of Warren Buffett's Favorite Stocks. Here's What They Just Told Investors.,https://www.fool.com/investing/2024/07/29/these-are-2-of-warren-buffetts-favorite-stocks-her/,They share similar qualities that make them shine as Buffett stocks.,www.fool.com,0.456376,Bullish,KO,0.373611,0.58982,Bullish
2024-07-29 13:15:00,Unpopular Opinion: The Big Move Ford Needs to Make to Return Value to Shareholders,https://www.fool.com/investing/2024/07/29/unpopular-opinion-the-big-move-ford-needs-to-make/,"Ford likely won't agree to this, but if they want to put shareholders first, they would consider this big move.",www.fool.com,0.293668,Somewhat-Bullish,KO,0.056808,0.078928,Neutral
2024-07-29 20:30:00,"NVIDIA Announces Generative AI Models and NIM Microservices for OpenUSD Language, Geometry, Physics and Materials - NVIDIA  ( NASDAQ:NVDA ) ",https://www.benzinga.com/pressreleases/24/07/g40022972/nvidia-announces-generative-ai-models-and-nim-microservices-for-openusd-language-geometry-physics-,"DENVER, July 29, 2024 ( GLOBE NEWSWIRE ) -- SIGGRAPH-NVIDIA today announced major advancements to Universal Scene Description, or OpenUSD, that will expand adoption of the universal 3D data interchange framework to robotics, industrial design and engineering, and accelerate developers' abilities ...",www.benzinga.com,0.201604,Somewhat-Bullish,KO,0.041466,0.118632,Neutral
2024-07-30 08:12:00,Does Warren Buffett Really Practice What He Preaches About Diversification?,https://www.fool.com/investing/2024/07/30/does-warren-buffett-really-practice-what-he-preach/,"Warren Buffett doesn't like diversification when it comes to buying stocks, but it looks like he does when it comes to buying companies.",www.fool.com,0.158117,Somewhat-Bullish,KO,0.049939,0.096271,Neutral
2024-07-30 08:48:10,Warren Buffett's Berkshire Trims Position In Its Second Biggest Stock Holding By $3.2B This Month: What It Means For Investors? - Bank of America  ( NYSE:BAC ) ,https://www.benzinga.com/markets/equities/24/07/40030472/warren-buffetts-berkshire-trims-position-in-its-second-biggest-stock-holding-by-3-2b-this-month-,"Warren Buffett-led Berkshire Hathaway, Inc. BRKBRK is shaving off its ownership interest in Bank of America Corp.'s BAC, one of its core holdings, and on Monday the investment holding firm disclosed the third sale for the month.",www.benzinga.com,0.278253,Somewhat-Bullish,KO,0.271777,0.165516,Somewhat-Bullish
2024-07-30 11:15:00,"Coca-Cola Is a Rock-Solid Dividend Stock, but So Are These High-Yield Stocks That Are Down Between 13% and 30% Over the Last Year",https://www.fool.com/investing/2024/07/30/coca-cola-rock-solid-dividend-stock-buy-high-yield/,Rewarding shareholders with dividends is a vital part of the investment thesis for these three companies.,www.fool.com,0.225034,Somewhat-Bullish,KO,0.075995,0.283399,Somewhat-Bullish
2024-07-30 17:00:00,Participate in Paris Olympics With These Stocks & ETFs,https://www.zacks.com/stock/news/2312269/participate-in-paris-olympics-with-these-stocks-etfs,The 2024 Paris Olympics officially began on Jul 26. The event has significant economic implications for the host country and the event sponsors.,www.zacks.com,0.203641,Somewhat-Bullish,KO,0.077094,0.0,Neutral
2024-07-30 20:07:00,Live Nation Entertainment Reports Second Quarter 2024 Results - Live Nation Entertainment  ( NYSE:LYV ) ,https://www.benzinga.com/pressreleases/24/07/n40050022/live-nation-entertainment-reports-second-quarter-2024-results,"LOS ANGELES, July 30, 2024 /PRNewswire/ -- ""We continue to see strong demand globally, with a growing variety of shows attracting both casual and diehard fans who are buying tickets at all price points, which speaks to the unique experience only live concerts can provide.",www.benzinga.com,0.228223,Somewhat-Bullish,KO,0.012162,0.059367,Neutral
2024-07-31 08:07:23,China's securities watchdog reshuffles top personnel amid market slowdown,https://www.scmp.com/business/china-business/article/3272619/csrc-vice-chairman-fang-xinghai-makes-way-ex-head-regulators-enforcement-unit,"The top bureaucrat has been replaced by Li Ming, 56, who sources believe has the leadership's backing to weed out irregularities and shore up investor confidence.",www.scmp.com,0.149873,Neutral,KO,0.060848,-0.004009,Neutral
2024-07-31 10:20:07,Is Franklin U.S. Low Volatility High Dividend Index ETF  ( LVHD )  a Strong ETF Right Now?,https://www.zacks.com/stock/news/2312598/is-franklin-us-low-volatility-high-dividend-index-etf-lvhd-a-strong-etf-right-now,Smart Beta ETF report for ...,www.zacks.com,0.204963,Somewhat-Bullish,KO,0.113062,0.062867,Neutral
2024-07-31 10:45:00,Should You Buy Meta Platforms and Google Parent Company Alphabet Now That They Are Cheaper Than Coca-Cola Stock?,https://www.fool.com/investing/2024/07/31/buy-meta-platforms-google-alphabet-coca-cola-stock/,Meta Platforms and Alphabet are inexpensive despite producing monster gains over the last 19 months.,www.fool.com,0.239318,Somewhat-Bullish,KO,0.080188,0.055296,Neutral
2024-07-31 12:43:00,3 Reasons Why Coca-Cola Stock Just Hit an All-Time High,https://www.fool.com/investing/2024/07/31/3-reasons-coca-cola-stock-hit-an-all-time-high/,Coke is growing its top and bottom lines despite a challenging operating environment.,www.fool.com,0.370897,Bullish,KO,0.200688,0.283788,Somewhat-Bullish
2024-07-31 12:52:08,Live Nation Entertainment Posts Mixed Q2,https://www.fool.com/data-news/2024/07/31/live-nation-entertainment-surpasses-revenue-estimates/,Live Nation saw robust revenue growth in the second quarter but missed bottom-line expectations.,www.fool.com,0.337111,Somewhat-Bullish,KO,0.057079,0.114002,Neutral
2024-07-31 13:00:15,Investors Heavily Search CocaCola Company  ( The )   ( KO ) : Here is What You Need to Know,https://www.zacks.com/stock/news/2312787/investors-heavily-search-cocacola-company-the-ko-here-is-what-you-need-to-know,"Coca-Cola (KO) has received quite a bit of attention from Zacks.com users lately. Therefore, it is wise to be aware of the facts that can impact the stock's prospects.",www.zacks.com,0.257192,Somewhat-Bullish,KO,0.486627,0.209012,Somewhat-Bullish
2024-07-31 13:04:00,Diageo  ( DEO )  FY24 Earnings & Sales Decline Y/Y on Soft Volume,https://www.zacks.com/stock/news/2313136/diageo-deo-fy24-earnings-sales-decline-yy-on-soft-volume,"Diageo's (DEO) FY24 results reflect the impacts of soft volume particularly in LAC and North America, which hurt organic sales. Soft operating profit and higher costs hurt the bottom line.",www.zacks.com,0.205185,Somewhat-Bullish,KO,0.167612,0.092457,Neutral
2024-08-01 09:12:00,2 No-Brainer Billionaire-Owned Stocks to Buy Right Now,https://www.fool.com/investing/2024/08/01/2-no-brainer-billionaire-owned-stocks-to-buy-right/,These companies provide investors with different value propositions but are worthwhile stocks to consider adding to your portfolio.,www.fool.com,0.465901,Bullish,KO,0.452639,0.529002,Bullish
2024-08-01 10:20:06,Is Nuveen ESG Large-Cap Value ETF  ( NULV )  a Strong ETF Right Now?,https://www.zacks.com/stock/news/2313769/is-nuveen-esg-large-cap-value-etf-nulv-a-strong-etf-right-now,Smart Beta ETF report for ...,www.zacks.com,0.284944,Somewhat-Bullish,KO,0.107016,0.058418,Neutral
2024-08-01 12:40:00,FEMSA to enter the Convenience Store Industry in the United States,https://www.globenewswire.com/news-release/2024/08/01/2922792/0/en/FEMSA-to-enter-the-Convenience-Store-Industry-in-the-United-States.html,"MONTERREY, Mexico, Aug. 01, 2024 ( GLOBE NEWSWIRE ) -- Fomento Económico Mexicano, S.A.B. de C.V. ( ""FEMSA"" or the ""Company"" ) ( NYSE: FMX. BMV: FEMSAUBD, FEMSAUB ) announced today that it has entered into definitive agreements with Delek US Holdings, Inc. ( ""Delek"" ) ( NYSE: DK ) , to acquire ...",www.globenewswire.com,0.341111,Somewhat-Bullish,KO,0.087185,0.11131,Neutral
2024-08-01 12:40:05,FEMSA to enter the Convenience Store Industry in the United States - Delek US Hldgs  ( NYSE:DK ) ,https://www.benzinga.com/pressreleases/24/08/g40099440/femsa-to-enter-the-convenience-store-industry-in-the-united-states,"MONTERREY, Mexico, Aug. 01, 2024 ( GLOBE NEWSWIRE ) -- Fomento Económico Mexicano, S.A.B. de C.V. ( ""FEMSA"" or the ""Company"" ) FMXFEMSAUBD FEMSAUB ) ) ) announced today that it has entered into definitive agreements with Delek US Holdings, Inc. ( ""Delek"" ) DK, to acquire Delek's retail ...",www.benzinga.com,0.341416,Somewhat-Bullish,KO,0.083107,0.109405,Neutral
2024-08-01 12:50:06,Here's What Could Help Coca-Cola European  ( CCEP )  Maintain Its Recent Price Strength,https://www.zacks.com/stock/news/2313945/heres-what-could-help-coca-cola-european-ccep-maintain-its-recent-price-strength,"Coca-Cola European (CCEP) made it through our ""Recent Price Strength"" screen and could be a great choice for investors looking to make a profit from stocks that are currently on the move.",www.zacks.com,0.388406,Bullish,KO,0.076602,0.082279,Neutral
2024-08-01 13:40:13,Is KimberlyClark  ( KMB )  Stock Outpacing Its Consumer Staples Peers This Year?,https://www.zacks.com/stock/news/2314169/is-kimberlyclark-kmb-stock-outpacing-its-consumer-staples-peers-this-year,Here is how Kimberly-Clark (KMB) and Coca-Cola (KO) have performed compared to their sector so far this year.,www.zacks.com,0.241412,Somewhat-Bullish,KO,0.406197,0.320894,Somewhat-Bullish
2024-08-01 14:00:00,"Carter Center Announces ""Jimmy Carter 100: A Celebration in Song"" Sept. 17 at Atlanta's Iconic Fox Theatre",https://www.benzinga.com/pressreleases/24/08/n40102675/carter-center-announces-jimmy-carter-100-a-celebration-in-song-sept-17-at-atlantas-iconic-fox-thea,"Concert to celebrate the 100th birthday, life, and legacy of the longest-living U.S. president ATLANTA, Aug. 1, 2024 /PRNewswire/ -- The Carter Center is excited to announce ""Jimmy Carter 100: A Celebration in Song,"" a musical event celebrating the centennial birthday of former U.S.",www.benzinga.com,0.460086,Bullish,KO,0.040145,0.217962,Somewhat-Bullish
2024-08-01 16:16:00,PepsiCo  ( PEP )  Stirs Mix Reactions Post Q2 Earnings: Hold or Fold?,https://www.zacks.com/stock/news/2314587/pepsico-pep-stirs-mix-reactions-post-q2-earnings-hold-or-fold,"PepsiCo's (PEP) second-quarter 2024 results present a complex picture of its current standing, notably impacted by product recalls in its North America operations.",www.zacks.com,0.007291,Neutral,KO,0.096091,0.022397,Neutral
2024-08-01 18:00:19,Peering Into Coca-Cola Consolidated's Recent Short Interest - Coca-Cola Consolidated  ( NASDAQ:COKE ) ,https://www.benzinga.com/insights/short-sellers/24/08/40110617/peering-into-coca-cola-consolidateds-recent-short-interest,"Coca-Cola Consolidated's COKE short percent of float has fallen 65.89% since its last report. The company recently reported that it has 46 thousand shares sold short, which is 0.88% of all regular shares that are available for trading.",www.benzinga.com,0.262256,Somewhat-Bullish,KO,0.309539,0.196305,Somewhat-Bullish
2024-08-02 12:30:00,These 5 Dividend Stocks Account for 74% of Warren Buffett's $399 Billion Portfolio,https://www.fool.com/investing/2024/08/02/these-5-dividend-stocks-account-for-74-of-warren/,"If you're looking for good dividend stocks to hold, a good place to start is by looking at Berkshire's portfolio.",www.fool.com,0.29692,Somewhat-Bullish,KO,0.225251,0.202163,Somewhat-Bullish
2024-08-02 13:52:59,"Harsh summers, cola price wars play spoilsport for Dabur's juice portfolio",https://www.business-standard.com/companies/results/harsh-summers-cola-price-wars-play-spoilsport-for-dabur-s-juice-portfolio-124080201358_1.html,"The Indian fast-moving consumer goods major reported its Q1 results on Thursday. While net profit rose 7.8 per cent to Rs 500 crore, revenues increased 7 per cent to Rs 3,349 crore ...",www.business-standard.com,0.104207,Neutral,KO,0.15347,0.212674,Somewhat-Bullish
2024-08-02 15:28:38,Dalmia Bharat Sugar Q1 results: Net profit falls 10.8% to Rs 54.73 crore,https://www.business-standard.com/companies/results/dalmia-bharat-sugar-q1-results-net-profit-falls-10-8-to-rs-54-73-crore-124080201433_1.html,"The company, which supplies sugar to companies like Coca-Cola, Britannia, Dabur, and Carlsberg, reported consolidated net profit of Rs 54.73 crore ($6.5 million), compared to Rs 61.34 crore year ago ...",www.business-standard.com,0.002399,Neutral,KO,0.222838,0.152935,Somewhat-Bullish
2024-08-02 17:09:00,AB InBev  ( BUD )  Tops on Q2 Earnings & Revenues on Robust Demand,https://www.zacks.com/stock/news/2315564/ab-inbev-bud-tops-on-q2-earnings-revenues-on-robust-demand,"AB InBev's (BUD) Q2 results reflect strong consumer demand for its megabrands, double-digit organic EBITDA growth and continued optimization of its business.",www.zacks.com,0.240825,Somewhat-Bullish,KO,0.158781,0.093178,Neutral
2024-08-02 19:16:59,PepsiCo's Options: A Look at What the Big Money is Thinking - PepsiCo  ( NASDAQ:PEP ) ,https://www.benzinga.com/insights/options/24/08/40140117/pepsicos-options-a-look-at-what-the-big-money-is-thinking,"Deep-pocketed investors have adopted a bearish approach towards PepsiCo PEP, and it's something market players shouldn't ignore. Our tracking of public options records at Benzinga unveiled this significant move today.",www.benzinga.com,0.185043,Somewhat-Bullish,KO,0.067536,0.139435,Neutral
2024-08-02 20:21:09,Coca-Cola Unusual Options Activity - Coca-Cola  ( NYSE:KO ) ,https://www.benzinga.com/insights/options/24/08/40141741/coca-cola-unusual-options-activity,"Deep-pocketed investors have adopted a bearish approach towards Coca-Cola KO, and it's something market players shouldn't ignore. Our tracking of public options records at Benzinga unveiled this significant move today.",www.benzinga.com,0.20408,Somewhat-Bullish,KO,0.835133,0.22502,Somewhat-Bullish
2024-08-02 20:30:23,Here's How Much You Would Have Made Owning Coca-Cola Consolidated Stock In The Last 5 Years - Coca-Cola Consolidated  ( NASDAQ:COKE ) ,https://www.benzinga.com/insights/news/24/08/40142001/heres-how-much-you-would-have-made-owning-coca-cola-consolidated-stock-in-the-last-5-years,"Coca-Cola Consolidated COKE has outperformed the market over the past 5 years by 21.02% on an annualized basis producing an average annual return of 34.14%. Currently, Coca-Cola Consolidated has a market capitalization of $11.16 billion.",www.benzinga.com,0.238974,Somewhat-Bullish,KO,0.495015,0.260848,Somewhat-Bullish
2024-08-03 13:15:00,This Top Dividend Stock Has Raised Its Payout for 62 Straight Years: Is It a No-Brainer Buy?,https://www.fool.com/investing/2024/08/03/top-dividend-stock-payout-62-years-no-brainer-buy/,Income-seeking investors certainly have this company on their radar.,www.fool.com,0.337857,Somewhat-Bullish,KO,0.542539,0.397437,Bullish
2024-08-03 13:30:00,Is the U.S. Flashing a Big Warning Sign for Coca-Cola and PepsiCo?,https://www.fool.com/investing/2024/08/03/is-us-flashing-a-big-warning-sign-for-coca-cola/,PepsiCo and Coca-Cola both had weak showings in the place they call home. It could be a bad sign for the future.,www.fool.com,-0.053154,Neutral,KO,0.3986,0.011097,Neutral
2024-08-03 14:05:00,Coca-Cola vs. PepsiCo: Which Stock Is Better for Dividend Investors?,https://www.fool.com/investing/2024/08/03/coca-cola-vs-pepsico-which-stock-is-better-for-div/,"There are a lot of similarities between these two stocks, and picking the better investment may not be as easy as you'd think.",www.fool.com,0.421429,Bullish,KO,0.665529,0.605783,Bullish
2024-08-04 14:40:00,72% of Warren Buffett's Berkshire Hathaway Portfolio Is Invested in These 5 Dividend Stocks,https://www.fool.com/investing/2024/08/04/72-of-warren-buffetts-berkshire-hathaway-portfolio/,"Yes, Buffett loves dividends.",www.fool.com,0.363006,Bullish,KO,0.137278,0.261645,Somewhat-Bullish
2024-08-05 13:07:00,"All It Takes Is $10,000 Invested in Coca-Cola and Each of These 2 Dividend Kings to Generate Over $1,000 in Passive Income per Year",https://www.fool.com/investing/2024/08/05/buy-coca-cola-stock-dividend-king-passive-income/,"Constructing a portfolio that is built to last requires investing in quality companies, purposeful allocation, and diversification.",www.fool.com,0.271793,Somewhat-Bullish,KO,0.161062,0.164397,Somewhat-Bullish
2024-08-05 14:37:12,Market Momentum: Your Weekly Financial Forecast - Amazon.com  ( NASDAQ:AMZN ) ,https://www.benzinga.com/markets/24/08/40162472/market-momentum-your-weekly-financial-forecast,"During the week of July 29 through August 2, 2024, the U.S. financial markets faced a tumultuous period marked by significant volatility and mixed economic signals.",www.benzinga.com,0.135213,Neutral,KO,0.030102,0.090272,Neutral
2024-08-06 11:12:00,"Why Not Buy the Dip on Broadcom, Procter & Gamble, and PepsiCo With This Vanguard ETF?",https://www.fool.com/investing/2024/08/06/buy-broadcom-procter-gamble-pepsi-dividend-stock/,Exchange-traded funds can be good choices when you can't decide among several good companies.,www.fool.com,0.306209,Somewhat-Bullish,KO,0.040416,0.0,Neutral
2024-08-06 12:09:00,4 Consumer Staples Stocks to Buy Amid Wall Street Bloodbath,https://www.zacks.com/stock/news/2316837/4-consumer-staples-stocks-to-buy-amid-wall-street-bloodbath,"Consumer staple stocks like Colgate-Palmolive Company (CL), Kimberly-Clark Corporation (KMB), The Coca-Cola Company (KO) and Philip Morris International Inc. (PM) are a safe bet during times of market volatility.",www.zacks.com,0.048417,Neutral,KO,0.31282,0.302061,Somewhat-Bullish
2024-08-06 13:40:12,Are Consumer Staples Stocks Lagging Coca-Cola Europacific Partners  ( CCEP )  This Year?,https://www.zacks.com/stock/news/2316977/are-consumer-staples-stocks-lagging-coca-cola-europacific-partners-ccep-this-year,Here is how Coca-Cola European (CCEP) and Chefs' Warehouse (CHEF) have performed compared to their sector so far this year.,www.zacks.com,0.257541,Somewhat-Bullish,KO,0.518022,0.371842,Bullish
2024-08-06 14:07:00,3 Stocks That Could Be Easy Wealth Builders,https://www.fool.com/investing/2024/08/06/3-stocks-that-could-be-easy-wealth-builders/,The business doesn't have to be complicated. It just has to be resilient.,www.fool.com,0.255879,Somewhat-Bullish,KO,0.174587,0.268394,Somewhat-Bullish
2024-08-06 15:58:00,Molson Coors  ( TAP )  Gains as Q2 Earnings & Sales Beat Estimates,https://www.zacks.com/stock/news/2317284/molson-coors-tap-gains-as-q2-earnings-sales-beat-estimates,"Molson Coors' (TAP) Q2 results reflect gains from favorable pricing and the U.S. shipment timing, offset by a decline in the contract brewing volumes.",www.zacks.com,0.201692,Somewhat-Bullish,KO,0.120885,0.077085,Neutral
2024-08-06 17:44:00,Buffett Cuts Apple Stake: What Should You Do With AAPL Stock?,https://www.zacks.com/stock/news/2317311/buffett-cuts-apple-stake-what-should-you-do-with-aapl-stock,"Apple's (AAPL) AI push, growing Services business and strong liquidity position make the shares attractive for investors despite Warren Buffett reducing his stake by 50%.",www.zacks.com,0.344316,Somewhat-Bullish,KO,0.103109,0.0,Neutral
2024-08-06 20:01:13,Behind the Scenes of Coca-Cola's Latest Options Trends - Coca-Cola  ( NYSE:KO ) ,https://www.benzinga.com/insights/options/24/08/40201197/behind-the-scenes-of-coca-colas-latest-options-trends,"Deep-pocketed investors have adopted a bearish approach towards Coca-Cola KO, and it's something market players shouldn't ignore. Our tracking of public options records at Benzinga unveiled this significant move today.",www.benzinga.com,0.171185,Somewhat-Bullish,KO,0.839535,0.244061,Somewhat-Bullish
2024-08-07 08:50:00,Warren Buffett Just Sold $90 Billion of Apple Stock. Could This Be the Biggest Investing Mistake He's Ever Made?,https://www.fool.com/investing/2024/08/07/warren-buffett-just-sold-90-billion-of-apple-stock/,Buffett's sale of Apple raises questions with the company potentially on the verge of an AI-driven iPhone upgrade supercycle.,www.fool.com,0.205678,Somewhat-Bullish,KO,0.061473,0.104014,Neutral
2024-08-07 12:28:00,Meet Vanguard's 3 Hottest Sector ETFs in 2024  ( and None of Them Are Tech ) ,https://www.fool.com/investing/2024/08/07/vanguard-etf-buy-growth-value-income-stock-2024/,Low-cost ETFs can be an excellent way to dip your toes into a stock market sector.,www.fool.com,0.248615,Somewhat-Bullish,KO,0.040484,0.03358,Neutral
2024-08-07 13:01:00,McDonald's Reveals New Collector's Meal Inspired by Fan-favorite Collectibles,https://www.benzinga.com/pressreleases/24/08/n40220189/mcdonalds-reveals-new-collectors-meal-inspired-by-fan-favorite-collectibles,"Fans can add to their collection with six collectible cups beginning August 13 CHICAGO, Aug. 7, 2024 /PRNewswire/ -- Over the years, our fans have built a special connection to McDonald's collectibles.",www.benzinga.com,0.397965,Bullish,KO,0.090645,0.318038,Somewhat-Bullish
2024-08-07 20:30:00,J & J SNACK FOODS CORP. ANNOUNCES INCREASE IN ITS QUARTERLY CASH DIVIDEND,https://www.globenewswire.com/news-release/2024/08/07/2926432/18519/en/J-J-SNACK-FOODS-CORP-ANNOUNCES-INCREASE-IN-ITS-QUARTERLY-CASH-DIVIDEND.html,"MOUNT LAUREL, N.J., Aug. 07, 2024 ( GLOBE NEWSWIRE ) -- J & J Snack Foods Corp. ( NASDAQ: JJSF ) announced today that its Board of Directors has declared a quarterly cash dividend of $0.78 per share of its common stock payable on October 8, 2024, to shareholders of record as of the close of ...",www.globenewswire.com,0.240306,Somewhat-Bullish,KO,0.107978,0.0,Neutral
2024-08-08 06:00:00,FANTA® AND WARNER BROS. PICTURES ANNOUNCE GLOBAL PARTNERSHIP WITH THE HIGHLY ANTICIPATED NEW MOVIE BEETLEJUICE BEETLEJUICE WITH LIMITED-EDITION FLAVOUR - Coca-Cola  ( NYSE:KO ) ,https://www.benzinga.com/pressreleases/24/08/n40242467/fanta-and-warner-bros-pictures-announce-global-partnership-with-the-highly-anticipated-new-movie-b,"Fans of the film can now get their hands on an exclusive collection of products including a Limited-Edition Beetlejuice flavour, with more thrills to come. ATLANTA, Aug. 8, 2024 /PRNewswire/ -- Today, Fanta® and Warner Bros.",www.benzinga.com,0.202138,Somewhat-Bullish,KO,0.156258,0.184336,Somewhat-Bullish
2024-08-08 08:10:00,"The Best Warren Buffett Stocks to Buy With $3,000 Right Now",https://www.fool.com/investing/2024/08/08/the-best-warren-buffett-stocks-to-buy-with-3000-ri/,"Coca-Cola, Amazon, and Nu Holdings are promising long-term investments.",www.fool.com,0.191613,Somewhat-Bullish,KO,0.36472,0.210301,Somewhat-Bullish
2024-08-08 13:37:20,The Real Reason Behind Global Stock Carnage - Carry Trade Unwinds - Apple  ( NASDAQ:AAPL ) ,https://www.benzinga.com/economics/24/08/40254168/the-real-reason-behind-global-stock-carnage-carry-trade-unwinds,"To gain an edge, this is what you need to know today. Please click here for an enlarged chart of Invesco Currency Shares Japanese Yen Trust FXY. We have been sharing with you that sentiment had reached the extreme zone.",www.benzinga.com,0.208709,Somewhat-Bullish,KO,0.139534,0.002509,Neutral
2024-08-08 13:49:00,Monster Beverage  ( MNST )  Stock Down on Q2 Earnings & Sales Miss,https://www.zacks.com/stock/news/2319326/monster-beverage-mnst-stock-down-on-q2-earnings-sales-miss,Monster Beverage (MNST) posts soft second-quarter 2024 results. Its Monster Energy Drinks segment's sales rise 3.3% year over year.,www.zacks.com,0.176117,Somewhat-Bullish,KO,0.03478,0.047571,Neutral
2024-08-08 14:15:00,"Coca-Cola Is a Rock-Solid Dow Dividend Stock, but So Is This Dividend King That Plans to Pay $10 Billion in Dividends Over the Next Year.",https://www.fool.com/investing/2024/08/08/coca-cola-dow-dividend-stock-buy-procter-gamble/,Procter & Gamble is a dividend stock that is worth paying up for today.,www.fool.com,0.266092,Somewhat-Bullish,KO,0.040078,0.115695,Neutral
2024-08-08 19:05:00,Baltic Horizon Fund consolidated unaudited results for H1 2024,https://www.globenewswire.com/news-release/2024/08/08/2927257/0/en/Baltic-Horizon-Fund-consolidated-unaudited-results-for-H1-2024.html,Management Board of Northern Horizon Capital AS has approved the unaudited financial results of Baltic Horizon Fund ( the Fund ) for the six months of 2024.,www.globenewswire.com,0.222672,Somewhat-Bullish,KO,0.018995,0.114844,Neutral
2024-08-09 03:58:08,"From PepsiCo to P&G, India becomes next big growth bet as China lags",https://www.business-standard.com/industry/news/from-pepsico-to-p-g-india-becomes-next-big-growth-bet-as-china-lags-124080900227_1.html,"With India's economy expanding at the fastest pace among major emerging markets, companies are trying to serve its diverse palette ...",www.business-standard.com,0.246506,Somewhat-Bullish,KO,0.136113,0.223065,Somewhat-Bullish
2024-08-09 10:15:00,Warren Buffett Is Selling Stocks. Here's the Hidden Reason Why.,https://www.fool.com/investing/2024/08/09/warren-buffett-is-selling-stocks-heres-the-hidden/,He recently reduced his position in his two largest equity holdings.,www.fool.com,0.05493,Neutral,KO,0.059194,0.072059,Neutral
2024-08-09 12:00:00,1 Key Risk Facing This No-Brainer Warren Buffett Stock,https://www.fool.com/investing/2024/08/09/key-risk-facing-no-brainer-warren-buffett-stock/,This dominant enterprise has an ongoing risk that can't be ignored.,www.fool.com,0.153842,Somewhat-Bullish,KO,0.062271,0.091021,Neutral
2024-08-10 08:17:00,Prediction: This Stock Will Be Warren Buffett's Top Performer by 2030,https://www.fool.com/investing/2024/08/10/prediction-this-stock-will-be-warren-buffetts-top/,This stock has been a huge under-the-radar winner for Buffett and still has room to run.,www.fool.com,0.283772,Somewhat-Bullish,KO,0.108466,0.118314,Neutral
2024-08-10 09:15:00,"Instead Of Buying the Dip On ""Magnificent Seven"" Stocks Like Amazon, Consider This Growth Stock",https://www.fool.com/investing/2024/08/10/buy-meta-platforms-magnificent-seven-amazon-stock/,Meta Platforms continues to grow at a breakneck pace.,www.fool.com,0.296087,Somewhat-Bullish,KO,0.037213,-0.054799,Neutral
2024-08-10 09:51:00,Prediction: These Will Be Warren Buffett's Top-5 Stocks in 2025,https://www.fool.com/investing/2024/08/10/prediction-these-will-be-warren-buffetts-top-5-sto/,There could be a game of musical chairs with Buffett's top-five holdings.,www.fool.com,0.301693,Somewhat-Bullish,KO,0.186738,0.065946,Neutral
2024-08-10 10:22:00,1 Investment Is Paying Warren Buffett $14 Billion Per Year - Here's What it Is,https://www.fool.com/investing/2024/08/10/1-investment-is-paying-warren-buffett-14-billion/,There's one investment that generates more than double the income of Berkshire's entire stock portfolio.,www.fool.com,0.216622,Somewhat-Bullish,KO,0.11983,0.151946,Somewhat-Bullish
2024-08-10 16:15:00,"Prediction: After Offloading Apple, This Will Be the Next Move Warren Buffett Makes With Artificial Intelligence  ( AI )  Stocks",https://www.fool.com/investing/2024/08/10/prediction-after-offloading-apple-this-will-be-the/,Warren Buffett just sold a bunch of Apple stock.,www.fool.com,0.109263,Neutral,KO,0.051663,0.230609,Somewhat-Bullish
2024-08-11 07:00:00,Worried About the Stock Market? 1 Surefire ETF You Can't Go Wrong With,https://www.fool.com/investing/2024/08/11/worried-about-the-stock-market-1-surefire-etf-you/,The right investment can help protect your money during a downturn.,www.fool.com,0.107188,Neutral,KO,0.055492,0.0,Neutral
2024-08-12 11:59:00,"Take the Zacks Approach to Beat the Markets: New Jersey Resources, Axon, Coca-Cola in Focus",https://www.zacks.com/stock/news/2320506/take-the-zacks-approach-to-beat-the-markets-new-jersey-resources-axon-coca-cola-in-focus,"Last week, our time-tested methodologies served investors well in navigating the market. Check out some of our achievements from the past three months.",www.zacks.com,0.140643,Neutral,KO,0.063509,0.060104,Neutral
2024-08-12 15:39:33,"Berkshire Hathaway Stock Up 19% So Far In 2024: How It Stacks Up Against Warren Buffett's Averages, S&P 500 - Apple  ( NASDAQ:AAPL ) , American Express  ( NYSE:AXP ) ",https://www.benzinga.com/general/education/24/08/40317667/berkshire-hathaway-stock-up-19-so-far-in-2024-how-it-stacks-up-against-warren-buffetts-averages,Legendary investor Warren Buffett has led conglomerate Berkshire Hathaway Inc BRK BRK for decades and produced market-beating returns in many cases. Here's a look at how Berkshire Hathaway stock has performed over the last 25 years and how it's 2024 performance compares to recent years.,www.benzinga.com,0.309332,Somewhat-Bullish,KO,0.138066,0.080961,Neutral
2024-08-12 19:00:00,Composite Technology International  ( CTI )  Announces New Chief Financial Officer,https://www.benzinga.com/pressreleases/24/08/g40322003/composite-technology-international-cti-announces-new-chief-financial-officer,"SACRAMENTO, Calif., Aug. 12, 2024 ( GLOBE NEWSWIRE ) -- Composite Technology International ( CTI ) , a leader in the manufacturing of innovative building products, is pleased to announce the appointment of Janella Enajibi as the new Chief Financial Officer.",www.benzinga.com,0.438938,Bullish,KO,0.087824,0.145714,Neutral
2024-08-13 00:00:00,Is It Too Late to Buy Celsius Stock?,https://www.fool.com/investing/2024/08/12/is-it-too-late-to-buy-celsius-stock/,This high-flying stock has produced fantastic returns in recent years.,www.fool.com,0.329724,Somewhat-Bullish,KO,0.063763,-0.012081,Neutral
2024-08-13 08:07:00,"1 Unstoppable Stock Set to Join Nvidia, Apple, Microsoft, Amazon, Alphabet, and Meta in the $1 Trillion Club",https://www.fool.com/investing/2024/08/13/1-unstoppable-stock-set-to-join-nvidia-apple-micro/,"Warren Buffett's investment conglomerate, Berkshire Hathaway, could be the first non-technology company in America to join the $1 trillion club.",www.fool.com,0.303879,Somewhat-Bullish,KO,0.11983,0.169061,Somewhat-Bullish
2024-08-13 10:30:00,Want Decades of Passive Income? 3 Stocks to Buy Right Now,https://www.fool.com/investing/2024/08/13/want-decades-of-passive-income-3-stocks-to-buy-now/,"All three companies are not only proven powerhouses in their industries, but are in industries that are built to last.",www.fool.com,0.220547,Somewhat-Bullish,KO,0.117678,0.107815,Neutral
2024-08-13 10:50:00,Coca-Cola Stock Soars to a New Peak. Here's Why I'm Doubling Down.,https://www.fool.com/investing/2024/08/13/coca-cola-stock-soars-to-new-peak-heres-why-im-dou/,"If you need quality, you must be willing to pay a premium for it.",www.fool.com,0.160599,Somewhat-Bullish,KO,0.520601,0.285968,Somewhat-Bullish
2024-08-13 12:00:00,"Coca-Cola® and the OREO® Brands Become ""Besties,"" Launch Limited-Edition Drink and Cookie that Perfectly Pair Iconic Brands - Mondelez International  ( NASDAQ:MDLZ ) , Coca-Cola  ( NYSE:KO ) ",https://www.benzinga.com/pressreleases/24/08/g40335218/coca-cola-and-the-oreo-brands-become-besties-launch-limited-edition-drink-and-cookie-that-perfectl,"ATLANTA and EAST HANOVER, N.J., Aug. 13, 2024 ( GLOBE NEWSWIRE ) -- Coca-Cola® and the OREO® brands have teamed up as ""Besties"" to create two exclusive and limited-edition products: OREO® Coca-Cola™ Sandwich Cookie and Coca-Cola® OREO™ Zero Sugar Limited Edition.",www.benzinga.com,0.320637,Somewhat-Bullish,KO,0.176964,0.237115,Somewhat-Bullish
2024-08-13 21:15:00,"Stock Music Market size is set to grow by USD 650.4 million from 2024-2028, Rising adoption of subscription model boost the market, Technavio",https://www.benzinga.com/pressreleases/24/08/n40353923/stock-music-market-size-is-set-to-grow-by-usd-650-4-million-from-2024-2028-rising-adoption-of-subs,"NEW YORK, Aug. 13, 2024 /PRNewswire/ -- The global stock music market size is estimated to grow by USD 650.4 million from 2024-2028, according to Technavio. The market is estimated to grow at a CAGR of 8.09% during the forecast period.",www.benzinga.com,0.277929,Somewhat-Bullish,KO,0.049424,0.149215,Neutral
2024-08-15 03:58:00,Growth in Brand Investments Across European Football Leagues More Than Doubles in 2023-24,https://www.benzinga.com/pressreleases/24/08/n40385908/growth-in-brand-investments-across-european-football-leagues-more-than-doubles-in-2023-24,Single-club partnerships dominate as 88% of brands opt for exclusive deals,www.benzinga.com,0.385678,Bullish,KO,0.088309,0.088761,Neutral
2024-08-15 12:00:00,2 Tech Stocks to Buy Now on the Dip for AI Growth: MU and AMD,https://www.zacks.com/stock/news/2322410/2-tech-stocks-to-buy-now-on-the-dip-for-ai-growth-mu-and-amd,Exploring two great large-cap technology stocks--Micron (MU) and Advanced Micro Devices (AMD)--trading at least 30% below their highs that investors might want to buy for long-term upside across artificial intelligence and beyond.,www.zacks.com,0.241589,Somewhat-Bullish,KO,0.037681,0.13052,Neutral
2024-08-15 13:00:17,CocaCola Company  ( The )   ( KO )  Is a Trending Stock: Facts to Know Before Betting on It,https://www.zacks.com/stock/news/2322455/cocacola-company-the-ko-is-a-trending-stock-facts-to-know-before-betting-on-it,"Coca-Cola (KO) has received quite a bit of attention from Zacks.com users lately. Therefore, it is wise to be aware of the facts that can impact the stock's prospects.",www.zacks.com,0.223793,Somewhat-Bullish,KO,0.482982,0.196235,Somewhat-Bullish
2024-08-15 13:15:00,"Despite Holding No ""Magnificent Seven"" Stocks, This High-Yield Fund Is the Top-Performing Vanguard ETF in 2024",https://www.fool.com/investing/2024/08/15/no-magnificent-seven-vanguard-etf-buy-2024/,The utility sector may appeal to value and income investors.,www.fool.com,0.338165,Somewhat-Bullish,KO,0.044304,0.239747,Somewhat-Bullish
2024-08-15 15:20:00,Constellation Brands  ( STZ )  Gains From Strong Beer Business,https://www.zacks.com/stock/news/2322689/constellation-brands-stz-gains-from-strong-beer-business,"Backed by the strength in the beer business, Constellation Brands (STZ) is on track to invest in the next phase of capacity expansion in Mexico.",www.zacks.com,0.386784,Bullish,KO,0.175539,0.31892,Somewhat-Bullish
2024-08-15 15:57:13,Warren Buffett did something curious with his Apple stock holding,https://www.cnbc.com/2024/08/15/warren-buffett-did-something-curious-with-his-apple-stock-holding.html,The identical 400 million share count in Apple and Buffett's oldest and longest position Coca-Cola prompted some to believe he is done selling the tech stock.,www.cnbc.com,0.267568,Somewhat-Bullish,KO,0.613172,0.511371,Bullish
2024-08-16 09:55:00,Prediction: These Could Be the Next Big Stock Positions That Warren Buffett Sells,https://www.fool.com/investing/2024/08/16/prediction-these-could-be-the-next-big-stock-posit/,Why these two companies could be the next big positions Berkshire Hathaway looks to sell.,www.fool.com,0.076555,Neutral,KO,0.044304,0.156764,Somewhat-Bullish
2024-08-16 10:15:00,"Even Though It's the Only Vanguard Sector ETF That Is Down in 2024, I Have High Hopes for This Fund Over the Next 5 Years",https://www.fool.com/investing/2024/08/16/vanguard-etf-growth-stock-value-buy-2024/,"This sector ETF includes Tesla, Amazon, Home Depot, and plenty of other top stocks.",www.fool.com,0.167719,Somewhat-Bullish,KO,0.076602,0.003077,Neutral
2024-08-16 11:00:00,"Buffett Stocks: Why You Should Buy This Competitor, Not Buffett's Pick",https://www.fool.com/investing/2024/08/16/buffett-stocks-why-you-should-buy-this-competitor/,"PepsiCo has been a better long-term investment than Coke, and it's set to continue being a better stock to buy.",www.fool.com,0.111906,Neutral,KO,0.856646,-0.206487,Somewhat-Bearish
2024-08-16 14:37:00,"Zacks Investment Ideas feature highlights: Micron, Advanced Micro Devices and Nvidia",https://www.zacks.com/stock/news/2323223/zacks-investment-ideas-feature-highlights-micron-advanced-micro-devices-and-nvidia,"Micron, Advanced Micro Devices and Nvidia are part of the Zacks Investment Ideas article.",www.zacks.com,0.241481,Somewhat-Bullish,KO,0.03642,0.129974,Neutral
2024-08-17 09:10:00,2 Warren Buffett Dividend Stocks to Buy With $500 Right Now,https://www.fool.com/investing/2024/08/17/2-warren-buffett-dividend-stocks-buy-500-now/,Warren Buffett's Berkshire Hathaway is set to earn $870 million in passive income from these two stocks.,www.fool.com,0.373314,Bullish,KO,0.204647,0.229814,Somewhat-Bullish
2024-08-17 09:30:00,3 Stocks That Could Create Lasting Generational Wealth,https://www.fool.com/investing/2024/08/17/3-stocks-that-could-create-lasting-generational-we/,Only a small number of certain kinds of companies are able to stand up to the test of time.,www.fool.com,0.232428,Somewhat-Bullish,KO,0.113062,0.056559,Neutral
2024-08-17 10:33:00,Will Broadcom Be a Trillion-Dollar Stock by 2030?,https://www.fool.com/investing/2024/08/17/will-broadcom-be-a-trillion-dollar-stock-by-2030/,"Is Broadcom on a path to join the trillion-dollar club? The numbers suggest it's not just possible, but even quite likely.",www.fool.com,0.17492,Somewhat-Bullish,KO,0.096671,0.056269,Neutral
2024-08-17 10:50:00,3 Unstoppable Stocks to Buy for Less Than $100,https://www.fool.com/investing/2024/08/17/3-unstoppable-stocks-to-buy-for-less-than-100/,These are potentially underrated stocks to buy right now.,www.fool.com,0.347269,Somewhat-Bullish,KO,0.341699,0.417359,Bullish
2024-08-17 11:12:22,Coles SecondBite Winter Appeal raises more than $1.4 million to help feed Aussies in need,https://markets.businessinsider.com/news/stocks/coles-secondbite-winter-appeal-raises-more-than-1-4-million-to-help-feed-aussies-in-need-1033695713,National food rescue charity SecondBite has been given a $1.4 million boost from the Coles SecondBite Winter Appeal to help feed Australians in need.,markets.businessinsider.com,0.416149,Bullish,KO,0.082111,0.093851,Neutral
2024-08-18 06:15:11,"From 8 colas a day to 4 zero-alcohol beers, Egyptian exemplifies new trend",https://www.scmp.com/lifestyle/food-drink/article/3274915/middle-east-turns-non-alcoholic-beers-healthier-colas-and-not-tainted-gaza-war,"Non-alcoholic beers such as Corona Cero, Moussy and Fayrouz see growth in the Middle East, with customers viewing them as healthier than cola - and US soft-drink brands as pro-Israel amid Gaza war.",www.scmp.com,0.147361,Neutral,KO,0.129749,-0.019142,Neutral
2024-08-18 15:21:00,Could Coca-Cola Be a Millionaire-Maker Stock?,https://www.fool.com/investing/2024/08/18/could-coca-cola-be-a-millionaire-maker-stock/,"Could Coca-Cola make you a millionaire? The quick answer is yes, but only if you pay the right price.",www.fool.com,0.127656,Neutral,KO,0.724105,0.204517,Somewhat-Bullish
2024-08-19 11:12:00,"If You Bought 1 Share of Coca-Cola at Its IPO, Here's How Many Shares You Would Own Now",https://www.fool.com/investing/2024/08/19/if-you-bought-1-share-of-coca-cola-at-its-ipo-here/,You might be surprised at how many times Coca-Cola stock has split.,www.fool.com,0.270391,Somewhat-Bullish,KO,0.906716,0.506936,Bullish
2024-08-19 11:30:00,These 3 Dow Stocks Are Set to Soar in 2024 and Beyond,https://www.fool.com/investing/2024/08/19/these-3-dow-stocks-are-set-to-soar-in-2024-and/,"Each of these companies is currently underestimated, leaving their stocks undervalued.",www.fool.com,0.227208,Somewhat-Bullish,KO,0.141102,0.120469,Neutral
2024-08-19 12:50:07,Here's Why Momentum in Coca-Cola European  ( CCEP )  Should Keep going,https://www.zacks.com/stock/news/2323600/heres-why-momentum-in-coca-cola-european-ccep-should-keep-going,Coca-Cola European (CCEP) could be a solid choice for shorter-term investors looking to capitalize on the recent price trend in fundamentally sound stocks. It is one of the many stocks that passed through our shorter-term trading strategy-based screen.,www.zacks.com,0.387561,Bullish,KO,0.07423,0.081992,Neutral
2024-08-19 13:30:00,5 Dividend Growth Stocks to Buy and Hold Forever,https://www.fool.com/investing/2024/08/19/5-dividend-growth-stocks-to-buy-and-hold-forever/,"Dividend growth stocks offer investors a powerful combination of income and capital appreciation potential, making them attractive for long-term portfolios.",www.fool.com,0.601843,Bullish,KO,0.1331,0.25762,Somewhat-Bullish
2024-08-19 15:46:00,All Eyes on the Attention Economy,https://www.fool.com/investing/2024/08/19/all-eyes-on-the-attention-economy/,Reddit's looking pretty good. And big box office numbers and streaming profits can't distract investors from a slowdown in Disney's parks segment.,www.fool.com,0.185779,Somewhat-Bullish,KO,0.007807,0.062094,Neutral
2024-08-19 17:10:41,Here's Why Momentum in Coca-Cola European Should Keep Going - Coca-Cola Europacific  ( NASDAQ:CCEP ) ,https://www.benzinga.com/news/earnings/24/08/40441287/heres-why-momentum-in-coca-cola-european-should-keep-going,"When it comes to short-term investing or trading, they say ""the trend is your friend."" And there's no denying that this is the most profitable strategy. But making sure of the sustainability of a trend to profit from it is easier said than done.",www.benzinga.com,0.371858,Bullish,KO,0.077343,0.082376,Neutral
2024-08-20 01:18:31,"Robert Kennedy Jr. Says If You Want To Drink A Coke, 'Drink A Mexican Coke' - Here's Why",https://www.benzinga.com/news/24/08/40453139/robert-kennedy-jr-says-if-you-want-to-drink-a-coke-drink-a-mexican-coke-heres-why,"Independent presidential candidate Robert Kennedy Jr. recently expressed concern over the declining health of children, attributing it to harmful chemicals in everyday products. What Happened: In a conversation with Dr. Phil, Kennedy highlighted the poor health outcomes due to chronic diseases ...",www.benzinga.com,-0.034503,Neutral,KO,0.105141,0.138123,Neutral
2024-08-20 06:21:30,Infosys could earn over $100 mn from Coca-Cola's cloud deal with Microsoft,https://www.business-standard.com/companies/news/infosys-could-earn-over-100-mn-from-coca-cola-s-cloud-deal-with-microsoft-124082000338_1.html,IT service providers like Infosys can capture around 15% to 20% of cloud migration deals ...,www.business-standard.com,0.235327,Somewhat-Bullish,KO,0.596978,0.295891,Somewhat-Bullish
2024-08-20 12:22:00,Buffett Continues to Trim BAC Stake: Should You Sell the Stock?,https://www.zacks.com/stock/news/2324271/buffett-continues-to-trim-bac-stake-should-you-sell-the-stock,"Here, we are assessing whether to follow Warren Buffett and unload Bank of America (BAC) stock or pile it up at the current level to generate solid returns over time.",www.zacks.com,0.268774,Somewhat-Bullish,KO,0.031949,0.0,Neutral
2024-08-20 16:51:00,"Top Analyst Reports for Apple, NVIDIA & Coca-Cola",https://www.zacks.com/research-daily/2324434/top-analyst-reports-for-apple-nvidia-coca-cola,"Today's Research Daily features new research reports on 16 major stocks, including Apple Inc. (AAPL), NVIDIA Corporation (NVDA) and The Coca-Cola Company (KO), as well as two micro-cap stocks Star Group, L.P. (SGU) and Aware, Inc. (AWRE).",www.zacks.com,0.337638,Somewhat-Bullish,KO,0.1568,0.34379,Somewhat-Bullish
2024-08-21 05:47:34,Amul named as world's strongest food brand with $3.3 bn value in 2024,https://www.business-standard.com/companies/news/amul-named-as-world-s-strongest-food-brand-with-3-3-bn-value-in-2024-124082100239_1.html,"Amul shares its prestigious AAA+ brand strength rating with Hershey's, though the latter saw a slight 0.5% dip in brand value to $3.9 billion, placing it second after leading the list last year ...",www.business-standard.com,0.401092,Bullish,KO,0.082963,0.055845,Neutral
2024-08-21 08:57:00,"The Zacks Analyst Blog Highlights Apple, NVIDIA, Coca-Cola, Star Group and Aware",https://www.zacks.com/stock/news/2324715/the-zacks-analyst-blog-highlights-apple-nvidia-coca-cola-star-group-and-aware,"Apple, NVIDIA, Coca-Cola, Star Group and Aware are included in this Analyst Blog.",www.zacks.com,0.292523,Somewhat-Bullish,KO,0.207216,0.267367,Somewhat-Bullish
2024-08-21 09:06:00,Here Are All 45 Stocks Warren Buffett Holds for Berkshire Hathaway's $314 Billion Portfolio,https://www.fool.com/investing/2024/08/21/45-stocks-warren-buffett-hold-berkshire-hathaway/,"Despite the superficial appearance of being diversified, 79% of Berkshire Hathaway's $314 billion of invested assets can be traced to only eight brand-name holdings.",www.fool.com,0.230998,Somewhat-Bullish,KO,0.03319,0.033631,Neutral
2024-08-21 09:42:00,2 No-Brainer Warren Buffett Stocks to Buy Right Now,https://www.fool.com/investing/2024/08/21/2-no-brainer-warren-buffett-stocks-to-buy-right-no/,"His investment vehicle has a dizzying number of titles in its equity portfolio, but these two are standouts.",www.fool.com,0.250229,Somewhat-Bullish,KO,0.183546,0.200588,Somewhat-Bullish
2024-08-21 17:45:18,Looking Into Coca-Cola's Recent Short Interest - Coca-Cola  ( NYSE:KO ) ,https://www.benzinga.com/insights/short-sellers/24/08/40491814/looking-into-coca-colas-recent-short-interest,"Coca-Cola's KO short percent of float has risen 5.48% since its last report. The company recently reported that it has 33.08 million shares sold short, which is 0.77% of all regular shares that are available for trading. Based on its trading volume, it would take traders 2.58 days to cover their ...",www.benzinga.com,0.289997,Somewhat-Bullish,KO,0.212115,0.151778,Somewhat-Bullish
2024-08-21 18:00:33,"$1000 Invested In This Stock 5 Years Ago Would Be Worth $3,900 Today - Coca-Cola Consolidated  ( NASDAQ:COKE ) ",https://www.benzinga.com/insights/news/24/08/40491971/1000-invested-in-this-stock-5-years-ago-would-be-worth-3-900-today,"Coca-Cola Consolidated COKE has outperformed the market over the past 5 years by 16.65% on an annualized basis producing an average annual return of 30.96%. Currently, Coca-Cola Consolidated has a market capitalization of $11.11 billion.",www.benzinga.com,0.238974,Somewhat-Bullish,KO,0.495015,0.260848,Somewhat-Bullish
2024-08-22 04:00:28,Populations are declining - how can investors make the most of it?,https://www.ft.com/content/11d4665b-5476-40b4-ba6f-be243f3fb441,"An ageing, shrinking population will add to pressure on wages and pensions - but there are opportunities ...",www.ft.com,0.110217,Neutral,KO,0.04076,0.122832,Neutral
2024-08-22 08:41:00,3 Historically Unstoppable Dow Stocks That Have Billionaire Money Managers Headed for the Exit,https://www.fool.com/investing/2024/08/22/3-unstoppable-dow-stocks-billionaires-are-selling/,"Out of the Dow's 30 time-tested components, there are three brand-name outperformers that billionaire asset managers dumped in the June-ended quarter.",www.fool.com,0.254989,Somewhat-Bullish,KO,0.272354,0.296901,Somewhat-Bullish
2024-08-22 09:29:00,New Strong Sell Stocks for August 22nd,https://www.zacks.com/stock/news/2325368/new-strong-sell-stocks-for-august-22nd,"BW, CENT and KOF have been added to the Zacks Rank #5 (Strong Sell) List on August 22, 2024.",www.zacks.com,-0.141811,Neutral,KO,0.582526,-0.224751,Somewhat-Bearish
2024-08-22 10:43:00,"All It Takes Is $1,000 Invested in Coca-Cola and Each of These 3 Warren Buffett Dividend Stocks to Generate Over $100 in Passive Income Per Year",https://www.fool.com/investing/2024/08/22/buy-warren-buffett-dividend-stocks-passive-income/,There are plenty of ways to invest without targeting high-flying growth stocks.,www.fool.com,0.245949,Somewhat-Bullish,KO,0.149192,0.053132,Neutral
2024-08-22 13:30:00,This Company Just Became Warren Buffett's Second-Biggest Stock Holding. Is It a Buy Today?,https://www.fool.com/investing/2024/08/22/this-company-just-became-warren-buffetts-second/,Buffett has said he'll never sell this stock.,www.fool.com,0.385242,Bullish,KO,0.049424,0.258282,Somewhat-Bullish
2024-08-22 13:40:12,Is Coca-Cola Europacific Partners  ( CCEP )  Stock Outpacing Its Consumer Staples Peers This Year?,https://www.zacks.com/stock/news/2325620/is-coca-cola-europacific-partners-ccep-stock-outpacing-its-consumer-staples-peers-this-year,Here is how Coca-Cola European (CCEP) and Chefs' Warehouse (CHEF) have performed compared to their sector so far this year.,www.zacks.com,0.271404,Somewhat-Bullish,KO,0.511256,0.410353,Bullish
2024-08-22 15:30:40,Coca-Cola  ( KO )  Up 5.7% Since Last Earnings Report: Can It Continue?,https://www.zacks.com/stock/news/2325818/coca-cola-ko-up-57-since-last-earnings-report-can-it-continue,Coca-Cola (KO) reported earnings 30 days ago. What's next for the stock? We take a look at earnings estimates for some clues.,www.zacks.com,0.209742,Somewhat-Bullish,KO,0.380495,0.35638,Bullish
2024-08-22 20:15:25,Peering Into Coca-Cola Consolidated's Recent Short Interest - Coca-Cola Consolidated  ( NASDAQ:COKE ) ,https://www.benzinga.com/insights/short-sellers/24/08/40516594/peering-into-coca-cola-consolidateds-recent-short-interest,"Coca-Cola Consolidated's COKE short percent of float has risen 21.59% since its last report. The company recently reported that it has 56 thousand shares sold short, which is 1.07% of all regular shares that are available for trading.",www.benzinga.com,0.287757,Somewhat-Bullish,KO,0.309539,0.263812,Somewhat-Bullish
2024-08-23 07:05:00,Best Stock to Buy Right Now: Coca-Cola vs. PepsiCo,https://www.fool.com/investing/2024/08/23/best-stock-to-buy-right-now-coca-cola-vs-pepsico/,Which of these blue chip giants is a better safe haven investment?,www.fool.com,0.213881,Somewhat-Bullish,KO,0.674163,0.246204,Somewhat-Bullish
2024-08-23 09:06:00,62% of Warren Buffett's $314 Billion Portfolio Is Invested in These 4 Unstoppable Stocks,https://www.fool.com/investing/2024/08/23/62-warren-buffett-portfolio-invested-in-4-stocks/,"Concentration is key for the Oracle of Omaha, with $193.3 billion of Berkshire Hathaway's capital invested in four brand-name businesses.",www.fool.com,0.251525,Somewhat-Bullish,KO,0.156461,0.191431,Somewhat-Bullish
2024-08-23 09:07:00,"Viacom18 delivers historic Olympics presentation, streaming breaks records",https://www.business-standard.com/companies/news/viacom18-delivers-historic-olympics-presentation-streaming-breaks-records-124082300488_1.html,"For the first time, Olympics coverage in India was presented across 20 concurrent feeds, on JioCinema for free, as fans watched their preferred action and Indian performances ...",www.business-standard.com,0.364241,Bullish,KO,0.060388,-0.048056,Neutral
2024-08-23 10:00:00,Where Will PepsiCo Stock Be in 3 Years?,https://www.fool.com/investing/2024/08/23/where-will-pepsico-stock-be-in-3-years/,The packaged-foods giant is a stable but uninspiring investment.,www.fool.com,0.263096,Somewhat-Bullish,KO,0.303926,0.459578,Bullish
2024-08-23 10:50:30,Coca-Cola appoints Greishma Singh as market head for India Southwest Asia,https://www.business-standard.com/companies/news/coca-cola-appoints-greishma-singh-as-market-head-for-india-southwest-asia-124082300683_1.html,"Beverages major Coca-Cola on Friday said Greishma Singh has been appointed as the new market head for India Southwest Asia (INSWA) Operating Unit. Singh will succeed Arnab Roy, who was recently named the Global Category President, Coca-Cola Trademark.",www.business-standard.com,0.14943,Neutral,KO,0.885652,0.306571,Somewhat-Bullish
2024-08-23 11:10:06,Viacom18 gains the highest-ever viewership for Olympics in India,https://www.business-standard.com/companies/news/viacom18-gains-the-highest-ever-viewership-for-olympics-in-india-124082300726_1.html,"The opening ceremony was made available across Sports18 Network, Colors Network, VH1, and MTV, besides being free on ...",www.business-standard.com,0.351846,Bullish,KO,0.090474,0.006299,Neutral
2024-08-23 11:42:00,Want Decades of Passive Income? Buy This ETF and Hold It Forever,https://www.fool.com/investing/2024/08/23/want-decades-of-passive-income-buy-this-etf-and-ho/,This do-it-all fund is an excellent option for any dividend investor.,www.fool.com,0.348125,Somewhat-Bullish,KO,0.053035,0.043769,Neutral
2024-08-23 13:45:00,Warren Buffett's Biggest Bets in 2024: 40% of Berkshire Hathaway's $276.9 Billion Stock Portfolio Is Held in Just 2 Stocks,https://www.fool.com/investing/2024/08/23/warren-buffetts-biggest-bets-in-2024-billion/,"Buffett has been making some huge moves lately, and these two stocks are his company's biggest bets.",www.fool.com,0.275804,Somewhat-Bullish,KO,0.089295,0.0,Neutral
2024-08-23 17:46:00,Buffett's 3 Stock Picking Secrets,https://www.zacks.com/stock/news/2326606/buffetts-3-stock-picking-secrets,The investing legend became a billionaire by buying cheap or out-of-favor stocks and holding them for years. Tracey Ryniec highlights three secrets that can also help you find profitable value stocks at marked down prices.,www.zacks.com,0.23718,Somewhat-Bullish,KO,0.030563,0.084885,Neutral
2024-08-24 09:43:00,How Much Will Realty Income Pay Out in Dividends This Year?,https://www.fool.com/investing/2024/08/24/how-much-will-realty-income-pay-out-in-dividends-t/,The REIT's dividend payment is a lot more than you might think.,www.fool.com,0.255164,Somewhat-Bullish,KO,0.126784,0.231879,Somewhat-Bullish
2024-08-24 10:05:00,3 No-Brainer Warren Buffett Stocks to Buy Right Now,https://www.fool.com/investing/2024/08/24/3-no-brainer-warren-buffett-stocks-to-buy-right-no/,These are top stocks with strong brands that are managing through inflation.,www.fool.com,0.288618,Somewhat-Bullish,KO,0.309725,0.349788,Somewhat-Bullish
2024-08-24 22:00:00,Warren Buffett Just Dumped Apple. 3 Stocks He Should Buy Instead.,https://www.fool.com/investing/2024/08/24/warren-buffett-dump-apple-3-stocks-buy/,These alternatives to Apple all have excellent stock return prospects.,www.fool.com,0.359896,Bullish,KO,0.067536,0.16204,Somewhat-Bullish
2024-08-25 11:05:00,Where Will Coca-Cola Stock Be in 5 Years?,https://www.fool.com/investing/2024/08/25/where-will-coca-cola-stock-be-in-5-years/,This dominant beverage stock is a safe and stable enterprise.,www.fool.com,0.304828,Somewhat-Bullish,KO,0.733479,0.464824,Bullish
2024-08-25 12:15:00,This Top Warren Buffett Stock Has Only Beaten the Market in 3 of the Past 10 Years,https://www.fool.com/investing/2024/08/25/this-top-warren-buffett-stock-has-only-beaten-the/,"Coca-Cola has been an underwhelming investment over the past decade, when compared to the S&P 500.",www.fool.com,0.34932,Somewhat-Bullish,KO,0.624973,0.496881,Bullish
2024-08-26 08:25:00,The Best-Performing Dow Dividend Stock Is Up Over 43% Year to Date. Is There More Room to Run?,https://www.fool.com/investing/2024/08/26/best-performing-dow-dividend-stock-up-big-walmart/,Walmart continues to blow expectations out of the water and is showing no signs of slowing.,www.fool.com,0.26012,Somewhat-Bullish,KO,0.043658,0.175116,Somewhat-Bullish
2024-08-26 10:00:00,2 Incredible Dividend Stocks to Load Up on Right Now,https://www.fool.com/investing/2024/08/26/2-incredible-dividend-stocks-to-load-up-on-right-n/,"PepsiCo and BlackRock offer attractive yields, reasonable valuations, and strong growth prospects.",www.fool.com,0.387336,Bullish,KO,0.059049,0.0,Neutral
2024-08-26 14:38:00,Berkshire  ( BRK.B )  Trims BAC Stake: What Should Investors Know?,https://www.zacks.com/stock/news/2327114/berkshire-brkb-trims-bac-stake-what-should-investors-know,Investors who already hold Berkshire (BRK.B) shares should retain the same as it renders dynamism to the portfolio and others can wait for a better entry point.,www.zacks.com,0.226223,Somewhat-Bullish,KO,0.046907,0.111658,Neutral
2024-08-26 16:52:04,"Three High-Yield ""Dividend Champions"" to Buy Today",https://www.benzinga.com/opinion/24/08/40558556/three-high-yield-dividend-champions-to-buy-today,Most people don't think of a 2.5% dividend yield as life-changing. And it's not… at least at first. But if such a stock can grow its quarterly payouts by 10% or so each year… eventually you'll be receiving an incredible income stream.,www.benzinga.com,0.322896,Somewhat-Bullish,KO,0.389485,0.547154,Bullish
2024-08-27 00:12:00,Wall Street Analysts Love This 1 Warren Buffett Stock,https://www.fool.com/investing/2024/08/26/wall-street-analysts-love-warren-buffett-stock/,This stock can protect your portfolio without sacrificing upside potential.,www.fool.com,0.231418,Somewhat-Bullish,KO,0.050894,0.040996,Neutral
2024-08-27 08:49:00,Meet the Artificial Intelligence  ( AI )  Stock Warren Buffett Just Sold Completely -- I'm Not Surprised,https://www.fool.com/investing/2024/08/27/meet-ai-stock-warren-buffett-sold-im-not-surprised/,Snowflake looked somewhat out of place in Berkshire Hathaway's $312 billion stock portfolio.,www.fool.com,0.157125,Somewhat-Bullish,KO,0.037098,-0.091614,Neutral
2024-08-27 09:06:00,Meet Wall Street's Safest Dividend Stock: A Small-Cap Company Few Investors Know Exists,https://www.fool.com/investing/2024/08/27/meet-wall-street-safest-dividend-stock-small-cap/,This relative unknown hasn't missed a dividend payment to its shareholders in more than 200 years!,www.fool.com,0.243021,Somewhat-Bullish,KO,0.216307,0.147774,Neutral
2024-08-27 10:20:00,"If You'd Invested $10,000 in Berkshire Hathaway Stock 10 Years Ago, Here's How Much You'd Have Today",https://www.fool.com/investing/2024/08/27/if-youd-invested-10000-in-berkshire-hathaway-stock/,It's hard to go wrong investing with Warren Buffett. He's averaged annual gains near 20% for nearly 60 years.,www.fool.com,0.190095,Somewhat-Bullish,KO,0.124809,0.062016,Neutral
2024-08-27 10:45:00,Solar Coca-Cola Enhances Distribution Performance with Descartes' Routing Solution - Descartes Systems Gr  ( NASDAQ:DSGX ) ,https://www.benzinga.com/pressreleases/24/08/g40571467/solar-coca-cola-enhances-distribution-performance-with-descartes-routing-solution,"SÃO PAULO and ATLANTA, Aug. 27, 2024 ( GLOBE NEWSWIRE ) -- Descartes Systems Group DSGX DSG, the global leader in uniting logistics-intensive businesses in commerce, announced that Solar Coca-Cola, the second largest manufacturer and distributor of Coca-Cola in Brazil, is using Descartes' route ...",www.benzinga.com,0.234995,Somewhat-Bullish,KO,0.301778,0.193232,Somewhat-Bullish
2024-08-27 12:32:37,Netflix To Rally Around 9%? Here Are 10 Top Analyst Forecasts For Tuesday - Netflix  ( NASDAQ:NFLX ) ,https://www.benzinga.com/news/24/08/40574236/netflix-to-rally-around-9-here-are-10-top-analyst-forecasts-for-tuesday,"Top Wall Street analysts changed their outlook on these top names. For a complete view of all analyst rating changes, including upgrades and downgrades, please see our analyst ratings page. Truist Securities raised the price target for AvalonBay Communities, Inc. AVB from $213 to $230.",www.benzinga.com,0.175127,Somewhat-Bullish,KO,0.217508,0.197253,Somewhat-Bullish
2024-08-28 08:05:00,"Warren Buffett Has More Money Invested in This Than He Does Apple, AmEx, Bank of America, Coke, Chevron, and Oxy Combined",https://www.fool.com/investing/2024/08/28/warren-buffett-apple-amex-bank-america-chevron/,The legendary investor probably doesn't like having so much invested in this asset.,www.fool.com,0.263301,Somewhat-Bullish,KO,0.127456,0.183155,Somewhat-Bullish
2024-08-28 10:30:00,"Recycled Plastic Market is Predicted to Reach USD 180.51 Billion by 2034, Expanding at a CAGR of 7.8% | Fact.MR Report",https://www.benzinga.com/pressreleases/24/08/g40596276/recycled-plastic-market-is-predicted-to-reach-usd-180-51-billion-by-2034-expanding-at-a-cagr-of-7-,"Rockville, MD, Aug. 28, 2024 ( GLOBE NEWSWIRE ) -- According to a new industry report by Fact.MR a market research and competitive intelligence provider, the global recycled plastic market is estimated to reach a valuation of US$ 85.18 billion in 2024 and is further forecasted to touch US$ ...",www.benzinga.com,0.252248,Somewhat-Bullish,KO,0.032736,0.068551,Neutral
2024-08-28 14:03:05,3 Warren Buffett Stocks to Hold Forever,https://www.fool.com/investing/2024/08/28/3-warren-buffett-stocks-to-hold-forever/,The Oracle of Omaha is still holding onto a handful of names that would work in nearly anyone else's portfolio.,www.fool.com,0.137537,Neutral,KO,0.192081,0.079077,Neutral
2024-08-28 14:19:00,5 Stocks That Powered Dow ETFs Over the Past Week,https://www.zacks.com/stock/news/2328311/5-stocks-that-powered-dow-etfs-over-the-past-week,The Dow Jones touched record highs in the past couple of days on expectations that the Fed would soon cut interest rates.,www.zacks.com,0.215852,Somewhat-Bullish,KO,0.198628,0.139916,Neutral
2024-08-28 14:30:00,Descartes' Solutions Witness Steady Traction: Will the Stock Gain?,https://www.zacks.com/stock/news/2328393/descartes-solutions-witness-steady-traction-will-the-stock-gain,DSGX's route execution and fleet performance management solution is utilized by Solar Coca-Cola to improve distribution performance ...,www.zacks.com,0.400232,Bullish,KO,0.21258,0.30511,Somewhat-Bullish
2024-08-28 18:30:41,Smart Money Is Betting Big In Coca-Cola Options - Coca-Cola  ( NYSE:KO ) ,https://www.benzinga.com/insights/options/24/08/40609682/smart-money-is-betting-big-in-coca-cola-options,"High-rolling investors have positioned themselves bearish on Coca-Cola KO, and it's important for retail traders to take note. \This activity came to our attention today through Benzinga's tracking of publicly available options data.",www.benzinga.com,0.174159,Somewhat-Bullish,KO,0.819822,0.287445,Somewhat-Bullish
2024-08-28 21:45:17,Coca-Cola  ( KO )  Ascends While Market Falls: Some Facts to Note,https://www.zacks.com/stock/news/2328566/coca-cola-ko-ascends-while-market-falls-some-facts-to-note,"Coca-Cola (KO) concluded the recent trading session at $71.75, signifying a +0.35% move from its prior day's close.",www.zacks.com,0.170404,Somewhat-Bullish,KO,0.622414,0.142528,Neutral
2024-08-29 00:15:15,Nvidia  ( NVDA )  Q2 2025 Earnings Call Transcript,https://www.fool.com/earnings/call-transcripts/2024/08/28/nvidia-nvda-q2-2025-earnings-call-transcript/,"NVDA earnings call for the period ending June 30, 2024.",www.fool.com,0.192514,Somewhat-Bullish,KO,0.004817,0.066653,Neutral
2024-08-29 08:53:00,2 Warren Buffett Dividend Stocks to Buy Now,https://www.fool.com/investing/2024/08/29/2-warren-buffett-dividend-stocks-to-buy-now/,These top stocks are set to boost their cash payments to investors for many years to come.,www.fool.com,0.360751,Bullish,KO,0.177584,0.206869,Somewhat-Bullish
2024-08-29 11:12:00,"Only 1 Vanguard Sector ETF Is Down More Than 5% From Its 52-Week High. Here's What That Means for Investors in Value, Dividend, and Growth Stocks.",https://www.fool.com/investing/2024/08/29/vanguard-etf-buy-growth-value-dividend-stock/,"Balance, not growth, is the characteristic fueling a sustained market rally.",www.fool.com,0.20768,Somewhat-Bullish,KO,0.16099,0.225771,Somewhat-Bullish
2024-08-29 16:27:00,"KO Stock Reaches 52-Week High: Should You Buy, Hold, or Sell?",https://www.zacks.com/stock/news/2329178/ko-stock-reaches-52-week-high-should-you-buy-hold-or-sell,"After the Coca-Cola stock hits a 52-week high, we assess whether the current level warrants an opportunity to accumulate shares, hold positions or book profits.",www.zacks.com,0.319195,Somewhat-Bullish,KO,0.652252,0.541523,Bullish
2024-08-29 16:42:00,"BF.B Misses Q1 Earnings & Sales Estimates on Soft Volume, Stock Dips",https://www.zacks.com/stock/news/2329186/bfb-misses-q1-earnings-sales-estimates-on-soft-volume-stock-dips,"Brown-Forman's Q1 results reflect soft volume trends and dismal performances across brands and geographies, leading to soft sales and profitability.",www.zacks.com,-0.034017,Neutral,KO,0.028592,-0.10525,Neutral
2024-08-30 08:35:00,3 Magnificent Stocks That Created Many Millionaires and Will Continue to Make More,https://www.fool.com/investing/2024/08/30/magnificent-stocks-created-millionaires-amzn-cmg/,The right consumer-facing companies can make patient investors staggeringly rich.,www.fool.com,0.381784,Bullish,KO,0.368773,0.158841,Somewhat-Bullish
2024-08-30 11:00:00,This Warren Buffett Dividend King Stock Just Notched An All-Time High. Here's Why I Still Think Now is The Time to Buy Hand Over Fist.,https://www.fool.com/investing/2024/08/30/this-warren-buffett-dividend-king-stock-just-notch/,Coca-Cola stock is trading at an all-time high.,www.fool.com,0.30913,Somewhat-Bullish,KO,0.791876,0.454649,Bullish
2024-08-30 13:24:26,Warren Buffett leads Berkshire Hathaway to new heights at age 94,https://www.cnbc.com/2024/08/30/warren-buffett-leads-berkshire-hathaway-to-new-heights-at-age-94.html,"""It's been a matter of a well thought out strategy prosecuted for seven decades with discipline, consistency, and unusual insight,"" Oaktree's Howard Marks said.",www.cnbc.com,0.217989,Somewhat-Bullish,KO,0.043264,0.126275,Neutral
2024-08-30 17:09:00,PEP Stock Moves Mere 5% in Six Months: Time to Sell or Stay Patient?,https://www.zacks.com/stock/news/2329937/pep-stock-moves-mere-5-in-six-months-time-to-sell-or-stay-patient,PepsiCo stays on the radar as slowing North America sales cast a shadow on its near-term growth prospects. Investors look skeptical about its sparse growth.,www.zacks.com,0.158318,Somewhat-Bullish,KO,0.076602,-0.01435,Neutral
2024-08-31 12:00:00,3 Dividend Stocks to Buy Now and Hold Forever,https://www.fool.com/investing/2024/08/31/3-dividend-stocks-to-buy-now-and-hold-forever/,These companies have the financial strength to pay you passive income for life.,www.fool.com,0.305097,Somewhat-Bullish,KO,0.153715,0.248376,Somewhat-Bullish
2024-08-31 14:13:00,"Coca-Cola: Buy, Sell, or Hold?",https://www.fool.com/investing/2024/08/31/coca-cola-buy-sell-or-hold/,"Coca-Cola has been an investor favorite for decades, and for good reason. But is the soft drink giant a good stock to buy today?",www.fool.com,0.384209,Bullish,KO,0.796563,0.575468,Bullish
