time,title,url,summary,source,overall_sentiment_score,overall_sentiment_label,ticker,ticker_relevance_score,ticker_sentiment_score,ticker_sentiment_label
2024-04-01 04:01:57,"Better Than Nvidia? Top Investor Touts This Payment Firm's Durable Profits More 'Sustainable' - NVIDIA  ( NASDAQ:NVDA ) , Mastercard  ( NYSE:MA ) ",https://www.benzinga.com/news/24/04/38016407/better-than-nvidia-top-investor-touts-this-payment-firms-durable-profits-more-sustainable,A prominent investor has drawn attention to a payments firm that boasts profit margins similar to those of NVIDIA Corporation NVDA but is considered to be a more sustainable investment.,www.benzinga.com,0.329593,Somewhat-Bullish,V,0.363388,0.344484,Somewhat-Bullish
2024-04-01 21:45:18,Here's Why Visa  ( V )  Fell More Than Broader Market,https://www.zacks.com/stock/news/2248699/heres-why-visa-v-fell-more-than-broader-market,"Visa (V) closed at $278.28 in the latest trading session, marking a -0.29% move from the prior day.",www.zacks.com,0.091403,Neutral,V,0.535653,0.117853,Neutral
2024-04-02 09:06:00,Prediction: 5 Stocks That'll Be Worth More Than Artificial Intelligence  ( AI )  Stock Nvidia 3 Years From Now,https://www.fool.com/investing/2024/04/02/prediction-5-stocks-worth-more-ai-nvidia-3-years/,"Nvidia has added $1.9 trillion in market cap in 15 months. But if history rhymes and the artificial intelligence (AI) bubble bursts, five industry-leading businesses could leapfrog it in value.",www.fool.com,0.159947,Somewhat-Bullish,V,0.188402,0.163632,Somewhat-Bullish
2024-04-02 11:30:00,1 Fintech Stock to Buy Hand Over Fist and 1 to Avoid,https://www.fool.com/investing/2024/04/02/1-fintech-stock-to-buy-hand-over-fist-and-1-to-avo/,"Not all fintech stocks offer the same benefits, so choose wisely.",www.fool.com,0.287052,Somewhat-Bullish,V,0.417611,0.2875,Somewhat-Bullish
2024-04-02 15:00:38,Industry Comparison: Evaluating Visa Against Competitors In Financial Services Industry - Visa  ( NYSE:V ) ,https://www.benzinga.com/insights/news/24/04/38050156/industry-comparison-evaluating-visa-against-competitors-in-financial-services-industry,"In today's rapidly evolving and fiercely competitive business landscape, it is crucial for investors and industry analysts to conduct comprehensive company evaluations. In this article, we will undertake an in-depth industry comparison, assessing Visa V alongside its primary competitors in the ...",www.benzinga.com,0.270761,Somewhat-Bullish,V,0.56217,0.399313,Bullish
2024-04-02 15:32:00,"ACI Worldwide  ( ACIW ) , AFS Team Up to Modernize Digital Payments",https://www.zacks.com/stock/news/2249233/aci-worldwide-aciw-afs-team-up-to-modernize-digital-payments,ACI Worldwide (ACIW) partners with Arab Financial Services to modernize digital payments across the Middle East and Africa.,www.zacks.com,0.22239,Somewhat-Bullish,V,0.282234,0.248226,Somewhat-Bullish
2024-04-03 08:49:41,"Forget Reddit And Trump Media: Here's A Less Volatile Way To Cash In On Meme Stocks - Intercontinental Exchange  ( NYSE:ICE ) , Affirm Holdings  ( NASDAQ:AFRM ) ",https://www.benzinga.com/markets/equities/24/04/38063643/forget-reddit-and-trump-media-heres-a-less-volatile-way-to-cash-in-on-meme-stocks,"The recent surge in meme stocks has investors on the edge, with many looking for a less volatile way to capitalize on the trend. What Happened: Investors are exploring alternative ways to profit from meme stocks, such as those popularized by Reddit and X, formerly known as Twitter.",www.benzinga.com,0.248226,Somewhat-Bullish,V,0.200688,0.313566,Somewhat-Bullish
2024-04-03 10:20:05,Should You Invest in the Vanguard Financials ETF  ( VFH ) ?,https://www.zacks.com/stock/news/2249512/should-you-invest-in-the-vanguard-financials-etf-vfh,Sector ETF report for ...,www.zacks.com,0.13613,Neutral,V,0.140076,0.071811,Neutral
2024-04-03 10:20:07,Should You Invest in the iShares U.S. Financial Services ETF  ( IYG ) ?,https://www.zacks.com/stock/news/2249504/should-you-invest-in-the-ishares-us-financial-services-etf-iyg,Sector ETF report for ...,www.zacks.com,0.126995,Neutral,V,0.130571,-0.019214,Neutral
2024-04-03 12:14:00,Rise in Consumer Spending a Boon for These 3 Payment Stocks,https://www.zacks.com/stock/news/2249668/rise-in-consumer-spending-a-boon-for-these-3-payment-stocks,"Payment processors like American Express (AXP), Visa (V) and Mastercard (MA), which act as liaisons between consumers and merchants, stand to gain in an environment of increasing consumer outlays.",www.zacks.com,0.320416,Somewhat-Bullish,V,0.355588,0.436932,Bullish
2024-04-03 12:17:32,The 25 Best Stocks to Buy Now in April,https://www.fool.com/investing/2024/04/03/the-25-best-stocks-to-buy-now-in-april-2024/,"Whether you are looking for artificial intelligence (AI) stocks, growth stocks, or dividend stocks, this spectacular list of top stocks has something for everyone.",www.fool.com,-0.265333,Somewhat-Bearish,V,0.340915,-0.293816,Somewhat-Bearish
2024-04-03 15:37:04,Simplify Your Subscriptions: Visa's Subscription Manager Offers One-Stop Solution for Cardholders - Visa  ( NYSE:V ) ,https://www.benzinga.com/markets/equities/24/04/38072588/simplify-your-subscriptions-visas-subscription-manager-offers-one-stop-solution-for-cardholders,"Visa Inc. V disclosed the launch of Subscription Manager, which is a new, all-in-one service for financial institutions. This will provide the cardholders with a simple, convenient way to track their subscriptions.",www.benzinga.com,0.351567,Bullish,V,0.521465,0.202011,Somewhat-Bullish
2024-04-04 10:24:00,"The Zacks Analyst Blog Highlights American Express, Visa and Mastercard",https://www.zacks.com/stock/news/2250200/the-zacks-analyst-blog-highlights-american-express-visa-and-mastercard,"American Express, Visa and Mastercard are included in this Analyst Blog.",www.zacks.com,0.31133,Somewhat-Bullish,V,0.364053,0.34817,Somewhat-Bullish
2024-04-04 12:56:59,"Mastercard Set to Increase Credit Card Fees, Adding Millions in Costs for Retailers After Visa Settlement - Mastercard  ( NYSE:MA ) ",https://www.benzinga.com/news/24/04/38090169/mastercard-set-to-increase-credit-card-fees-adding-millions-in-costs-for-retailers-after-visa-settle,"Mastercard Inc MA looks to raise specific credit card fees starting April 15, a move that comes shortly after announcing a $30 billion settlement with Visa Inc V over swipe fees aimed at providing financial relief to retailers.",www.benzinga.com,0.099295,Neutral,V,0.675825,-0.022896,Neutral
2024-04-04 13:45:00,The Best Dividend Stock to Buy in April  ( 2024 ) ,https://www.fool.com/investing/2024/04/04/the-best-dividend-stock-to-buy-in-april-2024/,This dividend stock could provide passive income investors with growing dividends for several decades.,www.fool.com,-0.383535,Bearish,V,0.876064,-0.601535,Bearish
2024-04-04 15:41:00,Visa  ( V )  Launches Subscription Manager to Empower Cardholders,https://www.zacks.com/stock/news/2250622/visa-v-launches-subscription-manager-to-empower-cardholders,Visa (V) expects the global subscription market to become as big as $406 billion by the next year.,www.zacks.com,0.212713,Somewhat-Bullish,V,0.657566,0.254589,Somewhat-Bullish
2024-04-04 16:10:00,"Top Stock Reports for Visa, Home Depot & Toyota Motor",https://www.zacks.com/research-daily/2250271/top-stock-reports-for-visa-home-depot-toyota-motor,"Today's Research Daily features new research reports on 16 major stocks, including Visa Inc. (V), The Home Depot, Inc. (HD) and Toyota Motor Corporation (TM).",www.zacks.com,0.438023,Bullish,V,0.265859,0.529188,Bullish
2024-04-04 18:16:37,A Closer Look at Visa's Options Market Dynamics - Visa  ( NYSE:V ) ,https://www.benzinga.com/insights/options/24/04/38098191/a-closer-look-at-visas-options-market-dynamics,"Investors with a lot of money to spend have taken a bullish stance on Visa V. We noticed this today when the trades showed up on publicly available options history that we track here at Benzinga. Whether these are institutions or just wealthy individuals, we don't know.",www.benzinga.com,0.14766,Neutral,V,0.859898,0.302189,Somewhat-Bullish
2024-04-05 09:21:00,"2 Dow Stocks That Are No-Brainer Buys in April, and 1 to Avoid Like the Plague",https://www.fool.com/investing/2024/04/05/2-dow-stocks-no-brainer-buys-in-april-1-to-avoid/,"The Dow is comprised of 30 time-tested companies. Two of these top-notch businesses are begging to be bought by opportunistic long-term investors, while another fails to pass muster.",www.fool.com,0.103919,Neutral,V,0.260189,0.160898,Somewhat-Bullish
2024-04-05 10:18:00,"The Zacks Analyst Blog Highlights Visa, Home Depot, Toyota Motor, Applied Materials and Eaton",https://www.zacks.com/stock/news/2250860/the-zacks-analyst-blog-highlights-visa-home-depot-toyota-motor-applied-materials-and-eaton,"Visa, Home Depot, Toyota Motor, Applied Materials and Eaton are included in this Analyst Blog.",www.zacks.com,0.36927,Bullish,V,0.382925,0.401358,Bullish
2024-04-05 11:41:43,Chinese Visa scam: Court grants interim bail to three accused persons,https://www.business-standard.com/india-news/chinese-visa-scam-court-grants-interim-bail-to-three-accused-persons-124040500603_1.html,"The Enforcement Directorate ( ED ) recently filed a prosecution complaint naming Karti Chidambaram, S Bhaskararaman and several others including several firms' names as accused. Photo: Wikipedia",www.business-standard.com,-0.199829,Somewhat-Bearish,V,0.212425,-0.096038,Neutral
2024-04-05 14:04:42,Mastercard Boosts Rewards with New Brand Partnerships On The Back Of Upcoming Fee Hikes - Mastercard  ( NYSE:MA ) ,https://www.benzinga.com/news/24/04/38110715/mastercard-boosts-rewards-with-new-brand-partnerships-on-the-back-of-upcoming-fee-hikes,"On Thursday, Mastercard Inc MA unveiled new credit card benefits in collaboration with top health & wellness, travel, and lifestyle brands, aiming to combine daily necessities with enriching experiences.",www.benzinga.com,0.479744,Bullish,V,0.19661,0.215367,Somewhat-Bullish
2024-04-05 15:58:00,"Visa  ( V ) , Skipify Unite to Simplify Online Checkout Experience",https://www.zacks.com/stock/news/2251331/visa-v-skipify-unite-to-simplify-online-checkout-experience,Visa (V) and Skipify collaborate to enhance customer checkout experience through the latter's Connected Wallet.,www.zacks.com,0.301689,Somewhat-Bullish,V,0.701875,0.482912,Bullish
2024-04-05 16:09:46,"Visa Teams Up With Skipify 'To Enrich Consumer Experiences,' Shares Rise - Visa  ( NYSE:V ) ",https://www.benzinga.com/markets/equities/24/04/38113326/visa-teams-up-with-skipify-to-enrich-consumer-experiences-shares-rise,"Visa Inc. V shares are trading higher on Friday. The company partnered with Skipify to boost the reach and capabilities of Skipify's connected wallet. With this agreement, Skipify aims to reinvent how consumers transact, leveraging technologies to simplify and accelerate the payment process.",www.benzinga.com,0.471428,Bullish,V,0.719473,0.769163,Bullish
2024-04-05 21:22:10,How Investors Can Protect Themselves From the Hidden DeFi Costs in 2024,https://www.benzinga.com/markets/cryptocurrency/24/04/38058815/how-investors-can-protect-themselves-from-the-hidden-defi-costs-in-2024,"DeFi offers exciting possibilities, but, beyond the upfront gas fees, there are hidden costs that can significantly eat into your potential returns. Unlike traditional payment processors like Visa V and Mastercard MA with fixed fees, smart contract blockchains operate differently.",www.benzinga.com,0.246659,Somewhat-Bullish,V,0.114682,0.068943,Neutral
2024-04-06 11:00:00,"Shipping Logistics, Credit Card Fees, and a Crypto Eyebrow-Raiser",https://www.fool.com/investing/2024/04/06/shipping-logistics-credit-card-fees-and-a-crypto-e/,"And Kara Swisher chats about her new bestseller, ""Burn Book."" ...",www.fool.com,0.081187,Neutral,V,0.075635,0.021436,Neutral
2024-04-07 11:00:00,3 No-Brainer Billionaire-Owned Stocks to Buy Right Now,https://www.fool.com/investing/2024/04/07/3-no-brainer-billionaire-owned-stocks-to-buy-right/,These companies are thriving as they expand their global reach and competitive advantages.,www.fool.com,0.33658,Somewhat-Bullish,V,0.3038,0.334463,Somewhat-Bullish
2024-04-07 13:44:00,Will Visa Be a Trillion-Dollar Stock by 2035?,https://www.fool.com/investing/2024/04/07/will-visa-be-a-trillion-dollar-stock-by-2035/,There is one big reason to believe Visa will become the market's next trillion-dollar company.,www.fool.com,0.380101,Bullish,V,0.706644,0.577229,Bullish
2024-04-08 13:00:15,Visa Inc.  ( V )  is Attracting Investor Attention: Here is What You Should Know,https://www.zacks.com/stock/news/2251763/visa-inc-v-is-attracting-investor-attention-here-is-what-you-should-know,"Visa (V) has received quite a bit of attention from Zacks.com users lately. Therefore, it is wise to be aware of the facts that can impact the stock's prospects.",www.zacks.com,0.228397,Somewhat-Bullish,V,0.484798,0.158311,Somewhat-Bullish
2024-04-09 08:41:00,Prediction: 5 Game-Changing Stocks That'll Reach a $1 Trillion Valuation Before 2030,https://www.fool.com/investing/2024/04/09/prediction-5-stocks-reach-1-trillion-before-2030/,Five innovation-driven companies have the tools and intangibles needed to join the exclusive trillion-dollar club before the turn of the decade.,www.fool.com,0.308435,Somewhat-Bullish,V,0.212514,0.203414,Somewhat-Bullish
2024-04-09 11:02:00,Coast featured in new Visa white paper on innovation in fleet cards,https://www.prnewswire.com/news-releases/coast-featured-in-new-visa-white-paper-on-innovation-in-fleet-cards-302111105.html,The digital payments leader examines Coast's offerings and how they are revolutionizing the fleet card management industry,www.prnewswire.com,0.253941,Somewhat-Bullish,V,0.046543,0.129494,Neutral
2024-04-09 11:45:00,Is Visa Stock a Buy?,https://www.fool.com/investing/2024/04/09/is-visa-stock-a-buy/,Investors can look at two key areas to understand why this is a great business.,www.fool.com,0.388879,Bullish,V,0.754041,0.604981,Bullish
2024-04-09 16:52:00,Here's Why You Should Retain Visa  ( V )  Stock in Your Portfolio,https://www.zacks.com/stock/news/2252885/heres-why-you-should-retain-visa-v-stock-in-your-portfolio,Visa (V) is expected to gain from rising transaction volumes and increasing cross-border travel.,www.zacks.com,0.374767,Bullish,V,0.583495,0.577464,Bullish
2024-04-09 21:45:19,Visa  ( V )  Stock Slides as Market Rises: Facts to Know Before You Trade,https://www.zacks.com/stock/news/2252926/visa-v-stock-slides-as-market-rises-facts-to-know-before-you-trade,"In the most recent trading session, Visa (V) closed at $276.72, indicating a -0.37% shift from the previous trading day.",www.zacks.com,0.219522,Somewhat-Bullish,V,0.461006,0.272542,Somewhat-Bullish
2024-04-10 11:55:00,"Mastercard: Buy, Sell, or Hold?",https://www.fool.com/investing/2024/04/10/mastercard-stock-buy-sell-or-hold/,There are compelling arguments on all sides of the table when it comes to this card payments leader.,www.fool.com,0.252083,Somewhat-Bullish,V,0.141726,0.201234,Somewhat-Bullish
2024-04-10 12:45:09,"Mastercard Revamps Structure for Growth, New Teams to Drive Core Payments and Services - Mastercard  ( NYSE:MA ) ",https://www.benzinga.com/news/24/04/38181568/mastercard-revamps-structure-for-growth-new-teams-to-drive-core-payments-and-services,"On Tuesday, Mastercard Inc MA unveiled a strategic realignment of its teams to focus on Core Payments, Commercial and new Payment Flows, and Services. This organizational shift aims to hasten growth and enhance stakeholder value by speeding up execution and enriching partner and customer offerings.",www.benzinga.com,0.386039,Bullish,V,0.188193,0.181952,Somewhat-Bullish
2024-04-10 17:20:40,Visa  ( V )  Stock Slides as Market Rises: Facts to Know Before You Trade - Visa  ( NYSE:V ) ,https://www.benzinga.com/news/24/04/38174472/visa-v-stock-slides-as-market-rises-facts-to-know-before-you-trade,"The most recent trading session ended with Visa V standing at $276.72, reflecting a -0.37% shift from the previouse trading day's closing. This change lagged the S&P 500's daily gain of 0.15%. Elsewhere, the Dow saw a downswing of 0.02%, while the tech-heavy Nasdaq appreciated by 0.32%.",www.benzinga.com,0.237839,Somewhat-Bullish,V,0.434763,0.268059,Somewhat-Bullish
2024-04-11 10:05:00,3 Spectacular Warren Buffett Stocks to Buy Now and Hold Forever,https://www.fool.com/investing/2024/04/11/3-spectacular-warren-buffett-stocks-to-buy-now-and/,Warren Buffett is arguably the greatest investor of all time.,www.fool.com,-0.207799,Somewhat-Bearish,V,0.481177,-0.440691,Bearish
2024-04-11 13:00:00,Borderless AI Appoints Former Visa and PayPal Executive Leonard Shen to Board of Advisors to Support Growth,https://www.newswire.ca/news-releases/borderless-ai-appoints-former-visa-and-paypal-executive-leonard-shen-to-board-of-advisors-to-support-growth-898630818.html,"Shen brings decades of experience in compliance and ethics to the company, strengthening its market position and enhancing company global compliance expertise in the Employer of Record space",www.newswire.ca,0.169562,Somewhat-Bullish,V,0.057907,0.013029,Neutral
2024-04-11 13:10:00,"Discover  ( DFS ) , Google Cloud Team Up to Boost Customer Service",https://www.zacks.com/stock/news/2253831/discover-dfs-google-cloud-team-up-to-boost-customer-service,"Discover Financial (DFS) will leverage Vertex AI, Google Cloud's AI platform, to equip its around 10,000 contact center agents with gen AI-driven tools.",www.zacks.com,0.316954,Somewhat-Bullish,V,0.532043,0.40975,Bullish
2024-04-12 09:00:00,Al Gore's Hedge Fund Loves This $445 Billion Stock,https://www.fool.com/investing/2024/04/12/al-gore-hedge-fund-loves-this-stock/,Mastercard is a stock that can continue to beat the market for decades.,www.fool.com,0.316139,Somewhat-Bullish,V,0.054983,0.247964,Somewhat-Bullish
2024-04-12 09:06:00,Here Are All 27 of Warren Buffett's Billion-Dollar Bets in Berkshire Hathaway's $370 Billion Portfolio,https://www.fool.com/investing/2024/04/12/all-27-warren-buffett-billion-dollar-bet-berkshire/,Portfolio concentration has played a big role in Berkshire Hathaway's long-term outperformance.,www.fool.com,0.266115,Somewhat-Bullish,V,0.130453,0.081258,Neutral
2024-04-12 14:45:58,1 Wall Street Analyst Thinks Visa Stock Is Going to $320. Is It a Buy at Around $276?,https://www.fool.com/investing/2024/04/12/wall-street-analyst-visa-stock-go-320-buy/,Visa's leading global payments network appears underappreciated.,www.fool.com,0.334772,Somewhat-Bullish,V,0.688096,0.328446,Somewhat-Bullish
2024-04-12 15:33:56,What the Options Market Tells Us About Visa - Visa  ( NYSE:V ) ,https://www.benzinga.com/insights/options/24/04/38223280/what-the-options-market-tells-us-about-visa,"Whales with a lot of money to spend have taken a noticeably bearish stance on Visa. Looking at options history for Visa V we detected 10 trades. If we consider the specifics of each trade, it is accurate to state that 20% of the investors opened trades with bullish expectations and 80% with ...",www.benzinga.com,0.117543,Neutral,V,0.804375,0.205512,Somewhat-Bullish
2024-04-13 07:19:00,3 Reasons This Blue Chip Stock Is a No-Stress Buy,https://www.fool.com/investing/2024/04/13/3-reasons-this-blue-chip-stock-is-a-no-stress-buy/,"Visa dominates its space, which can give its shareholders long-term peace of mind.",www.fool.com,0.212161,Somewhat-Bullish,V,0.669433,0.419841,Bullish
2024-04-14 07:30:00,3 No-Brainer Money-Related Stocks to Buy Right Now for Less Than $500,https://www.fool.com/investing/2024/04/14/3-no-brainer-money-stocks-to-buy-right-now-for-les/,These companies are redefining how a handful of different money businesses work.,www.fool.com,0.224011,Somewhat-Bullish,V,0.170395,0.203807,Somewhat-Bullish
2024-04-14 08:41:00,4 Exceptional Growth Stocks You'll Regret Not Buying in the New Nasdaq Bull Market,https://www.fool.com/investing/2024/04/14/nasdaq-bull-market-4-growth-stocks-regret-not-buy/,"Amazing deals can still be found by opportunistic investors, even with the Nasdaq Composite reaching new heights.",www.fool.com,0.238086,Somewhat-Bullish,V,0.190739,0.068271,Neutral
2024-04-15 07:00:00,Stocks Generating Improved Relative Strength: Visa Cl A,https://www.investors.com/ibd-data-stories/stocks-generating-improved-relative-strength-visa-cl-a/,"Visa Cl A ( V ) had its Relative Strength ( RS ) Rating upgraded from 68 to 71 Monday - a welcome improvement, but still shy of the 80 or higher score you prefer to see. X IBD's unique rating tracks price movement with a 1 ( worst ) to 99 ( best ) score.",www.investors.com,0.370259,Bullish,V,0.751437,0.488556,Bullish
2024-04-15 14:29:00,5 Financial Transaction Stocks to Watch Amid a Growing Digital Era,https://www.zacks.com/commentary/2255063/5-financial-transaction-stocks-to-watch-amid-a-growing-digital-era,"An advanced digital solutions portfolio, strong wage gains and pursuit of the M&A strategy may drive the Financial Transaction Services space. Stocks like V, MA, FI, FIS and GPN are poised to benefit from the favorable industry trends.",www.zacks.com,0.325832,Somewhat-Bullish,V,0.197614,0.21865,Somewhat-Bullish
2024-04-15 17:30:29,$100 Invested In Visa 15 Years Ago Would Be Worth This Much Today - Visa  ( NYSE:V ) ,https://www.benzinga.com/insights/news/24/04/38254615/100-invested-in-visa-15-years-ago-would-be-worth-this-much-today,"Visa V has outperformed the market over the past 15 years by 8.86% on an annualized basis producing an average annual return of 21.53%. Currently, Visa has a market capitalization of $553.43 billion.",www.benzinga.com,0.238974,Somewhat-Bullish,V,0.95919,0.384695,Bullish
2024-04-15 20:35:07,"5 Financial Transaction Stocks to Watch Amid a Growing Digital Era - Fidelity National Info  ( NYSE:FIS ) , Fiserv  ( NYSE:FI ) ",https://www.benzinga.com/fintech/24/04/38252493/5-financial-transaction-stocks-to-watch-amid-a-growing-digital-era,"The Financial Transaction Services industry is likely to be aided by the widespread adoption of digital means. To capitalize on the trend, the industry players remain equipped with efficient digital solutions suite built on collaborations and technology investments.",www.benzinga.com,0.334563,Somewhat-Bullish,V,0.193465,0.239462,Somewhat-Bullish
2024-04-15 21:45:21,Why Visa  ( V )  Dipped More Than Broader Market Today,https://www.zacks.com/stock/news/2255633/why-visa-v-dipped-more-than-broader-market-today,"Visa (V) reachead $271.28 at the closing of the latest trading day, reflecting a -1.7% change compared to its last close.",www.zacks.com,0.068543,Neutral,V,0.517534,0.128779,Neutral
2024-04-16 08:59:00,"Zacks Industry Outlook Highlights Visa, Mastercard, Fiserv, Fidelity National Information Services and Global Payments",https://www.zacks.com/stock/news/2255730/zacks-industry-outlook-highlights-visa-mastercard-fiserv-fidelity-national-information-services-and-global-payments,"Visa, Mastercard, Fiserv, Fidelity National Information Services and Global Payments have been highlighted in this Industry Outlook article.",www.zacks.com,0.332175,Somewhat-Bullish,V,0.214514,0.192262,Somewhat-Bullish
2024-04-16 11:59:28,"Companies Like SHEIN Are Working With Airwallex - Here's Why, & How It Could Help Your Business - Shopify  ( NYSE:SHOP ) , Amazon.com  ( NASDAQ:AMZN ) ",https://www.benzinga.com/partner/emerging-markets/24/04/38267320/companies-like-shein-are-working-with-airwallex-heres-why-how-it-could-help-your-busines,"Thanks to the proliferation of social media and e-commerce, small businesses are no longer local players but can cater to customers across the globe.",www.benzinga.com,0.221684,Somewhat-Bullish,V,0.070621,0.092845,Neutral
2024-04-16 12:00:00,AMERISERV FINANCIAL REPORTS EARNINGS FOR THE FIRST QUARTER OF 2024,https://www.prnewswire.com/news-releases/ameriserv-financial-reports-earnings-for-the-first-quarter-of-2024-302117130.html,"Net Income Up 25.7% Compared to First Quarter of 2023 JOHNSTOWN, Pa., April 16, 2024 /PRNewswire/ -- AmeriServ Financial, Inc. ( NASDAQ: ASRV ) today reported first quarter 2024 net income of $1,904,000, or $0.11 per diluted common share.",www.prnewswire.com,0.296143,Somewhat-Bullish,V,0.022336,0.146077,Neutral
2024-04-16 15:00:44,Understanding Visa's Position In Financial Services Industry Compared To Competitors - Visa  ( NYSE:V ) ,https://www.benzinga.com/insights/news/24/04/38273612/understanding-visas-position-in-financial-services-industry-compared-to-competitors,"In the dynamic and cutthroat world of business, conducting thorough company analysis is essential for investors and industry experts. In this article, we will undertake a comprehensive industry comparison, evaluating Visa V and its primary competitors in the Financial Services industry.",www.benzinga.com,0.241109,Somewhat-Bullish,V,0.572873,0.326158,Somewhat-Bullish
2024-04-16 17:05:51,Why Visa Dipped More Than Broader Market Today - Visa  ( NYSE:V ) ,https://www.benzinga.com/news/24/04/38261070/why-visa-dipped-more-than-broader-market-today,"In the latest market close, Visa V reached $271.28, with a -1.7% movement compared to the previous day. This change lagged the S&P 500's 1.2% loss on the day. Elsewhere, the Dow saw a downswing of 0.65%, while the tech-heavy Nasdaq depreciated by 1.79%.",www.benzinga.com,0.092199,Neutral,V,0.489659,0.124568,Neutral
2024-04-17 11:47:00,Here's How Much Stock Visa Repurchased in the Past Year,https://www.fool.com/investing/2024/04/17/heres-how-much-stock-visa-repurchased-in-the-past/,Hint: The answer is in the 11-figure range annually.,www.fool.com,0.174418,Somewhat-Bullish,V,0.756001,0.306082,Somewhat-Bullish
2024-04-17 12:21:44,Visa To Rally Around 18%? Here Are 10 Top Analyst Forecasts For Wednesday - Visa  ( NYSE:V ) ,https://www.benzinga.com/news/24/04/38289868/visa-to-rally-around-18-here-are-10-top-analyst-forecasts-for-wednesday,"Top Wall Street analysts changed their outlook on these top names. For a complete view of all analyst rating changes, including upgrades and downgrades, please see our analyst ratings page. HC Wainwright & Co. cut the price target for Unity Biotechnology, Inc. UBX from $10 to $8.",www.benzinga.com,0.101831,Neutral,V,0.221481,0.320782,Somewhat-Bullish
2024-04-17 12:50:11,These 2 Business Services Stocks Could Beat Earnings: Why They Should Be on Your Radar,https://www.zacks.com/stock/news/2256618/these-2-business-services-stocks-could-beat-earnings-why-they-should-be-on-your-radar,Why investors should use the Zacks Earnings ESP tool to help find stocks that are poised to top quarterly earnings estimates.,www.zacks.com,0.383071,Bullish,V,0.388879,0.391711,Bullish
2024-04-17 15:58:00,Can Higher Operating Costs Affect Visa's  ( V )  Q2 Earnings Growth?,https://www.zacks.com/stock/news/2257076/can-higher-operating-costs-affect-visas-v-q2-earnings-growth,Visa's (V) second-quarter fiscal 2024 results are likely to reflect a rise in payment volumes and processed transactions.,www.zacks.com,0.266297,Somewhat-Bullish,V,0.315325,0.167724,Somewhat-Bullish
2024-04-17 16:10:14,Why Visa  ( V )  is Poised to Beat Earnings Estimates Again,https://www.zacks.com/stock/news/2257125/why-visa-v-is-poised-to-beat-earnings-estimates-again,Visa (V) has an impressive earnings surprise history and currently possesses the right combination of the two key ingredients for a likely beat in its next quarterly report.,www.zacks.com,0.303667,Somewhat-Bullish,V,0.420083,0.459803,Bullish
2024-04-17 20:39:04,"Discover Financial Q1 Earnings Highlights: Revenue Beat, Charge-Offs Rise, Merger Update And More - Discover Finl  ( NYSE:DFS ) ",https://www.benzinga.com/news/earnings/24/04/38302779/discover-financial-q1-earnings-highlights-revenue-beat-charge-offs-rise-merger-update-and-more,"Banking and credit card company Discover Financial Services DFS reported first-quarter financial results after market close Wednesday. What Happened: Discover Financial reported first-quarter revenue of $4.21 billion, net of interest expense, which was up 13% year-over-year.",www.benzinga.com,0.253015,Somewhat-Bullish,V,0.100308,0.100554,Neutral
2024-04-18 12:37:00,5 Blue-Chip Stocks Set to Beat on Earnings Results This Month,https://www.zacks.com/stock/news/2257609/5-blue-chip-stocks-set-to-beat-on-earnings-results-this-month,"We have narrowed our search to five Dow stocks that are poised to beat on earnings results this month. These are: CAT, AXP, HON, V, DOW.",www.zacks.com,0.342164,Somewhat-Bullish,V,0.265172,0.34804,Somewhat-Bullish
2024-04-18 13:15:24,Gear Up for Visa  ( V )  Q2 Earnings: Wall Street Estimates for Key Metrics,https://www.zacks.com/stock/news/2257523/gear-up-for-visa-v-q2-earnings-wall-street-estimates-for-key-metrics,Get a deeper insight into the potential performance of Visa (V) for the quarter ended March 2024 by going beyond Wall Street's top -and-bottom-line estimates and examining the estimates for some of its key metrics.,www.zacks.com,0.13344,Neutral,V,0.342803,0.189165,Somewhat-Bullish
2024-04-18 14:01:48,FirstCash Holdings  ( FCFS )  to Report Q1 Results: Wall Street Expects Earnings Growth,https://www.zacks.com/stock/news/2257740/firstcash-holdings-fcfs-to-report-q1-results-wall-street-expects-earnings-growth,FirstCash (FCFS) possesses the right combination of the two key ingredients for a likely earnings beat in its upcoming report. Get prepared with the key expectations.,www.zacks.com,0.190548,Somewhat-Bullish,V,0.177475,0.04798,Neutral
2024-04-18 17:46:43,Unpacking the Latest Options Trading Trends in Visa - Visa  ( NYSE:V ) ,https://www.benzinga.com/insights/options/24/04/38321250/unpacking-the-latest-options-trading-trends-in-visa,"Deep-pocketed investors have adopted a bearish approach towards Visa V, and it's something market players shouldn't ignore. Our tracking of public options records at Benzinga unveiled this significant move today.",www.benzinga.com,0.177849,Somewhat-Bullish,V,0.876707,0.363821,Bullish
2024-04-19 07:00:00,"Three Stocks: Netflix, Super Micro Computer, and American Express",https://moneymorning.com/2024/04/19/three-stocks-netflix-super-micro-computer-and-american-express/,"Netflix ( NFLX ) shares are having their worst day in more than a year after the company's earnings report last night. The results were in line with analysts' expectations, but management's lower guidance for the next quarter has investors spooked.",moneymorning.com,0.092173,Neutral,V,0.165598,0.198016,Somewhat-Bullish
2024-04-19 10:00:00,"The Zacks Analyst Blog Highlights Caterpillar, Honeywell, Visa and Dow",https://www.zacks.com/stock/news/2258176/the-zacks-analyst-blog-highlights-caterpillar-honeywell-visa-and-dow,"Caterpillar, Honeywell, Visa and Dow are included in this Analyst Blog.",www.zacks.com,0.333332,Somewhat-Bullish,V,0.320974,0.27973,Somewhat-Bullish
2024-04-19 13:00:16,Investors Heavily Search Visa Inc.  ( V ) : Here is What You Need to Know,https://www.zacks.com/stock/news/2258318/investors-heavily-search-visa-inc-v-here-is-what-you-need-to-know,"Recently, Zacks.com users have been paying close attention to Visa (V). This makes it worthwhile to examine what the stock has in store.",www.zacks.com,0.224264,Somewhat-Bullish,V,0.486627,0.131838,Neutral
2024-04-19 20:18:47,"Three Stocks: Netflix, Super Micro Computer, and American Express",https://moneymorning.com/2024/04/19/three-stocks-netflix-super-micro-computer-and-american-express/,"Netflix ( NFLX ) shares are having their worst day in more than a year after the company's earnings report last night. The results were in line with analysts' expectations, but management's lower guidance for the next quarter has investors spooked.",moneymorning.com,0.092173,Neutral,V,0.165598,0.198016,Somewhat-Bullish
2024-04-19 21:44:00,"Tesla, Microsoft, Boeing, Google, Meta Headline A Big Earnings Week",https://www.investors.com/research/investing-action-plan/stock-market-action-plan-tesla-microsoft-headline-earnings-week/,"Concerns of spiraling conflict between Iran and Iraq helped twist the past week's stock market into a very mixed finish. As a result, IBD's Stock Market Exposure guide downshifted to its lowest level at the end of the week.",www.investors.com,0.104528,Neutral,V,0.066877,0.035365,Neutral
2024-04-21 07:11:00,Bull Market Buys: 3 Dow Stocks to Own for the Long Run,https://www.fool.com/investing/2024/04/21/bull-market-buys-3-dow-stocks-to-own-for-the-long/,"If you don't know where to begin your search for long-term blue chip holdings, the 30 stocks that make up the Dow Jones Industrial Average are a great starting point.",www.fool.com,0.264336,Somewhat-Bullish,V,0.160205,0.163223,Somewhat-Bullish
2024-04-21 21:45:15,"Can Magnificent 7 Help Script Market Turnaround? Earnings Pick Up Pace With Microsoft, Meta, Alphabet And Tesla Expected This Week - Invesco QQQ Trust, Series 1  ( NASDAQ:QQQ ) , SPDR S&P 500  ( ARCA:SPY ) ",https://www.benzinga.com/analyst-ratings/analyst-color/24/04/38349204/can-magnificent-7-help-script-market-turnaround-earnings-pick-up-pace-with-microsof,"As the market runs into rough weather, the importance of the upcoming week's earnings cannot be emphasized enough. A lot is riding on the earnings reports of companies like Tesla, Inc. TSLA, Meta Platforms, Inc. META, Microsoft Corp. MSFT and Alphabet, Inc. GOOGL ( GOOG ) .",www.benzinga.com,0.145082,Neutral,V,0.075161,-0.083782,Neutral
2024-04-22 09:21:00,"It's Time to Ditch These 2 ""Magnificent Seven"" Stocks and Replace Them With 2 Bona Fide Outperformers",https://www.fool.com/investing/2024/04/22/its-time-to-ditch-these-2-magnificent-seven-stocks/,"Among Microsoft, Apple, Nvidia, Alphabet, Amazon, Meta Platforms, and Tesla, there are two former highfliers that are no longer magnificent.",www.fool.com,0.246906,Somewhat-Bullish,V,0.286528,0.385204,Bullish
2024-04-22 10:00:00,Prediction: 2 Magnificent Stocks That Will Reach a $1 Trillion Valuation Before 2030,https://www.fool.com/investing/2024/04/22/prediction-2-magnificent-stocks-thatll-reach-a-1-t/,These two great businesses are set to join an exclusive club.,www.fool.com,0.334571,Somewhat-Bullish,V,0.592742,0.302989,Somewhat-Bullish
2024-04-22 12:52:00,Is a Surprise Coming for Visa  ( V )  This Earnings Season?,https://www.zacks.com/stock/news/2259129/is-a-surprise-coming-for-visa-v-this-earnings-season,Visa (V) is seeing favorable earnings estimate revision activity and has a positive Zacks Earnings ESP heading into earnings season.,www.zacks.com,0.463498,Bullish,V,0.906257,0.608664,Bullish
2024-04-22 13:39:22,Visa Stock Chart Suggests Bearish Momentum Ahead Of Q2 Earnings Visa Stock: Bearish Momentum Ahead Of Q2 Earnings - Visa  ( NYSE:V ) ,https://www.benzinga.com/analyst-ratings/analyst-color/24/04/38357276/visa-stock-chart-suggests-bearish-momentum-ahead-of-q2-earnings,"Visa Inc V, will be reporting its second-quarter earnings on Tuesday. Wall Street expects $2.44 in EPS and $8.62 billion in revenues as the company reports after market hours. The company has been delivering an earnings beat over the last four quarters.",www.benzinga.com,0.040568,Neutral,V,0.502693,0.080933,Neutral
2024-04-22 14:29:00,Busy Week Hoping to Shake Some Life into Markets,https://www.zacks.com/stock/news/2259354/busy-week-hoping-to-shake-some-life-into-markets,"Much of what concerns us will have been addressed by the end of the week, including important economic reports and Q1 earnings season hitting a higher gear.",www.zacks.com,0.026046,Neutral,V,0.149656,0.022673,Neutral
2024-04-22 14:50:00,Q1 Earnings Season Gathers Pace,https://www.zacks.com/stock/news/2259374/q1-earnings-season-gathers-pace,"We again have an eventful week for the stock market. As the S&P 500 tries to shake its three-week losing streak, we see sky-high valuations and record-high closings have given way to a more concerned, meditative trading sentiment.",www.zacks.com,0.028436,Neutral,V,0.154455,0.023114,Neutral
2024-04-22 16:17:00,What to Do With ServiceNow  ( NOW )  Stock Ahead of Q1 Earnings?,https://www.zacks.com/stock/news/2259500/what-to-do-with-servicenow-now-stock-ahead-of-q1-earnings,ServiceNow's (NOW) first-quarter 2024 results are likely to reflect gains from an expanding partner base and a solid generative AI portfolio amid a challenging macroeconomic environment.,www.zacks.com,0.258082,Somewhat-Bullish,V,0.230782,-0.070885,Neutral
2024-04-22 18:16:36,"Stocks Set To Snap Worst Losing Streak In Nearly 2 Years, Gold Sinks, Bitcoin Reclaims $66,000: What's Driving Markets Monday? - Cardinal Health  ( NYSE:CAH ) ",https://www.benzinga.com/markets/cryptocurrency/24/04/38363493/stocks-set-to-snap-worst-losing-streak-in-nearly-2-years-gold-sinks-bitcoin-reclaims-66-00,"U.S. stocks are poised to break a six-day losing streak, marking the end of the longest downward trend since September 2022. At noon trading in New York on Monday, major indices all traded higher, indicating modest gains, as investors prepare for a week jam-packed with pivotal earnings reports ...",www.benzinga.com,-0.019586,Neutral,V,0.151064,0.069897,Neutral
2024-04-22 18:31:47,"Stocks Set To Snap Worst Losing Streak In Nearly 2 Years, Gold Sinks, Bitcoin Reclaims $66,000: What's Driving Markets Monday?",https://markets.businessinsider.com/news/stocks/stocks-set-to-snap-worst-losing-streak-in-nearly-2-years-gold-sinks-bitcoin-reclaims-66-000-what-s-driving-markets-monday-1033272479,"Stocks Set To Snap Worst Losing Streak In Nearly 2 Years, Gold Sinks, Bitcoin Reclaims $66000: What's Driving ... - Markets Insider ...",markets.businessinsider.com,-0.038977,Neutral,V,0.081552,0.06312,Neutral
2024-04-23 06:48:33,"Investor Optimism Improves, But Fear & Greed Index Remains In 'Fear' Zone - General Motors  ( NYSE:GM ) , PepsiCo  ( NASDAQ:PEP ) ",https://www.benzinga.com/news/24/04/38370585/investor-optimism-improves-but-fear-greed-index-remains-in-fear-zone,"The CNN Money Fear and Greed index showed some improvement in the overall market sentiment, while the index remained in the ""Fear"" zone on Monday. U.S. stocks closed higher on Monday, with the S&P 500 snapping a six-session losing streak.",www.benzinga.com,-0.093938,Neutral,V,0.258351,0.0,Neutral
2024-04-23 09:47:08,Visa Likely To Report Higher Q2 Earnings; Here Are The Recent Forecast Changes From Wall Street's Most Accurate Analysts - Visa  ( NYSE:V ) ,https://www.benzinga.com/news/earnings/24/04/38373523/visa-likely-to-report-higher-q2-earnings-here-are-the-recent-forecast-changes-from-wall-streets-mos,"Visa Inc. V is set to release earnings results for its second quarter after the closing bell on April 23, 2024. Analysts expect the San Francisco, California-based company to report quarterly earnings at $2.44 per share, up from $2.09 per share in the year-ago period.",www.benzinga.com,0.150352,Somewhat-Bullish,V,0.644033,0.362891,Bullish
2024-04-23 10:20:06,Should You Invest in the Fidelity MSCI Financials Index ETF  ( FNCL ) ?,https://www.zacks.com/stock/news/2259749/should-you-invest-in-the-fidelity-msci-financials-index-etf-fncl,Sector ETF report for ...,www.zacks.com,0.180304,Somewhat-Bullish,V,0.132368,0.031556,Neutral
2024-04-23 10:49:21,"3 Warren Buffett Dividend Stocks Analysts Predict Will Grow By As Much As 19% - Coca-Cola  ( NYSE:KO ) , American Express  ( NYSE:AXP ) ",https://www.benzinga.com/general/24/04/38374698/3-warren-buffett-dividend-stocks-analysts-predict-will-grow-by-as-much-as-19,"Warren Buffett, with a formidable net worth exceeding $130 billion, remains a titan of investment. His acumen for selecting robust stocks has cultivated decades of trust and admiration.",www.benzinga.com,0.403718,Bullish,V,0.271777,0.378284,Bullish
2024-04-23 12:15:50,"Visa Stock Is Up 15% In The Last 12 Months, Will The Trend Continue Post Q2 Results?",https://www.forbes.com/sites/greatspeculations/2024/04/23/visa-stock-is-up-15-in-the-last-12-months-will-the-trend-continue-post-q2-results/,"Visa ( NYSE: V ) is scheduled to report its fiscal Q2 2024 results on Thursday, April 25, 2024. We expect Visa to edge past the consensus estimates of earnings and revenues. The company posted better-than-expected results in the last quarter, with net revenues ( total revenues minus client ...",www.forbes.com,0.137499,Neutral,V,0.56217,0.246148,Somewhat-Bullish
2024-04-23 14:24:00,"Pre-Markets Up, Q1 Earnings Beats for GM, UPS, Pepsi",https://www.zacks.com/stock/news/2260312/pre-markets-up-q1-earnings-beats-for-gm-ups-pepsi,"Ahead of economic prints like Friday's PCE report, Q1 earnings are starting to come in hot and heavy.",www.zacks.com,0.134108,Neutral,V,0.108466,-0.096927,Neutral
2024-04-23 14:54:00,Tech Companies Start Reporting Q1 Earnings,https://www.zacks.com/stock/news/2260356/tech-companies-start-reporting-q1-earnings,"As Q1 earnings season rolls along, market outlooks seem sunnier. For one thing, we're not seeing many bleak, bad misses from companies yet reported. if anything, we've been pleasantly surprised by results from big Wall Street banks, major manufacturers, etc.",www.zacks.com,0.138905,Neutral,V,0.113062,-0.098368,Neutral
2024-04-23 16:09:00,This Week's 5 Must-See Earnings Charts,https://www.zacks.com/stock/news/2260457/this-weeks-5-must-see-earnings-charts,"The popular mega caps are reporting including MSFT, GOOGL and META.",www.zacks.com,0.208644,Somewhat-Bullish,V,0.28442,0.428695,Bullish
2024-04-23 16:57:00,Payment Giant Lags Ahead of Earnings: Buying Opportunity or Warning Sign?,https://www.zacks.com/commentary/2260521/payment-giant-lags-ahead-of-earnings-buying-opportunity-or-warning-sign,Earnings from the payment technology company will provide an update on the health of the consumer.,www.zacks.com,0.347962,Somewhat-Bullish,V,0.673107,0.52285,Bullish
2024-04-23 20:58:46,Visa Shares Rise After Better-Than-Expected Q2 Results - Visa  ( NYSE:V ) ,https://www.benzinga.com/news/earnings/24/04/38391557/visa-shares-rise-after-better-than-expected-q2-results,"Visa, Inc. V shares are trading higher after the reported its second-quarter financial results after the bell Tuesday. Here's a look at the highlights. The Details: Visa reported quarterly adjusted earnings of $2.51 per share which beat the analyst consensus estimate of $2.44 by 2.87%.",www.benzinga.com,0.206021,Somewhat-Bullish,V,0.716023,0.354005,Bullish
2024-04-23 21:15:04,Visa  ( V )  Tops Q2 Earnings and Revenue Estimates,https://www.zacks.com/stock/news/2260593/visa-v-tops-q2-earnings-and-revenue-estimates,"Visa (V) delivered earnings and revenue surprises of 3.29% and 2.07%, respectively, for the quarter ended March 2024. Do the numbers hold clues to what lies ahead for the stock?",www.zacks.com,0.161866,Somewhat-Bullish,V,0.404563,0.175247,Somewhat-Bullish
2024-04-23 21:49:00,"Tesla Up +7% After Q1 Misses, TXN, Visa Beat on Top & Bottom",https://www.zacks.com/stock/news/2260606/tesla-up-7-after-q1-misses-txn-visa-beat-on-top-bottom,Noted in Tesla's letter to investors today was the +130% growth in A.I. training.,www.zacks.com,0.150669,Somewhat-Bullish,V,0.224903,0.290445,Somewhat-Bullish
2024-04-24 01:15:11,Visa  ( V )  Q2 2024 Earnings Call Transcript,https://www.fool.com/earnings/call-transcripts/2024/04/23/visa-v-q2-2024-earnings-call-transcript/,"V earnings call for the period ending March 31, 2024.",www.fool.com,0.292379,Somewhat-Bullish,V,0.199154,0.187829,Somewhat-Bullish
2024-04-24 10:15:00,"Forget Upstart, These Unstoppable Stocks Are Better Buys",https://www.fool.com/investing/2024/04/24/forget-upstart-these-unstoppable-stocks-are-better/,These three stocks have incredible growth opportunities and are trading at bargain prices.,www.fool.com,0.285578,Somewhat-Bullish,V,0.044634,0.10109,Neutral
2024-04-24 10:20:06,Should You Invest in the Financial Select Sector SPDR ETF  ( XLF ) ?,https://www.zacks.com/stock/news/2260772/should-you-invest-in-the-financial-select-sector-spdr-etf-xlf,Sector ETF report for ...,www.zacks.com,0.159647,Somewhat-Bullish,V,0.134968,0.03826,Neutral
2024-04-24 11:05:28,Visa's Strong Earnings May Be A Troubling Sign For The Economy - Visa  ( NYSE:V ) ,https://www.benzinga.com/general/24/04/38399885/visas-strong-earnings-may-be-a-troubling-sign-for-the-economy,"Visa Inc. V recently reported impressive fiscal second quarter 2024 results, with net revenue increasing by 10% and payments volume growing by 8%.",www.benzinga.com,0.292279,Somewhat-Bullish,V,0.104683,0.130509,Neutral
2024-04-24 11:10:37,What's Going On With Visa Shares Wednesday? - Visa  ( NYSE:V ) ,https://www.benzinga.com/markets/equities/24/04/38400226/whats-going-on-with-visa-shares-wednesday,"Visa Inc. V shares are trading higher in the premarket session on Wednesday. After yesterday's closing bell, Visa reported second-quarter 2024 adjusted earnings of $2.51 per share, which beat the analyst consensus estimate of $2.44 by 2.87%.",www.benzinga.com,0.234223,Somewhat-Bullish,V,0.679474,0.316973,Somewhat-Bullish
2024-04-24 12:05:00,Is More Upside Left for Visa After Solid Fiscal Q2 Earnings?,https://www.zacks.com/stock/news/2260966/is-more-upside-left-for-visa-after-solid-fiscal-q2-earnings,"Strong spending activity, strategic acquisitions, and network of networks policy will help Visa's (V) shares to scale upward.",www.zacks.com,0.310122,Somewhat-Bullish,V,0.68145,0.497415,Bullish
2024-04-24 12:27:00,Visa  ( V )  Q2 Earnings Beat on Volume Growth & Consumer Spending,https://www.zacks.com/stock/news/2261019/visa-v-q2-earnings-beat-on-volume-growth-consumer-spending,Visa (V) reports strong second-quarter results and continues to expect net revenues to grow in low double digits in fiscal 2024.,www.zacks.com,0.143762,Neutral,V,0.427316,0.104967,Neutral
2024-04-24 12:45:00,"Visa Helps Lift Dow, Price Targets Hiked On Expected Acceleration",https://www.investors.com/news/visa-stock-leads-dow-jones-q2-earnings-price-target-hiked/,"Visa Leads Dow, Price Targets Hiked On Expected Acceleration Investor's Business Daily ...",www.investors.com,0.279921,Somewhat-Bullish,V,0.60326,0.419363,Bullish
2024-04-24 14:43:00,Indexes Try To Keep Rally Going; Tesla Soars After Results Hit Record Low As Musk Eyes New Market,https://www.investors.com/market-trend/stock-market-today/dow-jones-sp500-nasdaq-meta-tesla-stock/,Indexes Try To Keep Rally Going. Tesla Soars After Results Hit Record Low As Musk Eyes New Market Investor's Business Daily ...,www.investors.com,0.189014,Somewhat-Bullish,V,0.105604,-0.11237,Neutral
2024-04-24 18:16:03,Why Visa Stock Popped This Morning,https://www.fool.com/investing/2024/04/24/why-visa-stock-popped-this-morning/,Might a 2.4 PEG ratio be too much to pay for Visa stock?,www.fool.com,0.238363,Somewhat-Bullish,V,0.963342,0.411872,Bullish
2024-04-24 19:19:57,"Visa Delivers 'Solid' Earnings Beat, 6 Analysts Provide Key Takeaways: 'Blame Easter For Softer Trends'",https://markets.businessinsider.com/news/stocks/visa-delivers-solid-earnings-beat-6-analysts-provide-key-takeaways-blame-easter-for-softer-trends-1033283802,"Shares of Visa Inc ( NYSE:V ) were climbing in early trading on Wednesday, after the company reported an earnings beat for its fiscal second quarter.",markets.businessinsider.com,0.270831,Somewhat-Bullish,V,0.395792,0.29334,Somewhat-Bullish
2024-04-25 10:20:06,Is iShares MSCI USA Quality Factor ETF  ( QUAL )  a Strong ETF Right Now?,https://www.zacks.com/stock/news/2261848/is-ishares-msci-usa-quality-factor-etf-qual-a-strong-etf-right-now,Smart Beta ETF report for QUAL ...,www.zacks.com,0.167778,Somewhat-Bullish,V,0.109956,0.050192,Neutral
2024-04-25 12:00:00,HERITAGE FINANCIAL ANNOUNCES FIRST QUARTER 2024 RESULTS AND DECLARES REGULAR CASH DIVIDEND,https://www.prnewswire.com/news-releases/heritage-financial-announces-first-quarter-2024-results-and-declares-regular-cash-dividend-302127097.html,"OLYMPIA, Wash., April 25, 2024 /PRNewswire/ -- Heritage Financial Corporation ( NASDAQ GS: HFWA ) ( the ""Company"" or ""Heritage"" ) , the parent company of Heritage Bank ( the ""Bank"" ) , today reported net income of $5.7 million for the first quarter of 2024 compared to $6.2 million for the fourth ...",www.prnewswire.com,0.193174,Somewhat-Bullish,V,0.010875,0.04746,Neutral
2024-04-25 12:37:00,"The Zacks Analyst Blog Highlights Visa, American Express and Mastercard",https://www.zacks.com/stock/news/2262175/the-zacks-analyst-blog-highlights-visa-american-express-and-mastercard,"Visa, American Express and Mastercard are part of the Zacks top Analyst Blog.",www.zacks.com,0.300404,Somewhat-Bullish,V,0.589946,0.437052,Bullish
2024-04-25 17:15:42,Looking At Visa's Recent Unusual Options Activity - Visa  ( NYSE:V ) ,https://www.benzinga.com/insights/options/24/04/38439410/looking-at-visas-recent-unusual-options-activity,"Deep-pocketed investors have adopted a bullish approach towards Visa V, and it's something market players shouldn't ignore. Our tracking of public options records at Benzinga unveiled this significant move today.",www.benzinga.com,0.167903,Somewhat-Bullish,V,0.87799,0.319028,Somewhat-Bullish
2024-04-26 07:00:00,Visa Cl A Gets RS Rating Upgrade,https://www.investors.com/ibd-data-stories/visa-cl-a-gets-rs-rating-upgrade/,"Visa Cl A ( V ) saw a welcome improvement to its Relative Strength ( RS ) Rating on Friday, rising from 70 to 74. X This exclusive rating from Investor's Business Daily measures market leadership with a 1 ( worst ) to 99 ( best ) score.",www.investors.com,0.3504,Bullish,V,0.666827,0.46802,Bullish
2024-04-26 15:34:00,Stocks Rebound Amid Big-Cap Earnings: Weekly Review,https://www.investors.com/news/stock-market-rebounds-tesla-microsoft-google-meta-chipotle-ge-in-focus-weekly-review/,"Stock Market Rebounds. Tesla, Microsoft, Google, Meta, Chipotle, GE In Focus: Weekly Review Investor's Business Daily ...",www.investors.com,0.022015,Neutral,V,0.033075,0.009549,Neutral
2024-04-26 16:26:00,How You Should Play Mastercard  ( MA )  Ahead of Q1 Earnings,https://www.zacks.com/stock/news/2263558/how-you-should-play-mastercard-ma-ahead-of-q1-earnings,Mastercard's (MA) first-quarter results are likely to reflect increased GDV and processed transactions.,www.zacks.com,0.321486,Somewhat-Bullish,V,0.104002,0.308693,Somewhat-Bullish
2024-04-27 07:48:00,Is Visa the Best Dividend Stock for You?,https://www.fool.com/investing/2024/04/27/is-visa-the-best-dividend-stock-for-you/,"Visa has a solid history of rewarding investors with dividend increases, but that doesn't mean it will be a good fit for all income portfolios.",www.fool.com,0.238316,Somewhat-Bullish,V,0.714592,0.41739,Bullish
2024-04-27 10:00:00,3 No-Brainer Warren Buffett Stocks to Buy Right Now,https://www.fool.com/investing/2024/04/27/3-no-brainer-warren-buffett-stocks-to-buy-right-no/,These Berkshire Hathaway holdings are primed to deliver results for years to come.,www.fool.com,0.227317,Somewhat-Bullish,V,0.386377,0.200582,Somewhat-Bullish
2024-04-27 13:30:18,How To Find Great Dividend Stocks,https://www.kiplinger.com/investing/dividend-stocks/how-to-find-great-dividend-stocks,"Dividend investors tend to be patient, but lately their patience has been tested. Dividend stocks have badly lagged the rest of the market recently.",www.kiplinger.com,0.213032,Somewhat-Bullish,V,0.093289,0.124401,Neutral
2024-04-28 10:20:00,"If You Invested $10,000 in Warren Buffett's Top 3 Stocks 10 Years Ago, This Is How Much You'd Have Today",https://www.fool.com/investing/2024/04/28/if-you-invested-10000-in-warren-buffetts-top-3-sto/,"Buffett's top stocks are not only safe, but they have also generated some impressive returns.",www.fool.com,0.332594,Somewhat-Bullish,V,0.059341,0.107373,Neutral
2024-04-28 10:30:00,2 Supercharged Dividend Growth Stocks to Buy if There's a Stock Market Sell-Off,https://www.fool.com/investing/2024/04/28/2-supercharged-dividend-growth-stocks-to-buy-if-th/,How does a decade of mid-teen percentage dividend increases sound as a starting point? Here are two stocks that have done just that.,www.fool.com,0.168823,Somewhat-Bullish,V,0.333257,0.223789,Somewhat-Bullish
2024-04-29 12:15:00,Warren Buffett Owns Over $2 Billion of This Forever Stock: Is It a No-Brainer Buy After Another Stellar Quarter?,https://www.fool.com/investing/2024/04/29/warren-buffett-forever-stock-no-brainer-buy/,There aren't many businesses that are higher quality than this one.,www.fool.com,0.230271,Somewhat-Bullish,V,0.430716,0.330109,Somewhat-Bullish
2024-04-29 13:30:00,"This Stock Is a Small Portion of This Billionaire's Portfolio, But I'm All In -- and You Should Be Too",https://www.fool.com/investing/2024/04/29/this-stock-is-a-small-portion-of-this-billionaires/,Visa's competitive advantage should keep it in a leadership position for quite some time.,www.fool.com,0.344761,Somewhat-Bullish,V,0.724687,0.485785,Bullish
2024-04-29 13:46:40,Is Visa Still a Top Dividend Stock to Buy?,https://www.fool.com/investing/2024/04/29/is-visa-still-a-top-dividend-stock-to-buy/,Visa continues expanding its already wide-reaching network.,www.fool.com,-0.383535,Bearish,V,0.876064,-0.601535,Bearish
2024-04-30 13:00:14,Visa Inc.  ( V )  Is a Trending Stock: Facts to Know Before Betting on It,https://www.zacks.com/stock/news/2264790/visa-inc-v-is-a-trending-stock-facts-to-know-before-betting-on-it,"Recently, Zacks.com users have been paying close attention to Visa (V). This makes it worthwhile to examine what the stock has in store.",www.zacks.com,0.212853,Somewhat-Bullish,V,0.490323,0.147348,Neutral
2024-04-30 15:00:41,Competitor Analysis: Evaluating Visa And Competitors In Financial Services Industry - Visa  ( NYSE:V ) ,https://www.benzinga.com/insights/news/24/04/38523789/competitor-analysis-evaluating-visa-and-competitors-in-financial-services-industry,"In the dynamic and cutthroat world of business, conducting thorough company analysis is essential for investors and industry experts. In this article, we will undertake a comprehensive industry comparison, evaluating Visa V and its primary competitors in the Financial Services industry.",www.benzinga.com,0.24709,Somewhat-Bullish,V,0.571516,0.275451,Somewhat-Bullish
2024-05-01 01:10:58,Visa Inc. Is a Trending Stock: Facts to Know Before Betting on It - Visa  ( NYSE:V ) ,https://www.benzinga.com/news/24/04/38522307/visa-inc-is-a-trending-stock-facts-to-know-before-betting-on-it,"Visa V is one of the stocks most watched by Zacks.com visitors lately. So, it might be a good idea to review some of the factors that might affect the near-term performance of the stock. Shares of this global payments processor have returned -2.3% over the past month versus the Zacks S&P 500 ...",www.benzinga.com,0.236206,Somewhat-Bullish,V,0.449106,0.127777,Neutral
2024-05-01 09:06:00,3 Warren Buffett Stocks That Are Screaming Buys in May  ( and Beyond ) ,https://www.fool.com/investing/2024/05/01/3-warren-buffett-stocks-are-screaming-buys-in-may/,"Although Berkshire Hathaway's $372 billion portfolio contains 45 stocks, three are a clear step above the rest in May.",www.fool.com,0.194362,Somewhat-Bullish,V,0.299113,0.302892,Somewhat-Bullish
2024-05-01 12:51:00,Mastercard Stock Retreats After Cutting 2024 Forecast,https://www.investors.com/news/mastercard-stock-retreats-q1-earnings-2024-forecast/,Mastercard Stock Pullback Deepens On 2024 Forecast Cut Investor's Business Daily ...,www.investors.com,0.268413,Somewhat-Bullish,V,0.233556,-0.084284,Neutral
2024-05-01 13:16:00,4 of the Best Dividend Stocks to Buy in May,https://www.fool.com/investing/2024/05/01/4-of-the-best-dividend-stocks-to-buy-in-may/,All 4 of these dividend stocks are trading at solid valuations.,www.fool.com,0.326552,Somewhat-Bullish,V,0.666827,0.635195,Bullish
2024-05-01 17:22:00,"Mastercard  ( MA )  Q1 Earnings Beat on Steady Spending, '24 View Cut",https://www.zacks.com/stock/news/2266331/mastercard-ma-q1-earnings-beat-on-steady-spending-24-view-cut,Mastercard (MA) repurchases 4.4 million shares for $2 billion in the first quarter.,www.zacks.com,0.23571,Somewhat-Bullish,V,0.08398,0.113694,Neutral
2024-05-01 17:27:00,Is Fidelity  ( FIS )  Stock Worth Buying Ahead of Q1 Earnings?,https://www.zacks.com/stock/news/2266336/is-fidelity-fis-stock-worth-buying-ahead-of-q1-earnings,"Fidelity (FIS) strategically invests in technology and innovation across high-growth markets, broadening its total addressable market.",www.zacks.com,0.348022,Somewhat-Bullish,V,0.090989,0.115373,Neutral
2024-05-01 18:30:41,Here's How Much $1000 Invested In Visa 15 Years Ago Would Be Worth Today - Visa  ( NYSE:V ) ,https://www.benzinga.com/insights/news/24/05/38561842/heres-how-much-1000-invested-in-visa-15-years-ago-would-be-worth-today,"Visa V has outperformed the market over the past 15 years by 8.46% on an annualized basis producing an average annual return of 20.52%. Currently, Visa has a market capitalization of $539.62 billion.",www.benzinga.com,0.238974,Somewhat-Bullish,V,0.95919,0.384695,Bullish
2024-05-02 09:10:00,This Underrated Stock Could Make You a Millionaire,https://www.fool.com/investing/2024/05/02/this-underrated-stock-could-make-you-a-millionaire/,Learn how Visa makes its money -- and why it's such a solid investment.,www.fool.com,0.137776,Neutral,V,0.690822,-0.067991,Neutral
2024-05-02 10:04:00,My Top 26 Stocks to Buy Now in May,https://www.fool.com/investing/2024/05/02/my-top-26-stocks-to-buy-now-in-may/,"The list includes growth, dividend, and artificial intelligence (AI) stocks.",www.fool.com,-0.265333,Somewhat-Bearish,V,0.340915,-0.293816,Somewhat-Bearish
2024-05-02 15:40:07,WEX or V: Which Is the Better Value Stock Right Now?,https://www.zacks.com/stock/news/2267263/wex-or-v-which-is-the-better-value-stock-right-now,WEX vs. V: Which Stock Is the Better Value Option?,www.zacks.com,0.481951,Bullish,V,0.751437,0.610839,Bullish
2024-05-02 17:08:45,How Mastercard's Q1 Results Compare With Rival Visa: 3 Analysts Provide Their Takes - Mastercard  ( NYSE:MA ) ,https://www.benzinga.com/analyst-ratings/analyst-color/24/05/38592519/how-mastercards-q1-results-compare-with-rival-visa-3-analysts-provide-their-takes,Mastercard Inc MA shares came under pressure in early trading on Thursday after the company reported its first-quarter results. The results came amid an exciting earnings season. Here are some key analyst takeaways from the release.,www.benzinga.com,0.181056,Somewhat-Bullish,V,0.185306,0.061189,Neutral
2024-05-03 03:49:00,"Tesla, Boeing, Visa: Big Names Worth Talking About",https://www.fool.com/investing/2024/05/02/tesla-boeing-visa-big-names-worth-talking-about/,Tesla and its robotaxi ambitions lead the show.,www.fool.com,0.109268,Neutral,V,0.149457,0.113332,Neutral
2024-05-03 12:33:00,"Earnings: Investors Eat Up Results From Chipotle, Tesla, and Alphabet",https://www.fool.com/investing/2024/05/03/earnings-investors-eat-up-results-from-chipotle-te/,"The market loves Alphabet's dividend and Tesla's mass market ambitions, but is less sold on Meta commingling AI and the metaverse.",www.fool.com,0.1659,Somewhat-Bullish,V,0.044749,0.091216,Neutral
2024-05-03 12:45:00,3 Vanguard ETFs to Buy If You're Looking for Reliable Passive Income,https://www.fool.com/investing/2024/05/03/3-vanguard-etfs-buy-generate-passive-income/,ETFs can be a great way to boost your passive income stream while also achieving diversification.,www.fool.com,0.3103,Somewhat-Bullish,V,0.113956,0.098659,Neutral
2024-05-04 11:00:00,The 10 Best Dividend Stocks to Buy Now in May,https://www.fool.com/investing/2024/05/04/the-10-best-dividend-stocks-to-buy-now-in-may/,"This list of dividend stocks includes high-yield, dividend-growth, and lower-yielding dividend stocks with the potential for increasing payments.",www.fool.com,-0.305798,Somewhat-Bearish,V,0.659096,-0.553857,Bearish
2024-05-04 13:30:00,The Best Dividend Stock to Buy Now,https://www.fool.com/investing/2024/05/04/the-best-dividend-stock-to-buy-now/,This passive income investor dream stock generates the strongest operating profit margin of any company I follow.,www.fool.com,-0.383535,Bearish,V,0.876064,-0.601535,Bearish
2024-05-05 13:45:00,3 Warren Buffett Stocks to Buy Hand Over Fist in May,https://www.fool.com/investing/2024/05/05/3-warren-buffett-stocks-to-buy-hand-over-fist-in/,"The Oracle of Omaha's picks continue to be some of the market's highest-quality, best-performing, long-term stocks. Feel free to borrow some of his ideas.",www.fool.com,0.207522,Somewhat-Bullish,V,0.275867,0.172172,Somewhat-Bullish
2024-05-05 18:25:00,2 Magnificent Dividend Stocks to Hold for the Next Decade,https://www.fool.com/investing/2024/05/05/2-magnificent-dividend-stocks-to-hold-for-the-next/,The dividend is just one reason to buy these stocks.,www.fool.com,0.358876,Bullish,V,0.51768,0.322208,Somewhat-Bullish
2024-05-06 12:23:00,3 Buffett Stocks That Are Screaming Buys in May,https://www.fool.com/investing/2024/05/06/3-buffett-stocks-that-are-screaming-buys-in-may/,These stocks are all winning in this uncertain economy.,www.fool.com,0.338345,Somewhat-Bullish,V,0.518022,0.411205,Bullish
2024-05-06 17:21:00,"RevoluGROUP Canada Inc. Announces $1 Million Private Placement, Ex-CEO Marshall Outreach to Bernard Lonis Company Chairman",https://www.globenewswire.com/news-release/2024/05/06/2876071/36545/en/RevoluGROUP-Canada-Inc-Announces-1-Million-Private-Placement-Ex-CEO-Marshall-Outreach-to-Bernard-Lonis-Company-Chairman.html,"Vancouver, BC, May 06, 2024 ( GLOBE NEWSWIRE ) -- RevoluGROUP Canada Inc. ( TSX-V: REVO ) , ( Frankfurt: IJA2 ) , ( Munich: A2PU92 ) ( the ""Company"" ) announces a non-brokered private placement of up to 20,000,000 units at a price of $0.05 each, to raise gross proceeds of up to $1,000,000.",www.globenewswire.com,0.189562,Somewhat-Bullish,V,0.081761,0.041341,Neutral
2024-05-06 17:23:00,"RevoluGROUP Canada Inc. Announces $1 Million Private Placement, Ex-CEO Marshall Outreach to Bernard Lonis Company Chairman",https://www.globenewswire.com/news-release/2024/05/06/2876072/36545/en/RevoluGROUP-Canada-Inc-Announces-1-Million-Private-Placement-Ex-CEO-Marshall-Outreach-to-Bernard-Lonis-Company-Chairman.html,"VANCOUVER, British Columbia, May 06, 2024 ( GLOBE NEWSWIRE ) -- RevoluGROUP Canada Inc. ( TSX-V: REVO ) , ( Frankfurt: IJA2 ) , ( Munich: A2PU92 ) ( the ""Company"" ) announces a non-brokered private placement of up to 20,000,000 units at a price of $0.05 each, to raise gross proceeds of up to ...",www.globenewswire.com,0.18956,Somewhat-Bullish,V,0.081691,0.042365,Neutral
2024-05-06 18:02:00,How Should You Play Affirm  ( AFRM )  Ahead of Q3 Earnings?,https://www.zacks.com/stock/news/2269034/how-should-you-play-affirm-afrm-ahead-of-q3-earnings,Affirm's (AFRM) third-quarter fiscal 2024 revenues are likely to jump nearly 44% from the year-ago reported figure.,www.zacks.com,0.268525,Somewhat-Bullish,V,0.089295,0.114934,Neutral
2024-05-06 20:16:35,"Only 10% Of Stablecoin Transaction Volumes In April Originated From 'Organic Payments Activity' - PayPal Holdings  ( NASDAQ:PYPL ) , Visa  ( NYSE:V ) ",https://www.benzinga.com/markets/cryptocurrency/24/05/38653383/only-10-of-stablecoin-transaction-volumes-in-april-originated-from-organic-payments-activi,"A study conducted by Visa V and Allium Labs unveiled that more than 90% of stablecoin transactions are not genuine, raising questions on the digital tokens' belief. What Happened: According to the dashboard created by Visa and Allium Labs, stablecoins are far from achieving universal acceptance ...",www.benzinga.com,0.231805,Somewhat-Bullish,V,0.382925,0.159864,Somewhat-Bullish
2024-05-07 12:40:00,JPMorgan  ( JPM )  to Recognize $8B Gain From Visa Share Exchange,https://www.zacks.com/stock/news/2269623/jpmorgan-jpm-to-recognize-8b-gain-from-visa-share-exchange,JPMorgan (JPM) tenders its 37.2 million shares of Visa Class B-1 common stock in exchange for a combination of Visa Class B-2 common stock and Visa Class C common stock.,www.zacks.com,0.283088,Somewhat-Bullish,V,0.966413,0.474411,Bullish
2024-05-07 18:31:05,Visa Unusual Options Activity - Visa  ( NYSE:V ) ,https://www.benzinga.com/insights/options/24/05/38679443/visa-unusual-options-activity,"Financial giants have made a conspicuous bearish move on Visa. Our analysis of options history for Visa V revealed 18 unusual trades. Delving into the details, we found 44% of traders were bullish, while 50% showed bearish tendencies.",www.benzinga.com,0.173934,Somewhat-Bullish,V,0.860397,0.226169,Somewhat-Bullish
2024-05-08 14:05:17,V: Is Visa  ( V )  or Nu  ( NU )  the Best Finacial Stock to Own?,https://stocknews.com/news/v-nu-is-visa-v-or-nu-nu-the-best-finacial-stock/,"In this article, I have assessed two prominent financial stocks, Visa Inc. ( V ) and Nu Holdings Ltd. ( NU ) , to identify the superior investment option. However, before delving into their details, let's examine the landscape of the consumer finance sector.",stocknews.com,0.189686,Somewhat-Bullish,V,0.726705,0.209451,Somewhat-Bullish
2024-05-08 17:05:37,Mastercard's New Tech Could Change How Banks Handle Money and Securities - Mastercard  ( NYSE:MA ) ,https://www.benzinga.com/news/24/05/38708367/mastercards-new-tech-could-change-how-banks-handle-money-and-securities,"Mastercard Inc MA is collaborating with major U.S. banks to test a shared-ledger technology that will enable the unified settlement of tokenized assets, including commercial bank money and Treasury and investment-grade debt securities.",www.benzinga.com,0.164253,Somewhat-Bullish,V,0.21686,0.090456,Neutral
2024-05-08 18:21:14,"Cyberattack Group Shifts Focus To Banks, Insurers After Casinos - MGM Resorts Intl  ( NYSE:MGM ) , Visa  ( NYSE:V ) ",https://www.benzinga.com/news/24/05/38710149/cyberattack-group-shifts-focus-to-banks-insurers-after-casinos,"According to cybersecurity researchers, a hacking group known as Scattered Spider, previously linked to cyberattacks on MGM Resorts International MGM, is now targeting banks and insurance companies. The group breached Caesars Entertainment Inc's CZR systems via an external IT vendor's network.",www.benzinga.com,-0.014453,Neutral,V,0.247838,0.0,Neutral
2024-05-09 12:39:00,Commerce Bancshares'  ( CBSH )  Balance Sheet Revamp to Aid NII,https://www.zacks.com/stock/news/2271388/commerce-bancshares-cbsh-balance-sheet-revamp-to-aid-nii,"Commerce Bancshares (CBSH) announces a strategic balance sheet repositioning, which will drive its NII higher. This follows the acceptance of a share exchange deal with Visa.",www.zacks.com,0.261744,Somewhat-Bullish,V,0.836003,0.512263,Bullish
2024-05-09 15:39:51,"Shift4 Surges In Subscription, Payments Revenue Despite Falling Short of Q1 Expectations - Shift4 Payments  ( NYSE:FOUR ) ",https://www.benzinga.com/news/earnings/24/05/38736691/shift4-surges-in-subscription-payments-revenue-despite-falling-short-of-q1-expectations,"Shift4 Payments, Inc FOUR reported fiscal first-quarter 2024 gross revenue growth of 29% year-on-year to $707.4 million, missing the analyst consensus estimate of $755.6 million. Adjusted EPS of 54 cents missed the analyst consensus estimate of 62 cents.",www.benzinga.com,0.086693,Neutral,V,0.308891,0.108697,Neutral
2024-05-09 16:24:00,"Affirm  ( AFRM )  Incurs Loss in Q3, Narrows Y/Y on Growing GMV",https://www.zacks.com/stock/news/2271719/affirm-afrm-incurs-loss-in-q3-narrows-yy-on-growing-gmv,"Affirm's (AFRM) Q3 results gain from increased transactions in the general merchandise category, partly offset by a significant level of provision for credit losses. It expects GMV to be within $6.75-$6.95 billion for fiscal Q4 2024.",www.zacks.com,0.178141,Somewhat-Bullish,V,0.133841,0.101182,Neutral
2024-05-10 21:54:00,"Top Stock Reports for Amazon.com, Visa & Pfizer",https://www.zacks.com/research-daily/2272277/top-stock-reports-for-amazoncom-visa-pfizer,"Today's Research Daily features new research reports on 16 major stocks, including Amazon.com, Inc. (AMZN), Visa Inc. (V) and Pfizer Inc. (PFE).",www.zacks.com,0.465494,Bullish,V,0.176502,0.534709,Bullish
2024-05-11 12:45:00,"Wall Street's New 'Income For Life' Offer Could Cost You $5,000/Month",https://www.forbes.com/sites/michaelfoster/2024/05/11/wall-streets-new-income-for-life-offer-could-cost-you-5000month/,"One of the biggest retirement-investment mistakes you can make is to make things more complicated than they need to be. Funny thing is, Wall Street actually makes it easy to fall into this trap! Case in point: A new ""financial product"" from a group of companies, including BlackRock, that combines ...",www.forbes.com,0.187508,Somewhat-Bullish,V,0.077218,0.252183,Somewhat-Bullish
2024-05-11 14:13:00,Is Visa Stock a Buy?,https://www.fool.com/investing/2024/05/11/is-visa-stock-a-buy/,Many investors seem to be ignoring the card giant these days. That might not be a good idea.,www.fool.com,0.165174,Somewhat-Bullish,V,0.594159,0.280011,Somewhat-Bullish
2024-05-12 07:25:00,Bull Market Buys: 3 Dow Stocks to Own for the Long Run,https://www.fool.com/investing/2024/05/12/bull-market-buys-3-dow-stocks-to-own-for-the-long/,These three Dow stocks have withstood the test of time and could be excellent additions to long-term investors' portfolios today.,www.fool.com,0.290779,Somewhat-Bullish,V,0.398499,0.354105,Bullish
2024-05-12 07:36:00,"Got $5,000? 2 Elite Stocks to Buy and Hold Forever",https://www.fool.com/investing/2024/05/12/invest-5000-2-elite-stocks-to-buy-and-hold-forever/,These wealth-builders are excellent long-term investments.,www.fool.com,0.353651,Bullish,V,0.392362,0.409057,Bullish
2024-05-12 10:25:00,2 Warren Buffett Stocks to Buy Hand Over Fist in May,https://www.fool.com/investing/2024/05/12/2-warren-buffett-stocks-to-buy-hand-over-fist-may/,Berkshire Hathaway has invested billions of dollars on these two superstar stocks.,www.fool.com,0.368945,Bullish,V,0.721785,0.506011,Bullish
2024-05-13 09:42:00,4 No-Brainer Warren Buffett Stocks to Buy Right Now,https://www.fool.com/investing/2024/05/13/4-no-brainer-warren-buffett-stocks-to-buy-now/,"Some of the companies are competitors, but Warren Buffett still owns and loves them all.",www.fool.com,0.395175,Bullish,V,0.358521,0.508874,Bullish
2024-05-13 11:43:00,"The Zacks Analyst Blog Highlights Amazon, Visa, Pfizer, Martin Marietta Materials and Zimmer Biomet",https://www.zacks.com/stock/news/2272566/the-zacks-analyst-blog-highlights-amazon-visa-pfizer-martin-marietta-materials-and-zimmer-biomet,"Amazon, Visa, Pfizer, Martin Marietta Materials and Zimmer Biomet are included in this Analyst Blog.",www.zacks.com,0.38575,Bullish,V,0.323078,0.309342,Somewhat-Bullish
2024-05-13 13:00:16,Visa Inc.  ( V )  is Attracting Investor Attention: Here is What You Should Know,https://www.zacks.com/stock/news/2272658/visa-inc-v-is-attracting-investor-attention-here-is-what-you-should-know,"Zacks.com users have recently been watching Visa (V) quite a bit. Thus, it is worth knowing the facts that could determine the stock's prospects.",www.zacks.com,0.212951,Somewhat-Bullish,V,0.485711,0.116467,Neutral
2024-05-13 13:30:06,Earnings Growth & Price Strength Make Visa  ( V )  a Stock to Watch,https://www.zacks.com/stock/news/2272747/earnings-growth-price-strength-make-visa-v-a-stock-to-watch,"Finding strong, market-beating stocks with a positive earnings outlook becomes easier with the Focus List, a top feature of the Zacks Premium portfolio service.",www.zacks.com,0.299182,Somewhat-Bullish,V,0.188193,0.118122,Neutral
2024-05-13 16:19:00,"Visa, Mastercard Have $255T Opportunity, Analyst Says: Generative AI 'Could Drive Upside To Fundamentals' - Mastercard  ( NYSE:MA ) , Visa  ( NYSE:V ) ",https://www.benzinga.com/analyst-ratings/analyst-color/24/05/38795410/visa-mastercard-have-255t-opportunity-analyst-says-generative-ai-could-drive-upside,"Piper Sandler initiated coverage Monday Visa Inc V and Mastercard Inc MA with Overweight ratings, citing their strong positions in the global payments landscape and potential for sustained growth. Analyst Arvind Ramnani said that Visa and Mastercard are attractive businesses to own.",www.benzinga.com,0.415644,Bullish,V,0.642187,0.593517,Bullish
2024-05-14 09:15:00,"Visa Stock: Buy, Sell, or Hold?",https://www.fool.com/investing/2024/05/14/visa-stock-buy-sell-or-hold/,The perennial market-beater isn't beating the market right now.,www.fool.com,0.281267,Somewhat-Bullish,V,0.692465,0.416498,Bullish
2024-05-14 15:00:51,Investigating Visa's Standing In Financial Services Industry Compared To Competitors - Visa  ( NYSE:V ) ,https://www.benzinga.com/insights/news/24/05/38819819/investigating-visas-standing-in-financial-services-industry-compared-to-competitors,"In today's rapidly changing and highly competitive business world, it is imperative for investors and industry observers to carefully assess companies before making investment choices.",www.benzinga.com,0.254235,Somewhat-Bullish,V,0.591019,0.397073,Bullish
2024-05-15 09:21:00,3 No-Brainer Stocks to Buy With $500 Right Now,https://www.fool.com/investing/2024/05/15/3-no-brainer-stocks-to-buy-with-500-right-now/,A modest amount of money can go a long way on Wall Street when it's put to work in game-changing companies.,www.fool.com,0.226845,Somewhat-Bullish,V,0.265217,0.153425,Somewhat-Bullish
2024-05-15 19:45:57,Visa Unusual Options Activity For May 15 - Visa  ( NYSE:V ) ,https://www.benzinga.com/insights/options/24/05/38855526/visa-unusual-options-activity-for-may-15,"Whales with a lot of money to spend have taken a noticeably bullish stance on Visa. Looking at options history for Visa V we detected 29 trades. If we consider the specifics of each trade, it is accurate to state that 48% of the investors opened trades with bullish expectations and 41% with ...",www.benzinga.com,0.189231,Somewhat-Bullish,V,0.817578,0.321943,Somewhat-Bullish
2024-05-16 11:41:35,6 Billionaire Super Investors Just Bought These Stocks,https://www.fool.com/investing/2024/05/16/6-billionaire-super-investors-just-bought-these-st/,"Every quarter, we get to see what the best of the best have bought and sold.",www.fool.com,-0.065888,Neutral,V,0.169676,-0.17245,Somewhat-Bearish
2024-05-16 12:20:48,"Visa, NetApp And 2 Other Stocks Insiders Are Selling - NetApp  ( NASDAQ:NTAP ) ",https://www.benzinga.com/news/24/05/38870742/visa-netapp-and-2-other-stocks-insiders-are-selling,"The Nasdaq 100 closed higher by around 1.5% on Wednesday. Investors, meanwhile, focused on some notable insider trades. When insiders sell shares, it could be a preplanned sale, or could indicate their concern in the company's prospects or that they view the stock as being overpriced.",www.benzinga.com,0.165461,Somewhat-Bullish,V,0.518022,0.029381,Neutral
2024-05-16 13:31:42,"Visa Rolls Out New Tech Rivaling Apple Pay, Teams Up with Affirm for Easier Transactions - Visa  ( NYSE:V ) ",https://www.benzinga.com/fintech/24/05/38873362/visa-rolls-out-new-tech-rivaling-apple-pay-teams-up-with-affirm-for-easier-transactions,Visa Inc V is launching new technology to enhance its position in the e-commerce marketplace. The technology will share more detailed customer preference information with retailers based on their shopping history.,www.benzinga.com,0.328141,Somewhat-Bullish,V,0.705377,0.504209,Bullish
2024-05-16 17:51:00,Visa  ( V )  Revolutionizes Payments Landscape With New Products,https://www.zacks.com/stock/news/2275065/visa-v-revolutionizes-payments-landscape-with-new-products,Visa (V) unveils new products and services to enhance customer experience and reduce fraud in the payment process.,www.zacks.com,0.222122,Somewhat-Bullish,V,0.617765,0.34375,Somewhat-Bullish
2024-05-16 20:00:25,$100 Invested In Visa 10 Years Ago Would Be Worth This Much Today - Visa  ( NYSE:V ) ,https://www.benzinga.com/insights/news/24/05/38882764/100-invested-in-visa-10-years-ago-would-be-worth-this-much-today,"Visa V has outperformed the market over the past 10 years by 7.39% on an annualized basis producing an average annual return of 18.23%. Currently, Visa has a market capitalization of $564.31 billion.",www.benzinga.com,0.238974,Somewhat-Bullish,V,0.95919,0.384695,Bullish
2024-05-17 00:08:00,Warren Buffett's Best Tips from the 2024 Berkshire Annual Meeting,https://www.zacks.com/stock/news/2275124/warren-buffetts-best-tips-from-the-2024-berkshire-annual-meeting,"Lessons on compounding, books to read, how AI will impact the economy, and the deficit. And Tracey's stock picks too.",www.zacks.com,0.242527,Somewhat-Bullish,V,0.328819,0.329016,Somewhat-Bullish
2024-05-17 17:08:00,Visa  ( V )  Ties Up With SKUx to Ease Digital Payments for Clients,https://www.zacks.com/stock/news/2275703/visa-v-ties-up-with-skux-to-ease-digital-payments-for-clients,Visa (V) enters an agreement with SKUx so that the mutual customer base can reap the benefits of the SKUx platform. The collaboration is also likely to enhance V's services suite.,www.zacks.com,0.382949,Bullish,V,0.619419,0.649178,Bullish
2024-05-17 17:45:19,Looking Into Visa's Recent Short Interest - Visa  ( NYSE:V ) ,https://www.benzinga.com/insights/short-sellers/24/05/38899873/looking-into-visas-recent-short-interest,"Visa's V short percent of float has fallen 11.11% since its last report. The company recently reported that it has 28.92 million shares sold short, which is 1.84% of all regular shares that are available for trading. Based on its trading volume, it would take traders 4.1 days to cover their short ...",www.benzinga.com,0.264538,Somewhat-Bullish,V,0.212115,0.081887,Neutral
2024-05-19 10:30:00,"Could Investing $10,000 in Solana Make You a Millionaire?",https://www.fool.com/investing/2024/05/19/could-investing-10000-in-solana-make-you-a-million/,Could Ethereum's rival generate major multibagger gains?,www.fool.com,0.096293,Neutral,V,0.058472,0.047089,Neutral
2024-05-20 12:54:00,Is This the No. 1 Biggest Risk for Both Visa and Mastercard?,https://www.fool.com/investing/2024/05/20/is-this-the-no-1-biggest-risk-for-both-visa-and-ma/,These dominant card networks don't operate without a key risk factor to pay attention to.,www.fool.com,0.247852,Somewhat-Bullish,V,0.516883,0.41672,Bullish
2024-05-20 19:30:51,Visa's Options: A Look at What the Big Money is Thinking - Visa  ( NYSE:V ) ,https://www.benzinga.com/insights/options/24/05/38925680/visas-options-a-look-at-what-the-big-money-is-thinking,"Financial giants have made a conspicuous bearish move on Visa. Our analysis of options history for Visa V revealed 10 unusual trades. Delving into the details, we found 30% of traders were bullish, while 60% showed bearish tendencies.",www.benzinga.com,0.217766,Somewhat-Bullish,V,0.843611,0.259563,Somewhat-Bullish
2024-05-22 04:01:00,"Using AI, Mastercard expects to find compromised cards quicker, before they get used by criminals",https://apnews.com/article/mastercard-visa-ai-credit-card-fraud-detection-0c348818087a57b13bfac66c761e03b4,NEW YORK ( AP ) - Mastercard said Wednesday that it expects to be able to discover that your credit or debit card number has been compromised well before it ends up in the hands of a cybercriminal.,apnews.com,-0.029141,Neutral,V,0.071357,0.091339,Neutral
2024-05-22 09:06:00,Here Are All 44 Stocks Warren Buffett Holds for Berkshire Hathaway's $378 Billion Portfolio,https://www.fool.com/investing/2024/05/22/44-stocks-warren-buffett-hold-berkshire-hathaway/,"Despite holding stakes in close to four-dozen stocks, 82% of Berkshire's $378 billion of invested assets is concentrated in eight core companies.",www.fool.com,0.214202,Somewhat-Bullish,V,0.06211,0.182131,Somewhat-Bullish
2024-05-22 15:40:11,WU vs. V: Which Stock Is the Better Value Option?,https://www.zacks.com/stock/news/2277418/wu-vs-v-which-stock-is-the-better-value-option,Investors interested in Financial Transaction Services stocks are likely familiar with Western Union ( WU Quick QuoteWU - ) and Visa ( V Quick QuoteV - ) . But which of these two stocks is more attractive to value investors? We'll need to take a closer look to find out.,www.zacks.com,0.487481,Bullish,V,0.608634,0.539999,Bullish
2024-05-22 16:24:28,AI to help Mastercard find compromised cards before criminals can use them,https://www.business-standard.com/finance/news/ai-to-help-mastercard-find-compromised-cards-before-criminals-can-use-them-124052201407_1.html,"The patterns can now also be used in reverse, potentially using batches of bad cards to see potentially compromised merchants or payment processors ( Bloomberg ) Mastercard said Wednesday that it expects to be able to discover that your credit or debit card number has been compromised well ...",www.business-standard.com,-0.041204,Neutral,V,0.067158,0.086737,Neutral
2024-05-23 08:35:00,Five startups selected for the 2024 Visa Accelerator Program in Asia Pacific to tackle Gen AI and embedded finance solutions,https://www.prnewswire.com/apac/news-releases/five-startups-selected-for-the-2024-visa-accelerator-program-in-asia-pacific-to-tackle-gen-ai-and-embedded-finance-solutions-302154030.html,Five startups selected for the 2024 Visa Accelerator Program in Asia Pacific to tackle Gen AI and embedded finance ... PR ...,www.prnewswire.com,0.337645,Somewhat-Bullish,V,0.469457,0.473032,Bullish
2024-05-23 14:31:01,Mastercard Teams Up With Synchrony And Virgin Red For New Travel Rewards Credit Card: Details - Mastercard  ( NYSE:MA ) ,https://www.benzinga.com/markets/equities/24/05/38987564/mastercard-teams-up-with-synchrony-and-virgin-red-for-new-travel-rewards-credit-card-details,"Yesterday, Mastercard Incorporated ( NYSE: MA ) penned a multi-year agreement with Synchrony Financial SYF and Virgin Red for the new Virgin Red Rewards World Elite Mastercard credit card program.",www.benzinga.com,0.479836,Bullish,V,0.252987,0.042311,Neutral
2024-05-23 15:30:37,Visa  ( V )  Up 0.2% Since Last Earnings Report: Can It Continue?,https://www.zacks.com/stock/news/2278094/visa-v-up-02-since-last-earnings-report-can-it-continue,Visa (V) reported earnings 30 days ago. What's next for the stock? We take a look at earnings estimates for some clues.,www.zacks.com,0.11804,Neutral,V,0.427425,0.188641,Somewhat-Bullish
2024-05-24 13:00:17,Visa Inc.  ( V )  Is a Trending Stock: Facts to Know Before Betting on It,https://www.zacks.com/stock/news/2278432/visa-inc-v-is-a-trending-stock-facts-to-know-before-betting-on-it,"Visa (V) has been one of the stocks most watched by Zacks.com users lately. So, it is worth exploring what lies ahead for the stock.",www.zacks.com,0.228679,Somewhat-Bullish,V,0.489394,0.119802,Neutral
2024-05-24 17:12:00,"Mastercard  ( MA ) , Payment24 Boost Fuel Payment Security in EEMEA",https://www.zacks.com/stock/news/2278917/mastercard-ma-payment24-boost-fuel-payment-security-in-eemea,The partnership with Payment24 extends the reach of Mastercard's (MA) payment solutions and enables clients to access an end-to-end Fleet Management solution.,www.zacks.com,0.278251,Somewhat-Bullish,V,0.220809,0.045132,Neutral
2024-05-24 21:03:00,"If You'd Invested $1,000 in Visa Stock 5 Years Ago, Here's How Much You'd Have Today",https://www.fool.com/investing/2024/05/24/if-youd-invested-1000-in-visa-5-years-ag/,It's not as much as you might think -- but does that matter?,www.fool.com,0.223512,Somewhat-Bullish,V,0.835133,0.382616,Bullish
2024-05-25 09:06:00,4 Unparalleled Growth Stocks You'll Regret Not Buying in the New Nasdaq Bull Market,https://www.fool.com/investing/2024/05/25/nasdaq-bull-market-4-growth-stocks-regret-not-buy/,"Magnificent growth stocks at bargain prices can still be found, even with the Nasdaq Composite reaching a fresh all-time high.",www.fool.com,0.264523,Somewhat-Bullish,V,0.115232,0.116889,Neutral
2024-05-27 14:00:10,10 Great Active ETFs To Buy,https://www.kiplinger.com/investing/etfs/great-active-etfs-to-buy,"Investors weren't ready for actively managed exchange-traded funds ( ETFs ) back in 2008, when the first one launched. That ETF, a short-term bond strategy called Bear Stearns Current Yield, closed before its first-year anniversary as the financial crisis was unfolding, without having attracted ...",www.kiplinger.com,0.352354,Bullish,V,0.03704,0.13208,Neutral
2024-05-28 00:59:00,"Visa Reinvents the Card, Unveils New Products for Digital Age",https://www.prnewswire.com/apac/news-releases/visa-reinvents-the-card-unveils-new-products-for-digital-age-302156319.html,"SINGAPORE , May 28, 2024 /PRNewswire/ -- The way people pay and get paid has changed more in the past five years than in the last 50.",www.prnewswire.com,0.223797,Somewhat-Bullish,V,0.73632,0.398745,Bullish
2024-05-28 15:00:42,Competitor Analysis: Evaluating Visa And Competitors In Financial Services Industry - Visa  ( NYSE:V ) ,https://www.benzinga.com/insights/news/24/05/39041071/competitor-analysis-evaluating-visa-and-competitors-in-financial-services-industry,"In today's fast-paced and competitive business landscape, it is essential for investors and industry enthusiasts to thoroughly analyze companies before making investment decisions. In this article, we will conduct a comprehensive industry comparison, evaluating Visa V against its key competitors ...",www.benzinga.com,0.28436,Somewhat-Bullish,V,0.583927,0.411396,Bullish
2024-05-29 09:40:00,"3 No-Brainer Dividend Growth Stocks to Buy With $1,000 and Hold for Decades",https://www.fool.com/investing/2024/05/29/no-brainer-dividend-growth-stocks-buy-hold/,"The yields on these stocks may not be huge, but the dividends can grow by double-digit percentages every year.",www.fool.com,0.277959,Somewhat-Bullish,V,0.309377,0.318335,Somewhat-Bullish
2024-05-29 10:20:04,Should You Invest in the iShares U.S. Industrials ETF  ( IYJ ) ?,https://www.zacks.com/stock/news/2280360/should-you-invest-in-the-ishares-us-industrials-etf-iyj,Sector ETF report for ...,www.zacks.com,0.163825,Somewhat-Bullish,V,0.127119,0.054405,Neutral
2024-05-29 10:30:00,Bull Market Buys: 3 Dow Stocks to Own for the Long Run,https://www.fool.com/investing/2024/05/29/bull-market-buys-3-dow-stocks-to-own-for-the-long/,Figuring out the underlying industry's longevity is half the battle.,www.fool.com,0.207045,Somewhat-Bullish,V,0.240149,0.199061,Somewhat-Bullish
2024-05-29 18:30:59,Spotlight on Visa: Analyzing the Surge in Options Activity - Visa  ( NYSE:V ) ,https://www.benzinga.com/insights/options/24/05/39071218/spotlight-on-visa-analyzing-the-surge-in-options-activity,"Financial giants have made a conspicuous bullish move on Visa. Our analysis of options history for Visa V revealed 9 unusual trades. Delving into the details, we found 33% of traders were bullish, while 33% showed bearish tendencies.",www.benzinga.com,0.18337,Somewhat-Bullish,V,0.800175,0.228703,Somewhat-Bullish
2024-05-29 21:45:18,Visa  ( V )  Falls More Steeply Than Broader Market: What Investors Need to Know,https://www.zacks.com/stock/news/2280923/visa-v-falls-more-steeply-than-broader-market-what-investors-need-to-know,"Visa (V) concluded the recent trading session at $268.86, signifying a -0.78% move from its prior day's close.",www.zacks.com,0.230805,Somewhat-Bullish,V,0.52949,0.278233,Somewhat-Bullish
2024-05-30 03:09:00,SeABank and Visa strategically cooperate to accelerate digital payments,https://www.benzinga.com/pressreleases/24/05/n39077328/seabank-and-visa-strategically-cooperate-to-accelerate-digital-payments,"HANOI, Vietnam, May 29, 2024 /PRNewswire/ -- Southeast Asia Commercial Joint Stock Bank ( SeABank, stock code SSB ) and Visa Inc. further tightens their comprehensive cooperative partnership by a strategic cooperation agreement on developing digital payments.",www.benzinga.com,0.479773,Bullish,V,0.076847,0.267387,Somewhat-Bullish
2024-05-30 03:33:00,SeABank and Visa strategically cooperate to accelerate digital payments,https://www.prnewswire.com/apac/news-releases/seabank-and-visa-strategically-cooperate-to-accelerate-digital-payments-302158821.html,"HANOI, Vietnam, May 30, 2024 /PRNewswire/ -- Southeast Asia Commercial Joint Stock Bank ( SeABank, stock code SSB ) and Visa Inc. further tightens their comprehensive cooperative partnership by a strategic cooperation agreement on developing digital payments.",www.prnewswire.com,0.507761,Bullish,V,0.087185,0.279905,Somewhat-Bullish
2024-05-30 09:21:00,Prediction: These Will Be the 5 Largest Trillion-Dollar Stocks by 2035  ( and Nvidia Isn't 1 of Them! ) ,https://www.fool.com/investing/2024/05/30/prediction-5-largest-trillion-dollar-stocks-2035/,Artificial intelligence kingpin Nvidia and iPhone maker Apple missed the cut.,www.fool.com,0.167914,Somewhat-Bullish,V,0.173126,0.08016,Neutral
2024-05-30 11:15:00,2 Dividend Growth Stocks to Double Up On Right Now,https://www.fool.com/investing/2024/05/30/2-dividend-growth-stocks-to-double-up-on-right-now/,These two dividend growth stocks are attractive buys.,www.fool.com,0.47441,Bullish,V,0.367865,0.384258,Bullish
2024-05-30 13:31:00,3 Stocks That Could Be Easy Wealth Builders,https://www.fool.com/investing/2024/05/30/3-stocks-that-could-be-easy-wealth-builders/,These investment ideas should help you grow your portfolio with minimal effort.,www.fool.com,0.344833,Somewhat-Bullish,V,0.449655,0.243197,Somewhat-Bullish
2024-05-30 16:42:18,"Mastercard To Fight Cyber Threats: Here's How Its Stock Is Moving - Mastercard  ( NYSE:MA ) , iShares U.S. Financial Services ETF  ( ARCA:IYG ) ",https://www.benzinga.com/markets/equities/24/05/39092758/mastercard-looks-to-fight-cyber-threats-whats-going-on-with-credit-card-companys-shares-thursday,"Mastercard Incorporated MA inaugurated a European Cyber Resilience Centre at its European Headquarters to combat cyber threats. The company, whose stock has gained over 20% in the past year, looks to enhance its cyber defense capabilities.",www.benzinga.com,0.308191,Somewhat-Bullish,V,0.18046,0.0,Neutral
2024-05-30 19:40:00,These 3 Companies are Cash-Generating Machines,https://www.zacks.com/commentary/2281653/these-3-companies-are-cash-generating-machines,"Exxon Mobil, Microsoft, and Visa are all cash-generating machines. Strong cash flows allow the companies to pay down debt and shell out dividend payments.",www.zacks.com,0.419797,Bullish,V,0.434763,0.499463,Bullish
2024-05-31 09:22:00,2 Warren Buffett Stocks to Buy Hand Over Fist in June and 1 to Avoid,https://www.fool.com/investing/2024/05/31/2-warren-buffett-stocks-to-buy-hand-over-fist-in-j/,"There are some compelling opportunities in Berkshire's portfolio, and here are my two favorites right now.",www.fool.com,0.327913,Somewhat-Bullish,V,0.335628,0.274311,Somewhat-Bullish
2024-05-31 11:30:00,3 Exceptional Growth Stocks to Buy Hand Over Fist Right Now,https://www.fool.com/investing/2024/05/31/3-exceptional-growth-stocks-to-buy-hand-over-fist/,Investors take heed: Growth stocks continue to outperform value stocks.,www.fool.com,0.402253,Bullish,V,0.323785,0.310794,Somewhat-Bullish
2024-05-31 15:31:38,Global Payments  ( GPN )  Down 9% Since Last Earnings Report: Can It Rebound?,https://www.zacks.com/stock/news/2282198/global-payments-gpn-down-9-since-last-earnings-report-can-it-rebound,Global Payments (GPN) reported earnings 30 days ago. What's next for the stock? We take a look at earnings estimates for some clues.,www.zacks.com,0.148623,Neutral,V,0.17179,0.049663,Neutral
2024-06-01 12:15:00,The Vibecession Is Back: Here's The Best Way To Profit,https://www.forbes.com/sites/michaelfoster/2024/06/01/the-vibecession-is-back-heres-the-best-way-to-profit/,"The word ""vibecession""-basically the idea that people are measuring the economy by feeling rather than by data-is back in the news. That's because most Americans apparently think we're in a recession, even though we aren't. It is, frankly, annoying to those of us who make our decisions on the ...",www.forbes.com,0.106464,Neutral,V,0.081276,0.209619,Somewhat-Bullish
2024-06-01 12:30:00,These 3 Dow Stocks Are Set to Soar in 2024 and Beyond,https://www.fool.com/investing/2024/06/01/these-3-dow-stocks-set-soar-in-2024-and-beyond/,Investors should not assume all Dow stocks are slow-growth names.,www.fool.com,0.172702,Somewhat-Bullish,V,0.254573,0.097145,Neutral
2024-06-02 10:45:00,Is This the Next Stock Buffett Could Buy?,https://www.fool.com/investing/2024/06/02/is-this-the-next-stock-buffett-could-buy/,"He says he missed out on Amazon, so why make the same mistake twice?",www.fool.com,0.327295,Somewhat-Bullish,V,0.046363,0.037657,Neutral
2024-06-03 16:06:03,My Top 24 Stocks to Buy Now in June  ( 2024 ) ,https://www.fool.com/investing/2024/06/03/my-top-24-stocks-to-buy-now-in-june-2024/,"Whether you are looking for artificial intelligence stocks, growth stocks, or dividend stocks, this list of the best stocks to buy has something for you.",www.fool.com,-0.26543,Somewhat-Bearish,V,0.345674,-0.274815,Somewhat-Bearish
2024-06-04 10:15:00,The Best Dividend Stock to Buy Now in June 2024,https://www.fool.com/investing/2024/06/04/the-best-dividend-stock-to-buy-now-in-june-2024/,Passive income investors can reasonably expect strong growth in dividends per share from this excellent business.,www.fool.com,-0.383535,Bearish,V,0.876064,-0.86822,Bearish
2024-06-04 13:00:18,Visa Inc.  ( V )  is Attracting Investor Attention: Here is What You Should Know,https://www.zacks.com/stock/news/2283146/visa-inc-v-is-attracting-investor-attention-here-is-what-you-should-know,"Zacks.com users have recently been watching Visa (V) quite a bit. Thus, it is worth knowing the facts that could determine the stock's prospects.",www.zacks.com,0.217286,Somewhat-Bullish,V,0.485711,0.119522,Neutral
2024-06-04 21:45:22,Visa  ( V )  Rises Higher Than Market: Key Facts,https://www.zacks.com/stock/news/2283618/visa-v-rises-higher-than-market-key-facts,"In the closing of the recent trading day, Visa (V) stood at $272.42, denoting a +0.75% change from the preceding trading day.",www.zacks.com,0.232896,Somewhat-Bullish,V,0.523451,0.344227,Somewhat-Bullish
2024-06-05 10:20:07,Should You Invest in the iShares U.S. Financial Services ETF  ( IYG ) ?,https://www.zacks.com/stock/news/2283694/should-you-invest-in-the-ishares-us-financial-services-etf-iyg,Sector ETF report for ...,www.zacks.com,0.129605,Neutral,V,0.131284,-0.019268,Neutral
2024-06-05 10:30:41,How To Invest in Sectors With These Funds,https://www.kiplinger.com/investing/how-to-invest-in-sectors-with-these-funds,"Asset managers such as Vanguard, State Street and BlackRock have made it easy to own individual sectors of the stock market through low-cost mutual and exchange-traded funds. But are they good investments? The funds offer a simple way to diversify.",www.kiplinger.com,0.179465,Somewhat-Bullish,V,0.063008,0.107174,Neutral
2024-06-05 15:00:00,My Top 9 Dividend Stocks to Buy Now in June  ( 2024 ) ,https://www.fool.com/investing/2024/06/05/my-top-9-dividend-stocks-to-buy-now-in-june-2024/,Passive income investors can generate steady income by buying and holding dividend stocks.,www.fool.com,-0.305798,Somewhat-Bearish,V,0.659096,-0.451212,Bearish
2024-06-05 17:55:00,"Visa  ( V )  Achieves Token Milestone, Revolutionizes Security",https://www.zacks.com/stock/news/2284263/visa-v-achieves-token-milestone-revolutionizes-security,"Visa's (V) tokenization milestone is reshaping digital payments, driving revenue growth and redefining security.",www.zacks.com,0.314209,Somewhat-Bullish,V,0.621141,0.540444,Bullish
2024-06-06 09:44:00,4 Incredible Stocks Berkshire Hathaway Has Held for 13 Years or More,https://www.fool.com/investing/2024/06/06/incredible-stocks-berkshire-hathaway-held-13-years/,"These four stocks illustrate Warren Buffett's pragmatic, patient approach to investing.",www.fool.com,0.266989,Somewhat-Bullish,V,0.22595,0.185038,Somewhat-Bullish
2024-06-06 14:44:00,Indexes Mixed After Jobless Claims; Nvidia Rises As CEO Huang Sells Stock,https://www.investors.com/market-trend/stock-market-today/dow-jones-sp500-nasdaq-nvidia-nvda-stock-tesla-elon-musk/,Indexes Mixed After Jobless Claims. Nvidia Rises As CEO Huang Sells Stock Investor's Business Daily ...,www.investors.com,0.110418,Neutral,V,0.151539,-0.11424,Neutral
2024-06-06 15:31:04,U.S. Visa Overstay Forgiveness Explained,https://www.forbes.com/advisor/legal/immigration-law/visa-overstay-forgiveness/,"When you receive a visa to enter the United States, you have an ""admit until date."" This is the date you are supposed to leave the country. If you stay beyond this date, that's a visa overstay, and you may be considered unlawfully present in the country.",www.forbes.com,-0.045683,Neutral,V,0.177802,0.011883,Neutral
2024-06-06 18:00:37,"$1000 Invested In This Stock 10 Years Ago Would Be Worth $5,200 Today - Visa  ( NYSE:V ) ",https://www.benzinga.com/insights/news/24/06/39213270/1000-invested-in-this-stock-10-years-ago-would-be-worth-5-200-today,"Visa V has outperformed the market over the past 10 years by 7.31% on an annualized basis producing an average annual return of 17.92%. Currently, Visa has a market capitalization of $556.57 billion.",www.benzinga.com,0.238974,Somewhat-Bullish,V,0.95919,0.384695,Bullish
2024-06-07 12:30:00,3 Reasons to Buy Solana While It's Under $200,https://www.fool.com/investing/2024/06/07/3-reasons-to-buy-solana-while-its-under-200/,The world's fifth-largest cryptocurrency still has a bright future.,www.fool.com,0.150234,Somewhat-Bullish,V,0.110973,0.12739,Neutral
2024-06-07 15:40:12,WU or V: Which Is the Better Value Stock Right Now?,https://www.zacks.com/stock/news/2285502/wu-or-v-which-is-the-better-value-stock-right-now,WU vs. V: Which Stock Is the Better Value Option?,www.zacks.com,0.464984,Bullish,V,0.755492,0.578673,Bullish
2024-06-07 15:46:46,A Closer Look at Visa's Options Market Dynamics - Visa  ( NYSE:V ) ,https://www.benzinga.com/insights/options/24/06/39230709/a-closer-look-at-visas-options-market-dynamics,"Financial giants have made a conspicuous bullish move on Visa. Our analysis of options history for Visa V revealed 8 unusual trades. Delving into the details, we found 62% of traders were bullish, while 25% showed bearish tendencies.",www.benzinga.com,0.1884,Somewhat-Bullish,V,0.873432,0.324055,Somewhat-Bullish
2024-06-07 18:18:06,2 Dow Jones Industrial Average Stocks To Watch In June 2024,https://stockmarket.com/featured/2-dow-jones-industrial-average-stocks-to-watch-in-june-2024-2024-06-07,"The stock market is a place where shares of publicly traded companies are bought and sold. Among the indices that track the performance of these companies, the Dow Jones Industrial Average ( DJIA ) is one of the most recognized.",stockmarket.com,0.236063,Somewhat-Bullish,V,0.538782,0.233608,Somewhat-Bullish
2024-06-08 08:38:00,2 Millionaire-Maker Fintech Stocks,https://www.fool.com/investing/2024/06/08/2-millionaire-maker-fintech-stocks/,Looking for high-upside stocks? These two growth picks are for you.,www.fool.com,0.39245,Bullish,V,0.342939,0.489541,Bullish
2024-06-09 12:10:00,Is Visa Stock a Buy?,https://www.fool.com/investing/2024/06/09/is-visa-stock-a-buy/,There are so many reasons to appreciate this business.,www.fool.com,0.30373,Somewhat-Bullish,V,0.659793,0.345948,Somewhat-Bullish
2024-06-10 14:40:00,Dow Jones Firm As Nvidia Falls After Stock Split; Analyst Makes This Elon Musk Pay Call  ( Live Coverage ) ,https://www.investors.com/market-trend/stock-market-today/dow-jones-firm-as-nvidia-falls-after-stock-split-analyst-makes-this-elon-musk-pay-call-live-coverage/,Dow Jones Firm As Nvidia Falls After Stock Split. Analyst Makes This Elon Musk Pay Call ( Live Coverage ) Investor's Business Daily ...,www.investors.com,0.091417,Neutral,V,0.102013,-0.337148,Somewhat-Bearish
2024-06-10 21:03:00,"Futures: CPI Inflation Data, Fed Meeting Loom",https://www.investors.com/market-trend/stock-market-today/dow-jones-gme-stock-fed-meeting-cpi/,"Dow Jones Futures: CPI, Fed Meeting Loom. GME Stock Plunges 50% In Two Days Investor's Business Daily ...",www.investors.com,0.085606,Neutral,V,0.191549,0.092686,Neutral
2024-06-10 21:45:19,Visa  ( V )  Stock Slides as Market Rises: Facts to Know Before You Trade,https://www.zacks.com/stock/news/2286283/visa-v-stock-slides-as-market-rises-facts-to-know-before-you-trade,"Visa (V) closed at $275.04 in the latest trading session, marking a -1.3% move from the prior day.",www.zacks.com,0.264188,Somewhat-Bullish,V,0.643211,0.486627,Bullish
2024-06-11 11:30:00,1 Medical Device Stock Perfectly Positioned to Benefit From AI,https://www.fool.com/investing/2024/06/11/1-medical-device-stock-perfectly-positioned-to-ben/,Medtronic is an undervalued AI stock with an elite dividend program.,www.fool.com,0.384305,Bullish,V,0.069697,0.04135,Neutral
2024-06-11 12:14:00,Futures Fall Ahead Of Fed Meeting,https://www.investors.com/market-trend/stock-market-today/dow-jones-sp500-nasdaq-general-motors-stock-gm/,Stock Market Today: Dow Jones Fall Ahead Of Fed Meeting. GM Stock Rises On Buyback Plan Investor's Business Daily ...,www.investors.com,0.118945,Neutral,V,0.185022,0.075641,Neutral
2024-06-11 19:15:59,This Is What Whales Are Betting On Visa - Visa  ( NYSE:V ) ,https://www.benzinga.com/insights/options/24/06/39278360/this-is-what-whales-are-betting-on-visa,"Financial giants have made a conspicuous bearish move on Visa. Our analysis of options history for Visa V revealed 8 unusual trades. Delving into the details, we found 37% of traders were bullish, while 50% showed bearish tendencies.",www.benzinga.com,0.123563,Neutral,V,0.776097,0.214911,Somewhat-Bullish
2024-06-11 19:56:20,Bitcoin Stocks 101: A Beginner's Guide to Investing,https://www.investorideas.com/news/2024/cryptocurrency/06112Beginners-Guide-to-Bitcoin-Stocks.asp,"June 11, 2024 ( Investorideas.com Newswire ) Bitcoin stocks provide investors with exposure to the growth and potential of bitcoin and other cryptocurrencies. These stocks represent shares in publicly tradeable companies that have significant involvement in the cryptocurrency market.",www.investorideas.com,0.122804,Neutral,V,0.156461,0.061625,Neutral
2024-06-12 12:04:00,"Futures Rise Ahead Of CPI, Powell",https://www.investors.com/market-trend/stock-market-today/dow-jones-sp500-nasdaq-cpi-powell-gme-stock-gamestop/,"Stock Market Today: Dow Jones Rises Ahead Of CPI, Powell. GME Falls After Raising $2.1 Billion Investor's Business Daily ...",www.investors.com,0.134023,Neutral,V,0.17689,0.111548,Neutral
2024-06-12 15:13:00,3 No-Brainer Warren Buffett Stocks to Buy Right Now,https://www.fool.com/investing/2024/06/12/3-no-brainer-warren-buffett-stocks-to-buy-today/,"If you like the way the Oracle of Omaha thinks, consider stepping into these stocks while they're on sale.",www.fool.com,0.221877,Somewhat-Bullish,V,0.303592,0.263264,Somewhat-Bullish
2024-06-13 11:16:02,Fintech Sector Bottoms Out As Valuations Drop From 2020-21 Highs: Leaders Underscore Shift From 'Crazy Ideas' And Excessive Funding,https://www.benzinga.com/fintech/24/06/39308520/fintech-sector-bottoms-out-as-valuations-drop-from-2020-21-highs-leaders-underscore-shift-from-crazy,"The financial technology sector, which experienced a significant drop in valuations, has now reached a ""bottom,"" according to industry leaders and investors. This change marks a shift from the sector's previous high valuations in 2020 and 2021.",www.benzinga.com,0.221127,Somewhat-Bullish,V,0.074001,0.201175,Somewhat-Bullish
2024-06-13 13:44:28,Visa Unveils Major Upgrades to SavingsEdge for Small Business Growth: Here's What's New - Visa  ( NYSE:V ) ,https://www.benzinga.com/news/24/06/39312823/visa-unveils-major-upgrades-to-savingsedge-for-small-business-growth-heres-whats-new,"Visa Inc V has relaunched its Visa SavingsEdge program, aiming to offer better value to small businesses ( SMBs ) in the United States and Canada. For over a decade, Visa SavingsEdge has provided eligible Small Business cardholders with savings, tools, and resources to support their growth, ...",www.benzinga.com,0.344409,Somewhat-Bullish,V,0.815336,0.534824,Bullish
2024-06-13 15:00:30,Exploring The Competitive Space: Visa Versus Industry Peers In Financial Services - Visa  ( NYSE:V ) ,https://www.benzinga.com/insights/news/24/06/39314852/exploring-the-competitive-space-visa-versus-industry-peers-in-financial-services,"In today's fast-paced and highly competitive business world, it is crucial for investors and industry followers to conduct comprehensive company evaluations. In this article, we will delve into an extensive industry comparison, evaluating Visa V in relation to its major competitors in the ...",www.benzinga.com,0.2944,Somewhat-Bullish,V,0.583927,0.345554,Somewhat-Bullish
2024-06-14 02:21:30,"Visa And Mastercard Face Potential Setback As New York Judge Indicates Disapproval Of Proposed $30B Antitrust Settlement - Mastercard  ( NYSE:MA ) , Visa  ( NYSE:V ) ",https://www.benzinga.com/markets/equities/24/06/39325828/visa-and-mastercard-face-potential-setback-as-new-york-judge-indicates-disapproval-of-proposed-3,The proposed $30 billion antitrust settlement by Visa Inc. V and Mastercard Inc. MA is facing a potential setback as a New York judge has indicated that she may not approve the agreement. What Happened: U.S.,www.benzinga.com,0.105921,Neutral,V,0.577838,0.255085,Somewhat-Bullish
2024-06-14 09:06:00,Nvidia Has Completed Its 10-for-1 Stock Split: 2 Hypergrowth Stocks Are Dark Horse Candidates to Follow in Its Footsteps,https://www.fool.com/investing/2024/06/14/nvidia-has-completed-its-10-for-1-stock-split/,Two rapidly growing companies may become Wall Street's next stock-split stocks.,www.fool.com,0.188347,Somewhat-Bullish,V,0.315718,0.168124,Somewhat-Bullish
2024-06-14 15:02:36,"Visa, Mastercard's $30B Deal Hits A Snag: Judge Signals Rejection - Mastercard  ( NYSE:MA ) , Visa  ( NYSE:V ) ",https://www.benzinga.com/news/legal/24/06/39334846/visa-mastercards-30b-deal-hits-a-snag-judge-signals-rejection,"In a recent development, the proposed $30 billion antitrust settlement by Visa Inc. V and Mastercard Inc. MA to limit credit and debit card fees for merchants is now in danger of being rejected. What Happened: U.S. District Judge Margo Brodie indicated that she is likely to reject the proposed ...",www.benzinga.com,0.061581,Neutral,V,0.488007,-0.01617,Neutral
2024-06-14 16:24:00,Visa  ( V )  Enhances SavingsEdge for Small Business Cardholders,https://www.zacks.com/stock/news/2288681/visa-v-enhances-savingsedge-for-small-business-cardholders,"Visa (V) upgrades its SavingsEdge program, thus offering enhanced features and new merchant deals to boost savings for Small Business cardholders. This move is expected to promote the widespread uptake of V-branded payment products.",www.zacks.com,0.411779,Bullish,V,0.648283,0.683841,Bullish
2024-06-14 19:33:35,"Visa Enhances SavingsEdge for Small Business Cardholders - Barrett Bus Servs  ( NASDAQ:BBSI ) , Envestnet  ( NYSE:ENV ) ",https://www.benzinga.com/news/earnings/24/06/39338277/visa-enhances-savingsedge-for-small-business-cardholders,"Visa Inc. V unveiled the revamped Visa SavingsEdge program with new integrated features in a bid to promote smarter spending and generate increased savings for eligible Visa Business credit, debit and reloadable prepaid cardholders across the United States and Canada.",www.benzinga.com,0.428172,Bullish,V,0.641924,0.685619,Bullish
2024-06-14 19:45:45,Visa Enhances SavingsEdge for Small Business Cardholders,https://markets.businessinsider.com/news/stocks/visa-enhances-savingsedge-for-small-business-cardholders-1033480964,"Visa Inc. ( NYSE:V ) unveiled the revamped Visa SavingsEdge program with new integrated features in a bid to promote smarter spending and generate increased savings for eligible Visa Business credit, debit and reloadable prepaid cardholders across the United States and Canada.",markets.businessinsider.com,0.429663,Bullish,V,0.626755,0.686137,Bullish
2024-06-16 12:30:00,2 Dividend Stocks That Could Pay You for Life,https://www.fool.com/investing/2024/06/16/2-dividend-stocks-that-could-pay-you-for-life/,"There are other reasons to love these businesses, too.",www.fool.com,0.270085,Somewhat-Bullish,V,0.411176,0.365463,Bullish
2024-06-17 12:11:00,Futures Mixed As Nvidia Eyes More Record Highs,https://www.investors.com/market-trend/stock-market-today/dow-jones-nasdaq-sp500-nvidia-stock-nvda-record-highs/,Stock Market Today: Dow Jones Futures Fall. Nvidia Stock Set For More Record Highs Investor's Business Daily ...,www.investors.com,0.125109,Neutral,V,0.19117,0.092482,Neutral
2024-06-17 20:20:00,"Top Analyst Reports for Visa, Netflix & Adobe",https://www.zacks.com/research-daily/2289085/top-analyst-reports-for-visa-netflix-adobe,"Today's Research Daily features new research reports on 16 major stocks, including Visa Inc. (V), Netflix, Inc. (NFLX) and Adobe Inc. (ADBE).",www.zacks.com,0.439185,Bullish,V,0.258351,0.578526,Bullish
2024-06-17 21:45:21,Visa  ( V )  Ascends But Remains Behind Market: Some Facts to Note,https://www.zacks.com/stock/news/2289434/visa-v-ascends-but-remains-behind-market-some-facts-to-note,"Visa (V) concluded the recent trading session at $271.17, signifying a +0.19% move from its prior day's close.",www.zacks.com,0.228269,Somewhat-Bullish,V,0.658245,0.392956,Bullish
2024-06-18 12:00:00,Want to Get Richer? The 2 Best Stocks to Buy Now and Hold Forever.,https://www.fool.com/investing/2024/06/18/want-to-get-richer-the-2-best-stocks-to-buy-now-an/,Long-term buy-and-hold investing is the best way to succeed in the stock market.,www.fool.com,0.407305,Bullish,V,0.572873,0.489398,Bullish
2024-06-18 13:47:00,"The Zacks Analyst Blog Highlights Visa, Netflix, Adobe, Morgan Stanley and Howmet Aerospace",https://www.zacks.com/stock/news/2289893/the-zacks-analyst-blog-highlights-visa-netflix-adobe-morgan-stanley-and-howmet-aerospace,"Visa, Netflix, Adobe, Morgan Stanley and Howmet Aerospace are part of the Zacks top Analyst Blog.",www.zacks.com,0.364335,Bullish,V,0.376194,0.431181,Bullish
2024-06-18 18:00:13,Peering Into Visa's Recent Short Interest - Visa  ( NYSE:V ) ,https://www.benzinga.com/insights/short-sellers/24/06/39386725/peering-into-visas-recent-short-interest,"Visa's V short percent of float has fallen 23.83% since its last report. The company recently reported that it has 28.20 million shares sold short, which is 1.79% of all regular shares that are available for trading. Based on its trading volume, it would take traders 4.51 days to cover their ...",www.benzinga.com,0.264538,Somewhat-Bullish,V,0.212115,0.081887,Neutral
2024-06-19 13:00:16,Investors Heavily Search Visa Inc.  ( V ) : Here is What You Need to Know,https://www.zacks.com/stock/news/2290281/investors-heavily-search-visa-inc-v-here-is-what-you-need-to-know,"Visa (V) has received quite a bit of attention from Zacks.com users lately. Therefore, it is wise to be aware of the facts that can impact the stock's prospects.",www.zacks.com,0.226497,Somewhat-Bullish,V,0.488469,0.116882,Neutral
2024-06-19 18:17:23,3 Warren Buffett Stocks to Buy Now: June 2024,https://markets.businessinsider.com/news/stocks/3-warren-buffett-stocks-to-buy-now-june-2024-1033491003,"Investors continue to look for the market to broaden before jumping in. They may be waiting awhile. However, if you have a long-term view of the market, it's a good time to look for some Warren Buffett stocks to buy now.",markets.businessinsider.com,0.136841,Neutral,V,0.211652,0.224128,Somewhat-Bullish
2024-06-20 15:01:20,Market Whales and Their Recent Bets on Visa Options - Visa  ( NYSE:V ) ,https://www.benzinga.com/insights/options/24/06/39415050/market-whales-and-their-recent-bets-on-visa-options,"Whales with a lot of money to spend have taken a noticeably bullish stance on Visa. Looking at options history for Visa V we detected 10 trades. If we consider the specifics of each trade, it is accurate to state that 60% of the investors opened trades with bullish expectations and 0% with bearish.",www.benzinga.com,0.207072,Somewhat-Bullish,V,0.852739,0.360002,Bullish
2024-06-20 16:24:00,Euronet's  ( EEFT )  Ren to Boost Onnipro's Card Issuing Expertise,https://www.zacks.com/stock/news/2291059/euronets-eeft-ren-to-boost-onnipros-card-issuing-expertise,"Euronet (EEFT) teams up with Onnipro to enhance the latter's card issuing capabilities using the Ren payments platform, therefore diversifying payment options in Brazil.",www.zacks.com,0.298404,Somewhat-Bullish,V,0.125134,0.108382,Neutral
2024-06-21 09:51:00,"China Calls On Visa And Mastercard To Slash Bank Card Transaction Fees By Up To Half: Report - Mastercard  ( NYSE:MA ) , Visa  ( NYSE:V ) ",https://www.benzinga.com/markets/asia/24/06/39428693/china-calls-on-visa-and-mastercard-to-slash-bank-card-transaction-fees-by-up-to-half-report,"Visa Inc. V and Mastercard Inc. MA have reportedly been asked by China to lower their bank card transaction fees. What Happened: The Payment & Clearing Association of China is reportedly negotiating with these international card issuers to decrease fees on foreign card transactions, Reuters ...",www.benzinga.com,0.205451,Somewhat-Bullish,V,0.549012,0.262583,Somewhat-Bullish
2024-06-22 17:33:37,Vice President Kamala Harris Courts Corporate Leaders Amidst Tight Biden-Trump Race: Report - American Express  ( NYSE:AXP ) ,https://www.benzinga.com/markets/equities/24/06/39445522/vice-president-kamala-harris-courts-corporate-leaders-amidst-tight-biden-trump-race-report,"Vice President Kamala Harris is reportedly forging ties with corporate leaders, extending an olive branch to a demographic increasingly leaning towards Republican Donald Trump in the upcoming November election. Harris has maintained frequent meetings with executives such as Visa Inc.",www.benzinga.com,0.192841,Somewhat-Bullish,V,0.181137,-0.077641,Neutral
2024-06-23 09:00:00,Is It Too Late to Buy Visa Stock?,https://www.fool.com/investing/2024/06/23/is-it-too-late-to-buy-visa-stock-15-21/,Visa is already the biggest credit card network in the world.,www.fool.com,0.357806,Bullish,V,0.812186,0.500039,Bullish
2024-06-24 15:30:29,Here's How Much $1000 Invested In Visa 15 Years Ago Would Be Worth Today - Visa  ( NYSE:V ) ,https://www.benzinga.com/insights/news/24/06/39460330/heres-how-much-1000-invested-in-visa-15-years-ago-would-be-worth-today,"Visa V has outperformed the market over the past 15 years by 8.62% on an annualized basis producing an average annual return of 21.23%. Currently, Visa has a market capitalization of $562.93 billion.",www.benzinga.com,0.238974,Somewhat-Bullish,V,0.95919,0.384695,Bullish
2024-06-24 15:40:12,WU vs. V: Which Stock Is the Better Value Option?,https://www.zacks.com/stock/news/2292375/wu-vs-v-which-stock-is-the-better-value-option,Investors interested in Financial Transaction Services stocks are likely familiar with Western Union ( WU Quick QuoteWU - ) and Visa ( V Quick QuoteV - ) . But which of these two companies is the best option for those looking for undervalued stocks? Let's take a closer look.,www.zacks.com,0.493054,Bullish,V,0.558244,0.48454,Bullish
2024-06-24 21:45:19,Why the Market Dipped But Visa  ( V )  Gained Today,https://www.zacks.com/stock/news/2292488/why-the-market-dipped-but-visa-v-gained-today,"In the closing of the recent trading day, Visa (V) stood at $276.30, denoting a +0.39% change from the preceding trading day.",www.zacks.com,0.226774,Somewhat-Bullish,V,0.598621,0.263852,Somewhat-Bullish
2024-06-25 12:30:00,The Secret Behind These 2 Heavily Discounted CEFs,https://www.forbes.com/sites/michaelfoster/2024/06/25/the-secret-behind-these-2-heavily-discounted-cefs/,"Closed-end funds ( CEFs ) are my No. 1 income plays for a reason that goes beyond their huge dividends: We can tap these off-the-radar ( for now! ) funds for big price gains, too.",www.forbes.com,0.263358,Somewhat-Bullish,V,0.087344,0.158029,Somewhat-Bullish
2024-06-26 10:20:06,Should You Invest in the Fidelity MSCI Financials Index ETF  ( FNCL ) ?,https://www.zacks.com/stock/news/2293379/should-you-invest-in-the-fidelity-msci-financials-index-etf-fncl,Sector ETF report for ...,www.zacks.com,0.162017,Somewhat-Bullish,V,0.127456,0.030952,Neutral
2024-06-26 10:20:07,Is iShares MSCI USA Quality Factor ETF  ( QUAL )  a Strong ETF Right Now?,https://www.zacks.com/stock/news/2293376/is-ishares-msci-usa-quality-factor-etf-qual-a-strong-etf-right-now,Smart Beta ETF report for QUAL ...,www.zacks.com,0.151728,Somewhat-Bullish,V,0.112269,0.056081,Neutral
2024-06-26 13:20:44,"Judge Tosses The Card: Visa-Mastercard Swipe Fee Settlement Reportedly Rejected - Mastercard  ( NYSE:MA ) , Visa  ( NYSE:V ) ",https://www.benzinga.com/markets/equities/24/06/39502281/judge-tosses-the-card-visa-mastercard-swipe-fee-settlement-reportedly-rejected,"On Tuesday, U.S. District Judge Margo Brodie reportedly dismissed a $30 billion antitrust settlement in which Visa Inc. V and Mastercard Incorporated MA had agreed to cap the fees they charge merchants for accepting their credit and debit cards.",www.benzinga.com,0.148389,Neutral,V,0.772194,0.193971,Somewhat-Bullish
2024-06-26 13:45:00,The Best Warren Buffett Stocks to Buy Right Now,https://www.fool.com/investing/2024/06/26/the-best-warren-buffett-stocks-to-buy-right-now/,Warren Buffett's investment prowess is arguably unmatched. Let's take a look at few of his stocks that everyone should consider owning right now.,www.fool.com,0.273495,Somewhat-Bullish,V,0.234684,0.257472,Somewhat-Bullish
2024-06-26 20:16:17,Check Out What Whales Are Doing With Visa - Visa  ( NYSE:V ) ,https://www.benzinga.com/insights/options/24/06/39512290/check-out-what-whales-are-doing-with-visa,"Financial giants have made a conspicuous bullish move on Visa. Our analysis of options history for Visa V revealed 15 unusual trades. Delving into the details, we found 53% of traders were bullish, while 46% showed bearish tendencies.",www.benzinga.com,0.205989,Somewhat-Bullish,V,0.819522,0.230674,Somewhat-Bullish
2024-06-27 08:15:00,3 Warren Buffett Stocks That Are Screaming Buys Right Now,https://www.fool.com/investing/2024/06/27/3-warren-buffett-stocks-that-are-screaming-buys-ri/,Each company is a leader in its own right and positioned to continue its impressive growth.,www.fool.com,0.379771,Bullish,V,0.386626,0.494273,Bullish
2024-06-27 09:41:00,"The Best Warren Buffett Stocks to Buy With $5,000 Right Now",https://www.fool.com/investing/2024/06/27/the-best-warren-buffett-stocks-to-buy-with-5000-ri/,The legendary investor has dozens of stocks. These two stand out as great values right now.,www.fool.com,0.335945,Somewhat-Bullish,V,0.132368,0.20979,Somewhat-Bullish
2024-06-27 12:00:00,Visa Expands Payment Options for Amazon Customers with Installments Plans - Visa  ( NYSE:V ) ,https://www.benzinga.com/pressreleases/24/06/g39522174/visa-expands-payment-options-for-amazon-customers-with-installments-plans,"TORONTO, June 27, 2024 ( GLOBE NEWSWIRE ) -- Visa has announced a new collaboration with Amazon that will provide Canadian consumers with more choice at checkout.",www.benzinga.com,0.379244,Bullish,V,0.801457,0.58676,Bullish
2024-06-27 12:25:28,Visa Expands Payment Options For Canadian Amazon Customers With Installments Plans,https://markets.businessinsider.com/news/stocks/visa-expands-payment-options-for-canadian-amazon-customers-with-installments-plans-1033511161,"( RTTNews ) - Visa, Inc. ( V ) announced Thursday a new collaboration with Amazon.com, Inc. ( AMZN ) that will provide Canadian consumers with more choice at checkout.",markets.businessinsider.com,0.210541,Somewhat-Bullish,V,0.9545,0.305865,Somewhat-Bullish
2024-06-27 12:30:00,"2 No-Brainer Payment Network Stocks to Buy With $1,000 Right Now",https://www.fool.com/investing/2024/06/27/2-no-brainer-payment-network-stocks-to-buy-with-10/,These two blue chip stocks have done it for years and will likely continue delivering market-beating returns.,www.fool.com,0.222591,Somewhat-Bullish,V,0.654989,0.285845,Somewhat-Bullish
2024-06-27 14:22:12,"Shop Smart: Visa And Amazon Bring Flexible Payment Plans To Canadian Shoppers - Visa  ( NYSE:V ) , Amazon.com  ( NASDAQ:AMZN ) ",https://www.benzinga.com/markets/equities/24/06/39527163/shop-smart-visa-and-amazon-bring-flexible-payment-plans-to-canadian-shoppers,"Visa Inc V shares are trading lower today. Visa has partnered with Amazon.Com, Inc. AMZN to offer Canadian consumers more flexible payment options at checkout. Eligible Royal Bank Of Canada RY and The Bank of Nova Scotia BNS credit cardholders can now select Installments enabled by Visa for ...",www.benzinga.com,0.350356,Bullish,V,0.86285,0.603588,Bullish
2024-06-27 14:57:00,i3 Verticals  ( IIIV )  to Reduce Debt Through New Divestiture,https://www.zacks.com/stock/news/2294491/i3-verticals-iiiv-to-reduce-debt-through-new-divestiture,The divestment of the merchant of record payment business to Payroc is set to help i3 Verticals (IIIV) focus on its core businesses and reduce its debt burden.,www.zacks.com,0.166524,Somewhat-Bullish,V,0.181137,0.067373,Neutral
2024-06-27 16:13:00,Is Visa's  ( V )  New Card Replacement Service a Game-Changing Move?,https://www.zacks.com/stock/news/2294526/is-visas-v-new-card-replacement-service-a-game-changing-move,The timing of Visa's (V) new service coincides with the summer travel season when the demand for convenient and secure payment solutions is high.,www.zacks.com,0.309736,Somewhat-Bullish,V,0.36392,0.441259,Bullish
2024-06-27 16:46:31,TPG agrees to acquire majority stake in digital services firm Altimetrik,https://www.business-standard.com/world-news/tpg-agrees-to-acquire-majority-stake-in-digital-services-firm-altimetrik-124062701277_1.html,Chief Executive Officer Jon Winkelried said on a first-quarter earnings call that more than 40% of TPG's capital deployed in Asia has been targeted in India. TPG Inc. has agreed to acquire a majority stake in Michigan-based digital business services firm Altimetrik Corp.,www.business-standard.com,0.090402,Neutral,V,0.154455,0.055342,Neutral
2024-06-28 09:15:00,Missed Out on Visa? Buy PayPal Instead,https://www.fool.com/investing/2024/06/28/missed-out-on-visa-buy-paypal-instead/,The payments sector has proven to be a lucrative investment area.,www.fool.com,0.33948,Somewhat-Bullish,V,0.672055,0.539319,Bullish
2024-06-28 11:10:00,Warning: Don't Buy Bitcoin Before Knowing These 5 Risks,https://www.fool.com/investing/2024/06/28/warning-dont-buy-bitcoin-before-knowing-these-5-ri/,The world's top digital asset has soared in the past year and a half.,www.fool.com,0.033974,Neutral,V,0.0699,0.0,Neutral
2024-06-28 11:15:00,Judge Rejects Visa and Mastercard Settlement. Should Investors in the Stocks Worry?,https://www.fool.com/investing/2024/06/28/judge-rejects-visa-and-mastercard-settlement-shoul/,Will a less favorable outcome on swipe fees hurt the stocks long-term?,www.fool.com,0.199461,Somewhat-Bullish,V,0.654738,0.348393,Somewhat-Bullish
2024-06-28 11:51:00,Visa  ( V )  & Amazon Offer Flexible Payments for Canadian Consumers,https://www.zacks.com/stock/news/2294766/visa-v-amazon-offer-flexible-payments-for-canadian-consumers,"This new BNPL solution is expected to benefit Visa (V) by increasing transaction volumes and enhancing customer satisfaction, which can attract more users to their platform.",www.zacks.com,0.361331,Bullish,V,0.543935,0.538232,Bullish
2024-06-28 17:31:27,Visa's Options: A Look at What the Big Money is Thinking - Visa  ( NYSE:V ) ,https://www.benzinga.com/insights/options/24/06/39555145/visas-options-a-look-at-what-the-big-money-is-thinking,"Investors with a lot of money to spend have taken a bullish stance on Visa V. We noticed this today when the trades showed up on publicly available options history that we track here at Benzinga. Whether these are institutions or just wealthy individuals, we don't know.",www.benzinga.com,0.218903,Somewhat-Bullish,V,0.749619,0.361754,Bullish
2024-06-29 13:15:00,"The Best Warren Buffett Stocks to Buy With $30,000 Right Now",https://www.fool.com/investing/2024/06/29/best-warren-buffett-stocks-to-buy-now/,These three stocks are perfect for those seeking to follow Buffett's best ideas.,www.fool.com,0.283712,Somewhat-Bullish,V,0.331024,0.304819,Somewhat-Bullish
2024-07-01 08:09:00,2 Warren Buffett Stocks to Buy Hand Over Fist This Month,https://www.fool.com/investing/2024/07/01/2-warren-buffett-stocks-to-buy-hand-over-fist/,Warren Buffett continues to bet big on these stocks. Many smart investors are joining him.,www.fool.com,0.367951,Bullish,V,0.464393,0.523184,Bullish
2024-07-01 09:41:00,Could Capital One Become the Next Visa or Mastercard?,https://www.fool.com/investing/2024/07/01/could-capital-one-become-the-next-visa-or-masterca/,The credit card focused bank is making an interesting move with tremendous long-term potential.,www.fool.com,0.334404,Somewhat-Bullish,V,0.372315,0.293085,Somewhat-Bullish
2024-07-03 08:35:00,"The Best Warren Buffett Stocks to Buy With $3,000 Right Now",https://www.fool.com/investing/2024/07/03/best-warren-buffett-stocks-to-buy-with-3000-now/,The Oracle of Omaha highlighted a handful of top-notch stocks that would be great picks for most other investors.,www.fool.com,0.27721,Somewhat-Bullish,V,0.18967,0.332942,Somewhat-Bullish
2024-07-03 09:04:00,The 23 Best Stocks to Buy Now in July  ( 2024 ) ,https://www.fool.com/investing/2024/07/03/the-23-best-stocks-to-buy-now-in-july-2024/,"This exceptional group includes artificial intelligence stocks, growth stocks, and dividend stocks.",www.fool.com,-0.26543,Somewhat-Bearish,V,0.345674,-0.29909,Somewhat-Bearish
2024-07-03 09:21:00,3 No-Brainer Stocks to Buy With $300 Right Now for the Second Half of 2024,https://www.fool.com/investing/2024/07/03/3-no-brainer-stocks-to-buy-with-300-right-now/,"A modest amount of money can go a long way when it's put to work in highly innovative, game-changing businesses.",www.fool.com,0.13943,Neutral,V,0.213316,0.073066,Neutral
2024-07-03 10:30:00,2 Top Dividend Growth Stocks to Buy in July,https://www.fool.com/investing/2024/07/03/2-top-dividend-growth-stocks-to-buy-in-july/,These two dividend growth stocks are superb buys this month.,www.fool.com,0.522248,Bullish,V,0.422661,0.588556,Bullish
2024-07-03 14:14:50,"Nancy Pelosi Loads Up On More Nvidia Shares, Sells Tesla: 'She Always Reports Right Before A Holiday' - NVIDIA  ( NASDAQ:NVDA ) ",https://www.benzinga.com/etfs/specialty-etfs/24/07/39618512/nancy-pelosi-loads-up-on-more-nvidia-shares-sells-tesla-she-always-reports-right-before-a-hol,"The calls to ban members of Congress from buying and selling stocks and options have grown over the years. One of the most followed members of Congress for stock trading activity is former Speaker of the House Nancy Pelosi ( D-Calif. ) , thanks to the large purchases made by her husband Paul ...",www.benzinga.com,0.276422,Somewhat-Bullish,V,0.391311,0.41597,Bullish
2024-07-03 16:49:15,"Mastercard and Ant Group Expand Digital Payment Zones In Western Chinese Cities: Details - Mastercard  ( NYSE:MA ) , Visa  ( NYSE:V ) ",https://www.benzinga.com/markets/equities/24/07/39621550/mastercard-and-ant-group-expand-digital-payment-zones-in-western-chinese-cities-details,"Mastercard Incorporated MA and Ant Group, alongside 12 global payment partners of Alipay+ and other leading international card networks, have expanded the International Consumer Friendly Zones program to Chengdu and Chongqing in Western China.",www.benzinga.com,0.293237,Somewhat-Bullish,V,0.122269,0.0,Neutral
2024-07-03 21:01:00,"Payment Gateways Market size is set to grow by USD 11.23 billion from 2024-2028, High adoption of contactless ... - PR Newswire",https://www.prnewswire.com/news-releases/payment-gateways-market-size-is-set-to-grow-by-usd-11-23-billion-from-2024-2028--high-adoption-of-contactless-payment-solutions-to-boost-the-market-growth-technavio-302188233.html,"Payment Gateways Market size is set to grow by USD 11.23 billion from 2024-2028, High adoption of contactless ... PR ...",www.prnewswire.com,0.240639,Somewhat-Bullish,V,0.063509,0.035008,Neutral
2024-07-05 12:18:00,Visa  ( V )  Trading Below 50-Day SMA: A Sign to Exit Your Position?,https://www.zacks.com/stock/news/2297144/visa-v-trading-below-50-day-sma-a-sign-to-exit-your-position,Visa's (V) revenue growth rate has fallen to single digits from double digits in the last two quarters.,www.zacks.com,0.217463,Somewhat-Bullish,V,0.301933,0.177195,Somewhat-Bullish
2024-07-05 15:48:04,"Visa Trading Below 50-Day SMA: A Sign to Exit Your Position? - Mastercard  ( NYSE:MA ) , American Express  ( NYSE:AXP ) ",https://www.benzinga.com/news/earnings/24/07/39646716/visa-trading-below-50-day-sma-a-sign-to-exit-your-position,"Visa Inc. V is currently trading below its 50-day simple moving average, with the stock priced at $268.99 compared to the 50-day SMA of $273.31, representing a downtrend. The 50-day SMA is a widely used technical analysis tool to predict future price trends by analyzing historical price data.",www.benzinga.com,0.235967,Somewhat-Bullish,V,0.292922,0.175374,Somewhat-Bullish
2024-07-05 15:51:38,The 9 Best Dividend Stocks to Buy Now in July  ( 2024 ) ,https://www.fool.com/investing/2024/07/05/the-9-best-dividend-stocks-to-buy-now-in-july-2024/,Passive income investors have an excellent group of dividend stocks to choose from here.,www.fool.com,-0.305798,Somewhat-Bearish,V,0.659096,-0.553857,Bearish
2024-07-05 15:54:19,The Best Dividend Stock to Buy Now in July  ( 2024 ) ,https://www.fool.com/investing/2024/07/05/the-best-dividend-stock-to-buy-now-in-july-2024/,This company is one of the most profitable businesses in the world.,www.fool.com,-0.383535,Bearish,V,0.876064,-0.86822,Bearish
2024-07-07 10:13:00,Is Solana a No-Brainer Buy After the Bitcoin Halving?,https://www.fool.com/investing/2024/07/07/is-solana-a-no-brainer-buy-after-the-bitcoin-halvi/,This red-hot cryptocurrency could outperform Bitcoin over the next few years.,www.fool.com,0.240655,Somewhat-Bullish,V,0.107736,0.194203,Somewhat-Bullish
2024-07-08 20:16:12,Visa Unusual Options Activity - Visa  ( NYSE:V ) ,https://www.benzinga.com/insights/options/24/07/39675416/visa-unusual-options-activity,"High-rolling investors have positioned themselves bullish on Visa V, and it's important for retail traders to take note. \This activity came to our attention today through Benzinga's tracking of publicly available options data.",www.benzinga.com,0.198862,Somewhat-Bullish,V,0.781806,0.365168,Bullish
2024-07-08 21:45:21,Visa  ( V )  Stock Declines While Market Improves: Some Information for Investors,https://www.zacks.com/stock/news/2298131/visa-v-stock-declines-while-market-improves-some-information-for-investors,"The latest trading day saw Visa (V) settling at $266.40, representing a -1.46% change from its previous close.",www.zacks.com,0.147268,Neutral,V,0.532556,0.175226,Somewhat-Bullish
2024-07-09 15:20:57,Visa And HSBC Partner To Propel Zing App's Global Expansion And Enhanced Currency Services - HSBC Holdings  ( NYSE:HSBC ) ,https://www.benzinga.com/markets/equities/24/07/39692275/visa-and-hsbc-partner-to-propel-zing-apps-global-expansion-and-enhanced-currency-services,"Visa Inc. V and HSBC Holdings, Plc. HSBC have unveiled a technological partnership to support HSBC Group's latest international payments app, Zing.",www.benzinga.com,0.508496,Bullish,V,0.552443,0.773981,Bullish
2024-07-10 10:15:00,3 Buffett-Type Stocks That Aren't in Berkshire's Portfolio,https://www.fool.com/investing/2024/07/10/3-warren-buffett-type-stocks-that-arent-in-berkshi/,These stocks all have solid brands and an imposing moat -- hallmarks of a Warren Buffett investment.,www.fool.com,0.288166,Somewhat-Bullish,V,0.053749,0.130065,Neutral
2024-07-10 13:05:59,"This Visa Analyst Is No Longer Bullish; Here Are Top 5 Downgrades For Wednesday - Helen Of Troy  ( NASDAQ:HELE ) , Glaukos  ( NYSE:GKOS ) ",https://www.benzinga.com/news/24/07/39708839/this-visa-analyst-is-no-longer-bullish-here-are-top-5-downgrades-for-wednesday,"Top Wall Street analysts changed their outlook on these top names. For a complete view of all analyst rating changes, including upgrades, downgrades and initiations, please see our analyst ratings page. Redburn Atlantic analyst Agnieszka Pustula downgraded the rating for Spotify Technology S.A.",www.benzinga.com,0.041169,Neutral,V,0.405651,-0.171826,Somewhat-Bearish
2024-07-10 15:56:00,Visa  ( V )  and HSBC Collaborate to Transform Global Payments,https://www.zacks.com/stock/news/2299397/visa-v-and-hsbc-collaborate-to-transform-global-payments,Visa (V) collaborates with HSBC to develop its Zing app and empower users to send money globally in a hassle-free way.,www.zacks.com,0.313754,Somewhat-Bullish,V,0.681079,0.483586,Bullish
2024-07-10 20:31:12,Here's How Much You Would Have Made Owning Visa Stock In The Last 15 Years - Visa  ( NYSE:V ) ,https://www.benzinga.com/insights/news/24/07/39718639/heres-how-much-you-would-have-made-owning-visa-stock-in-the-last-15-years,"Visa V has outperformed the market over the past 15 years by 7.74% on an annualized basis producing an average annual return of 20.47%. Currently, Visa has a market capitalization of $527.06 billion.",www.benzinga.com,0.238974,Somewhat-Bullish,V,0.95919,0.384695,Bullish
2024-07-11 07:00:11,"Jim Cramer Identifies Eight Companies Eyeing Trillion-Dollar Club - Elon Musk's Tesla, Eli Lilly Top Contenders - Apple  ( NASDAQ:AAPL ) , Amazon.com  ( NASDAQ:AMZN ) ",https://www.benzinga.com/markets/equities/24/07/39722838/jim-cramer-identifies-eight-companies-eyeing-trillion-dollar-club-elon-musks-tesla-eli-lilly-top,"Jim Cramer has identified eight companies that could potentially reach a market cap of $1 trillion, joining tech giants Microsoft Corp. MSFT, Apple Inc. AAPL, and Nvidia Corp. NVDA, among others. What Happened: Cramer, on his show ""Mad Money"" on Wednesday, named Eli Lilly and Co. LLY and Tesla ...",www.benzinga.com,0.27756,Somewhat-Bullish,V,0.167904,0.0,Neutral
2024-07-11 15:00:23,Industry Comparison: Evaluating Visa Against Competitors In Financial Services Industry - Visa  ( NYSE:V ) ,https://www.benzinga.com/insights/news/24/07/39732362/industry-comparison-evaluating-visa-against-competitors-in-financial-services-industry,"In the dynamic and fiercely competitive business environment, conducting a thorough analysis of companies is crucial for investors and industry enthusiasts. In this article, we will perform an extensive industry comparison, evaluating Visa V in relation to its major competitors in the Financial ...",www.benzinga.com,0.242298,Somewhat-Bullish,V,0.572873,0.369344,Bullish
2024-07-11 16:04:51,The Airline Industry's Troubles Just Got Worse,https://moneymorning.com/2024/07/11/the-airline-industrys-troubles-just-got-worse/,"The airline industry is preparing to see a strong ""Sell the News"" decline as the earnings season moves forward. You can't turn the news on without hearing about the airline industry every day... Planes with tires coming off Emergency landings due to an unruly flier Weather delays stranding ...",moneymorning.com,0.021619,Neutral,V,0.104455,-0.093576,Neutral
2024-07-12 12:19:27,"JP Morgan Chase Q2 Earnings: Investment Banking Revenues Up 46%, CEO Jamie Dimon's Cautious Comment And More - JPMorgan Chase  ( NYSE:JPM ) ",https://www.benzinga.com/news/earnings/24/07/39747860/jp-morgan-chase-q2-earnings-investment-banking-revenues-up-46-ceo-jamie-dimons-cautious-comment-and,"JPMorgan Chase & Co. JPM shares are trading lower after it reported second-quarter FY24 results. Reported revenue rose 22% Y/Y to $50.2 billion, beating the consensus of $42.3 billion. Net revenue ( managed ) stood at $51.0 billion ( +20% Y/Y ) in the quarter.",www.benzinga.com,0.214205,Somewhat-Bullish,V,0.256989,0.461673,Bullish
2024-07-12 12:47:00,"JPMorgan Q2 profit jumps as bank cashes in Visa shares, but higher interest rates also help results",https://apnews.com/article/jpmorgan-profit-interest-rates-wells-fargo-ee3ccf64c7a7034378dcb2290e3ddd40,"NEW YORK ( AP ) - JPMorgan Chase's profits jumped sharply in the second quarter as the bank cashed in billions of dollars of its holdings in Visa Inc. But the bank's results were also helped by higher interest rates, as well as consumers who seemed to still want to spend, despite geopolitical and ...",apnews.com,0.071022,Neutral,V,0.077845,0.115575,Neutral
2024-07-12 15:54:00,Earnings Calendar Spotlight: American Express Headlines Busy Week Of Financial Earnings,https://www.investors.com/research/earnings-preview/earnings-calendar-spotlight-american-express-axp/,"Leaderboard stocks Taiwan Semiconductor ( TSM ) and ASML ( ASML ) are next up on the earnings calendar in the wake of a hard sell-off for chip stocks Thursday. But while sellers gave a pounding to several large-cap technology stocks Thursday, breadth was strong below the surface as ...",www.investors.com,0.183381,Somewhat-Bullish,V,0.066139,0.080649,Neutral
2024-07-13 09:12:00,6 Artificial Intelligence  ( AI )  Stocks Inside Warren Buffett's $410 Billion Portfolio,https://www.fool.com/investing/2024/07/13/6-ai-stocks-warren-buffetts-410-billion-portfolio/,At least six companies in Berkshire Hathaway's portfolio are now benefiting from artificial intelligence (AI).,www.fool.com,0.123304,Neutral,V,0.180236,-0.069204,Neutral
2024-07-13 13:15:00,This 'Corporate Raider' Is Urging Us To Buy These 8%+ Paying Funds Now,https://www.forbes.com/sites/michaelfoster/2024/07/13/this-corporate-raider-is-urging-us-to-buy-these-8-paying-funds-now/,"Closed-end funds ( CEFs ) -our favorite 8%+ yielding investments-have a new ( and popular! ) fan. And he's making a big move I see sending CEF prices higher. I'm talking about Bill Ackman, one of the best-known activist investors out there.",www.forbes.com,0.30002,Somewhat-Bullish,V,0.067158,0.15548,Somewhat-Bullish
2024-07-13 22:39:00,Want Decades of Passive Income? 3 Stocks to Buy Right Now,https://www.fool.com/investing/2024/07/13/want-decades-of-passive-income-3-stocks-to-buy-rig/,Who says dividend investors can't beat the market?,www.fool.com,0.256354,Somewhat-Bullish,V,0.252987,0.213433,Somewhat-Bullish
2024-07-14 11:40:00,"Visa: Buy, Sell, or Hold?",https://www.fool.com/investing/2024/07/14/visa-buy-sell-or-hold/,Visa's past stock performance proves that this is a fantastic business.,www.fool.com,0.363117,Bullish,V,0.535653,0.495576,Bullish
2024-07-15 12:32:00,2 No-Brainer Warren Buffett Stocks to Buy Right Now,https://www.fool.com/investing/2024/07/15/2-no-brainer-warren-buffett-stocks-to-buy/,Looking to follow Buffett? Here are two of his best ideas.,www.fool.com,0.385899,Bullish,V,0.610896,0.570786,Bullish
2024-07-15 13:00:16,Visa Inc.  ( V )  is Attracting Investor Attention: Here is What You Should Know,https://www.zacks.com/stock/news/2301451/visa-inc-v-is-attracting-investor-attention-here-is-what-you-should-know,"Zacks.com users have recently been watching Visa (V) quite a bit. Thus, it is worth knowing the facts that could determine the stock's prospects.",www.zacks.com,0.208413,Somewhat-Bullish,V,0.484798,0.107206,Neutral
2024-07-15 16:10:13,Will Visa  ( V )  Beat Estimates Again in Its Next Earnings Report?,https://www.zacks.com/stock/news/2301909/will-visa-v-beat-estimates-again-in-its-next-earnings-report,Visa (V) has an impressive earnings surprise history and currently possesses the right combination of the two key ingredients for a likely beat in its next quarterly report.,www.zacks.com,0.300654,Somewhat-Bullish,V,0.422897,0.468372,Bullish
2024-07-15 16:23:51,Citigroup's Growth Streak Continues: Analysts Unpack Q2 Insights - Citigroup  ( NYSE:C ) ,https://www.benzinga.com/analyst-ratings/analyst-color/24/07/39777234/citigroups-growth-streak-continues-analysts-unpack-q2-insights,"Citigroup Inc C shares recovered slightly in early trading on Monday after tanking on Friday, following the second-quarter results. The results came amid an exciting earnings season. Here are some key analyst takeaways from the release.",www.benzinga.com,0.25744,Somewhat-Bullish,V,0.169676,0.244348,Somewhat-Bullish
2024-07-16 11:00:00,"Down 6% in 2 Months, Should You Buy the Dip on This Half-Trillion-Dollar Dow Dividend Growth Stock?",https://www.fool.com/investing/2024/07/16/buy-dip-visa-stock-dividend-growth/,Visa's valuation is more than fair considering the quality of the business.,www.fool.com,0.301876,Somewhat-Bullish,V,0.5885,0.411093,Bullish
2024-07-16 12:50:09,How to Find Strong Business Services Stocks Slated for Positive Earnings Surprises,https://www.zacks.com/stock/news/2302299/how-to-find-strong-business-services-stocks-slated-for-positive-earnings-surprises,Finding stocks expected to beat quarterly earnings estimates becomes an easier task with our Zacks Earnings ESP.,www.zacks.com,0.341761,Somewhat-Bullish,V,0.378094,0.348023,Somewhat-Bullish
2024-07-16 13:43:00,"The Perfect Pairing: OpenTable and Visa Launch the Visa Dining Collection - Visa  ( NYSE:V ) , Booking Holdings  ( NASDAQ:BKNG ) ",https://www.benzinga.com/pressreleases/24/07/n39795157/the-perfect-pairing-opentable-and-visa-launch-the-visa-dining-collection,Eligible Visa cardholders can now unlock exclusive access to primetime restaurant reservations and events in the U.S. through OpenTable and soon Mexico and Canada,www.benzinga.com,0.366714,Bullish,V,0.49084,0.414178,Bullish
2024-07-16 14:00:37,Visa  ( V )  Earnings Expected to Grow: Should You Buy?,https://www.zacks.com/stock/news/2302575/visa-v-earnings-expected-to-grow-should-you-buy,Visa (V) possesses the right combination of the two key ingredients for a likely earnings beat in its upcoming report. Get prepared with the key expectations.,www.zacks.com,0.191214,Somewhat-Bullish,V,0.301933,0.24816,Somewhat-Bullish
2024-07-16 15:40:19,FOUR vs. V: Which Stock Is the Better Value Option?,https://www.zacks.com/stock/news/2302734/four-vs-v-which-stock-is-the-better-value-option,Investors with an interest in Financial Transaction Services stocks have likely encountered both Shift4 Payments ( FOUR Quick QuoteFOUR - ) and Visa ( V Quick QuoteV - ) . But which of these two companies is the best option for those looking for undervalued stocks? Let's take a closer look.,www.zacks.com,0.492997,Bullish,V,0.612521,0.533782,Bullish
2024-07-16 18:30:55,JPMorgan raises $9 billion of bonds in post-earnings spree: Report,https://www.business-standard.com/world-news/jpmorgan-raises-9-billion-of-bonds-in-post-earnings-spree-report-124071700002_1.html,The top banks are expected to borrow more than they usually do after they post earnings as they take advantage of falling yields and get ahead of upcoming US elections | JPMorgan,www.business-standard.com,0.057363,Neutral,V,0.078099,0.243311,Somewhat-Bullish
2024-07-16 21:45:21,Visa  ( V )  Increases Yet Falls Behind Market: What Investors Need to Know,https://www.zacks.com/stock/news/2302947/visa-v-increases-yet-falls-behind-market-what-investors-need-to-know,"Visa (V) closed at $269.25 in the latest trading session, marking a +0.3% move from the prior day.",www.zacks.com,0.194326,Somewhat-Bullish,V,0.584103,0.319123,Somewhat-Bullish
2024-07-17 09:12:00,"The Smartest Bank Stocks to Buy With $1,000 Right Now",https://www.fool.com/investing/2024/07/17/the-smartest-bank-stocks-to-buy-with-1000-right-no/,"There are some interesting opportunities in the financial sector, and here are two of my favorites.",www.fool.com,0.296831,Somewhat-Bullish,V,0.106778,0.094244,Neutral
2024-07-17 11:47:00,MoneyLion  ( ML )  Moves 10.3% Higher: Will This Strength Last?,https://www.zacks.com/stock/news/2303213/moneylion-ml-moves-103-higher-will-this-strength-last,MoneyLion (ML) was a big mover last session on higher-than-average trading volume. The latest trend in earnings estimate revisions might not help the stock continue moving higher in the near term.,www.zacks.com,0.299004,Somewhat-Bullish,V,0.459624,0.0,Neutral
2024-07-17 15:56:00,Booking Holdings  ( BKNG )  Teams Up With Visa to Aid Diners,https://www.zacks.com/stock/news/2303699/booking-holdings-bkng-teams-up-with-visa-to-aid-diners,Booking Holdings' (BKNG) OpenTable partners with Visa in a bid to strengthen its foothold in the restaurant reservations software market.,www.zacks.com,0.414618,Bullish,V,0.3986,0.372313,Bullish
2024-07-17 18:37:13,"Booking Holdings Teams Up With Visa to Aid Diners - Booking Holdings  ( NASDAQ:BKNG ) , Tripadvisor  ( NASDAQ:TRIP ) ",https://www.benzinga.com/news/earnings/24/07/39821623/booking-holdings-teams-up-with-visa-to-aid-diners,"Booking Holdings Inc.'s BKNG subsidiary OpenTable partnered with Visa V to launch The OpenTable & Visa Dining Collection. The collection provides Visa cardholders with exclusive access to restaurant reservations and events at numerous local restaurants in the United States, Canada and Mexico.",www.benzinga.com,0.427146,Bullish,V,0.395012,0.407132,Bullish
2024-07-18 14:01:22,FirstCash Holdings  ( FCFS )  Earnings Expected to Grow: What to Know Ahead of Next Week's Release,https://www.zacks.com/stock/news/2304511/firstcash-holdings-fcfs-earnings-expected-to-grow-what-to-know-ahead-of-next-weeks-release,FirstCash (FCFS) doesn't possess the right combination of the two key ingredients for a likely earnings beat in its upcoming report. Get prepared with the key expectations.,www.zacks.com,0.167839,Somewhat-Bullish,V,0.175539,0.049013,Neutral
2024-07-18 15:32:01,Visa Options Trading: A Deep Dive into Market Sentiment - Visa  ( NYSE:V ) ,https://www.benzinga.com/insights/options/24/07/39842419/visa-options-trading-a-deep-dive-into-market-sentiment,"Whales with a lot of money to spend have taken a noticeably bearish stance on Visa. Looking at options history for Visa V we detected 10 trades. If we consider the specifics of each trade, it is accurate to state that 30% of the investors opened trades with bullish expectations and 60% with ...",www.benzinga.com,0.197402,Somewhat-Bullish,V,0.783525,0.252153,Somewhat-Bullish
2024-07-19 09:45:00,Here's How Saving Just $10 Per Day for 30 Years Can Create a $1 Million Portfolio,https://www.fool.com/investing/2024/07/19/heres-how-saving-just-10-per-day-for-30-years-can/,"If you can save money, finding a good investment to put that cash into won't be hard.",www.fool.com,0.34011,Somewhat-Bullish,V,0.060236,0.069,Neutral
2024-07-19 14:00:26,"$100 Invested In This Stock 15 Years Ago Would Be Worth $1,600 Today - Visa  ( NYSE:V ) ",https://www.benzinga.com/insights/news/24/07/39860239/100-invested-in-this-stock-15-years-ago-would-be-worth-1-600-today,"Visa V has outperformed the market over the past 15 years by 8.0% on an annualized basis producing an average annual return of 20.2%. Currently, Visa has a market capitalization of $541.95 billion.",www.benzinga.com,0.238974,Somewhat-Bullish,V,0.95919,0.384695,Bullish
2024-07-19 14:04:00,Visa  ( V )  Pre-Q3 Earnings: Should You Buy Now or Hold Back?,https://www.zacks.com/stock/news/2305341/visa-v-pre-q3-earnings-should-you-buy-now-or-hold-back,Visa's (V) fiscal third-quarter earnings are likely to have benefited from higher transactions and payment volumes.,www.zacks.com,0.362677,Bullish,V,0.427973,0.337092,Somewhat-Bullish
2024-07-19 14:44:26,"Visa Vs. Mastercard Q2 Earnings Preview: Analyst Evaluates Credit Card Giants' Stability, Regulatory Pressures - Mastercard  ( NYSE:MA ) , Visa  ( NYSE:V ) ",https://www.benzinga.com/analyst-ratings/analyst-color/24/07/39861318/visa-vs-mastercard-q2-earnings-preview-analyst-evaluates-credit-card-giants-stabili,"With Visa Inc V and Mastercard Inc MA set to report their quarterly earnings later this month, Wall Street is keenly observing the performance of these payment giants. Visa reports Q2 earnings on July 23 and Mastercard reports on July 31. Both stock are down about 5% over the past three months.",www.benzinga.com,0.328171,Somewhat-Bullish,V,0.580956,0.30343,Somewhat-Bullish
2024-07-21 14:30:00,10 Best Dividend Growth Stocks to Buy and Hold Forever,https://www.fool.com/investing/2024/07/21/10-best-dividend-growth-stocks-to-buy-and-hold-for/,Discover 10 dividend growth powerhouses that could turbocharge your portfolio's long-term performance.,www.fool.com,0.414524,Bullish,V,0.142847,0.31512,Somewhat-Bullish
2024-07-22 09:41:00,"The Best Dividend Stock ETF to Invest $1,000 in Right Now",https://www.fool.com/investing/2024/07/22/the-best-dividend-stock-etf-to-invest-1000-in-righ/,This isn't just a great dividend ETF today - it will be an even better one in the years to come.,www.fool.com,0.282294,Somewhat-Bullish,V,0.131284,0.16911,Somewhat-Bullish
2024-07-22 16:37:00,Mastercard  ( MA )  Trading Below 50-Day SMA: How to Play the Stock?,https://www.zacks.com/stock/news/2306297/mastercard-ma-trading-below-50-day-sma-how-to-play-the-stock,"While Mastercard (MA) benefits from robust card usage and partnerships, regulatory hurdles and weak discretionary spending cast a pall on its prospects.",www.zacks.com,0.199032,Somewhat-Bullish,V,0.193852,-0.149575,Neutral
2024-07-23 10:03:53,"Visa Likely To Report Higher Q3 Earnings; These Most Accurate Analysts Revise Forecasts Ahead Of Earnings Call - Visa  ( NYSE:V ) , Amazon.com  ( NASDAQ:AMZN ) ",https://www.benzinga.com/news/earnings/24/07/39900892/visa-likely-to-report-higher-q3-earnings-these-most-accurate-analysts-revise-forecasts-ahead-of-ear,"Visa Inc. V will release its fiscal third quarter 2024 financial results, after the closing bell on Tuesday, July 23. Analysts expect the San Francisco, California-based company to report quarterly earnings at $2.42 per share, up from $2.16 per share in the year-ago period.",www.benzinga.com,0.203874,Somewhat-Bullish,V,0.585052,0.461301,Bullish
2024-07-23 11:36:45,"Nasdaq Futures Little Changed Ahead Of Tesla, Alphabet Earnings - Invesco QQQ Trust, Series 1  ( NASDAQ:QQQ ) , SPDR S&P 500  ( ARCA:SPY ) ",https://www.benzinga.com/news/earnings/24/07/39903213/us-stock-futures-little-changed-as-traders-brace-for-q2-reports-from-alphabet-tesla-there-remains-s,"The market mood turned jittery after Monday's rebound, with index futures trading on either side of the unchanged line early Tuesday. The apprehensions reflect uncertainties regarding geopolitics, monetary policy, and the health of the reporting season ahead of earnings from AI stalwart Alphabet, ...",www.benzinga.com,0.117001,Neutral,V,0.084572,-0.077825,Neutral
2024-07-23 17:04:01,Visa Warns Cybercrime Could Rival World's Top Economies by 2025 - Reportedly Defends Against $40B In Fraud - Visa  ( NYSE:V ) ,https://www.benzinga.com/markets/equities/24/07/39913436/visa-warns-cybercrime-could-rival-worlds-top-economies-by-2025-reportedly-defends-against-40b-in,"Visa Inc. V reportedly thwarted 80 million fraudulent transactions totaling $40 billion globally last year, aided by technology investments such as artificial intelligence ( AI ) .",www.benzinga.com,0.007336,Neutral,V,0.685386,0.041957,Neutral
2024-07-23 17:54:00,This Week's 5 Must-See Earnings Charts,https://www.zacks.com/stock/news/2307235/this-weeks-5-must-see-earnings-charts,Visa hasn't missed on earnings since it's 2008 IPO. Who would bet against it?,www.zacks.com,0.295612,Somewhat-Bullish,V,0.485711,0.484216,Bullish
2024-07-23 20:44:14,Visa Shares Dip After Slight Q3 Revenue Miss: Here's The Details - Visa  ( NYSE:V ) ,https://www.benzinga.com/news/earnings/24/07/39918848/visa-shares-dip-after-slight-q3-revenue-miss-heres-the-details,"Visa, Inc. V reported its third-quarter financial results Tuesday. Here's a look at the key figures from the report. The Details: Visa reported quarterly earnings of $2.42 per share which met the analyst consensus estimate.",www.benzinga.com,0.307192,Somewhat-Bullish,V,0.733479,0.466035,Bullish
2024-07-23 21:20:06,Visa  ( V )  Q3 Earnings Surpass Estimates,https://www.zacks.com/stock/news/2307277/visa-v-q3-earnings-surpass-estimates,"Visa (V) delivered earnings and revenue surprises of 0.41% and 0.11%, respectively, for the quarter ended June 2024. Do the numbers hold clues to what lies ahead for the stock?",www.zacks.com,0.154994,Somewhat-Bullish,V,0.406745,0.149912,Neutral
2024-07-23 22:12:00,"Markets Pull Back  ( Mostly ) ; Seagate, Alphabet Impress on Earnings",https://www.zacks.com/stock/news/2307372/markets-pull-back-mostly-seagate-alphabet-impress-on-earnings,"While Tesla and Visa disappointed on earnings and sales, respectively, Seagate and Alphabet saw AI demand boost their quarters.",www.zacks.com,0.16903,Somewhat-Bullish,V,0.12645,0.226924,Somewhat-Bullish
2024-07-24 03:15:14,Visa  ( V )  Q3 2024 Earnings Call Transcript,https://www.fool.com/earnings/call-transcripts/2024/07/23/visa-v-q3-2024-earnings-call-transcript/,"V earnings call for the period ending June 30, 2024.",www.fool.com,0.295499,Somewhat-Bullish,V,0.287527,0.307653,Somewhat-Bullish
2024-07-24 09:53:44,Visa Shares Fall Over 3% In Pre-Market After Slightly Missing Q3 Revenue Estimates - Visa  ( NYSE:V ) ,https://www.benzinga.com/news/24/07/39926202/visa-shares-fall-over-3-in-pre-market-after-slightly-missing-q3-revenue-estimates,"The shares of global financial services behemoth Visa Inc. V experienced a downturn in Wednesday's pre-market trading, following a minor shortfall in the company's third-quarter revenue.",www.benzinga.com,0.236237,Somewhat-Bullish,V,0.412298,0.17924,Somewhat-Bullish
2024-07-24 11:42:55,"Nasdaq, S&P 500 Set To Open Sharply Lower: What's Driving Futures Market - Invesco QQQ Trust, Series 1  ( NASDAQ:QQQ ) , SPDR S&P 500  ( ARCA:SPY ) ",https://www.benzinga.com/news/earnings/24/07/39928846/us-stocks-could-open-sharply-lower-as-tesla-alphabet-earnings-offer-no-cheer-analyst-says-this-bode,"Wall Street is gearing up for a negative start on Thursday, as traders mull over earnings from Tesla, Inc. TSLA and Alphabet, Inc. GOOGL GOOG, which incidentally haven't been received well by the Street.",www.benzinga.com,-0.012071,Neutral,V,0.093836,-0.061581,Neutral
2024-07-24 12:17:24,"Tesla Posts Weak Earnings, Joins Visa, Deutsche Bank And Other Big Stocks Moving Lower In Wednesday's Pre-Market Session - Tesla  ( NASDAQ:TSLA ) ",https://www.benzinga.com/news/24/07/39930082/tesla-posts-weak-earnings-joins-visa-deutsche-bank-and-other-big-stocks-moving-lower-in-wednesdays-p,"U.S. stock futures were lower this morning, with the Nasdaq futures dipping around 200 points on Wednesday. Shares of Tesla, Inc. TSLA fell sharply in today's pre-market trading following second-quarter results. Tesla reported second-quarter revenue of $25.5 billion, up 2% year-over-year.",www.benzinga.com,0.099917,Neutral,V,0.213988,-0.087574,Neutral
2024-07-24 13:01:31,Visa Analysts Cut Their Forecasts After Q3 Results - Visa  ( NYSE:V ) ,https://www.benzinga.com/news/earnings/24/07/39931470/visa-analysts-cut-their-forecasts-after-q3-results,"Visa, Inc. V reported weaker-than-expected sales for its third quarter on Tuesday. Visa reported quarterly earnings of $2.42 per share which met the analyst consensus estimate.",www.benzinga.com,0.203559,Somewhat-Bullish,V,0.844077,0.291958,Somewhat-Bullish
2024-07-24 13:15:16,Tesla To Rally Around 22%? Here Are 10 Top Analyst Forecasts For Wednesday - Tesla  ( NASDAQ:TSLA ) ,https://www.benzinga.com/news/24/07/39932008/tesla-to-rally-around-22-here-are-10-top-analyst-forecasts-for-wednesday,"Top Wall Street analysts changed their outlook on these top names. For a complete view of all analyst rating changes, including upgrades and downgrades, please see our analyst ratings page. Piper Sandler raised the price target for Tesla, Inc. TSLA from $205 to $300.",www.benzinga.com,0.098793,Neutral,V,0.233556,-0.237732,Somewhat-Bearish
2024-07-24 13:25:00,"The Zacks Analyst Blog Highlights Tesla, Alphabet, Seagate Technologies, Texas Instruments and Visa",https://www.zacks.com/stock/news/2307990/the-zacks-analyst-blog-highlights-tesla-alphabet-seagate-technologies-texas-instruments-and-visa,"Tesla, Alphabet, Seagate Technologies, Texas Instruments and Visa are part of the Zacks Top Analyst Blog.",www.zacks.com,0.175576,Somewhat-Bullish,V,0.164656,0.135922,Neutral
2024-07-24 14:30:00,Pre-Markets Sell on Tesla Disappointment; Chipotle & Ford Later Today,https://www.zacks.com/stock/news/2307999/pre-markets-sell-on-tesla-disappointment-chipotle-ford-later-today,"Deliveries remain a bugaboo for Tesla (TSLA), while Chipotle (CMG) expects +24% earnings growth in Q2.",www.zacks.com,0.063183,Neutral,V,0.177802,0.123163,Neutral
2024-07-24 14:51:50,What's Going On With Visa's Stock After Earnings? - Visa  ( NYSE:V ) ,https://www.benzinga.com/news/earnings/24/07/39934931/whats-going-on-with-visas-stock-after-earnings,"Visa, Inc. V shares are trading lower Wednesday after the company posted a slight revenue miss for the third quarter. Visa reported its third-quarter results after Tuesday's closing bell with earnings of $2.42 per share on revenue of $8.9 billion, slightly below the consensus estimate of $8.92 ...",www.benzinga.com,0.16322,Somewhat-Bullish,V,0.846873,0.245759,Somewhat-Bullish
2024-07-24 14:54:00,Small-Caps Continue to Push Back,https://www.zacks.com/stock/news/2308017/small-caps-continue-to-push-back,"So it's not a full-scale hemorrhage, but markets have been draining valuations. All four major indices are down over the past week of trading, with only the small-cap Russell 2000 making a push back toward those highs. At this hour in the pre-market, the Dow is down -225 points, the S&P 500 is ...",www.zacks.com,0.06321,Neutral,V,0.181819,0.125143,Neutral
2024-07-24 16:17:00,"Visa  ( V )  Q3 Earnings Beat on Processed Transactions, Sales Miss",https://www.zacks.com/stock/news/2308175/visa-v-q3-earnings-beat-on-processed-transactions-sales-miss,Visa (V) continues to expect net revenues to grow in low double digits on an adjusted constant-dollar basis in fiscal 2024.,www.zacks.com,0.129727,Neutral,V,0.410262,0.185225,Somewhat-Bullish
2024-07-24 16:23:42,Visa Faces Continued Softer Macro Trends: These 7 Analysts Dive Into Q3 Results - Visa  ( NYSE:V ) ,https://www.benzinga.com/analyst-ratings/analyst-color/24/07/39937524/visa-faces-continued-softer-macro-trends-these-7-analysts-dive-into-q3-results,"Visa Inc V shares tanked in early trading on Wednesday, after the company reported its fiscal third-quarter results. The results came amid an exciting earnings season. Here are some key analyst takeaways. Analyst Arvind Ramnani maintained an Overweight rating while cutting the price target from ...",www.benzinga.com,0.120453,Neutral,V,0.486857,0.311464,Somewhat-Bullish
2024-07-24 17:49:00,"Post AmEx  ( AXP )  Q2 Earnings: Buy, Hold or Sell the Stock?",https://www.zacks.com/stock/news/2308211/post-amex-axp-q2-earnings-buy-hold-or-sell-the-stock,AmEx (AXP) continues to benefit from a loyal customer base. It is well-positioned to capture a higher market share and increase card acquisitions with higher marketing expenses.,www.zacks.com,0.463928,Bullish,V,0.087503,0.25815,Somewhat-Bullish
2024-07-24 19:20:43,Visa Stock Drops After Massive Earnings News,https://www.fool.com/investing/2024/07/24/visa-stock-drops-after-massive-earnings-news/,"Visa is still growing, but investors may have overestimated the company's potential.",www.fool.com,0.026953,Neutral,V,0.666827,0.068257,Neutral
2024-07-25 08:41:00,Is Visa the Best Dividend Stock for You?,https://www.fool.com/investing/2024/07/25/is-visa-the-best-dividend-stock-for-you/,Visa has a long history of dividend increases and the payout has grown at a rapid rate. But is it worth adding to your portfolio?,www.fool.com,0.401937,Bullish,V,0.711131,0.57959,Bullish
2024-07-25 11:00:00,"Lakeland Financial Reports Second Quarter Net Income of $22.5 million, and Reaches $5.0 Billion in Total Loans, Representing 5% Annual Average Loan Growth",https://www.globenewswire.com/news-release/2024/07/25/2918706/8543/en/Lakeland-Financial-Reports-Second-Quarter-Net-Income-of-22-5-million-and-Reaches-5-0-Billion-in-Total-Loans-Representing-5-Annual-Average-Loan-Growth.html,"WARSAW, Ind., July 25, 2024 ( GLOBE NEWSWIRE ) -- Lakeland Financial Corporation ( Nasdaq Global Select/LKFN ) , parent company of Lake City Bank, today reported net income of $22.5 million for the three months ended June 30, 2024, which represents an increase of $7.9 million, or 54%, compared ...",www.globenewswire.com,0.282785,Somewhat-Bullish,V,0.007408,0.08328,Neutral
2024-07-26 03:31:30,Visa Leverages AI To Prevent $40B In Fraud: How Machine Learning Is Combatting The Surge In Cybercrime And AI-Driven Scams - Visa  ( NYSE:V ) ,https://www.benzinga.com/markets/equities/24/07/39976031/visa-leverages-ai-to-prevent-40b-in-fraud-how-machine-learning-is-combatting-the-surge-in-cyberc,"Visa Inc V has successfully leveraged artificial intelligence and machine learning to prevent $40 billion in fraudulent activities, according to a company executive.",www.benzinga.com,-0.166499,Somewhat-Bearish,V,0.44622,-0.22515,Somewhat-Bearish
2024-07-26 13:45:00,"1 Warren Buffett Stock to Buy Hand Over Fist, and 1 to Avoid",https://www.fool.com/investing/2024/07/26/warren-buffett-stock-to-buy-visa-chubb/,"Berkshire Hathaway is betting big on these two companies, but one stock is superior.",www.fool.com,0.348795,Somewhat-Bullish,V,0.484798,0.544286,Bullish
2024-07-29 09:57:00,My Top Dow Dividend Stock to Buy in August  ( and It's Not Even Close ) ,https://www.fool.com/investing/2024/07/29/my-top-dow-dividend-stock-to-buy-in-august-visa/,"Visa is down 10% in four months, offering a compelling opportunity to invest in the blue chip stock.",www.fool.com,0.152956,Somewhat-Bullish,V,0.662777,0.197549,Somewhat-Bullish
2024-07-29 10:20:05,Should You Invest in the iShares U.S. Industrials ETF  ( IYJ ) ?,https://www.zacks.com/stock/news/2310494/should-you-invest-in-the-ishares-us-industrials-etf-iyj,Sector ETF report for ...,www.zacks.com,0.18857,Somewhat-Bullish,V,0.128135,0.054609,Neutral
2024-07-29 12:00:00,Is Visa Stock a Buy Now After Earnings?,https://www.fool.com/investing/2024/07/29/is-visa-stock-a-buy-now-after-earnings/,Don't count out this global payments giant.,www.fool.com,0.353775,Bullish,V,0.538939,0.469434,Bullish
2024-07-29 13:00:17,Here is What to Know Beyond Why Visa Inc.  ( V )  is a Trending Stock,https://www.zacks.com/stock/news/2310648/here-is-what-to-know-beyond-why-visa-inc-v-is-a-trending-stock,"Visa (V) has been one of the stocks most watched by Zacks.com users lately. So, it is worth exploring what lies ahead for the stock.",www.zacks.com,0.221693,Somewhat-Bullish,V,0.485711,0.131372,Neutral
2024-07-29 14:15:00,Is Visa Stock a Buy?,https://www.fool.com/investing/2024/07/29/is-visa-stock-a-buy/,"This perennial market-beater has faded a bit over the past few months, but that likely won't last.",www.fool.com,0.204029,Somewhat-Bullish,V,0.740815,0.373292,Bullish
2024-07-29 16:45:33,Smart Money Is Betting Big In Visa Options - Visa  ( NYSE:V ) ,https://www.benzinga.com/insights/options/24/07/40017532/smart-money-is-betting-big-in-visa-options,"Investors with a lot of money to spend have taken a bullish stance on Visa V. We noticed this today when the trades showed up on publicly available options history that we track here at Benzinga. Whether these are institutions or just wealthy individuals, we don't know.",www.benzinga.com,0.198243,Somewhat-Bullish,V,0.893941,0.387184,Bullish
2024-07-30 09:21:00,3 Stocks I Plan to Double Down On If the Stock Market Plunges,https://www.fool.com/investing/2024/07/30/3-stocks-to-double-down-on-if-stock-market-plunges/,"The ingredients are present for a stock market crash, which means amazing deals may soon abound.",www.fool.com,0.152884,Somewhat-Bullish,V,0.328157,0.098855,Neutral
2024-07-30 16:27:00,Is Block  ( SQ )  Stock a Smart Buy Before Q2 Earnings Release?,https://www.zacks.com/stock/news/2312290/is-block-sq-stock-a-smart-buy-before-q2-earnings-release,"Block's (SQ) second-quarter results are likely to reflect gains from a strong product portfolio, and solid momentum in the cryptocurrency and BNPL markets.",www.zacks.com,0.261402,Somewhat-Bullish,V,0.138464,0.020486,Neutral
2024-07-31 08:05:00,Visa Stock Is Down 11% Since March. Should Investors Buy the Dip?,https://www.fool.com/investing/2024/07/31/visa-stock-down-11-since-march-investors-buy-dip/,Several analysts lowered their price targets on Visa following its recent earnings announcement.,www.fool.com,0.065149,Neutral,V,0.662687,0.0,Neutral
2024-07-31 17:01:17,Visa Options Trading: A Deep Dive into Market Sentiment - Visa  ( NYSE:V ) ,https://www.benzinga.com/insights/options/24/07/40076268/visa-options-trading-a-deep-dive-into-market-sentiment,"Investors with a lot of money to spend have taken a bearish stance on Visa V. We noticed this today when the trades showed up on publicly available options history that we track here at Benzinga. Whether these are institutions or just wealthy individuals, we don't know.",www.benzinga.com,0.113322,Neutral,V,0.839884,0.200992,Somewhat-Bullish
2024-07-31 17:40:00,Mastercard  ( MA )  Q2 Earnings Beat on Strong Cross-Border Volumes,https://www.zacks.com/stock/news/2313406/mastercard-ma-q2-earnings-beat-on-strong-cross-border-volumes,Mastercard's (MA) second-quarter results benefit from steady consumer spending and cross-border volumes. High expenses partially offset the results.,www.zacks.com,0.236396,Somewhat-Bullish,V,0.09402,0.123579,Neutral
2024-08-01 22:43:00,Time to Buy Visa or Mastercard's Stock After Earnings?,https://www.zacks.com/stock/news/2314808/time-to-buy-visa-or-mastercards-stock-after-earnings,"Following Mastercard's (MA) Q2 report on Wednesday, we now have the most recent financial insight into the major credit card companies with Visa (V) reporting its quarterly results last week.",www.zacks.com,0.344112,Somewhat-Bullish,V,0.625544,0.484564,Bullish
2024-08-02 09:06:00,3 Unstoppable Warren Buffett Stocks That Make for Sensational Buys in August,https://www.fool.com/investing/2024/08/02/3-warren-buffett-stocks-sensational-buys-in-august/,"The Oracle of Omaha's 44-stock, $400 billion investment portfolio is home to three plain-as-day bargains.",www.fool.com,0.253743,Somewhat-Bullish,V,0.284788,0.245899,Somewhat-Bullish
2024-08-02 14:15:00,Can the Paris Olympics Reignite This Beaten Down Stock?,https://www.zacks.com/commentary/2314653/can-the-paris-olympics-reignite-this-beaten-down-stock,"Exposure during the Paris Olympics could provide a boost for Nike, which has suffered in 2024 due to shifting consumer preferences.",www.zacks.com,0.263095,Somewhat-Bullish,V,0.085324,0.068682,Neutral
2024-08-02 15:40:14,FOUR or V: Which Is the Better Value Stock Right Now?,https://www.zacks.com/stock/news/2315427/four-or-v-which-is-the-better-value-stock-right-now,FOUR vs. V: Which Stock Is the Better Value Option?,www.zacks.com,0.447111,Bullish,V,0.634626,0.528485,Bullish
2024-08-02 18:31:00,"Western Union  ( WU )  Q2 Earnings Meet, Iraq Results Dismal",https://www.zacks.com/stock/news/2315587/western-union-wu-q2-earnings-meet-iraq-results-dismal,"Western Union's (WU) Q2 results reflect the impacts of foreign currency volatility and Business Solutions divestiture, despite transaction growth in its Branded Digital business and cost-cutting measures.",www.zacks.com,0.078512,Neutral,V,0.100168,0.075378,Neutral
2024-08-03 08:41:00,Prediction: 3 Boring Stocks That'll Be Worth More Than Nvidia by 2029,https://www.fool.com/investing/2024/08/03/prediction-3-stocks-worth-more-than-nvidia-by-2029/,"If the artificial intelligence (AI) bubble bursts -- as history suggests it will -- three unstoppable businesses, which are largely out of the spotlight, can leapfrog Nvidia.",www.fool.com,0.246384,Somewhat-Bullish,V,0.200134,0.160512,Somewhat-Bullish
2024-08-03 16:06:36,The 23 Best Stocks to Buy Now in August  ( 2024 ) ,https://www.fool.com/investing/2024/08/03/the-23-best-stocks-to-buy-now-in-august-2024/,The stock market drop in recent days has created an opportunity for investors to scoop up shares at lower prices.,www.fool.com,-0.270055,Somewhat-Bearish,V,0.358152,-0.311429,Somewhat-Bearish
2024-08-04 13:21:05,5 Top Stocks to Buy in August,https://www.fool.com/investing/2024/08/04/5-top-stocks-to-buy-in-august/,"From smaller companies chock-full of potential to proven passive-income powerhouses, there are plenty of growth, dividend, and value stocks to buy this month.",www.fool.com,0.210167,Somewhat-Bullish,V,0.27707,0.210255,Somewhat-Bullish
2024-08-05 08:10:00,"Good Stocks, Strategic Options, and a 4.5% Yield: There's a Lot to Like About This Unique ETF",https://www.fool.com/investing/2024/08/05/good-stocks-options-45-yield-etf-divo-amplify/,Covered calls can generate income from an investment portfolio but can be complex. This Amplify ETF is a simple solution.,www.fool.com,0.383209,Bullish,V,0.083251,0.199504,Somewhat-Bullish
2024-08-05 09:13:00,3 Payments Stocks That Are Screaming Buys in August,https://www.fool.com/investing/2024/08/05/payments-stocks-that-are-screaming-buys-in-august/,These three companies pack market-beating investment potential at fire-sale prices.,www.fool.com,0.284053,Somewhat-Bullish,V,0.374,0.357467,Bullish
2024-08-05 10:43:00,Zacks Investment Ideas feature highlights: Nike and Visa,https://www.zacks.com/stock/news/2315701/zacks-investment-ideas-feature-highlights-nike-and-visa,Nike and Visa have been highlighted in this Investment Ideas article.,www.zacks.com,0.287054,Somewhat-Bullish,V,0.077593,0.067815,Neutral
2024-08-05 10:45:00,2 Unstoppable Growth Stocks to Buy if There's a Stock Market Sell-Off,https://www.fool.com/investing/2024/08/05/2-unstoppable-growth-stocks-to-buy-if-theres-a-sto/,Learn how to turn a stock market sell-off into your advantage.,www.fool.com,0.259604,Somewhat-Bullish,V,0.59016,0.206601,Somewhat-Bullish
2024-08-05 12:05:00,3 Reasons This Blue Chip Stock Is a No-Stress Buy,https://www.fool.com/investing/2024/08/05/blue-chip-stock-is-a-no-stress-buy/,Any portfolio would likely benefit from this fantastic company.,www.fool.com,0.186306,Somewhat-Bullish,V,0.769861,0.225242,Somewhat-Bullish
2024-08-05 15:18:00,Analyzing Visa  ( V )  Q3 Performance: Bullish Buy or Bearish Bye?,https://www.zacks.com/stock/news/2316218/analyzing-visa-v-q3-performance-bullish-buy-or-bearish-bye,"Visa (V) is a highly profitable company, and it keeps boosting shareholder value, reflecting its operating strength.",www.zacks.com,0.287693,Somewhat-Bullish,V,0.355588,0.37077,Bullish
2024-08-05 20:00:20,Here's How Much $1000 Invested In Visa 15 Years Ago Would Be Worth Today - Visa  ( NYSE:V ) ,https://www.benzinga.com/insights/news/24/08/40170496/heres-how-much-1000-invested-in-visa-15-years-ago-would-be-worth-today,"Visa V has outperformed the market over the past 15 years by 8.14% on an annualized basis producing an average annual return of 19.71%. Currently, Visa has a market capitalization of $495.87 billion.",www.benzinga.com,0.238974,Somewhat-Bullish,V,0.95919,0.384695,Bullish
2024-08-06 10:20:07,Should You Invest in the iShares U.S. Financial Services ETF  ( IYG ) ?,https://www.zacks.com/stock/news/2316603/should-you-invest-in-the-ishares-us-financial-services-etf-iyg,Sector ETF report for ...,www.zacks.com,0.152418,Somewhat-Bullish,V,0.132733,0.054371,Neutral
2024-08-06 16:31:23,Market Whales and Their Recent Bets on Visa Options - Visa  ( NYSE:V ) ,https://www.benzinga.com/insights/options/24/08/40196385/market-whales-and-their-recent-bets-on-visa-options,"Financial giants have made a conspicuous bearish move on Visa. Our analysis of options history for Visa V revealed 9 unusual trades. Delving into the details, we found 22% of traders were bullish, while 33% showed bearish tendencies.",www.benzinga.com,0.160198,Somewhat-Bullish,V,0.903189,0.215152,Somewhat-Bullish
2024-08-06 16:58:00,"Top Stock Reports for Berkshire Hathaway, Tesla & Visa",https://www.zacks.com/research-daily/2317127/top-stock-reports-for-berkshire-hathaway-tesla-visa,"Today's Research Daily features new research reports on 16 major stocks, including Berkshire Hathaway Inc. (BRK.B), Tesla, Inc. (TSLA) and Visa Inc. (V), as well a micro-cap stock AXIL Brands, Inc. (AXIL).",www.zacks.com,0.346696,Somewhat-Bullish,V,0.199037,0.538621,Bullish
2024-08-06 19:04:52,"Caution Ahead: Visa, Macy's, Yum Brands, Target Stocks Near A Death Cross - Target  ( NYSE:TGT ) , Yum Brands  ( NYSE:YUM ) , Visa  ( NYSE:V ) , Macy's  ( NYSE:M ) ",https://www.benzinga.com/trading-ideas/technicals/24/08/40200060/caution-ahead-visa-macys-yum-brands-target-stocks-near-a-death-cross,"As the stock market grapples with volatility, four major stocks-Visa Inc V, Macy's Inc M, Yum! Brands Inc YUM, and Target Corp TGT are signaling a concerning technical pattern known as the Death Cross.",www.benzinga.com,-0.032596,Neutral,V,0.274628,0.0,Neutral
2024-08-07 11:36:00,Want to Get Rich? Buy the Dip on This Dividend-Growth Stock and Never Sell,https://www.fool.com/investing/2024/08/07/want-to-get-rich-buy-the-dip-on-this-dividend-grow/,This stalwart can provide steady returns for shareholders over the long term.,www.fool.com,0.308566,Somewhat-Bullish,V,0.550804,0.399546,Bullish
2024-08-07 12:28:00,Meet Vanguard's 3 Hottest Sector ETFs in 2024  ( and None of Them Are Tech ) ,https://www.fool.com/investing/2024/08/07/vanguard-etf-buy-growth-value-income-stock-2024/,Low-cost ETFs can be an excellent way to dip your toes into a stock market sector.,www.fool.com,0.248615,Somewhat-Bullish,V,0.080865,0.058254,Neutral
2024-08-07 16:30:25,How Is The Market Feeling About Visa? - Visa  ( NYSE:V ) ,https://www.benzinga.com/insights/short-sellers/24/08/40227349/how-is-the-market-feeling-about-visa,"Visa's V short percent of float has fallen 13.01% since its last report. The company recently reported that it has 21.24 million shares sold short, which is 1.27% of all regular shares that are available for trading. Based on its trading volume, it would take traders 2.77 days to cover their ...",www.benzinga.com,0.264538,Somewhat-Bullish,V,0.212115,0.081887,Neutral
2024-08-07 18:14:00,Global Payments  ( GPN )  Q2 Earnings Beat on Transaction Growth,https://www.zacks.com/stock/news/2318342/global-payments-gpn-q2-earnings-beat-on-transaction-growth,"Global Payments (GPN) expects EPS between $11.54 and $11.70 in 2024, which implies 11-12% growth from the 2023 figure of $10.42.",www.zacks.com,0.201822,Somewhat-Bullish,V,0.094576,0.12375,Neutral
2024-08-09 12:00:00,1 Key Risk Facing This No-Brainer Warren Buffett Stock,https://www.fool.com/investing/2024/08/09/key-risk-facing-no-brainer-warren-buffett-stock/,This dominant enterprise has an ongoing risk that can't be ignored.,www.fool.com,0.153842,Somewhat-Bullish,V,0.468029,0.317505,Somewhat-Bullish
2024-08-09 13:00:20,Investors Heavily Search Visa Inc.  ( V ) : Here is What You Need to Know,https://www.zacks.com/stock/news/2319835/investors-heavily-search-visa-inc-v-here-is-what-you-need-to-know,"Recently, Zacks.com users have been paying close attention to Visa (V). This makes it worthwhile to examine what the stock has in store.",www.zacks.com,0.22186,Somewhat-Bullish,V,0.486627,0.158685,Somewhat-Bullish
2024-08-09 18:01:00,How Should You Play Mastercard  ( MA )  Stock Post Q2 Earnings?,https://www.zacks.com/stock/news/2320285/how-should-you-play-mastercard-ma-stock-post-q2-earnings,"Mastercard (MA), being a highly profitable company, keeps boosting its shareholder value, reflecting operating strength.",www.zacks.com,0.377428,Bullish,V,0.186738,0.196648,Somewhat-Bullish
2024-08-10 13:53:00,2 Stocks to Buy In a Stock Market Sell-Off,https://www.fool.com/investing/2024/08/10/2-stocks-to-buy-in-a-stock-market-sell-off/,"In five years, these companies' recent dips will be forgotten.",www.fool.com,0.245538,Somewhat-Bullish,V,0.421485,0.331976,Somewhat-Bullish
2024-08-11 12:31:00,Prediction: These Could Be the Best-Performing Fintech Stocks Through 2030,https://www.fool.com/investing/2024/08/11/prediction-these-could-be-the-best-performing-fint/,Technology is transforming the financial market. These companies are leading the charge.,www.fool.com,0.316348,Somewhat-Bullish,V,0.168099,0.178849,Somewhat-Bullish
2024-08-12 10:16:00,American Express Stock Hit an All-Time High Recently: My Prediction for What Comes Next,https://www.fool.com/investing/2024/08/12/american-express-stock-hit-an-all-time-high-last-w/,The credit card giant continues to win among younger shoppers.,www.fool.com,0.327945,Somewhat-Bullish,V,0.190793,0.126031,Neutral
2024-08-12 17:15:49,Unpacking the Latest Options Trading Trends in Visa - Visa  ( NYSE:V ) ,https://www.benzinga.com/insights/options/24/08/40319910/unpacking-the-latest-options-trading-trends-in-visa,"Deep-pocketed investors have adopted a bearish approach towards Visa V, and it's something market players shouldn't ignore. Our tracking of public options records at Benzinga unveiled this significant move today.",www.benzinga.com,0.171678,Somewhat-Bullish,V,0.910869,0.278793,Somewhat-Bullish
2024-08-13 09:30:00,Is American Express Stock a Buy?,https://www.fool.com/investing/2024/08/13/is-american-express-stock-a-buy/,The credit card company has been a stellar long-term performer thanks to its premium brand and robust customer base.,www.fool.com,0.341076,Somewhat-Bullish,V,0.057352,0.252008,Somewhat-Bullish
2024-08-13 17:06:00,Affirm  ( AFRM )  Falls 22% in a Month: Should You Buy the Dip?,https://www.zacks.com/stock/news/2321590/affirm-afrm-falls-22-in-a-month-should-you-buy-the-dip,"While Affirm (AFRM) encounters headwinds such as higher funding costs, its strategic initiatives fetch higher merchant fees that could pave the way for recovery and sustained growth.",www.zacks.com,0.307942,Somewhat-Bullish,V,0.097062,0.119759,Neutral
2024-08-15 09:15:00,"Microsoft and These 2 Growth Stocks Aren't Passive Income Powerhouses Yet, but They Continue to Raise Their Dividends at a Rapid Rate",https://www.fool.com/investing/2024/08/15/microsoft-growth-stocks-passive-income-dividends/,"These three companies offer investors a balance of growth, income, and value.",www.fool.com,0.330852,Somewhat-Bullish,V,0.539522,0.509286,Bullish
2024-08-15 09:59:00,3 No-Brainer Billionaire-Owned Stocks to Buy Right Now,https://www.fool.com/investing/2024/08/15/3-no-brainer-billionaire-owned-stocks-to-buy-right/,Some of the wealthiest investors own these three stocks for good reasons.,www.fool.com,0.39056,Bullish,V,0.28442,0.319868,Somewhat-Bullish
2024-08-15 13:10:00,Affirm  ( AFRM )  Steers BNPL Into Auto Repair With Tekmetric Deal,https://www.zacks.com/stock/news/2322482/affirm-afrm-steers-bnpl-into-auto-repair-with-tekmetric-deal,"The alliance adds Tekmetric to Affirm's (AFRM) network of 292,000 retail partners.",www.zacks.com,0.31062,Somewhat-Bullish,V,0.219809,0.166351,Somewhat-Bullish
2024-08-16 09:55:00,Prediction: These Could Be the Next Big Stock Positions That Warren Buffett Sells,https://www.fool.com/investing/2024/08/16/prediction-these-could-be-the-next-big-stock-posit/,Why these two companies could be the next big positions Berkshire Hathaway looks to sell.,www.fool.com,0.076555,Neutral,V,0.495015,0.216174,Somewhat-Bullish
2024-08-17 10:00:00,Where Will Block Stock Be in 3 Years?,https://www.fool.com/investing/2024/08/17/where-will-block-stock-be-in-3-years/,The fintech company still faces a lot of challenges.,www.fool.com,0.21457,Somewhat-Bullish,V,0.056011,0.17895,Somewhat-Bullish
2024-08-18 13:10:00,"Visa Stock: Buy, Sell, or Hold?",https://www.fool.com/investing/2024/08/18/visa-stock-buy-sell-or-hold/,The payment card services provider is still an evergreen investment.,www.fool.com,0.0,Neutral,V,0.609763,-0.150971,Somewhat-Bearish
2024-08-19 10:01:00,Want to Get Richer? 3 Top Stocks to Buy During a Stock Market Sell-Off,https://www.fool.com/investing/2024/08/19/get-richer-top-stocks-to-buy-stock-market-sell-off/,Buying great businesses when they're on sale is an excellent wealth-building strategy.,www.fool.com,0.453268,Bullish,V,0.27432,0.30793,Somewhat-Bullish
2024-08-19 12:13:00,Warren Buffett Just Sold This Stock -- But I Think He's 100% Wrong,https://www.fool.com/investing/2024/08/19/warren-buffett-just-sold-this-stock-but-i-think-he/,We recently got a look at what stocks Berkshire Hathaway bought and sold in the second quarter. Here's a move I think Buffett and his team will regret.,www.fool.com,0.215317,Somewhat-Bullish,V,0.064449,0.075225,Neutral
2024-08-19 21:00:19,Here's How Much You Would Have Made Owning Visa Stock In The Last 15 Years - Visa  ( NYSE:V ) ,https://www.benzinga.com/insights/news/24/08/40450523/heres-how-much-you-would-have-made-owning-visa-stock-in-the-last-15-years,"Visa V has outperformed the market over the past 15 years by 8.09% on an annualized basis producing an average annual return of 20.02%. Currently, Visa has a market capitalization of $517.99 billion.",www.benzinga.com,0.238974,Somewhat-Bullish,V,0.95919,0.384695,Bullish
2024-08-20 10:55:00,Better Berkshire Hathaway Stock: Visa vs. Chubb Limited,https://www.fool.com/investing/2024/08/20/better-berkshire-hathaway-stock-visa-vs-chubb-limi/,Should you invest in the American card processing giant or the American-Swiss insurer?,www.fool.com,0.09383,Neutral,V,0.425428,0.035258,Neutral
2024-08-20 11:03:00,3 Cheap Tech Stocks to Buy Right Now,https://www.fool.com/investing/2024/08/20/3-cheap-tech-stocks-to-buy-right-now/,These tech stocks are flying under the radar but could be big winners in the long run.,www.fool.com,0.19397,Somewhat-Bullish,V,0.083107,0.090719,Neutral
2024-08-20 13:00:15,Visa Inc.  ( V )  Is a Trending Stock: Facts to Know Before Betting on It,https://www.zacks.com/stock/news/2324226/visa-inc-v-is-a-trending-stock-facts-to-know-before-betting-on-it,"Visa (V) has been one of the stocks most watched by Zacks.com users lately. So, it is worth exploring what lies ahead for the stock.",www.zacks.com,0.215069,Somewhat-Bullish,V,0.483888,0.158125,Somewhat-Bullish
2024-08-20 14:03:00,Forget Mastercard: Buy This Magnificent Payments Stock Instead,https://www.fool.com/investing/2024/08/20/forget-mastercard-buy-this-magnificent-payments-st/,"I'm a fan of the big payment processing networks, but this stock looks like a tremendous value.",www.fool.com,0.358045,Bullish,V,0.377142,0.416601,Bullish
2024-08-21 11:58:49,"As Fed Potentially Preps Lower Rates Amid Economic Challenges, Direxion Bull & Bear 3X Shares Offer Amplified Trading Opportunities - Direxion Financial Bull 3X Shares  ( ARCA:FAS ) , Direxion Financial Bear 3X Shares  ( ARCA:FAZ ) ",https://www.benzinga.com/trading-ideas/long-ideas/24/08/40482665/as-fed-potentially-preps-lower-rates-amid-economic-challenges-direxion-bull-bear-3x-shar,JPMorgan Chase & Co JPM and Goldman Sachs Group GS ranked among the top institutions in the Financial Select Sector Index that have enjoyed a robust recovery following a sharp correction in late July.,www.benzinga.com,0.140239,Neutral,V,0.106541,0.146741,Neutral
2024-08-21 18:05:52,"American Express Faces Growth Challenges, Synchrony and Capital One Emerge As Potential Alternatives: BofA Analyst - American Express  ( NYSE:AXP ) ",https://www.benzinga.com/news/24/08/40492134/american-express-faces-growth-challenges-synchrony-and-capital-one-emerge-as-potential-alternatives,"B of A Securities analyst Kenneth Bruce downgraded American Express Co AXP from Buy to Neutral with a price target of $263. The stock price slid after the rerating. Given the potential for subdued billings volume growth and current premium valuation, Bruce sees limited incremental upside for the ...",www.benzinga.com,0.200243,Somewhat-Bullish,V,0.207571,-0.361888,Bearish
2024-08-22 08:41:00,3 Historically Unstoppable Dow Stocks That Have Billionaire Money Managers Headed for the Exit,https://www.fool.com/investing/2024/08/22/3-unstoppable-dow-stocks-billionaires-are-selling/,"Out of the Dow's 30 time-tested components, there are three brand-name outperformers that billionaire asset managers dumped in the June-ended quarter.",www.fool.com,0.254989,Somewhat-Bullish,V,0.309377,0.16287,Somewhat-Bullish
2024-08-22 13:45:00,2 Warren Buffett Stocks That Are Screaming Buys Right Now,https://www.fool.com/investing/2024/08/22/2-warren-buffett-stocks-that-are-screaming-buys/,"These stocks are primed to provide long-term, cash-flow growth.",www.fool.com,0.379044,Bullish,V,0.456884,0.439722,Bullish
2024-08-22 15:30:46,Why Is Visa  ( V )  Up 5.5% Since Last Earnings Report?,https://www.zacks.com/stock/news/2325803/why-is-visa-v-up-55-since-last-earnings-report,Visa (V) reported earnings 30 days ago. What's next for the stock? We take a look at earnings estimates for some clues.,www.zacks.com,0.11557,Neutral,V,0.414559,0.240129,Somewhat-Bullish
2024-08-22 16:16:40,Behind the Scenes of Visa's Latest Options Trends - Visa  ( NYSE:V ) ,https://www.benzinga.com/insights/options/24/08/40512238/behind-the-scenes-of-visas-latest-options-trends,"Investors with a lot of money to spend have taken a bullish stance on Visa V. We noticed this today when the trades showed up on publicly available options history that we track here at Benzinga. Whether these are institutions or just wealthy individuals, we don't know.",www.benzinga.com,0.164119,Somewhat-Bullish,V,0.842959,0.204943,Somewhat-Bullish
2024-08-23 13:45:00,Warren Buffett's Biggest Bets in 2024: 40% of Berkshire Hathaway's $276.9 Billion Stock Portfolio Is Held in Just 2 Stocks,https://www.fool.com/investing/2024/08/23/warren-buffetts-biggest-bets-in-2024-billion/,"Buffett has been making some huge moves lately, and these two stocks are his company's biggest bets.",www.fool.com,0.275804,Somewhat-Bullish,V,0.089295,0.14514,Neutral
2024-08-23 15:00:39,Performance Comparison: Visa And Competitors In Financial Services Industry - Visa  ( NYSE:V ) ,https://www.benzinga.com/insights/news/24/08/40530079/performance-comparison-visa-and-competitors-in-financial-services-industry,"In the dynamic and cutthroat world of business, conducting thorough company analysis is essential for investors and industry experts. In this article, we will undertake a comprehensive industry comparison, evaluating Visa V and its primary competitors in the Financial Services industry.",www.benzinga.com,0.21905,Somewhat-Bullish,V,0.589589,0.274253,Somewhat-Bullish
2024-08-23 18:07:59,"BILL Holdings' Growth Prospects Clouded By Investment Pressures, Legal Concerns: Goldman Sachs Downgrades Stock - BILL Holdings  ( NYSE:BILL ) ",https://www.benzinga.com/news/24/08/40534022/bill-holdings-growth-prospects-clouded-by-investment-pressures-legal-concerns-goldman-sachs-downgrad,"BILL Holdings, Inc BILL stock traded lower Friday after multiple firms lowered their price targets. The firms included Goldman Sachs, Keefe, Bruyette & Woods, Susquehanna, Baird, and Evercore ISI.",www.benzinga.com,-0.012106,Neutral,V,0.193465,0.020789,Neutral
2024-08-24 09:15:00,Where Will Chipotle Mexican Grill Be in 5 Years?,https://www.fool.com/investing/2024/08/24/where-will-chipotle-mexican-grill-be-in-5-years/,"All of a sudden, it's not so clear.",www.fool.com,0.171487,Somewhat-Bullish,V,0.053629,-0.043803,Neutral
2024-08-25 07:37:00,3 Reasons to Buy Visa Stock Like There's No Tomorrow,https://www.fool.com/investing/2024/08/25/3-reasons-to-buy-visa-stock-like-no-tomorrow/,Most investors would agree that Visa is one of the best businesses in the world.,www.fool.com,0.383253,Bullish,V,0.617346,0.586388,Bullish
2024-08-25 09:44:00,Where Will Visa Be in 5 Years?,https://www.fool.com/investing/2024/08/25/where-will-visa-be-in-5-years/,Shares of this dominant payment platform have trailed the broader market in recent years.,www.fool.com,0.186335,Somewhat-Bullish,V,0.592742,0.252583,Somewhat-Bullish
2024-08-26 10:20:06,Should You Invest in the Fidelity MSCI Financials Index ETF  ( FNCL ) ?,https://www.zacks.com/stock/news/2326755/should-you-invest-in-the-fidelity-msci-financials-index-etf-fncl,Sector ETF report for ...,www.zacks.com,0.17592,Somewhat-Bullish,V,0.127456,0.030952,Neutral
2024-08-26 12:43:01,"Sherwin-Williams, Visa And NNN REIT On CNBC's Final Trades - NNN REIT  ( NYSE:NNN ) ",https://www.benzinga.com/trading-ideas/long-ideas/24/08/40551009/sherwin-williams-visa-nnn-reit-and-more-on-cnbcs-final-trades,"Joshua Brown of Ritholtz Wealth Management named The Sherwin-Williams Company SHW as his final trade during the latest CNBC ""Halftime Report."" Sherwin-Williams hit a fresh all-time high on Friday. The chart looks like a new breakout is in progress, he noted.",www.benzinga.com,0.20164,Somewhat-Bullish,V,0.432291,0.088055,Neutral
2024-08-26 13:53:00,Should You Buy Visa While It's Below $275?,https://www.fool.com/investing/2024/08/26/should-you-buy-visa-while-its-below-275/,"Business is great and margins are high, yet it hasn't been popular lately with Mr. Market.",www.fool.com,0.181245,Somewhat-Bullish,V,0.63878,0.290054,Somewhat-Bullish
2024-08-27 11:19:58,"Contactless Payments Market Worth $91.80 Billion, Globally, by 2031 - Exclusive Report by The Insight Partners",https://www.benzinga.com/pressreleases/24/08/g40572409/contactless-payments-market-worth-91-80-billion-globally-by-2031-exclusive-report-by-the-insight-p,"US & Canada, Aug. 27, 2024 ( GLOBE NEWSWIRE ) -- North America is the second-largest contributor to the global Contactless Payments Market.",www.benzinga.com,0.238865,Somewhat-Bullish,V,0.025487,0.096482,Neutral
2024-08-27 14:10:42,What's Going On With Visa Stock Tuesday? - Visa  ( NYSE:V ) ,https://www.benzinga.com/markets/equities/24/08/40578411/whats-going-on-with-visa-stock-tuesday,Visa Inc. V shares are trading marginally higher on Tuesday. The company launched its Money Movement Advisory Practice in the U.S. and Canada through Visa Consulting & Analytics ( VCA ) .,www.benzinga.com,0.356415,Bullish,V,0.677342,0.589275,Bullish
2024-08-27 16:34:00,Visa to Enhance Digital Payments With New Advisory Service,https://www.zacks.com/stock/news/2327864/visa-to-enhance-digital-payments-with-new-advisory-service,Continuous addition of such new value-added services helps V to stay in the leading position in the payments landscape.,www.zacks.com,0.393967,Bullish,V,0.534294,0.554217,Bullish
2024-08-28 09:50:00,Here's Why My Top Dow Dividend Stock to Buy in August Is Still My Pick for September,https://www.fool.com/investing/2024/08/28/buy-dow-dividend-stock-visa-august-september/,"Lower interest rates can help economic growth, but a recession would be bad for payment processors.",www.fool.com,0.066529,Neutral,V,0.817578,0.147294,Neutral
2024-08-28 10:07:05,"Amazon Emerges As Hedge Funds' Top Stock Choice In Q2, Surpassing Microsoft With 411 Holders - Apple  ( NASDAQ:AAPL ) , Accenture  ( NYSE:ACN ) ",https://www.benzinga.com/markets/equities/24/08/40595645/amazon-emerges-as-hedge-funds-top-stock-choice-in-q2-surpassing-microsoft-with-411-holders,"Amazon.com Inc. AMZN has emerged as the most popular stock among hedge funds by the end of the second quarter. What Happened: Amazon, the e-commerce and cloud computing giant, was held by 411 hedge funds at the end of June, marking a net increase of 13 investors from the previous quarter, ...",www.benzinga.com,0.176605,Somewhat-Bullish,V,0.158519,-0.044608,Neutral
2024-08-28 10:20:06,Should You Invest in the Financial Select Sector SPDR ETF  ( XLF ) ?,https://www.zacks.com/stock/news/2328013/should-you-invest-in-the-financial-select-sector-spdr-etf-xlf,Sector ETF report for ...,www.zacks.com,0.168733,Somewhat-Bullish,V,0.1331,0.037973,Neutral
2024-08-28 18:58:40,"Visa to Enhance Digital Payments With New Advisory Service - Fidelity National Info  ( NYSE:FIS ) , PaySign  ( NASDAQ:PAYS ) ",https://www.benzinga.com/news/earnings/24/08/40584144/visa-to-enhance-digital-payments-with-new-advisory-service,"Visa Inc. V has recently launched a new service called the Money Movement Advisory Practice in the United States and Canada. This service, offered by its Visa Consulting & Analytics arm, aims to help businesses and partners navigate the complex world of digital payments, which includes various ...",www.benzinga.com,0.404573,Bullish,V,0.491488,0.541777,Bullish
2024-08-28 20:15:00,"Top Analyst Reports for Linde, AstraZeneca & Walt Disney",https://www.zacks.com/research-daily/2328320/top-analyst-reports-for-linde-astrazeneca-walt-disney,"Today's Research Daily features new research reports on 16 major stocks, including Visa Inc. (V), AstraZeneca PLC (AZN) and The Walt Disney Company (DIS), as well as two micro-cap stocks FitLife Brands, Inc. (FTLF) and Utah Medical Products, Inc. (UTMD).",www.zacks.com,0.276606,Somewhat-Bullish,V,0.148731,0.438488,Bullish
2024-08-28 21:45:15,Visa  ( V )  Stock Moves -0.57%: What You Should Know,https://www.zacks.com/stock/news/2328573/visa-v-stock-moves--057-what-you-should-know,"Visa (V) closed at $269.19 in the latest trading session, marking a -0.57% move from the prior day.",www.zacks.com,0.201757,Somewhat-Bullish,V,0.590482,0.24892,Somewhat-Bullish
2024-08-29 09:40:00,"The Zacks Analyst Blog Highlights Visa, AstraZeneca, Disney, FitLife Brands and Utah Medical",https://www.zacks.com/stock/news/2328651/the-zacks-analyst-blog-highlights-visa-astrazeneca-disney-fitlife-brands-and-utah-medical,"Visa, AstraZeneca, Disney, FitLife Brands and Utah Medical are included in this Analyst Blog.",www.zacks.com,0.242943,Somewhat-Bullish,V,0.272354,0.300183,Somewhat-Bullish
2024-08-29 13:34:00,"3 Fintech Stocks to Buy: AFRM, UPST, PYPL",https://www.zacks.com/commentary/2328837/3-fintech-stocks-to-buy-afrm-upst-pypl,New economy fintech and payment stocks exhibit strong growth and bullish prospects. Affirm's bullish earnings report last night should bolster this market segment further into 2025.,www.zacks.com,0.320176,Somewhat-Bullish,V,0.142989,0.184763,Somewhat-Bullish
2024-08-29 13:42:00,Worried About a Recession? Buy These 2 Top Dividend Stocks and Relax.,https://www.fool.com/investing/2024/08/29/worried-about-a-recession-buy-these-x-top-dividend/,These are both Warren Buffett stocks -- and Buffett knows how to pick a good dividend stock.,www.fool.com,0.234315,Somewhat-Bullish,V,0.436009,0.337094,Somewhat-Bullish
2024-08-29 18:29:00,"Affirm Holdings Q4 Loss Narrows Y/Y, GMV Outlook Raised",https://www.zacks.com/stock/news/2329196/affirm-holdings-q4-loss-narrows-yy-gmv-outlook-raised,AFRM expects GMV of more than $33.5 billion in fiscal 2025.,www.zacks.com,0.191859,Somewhat-Bullish,V,0.087663,0.121789,Neutral
2024-08-29 18:31:00,"AmEx Stock Rallies 37.2% YTD: Time to Buy, Sell or Hold?",https://www.zacks.com/stock/news/2329197/amex-stock-rallies-372-ytd-time-to-buy-sell-or-hold,"AXP continues to benefit from new card acquisitions, fee growth and improved net interest income.",www.zacks.com,0.44523,Bullish,V,0.090134,0.22607,Somewhat-Bullish
2024-08-30 07:06:00,Is Visa a Millionaire Maker?,https://www.fool.com/investing/2024/08/30/is-visa-a-millionaire-maker/,This boring business can still generate excitement in your portfolio.,www.fool.com,0.199302,Somewhat-Bullish,V,0.846022,0.237295,Somewhat-Bullish
2024-08-30 15:31:28,MasterCard  ( MA )  Up 4% Since Last Earnings Report: Can It Continue?,https://www.zacks.com/stock/news/2329787/mastercard-ma-up-4-since-last-earnings-report-can-it-continue,MasterCard (MA) reported earnings 30 days ago. What's next for the stock? We take a look at earnings estimates for some clues.,www.zacks.com,0.195807,Somewhat-Bullish,V,0.176502,0.050613,Neutral
2024-08-30 15:46:11,A Closer Look at Visa's Options Market Dynamics - Visa  ( NYSE:V ) ,https://www.benzinga.com/insights/options/24/08/40656389/a-closer-look-at-visas-options-market-dynamics,"Deep-pocketed investors have adopted a bullish approach towards Visa V, and it's something market players shouldn't ignore. Our tracking of public options records at Benzinga unveiled this significant move today.",www.benzinga.com,0.203487,Somewhat-Bullish,V,0.773257,0.375008,Bullish
2024-08-31 09:25:00,2 No-Brainer Fintech Stocks to Buy With $200 Right Now,https://www.fool.com/investing/2024/08/31/2-no-brainer-fintech-stocks-to-buy-with-200-right/,These two companies can add huge upside potential to your portfolio.,www.fool.com,0.399116,Bullish,V,0.505874,0.509295,Bullish
