time,title,url,summary,source,overall_sentiment_score,overall_sentiment_label,ticker,ticker_relevance_score,ticker_sentiment_score,ticker_sentiment_label
2024-04-01 05:30:00,Trump Is Taking Aim at Biden's Climate Law. Which Stocks Could Dodge the Bullet.,https://www.barrons.com/amp/articles/trump-climate-repeal-stocks-8507e68c,Trump Is Taking Aim at Biden Climate Law. Which Stocks Could Dodge the Bullet. ...,www.barrons.com,0.219839,Somewhat-Bullish,XOM,0.041828,0.094354,Neutral
2024-04-01 08:00:00,Exploring the Growth Trajectory and Benefits of Mulch Films in Agriculture and Horticulture,https://www.benzinga.com/pressreleases/24/04/g38017010/exploring-the-growth-trajectory-and-benefits-of-mulch-films-in-agriculture-and-horticulture,"Chicago, April 01, 2024 ( GLOBE NEWSWIRE ) -- The global mulch films market is expected to grow significantly, reaching a value of USD 10.6 billion by 2028, up from USD 7.8 billion in 2023, with a projected compound annual growth rate ( CAGR ) of 6.5% during the forecast period.",www.benzinga.com,0.283015,Somewhat-Bullish,XOM,0.040011,0.0,Neutral
2024-04-01 10:20:05,Should Vanguard Russell 1000 Value ETF  ( VONV )  Be on Your Investing Radar?,https://www.zacks.com/stock/news/2248125/should-vanguard-russell-1000-value-etf-vonv-be-on-your-investing-radar,Style Box ETF report for ...,www.zacks.com,0.262762,Somewhat-Bullish,XOM,0.130571,0.069241,Neutral
2024-04-01 10:20:07,Is iShares Core S&P U.S. Value ETF  ( IUSV )  a Strong ETF Right Now?,https://www.zacks.com/stock/news/2248117/is-ishares-core-sp-us-value-etf-iusv-a-strong-etf-right-now,Smart Beta ETF report for ...,www.zacks.com,0.287526,Somewhat-Bullish,XOM,0.11894,-0.019565,Neutral
2024-04-01 11:00:00,Current Climate: $6 Billion To Turn Heavy Industry Green,https://www.forbes.com/sites/amyfeldman/2024/04/01/current-climate-6-billion-to-turn-heavy-industry-green-biden-administration-battery-materials-green-hydrogen/,"ndustries like steel, cement, chemicals and aluminum account for around one-quarter of the nation's greenhouse gas emissions. To help clean them up, the Biden Administration announced it would spend $6 billion on new technologies that could drastically cut these industrial emissions.",www.forbes.com,0.138045,Neutral,XOM,0.034933,0.202343,Somewhat-Bullish
2024-04-01 12:45:00,Ford Motor and J&J Snack Foods have been highlighted as Zacks Bull and Bear of the Day,https://www.zacks.com/stock/news/2248190/ford-motor-and-jj-snack-foods-have-been-highlighted-as-zacks-bull-and-bear-of-the-day,"Chicago, IL - April 1, 2024 - Zacks Equity Research shares Ford Motor ( F Quick QuoteF - ) as the Bull of the Day and J&J Snack Foods ( JJSF Quick QuoteJJSF - ) as the Bear of the Day.",www.zacks.com,0.323343,Somewhat-Bullish,XOM,0.114137,0.201711,Somewhat-Bullish
2024-04-01 12:45:48,"FanDuel Success Drives Flutter To Seek Primary Listing On NYSE - CRH  ( NYSE:CRH ) , Roundhill Sports Betting & iGaming ETF  ( ARCA:BETZ ) ",https://www.benzinga.com/news/earnings/24/04/38021303/fanduel-success-drives-flutter-to-seek-primary-listing-on-nyse,FanDuel parent company Flutter Entertainment Plc FLUT plans to switch its primary listing from London to New York. What Happened: Dublin-based Flutter asked shareholders on Monday to vote on May 1 to approve a shift in its primary listing to the U.S.,www.benzinga.com,0.306625,Somewhat-Bullish,XOM,0.066047,0.0,Neutral
2024-04-01 14:54:00,ExxonMobil  ( XOM )  & CNOOC Challenge Chevron's Guyana Acquisition,https://www.zacks.com/stock/news/2248543/exxonmobil-xom-cnooc-challenge-chevrons-guyana-acquisition,"ExxonMobil (XOM) and CNOOC join forces against Chevron-Hess over Guyana's Stabroek Block, reshaping the future of offshore drilling.",www.zacks.com,0.128615,Neutral,XOM,0.551622,0.139398,Neutral
2024-04-01 16:32:33,Amazon To Rally Around 20%? Here Are 10 Top Analyst Forecasts For Monday - Amazon.com  ( NASDAQ:AMZN ) ,https://www.benzinga.com/news/24/04/38027506/amazon-to-rally-around-20-here-are-10-top-analyst-forecasts-for-monday,"Top Wall Street analysts changed their outlook on these top names. For a complete view of all analyst rating changes, including upgrades and downgrades, please see our analyst ratings page. Wells Fargo boosted the price target for Airbnb, Inc. ABNB from $107 to $127.",www.benzinga.com,0.184651,Somewhat-Bullish,XOM,0.236588,0.29498,Somewhat-Bullish
2024-04-01 19:47:39,Gold prices are at an all-time high-but experts like Warren Buffett don't always recommend investing,https://www.cnbc.com/2024/04/01/gold-prices-hit-all-time-high-what-to-know-before-investing.html,"Analysts say the environment for gold may be getting rosier this year, but think twice before making it a major component of your portfolio.",www.cnbc.com,0.223926,Somewhat-Bullish,XOM,0.044141,0.106044,Neutral
2024-04-01 22:42:18,Vermont advances bill requiring fossil fuel companies pay for damage caused by climate change,https://apnews.com/article/climate-change-superfund-vermont-oil-companies-2772ade2cc3c78d93e2dbd37ed8f0a75,The Vermont Legislature is advancing legislation requiring big fossil fuel companies pay a share of the damage caused by climate change after the state suffered and damage from other extreme weather.,apnews.com,0.03873,Neutral,XOM,0.051441,-0.168463,Somewhat-Bearish
2024-04-02 10:20:06,Should iShares S&P 500 Value ETF  ( IVE )  Be on Your Investing Radar?,https://www.zacks.com/stock/news/2248841/should-ishares-sp-500-value-etf-ive-be-on-your-investing-radar,Style Box ETF report for IVE ...,www.zacks.com,0.262891,Somewhat-Bullish,XOM,0.122269,-0.01981,Neutral
2024-04-02 14:32:20,"For ExxonMobil, Data Is Much More Than Just The New Oil",https://www.forbes.com/sites/randybean/2024/04/02/for-exxonmobil-data-is-much-more-than-just-the-new-oil/,"In recent years, there have been many ambitious claims made regarding the power of data. One of the most extravagant claims has been that data is the new oil! A 2017 Economist article went so far as to argue that The world's most valuable resource is not oil, but data.",www.forbes.com,0.227507,Somewhat-Bullish,XOM,0.5053,0.310714,Somewhat-Bullish
2024-04-02 14:50:00,"Aerosol Propellants Market Size is projected to reach USD 16.55 billion by 2031, growing at a CAGR of 6.4%: Straits Research",https://www.benzinga.com/pressreleases/24/04/g38049801/aerosol-propellants-market-size-is-projected-to-reach-usd-16-55-billion-by-2031-growing-at-a-cagr-,"New York, United States, April 02, 2024 ( GLOBE NEWSWIRE ) -- Aerosols are pressurized dosage forms that include one or more active ingredients ( product concentrate and propellant ) and discharge a fine dispersion of the product concentrate into a gaseous medium when triggered.",www.benzinga.com,0.231036,Somewhat-Bullish,XOM,0.035929,-0.050303,Neutral
2024-04-02 16:15:42,Check Out What Whales Are Doing With XOM - Exxon Mobil  ( NYSE:XOM ) ,https://www.benzinga.com/insights/options/24/04/38052220/check-out-what-whales-are-doing-with-xom,"Deep-pocketed investors have adopted a bullish approach towards Exxon Mobil XOM, and it's something market players shouldn't ignore. Our tracking of public options records at Benzinga unveiled this significant move today.",www.benzinga.com,0.214156,Somewhat-Bullish,XOM,0.723894,0.276715,Somewhat-Bullish
2024-04-02 16:56:00,Warren Buffett's Favorite Stock Nears Buy Point As Oil Eyes $90,https://www.investors.com/news/warren-buffett-stock-nears-buy-point-oil-prices-90/,"Warren Buffett-backed Occidental Petroleum ( OXY ) approached a buy point Tuesday as energy stocks appear to be picking up steam with oil prices trading solidly above $80 per barrel. Meanwhile, OPEC+ is set to assess market conditions this week, but expectations are that current output policies ...",www.investors.com,0.091949,Neutral,XOM,0.200688,0.196653,Somewhat-Bullish
2024-04-02 20:53:16,"Value Stock Strategist Sees Energy Trade Still In 'Early Innings' - Chevron  ( NYSE:CVX ) , ConocoPhillips  ( NYSE:COP ) ",https://www.benzinga.com/news/24/04/38058793/value-stock-strategist-sees-energy-trade-still-in-early-innings,"Energy stocks outperformed the broader market in the first quarter of 2024, and energy was the best performing sector in the S&P 500 in March. Tracey Ryniec, Value Stock Strategist at Zacks, joined Benzinga's ""PreMarket Prep"" Monday and discussed what the sector's recent outperformance could mean ...",www.benzinga.com,0.278763,Somewhat-Bullish,XOM,0.181137,0.232581,Somewhat-Bullish
2024-04-02 21:45:19,Exxon Mobil  ( XOM )  Rises As Market Takes a Dip: Key Facts,https://www.zacks.com/stock/news/2249387/exxon-mobil-xom-rises-as-market-takes-a-dip-key-facts,"The latest trading day saw Exxon Mobil (XOM) settling at $119.28, representing a +1.96% change from its previous close.",www.zacks.com,0.214332,Somewhat-Bullish,XOM,0.653175,0.231935,Somewhat-Bullish
2024-04-03 08:39:00,"Up 11% in 1 Month, Is ExxonMobil About to Hit a New All-Time High?",https://www.fool.com/investing/2024/04/03/up-11-in-1-month-is-exxonmobil-about-to-hit-a-new/,ExxonMobil could hit a half-trillion-dollar market cap in 2024.,www.fool.com,0.149239,Neutral,XOM,0.348103,0.2151,Somewhat-Bullish
2024-04-03 10:20:06,Should You Invest in the iShares U.S. Energy ETF  ( IYE ) ?,https://www.zacks.com/stock/news/2249508/should-you-invest-in-the-ishares-us-energy-etf-iye,Sector ETF report for ...,www.zacks.com,0.230383,Somewhat-Bullish,XOM,0.135347,0.071708,Neutral
2024-04-03 12:04:00,3 Goldman Sachs Mutual Funds to Build a Solid Portfolio,https://www.zacks.com/stock/news/2249650/3-goldman-sachs-mutual-funds-to-build-a-solid-portfolio,"Invest in Goldman Sachs mutual funds like GMNPX, GMZPX and GGYPX, which have given excellent returns amid volatile market conditions and are expected to perform well in the future, too.",www.zacks.com,0.281006,Somewhat-Bullish,XOM,0.050044,0.049518,Neutral
2024-04-03 14:52:00,3 Permian Stocks to Watch as Crude Oil Price is Above $80,https://www.zacks.com/stock/news/2249869/3-permian-stocks-to-watch-as-crude-oil-price-is-above-80,"Improving Permian production amid healthy oil prices raises the incentive to keep an eye on companies like ExxonMobil (XOM), Chevron (CVX) and Diamondback Energy (FANG).",www.zacks.com,0.401482,Bullish,XOM,0.451494,0.495986,Bullish
2024-04-03 17:05:31,"Crude Oil Climbs To 5-Month High In Q1, Analysts Expect High Prices To Persist In Q2 - Chevron  ( NYSE:CVX ) , ConocoPhillips  ( NYSE:COP ) ",https://www.benzinga.com/markets/equities/24/04/38074584/crude-oil-climbs-to-5-month-high-in-q1-analysts-expect-high-prices-to-persist-in-q2,"Oil prices surged during the first quarter of 2024 as the supply/demand outlook tightened and global geopolitical concerns intensified, pushing both U.S. and European benchmark crude futures to five month highs.",www.benzinga.com,0.0098,Neutral,XOM,0.089797,0.195498,Somewhat-Bullish
2024-04-04 10:45:00,Energy Woes: Exxon Mobil Warns Of Lower Q1 Earnings - Exxon Mobil  ( NYSE:XOM ) ,https://www.benzinga.com/markets/equities/24/04/38086558/energy-woes-exxon-mobil-warns-of-lower-q1-earnings,Exxon Mobil Corporation XOM shares are trading lower after the company signaled weak oil and gas prices to impact first-quarter FY24 results. The company anticipates that fluctuations in gas prices will negatively influence its first-quarter upstream results by between $ ( 0.6 ) billion and $ ( ...,www.benzinga.com,0.162394,Somewhat-Bullish,XOM,0.782378,0.172315,Somewhat-Bullish
2024-04-04 11:54:00,3 Large-Cap Value Mutual Funds to Add to Your Portfolio,https://www.zacks.com/stock/news/2250321/3-large-cap-value-mutual-funds-to-add-to-your-portfolio,"Invest in large-cap value funds like DRGVX, PEQSX and IPEIX to preserve your capital and generate future returns.",www.zacks.com,0.244284,Somewhat-Bullish,XOM,0.043186,0.051646,Neutral
2024-04-04 12:15:00,This Ultra-High-Yield Dividend Stock Is Miles Ahead of Its Industry. Is It a Buy?,https://www.fool.com/investing/2024/04/04/this-ultra-high-yield-dividend-stock-is-miles-ahea/,"Enterprise Products Partners highlighted how difficult the energy industry environment was in 2023, but it still posted record results.",www.fool.com,0.315152,Somewhat-Bullish,XOM,0.048133,0.187823,Somewhat-Bullish
2024-04-04 12:49:56,Meet the French oil major that balances growth and greenery,https://www.economist.com/business/2024/04/04/meet-the-french-oil-major-that-balances-growth-and-greenery,"""T El Dorado for us, an energy El Dorado,"" declared Patrick Pouyanné, boss of TotalEnergies, last month at Week, the energy industry's annual shindig in Houston.",www.economist.com,0.201056,Somewhat-Bullish,XOM,0.045224,-0.020975,Neutral
2024-04-04 14:03:00,Oil Prices Holds Above $85 As Israel Braces For Iran Response,https://www.investors.com/news/oil-prices-holds-above-85-israel-iran-response/,"U.S. oil prices are at five-month highs this week on rising concerns of open conflict between Israel and Iran after an airstrike killed top Iranian military officials in Syria on Monday. Iran has vowed to respond to the airstrike, Reuters reported, which they claim targeted an Iranian consulate ...",www.investors.com,-0.128677,Neutral,XOM,0.104683,0.137012,Neutral
2024-04-04 14:10:00,3 Stocks Poised to Benefit From US Clean Energy Transition,https://www.zacks.com/stock/news/2250581/3-stocks-poised-to-benefit-from-us-clean-energy-transition,"ExxonMobil (XOM), Chevron (CVX) and Occidental (OXY) distinguish themselves in the energy sector, displaying appealing clean energy profiles that are poised for gains in 2024.",www.zacks.com,0.343002,Somewhat-Bullish,XOM,0.187827,0.05257,Neutral
2024-04-04 14:24:00,ExxonMobil  ( XOM )  Expects Dip in Q1 Profits Amid Weak Prices,https://www.zacks.com/stock/news/2250589/exxonmobil-xom-expects-dip-in-q1-profits-amid-weak-prices,"ExxonMobil's (XOM) upstream earnings are expected to decline by $200-$600 million, as natural gas prices plummet to multi-year lows.",www.zacks.com,0.27267,Somewhat-Bullish,XOM,0.401331,0.416815,Bullish
2024-04-04 21:05:00,How to Create a Stock Portfolio that Pays $100 a Month,https://www.zacks.com/stock/news/2250736/how-to-create-a-stock-portfolio-that-pays-100-a-month,Forget buying a CD. Here's how to set yourself up with individual stocks that will net you passive income.,www.zacks.com,0.226183,Somewhat-Bullish,XOM,0.377142,0.408411,Bullish
2024-04-05 00:10:00,US Denies Secret Bases In Venezuela-Guyana Border Row,https://www.barrons.com/news/us-denies-secret-bases-in-venezuela-guyana-border-row-2c906975,"The United States on Thursday denied Venezuelan President Nicolas Maduro's claim that Washington is building secret military bases in Essequibo, an oil-rich region of Guyana that Caracas claims as its territory. ""There's no plans for a secret military base,"" White House National Security Council ...",www.barrons.com,-0.145856,Neutral,XOM,0.151539,-0.019675,Neutral
2024-04-05 02:01:10,"Exclusive | Meet Jack Lau, the Hongkonger spearheading Qatar Science and Technology Park",https://www.scmp.com/business/article/3257901/when-qatar-was-seeking-head-its-science-and-technology-park-it-called-hongkonger-heres-why,An impromptu stopover in Qatar for a university lecture led to a surprising 'perpetual contact' for Hongkonger Jack Lau to spearhead the state's drive into new cutting-edge science and technology.,www.scmp.com,0.254163,Somewhat-Bullish,XOM,0.049835,0.0,Neutral
2024-04-05 08:14:00,2 Top Energy Stocks to Buy in April,https://www.fool.com/investing/2024/04/05/2-top-energy-stocks-to-buy-in-april/,ExxonMobil and Chevron are two top energy stocks to buy this month.,www.fool.com,0.247585,Somewhat-Bullish,XOM,0.617765,0.383216,Bullish
2024-04-05 09:40:29,"China's overcapacity, exports in the cross hairs as Janet Yellen gets to work",https://www.scmp.com/economy/china-economy/article/3257994/janet-yellen-china-overcapacity-high-agenda-secretary-takes-swipe-exports,"China's overcapacity is all but certain to be the main point of contention in coming talks with Janet Yellen, as the US Treasury secretary has begun her trip with strong words on the subject.",www.scmp.com,0.040469,Neutral,XOM,0.0378,0.0,Neutral
2024-04-05 11:35:00,"If You Like ExxonMobil, Then You'll Love These 2 High-Yield Energy Majors",https://www.fool.com/investing/2024/04/05/exxonmobil-plus-2-high-yield-dividend-stocks/,"ExxonMobil, Chevron, and Equinor pay attractive dividends and are foundational energy stocks that you can build a portfolio around.",www.fool.com,0.279831,Somewhat-Bullish,XOM,0.122685,0.102014,Neutral
2024-04-05 12:34:00,Murphy USA and Capri have been highlighted as Zacks Bull and Bear of the Day,https://www.zacks.com/stock/news/2251014/murphy-usa-and-capri-have-been-highlighted-as-zacks-bull-and-bear-of-the-day,"Chicago, IL - April 5, 2024 - Zacks Equity Research shares Murphy USA ( MUSA Quick QuoteMUSA - ) as the Bull of the Day and Capri Holdings ( CPRI Quick QuoteCPRI - ) as the Bear of the Day.",www.zacks.com,0.254987,Somewhat-Bullish,XOM,0.118764,0.040867,Neutral
2024-04-05 13:00:14,Investors Heavily Search Exxon Mobil Corporation  ( XOM ) : Here is What You Need to Know,https://www.zacks.com/stock/news/2251059/investors-heavily-search-exxon-mobil-corporation-xom-here-is-what-you-need-to-know,"Exxon (XOM) has received quite a bit of attention from Zacks.com users lately. Therefore, it is wise to be aware of the facts that can impact the stock's prospects.",www.zacks.com,0.222265,Somewhat-Bullish,XOM,0.103109,0.036313,Neutral
2024-04-05 14:46:16,Exxon Mobil Unusual Options Activity For April 05 - Exxon Mobil  ( NYSE:XOM ) ,https://www.benzinga.com/insights/options/24/04/38111485/exxon-mobil-unusual-options-activity-for-april-05,"Whales with a lot of money to spend have taken a noticeably bullish stance on Exxon Mobil. Looking at options history for Exxon Mobil XOM we detected 13 trades. If we consider the specifics of each trade, it is accurate to state that 53% of the investors opened trades with bullish expectations ...",www.benzinga.com,0.112952,Neutral,XOM,0.745397,0.145849,Neutral
2024-04-05 17:45:00,"Chevron, ExxonMobil and BP Flagged as Major Global CO2 Emitters",https://investingnews.com/biggest-global-emitters/,"A new report produced by InfluenceMap sheds light on the environmental impact of the world's largest oil, gas, coal and cement producers, quantifying their contributions to global fossil fuel emissions. It focuses on 122 industrial producers, tracing their cumulative historical emissions from ...",investingnews.com,0.096233,Neutral,XOM,0.071784,0.0,Neutral
2024-04-05 17:56:00,Brian's Big Idea on Oil,https://www.zacks.com/stock/news/2251409/brians-big-idea-on-oil,Oil prices are moving higher here are 3 stocks in that space worth a deeper look.,www.zacks.com,0.042732,Neutral,XOM,0.31482,0.199009,Somewhat-Bullish
2024-04-05 20:03:00,Profit With An Iron Condor In This Energy Giant,https://www.investors.com/research/options/exxon-stock-today-short-iron-condor-spread/,Exxon Stock Today: How To Profit From A Short Iron Condor Spread Investor's Business Daily ...,www.investors.com,0.134242,Neutral,XOM,0.175859,-0.0297,Neutral
2024-04-05 20:12:00,Cathie Wood Says Elon Musk Is Saving the World. Jay Powell? Not So Much.,https://www.barrons.com/amp/articles/ark-invest-cathie-wood-tesla-elon-musk-fed-powell-98101f19,ARK Invest's Cathie Wood Says Tesla's Elon Musk Is Saving the World. Fed's Powell? Not So Much. ...,www.barrons.com,0.153701,Somewhat-Bullish,XOM,0.027925,0.031139,Neutral
2024-04-05 20:41:09,"Oil Is Up, These 3 Energy Stocks Are Set to Reward Investors",https://www.fool.com/investing/2024/04/05/oil-is-up-these-3-energy-stocks-are-set-to-reward/,Higher oil prices could give these oil stocks more fuel to return cash to shareholders.,www.fool.com,0.222255,Somewhat-Bullish,XOM,0.080188,-0.014635,Neutral
2024-04-07 09:25:00,3 Magnificent Vanguard ETFs to Buy and Hold Forever,https://www.fool.com/investing/2024/04/07/magnificent-vanguard-etfs-to-buy-and-hold-forever/,"Their expenses are low, and their potential returns are high.",www.fool.com,0.199383,Somewhat-Bullish,XOM,0.059194,0.102998,Neutral
2024-04-07 09:45:00,"If You Like Vanguard's Largest Value Fund, Then You'll Love These 2 ETFs",https://www.fool.com/investing/2024/04/07/if-you-like-vanguard-value-fund-love-etfs/,These exchange-traded funds are good choices if you are concerned about expensive growth stock valuations.,www.fool.com,0.332652,Somewhat-Bullish,XOM,0.084423,0.143739,Neutral
2024-04-07 13:24:00,Prediction: This Will Be the Best-Performing Sector in 2024,https://www.fool.com/investing/2024/04/07/prediction-this-will-be-the-best-performing-sector/,"The energy sector has growth, value, and income written all over it.",www.fool.com,0.300082,Somewhat-Bullish,XOM,0.091335,0.005339,Neutral
2024-04-07 14:35:00,"Why Oil Stocks ExxonMobil, Pioneer Natural Resources, and Baker Hughes Rallied in March",https://www.fool.com/investing/2024/04/07/why-oil-stocks-exxon-mobil-pioneer-natural-resourc/,"Oil prices are on the rise, and these dividend giants are reaping the benefits.",www.fool.com,0.029083,Neutral,XOM,0.108466,0.23003,Somewhat-Bullish
2024-04-07 17:23:00,New carbon technology projects could be key to 'Big Oil' emissions cuts,https://www.foxbusiness.com/technology/new-carbon-technology-projects-key-big-oil-emissions-cuts,The outcome of four government-funded pilot projects could be crucial in developing technologies for Big Oil to reduce its carbon footprint and help the Biden- administration's goal of a net-zero emissions economy by 2050.,www.foxbusiness.com,0.099009,Neutral,XOM,0.04794,-0.270983,Somewhat-Bearish
2024-04-08 07:38:00,Ethylene oxide and Ethylene Glycol Market worth $51.9 billion by 2029 - Exclusive Report by MarketsandMarkets™,https://www.prnewswire.com/news-releases/ethylene-oxide-and-ethylene-glycol-market-worth-51-9-billion-by-2029--exclusive-report-by-marketsandmarkets-302110177.html,"CHICAGO, April 8, 2024 /PRNewswire/ -- The report ""Ethylene oxide and Ethylene Glycol Market by Product Type ( Ethylene Glycol, Ethoxylates, Ethanolamines, Glycol Ethers ) , Application ( Polyester Fibers, Antifreeze & Coolants, PET Resins ) , End-Use Industries, and Region - Global Forecast to ...",www.prnewswire.com,0.29297,Somewhat-Bullish,XOM,0.035608,0.0,Neutral
2024-04-08 09:50:00,This Vanguard ETF Is a No-Brainer Buy Right Now,https://www.fool.com/investing/2024/04/08/this-vanguard-etf-is-a-no-brainer-buy-right-now/,This exchange-traded fund is poised to be a big winner over the next few years.,www.fool.com,0.300462,Somewhat-Bullish,XOM,0.071145,0.225801,Somewhat-Bullish
2024-04-08 12:10:00,"Zacks Market Edge Highlights: VICI Properties, KeyCorp, Meta Platforms, ExxonMobil and Eli Lilly",https://www.zacks.com/stock/news/2251804/zacks-market-edge-highlights-vici-properties-keycorp-meta-platforms-exxonmobil-and-eli-lilly,"ICI Properties, KeyCorp, Meta Platforms, ExxonMobil and Eli Lilly are part of the Zacks Market Edge blog.",www.zacks.com,0.232644,Somewhat-Bullish,XOM,0.327366,0.370986,Bullish
2024-04-08 12:31:00,Reasons to Retain ExxonMobil  ( XOM )  in Your Portfolio Now,https://www.zacks.com/stock/news/2251853/reasons-to-retain-exxonmobil-xom-in-your-portfolio-now,Favorable oil price is a boon for ExxonMobil's (XOM) upstream operations.,www.zacks.com,0.295806,Somewhat-Bullish,XOM,0.651499,0.38238,Bullish
2024-04-08 12:50:11,How to Boost Your Portfolio with Top Oils and Energy Stocks Set to Beat Earnings,https://www.zacks.com/stock/news/2251722/how-to-boost-your-portfolio-with-top-oils-and-energy-stocks-set-to-beat-earnings,Why investors should use the Zacks Earnings ESP tool to help find stocks that are poised to top quarterly earnings estimates.,www.zacks.com,0.357278,Bullish,XOM,0.379051,0.350934,Bullish
2024-04-08 13:17:00,Will Meta Platforms Be Worth More Than Apple by 2030? 1 Key Financial Measure Says Yes.,https://www.fool.com/investing/2024/04/08/will-meta-platforms-be-worth-more-than-apple-by-20/,Meta has become America's next great cash cow.,www.fool.com,0.258643,Somewhat-Bullish,XOM,0.066414,0.0,Neutral
2024-04-08 13:38:00,"Stock Market News for Apr 8, 2024",https://www.zacks.com/stock/news/2251869/stock-market-news-for-apr-8-2024,"Wall Street closed sharply higher on Friday, led by tech and energy stocks.",www.zacks.com,0.144527,Neutral,XOM,0.072655,0.262767,Somewhat-Bullish
2024-04-08 13:55:45,Guyana's Oil Spigot Sputters: Production Delays Reportedly Hit Revenue - Exxon Mobil  ( NYSE:XOM ) ,https://www.benzinga.com/markets/equities/24/04/38143113/guyanas-oil-spigot-sputters-production-delays-reportedly-hit-revenue,"The oil and gas production in Guyana reportedly hit construction delays and has threatened to curtail the rising oil hotspot's revenue by about $1 billion this year. Guyana's $1.9 billion gas-to-power project is facing legal battles and potential cost overruns, reported Reuters.",www.benzinga.com,0.073953,Neutral,XOM,0.344074,-0.039273,Neutral
2024-04-09 10:20:05,Is WisdomTree U.S. High Dividend ETF  ( DHS )  a Strong ETF Right Now?,https://www.zacks.com/stock/news/2252321/is-wisdomtree-us-high-dividend-etf-dhs-a-strong-etf-right-now,Smart Beta ETF report for ...,www.zacks.com,0.248869,Somewhat-Bullish,XOM,0.115509,0.060031,Neutral
2024-04-09 12:27:00,These 3 Dividend Stocks Should Be on Energy Investors' Radar,https://www.zacks.com/stock/news/2252512/these-3-dividend-stocks-should-be-on-energy-investors-radar,"XOM, CVX and DINO are three fundamentally and operationally strong energy companies that should enable you to live off dividends through sector volatility.",www.zacks.com,0.241306,Somewhat-Bullish,XOM,0.305532,0.317998,Somewhat-Bullish
2024-04-09 12:41:00,TotalEnergies  ( TTE )  Signs MoU for Algeria's Development,https://www.zacks.com/stock/news/2252609/totalenergies-tte-signs-mou-for-algerias-development,TotalEnergies (TTE) expands its partnership with Sonatrach in the Timimoun region. This initiative focuses on TTE's commitment to support economic development in Algeria.,www.zacks.com,0.336353,Somewhat-Bullish,XOM,0.156461,0.1747,Somewhat-Bullish
2024-04-09 21:45:18,Exxon Mobil  ( XOM )  Rises Higher Than Market: Key Facts,https://www.zacks.com/stock/news/2252934/exxon-mobil-xom-rises-higher-than-market-key-facts,"Exxon Mobil (XOM) reachead $121.18 at the closing of the latest trading day, reflecting a +0.52% change compared to its last close.",www.zacks.com,0.220371,Somewhat-Bullish,XOM,0.541943,0.269003,Somewhat-Bullish
2024-04-10 07:17:00,2 No-Brainer Oil Dividend Stocks to Buy Right Now With Less Than $500,https://www.fool.com/investing/2024/04/10/2-no-brainer-oil-dividend-stocks-to-buy-right-now/,These two oil and natural gas titans could remain hot for some time.,www.fool.com,0.312501,Somewhat-Bullish,XOM,0.521812,0.549761,Bullish
2024-04-10 13:45:00,Think Oil Is Going Higher? 3 Dividend Stocks to Buy Now,https://www.fool.com/investing/2024/04/10/think-oil-is-going-higher-3-dividend-stocks-to-buy/,The energy sector has room to run.,www.fool.com,0.114291,Neutral,XOM,0.03792,0.135623,Neutral
2024-04-10 13:48:00,Shell  ( SHEL )  and Exxon  ( XOM )  Seek Compensation Over Groningen,https://www.zacks.com/stock/news/2253440/shell-shel-and-exxon-xom-seek-compensation-over-groningen,Shell (SHEL) and Exxon (XOM)-operated Groningen gas field ceases production following years of output cut. This development aims to limit seismic activity related to gas extraction.,www.zacks.com,0.007257,Neutral,XOM,0.269776,-0.073352,Neutral
2024-04-10 14:30:00,"Senior data and technology leaders cite better decision-making as the primary aim of data modernization, says new MIT Technology Review Insights report",https://www.newswire.ca/news-releases/senior-data-and-technology-leaders-cite-better-decision-making-as-the-primary-aim-of-data-modernization-says-new-mit-technology-review-insights-report-898423695.html,"Senior data and technology leaders cite better decision-making as the primary aim of data modernization, says new ... Canada ...",www.newswire.ca,0.169816,Somewhat-Bullish,XOM,0.064797,-0.041025,Neutral
2024-04-10 15:31:01,Exxon Mobil Options Trading: A Deep Dive into Market Sentiment - Exxon Mobil  ( NYSE:XOM ) ,https://www.benzinga.com/insights/options/24/04/38186203/exxon-mobil-options-trading-a-deep-dive-into-market-sentiment,"Financial giants have made a conspicuous bearish move on Exxon Mobil. Our analysis of options history for Exxon Mobil XOM revealed 24 unusual trades. Delving into the details, we found 37% of traders were bullish, while 62% showed bearish tendencies.",www.benzinga.com,0.116129,Neutral,XOM,0.735092,0.062158,Neutral
2024-04-10 17:23:33,Behind The Numbers: Chevron CEO's Pay Soars To $26.5M - Chevron  ( NYSE:CVX ) ,https://www.benzinga.com/markets/equities/24/04/38188490/behind-the-numbers-chevron-ceos-pay-soars-to-26-5m,"Chevron Corp CVX Chief Executive Officer Michael Wirth saw a significant increase in his pay in 2023, reaching $26.5 million, marking over 12% rise from the previous year. This rise in compensation stands above the median pay raise for the company's employees, according to a filing disclosed on ...",www.benzinga.com,0.242395,Somewhat-Bullish,XOM,0.275867,-0.282269,Somewhat-Bearish
2024-04-11 05:20:26,GoMechanic to use ExxonMobil engine oil at its workshops,https://www.financialexpress.com/business/express-mobility-gomechanic-to-use-exxonmobil-engine-oil-at-its-workshops-3453316/,"GoMechanic has announced a partnership with ExxonMobil Lubricants ( ExxonMobil ) . As per the understanding, GoMechanic will leverage ExxonMobil's profound expertise in engine oil technology.",www.financialexpress.com,0.527743,Bullish,XOM,0.754041,0.69877,Bullish
2024-04-11 09:23:00,5 Fidelity Mutual Funds to Build a Solid Portfolio,https://www.zacks.com/stock/news/2253744/5-fidelity-mutual-funds-to-build-a-solid-portfolio,"Invest in Fidelity mutual funds like FSENX, FSELX, FMILX, FSLBX and FCMVX, which have given impressive returns in the past and are expected to perform well in the future.",www.zacks.com,0.257958,Somewhat-Bullish,XOM,0.036756,0.048558,Neutral
2024-04-11 09:50:00,Warren Buffett Is Making a Once-in-a-Generation Bet on 2 Stocks. Should You?,https://www.fool.com/investing/2024/04/11/warren-buffett-once-in-a-generation-bet-stocks/,Buffett's big bet just might pay off in a huge way.,www.fool.com,0.068236,Neutral,XOM,0.122581,-0.054661,Neutral
2024-04-11 10:20:07,Is Invesco FTSE RAFI US 1000 ETF  ( PRF )  a Strong ETF Right Now?,https://www.zacks.com/stock/news/2253738/is-invesco-ftse-rafi-us-1000-etf-prf-a-strong-etf-right-now,Smart Beta ETF report for PRF ...,www.zacks.com,0.253188,Somewhat-Bullish,XOM,0.112269,0.066018,Neutral
2024-04-11 13:10:00,Oil & Gas Stock Roundup: ExxonMobil's Q1 Update & SLB's Acquisition in Focus,https://www.zacks.com/stock/news/2253828/oil-gas-stock-roundup-exxonmobils-q1-update-slbs-acquisition-in-focus,"XOM, SLB, CHK, SBOW and BKR emerge as the energy headline makers during the week.",www.zacks.com,0.212382,Somewhat-Bullish,XOM,0.102158,0.091224,Neutral
2024-04-11 13:45:00,Chevron  ( CVX )  Exits Yadana Natural Gas Field in Myanmar,https://www.zacks.com/stock/news/2253911/chevron-cvx-exits-yadana-natural-gas-field-in-myanmar,"Chevron (CVX) withdraws from Myanmar's Yadana natural gas field, redistributing its stake to PTTEP and MOGE amid human rights concerns.",www.zacks.com,0.279748,Somewhat-Bullish,XOM,0.13637,0.101914,Neutral
2024-04-11 14:21:00,Eni  ( E )  Plenitude Starts Building Renopool Solar Park in Spain,https://www.zacks.com/stock/news/2254017/eni-e-plenitude-starts-building-renopool-solar-park-in-spain,"The Renopool solar park is the key to achieving Eni's (E) sustainability goals, showcasing its dedication to global sustainable energy innovation.",www.zacks.com,0.414655,Bullish,XOM,0.254973,0.352434,Bullish
2024-04-11 15:38:08,How To Get Steady Income: 6 Best Monthly Dividend ETFs,https://www.forbes.com/sites/investor-hub/article/best-monthly-dividend-etfs/,"Dividend exchange-traded funds are the ultimate in passive income. You do the work upfront to evaluate the fund's strategy, then monitor results and count the money that's flowing in. And since the payout drops to your account monthly, it's almost like earning a paycheck-without the boss, ...",www.forbes.com,0.208298,Somewhat-Bullish,XOM,0.029989,0.262267,Somewhat-Bullish
2024-04-11 15:45:03,Exxon Mobil  ( XOM )  is a Top Dividend Stock Right Now: Should You Buy?,https://www.zacks.com/stock/news/2254032/exxon-mobil-xom-is-a-top-dividend-stock-right-now-should-you-buy,"Dividends are one of the best benefits to being a shareholder, but finding a great dividend stock is no easy task. Does Exxon Mobil (XOM) have what it takes? Let's find out.",www.zacks.com,0.409091,Bullish,XOM,0.446742,0.500626,Bullish
2024-04-11 20:45:00,W&T Announces Addition to its Board of Directors - W&T Offshore  ( NYSE:WTI ) ,https://www.benzinga.com/pressreleases/24/04/g38212052/w-t-announces-addition-to-its-board-of-directors,"HOUSTON, April 11, 2024 ( GLOBE NEWSWIRE ) -- W&T Offshore, Inc. WTI ( ""W&T"" or the ""Company"" ) today announced that its Board of Directors ( the ""Board"" ) voted to expand the size of the Board to six members and appointed Mr. John D. Buchanan to fill the vacancy on the Board effective April 8, ...",www.benzinga.com,0.157082,Somewhat-Bullish,XOM,0.110462,0.091015,Neutral
2024-04-12 11:00:00,Energy stocks are hot again. The rally could have more fuel to burn | Business,https://www.cnn.com/2024/04/12/investing/premarket-stocks-trading-energy-rates/index.html,Energy stocks are hot again. The rally could have more fuel to burn ...,www.cnn.com,0.029689,Neutral,XOM,0.039811,0.243806,Somewhat-Bullish
2024-04-12 11:28:58,"SBM Offshore Awarded Contracts for ExxonMobil Guyana's FPSO Jaguar - SBM Offshore  ( OTC:SBFFF ) , SBM Offshore  ( OTC:SBFFY ) ",https://www.benzinga.com/pressreleases/24/04/g38218204/sbm-offshore-awarded-contracts-for-exxonmobil-guyanas-fpso-jaguar,"SBM Offshore is pleased to announce that ExxonMobil Guyana Limited ( ""EMGL"" ) has confirmed the award of contracts for the Whiptail development project located in the Stabroek Block in Guyana. Under these contracts, SBM Offshore will construct and install FPSO Jaguar.",www.benzinga.com,0.079392,Neutral,XOM,0.10607,0.051163,Neutral
2024-04-12 11:29:00,SBM Offshore Awarded Contracts for ExxonMobil Guyana's FPSO Jaguar,https://www.globenewswire.com/news-release/2024/04/12/2862115/0/en/SBM-Offshore-Awarded-Contracts-for-ExxonMobil-Guyana-s-FPSO-Jaguar.html,April ...,www.globenewswire.com,0.081707,Neutral,XOM,0.115232,0.05406,Neutral
2024-04-12 12:52:00,Will This Technical Hurdle End Exxon Mobil's Longest Advance In 17 Years?,https://www.investors.com/news/exxon-mobil-stock-chevron-oil-prices/,Exxon Mobil Stock Is Headed For Its Longest Advance In 17 Years As Tensions Rise In The Middle East Investor's Business Daily ...,www.investors.com,0.019325,Neutral,XOM,0.709915,0.107408,Neutral
2024-04-12 14:07:52,"Guyana's Oil Spigot Wide Open: Exxon, Hess Sanction Massive $12.7B Oil Project - Hess  ( NYSE:HES ) , Exxon Mobil  ( NYSE:XOM ) ",https://www.benzinga.com/markets/equities/24/04/38221117/guyanas-oil-spigot-wide-open-exxon-hess-sanction-massive-12-7b-oil-project,Exxon Mobil Corporation XOM and Hess Corporation HES made a final investment decision for the Whiptail development offshore Guyana following receiving the required government and regulatory approvals.,www.benzinga.com,0.07903,Neutral,XOM,0.549012,0.321391,Somewhat-Bullish
2024-04-13 07:25:00,Got $500? 3 Value Stocks to Buy and Hold Forever,https://www.fool.com/investing/2024/04/13/got-500-3-value-stocks-to-buy-and-hold-forever/,"If you don't have a ton of idle money to work with, you should allocate what you can to these low-cost long-term stocks.",www.fool.com,0.244813,Somewhat-Bullish,XOM,0.035189,0.155105,Somewhat-Bullish
2024-04-14 15:48:34,Hydrogen Hype: 3 Value Stock Picks in the Trillion-Dollar Market,https://markets.businessinsider.com/news/stocks/hydrogen-hype-3-value-stock-picks-in-the-trillion-dollar-market-1033246644,"The world economy is transitioning to a renewable energy narrative. This makes the demand for sustainable solutions and further emphasizes the potential of hydrogen as an alternative fuel source. While the market may be experiencing issues in scalability and cost, it's still eclipsed by the ...",markets.businessinsider.com,0.264593,Somewhat-Bullish,XOM,0.170275,0.273781,Somewhat-Bullish
2024-04-15 07:55:00,"ExxonMobil Stock Has 24% Upside, According to 1 Wall Street Analyst",https://www.fool.com/investing/2024/04/15/wall-street-analyst-sees-exxon-mobil-stock-up-24/,ExxonMobil stock was a good buy in 2022. Is it still?,www.fool.com,0.062958,Neutral,XOM,0.317527,0.252385,Somewhat-Bullish
2024-04-15 08:59:00,Oil Prices Retreat After Iran Attack on Israel,https://www.barrons.com/amp/articles/crude-oil-prices-wti-brent-iran-attack-66a13524,"Oil prices were falling early Monday after Iran's drone attack on Israel over the weekend. That might seem unusual, given that tensions in the Middle East are now as high as they've been in years. But the fact that the strike was intercepted and caused only minimal damage was a relief.",www.barrons.com,-0.272201,Somewhat-Bearish,XOM,0.126784,0.076414,Neutral
2024-04-15 09:44:00,Amnesty International leads push to halt Shell asset sale in Nigeria,https://africa.businessinsider.com/local/markets/amnesty-international-leads-push-to-halt-shell-asset-sale-in-nigeria/dl1z9dl,"In January, Shell Plc announced the sale of its Nigerian onshore oil and gas subsidiary to the consortium Renaissance. Since 2021, Shell has actively pursued the sale of its Nigerian oil and gas business, which has long grappled with issues of spills and theft.",africa.businessinsider.com,0.212843,Somewhat-Bullish,XOM,0.155451,0.285447,Somewhat-Bullish
2024-04-15 12:19:00,ExxonMobil  ( XOM )  Advances $12.7B Whiptail Project Offshore Guyana,https://www.zacks.com/stock/news/2255173/exxonmobil-xom-advances-127b-whiptail-project-offshore-guyana,"ExxonMobil (XOM) plans to invest $12.7 billion in Guyana's oil sector, aiming for economic growth and targeting more than 11 billion barrels of oil equivalent, with six FPSOs slated for deployment by 2027.",www.zacks.com,0.17186,Somewhat-Bullish,XOM,0.359014,0.239187,Somewhat-Bullish
2024-04-15 12:30:00,3 Dividend ETFs That Are Perfect For Retirees,https://www.fool.com/investing/2024/04/15/3-dividend-etfs-that-are-perfect-for-retirees/,These funds deliver a great mix of income and capital appreciation.,www.fool.com,0.281113,Somewhat-Bullish,XOM,0.068502,0.034233,Neutral
2024-04-15 14:19:00,"Retail Sales, Goldman Sachs Outperform Expectations",https://www.zacks.com/stock/news/2255383/retail-sales-goldman-sachs-outperform-expectations,Today's Retail Sales headline more than doubled expectations: +0.7% from the +0.3% consensus estimate.,www.zacks.com,-0.00955,Neutral,XOM,0.140485,-0.155451,Somewhat-Bearish
2024-04-15 14:52:00,Retail sales came in higher than expected,https://www.zacks.com/stock/news/2255413/retail-sales-came-in-higher-than-expected,"A new trading week starts with pertinent content. Not only does Q1 earnings season pick up following Friday morning's release of earnings data from big banks like JPMorgan ( JPM Quick QuoteJPM - ) and Citigroup ( C Quick QuoteC - ) , but we also see new inflation metrics hitting the tape.",www.zacks.com,-0.00956,Neutral,XOM,0.144708,-0.001293,Neutral
2024-04-15 17:58:18,"How Iran's Attack Against Israel Will Impact Gas Prices You Pay At The Pump - Occidental Petroleum  ( NYSE:OXY ) , Chevron  ( NYSE:CVX ) ",https://www.benzinga.com/news/24/04/38255115/how-irans-attack-against-israel-will-impact-gas-prices-you-pay-at-the-pump,"The overall stock market dropped sharply Friday, with the SPDR S&P 500 Index SPY closing down more than 1% in part due to investors' fears of an imminent attack by Iran against Israel.",www.benzinga.com,-0.151961,Somewhat-Bearish,XOM,0.136499,0.216122,Somewhat-Bullish
2024-04-15 21:45:19,Exxon Mobil  ( XOM )  Stock Moves -0.57%: What You Should Know,https://www.zacks.com/stock/news/2255643/exxon-mobil-xom-stock-moves--057-what-you-should-know,"The latest trading day saw Exxon Mobil (XOM) settling at $119.68, representing a -0.57% change from its previous close.",www.zacks.com,0.186156,Somewhat-Bullish,XOM,0.456884,0.263143,Somewhat-Bullish
2024-04-16 08:19:00,3 Warren Buffett Stocks to Buy Hand Over Fist,https://www.fool.com/investing/2024/04/16/3-warren-buffett-stocks-to-buy-hand-over-fist/,Here's how you could profit from this elite investor's best ideas.,www.fool.com,0.471589,Bullish,XOM,0.047371,0.085376,Neutral
2024-04-16 10:06:00,Bank of America Just Predicted $95 Oil. 3 Oil Stocks to Buy Now,https://www.fool.com/investing/2024/04/16/bank-of-america-just-predicted-95-oil-3-oil-stocks/,"With oil set to move higher, these 3 stocks are set to outperform.",www.fool.com,0.181046,Somewhat-Bullish,XOM,0.18856,0.347311,Somewhat-Bullish
2024-04-16 10:20:07,Should iShares Core High Dividend ETF  ( HDV )  Be on Your Investing Radar?,https://www.zacks.com/stock/news/2255748/should-ishares-core-high-dividend-etf-hdv-be-on-your-investing-radar,Style Box ETF report for ...,www.zacks.com,0.244608,Somewhat-Bullish,XOM,0.122894,0.068464,Neutral
2024-04-16 10:30:00,Green Hydrogen's Hype Hits Some Very Expensive Hurdles,https://www.forbes.com/sites/alanohnsman/2024/04/16/green-hydrogens-hype-hits-some-very-expensive-hurdles/,A fight over a vital federal tax credit intended to kickstart a market for low- and no-carbon hydrogen and worries over high production costs are cooling near-term expectations for the climate-friendly fuel. lean hydrogen has been heralded as a carbon-free fuel that is key to efforts to remediate ...,www.forbes.com,0.093829,Neutral,XOM,0.094856,0.014067,Neutral
2024-04-16 12:18:00,TechnipFMC  ( FTI )  Secures Contract in Guyana's Stabroek Block,https://www.zacks.com/stock/news/2255932/technipfmc-fti-secures-contract-in-guyanas-stabroek-block,"TechnipFMC (FTI) secures a $500 million-$1 billion contract from ExxonMobil for Guyana's Whiptail project, to supply subsea systems and reinforce partnership growth.",www.zacks.com,0.493657,Bullish,XOM,0.424521,0.5396,Bullish
2024-04-16 12:50:10,How to Find Strong Oils and Energy Stocks Slated for Positive Earnings Surprises,https://www.zacks.com/stock/news/2255860/how-to-find-strong-oils-and-energy-stocks-slated-for-positive-earnings-surprises,Why investors should use the Zacks Earnings ESP tool to help find stocks that are poised to top quarterly earnings estimates.,www.zacks.com,0.356622,Bullish,XOM,0.263942,0.314973,Somewhat-Bullish
2024-04-16 18:40:00,Can Oil & Energy ETFs Continue to Soar?,https://www.zacks.com/stock/news/2256343/can-oil-energy-etfs-continue-to-soar,"Rising geopolitical tensions, and demand-supply imbalances have fueled a surge in crude prices ...",www.zacks.com,-0.034312,Neutral,XOM,0.218817,0.17552,Somewhat-Bullish
2024-04-16 20:19:11,How Much Will ExxonMobil Pay in Dividends This Year?,https://www.fool.com/investing/2024/04/16/how-much-will-exxonmobil-pay-in-dividends-this-yea/,The oil giant is one of the world's top dividend payers.,www.fool.com,0.314289,Somewhat-Bullish,XOM,0.244109,-0.066892,Neutral
2024-04-17 10:45:00,CrossAmerica Partners to Announce First Quarter 2024 Earnings Results on May 8,https://www.globenewswire.com/news-release/2024/04/17/2864356/0/en/CrossAmerica-Partners-to-Announce-First-Quarter-2024-Earnings-Results-on-May-8.html,"Allentown, PA, April 17, 2024 ( GLOBE NEWSWIRE ) -- CrossAmerica Partners to Announce ...",www.globenewswire.com,0.140299,Neutral,XOM,0.128822,0.114567,Neutral
2024-04-17 11:43:00,Saipem  ( SAPMF )  Proceeds With Whiptail Oilfield Project in Guyana,https://www.zacks.com/stock/news/2256603/saipem-sapmf-proceeds-with-whiptail-oilfield-project-in-guyana,"Saipem (SAPMF) receives the authorization to advance with the development of Whiptail, after receiving final approval from the clients and all necessary regulatory clearances.",www.zacks.com,0.272169,Somewhat-Bullish,XOM,0.464633,0.107582,Neutral
2024-04-17 12:06:00,Shell & BP's Q1 Updates Lead Oil & Gas Stock Roundup,https://www.zacks.com/stock/news/2256681/shell-bps-q1-updates-lead-oil-gas-stock-roundup,"SHEL, BP, XOM, PBR and CVX emerge as the energy headline makers during the week.",www.zacks.com,0.17115,Somewhat-Bullish,XOM,0.15308,0.06401,Neutral
2024-04-17 13:00:00,Oil Prices Are Soaring! Should Investors Buy ExxonMobil Stock or Chevron Stock to Capitalize?,https://www.fool.com/investing/2024/04/17/oil-prices-are-soaring-should-investors-buy-exxon/,"With oil prices jumping, passive income investors might be considering ExxonMobil and Chevron stocks.",www.fool.com,-0.383535,Bearish,XOM,0.558244,-0.51603,Bearish
2024-04-17 13:00:15,Exxon Mobil Corporation  ( XOM )  Is a Trending Stock: Facts to Know Before Betting on It,https://www.zacks.com/stock/news/2256651/exxon-mobil-corporation-xom-is-a-trending-stock-facts-to-know-before-betting-on-it,"Recently, Zacks.com users have been paying close attention to Exxon (XOM). This makes it worthwhile to examine what the stock has in store.",www.zacks.com,0.241624,Somewhat-Bullish,XOM,0.101797,0.036179,Neutral
2024-04-17 15:10:00,Opinion: These Will Be the 4 Largest Companies by 2035,https://www.fool.com/investing/2024/04/17/opinion-these-will-be-the-4-largest-companies-2035/,These four stocks will be the cream of the crop by 2035.,www.fool.com,0.285857,Somewhat-Bullish,XOM,0.080593,0.021571,Neutral
2024-04-17 15:40:16,CVX vs. XOM: Which Stock Is the Better Value Option?,https://www.zacks.com/stock/news/2257057/cvx-vs-xom-which-stock-is-the-better-value-option,Investors interested in stocks from the Oil and Gas - Integrated - International sector have probably already heard of Chevron ( CVX Quick QuoteCVX - ) and Exxon Mobil ( XOM Quick QuoteXOM - ) . But which of these two stocks is more attractive to value investors? We'll need to take a closer look ...,www.zacks.com,0.476271,Bullish,XOM,0.618426,0.504361,Bullish
2024-04-17 16:44:00,These Oil Stocks Have Missed the Commodity's Rally. Here's Why.,https://www.barrons.com/amp/articles/oil-services-stocks-missed-commodity-rally-255094a1,Why One Group of Oil Stocks Has Missed the Rally ...,www.barrons.com,0.011933,Neutral,XOM,0.062761,0.014075,Neutral
2024-04-18 07:20:29,Being Legally Right Doesn't Always Win In The Court Of Public Opinion,https://www.forbes.com/sites/adriandearnell/2024/04/18/being-legally-right-doesnt-always-win-in-the-court-of-public-opinion/,"After campus protests erupted last fall over the war between Israel and Hamas, the presidents of Harvard University, Massachusetts Institute of Technology, and the University of Pennsylvania appeared before the U.S. Congress in December to explain their universities' codes of conduct on ...",www.forbes.com,0.0098,Neutral,XOM,0.061315,0.039091,Neutral
2024-04-18 10:33:00,Why I Just Bought More of This Top Oil Stock,https://www.fool.com/investing/2024/04/18/why-i-just-bought-more-of-this-top-oil-stock/,Chevron can thrive even if its upside catalysts don't materialize.,www.fool.com,0.04374,Neutral,XOM,0.170475,-0.007265,Neutral
2024-04-18 13:25:25,Jim Cramer Recommends Buying Ethereum Or Bitcoin Instead Of This Stock: 'Let's Not Fool Around' - Eaton Corp  ( NYSE:ETN ) ,https://www.benzinga.com/trading-ideas/long-ideas/24/04/38312296/jim-cramer-recommends-buying-ethereum-or-bitcoin-instead-of-this-stock-lets-not-fool-aro,"On CNBC's ""Mad Money Lightning Round,"" Jim Cramer recommended buying either Ethereum ETH/USD or buy Bitcoin ( CRYPTO: BTC ) , in case you want to own Marathon Digital Holdings, Inc. MARA. ""Let's not fool around,"" he added.",www.benzinga.com,0.168379,Somewhat-Bullish,XOM,0.543935,0.263312,Somewhat-Bullish
2024-04-18 13:59:00,Top Dividend Stocks That Rise During War,https://www.forbes.com/sites/brettowens/2024/04/18/top-dividend-stocks-that-rise-during-war/,"I wish I didn't have to write this column ever, let alone every couple of years. But this is ground we have to cover, like it or not: dividend stocks during war. We invest in dividend stocks. There are wars and conflicts that affect our money. That's reality.",www.forbes.com,0.078525,Neutral,XOM,0.136499,0.167913,Somewhat-Bullish
2024-04-19 10:15:00,Chevron the Venture Capitalist: The Oil Giant Is Pumping $500 Million Into the Future of Energy,https://www.fool.com/investing/2024/04/19/chevron-the-venture-capitalist-the-oil-giant-is-pu/,The oil giant's venture capital arm is launching a third fund geared to renewable energy technology.,www.fool.com,0.273278,Somewhat-Bullish,XOM,0.051663,0.129476,Neutral
2024-04-19 10:30:00,How A Former Enron Exec Lured ExxonMobil To Bet $150 Million On A Longshot Biofuel,https://www.forbes.com/sites/christopherhelman/2024/04/19/how-a-former-enron-exec-lured-exxonmobil-to-bet-150-million-on-a-longshot-biofuel/,Richard Palmer of Global Clean Energy used Exxon money to overhaul an aging California oil refinery in order to process the oil-rich seeds of a plant called camelina. Now Exxon is suing.,www.forbes.com,0.086065,Neutral,XOM,0.037504,0.117112,Neutral
2024-04-19 14:00:26,Exxon Mobil  ( XOM )  Expected to Beat Earnings Estimates: Should You Buy?,https://www.zacks.com/stock/news/2258518/exxon-mobil-xom-expected-to-beat-earnings-estimates-should-you-buy,Exxon (XOM) possesses the right combination of the two key ingredients for a likely earnings beat in its upcoming report. Get prepared with the key expectations.,www.zacks.com,0.193826,Somewhat-Bullish,XOM,0.101797,0.043411,Neutral
2024-04-19 22:40:00,"Naphtha Market size to record USD 47.01 billion growth from 2023-2027, Increase in investment in extraction of ... - PR Newswire",https://www.prnewswire.com/news-releases/naphtha-market-size-to-record-usd-47-01-billion-growth-from-2023-2027--increase-in-investment-in-extraction-of-naphtha-is-one-of-the-key-market-trends-technavio-302121236.html,"Naphtha Market size to record USD 47.01 billion growth from 2023-2027, Increase in investment in extraction of ... PR ...",www.prnewswire.com,0.169322,Somewhat-Bullish,XOM,0.031322,0.135662,Neutral
2024-04-19 23:33:19,"Cramer's week ahead: Earnings from Tesla, Merck and Big Tech",https://www.cnbc.com/2024/04/19/cramers-week-ahead-earnings-from-tesla-merck-and-big-tech.html,CNBC's Jim Cramer said next week's PCE index report will be the real gauge of inflation.,www.cnbc.com,0.127676,Neutral,XOM,0.069495,0.0,Neutral
2024-04-20 07:01:00,Bull Market Buys: 3 Dividend Stocks to Own for the Long Run,https://www.fool.com/investing/2024/04/20/bull-market-buys-3-dividend-stocks-to-own-for-the/,"If you are looking to buy good dividend stocks to hold for years to come, this varied trio should be atop your list today.",www.fool.com,0.319898,Somewhat-Bullish,XOM,0.112797,0.192394,Somewhat-Bullish
2024-04-20 07:44:00,Why I Keep Buying This Ultra-High-Yielding ETF for Passive Income,https://www.fool.com/investing/2024/04/20/why-i-keep-buying-this-ultra-high-yielding-etf-for/,The JPMorgan Equity Premium Income ETF produces a lucrative monthly passive income stream.,www.fool.com,0.358586,Bullish,XOM,0.058472,0.175001,Somewhat-Bullish
2024-04-20 08:25:00,"This High-Yield Vanguard ETF Could Turn $400 per Month Into $18,900 in Annual Dividend Income",https://www.fool.com/investing/2024/04/20/vanguard-etf-can-turn-400-to-18900-annual-dividend/,"This Vanguard ETF provides exposure to hundreds of stocks that pay above-average dividends, including JPMorgan Chase, ExxonMobil, and Home Depot.",www.fool.com,0.142908,Neutral,XOM,0.05654,-0.071916,Neutral
2024-04-20 09:23:00,3 High-Yielding Dividend Stocks That Are Trading at Dirt-Cheap Valuations,https://www.fool.com/investing/2024/04/20/3-high-yielding-dividend-stocks-that-are-trading-a/,These stocks pay between 3.2% and 6.7% in dividends.,www.fool.com,0.174452,Somewhat-Bullish,XOM,0.132125,0.199165,Somewhat-Bullish
2024-04-20 13:00:00,Tesla Shares Are Officially Down 40% This Year-Here's Why The Stock Could Fall Further,https://www.forbes.com/sites/dereksaul/2024/04/20/tesla-shares-are-officially-down-40-this-year-heres-why-the-stock-could-fall-further/,Why Tesla Stock May Still Struggle Even After 40% Slide Forbes ...,www.forbes.com,0.118326,Neutral,XOM,0.091335,0.256203,Somewhat-Bullish
2024-04-20 20:01:00,"2 No-Brainer Oil Stocks to Buy With $1,000 Right Now",https://www.fool.com/investing/2024/04/20/2-no-brainer-oil-stocks-to-buy-with-1000-right-now/,"Oil prices are being affected by geopolitical forces right now, which is exactly why investors will want to own these two energy leaders.",www.fool.com,0.253586,Somewhat-Bullish,XOM,0.167709,0.338952,Somewhat-Bullish
2024-04-21 02:42:35,Federal Agencies Target ExxonMobil And Chevron Acquisitions,https://www.forbes.com/sites/edhirs/2024/04/20/federal-agencies-target-exxonmobil-and-chevron-acquisitions/,The Securities and Exchange Commission and Federal Trade Commission are evaluating pending oil company consolidations because of antitrust and climate related concerns. The ExxonMobil acquisition of Pioneer Natural Resources and Chevron's acquisition of Hess are at the top of their list.,www.forbes.com,-0.091823,Neutral,XOM,0.295867,-0.040186,Neutral
2024-04-21 10:18:55,Better Earnings Don't Stop The Plunge In Stocks,https://www.forbes.com/sites/bill_stone/2024/04/21/better-earnings-dont-stop-the-plunge-in-stocks/,"The earnings season remained slow out of the gate, with only 41 S&P 500 companies reporting. Banks continued to be a large contingent of the reporters, which boosted the sector's earnings expectations for the quarter as most banks had better-than-expected earnings.",www.forbes.com,0.152394,Somewhat-Bullish,XOM,0.09402,-0.019211,Neutral
2024-04-21 11:30:00,The US dollar is strengthening. Here's what's driving the rally and what it means for Americans | Business,https://us.cnn.com/2024/04/21/markets/stocks-week-ahead-dollar-rally-global-economy/index.html,The US dollar is strengthening. Here's what's driving the rally and what it means for Americans ...,us.cnn.com,0.116616,Neutral,XOM,0.034233,0.022305,Neutral
2024-04-21 13:00:00,"ExxonMobil and Chevron Stock Have 22%-30% Upside, According to 1 Wall Street Analyst",https://www.fool.com/investing/2024/04/21/exxon-mobil-and-chevron-stock-have-22-30-upside/,"These two oil stocks are attractive, but they might not necessarily be the best way for retail investors to play the energy sector.",www.fool.com,0.257889,Somewhat-Bullish,XOM,0.624759,0.193661,Somewhat-Bullish
2024-04-21 14:00:00,2 Top Dividend Stocks to Buy Right Now,https://www.fool.com/investing/2024/04/21/2-top-dividend-stocks-to-buy-right-now/,These stalwart businesses can help you safeguard your wealth.,www.fool.com,0.426599,Bullish,XOM,0.136113,-0.042577,Neutral
2024-04-21 14:00:51,10 Things You Should Know About Selling Your Home to Downsize in Retirement,https://www.kiplinger.com/real-estate/things-you-should-know-about-selling-your-home-to-downsize-in-retirement,"Kay and Jim Schlembach could be considered America's poster children for downsizing. After a career at ExxonMobil in Houston, Jim retired at age 62, and the couple bought a 3,200-square-foot contemporary on a wooded lot in Clifton Park, N.Y., near Albany. It was a big house to entertain their ...",www.kiplinger.com,0.200414,Somewhat-Bullish,XOM,0.029436,0.0,Neutral
2024-04-21 14:45:00,"ExxonMobil Hits All-Time High, Closes in on Half-Trillion-Dollar Market Cap. Has the Stock Market's Leadership Changed?",https://www.fool.com/investing/2024/04/21/exxonmobil-hits-all-time-high-energy-stocks-buy/,The energy sector has been on an incredible run over the last few years.,www.fool.com,0.23511,Somewhat-Bullish,XOM,0.130689,0.187623,Somewhat-Bullish
2024-04-21 21:45:15,"Can Magnificent 7 Help Script Market Turnaround? Earnings Pick Up Pace With Microsoft, Meta, Alphabet And Tesla Expected This Week - Invesco QQQ Trust, Series 1  ( NASDAQ:QQQ ) , SPDR S&P 500  ( ARCA:SPY ) ",https://www.benzinga.com/analyst-ratings/analyst-color/24/04/38349204/can-magnificent-7-help-script-market-turnaround-earnings-pick-up-pace-with-microsof,"As the market runs into rough weather, the importance of the upcoming week's earnings cannot be emphasized enough. A lot is riding on the earnings reports of companies like Tesla, Inc. TSLA, Meta Platforms, Inc. META, Microsoft Corp. MSFT and Alphabet, Inc. GOOGL ( GOOG ) .",www.benzinga.com,0.145082,Neutral,XOM,0.075161,0.0,Neutral
2024-04-22 08:29:00,"Nvidia, Tesla, Super Micro, Verizon, Informatica, Coinbase, Cardinal Health, and More Stock Market Movers",https://www.barrons.com/amp/articles/stock-market-movers-54b0c8a2,"Nvidia, Tesla, Super Micro, Salesforce, Verizon, and More Stock Market Movers ...",www.barrons.com,-0.12376,Neutral,XOM,0.073098,0.0,Neutral
2024-04-22 09:51:00,Meet the Surprising Oil Stock Lawmakers Couldn't Stop Buying in 2023  ( Hint: It's Not Chevron or ExxonMobil ) ,https://www.fool.com/investing/2024/04/22/surprising-oil-stock-lawmakers-chevron-exxonmobil/,This stock edged out Apple as the top stock bought by members of Congress last year.,www.fool.com,0.184926,Somewhat-Bullish,XOM,0.067919,-0.064148,Neutral
2024-04-22 09:52:00,Looking for Once-in-a-Generation Investment Opportunities? Here Are 3 Magnificent Stocks to Buy Right Now,https://www.fool.com/investing/2024/04/22/once-in-a-generation-investment-stocks-buy-now/,These stocks could be near major inflection points.,www.fool.com,0.195707,Somewhat-Bullish,XOM,0.052112,0.06463,Neutral
2024-04-22 10:10:00,Stock market today: US futures climb as traders await crucial 'Magnificent 7' earnings reports,https://www.businessinsider.com/stock-market-today-microsoft-alphabet-meta-tesla-magnificent-seven-earnings-2024-4,Stock market today: US futures climb ahead of Magnificent 7 earnings - Business Insider ...,www.businessinsider.com,0.110583,Neutral,XOM,0.117486,0.121385,Neutral
2024-04-22 10:10:16,Stock market today: US futures climb as traders await crucial 'Magnificent 7' earnings reports,https://africa.businessinsider.com/markets/stock-market-today-us-futures-climb-as-traders-await-crucial-magnificent-7-earnings/mk3wwc1,"Samp;P 500 futures were up 0.5% shortly before 6 a.m. ET, while Nasdaq 100 futures had climbed 0.6%. The Dow Jones Industrial Average was on pace to add 165 points.",africa.businessinsider.com,0.219403,Somewhat-Bullish,XOM,0.162802,0.223261,Somewhat-Bullish
2024-04-22 10:20:05,Is iShares Core Dividend Growth ETF  ( DGRO )  a Strong ETF Right Now?,https://www.zacks.com/stock/news/2258920/is-ishares-core-dividend-growth-etf-dgro-a-strong-etf-right-now,Smart Beta ETF report for ...,www.zacks.com,0.319409,Somewhat-Bullish,XOM,0.115787,0.060087,Neutral
2024-04-22 11:00:00,Current Climate: Using AI To Cut Packaging Waste,https://www.forbes.com/sites/alanohnsman/2024/04/22/current-climate-using-ai-to-cut-packaging-waste-green-hydrogen-xprize/,"This week's Current Climate, which every Monday brings you the latest news about the business of sustainability. Sign up to get it in your inbox every week. appy Earth Day! Landfills across the country are filled with cardboard, paper and plastic waste, the leftovers of our purchasing that's only ...",www.forbes.com,0.16053,Somewhat-Bullish,XOM,0.040691,-0.088873,Neutral
2024-04-22 12:29:00,Time to Buy Chevron's  ( CVX )  Stock as Q1 Earnings Approach?,https://www.zacks.com/stock/news/2259141/time-to-buy-chevrons-cvx-stock-as-q1-earnings-approach,Chevron (CVX) has exceeded the earnings mark in three of the past four quarters.,www.zacks.com,0.245941,Somewhat-Bullish,XOM,0.213517,0.212525,Somewhat-Bullish
2024-04-22 14:15:00,Council Post: Embracing Strategic Collaborations To Bolster Healthcare Strategy,https://www.forbes.com/sites/forbesbusinesscouncil/2024/04/22/embracing-strategic-collaborations-to-bolster-healthcare-strategy/,Embracing Strategic Collaborations To Bolster Healthcare Strategy Forbes ...,www.forbes.com,0.364667,Bullish,XOM,0.040899,0.092828,Neutral
2024-04-22 18:16:00,3 Energy Stocks to Buy Pre Earnings,https://www.zacks.com/commentary/2259543/3-energy-stocks-to-buy-pre-earnings,"Energy stocks are on fire, but there is likely more fuel in the tank. Stock Strategist Andrew Rocco reveals 3 ways to take advantage of the bull market in the energy industry.",www.zacks.com,0.177029,Somewhat-Bullish,XOM,0.241684,0.445849,Bullish
2024-04-22 18:42:14,How to build a global business empire in the 21st century,https://www.economist.com/business/2024/04/22/how-to-build-a-global-business-empire-in-the-21st-century,"N an island. All strike contracts and compete with others. Conversely, when bosses decide a particular relationship would be better governed by fiat, one firm may acquire another. Between these poles are plenty of ways for firms to combine capital, knowledge or other resources, without fully ...",www.economist.com,0.088077,Neutral,XOM,0.02674,-0.091858,Neutral
2024-04-22 20:20:00,CrossAmerica Partners LP Maintains Quarterly Distribution,https://www.globenewswire.com/news-release/2024/04/22/2867229/0/en/CrossAmerica-Partners-LP-Maintains-Quarterly-Distribution.html,"• Quarterly distribution of $0.5250 per unit attributable to the first quarter of 2024 ALLENTOWN, PA ( April 22, 2024 ) - CrossAmerica Partners LP ( NYSE: CAPL ) announced today that the Board of Directors of its general partner has approved a quarterly distribution of $0.5250 per unit ...",www.globenewswire.com,0.191311,Somewhat-Bullish,XOM,0.084127,0.100357,Neutral
2024-04-22 21:45:18,Exxon Mobil  ( XOM )  Increases Yet Falls Behind Market: What Investors Need to Know,https://www.zacks.com/stock/news/2259613/exxon-mobil-xom-increases-yet-falls-behind-market-what-investors-need-to-know,"In the most recent trading session, Exxon Mobil (XOM) closed at $120.56, indicating a +0.57% shift from the previous trading day.",www.zacks.com,0.246568,Somewhat-Bullish,XOM,0.595343,0.347762,Somewhat-Bullish
2024-04-23 03:43:00,US Market rallies ahead of big earnings and data,https://www.business-standard.com/markets/capital-market-news/us-market-rallies-ahead-of-big-earnings-and-data-124042300153_1.html,"Investors awaited a slew of key U.S. economic data this week, including reports on new home sales, durable goods orders and personal income and spending.",www.business-standard.com,0.142486,Neutral,XOM,0.169676,0.069367,Neutral
2024-04-23 04:23:00,Global plastic pollution treaty talks hit critical stage in Canada,https://apnews.com/article/plastic-pollution-treaty-negotiations-ottawa-united-nations-inger-andersen-aad9d558ffaaab65a7e6a9cdd1ebe50f,Thousands of negotiators and observers representing most of the world's nations are gathering in the Canadian city of Ottawa this week to craft a treaty to stop the rapidly escalating problem of plastic pollution.,apnews.com,0.038541,Neutral,XOM,0.123738,0.058574,Neutral
2024-04-23 05:35:15,The Rise And Fall Of ESG,https://www.forbes.com/sites/prakashdolsak/2024/04/23/the-rise-and-fall-of-esg/,"This week we celebrate the 55th anniversary of Earth Day. Perhaps the most serious challenge facing the earth is climate change, which reflects the industrial economy's reliance on fossil fuels. To decarbonize, governments have enacted a range of mandatory policies.",www.forbes.com,0.116436,Neutral,XOM,0.032425,-0.022241,Neutral
2024-04-23 10:00:00,Meet the Remarkable Similarities Between Top Artificial Intelligence  ( AI )  and Oil Stocks That Could Be a Sign of What's to Come,https://www.fool.com/investing/2024/04/23/artificial-intelligence-growth-similar-oil-stocks/,The best companies focus on what they can control to increase their chances of success even when challenges arise.,www.fool.com,0.354284,Bullish,XOM,0.116536,0.154032,Somewhat-Bullish
2024-04-23 12:03:50,"Wall Street's Most Accurate Analysts' Views On 3 Energy Stocks With Over 3% Dividend Yields - APA  ( NASDAQ:APA ) , Northern Oil & Gas  ( NYSE:NOG ) ",https://www.benzinga.com/news/24/04/38376714/wall-streets-most-accurate-analysts-views-on-3-energy-stocks-with-over-3-dividend-yields,"During times of turbulence and uncertainty in the markets, many investors turn to dividend-yielding stocks. These are often companies that have high free cash flows and reward shareholders with a high dividend payout.",www.benzinga.com,0.149348,Neutral,XOM,0.116348,0.0,Neutral
2024-04-23 13:23:00,Should You Buy ExxonMobil  ( XOM )  Ahead of Q1 Earnings?,https://www.zacks.com/stock/news/2260313/should-you-buy-exxonmobil-xom-ahead-of-q1-earnings,"Investors are advised to avoid purchasing ExxonMobil (XOM) before the release of its Q1 earnings and, instead, closely monitor the stock for a more opportune entry point.",www.zacks.com,0.331095,Somewhat-Bullish,XOM,0.335519,0.391599,Bullish
2024-04-23 13:30:00,Shell  ( SHEL )  and Exxon  ( XOM )  Bid Farewell to Groningen Field,https://www.zacks.com/stock/news/2260331/shell-shel-and-exxon-xom-bid-farewell-to-groningen-field,"Shell (SHEL) and Exxon Mobil's (XOM) Groningen field has been permanently closed, following a law passed by the Dutch Senate. However, the field still has substantial reserves remaining.",www.zacks.com,0.021649,Neutral,XOM,0.288044,0.028946,Neutral
2024-04-23 16:26:00,Phillips 66  ( PSX )  Gears Up for Q1 Earnings: What's in Store?,https://www.zacks.com/stock/news/2260533/phillips-66-psx-gears-up-for-q1-earnings-whats-in-store,Phillips 66's (PSX) first-quarter earnings are likely to have been negatively impacted by a weak performance in its refining segment.,www.zacks.com,0.126102,Neutral,XOM,0.188683,-0.02122,Neutral
2024-04-23 19:23:31,S&P 500 Heads Toward Best Day In 2 Months As Earnings Season Heats Up,https://www.forbes.com/sites/dereksaul/2024/04/23/sp-500-heads-toward-best-day-in-2-months-as-earnings-season-heats-up/,"Stock indexes bounced Tuesday, recouping some of the losses from what's been a brutal April for many investors, as the market braces for a major round of earnings reports.",www.forbes.com,0.050776,Neutral,XOM,0.098255,0.044287,Neutral
2024-04-23 22:16:00,Energy Earnings: Two Reports to Watch This Week,https://www.zacks.com/stock/news/2260684/energy-earnings-two-reports-to-watch-this-week,"We've got a busy slate of earnings this week, with representation from two well-known energy heavyweights. How do expectations stack up?",www.zacks.com,0.209901,Somewhat-Bullish,XOM,0.805739,0.348231,Somewhat-Bullish
2024-04-24 03:51:00,US Market surges on robust earnings,https://www.business-standard.com/markets/capital-market-news/us-market-surges-on-robust-earnings-124042400153_1.html,"Investors also awaited a slew of key U.S. economic data this week, including reports on new home sales, durable goods orders and personal income and spending.",www.business-standard.com,0.115771,Neutral,XOM,0.052918,0.048876,Neutral
2024-04-24 09:35:00,America generates 40 million tons of plastic waste a year - and it can't be recycled,https://www.businessinsider.com/plastic-recycling-problem-america-waste-pyrolysis-big-oil-china-2024-4,America's Plastic Catastrophe: Most Waste Can't Be Recycled - Business Insider ...,www.businessinsider.com,-0.065005,Neutral,XOM,0.019163,0.011036,Neutral
2024-04-24 12:28:00,TotalEnergies  ( TTE )  Expands Its Renewable Operation in the U.S.,https://www.zacks.com/stock/news/2261021/totalenergies-tte-expands-its-renewable-operation-in-the-us,TotalEnergies (TTE) continues to expand its renewable energy generation business in the United States. The company aims to generate more than 100 TWh of net clean electricity by 2030.,www.zacks.com,0.391441,Bullish,XOM,0.208914,0.279592,Somewhat-Bullish
2024-04-24 12:48:00,This is How to Play Diamondback  ( FANG )  Ahead of Q1 Earnings,https://www.zacks.com/stock/news/2261173/this-is-how-to-play-diamondback-fang-ahead-of-q1-earnings,"Considering the recent surge in oil prices, Diamondback Energy (FANG) is expecting improvement on its Q1 top and bottom lines compared to the year-ago period.",www.zacks.com,0.208295,Somewhat-Bullish,XOM,0.206245,0.207009,Somewhat-Bullish
2024-04-24 12:57:00,XOM vs CVX: Which Energy Stock Shows Promise Ahead of Q1 Earnings?,https://www.zacks.com/stock/news/2261221/xom-vs-cvx-which-energy-stock-shows-promise-ahead-of-q1-earnings,"Considering the current uncertainty surrounding Chevron's (CVX) acquisition of Hess, we can say that ExxonMobil (XOM) is on a better footing than Chevron ahead of Q1 earnings.",www.zacks.com,0.31558,Somewhat-Bullish,XOM,0.384233,0.324737,Somewhat-Bullish
2024-04-24 13:27:00,Archrock's  ( AROC )  Q1 Earnings Preview: Things to Consider,https://www.zacks.com/stock/news/2261377/archrocks-aroc-q1-earnings-preview-things-to-consider,"Archrock (AROC) beat the Zacks Consensus Estimate in two of the last four quarters and met in the other two, which resulted in an earnings surprise of 8.5%, on average.",www.zacks.com,0.2537,Somewhat-Bullish,XOM,0.222327,0.219224,Somewhat-Bullish
2024-04-24 13:30:00,Here's How Woodward  ( WWD )  is Placed Just Ahead of Q2 Earnings,https://www.zacks.com/stock/news/2261023/heres-how-woodward-wwd-is-placed-just-ahead-of-q2-earnings,Woodward's (WWD) fiscal second-quarter performance is likely to have gained from solid momentum across Aerospace and Industrial business segments.,www.zacks.com,0.234038,Somewhat-Bullish,XOM,0.207571,0.22844,Somewhat-Bullish
2024-04-24 15:40:00,"AUGMENTED WORLD EXPO UNVEILS XR HALL OF FAME, XR HISTORY MUSEUM",https://www.benzinga.com/pressreleases/24/04/n38409268/augmented-world-expo-unveils-xr-hall-of-fame-xr-history-museum,"To Celebrate its 15th Anniversary, AWE will Be Honoring 101 XR Pioneers and Welcoming Visitors to an XR History Museum Featuring Over 80 Vintage AR and VR devices LONG BEACH, Calif., April 24, 2024 /PRNewswire/ -- The future of XR depends on its past.",www.benzinga.com,0.448682,Bullish,XOM,0.032425,0.28422,Somewhat-Bullish
2024-04-24 15:53:00,5 Intriguing Earnings Charts Including a Gold Miner,https://www.zacks.com/stock/news/2261462/5-intriguing-earnings-charts-including-a-gold-miner,4 of these companies are trading near their all-time highs and then there is the gold producer.,www.zacks.com,0.224814,Somewhat-Bullish,XOM,0.520773,0.016218,Neutral
2024-04-25 09:46:00,7 iShares ETFs That Could Help You Retire a Millionaire,https://www.fool.com/investing/2024/04/25/7-ishares-etfs-that-help-you-retire-a-millionaire/,"Several of these ETFs will quickly have you invested in the ""Magnificent Seven"" stocks, and each of the funds sports solid performances and low fees.",www.fool.com,0.279181,Somewhat-Bullish,XOM,0.054359,0.204872,Somewhat-Bullish
2024-04-25 11:00:00,ExxonMobil Ignites Formula 1 Activation Around American Races,https://www.forbes.com/sites/josephwolkin/2024/04/25/exxonmobil-ignites-formula-1-activation-around-american-races/,"More American companies are taking advantage of the rise in the popularity of Formula 1 in 2024. Among them is ExxonMobil , which just announced an increase in its activation surrounding the three American F1 races.",www.forbes.com,0.453126,Bullish,XOM,0.483888,0.574664,Bullish
2024-04-25 11:43:00,Should TotalEnergies  ( TTE )  Be in Your Portfolio Before Q1 Earnings?,https://www.zacks.com/stock/news/2261965/should-totalenergies-tte-be-in-your-portfolio-before-q1-earnings,TotalEnergies (TTE) first-quarter earnings are expected to have benefited from its multi-energy focus and contribution from new projects.,www.zacks.com,0.384426,Bullish,XOM,0.152499,0.186369,Somewhat-Bullish
2024-04-25 12:08:00,Marathon  ( MRO )  Q1 Earnings on Deck: Here's How It Will Fare,https://www.zacks.com/stock/news/2262054/marathon-mro-q1-earnings-on-deck-heres-how-it-will-fare,A drop in production is likely to have impacted the first-quarter earnings of Marathon Oil (MRO).,www.zacks.com,0.11817,Neutral,XOM,0.204936,0.206018,Somewhat-Bullish
2024-04-25 12:34:00,Enterprise  ( EPD )  to Post Q1 Earnings: What's in the Offing?,https://www.zacks.com/stock/news/2262174/enterprise-epd-to-post-q1-earnings-whats-in-the-offing,"Enterprise (EPD) is likely to have generated stable fee-based revenues from its extensive pipeline network spread across more than 50,000 miles.",www.zacks.com,0.197412,Somewhat-Bullish,XOM,0.217508,-0.028927,Neutral
2024-04-25 12:44:00,Why ExxonMobil  ( XOM )  Might Surprise This Earnings Season,https://www.zacks.com/stock/news/2262091/why-exxonmobil-xom-might-surprise-this-earnings-season,ExxonMobil (XOM) is seeing favorable earnings estimate revision activity and has a positive Zacks Earnings ESP heading into earnings season.,www.zacks.com,0.459651,Bullish,XOM,0.866386,0.588577,Bullish
2024-04-25 12:51:10,"US Faces Mounting Plastic Waste Challenge With Limited Recycling Solutions After China's 2018 Import Ban: Report - Chevron  ( NYSE:CVX ) , Exxon Mobil  ( NYSE:XOM ) ",https://www.benzinga.com/news/24/04/38430116/us-faces-mounting-plastic-waste-challenge-with-limited-recycling-solutions-after-chinas-2018-import,"The United States is currently facing a significant plastic waste crisis, generating 40 million tons of plastic waste each year, with no cost-effective method to recycle 91% of it. What Happened: The U.S. has been dealing with a plastic waste crisis for several years, Business Insider reported on ...",www.benzinga.com,-0.129305,Neutral,XOM,0.19117,-0.044523,Neutral
2024-04-25 15:24:56,"Standard Lithium Activates Cutting-Edge Plant, Paves Way For Cleaner Mining - Standard Lithium  ( AMEX:SLI ) ",https://www.benzinga.com/news/24/04/38435800/standard-lithium-activates-cutting-edge-plant-paves-way-for-cleaner-mining,"Standard Lithium SLI has commissioned the largest continuously operating direct lithium extraction ( DLE ) unit in North America, taking a significant step towards establishing the company as a major sustainable lithium producer.",www.benzinga.com,0.241573,Somewhat-Bullish,XOM,0.080728,0.056924,Neutral
2024-04-25 16:15:00,Vallourec wins another major order from ExxonMobil Guyana,https://www.globenewswire.com/news-release/2024/04/25/2869923/0/en/Vallourec-wins-another-major-order-from-ExxonMobil-Guyana.html,"Meudon, France, 25 April 2024 - Vallourec has secured a fourth major order in the framework of the Long-Term Agreement ( LTA ) signed in 2021 with ExxonMobil Guyana. Under the contract, Vallourec will deliver line pipe for ExxonMobil Guyana's deep-water Whiptail project.",www.globenewswire.com,0.3682,Bullish,XOM,0.52949,0.480387,Bullish
2024-04-25 16:42:00,"Hydrogen Is High-Dose Energy, Trying To Shake Its Fossil Fuel Roots",https://www.investors.com/news/hydrogen-energy-fuel-cars-green-hydrogen-hub/,Hydrogen Energy Lags In The Climate Race Investor's Business Daily ...,www.investors.com,0.166869,Somewhat-Bullish,XOM,0.047654,0.04474,Neutral
2024-04-25 20:01:00,"Exxon, Chevron Earnings Are Coming. Giants Spar Over South America's Oil Jewel.",https://www.investors.com/news/exxon-mobil-chevron-earnings-supermajors-spar-over-guyana/,Exxon Mobil ( XOM ) and Chevron ( CVX ) will announce first-quarter earnings and revenue early Friday as the two U.S. supermajors continue to squabble over Chevron's attempt to move into oil-rich Guyana. Both XOM stock and Chevron stock initially edged lower Thursday.,www.investors.com,0.064451,Neutral,XOM,0.507932,0.035507,Neutral
2024-04-25 20:40:00,"Tech Futures Jump On Google, Microsoft",https://www.investors.com/market-trend/stock-market-today/dow-jones-futures-microsoft-rise-google-soar/,"Dow Jones Futures Rise. Microsoft Pops, Google Soars After Stock Market Rally Shows Resilience Investor's Business Daily ...",www.investors.com,0.065123,Neutral,XOM,0.088472,0.0,Neutral
2024-04-26 06:34:35,Exxon Mobil Likely To Report Lower Q1 Earnings; Here Are The Recent Forecast Changes From Wall Street's Most Accurate Analysts - Exxon Mobil  ( NYSE:XOM ) ,https://www.benzinga.com/news/earnings/24/04/38452020/exxon-mobil-likely-to-report-lower-q1-earnings-here-are-the-recent-forecast-changes-from-wall-stree,"Exxon Mobil Corporation XOM is set to release earnings results for its first quarter before the opening bell on April 26, 2024. Analysts expect the Spring, Texas-based company to report quarterly earnings at $2.20 per share, down from $2.83 per share in the year-ago period.",www.benzinga.com,0.161543,Somewhat-Bullish,XOM,0.540042,0.372568,Bullish
2024-04-26 06:59:07,"Investor Sentiment Improves Slightly, But Dow Tumbles Over 350 Points - Chevron  ( NYSE:CVX ) , Bristol-Myers Squibb  ( NYSE:BMY ) ",https://www.benzinga.com/news/earnings/24/04/38452336/investor-sentiment-improves-slightly-but-dow-tumbles-over-350-points,"The CNN Money Fear and Greed index showed a slight improvement in the overall market sentiment, while the index remained in the ""Fear"" zone on Thursday. U.S. stocks settled lower on Thursday, following the release of economic reports.",www.benzinga.com,-0.10411,Neutral,XOM,0.219809,0.0,Neutral
2024-04-26 06:59:18,"Microsoft, Alphabet And 3 Stocks To Watch Heading Into Friday - Alphabet  ( NASDAQ:GOOG ) , Chevron  ( NYSE:CVX ) ",https://www.benzinga.com/news/earnings/24/04/38452338/microsoft-alphabet-and-3-stocks-to-watch-heading-into-friday,"With U.S. stock futures trading higher this morning on Friday, some of the stocks that may grab investor focus today are as follows: Wall Street expects Exxon Mobil Corporation XOM to report quarterly earnings at $2.20 per share on revenue of $78.35 billion before the opening bell, according to ...",www.benzinga.com,0.277996,Somewhat-Bullish,XOM,0.379051,0.211494,Somewhat-Bullish
2024-04-26 09:06:00,"Meet the Industry-Leading Stock Billionaires Warren Buffett, Ken Griffin, Ken Fisher, and Steven Cohen Can't Stop Buying",https://www.fool.com/investing/2024/04/26/stock-billionaires-warren-buffett-ken-griffin-buy/,Four prominent billionaire investors with differing investment philosophies share one thing in common: their desire to buy more shares of this top-tier company.,www.fool.com,0.259373,Somewhat-Bullish,XOM,0.038162,0.130602,Neutral
2024-04-26 10:20:05,Should Invesco Large Cap Value ETF  ( PWV )  Be on Your Investing Radar?,https://www.zacks.com/stock/news/2262967/should-invesco-large-cap-value-etf-pwv-be-on-your-investing-radar,Style Box ETF report for ...,www.zacks.com,0.256897,Somewhat-Bullish,XOM,0.123526,0.068619,Neutral
2024-04-26 10:35:20,Exxon stock falls as earnings miss on lower natural gas prices and squeezed refining margins,https://www.cnbc.com/2024/04/26/exxon-xom-q1-2024-earnings-report.html,Exxon Mobil first-quarter earnings missed expectations as the industry came under pressure from eroding refining margins and collapsing natural gas prices.,www.cnbc.com,0.06235,Neutral,XOM,0.118647,-0.084627,Neutral
2024-04-26 10:48:12,"MSFT, GOOGL Earnings Lift Nasdaq, S&P 500 Futures - But Can They Beat Inflation? - Invesco QQQ Trust, Series 1  ( NASDAQ:QQQ ) , SPDR S&P 500  ( ARCA:SPY ) ",https://www.benzinga.com/news/earnings/24/04/38455462/wall-street-futures-ride-high-on-microsoft-alphabet-cheer-but-will-inflation-data-burst-the-bubble-,"Tech earnings could come to the market's rescue as traders remain jittery about the outcome of key inflation data due on Friday. AI giants Alphabet, Inc. GOOGL GOOG and Microsoft Corp. MSFT set a positive tone for tech companies with strong performances in the first quarter.",www.benzinga.com,0.130064,Neutral,XOM,0.083833,0.0,Neutral
2024-04-26 11:32:00,"ExxonMobil  ( XOM )  Q1 Earnings Miss Estimates, Revenues Fall Y/Y",https://www.zacks.com/stock/news/2263049/exxonmobil-xom-q1-earnings-miss-estimates-revenues-fall-yy,ExxonMobil's (XOM) Q1 earnings suffer due to decreased total production and lower natural gas price realizations.,www.zacks.com,0.10046,Neutral,XOM,0.369685,0.093811,Neutral
2024-04-26 13:04:11,Google And Microsoft To The Rescue,https://www.forbes.com/sites/jjkinahan/2024/04/26/google-and-microsoft-to-the-rescue/,"Following a day where major indices saw significant losses early, but recovered late in the day, markets are poised for a strong open Friday. On Thursday, the S&P 500 dropped 0.5% while the Nasdaq Composite lost 0.6%.",www.forbes.com,0.114273,Neutral,XOM,0.063258,0.004077,Neutral
2024-04-26 14:33:00,"PCE In-Line to Warmer, Pre-Market Calms; ABBV Beats, XOM Misses",https://www.zacks.com/stock/news/2263401/pce-in-line-to-warmer-pre-market-calms-abbv-beats-xom-misses,"Pre-market futures are up across the board: +106 points on the Dow, +45 points on the S&P 500 and +195 on the Nasdaq immediately following this important data's release.",www.zacks.com,0.099873,Neutral,XOM,0.085629,0.088966,Neutral
2024-04-26 14:35:02,Exxon Mobil  ( XOM )  Lags Q1 Earnings and Revenue Estimates,https://www.zacks.com/stock/news/2263407/exxon-mobil-xom-lags-q1-earnings-and-revenue-estimates,"Exxon (XOM) delivered earnings and revenue surprises of -5.94% and 4.06%, respectively, for the quarter ended March 2024. Do the numbers hold clues to what lies ahead for the stock?",www.zacks.com,0.180293,Somewhat-Bullish,XOM,0.135729,0.116083,Neutral
2024-04-26 14:43:00,Surging Alphabet Stock Leads Broad-Based Tech Rally As Market Stages Recovery,https://www.investors.com/market-trend/stock-market-today/dow-jones-sp500-nasdaq-alphabet-stock-microsoft-stock-intel-stock/,"Stocks were off to a strong start Friday after a resilient performance Thursday that saw the Nasdaq composite pare a 2.3% intraday loss to less than 1%. Microsoft ( MSFT ) and Google-parent Alphabet ( GOOGL ) were strong movers on the stock market today, but the Dow Jones Industrial Average could ...",www.investors.com,0.171976,Somewhat-Bullish,XOM,0.136888,-0.273348,Somewhat-Bearish
2024-04-26 14:53:00,PCE/Core PCE Numbers Came In Line With Expectations,https://www.zacks.com/stock/news/2263409/pcecore-pce-numbers-came-in-line-with-expectations,"Pre-market futures are sunnier this morning. After seeing shadows in economic data related to the dreaded ""stagflation"" dynamic, Personal Income Expenditures ( PCE ) numbers for March look to have assuaged a bit of those fears this morning.",www.zacks.com,0.102404,Neutral,XOM,0.090474,0.097765,Neutral
2024-04-26 15:34:00,Stocks Rebound Amid Big-Cap Earnings: Weekly Review,https://www.investors.com/news/stock-market-rebounds-tesla-microsoft-google-meta-chipotle-ge-in-focus-weekly-review/,"Stock Market Rebounds. Tesla, Microsoft, Google, Meta, Chipotle, GE In Focus: Weekly Review Investor's Business Daily ...",www.investors.com,0.022015,Neutral,XOM,0.033075,0.022472,Neutral
2024-04-26 16:06:22,S&P 500 Gains 1%; Exxon Mobil Posts Downbeat Earnings - Exxon Mobil  ( NYSE:XOM ) ,https://www.benzinga.com/news/earnings/24/04/38464471/s-p-500-gains-1-exxon-mobil-posts-downbeat-earnings,"U.S. stocks traded higher midway through trading, with the S&P 500 gaining around 1% on Friday. The Dow traded up 0.41% to 38,243.14 while the NASDAQ rose 2.00% to 15,923.52. The S&P 500 also rose, gaining, 1.02% to 5,099.85. Communication services shares rose by 4.1% on Friday.",www.benzinga.com,0.198711,Somewhat-Bullish,XOM,0.139265,-0.281861,Somewhat-Bearish
2024-04-26 16:24:02,"ExxonMobil Q1 Earnings Miss Estimates, Revenues Fall Y/Y - PBF Energy  ( NYSE:PBF ) , EOG Resources  ( NYSE:EOG ) ",https://www.benzinga.com/news/earnings/earnings-misses/24/04/38458740/exxonmobil-q1-earnings-miss-estimates-revenues-fall-yy,"Exxon Mobil Corporation XOM reported first-quarter 2024 earnings per share of $2.06 ( excluding identified items ) , which missed the Zacks Consensus Estimate of $2.19. The bottom line also declined from the year-ago level of $2.83.",www.benzinga.com,0.117225,Neutral,XOM,0.366061,0.093186,Neutral
2024-04-26 16:30:16,ExxonMobil  ( XOM )  Q1 2024 Earnings Call Transcript,https://www.fool.com/earnings/call-transcripts/2024/04/26/exxonmobil-xom-q1-2024-earnings-call-transcript/,"XOM earnings call for the period ending March 31, 2024.",www.fool.com,0.334236,Somewhat-Bullish,XOM,0.020491,0.154404,Somewhat-Bullish
2024-04-26 18:32:26,Exxon is working on tech to remove CO2 from atmosphere but a breakthrough is needed to slash costs,https://www.cnbc.com/2024/04/26/climate-exxon-working-on-direct-air-capture-but-costs-need-to-fall.html,"Exxon CEO Darren Woods said the technology is currently unaffordable with CO2 removal costing between $600 to $1,000 per ton.",www.cnbc.com,-0.031378,Neutral,XOM,0.055881,-0.004002,Neutral
2024-04-26 18:52:50,Why ExxonMobil Stock Dropped on Earnings Friday,https://www.fool.com/investing/2024/04/26/why-exxon-mobil-stock-dropped-on-earnings-friday/,News flash: ExxonMobil stock is still a sell.,www.fool.com,0.106321,Neutral,XOM,0.339356,-0.141227,Neutral
2024-04-26 20:07:19,Stock Market Today: Markets Soar Amid Strong Earnings for Big Tech,https://www.kiplinger.com/investing/stocks/stock-market-today-markets-soar-amid-strong-earnings-for-big-tech,Stocks rebounded sharply on strong earnings from some Big Tech names and an encouraging reading on consumer spending.,www.kiplinger.com,0.295957,Somewhat-Bullish,XOM,0.216215,0.323953,Somewhat-Bullish
2024-04-27 14:54:31,Chevron and Exxon Earnings Are in… Are they Good Buys?,https://markets.businessinsider.com/news/stocks/a-review-of-this-weeks-big-tech-earnings-2-1033296063,"This earnings season has started out a little erratic, thanks to unusual Wall Street behavior after big tech companies released their earnings reports. Case in point: Netflix, Inc. ( NFLX ) and Tesla, Inc. ( TSLA ) .",markets.businessinsider.com,0.271128,Somewhat-Bullish,XOM,0.142904,0.202043,Somewhat-Bullish
2024-04-27 21:29:00,"Devon Energy: Buy, Sell, or Hold?",https://www.fool.com/investing/2024/04/27/devon-energy-buy-sell-or-hold/,"Devon Energy is focused on returning value to shareholders via dividends and share buybacks, but it's still an energy producer.",www.fool.com,0.25282,Somewhat-Bullish,XOM,0.053509,0.197181,Somewhat-Bullish
2024-04-28 07:12:00,"ExxonMobil: Buy, Sell, or Hold?",https://www.fool.com/investing/2024/04/28/exxon-mobil-buy-sell-or-hold/,"The oil and gas giant has benefited from higher oil prices, and external factors could keep them high for longer.",www.fool.com,0.108561,Neutral,XOM,0.37643,0.115512,Neutral
2024-04-28 11:46:00,"While ExxonMobil's Profit Is Plunging, Its Strategy Could Pay Big Dividends in the Coming Years",https://www.fool.com/investing/2024/04/28/while-exxonmobils-profits-are-plunging-its-strateg/,Exxon has multiple catalysts to drive robust earnings growth through 2027.,www.fool.com,0.287967,Somewhat-Bullish,XOM,0.159218,0.058774,Neutral
2024-04-28 13:15:00,3 Unusual Income ETFs That May Be Just What You're Looking For,https://www.fool.com/investing/2024/04/28/3-unusual-income-etfs-that-may-be-just-what-youre/,"They may be off the beaten path, but these exchange-traded funds just might meet your unique income need.",www.fool.com,0.218539,Somewhat-Bullish,XOM,0.034039,0.154281,Somewhat-Bullish
2024-04-29 04:00:05,Big Tech investors question AI pay-off,https://www.ft.com/content/e701a086-7bb8-42ed-a473-cd5acd2c174e,How long can Wall Street's AI-fueled rally continue without clear evidence of profit?,www.ft.com,0.166427,Somewhat-Bullish,XOM,0.371523,0.298433,Somewhat-Bullish
2024-04-29 09:42:00,"Company News for Apr 29, 2024",https://www.zacks.com/stock/news/2263730/company-news-for-apr-29-2024,"Companies In The News Are: INTC, WDC, XOM, CL.",www.zacks.com,0.134661,Neutral,XOM,0.595343,-0.068584,Neutral
2024-04-29 10:20:05,Should You Invest in the Strive U.S. Energy ETF  ( DRLL ) ?,https://www.zacks.com/stock/news/2263745/should-you-invest-in-the-strive-us-energy-etf-drll,Sector ETF report for ...,www.zacks.com,0.272754,Somewhat-Bullish,XOM,0.137671,0.072354,Neutral
2024-04-29 11:27:18,"Turkey Reportedly Turns East For Gas, Reportedly Eyes Exxon Deal To Ditch Russia - Exxon Mobil  ( NYSE:XOM ) ",https://www.benzinga.com/markets/equities/24/04/38485789/turkey-reportedly-turns-east-for-gas-reportedly-eyes-exxon-deal-to-ditch-russia,Exxon Mobil Corporation XOM is reportedly in talks with Turkey for a multibillion-dollar deal for liquefied natural gas ( LNG ) as Ankara seeks to curb its dependence on Russia for energy needs.,www.benzinga.com,0.290987,Somewhat-Bullish,XOM,0.522854,0.417809,Bullish
2024-04-29 12:15:00,3 Things You Need to Know About ExxonMobil's Dividend,https://www.fool.com/investing/2024/04/29/3-things-you-need-to-know-about-exxonmobils-divide/,ExxonMobil has a very consistent approach to paying dividends.,www.fool.com,0.412912,Bullish,XOM,0.172919,0.138188,Neutral
2024-04-29 12:25:03,"Imperial appoints Senior Vice President, Upstream - Investing News Network",https://investingnews.com/imperial-appoints-senior-vice-president-upstream/,"Imperial appoints Senior Vice President, Upstream Investing News Network ...",investingnews.com,0.119895,Neutral,XOM,0.143843,0.115442,Neutral
2024-04-29 15:45:09,Why Exxon Mobil  ( XOM )  is a Top Dividend Stock for Your Portfolio,https://www.zacks.com/stock/news/2264308/why-exxon-mobil-xom-is-a-top-dividend-stock-for-your-portfolio,"Dividends are one of the best benefits to being a shareholder, but finding a great dividend stock is no easy task. Does Exxon Mobil (XOM) have what it takes? Let's find out.",www.zacks.com,0.405048,Bullish,XOM,0.440549,0.485533,Bullish
2024-04-29 16:20:00,"Energy ETFs in Focus Post Exxon, Chevron's Weak Q1 Earnings",https://www.zacks.com/stock/news/2264370/energy-etfs-in-focus-post-exxon-chevrons-weak-q1-earnings,"Two energy behemoths, Exxon Mobil Corp. (XOM) and Chevron Corp. (CVX), reported disappointing first-quarter 2024 results. Both companies lagged estimates on revenues, while Chevron managed to beat earnings estimates.",www.zacks.com,0.248512,Somewhat-Bullish,XOM,0.358152,0.3517,Bullish
2024-04-29 17:16:06,Looking At Exxon Mobil's Recent Unusual Options Activity - Exxon Mobil  ( NYSE:XOM ) ,https://www.benzinga.com/insights/options/24/04/38498218/looking-at-exxon-mobils-recent-unusual-options-activity,"Financial giants have made a conspicuous bullish move on Exxon Mobil. Our analysis of options history for Exxon Mobil XOM revealed 25 unusual trades. Delving into the details, we found 60% of traders were bullish, while 28% showed bearish tendencies.",www.benzinga.com,0.162358,Somewhat-Bullish,XOM,0.771416,0.12936,Neutral
2024-04-30 09:18:00,Vanguard S&P 500 ETF vs. Vanguard High Dividend Yield ETF: Which Is Best for You?,https://www.fool.com/investing/2024/04/30/vanguard-sp-500-etf-vs-vanguard-high-dividend-yiel/,"These are two rock-solid ETFs for long-term investors, but they have some important differences.",www.fool.com,0.223451,Somewhat-Bullish,XOM,0.062597,0.067013,Neutral
2024-04-30 11:37:00,"Big Oil Battle: Exxon Is Better Than Chevron in This Key Area, and It's Not Even Close",https://www.fool.com/investing/2024/04/30/big-oil-battle-exxon-is-better-than-chevron-in-thi/,Exxon is a financial fortress.,www.fool.com,0.138725,Neutral,XOM,0.182047,0.034307,Neutral
2024-04-30 12:44:00,Why You Should Buy Pioneer Natural  ( PXD )  Ahead of Q1 Earnings,https://www.zacks.com/stock/news/2265010/why-you-should-buy-pioneer-natural-pxd-ahead-of-q1-earnings,"Considering the impending mega-merger with ExxonMobil (XOM), investors may invest in Pioneer Natural (PXD) before its Q1 earnings release on May 2.",www.zacks.com,0.39966,Bullish,XOM,0.307731,0.488669,Bullish
2024-04-30 13:00:00,Mod Op Expands Its Full-Service Offerings with the Acquisition of LAM Design,https://www.benzinga.com/pressreleases/24/04/g38519387/mod-op-expands-its-full-service-offerings-with-the-acquisition-of-lam-design,"NEW YORK, April 30, 2024 ( GLOBE NEWSWIRE ) -- Mod Op, a full-service digital marketing agency accelerating customer growth through human creativity, data science and innovation, today announced the acquisition of New York-based, brand strategy, package design & integrated marketing agency, LAM ...",www.benzinga.com,0.428628,Bullish,XOM,0.052801,0.089971,Neutral
2024-04-30 13:00:14,Exxon Mobil Corporation  ( XOM )  is Attracting Investor Attention: Here is What You Should Know,https://www.zacks.com/stock/news/2264787/exxon-mobil-corporation-xom-is-attracting-investor-attention-here-is-what-you-should-know,"Recently, Zacks.com users have been paying close attention to Exxon (XOM). This makes it worthwhile to examine what the stock has in store.",www.zacks.com,0.250989,Somewhat-Bullish,XOM,0.102449,0.036245,Neutral
2024-04-30 21:00:00,"TETRA TECHNOLOGIES, INC. ANNOUNCES FIRST QUARTER 2024 FINANCIAL RESULTS",https://www.prnewswire.com/news-releases/tetra-technologies-inc-announces-first-quarter--2024-financial-results-302132193.html,"THE WOODLANDS, Texas, April 30, 2024 /PRNewswire/ -- TETRA Technologies, Inc. ( ""TETRA"" or the ""Company"" ) ( NYSE:TTI ) today announced first quarter 2024 financial results.",www.prnewswire.com,0.16872,Somewhat-Bullish,XOM,0.010439,0.075266,Neutral
2024-04-30 21:02:00,"Diamondback Energy, Top Permian Basin Producer, Reports 16% Revenue Growth Amid 30% Run",https://www.investors.com/news/diamondback-top-permian-producer-reports-amid-30-run/,Diamondback Energy ( FANG ) reported better-than-expected first-quarter earnings and revenue even as the Permian Basin outfit's production lagged analysts expectations. FANG shares fell after the market closed Tuesday.,www.investors.com,0.106078,Neutral,XOM,0.202932,0.006924,Neutral
2024-05-01 08:27:00,Chevron Remains Confident It Will Close This Needle-Moving Acquisition,https://www.fool.com/investing/2024/05/01/chevron-remains-confident-it-will-close-this-needl/,Chevron firmly believes Exxon's case against it has no merit.,www.fool.com,0.292035,Somewhat-Bullish,XOM,0.104002,-0.025653,Neutral
2024-05-01 10:20:05,Should Invesco FTSE RAFI US 1000 ETF  ( PRF )  Be on Your Investing Radar?,https://www.zacks.com/stock/news/2265606/should-invesco-ftse-rafi-us-1000-etf-prf-be-on-your-investing-radar,Style Box ETF report for PRF ...,www.zacks.com,0.214872,Somewhat-Bullish,XOM,0.118354,0.074149,Neutral
2024-05-01 11:25:43,Exxon To Shut Down Two Oil Projects For Pipeline Connection: Report - Exxon Mobil  ( NYSE:XOM ) ,https://www.benzinga.com/markets/equities/24/05/38546624/exxon-to-shut-down-two-oil-projects-for-pipeline-connection-report,"Exxon Mobil Corporation XOM reportedly plans to shut down two offshore oil production projects in Guyana for two weeks each, between July and August, to connect a natural gas pipeline.",www.benzinga.com,0.226166,Somewhat-Bullish,XOM,0.491255,0.487111,Bullish
2024-05-01 11:46:44,Daily: Weed Stocks Light Up After DEA Reclassification,https://www.forbes.com/sites/daniellechemtob/2024/05/01/forbes-daily-weed-stocks-light-up-after-dea-reclassification/,"This is a published version of the Forbes Daily newsletter, you can sign-up to get Forbes Daily in your inbox here. Bad news if you're looking to buy a house anytime soon: Home prices hit a new record in February.",www.forbes.com,0.009713,Neutral,XOM,0.023013,0.122342,Neutral
2024-05-01 12:29:00,Vallourec  ( VLOWY )  to Supply Pipe for Whiptail Deepwater Project,https://www.zacks.com/stock/news/2265846/vallourec-vlowy-to-supply-pipe-for-whiptail-deepwater-project,Vallourec's (VLOWY) newest contract represents the fourth significant order that it has received under a long-term agreement (LTA) with ExxonMobil Guyana (XOM).,www.zacks.com,0.216908,Somewhat-Bullish,XOM,0.582526,0.205133,Somewhat-Bullish
2024-05-01 12:46:56,"Exxon Mobil, Kimberly-Clark And 2 Other Stocks Insiders Are Selling - Exxon Mobil  ( NYSE:XOM ) ",https://www.benzinga.com/news/24/05/38549444/exxon-mobil-kimberly-clark-and-2-other-stocks-insiders-are-selling,"The Nasdaq 100 closed lower by more than 300 points on Tuesday. Investors, meanwhile, focused on some notable insider trades. When insiders sell shares, it could be a preplanned sale, or could indicate their concern in the company's prospects or that they view the stock as being overpriced.",www.benzinga.com,0.239349,Somewhat-Bullish,XOM,0.420083,0.292029,Somewhat-Bullish
2024-05-01 13:51:59,US Stocks Mixed; Amazon Posts Upbeat Earnings - Amazon.com  ( NASDAQ:AMZN ) ,https://www.benzinga.com/news/earnings/24/05/38552235/us-stocks-mixed-amazon-posts-upbeat-earnings,"U.S. stocks traded mixed this morning, with the Dow Jones gaining around 0.1% on Wednesday. Following the market opening Wednesday, the Dow traded up 0.09% to 37,851.28 while the NASDAQ rose 0.04% to 15,663.99. The S&P 500 also fell, dropping, 0.16% to 5,027.53. Materials shares rose by 0.7% on ...",www.benzinga.com,0.067043,Neutral,XOM,0.075635,-0.144665,Neutral
2024-05-01 16:08:00,ExxonMobil  ( XOM )  Negotiates Massive LNG Deal With Turkey,https://www.zacks.com/stock/news/2266319/exxonmobil-xom-negotiates-massive-lng-deal-with-turkey,"ExxonMobil's (XOM) deal could significantly diversify and secure Turkey's energy mix, enhancing its status as a top global LNG supplier.",www.zacks.com,0.343448,Somewhat-Bullish,XOM,0.445569,0.444258,Bullish
2024-05-01 16:17:04,"Crude Oil Down 3%; ISM Manufacturing PMI Falls In April - CytomX Therapeutics  ( NASDAQ:CTMX ) , Cemtrex  ( NASDAQ:CETX ) ",https://www.benzinga.com/news/earnings/24/05/38558157/crude-oil-down-3-ism-manufacturing-pmi-falls-in-april,"U.S. stocks traded mixed midway through trading, with the Dow Jones gaining around 100 points on Wednesday. The Dow traded up 0.33% to 37,941.76 while the NASDAQ fell 0.35% to 15,603.45. The S&P 500 also fell, dropping, 0.25% to 5,023.16. Communication services shares rose by 1.1% on Wednesday.",www.benzinga.com,-0.002441,Neutral,XOM,0.079921,-0.145593,Neutral
2024-05-01 18:32:12,Dow Jumps 200 Points Following Fed Decision; Pfizer Earnings Top Estimates - Pfizer  ( NYSE:PFE ) ,https://www.benzinga.com/news/earnings/24/05/38561882/dow-jumps-200-points-following-fed-decision-pfizer-earnings-top-estimates,"U.S. stocks traded higher toward the end of trading, with the Dow Jones index gaining over 200 points on Wednesday. The Federal Reserve opted to keep the federal funds rate unchanged at 5.25% to 5.5%, as widely expected. The Dow traded up 0.55% to 38,022.21 while the NASDAQ rose 0.19% to ...",www.benzinga.com,0.02903,Neutral,XOM,0.068502,-0.143562,Neutral
2024-05-01 22:01:41,Exxon Mobil Set To Close $60B Deal For Pioneer Natural Resources After Agreement With FTC - Exxon Mobil  ( NYSE:XOM ) ,https://www.benzinga.com/government/24/05/38569055/exxon-mobil-set-to-close-60b-deal-for-pioneer-natural-resources-after-agreement-with-ftc,Exxon Mobil Corp XOM is preparing to close a $60 billion deal for Pioneer Natural Resources Co PXD in the coming days after agreeing not to add Pioneer CEO Scott Sheffield to the company's board of directors.,www.benzinga.com,0.19692,Somewhat-Bullish,XOM,0.7887,0.497646,Bullish
2024-05-01 22:02:38,FTC Will Approve Exxon's $60 Billion Merger With Pioneer-With One Caveat,https://www.forbes.com/sites/antoniopequenoiv/2024/05/01/ftc-will-approve-exxons-60-billion-merger-with-pioneer-with-one-caveat/,"The Federal Trade Commission is set to approve ExxonMobil's $60 billion takeover of Pioneer Natural Resources, according to multiple outlets, though the deal can reportedly only close if former Pioneer CEO Scott Sheffield, who faces allegations of engaging in activity to raise gas prices, is ...",www.forbes.com,0.035549,Neutral,XOM,0.091509,0.147975,Neutral
2024-05-02 06:07:42,Oil giant Shell beats first-quarter profit estimates despite weaker gas prices,https://www.cnbc.com/2024/05/02/shell-q1-earnings-2024.html,"British oil giant Shell on Thursday reported stronger-than-expected first-quarter profit, despite a sharp downturn in natural gas prices in Europe.",www.cnbc.com,0.173123,Somewhat-Bullish,XOM,0.147818,0.146656,Neutral
2024-05-02 08:38:54,"Tom Lee Weighs In On Market Implications Of A Potential Trump Victory: 'I Think Energy Stocks...Healthcare Would Come Under Pressure' - SPDR Select Sector Fund - Energy Select Sector  ( ARCA:XLE ) , Chevron  ( NYSE:CVX ) ",https://www.benzinga.com/analyst-ratings/analyst-color/24/05/38574597/tom-lee-weighs-in-on-market-implications-of-a-potential-trump-victory-i-think-energ,Fundstrat's Tom Lee on Wednesday weighed in on the possibility of the market factoring in Donald Trump's potential win in the upcoming November elections.,www.benzinga.com,0.0,Neutral,XOM,0.228073,-0.125128,Neutral
2024-05-02 10:15:00,3 Energy Dividend Stocks That Will Thrive at $100 per Barrel Crude Oil,https://www.fool.com/investing/2024/05/02/3-energy-dividend-stocks-thrive-higher-oil-prices/,"This integrated major, oilfield services leader, and exploration and production company all benefit from higher oil prices.",www.fool.com,0.356989,Bullish,XOM,0.206157,0.279675,Somewhat-Bullish
2024-05-02 12:40:00,Here's Why You Should Bet on BP Stock Ahead of Q1 Earnings,https://www.zacks.com/stock/news/2266990/heres-why-you-should-bet-on-bp-stock-ahead-of-q1-earnings,"Given its substantial buyback programs, a pipeline of upstream projects, significant downstream operations, and attractive valuation, it is wise for investors to buy BP before its Q1 earnings release.",www.zacks.com,0.43256,Bullish,XOM,0.171282,0.051028,Neutral
2024-05-02 14:08:00,"ProPetro  ( PUMP )  Q1 Earnings Beat Estimates, Revenues Fall Y/Y",https://www.zacks.com/stock/news/2267213/propetro-pump-q1-earnings-beat-estimates-revenues-fall-yy,ProPetro (PUMP) expects effective fleet utilization of 14-15% for the second quarter. It also anticipates capital expenditures in the range of $200-$250 million for 2024.,www.zacks.com,0.189754,Somewhat-Bullish,XOM,0.152821,0.338348,Somewhat-Bullish
2024-05-02 15:14:19,American oil tycoon accused of trying to conspire with OPEC to inflate prices | Business,https://www.cnn.com/2024/05/02/energy/oil-ceo-opec-scott-sheffield/index.html,American oil tycoon accused of trying to conspire with OPEC to inflate prices ...,www.cnn.com,-0.019087,Neutral,XOM,0.051221,0.14041,Neutral
2024-05-02 17:52:03,"FTC accuses ex-Pioneer CEO of colluding with OPEC, blocks him from Exxon board seat",https://www.cnbc.com/2024/05/02/ftc-accuses-ex-pioneer-ceo-of-colluding-with-opec-blocks-him-from-exxon-board.html,"The FTC has decided to refer the allegations to the Justice Department for a potential criminal investigation, according to the Wall Street Journal.",www.cnbc.com,-0.090802,Neutral,XOM,0.128135,-0.127185,Neutral
2024-05-02 23:18:43,FTC Alleges Pioneer CEO Colluded To Boost Oil Prices - Exxon Will Close $65B Acquisition Anyway,https://www.forbes.com/sites/christopherhelman/2024/05/02/ftc-alleges-pioneer-ceo-colluded-to-boost-oil-prices---exxon-will-close-65b-acquisition-anyway/,xxonMobil this week received clearance from the Federal Trade Commission to complete its $65 billion acquisition of Pioneer Natural Resources .,www.forbes.com,-0.052939,Neutral,XOM,0.0699,0.005075,Neutral
2024-05-03 04:37:00,'Shark Tank' star Kevin O'Leary says pro-Palestinian student protesters are 'screwed' when they apply for jobs because employers will identify them through AI,https://www.businessinsider.com/kevin-oleary-pro-palestinian-student-protesters-screwed-job-hunt-2024-5,"Kevin O'Leary: Pro-Palestinian student protesters are ""screwed"" - Business Insider ...",www.businessinsider.com,-0.318804,Somewhat-Bearish,XOM,0.163909,-0.233193,Somewhat-Bearish
2024-05-03 10:20:07,Is iShares Core High Dividend ETF  ( HDV )  a Strong ETF Right Now?,https://www.zacks.com/stock/news/2267616/is-ishares-core-high-dividend-etf-hdv-a-strong-etf-right-now,Smart Beta ETF report for ...,www.zacks.com,0.298276,Somewhat-Bullish,XOM,0.113329,0.060706,Neutral
2024-05-03 12:28:03,Seplat's $1.28B Asset Deal with Exxon Gets Regulatory Boost: Report - Exxon Mobil  ( NYSE:XOM ) ,https://www.benzinga.com/markets/equities/24/05/38612283/seplats-1-28b-asset-deal-with-exxon-gets-regulatory-boost-report,"Exxon Mobil Corporation's XOM asset sale to Seplat Energy SEPLF could reportedly be approved in less than two weeks. Nigeria's oil regulator said that this would end a two-year delay since the deal was signed, reported Reuters.",www.benzinga.com,0.246613,Somewhat-Bullish,XOM,0.585052,0.542078,Bullish
2024-05-03 12:45:00,3 Vanguard ETFs to Buy If You're Looking for Reliable Passive Income,https://www.fool.com/investing/2024/05/03/3-vanguard-etfs-buy-generate-passive-income/,ETFs can be a great way to boost your passive income stream while also achieving diversification.,www.fool.com,0.3103,Somewhat-Bullish,XOM,0.038101,0.12002,Neutral
2024-05-03 12:58:22,The FTC Move Against Scott Sheffield Goes Too Far,https://www.forbes.com/sites/michaellynch/2024/05/03/the-ftc-move-against-scott-sheffield-goes-too-far/,"For all that economists like to think they are practicing objective science, the truth remains that they often fall prey to fashion. Not sartorial but ideological. For many years, a light hand was urged with regards to anti-trust actions, the thinking being that larger firms had lower costs which ...",www.forbes.com,0.014396,Neutral,XOM,0.057907,-0.001,Neutral
2024-05-03 13:01:00,Why You Should Bet on Sunoco  ( SUN )  Ahead of Q1 Earnings,https://www.zacks.com/stock/news/2268020/why-you-should-bet-on-sunoco-sun-ahead-of-q1-earnings,"Investors may find it advantageous to purchase Sunoco (SUN) before Q1 earnings release, given its strategic acquisition deal and strong and sustainable business model.",www.zacks.com,0.418079,Bullish,XOM,0.279015,0.078861,Neutral
2024-05-03 22:28:00,"Vistra to Join S&P 500 Index, Replacing Pioneer Natural Resources",https://www.barrons.com/amp/articles/vistra-s-p-500-index-pioneer-natural-resources-58ebebca,"Vistra, a Texas-based electric utility and power producer, will join the S&P 500 index before the start of trading on Wednesday. It will replace Pioneer Natural Resources, the oil and gas company purchased by Exxon Mobil on Friday.",www.barrons.com,0.119699,Neutral,XOM,0.417995,0.1428,Neutral
2024-05-03 22:48:00,"AI Play, Bitcoin Miner Rally On S&P Index Moves",https://www.investors.com/news/sp-500-ai-play-vistra-bitcoin-miner-marathon-digital-bitcoin-miner/,S&P 500: AI Play Vistra Joins Index. Bitcoin Miner Marathon Digital Rallies On Demotion Investor's Business Daily ...,www.investors.com,0.119778,Neutral,XOM,0.447528,0.183602,Somewhat-Bullish
2024-05-04 00:28:04,"In Texas, pro-Palestine university protesters clash with state leaders",https://www.aljazeera.com/news/2024/5/4/in-texas-pro-palestine-university-protesters-clash-with-state-leaders,"Texas, one of the most conservative US states, has implemented laws limiting the ability to protest against Israel. Austin, Texas - ""It didn't feel real."" That's how Alishba Javaid, a student at the University of Texas at Austin, describes the moment when she saw roughly 30 state troopers walk ...",www.aljazeera.com,-0.082794,Neutral,XOM,0.027042,0.149903,Neutral
2024-05-04 11:00:00,Is Venezuela Serious About Invading Guyana?,https://www.theatlantic.com/international/archive/2024/05/venezuela-guyana-essequibo-border-dispute-referendum/678173/,"President Nicolás Maduro of Venezuela is an exuberant dictator, a lover of military salutes who is being investigated for crimes against humanity, but he's not reckless enough to invade neighboring Guyana, is he?",www.theatlantic.com,-0.002456,Neutral,XOM,0.04469,-0.049981,Neutral
2024-05-04 13:45:00,Is ExxonMobil Stock a Buy?,https://www.fool.com/investing/2024/05/04/is-exxonmobil-stock-a-buy/,"It took a long time, but ExxonMobil is finally trading at all-time highs.",www.fool.com,0.262627,Somewhat-Bullish,XOM,0.78989,0.520636,Bullish
2024-05-05 08:49:00,4 Invesco ETFs That Could Help You Retire a Millionaire,https://www.fool.com/investing/2024/05/05/4-invesco-etfs-that-could-help-you-retire-a-millio/,Learn what makes these ETFs stand out.,www.fool.com,0.162462,Somewhat-Bullish,XOM,0.055109,0.067008,Neutral
2024-05-06 08:21:00,"Apple, Berkshire Hathaway, Perficient, Vistra, Li Auto, Micron, Palantir, and More Stock Market Movers",https://www.barrons.com/amp/articles/stock-market-movers-6056c5fd,"Apple, Berkshire Hathaway, Perficient, Vistra, Luminar, Palantir, and More Market Movers ...",www.barrons.com,0.219892,Somewhat-Bullish,XOM,0.078611,0.098412,Neutral
2024-05-06 12:10:18,Daily: Berkshire Hathaway's Record Cash Pile Nears $200 Billion,https://www.forbes.com/sites/daniellechemtob/2024/05/06/forbes-daily-berkshire-hathaways-record-cash-pile-nears-200-billion/,"This is a published version of the Forbes Daily newsletter, you can sign-up to get Forbes Daily in your inbox here. Boeing's Starliner will carry astronauts into space for the first time today, as the aerospace giant tries to catch up to Elon Musk's SpaceX.",www.forbes.com,0.029135,Neutral,XOM,0.024005,-0.022038,Neutral
2024-05-06 13:19:00,Warren Buffett's Favorite Energy Stock Expected To See Profit Fall 47%,https://www.investors.com/news/warren-buffett-occidental-petroleum-profits-fall-as-oil-prices-retreat/,"Warren Buffett-backed Occidental Petroleum ( OXY ) reports first-quarter earnings and revenue late Tuesday, with analysts expecting EPS to nearly halve as lower oil and natural gas prices continue to hit energy companies. OXY shares angled higher early Monday.",www.investors.com,0.128727,Neutral,XOM,0.115232,0.041487,Neutral
2024-05-06 13:37:00,Why You Should Buy EOG Resources  ( EOG )  After Strong Q1 Earnings,https://www.zacks.com/stock/news/2268835/why-you-should-buy-eog-resources-eog-after-strong-q1-earnings,"EOG prioritizes positioning itself as one of the top oil and gas producers in terms of high returns, low costs and minimal emissions, playing a pivotal role in shaping the future of energy.",www.zacks.com,0.299797,Somewhat-Bullish,XOM,0.217508,0.064576,Neutral
2024-05-06 15:17:06,What's Going On With Exxon Mobil Shares Today? - Exxon Mobil  ( NYSE:XOM ) ,https://www.benzinga.com/markets/equities/24/05/38646857/whats-going-on-with-exxon-mobil-shares-today,Exxon Mobil Corporation XOM closed its acquisition of Pioneer Natural Resources Company last week. The merger of both companies created a combined company that has more than 1.4 million net acres in the Delaware and Midland basins and had an estimated 16 billion barrels of oil equivalent resource.,www.benzinga.com,0.310929,Somewhat-Bullish,XOM,0.736015,0.697686,Bullish
2024-05-06 18:19:00,ExxonMobil's  ( XOM )  Optimism Forwards Rovuma LNG Project,https://www.zacks.com/stock/news/2269053/exxonmobils-xom-optimism-forwards-rovuma-lng-project,ExxonMobil (XOM) is moving forward with the LNG project. It expects the project to enter a front-end engineering and design phase in the coming months.,www.zacks.com,0.137461,Neutral,XOM,0.562664,0.210592,Somewhat-Bullish
2024-05-06 20:31:14,Spotlight on Exxon Mobil: Analyzing the Surge in Options Activity - Exxon Mobil  ( NYSE:XOM ) ,https://www.benzinga.com/insights/options/24/05/38654192/spotlight-on-exxon-mobil-analyzing-the-surge-in-options-activity,"Financial giants have made a conspicuous bullish move on Exxon Mobil. Our analysis of options history for Exxon Mobil XOM revealed 24 unusual trades. Delving into the details, we found 54% of traders were bullish, while 41% showed bearish tendencies.",www.benzinga.com,0.136733,Neutral,XOM,0.804667,0.202149,Somewhat-Bullish
2024-05-06 21:07:00,Schwab Customers Ran To These Three Stocks Amid April Market Meltdown,https://www.investors.com/research/nvidia-stock-microsoft-amazon/,"April was a poor month for stocks. Despite encouraging company earnings, investors took a breather and indexes fell after five months of solid gains. The Nasdaq lost 4.4% for the month while the S&P 500 fell 4.2%. The Dow Jones lost 5%, according to IBD MarketSurge.",www.investors.com,-0.087964,Neutral,XOM,0.186738,-0.14982,Neutral
2024-05-07 11:03:00,Analysis: Europe risks losing its biggest oil companies to America | Business,https://www.cnn.com/2024/05/07/business/shell-totalenergies-listing-europe-us/index.html,Europe risks losing its biggest oil companies to America ...,www.cnn.com,0.116053,Neutral,XOM,0.137148,0.094091,Neutral
2024-05-07 11:06:10,"BP Q1 results: Net profit slides 40% to $2.7 billion, misses forecasts",https://www.business-standard.com/world-news/bp-q1-results-net-profit-slides-40-to-2-7-billion-misses-forecasts-124050700956_1.html,"BP's first-quarter earnings plunged by 40% to $2.7 billion, missing forecasts after lower energy prices and a U.S. refinery outage offset increased oil and gas production.",www.business-standard.com,0.15447,Somewhat-Bullish,XOM,0.090474,0.241943,Somewhat-Bullish
2024-05-07 11:15:00,3 Top ETFs to Buy in May to Cash In on Higher Oil Prices,https://www.fool.com/investing/2024/05/07/3-top-etfs-to-buy-in-may-to-cash-in-on-higher-oil/,These energy ETFs position you to capitalize on rising crude prices.,www.fool.com,0.332186,Somewhat-Bullish,XOM,0.113956,0.218221,Somewhat-Bullish
2024-05-07 12:39:00,"Schwab Investors Ran To Nvidia Stock, These Others For Shelter In Bumpy April",https://www.investors.com/research/nvidia-stock-microsoft-amazon/,"April was a poor month for stocks. Despite encouraging company earnings, investors took a breather and indexes fell after five months of solid gains. The Nasdaq lost 4.4% for the month while the S&P 500 fell 4.2%. The Dow Jones Industrial Average lost 5%, according to IBD MarketSurge.",www.investors.com,-0.085516,Neutral,XOM,0.18602,-0.149401,Neutral
2024-05-07 13:08:00,EOG Resources  ( EOG )  Q1 Earnings Beat on Solid Oil Production,https://www.zacks.com/stock/news/2269713/eog-resources-eog-q1-earnings-beat-on-solid-oil-production,Higher oil equivalent production volumes primarily aid EOG Resources' (EOG) strong Q1 earnings.,www.zacks.com,0.186955,Somewhat-Bullish,XOM,0.208166,0.062389,Neutral
2024-05-07 14:18:00,"JP 3E Holdings, Inc. Acquires 51% of Power Engineering Corporation  ( PEC ) , Eyes Major Expansion in Energy Market",https://www.globenewswire.com/news-release/2024/05/07/2876901/0/en/JP-3E-Holdings-Inc-Acquires-51-of-Power-Engineering-Corporation-PEC-Eyes-Major-Expansion-in-Energy-Market.html,"JP 3E Holdings, Inc. Acquires 51% of Power Engineering Corporation (PEC), Eyes Major Expansion in Energy Market ...",www.globenewswire.com,0.478802,Bullish,XOM,0.036255,0.247814,Somewhat-Bullish
2024-05-07 14:18:37,"JP 3E Holdings, Inc. Acquires 51% of Power Engineering Corporation  ( PEC ) , Eyes Major Expansion in Energy Market - Spooz  ( OTC:SPZI ) ",https://www.benzinga.com/pressreleases/24/05/g38671926/jp-3e-holdings-inc-acquires-51-of-power-engineering-corporation-pec-eyes-major-expansion-in-energy,"CLEARWATER, Fla., May 07, 2024 ( GLOBE NEWSWIRE ) -- JP 3E Holdings, Inc. ( ""JP3E"" ) , previously known as Spooz, Inc. SPZI, today announced the successful acquisition of 51% of Power Engineering Corporation ( PEC ) from Imperial Holdings, Inc.",www.benzinga.com,0.462053,Bullish,XOM,0.03453,0.246702,Somewhat-Bullish
2024-05-07 20:30:00,Montana Technologies Corp. Expands Management Team with Key Appointments,https://www.prnewswire.com/news-releases/montana-technologies-corp-expands-management-team-with-key-appointments-302138633.html,Diverse Team of Financial and Legal Executives Brings Expertise Across Energy Industry,www.prnewswire.com,0.217674,Somewhat-Bullish,XOM,0.038223,0.036323,Neutral
2024-05-07 20:45:00,"VAALCO Energy, Inc. Announces First Quarter 2024 Results",https://www.globenewswire.com/news-release/2024/05/07/2877296/0/en/VAALCO-Energy-Inc-Announces-First-Quarter-2024-Results.html,"HOUSTON, May 07, 2024 ( GLOBE NEWSWIRE ) -- VAALCO Energy, Inc. ( NYSE: EGY, LSE: EGY ) ( ""VAALCO"" or the ""Company"" ) today reported operational and financial results for the first quarter of 2024.",www.globenewswire.com,0.221551,Somewhat-Bullish,XOM,0.008011,0.072275,Neutral
2024-05-08 05:00:00,SBM Offshore First Quarter 2024 Trading Update,https://www.globenewswire.com/news-release/2024/05/08/2877416/0/en/SBM-Offshore-First-Quarter-2024-Trading-Update.html,May ...,www.globenewswire.com,0.214416,Somewhat-Bullish,XOM,0.024852,0.130213,Neutral
2024-05-08 05:00:27,"SBM Offshore First Quarter 2024 Trading Update - SBM Offshore  ( OTC:SBFFY ) , SBM Offshore  ( OTC:SBFFF ) ",https://www.benzinga.com/pressreleases/24/05/g38690826/sbm-offshore-first-quarter-2024-trading-update,"Year-to-date Directional1 revenue of US$871 million, in line with expectation Full year 2024 Directional revenue and Directional EBITDA guidance maintained Cash dividend of US$150 million ( equivalent to EUR0.7651 per ordinary share ) approved Share repurchase program of EUR65 million on ...",www.benzinga.com,0.214681,Somewhat-Bullish,XOM,0.022925,0.128869,Neutral
2024-05-08 08:00:00,BP Is Ready to Make Acquisitions. Why It's Looking Beyond Oil.,https://www.barrons.com/amp/articles/bp-oil-clean-energy-acquisitions-c35ba4d7,"Mergers and acquisitions are the hottest theme in the oil industry today. Exxon Mobil , Chevron , Diamondback Energy , and Occidental Petroleum have all announced transformative oil deals in the past year, collectively worth more than $150 billion.",www.barrons.com,0.113353,Neutral,XOM,0.070105,0.108503,Neutral
2024-05-08 10:56:00,ExxonMobil  ( XOM )  Trading Staff Opposes London Relocation Plan,https://www.zacks.com/stock/news/2270267/exxonmobil-xom-trading-staff-opposes-london-relocation-plan,"ExxonMobil (XOM) employees in Brussels take to the streets, resisting the company's move to relocate trading operations to London. Job cuts loom large as tensions rise.",www.zacks.com,0.014522,Neutral,XOM,0.409742,-0.222151,Somewhat-Bearish
2024-05-08 12:30:01,Op-ed: Investing lessons from a baseball card collector. Diversify to find the all-stars,https://www.cnbc.com/2024/05/08/op-ed-investing-lessons-from-baseball-cards.html,Investing has parallels to collecting baseball cards. The only way to make sure you own a future star is to diversify.,www.cnbc.com,0.183201,Somewhat-Bullish,XOM,0.051441,0.143444,Neutral
2024-05-08 13:14:00,Peloton Needs a Wizard,https://www.fool.com/investing/2024/05/08/peloton-needs-a-wizard/,"We also talk about big oil and chat with Tom Chivers, author of ""Everything Is Predictable: How Bayesian Statistics Explain Our World."" ...",www.fool.com,0.169081,Somewhat-Bullish,XOM,0.025316,0.096725,Neutral
2024-05-08 13:37:00,Here's Why You Should Watch Enbridge  ( ENB )  Ahead of Q1 Earnings,https://www.zacks.com/stock/news/2270655/heres-why-you-should-watch-enbridge-enb-ahead-of-q1-earnings,"Despite having a stable business model, Enbridge is not cheap now on a relative basis. Hence, it's advisable for investors to be cautious prior to the company's Q1 earnings announcement.",www.zacks.com,0.272257,Somewhat-Bullish,XOM,0.20698,0.062065,Neutral
2024-05-08 21:33:01,5 Of The Best Oil And Gas Stocks To Buy For High Crude Prices,https://www.forbes.com/sites/investor-hub/article/best-oil-gas-stocks-amid-high-crude-oil-prices/,5 Of The Best Oil And Gas Stocks To Buy For High Crude Oil Prices Forbes ...,www.forbes.com,0.475397,Bullish,XOM,0.058831,0.265269,Somewhat-Bullish
2024-05-09 09:12:00,Why ExxonMobil Stock Is a Long-Term Buy,https://www.fool.com/investing/2024/05/09/why-exxonmobil-stock-is-a-long-term-buy/,Exxon is not just an energy company of the past.,www.fool.com,0.29901,Somewhat-Bullish,XOM,0.10607,0.163784,Somewhat-Bullish
2024-05-09 09:57:00,Corporate America got woke. Now it's having second thoughts.,https://www.businessinsider.com/woke-capitalism-reversal-google-unilever-bud-light-esg-dei-2024-5,"Corporate America Is Going Un-Woke: Reversing DEI, Sustainability Plan - Business Insider ...",www.businessinsider.com,0.004825,Neutral,XOM,0.026532,0.110411,Neutral
2024-05-09 10:20:05,Should You Invest in the Fidelity MSCI Energy Index ETF  ( FENY ) ?,https://www.zacks.com/stock/news/2271121/should-you-invest-in-the-fidelity-msci-energy-index-etf-feny,Sector ETF report for ...,www.zacks.com,0.257476,Somewhat-Bullish,XOM,0.1331,0.053259,Neutral
2024-05-09 13:00:05,Donald Trump's stormy day in court,https://www.ft.com/content/fd53ab36-d2fa-4a69-a256-e5618a9235c0,"Also in today's newsletter, Ken Griffin weighs whether he'll back Trump or ...",www.ft.com,0.100546,Neutral,XOM,0.043342,0.044219,Neutral
2024-05-09 13:39:00,Why You Should Buy ConocoPhillips  ( COP )  After Q1 Earnings Beat,https://www.zacks.com/stock/news/2271554/why-you-should-buy-conocophillips-cop-after-q1-earnings-beat,"Given its diverse asset base, strong balance sheet and a firm dedication to returning capital to shareholders, investors should seriously consider purchasing ConocoPhillips (COP).",www.zacks.com,0.353642,Bullish,XOM,0.290033,0.08134,Neutral
2024-05-09 14:00:00,"Lubricants Market Surges to USD 187.9 Billion by 2031, Propelled by 2.7% CAGR - Verified Market Research®",https://www.benzinga.com/pressreleases/24/05/g38733240/lubricants-market-surges-to-usd-187-9-billion-by-2031-propelled-by-2-7-cagr-verified-market-resear,"Lewes, Delaware, May 09, 2024 ( GLOBE NEWSWIRE ) -- The Global Lubricants Market is projected to grow at a CAGR of 2.7% from 2024 to 2031, according to a new report published by Verified Market Research®.",www.benzinga.com,0.315134,Somewhat-Bullish,XOM,0.028122,0.059513,Neutral
2024-05-09 14:00:04,"ExxonMobil Trading Staff Opposes London Relocation Plan - EOG Resources  ( NYSE:EOG ) , Hess  ( NYSE:HES ) ",https://www.benzinga.com/news/24/05/38698599/exxonmobil-trading-staff-opposes-london-relocation-plan,"Exxon Mobil Corporation's XOM trading staff rallied outside its Brussels office last week, protesting against the relocation of the trading floor to London, per a Bloomberg report. Approximately 50 employees voiced their concerns over hundreds of job reductions that have occurred over the past ...",www.benzinga.com,0.041212,Neutral,XOM,0.404098,-0.225444,Somewhat-Bearish
2024-05-09 14:58:00,INDUSTRY LEADERS RECOGNIZED WITH 2024 RESPONSIBLE CARE® PERFORMANCE AWARDS,https://www.benzinga.com/pressreleases/24/05/n38735216/industry-leaders-recognized-with-2024-responsible-care-performance-awards,"Awards Presented at Annual Responsible Care® & Sustainability Conference WASHINGTON, May 9, 2024 /PRNewswire/ -- Safety and sustainability leaders in the chemical industry were recognized this week at the 2024 Responsible Care® & Sustainability Conference & Expo, acknowledging the exceptional ...",www.benzinga.com,0.727375,Bullish,XOM,0.139265,0.458405,Bullish
2024-05-09 15:47:00,Equinor  ( EQNR )  Buys Stake in Standard Lithium's Two Projects,https://www.zacks.com/stock/news/2271706/equinor-eqnr-buys-stake-in-standard-lithiums-two-projects,"Per the deal, Equinor (EQNR) will pay Standard Lithium $30 million to cover past expenses related to the projects proportional to the acquired interest.",www.zacks.com,0.312254,Somewhat-Bullish,XOM,0.179788,0.160108,Somewhat-Bullish
2024-05-09 16:29:00,ExxonMobil  ( XOM )  Liza Unity FPSO Hits Record Output in Guyana,https://www.zacks.com/stock/news/2271688/exxonmobil-xom-liza-unity-fpso-hits-record-output-in-guyana,"ExxonMobil's (XOM) Liza Unity FPSO achieves peak production of 252K bbl/day, paving the way for Guyana to become Latin America's second-largest oil producer after Brazil.",www.zacks.com,0.299615,Somewhat-Bullish,XOM,0.442522,0.380018,Bullish
2024-05-09 21:03:00,Caracas Angered By US-Guyana Flyover As Border Dispute Simmers,https://www.barrons.com/news/caracas-angered-by-us-guyana-flyover-as-border-dispute-simmers-51620328,"American fighter jets flew over Guyana Thursday in a military exercise that irked Venezuela, which is embroiled in a diplomatic spat with its neighbor over an oil-rich border region.",www.barrons.com,-0.017347,Neutral,XOM,0.231332,-0.236698,Somewhat-Bearish
2024-05-10 01:00:00,Japan Energy Summit and Exhibition Hosts and Sponsors - Demonstrate the Importance of Accelerating Decarbonisation,https://www.prnewswire.com/apac/news-releases/japan-energy-summit-and-exhibition-hosts-and-sponsors---demonstrate-the-importance-of-accelerating-decarbonisation-302141063.html,"• Japan Energy Summit & Exhibition emerges as a crucial platform for facilitating and showcasing collaborations between energy giants • The event convenes over 4,000 attendees, 150 exhibiting companies, 450 delegates, 130 speakers, 150 government representatives and senior leaders • Keynote ...",www.prnewswire.com,0.384914,Bullish,XOM,0.095899,0.171874,Somewhat-Bullish
2024-05-10 02:41:35,"Trump Reportedly Seeks $1B In Campaign Funds From Exxon Mobil, Chevron, Other Big Oil Execs: Expert Calls It 'Shocking' But Perfectly Legal - Chevron  ( NYSE:CVX ) , ConocoPhillips  ( NYSE:COP ) ",https://www.benzinga.com/news/24/05/38751446/trump-reportedly-seeks-1b-in-campaign-funds-from-exxon-mobil-chevron-other-big-oil-execs-expert-call,"Former President Donald Trump has reportedly asked oil industry executives to contribute $1 billion to his campaign for the White House. This request, while controversial, is likely legal, according to industry experts.",www.benzinga.com,0.139788,Neutral,XOM,0.16849,0.173651,Somewhat-Bullish
2024-05-10 10:00:00,How to invest in natural gas stocks,https://www.cnn.com/cnn-underscored/money/trade-natural-gas,Natural gas stocks: Comprehensive investment guide CNN Underscored ...,www.cnn.com,0.309212,Somewhat-Bullish,XOM,0.048969,0.351001,Bullish
2024-05-10 10:20:06,Should Schwab U.S. Large-Cap Value ETF  ( SCHV )  Be on Your Investing Radar?,https://www.zacks.com/stock/news/2271917/should-schwab-us-large-cap-value-etf-schv-be-on-your-investing-radar,Style Box ETF report for ...,www.zacks.com,0.25353,Somewhat-Bullish,XOM,0.118064,-0.023032,Neutral
2024-05-10 13:30:00,3 Rock-Solid Dividend Stocks That Are Ideal for Retirees,https://www.fool.com/investing/2024/05/10/3-rock-solid-dividend-stocks-ideal-for-retirees/,These are low-risk stocks with high yields.,www.fool.com,0.254137,Somewhat-Bullish,XOM,0.16849,0.05271,Neutral
2024-05-10 13:31:00,Why You Should Buy Valero Energy  ( VLO )  After Q1 Earnings Beat,https://www.zacks.com/stock/news/2272275/why-you-should-buy-valero-energy-vlo-after-q1-earnings-beat,"Valero's (VLO) premium refining operations are resilient, even when the business operating environment is carbon-constrained.",www.zacks.com,0.364401,Bullish,XOM,0.252114,0.07268,Neutral
2024-05-10 14:29:00,Energy Industry Already Giving Trump Millions-While He Promises Big Cutbacks In Seeking $1 Billion Donation,https://www.forbes.com/sites/saradorn/2024/05/10/energy-industry-already-giving-trump-millions-while-he-promises-big-cutbacks-in-seeking-1-billion-donation/,Here's How Much The Oil And Gas Industry Has Given To Trump-As He Reportedly Seeks $1 Billion Donation Forbes ...,www.forbes.com,0.159681,Somewhat-Bullish,XOM,0.053153,0.069777,Neutral
2024-05-10 15:40:50,Mozambique's president says northern town 'under attack' by armed groups,https://www.aljazeera.com/news/2024/5/10/mozambiques-president-says-northern-town-under-attack-by-armed-groups,"President Filipe Nyusi said the country's army is battling ISIL-linked groups in gas-rich Cabo Delgado's Macomia. Mozambique's army is fighting armed groups who launched a major attack on the northern town of Macomia, President Filipe Nyusi has said in a televised address.",www.aljazeera.com,-0.243659,Somewhat-Bearish,XOM,0.095517,0.170644,Somewhat-Bullish
2024-05-10 16:16:22,news,https://www.prnewswire.com/news/waters-kraus-paul-%26-siegel/,"A Philadelphia jury has returned a $725.5 million verdict against ExxonMobil, finding the company's failure to warn about known health risks of... Join PR Newswire for Journalists to access all of the free services designated to make your job easier. In need of subject matter experts for your ...",www.prnewswire.com,0.250204,Somewhat-Bullish,XOM,0.558244,-0.592058,Bearish
2024-05-10 19:40:00,LAMONS KÜNDIGT ZUSAMMENARBEIT MIT H2SCAN AN - PR Newswire,https://www.prnewswire.com/news-releases/lamons-kundigt-zusammenarbeit-mit-h2scan-an-302142657.html,LAMONS KÜNDIGT ZUSAMMENARBEIT MIT H2SCAN AN PR ...,www.prnewswire.com,-0.191634,Somewhat-Bearish,XOM,0.049629,-0.132144,Neutral
2024-05-10 21:00:00,W&T Offshore Announces First Quarter 2024 Results and Declares Dividend for Second Quarter of 2024,https://www.globenewswire.com/news-release/2024/05/10/2879856/0/en/W-T-Offshore-Announces-First-Quarter-2024-Results-and-Declares-Dividend-for-Second-Quarter-of-2024.html,"Quarterly Earnings Call Scheduled for Monday, May 13, 2024 Quarterly Earnings Call Scheduled for Monday, May ...",www.globenewswire.com,0.171813,Somewhat-Bullish,XOM,0.008302,0.072151,Neutral
2024-05-10 22:07:00,Chevron's  ( CVX )  Gorgon LNG Facility Faces Production Disruption,https://www.zacks.com/stock/news/2272481/chevrons-cvx-gorgon-lng-facility-faces-production-disruption,Chevron (CVX) states that it is working to repair the fault and the process may take several weeks. This may affect the exports from the facility.,www.zacks.com,0.148542,Neutral,XOM,0.058615,0.0,Neutral
2024-05-12 11:58:00,"Trump asked top oil execs for $1 billion campaign cash in exchange for environmental policy rollbacks, report says",https://www.businessinsider.com/trump-asked-oil-execs-for-1bn-2024,Trump asked oil execs for $1BN to rollback environmental policies: report - Business Insider ...,www.businessinsider.com,0.159093,Somewhat-Bullish,XOM,0.070517,0.345323,Somewhat-Bullish
2024-05-13 06:48:00,Citadel CEO Ken Griffin says the anti-Israel college campus protests are just 'performative art',https://www.businessinsider.com/citadel-ken-griffin-anti-israel-protests-form-of-performative-art-2024-5,"Ken Griffin: Anti-Israel protests are a form of ""performative art"" - Business Insider ...",www.businessinsider.com,-0.093707,Neutral,XOM,0.060236,-0.153017,Somewhat-Bearish
2024-05-13 08:12:00,Billionaires Can't Stop Buying These 3 Energy Stocks. Should You Join Them?,https://www.fool.com/investing/2024/05/13/billionaires-cant-stop-buying-these-3-energy-stock/,These billionaires are betting big on energy stocks.,www.fool.com,0.249865,Somewhat-Bullish,XOM,0.421485,0.317132,Somewhat-Bullish
2024-05-13 09:45:03,European Traditional Energy Majors Return To Tried And Tested Ways Of Unlocking Value,https://www.forbes.com/sites/gauravsharma/2024/05/13/european-traditional-energy-majors-return-to-tried-and-tested-ways-of-unlocking-value/,"As the transitioning energy mix began to catch the world's attention in the last decade, many big oil companies wanted to remain true to their corporate DNA yet did not wish to ignore the race to renewables.",www.forbes.com,0.187946,Somewhat-Bullish,XOM,0.129866,0.209648,Somewhat-Bullish
2024-05-13 12:01:00,1 Top Dividend Growth ETF to Buy and Hold for 10 Years,https://www.fool.com/investing/2024/05/13/1-top-dividend-growth-etf-to-buy-and-hold-for-10-y/,Patience should pay off with this stock.,www.fool.com,0.4124,Bullish,XOM,0.072655,0.214061,Somewhat-Bullish
2024-05-13 12:15:00,Ocean Power Technologies Announces Renewable Energy Production Milestone - Ocean Power Techs  ( AMEX:OPTT ) ,https://www.benzinga.com/pressreleases/24/05/g38787412/ocean-power-technologies-announces-renewable-energy-production-milestone,"MONROE TOWNSHIP, N.J., May 13, 2024 ( GLOBE NEWSWIRE ) -- Ocean Power Technologies, Inc. OPTT ( ""OPT"" or the ""Company"" ) , a leader in innovative and cost-effective low-carbon marine power, data, and service solutions, today announced it is approaching 15MWh of renewable energy production from ...",www.benzinga.com,0.267922,Somewhat-Bullish,XOM,0.062434,0.115171,Neutral
2024-05-13 13:00:16,Here is What to Know Beyond Why Exxon Mobil Corporation  ( XOM )  is a Trending Stock,https://www.zacks.com/stock/news/2272661/here-is-what-to-know-beyond-why-exxon-mobil-corporation-xom-is-a-trending-stock,"Zacks.com users have recently been watching Exxon (XOM) quite a bit. Thus, it is worth knowing the facts that could determine the stock's prospects.",www.zacks.com,0.215579,Somewhat-Bullish,XOM,0.102668,0.075909,Neutral
2024-05-13 13:19:00,Why You Should Keep an Eye on BP Despite Q1 Earnings Miss,https://www.zacks.com/stock/news/2272906/why-you-should-keep-an-eye-on-bp-despite-q1-earnings-miss,"Despite the weak results, BP expects its reported and underlying upstream production to be slightly higher this year.",www.zacks.com,0.241314,Somewhat-Bullish,XOM,0.274834,0.077911,Neutral
2024-05-14 15:26:00,ExxonMobil  ( XOM )  Bolsters Egypt Offshore Exploration Ties,https://www.zacks.com/stock/news/2273706/exxonmobil-xom-bolsters-egypt-offshore-exploration-ties,"ExxonMobil (XOM) will retain a 60% working interest in the Masry and Cairo concessions, while QatarEnergy will hold a 40% stake in the agreement.",www.zacks.com,0.293892,Somewhat-Bullish,XOM,0.430454,0.372587,Bullish
2024-05-14 15:45:50,Smart Money Is Betting Big In XOM Options - Exxon Mobil  ( NYSE:XOM ) ,https://www.benzinga.com/insights/options/24/05/38821588/smart-money-is-betting-big-in-xom-options,"High-rolling investors have positioned themselves bullish on Exxon Mobil XOM, and it's important for retail traders to take note. \This activity came to our attention today through Benzinga's tracking of publicly available options data.",www.benzinga.com,0.15482,Somewhat-Bullish,XOM,0.836437,0.26627,Somewhat-Bullish
2024-05-14 22:33:39,House Democrat presses oil CEOs for details of Trump's fundraising dinner at Mar-a-Lago,https://www.cnbc.com/2024/05/14/trump-oil-ceos-dinner-house-democrat-probe-.html,"In letters to nine oil CEOs, the House Oversight Committee's top Democrat asked for details of any pledges Trump made as he asked them for campaign donations.",www.cnbc.com,0.278866,Somewhat-Bullish,XOM,0.073773,0.10082,Neutral
2024-05-15 06:03:38,"Hillary Clinton Slams Trump For Allegedly Bribing Fossil Fuel CEOs To Reverse Biden's Climate Action In Exchange For $1B: 'Outrageous' - Chevron  ( NYSE:CVX ) , Hess  ( NYSE:HES ) ",https://www.benzinga.com/news/24/05/38835533/hillary-clinton-slams-trump-for-allegedly-bribing-fossil-fuel-ceos-to-reverse-bidens-climate-action,Former Secretary of State Hillary Clinton has accused ex-President Donald Trump of attempting to bribe fossil fuel CEOs to overturn President Joe Biden's climate policies.,www.benzinga.com,0.070582,Neutral,XOM,0.163909,0.042158,Neutral
2024-05-15 10:18:00,Worried About a Stock Market Correction? Here Are 3 ETFs That Can Help You Sleep at Night,https://www.fool.com/investing/2024/05/15/worried-about-a-stock-market-correction-here-are-3/,"These aren't going to make you rich quickly, but you might be surprised at their long-term potential.",www.fool.com,0.163112,Somewhat-Bullish,XOM,0.062761,0.017057,Neutral
2024-05-15 11:15:00,Meet the Two Super Safe Stock Market Sectors That Just Hit 52-Week Highs,https://www.fool.com/investing/2024/05/15/stock-market-sector-utility-consumer-staple-high/,"Investors are getting defensive, and that's driving higher prices in the utility and consumer staples sectors.",www.fool.com,0.264427,Somewhat-Bullish,XOM,0.041901,0.093606,Neutral
2024-05-15 11:28:00,3 Energy Mutual Funds for Higher Returns,https://www.zacks.com/stock/news/2273889/3-energy-mutual-funds-for-higher-returns,"Below, we share with you three top-ranked energy mutual funds. Each has earned a Zacks Mutual Fund Rank #1.",www.zacks.com,0.281861,Somewhat-Bullish,XOM,0.07887,0.136561,Neutral
2024-05-15 15:45:08,Why Exxon Mobil  ( XOM )  is a Great Dividend Stock Right Now,https://www.zacks.com/stock/news/2274296/why-exxon-mobil-xom-is-a-great-dividend-stock-right-now,"Dividends are one of the best benefits to being a shareholder, but finding a great dividend stock is no easy task. Does Exxon Mobil (XOM) have what it takes? Let's find out.",www.zacks.com,0.411074,Bullish,XOM,0.440549,0.487767,Bullish
2024-05-15 16:06:00,ExxonMobil  ( XOM )  Strikes Oil With Likembe-01 Well Offshore Angola,https://www.zacks.com/stock/news/2274361/exxonmobil-xom-strikes-oil-with-likembe-01-well-offshore-angola,"ExxonMobil's (XOM) Likembe-01, well found in Angola's Block 15, signals a potential upturn in the country's oil fortunes, marking a significant discovery after years of dwindling output.",www.zacks.com,0.208966,Somewhat-Bullish,XOM,0.340134,0.039976,Neutral
2024-05-15 16:45:32,"Big Oil, Big Bet: Indonesia's Pertamina & Exxon Aim For Gigatonne CO2 Grab - Exxon Mobil  ( NYSE:XOM ) ",https://www.benzinga.com/markets/equities/24/05/38851165/big-oil-big-bet-indonesias-pertamina-exxon-aim-for-gigatonne-co2-grab,"Exxon Mobil Corporation XOM and state energy firm Pertamina reportedly plan to perform appraisal drilling for a carbon capture and storage ( CCS ) hub in Indonesia. The companies partnered for preliminary work to design a commercial model for the Asri Basin Project CCS hub, reported Reuters.",www.benzinga.com,0.242219,Somewhat-Bullish,XOM,0.543935,0.529534,Bullish
2024-05-15 19:42:02,Why Exxon Mobil is a Great Dividend Stock Right Now - Exxon Mobil  ( NYSE:XOM ) ,https://www.benzinga.com/news/24/05/38851342/why-exxon-mobil-is-a-great-dividend-stock-right-now,"All investors love getting big returns from their portfolio, whether it's through stocks, bonds, ETFs, or other types of securities. However, when you're an income investor, your primary focus is generating consistent cash flow from each of your liquid investments.",www.benzinga.com,0.415748,Bullish,XOM,0.411848,0.475828,Bullish
2024-05-15 20:47:53,Tesla Loses Most-Crowded Short Stock Crown To This Oil Giant - Tesla  ( NASDAQ:TSLA ) ,https://www.benzinga.com/short-sellers/24/05/38858945/tesla-loses-most-crowded-short-stock-crown-to-this-oil-giant,"Electric vehicle leader Tesla Inc TSLA has been a popular stock to short by investors in recent months. The stock remains one of the most crowded shorts according to a new report, but lost its position at the top after three straight months.",www.benzinga.com,0.19685,Somewhat-Bullish,XOM,0.142989,0.24136,Somewhat-Bullish
2024-05-15 23:30:00,"Fire threat eases near Canada's oil sands hub, but a long, hot summer looms",https://apnews.com/article/canada-wildfires-fort-mcmurray-oil-sands-evacuation-155d059e94bdc4c9335651c7296f1fb4,Canadians are hopeful shifting winds may push wildfire away from Fort McMurray The Associated Press ...,apnews.com,-0.185077,Somewhat-Bearish,XOM,0.050894,-0.040988,Neutral
2024-05-16 09:11:00,3 Powerhouse High-Yield Dividend Stocks to Buy Now and Hold for Decades to Come,https://www.fool.com/investing/2024/05/16/3-powerhouse-high-yield-dividend-stocks-to-buy-now/,Investing in equal parts of these three stocks produces a dividend yield of 5.7%.,www.fool.com,0.270163,Somewhat-Bullish,XOM,0.037098,0.194749,Somewhat-Bullish
2024-05-16 13:25:51,Nvidia Tops Hedge Fund Buys as Interest in AI Stocks Fuel Market Gains: Bloomberg - NVIDIA  ( NASDAQ:NVDA ) ,https://www.benzinga.com/news/24/05/38873159/nvidia-tops-hedge-fund-buys-as-interest-in-ai-stocks-fuel-market-gains-bloomberg,"Nvidia Corp NVDA saw the most significant increase in market value among stocks held by hedge funds in the first quarter, despite these funds' overall net sales of shares.",www.benzinga.com,0.298422,Somewhat-Bullish,XOM,0.204072,0.277884,Somewhat-Bullish
2024-05-16 15:55:31,"Chevron Ends 55-Year North Sea Operations Ahead Of Hess Deal: Report - Chevron  ( NYSE:CVX ) , Hess  ( NYSE:HES ) , Exxon Mobil  ( NYSE:XOM ) , Shell  ( NYSE:SHEL ) ",https://www.benzinga.com/news/24/05/38877548/chevron-ends-55-year-north-sea-operations-ahead-of-hess-deal-report,"Chevron Corp. CVX is set to sell its remaining oil and gas assets in the UK North Sea, concluding its 55-year presence in the region. The U.S. energy giant's decision to divest comes as it gears up for the $53 billion acquisition of Hess Corp.",www.benzinga.com,0.289144,Somewhat-Bullish,XOM,0.18046,0.231978,Somewhat-Bullish
2024-05-17 03:13:51,"Chinese biofuel firms invest in 'green' jet fuel, eye new blending rule",https://www.business-standard.com/world-news/chinese-biofuel-firms-invest-in-green-jet-fuel-eye-new-blending-rule-124051700095_1.html,Biofuel firms are pouring more than $1 billion into building China's first plants to turn waste cooking oil into aviation fuel for export and meet domestic demand. Image: Shutter Stock,www.business-standard.com,-0.01878,Neutral,XOM,0.042048,-0.075947,Neutral
2024-05-17 08:01:00,Is Devon Energy Stock a Buy?,https://www.fool.com/investing/2024/05/17/is-devon-energy-stock-a-buy/,Devon's dividend policy gives investors a way to capitalize on elevated oil prices.,www.fool.com,0.153562,Somewhat-Bullish,XOM,0.056407,0.27218,Somewhat-Bullish
2024-05-17 10:20:06,Should SPDR Portfolio S&P 500 Value ETF  ( SPYV )  Be on Your Investing Radar?,https://www.zacks.com/stock/news/2275164/should-spdr-portfolio-sp-500-value-etf-spyv-be-on-your-investing-radar,Style Box ETF report for ...,www.zacks.com,0.247426,Somewhat-Bullish,XOM,0.124164,-0.019953,Neutral
2024-05-17 10:20:07,Is Vident U.S. Equity Strategy ETF  ( VUSE )  a Strong ETF Right Now?,https://www.zacks.com/stock/news/2275163/is-vident-us-equity-strategy-etf-vuse-a-strong-etf-right-now,Smart Beta ETF report for ...,www.zacks.com,0.288697,Somewhat-Bullish,XOM,0.113597,0.05965,Neutral
2024-05-17 12:52:00,Is Chevron's  ( CVX )  $53B Acquisition of Hess in Jeopardy?,https://www.zacks.com/stock/news/2275451/is-chevrons-cvx-53b-acquisition-of-hess-in-jeopardy,The Hess (HES) acquisition would grant Chevron (CVX) a substantial stake in the lucrative Stabroek Block offshore Guyana.,www.zacks.com,0.0,Neutral,XOM,0.284696,-0.100158,Neutral
2024-05-17 12:54:04,2 Energy Stocks That Wall Street Fell in Love With This Week,https://www.fool.com/investing/2024/05/17/2-energy-stocks-that-wall-street-fell-in-love-with/,There's more than one reason analysts are excited about energy stocks.,www.fool.com,0.374853,Bullish,XOM,0.572379,0.4536,Bullish
2024-05-17 16:22:53,"After Big Oil, It Is Time For Refining Stocks To Soar",https://www.forbes.com/sites/gurufocus/2024/05/17/after-big-oil-it-is-time-for-refining-stocks-to-soar/,"Oil refiners have excelled in recent years and continue in their growth momentum • U.S. oil refiners reached all-time highs in the first quarter, indicating underlying stock strength beyond oil prices. • Major macro factors, such as global demand growth for energy, are favoring oil refining ...",www.forbes.com,0.181874,Somewhat-Bullish,XOM,0.075754,0.061894,Neutral
2024-05-17 16:50:18,"Is Chevron's $53B Acquisition of Hess in Jeopardy? - Chevron  ( NYSE:CVX ) , Hess  ( NYSE:HES ) ",https://www.benzinga.com/news/24/05/38895327/is-chevrons-53b-acquisition-of-hess-in-jeopardy,Chevron's CVX proposed $53 billion buyout of Hess Corporation HES has encountered significant turbulence stemming from legal disputes and shareholder advisory disagreements.,www.benzinga.com,0.019656,Neutral,XOM,0.279813,-0.139521,Neutral
2024-05-17 18:43:00,"Chevron  ( CVX )  Exits U.K. North Sea, Divests Remaining Assets",https://www.zacks.com/stock/news/2275712/chevron-cvx-exits-uk-north-sea-divests-remaining-assets,Chevron's (CVX) exit from the North Sea follows the trend that several other U.S. oil companies have exhibited owing to the declining production in the region.,www.zacks.com,0.283253,Somewhat-Bullish,XOM,0.070105,-0.017093,Neutral
2024-05-17 23:18:15,Chevron Calls Time On 55 Years Of North Sea Oil And Gas Operations,https://www.forbes.com/sites/gauravsharma/2024/05/17/chevron-calls-time-on-55-years-of-north-sea-oil-and-gas-operations/,"Energy giant Chevron has decided to call time on its operations in the North Sea, potentially ending more than five decades of oil and gas production in the ageing hydrocarbon basin. Confirming the move on Thursday ( May 16, 2024 ) , the company said it would offer up its remaining assets in the ...",www.forbes.com,0.202765,Somewhat-Bullish,XOM,0.152499,0.087301,Neutral
2024-05-18 06:47:00,Want Decades of Passive Income? 2 Stocks to Buy Now and Hold Forever,https://www.fool.com/investing/2024/05/18/want-decades-of-passive-income-2-stocks-to-buy-now/,"If you're looking for dividends, these two energy giants have proven they know how to give you what you want.",www.fool.com,0.260669,Somewhat-Bullish,XOM,0.123844,0.279225,Somewhat-Bullish
2024-05-18 09:48:00,Could Warren Buffett Like This Stock More Than Apple Because of Its Once-in-a-Generation Opportunity?,https://www.fool.com/investing/2024/05/18/warren-buffett-like-this-stock-more-than-apple/,Another stock might be the apple of Buffett's eye now.,www.fool.com,0.23933,Somewhat-Bullish,XOM,0.061631,0.114023,Neutral
2024-05-18 14:04:07,"Cooling Markets, GenAI Over-Heating: This Week In Retail News",https://www.forbes.com/sites/nikkibaird/2024/05/18/cooling-markets-genai-over-heating-this-week-in-retail-news/,"The US labor market cooled and consumers continued to trade down even as they continued to spend, more evidence that stores need online and vice versa, even as retailers continue to struggle with labor challenges.",www.forbes.com,0.119646,Neutral,XOM,0.025087,0.062281,Neutral
2024-05-18 17:27:00,"Industrial Automation Market In Life Sciences Industry size is set to grow by USD 5.06 bn from 2024-2028, growing ... - PR Newswire",https://www.prnewswire.com/news-releases/industrial-automation-market-in-life-sciences-industry-size-is-set-to-grow-by-usd-5-06-bn-from-2024-2028--growing-global-demand-for-healthcare-services-to-boost-the-market-growth-technavio-302149472.html,"Industrial Automation Market In Life Sciences Industry size is set to grow by USD 5.06 bn from 2024-2028, growing ... PR ...",www.prnewswire.com,0.283787,Somewhat-Bullish,XOM,0.032646,0.08176,Neutral
2024-05-20 10:20:08,Should iShares Russell Top 200 Value ETF  ( IWX )  Be on Your Investing Radar?,https://www.zacks.com/stock/news/2275792/should-ishares-russell-top-200-value-etf-iwx-be-on-your-investing-radar,Style Box ETF report for ...,www.zacks.com,0.258518,Somewhat-Bullish,XOM,0.121959,-0.019787,Neutral
2024-05-20 11:00:00,Energy CEOs Split on Pursuing Biden Incentives So Close to Election,https://www.forbes.com/sites/dipkabhambhani/2024/05/20/energy-execs-split-on-pursuing-biden-incentives-so-close-to-election/,"Global energy executives wrestling with how much of President Biden's energy policy is durable against a possible second Trump term, are divided on whether they should pursue long-term clean energy projects using lucrative new tax incentives six months before election day.",www.forbes.com,0.377891,Bullish,XOM,0.022473,0.045812,Neutral
2024-05-20 13:58:00,Chevron's  ( CVX )  Tengiz Project Faces Cost Increase of $1.5B,https://www.zacks.com/stock/news/2276141/chevrons-cvx-tengiz-project-faces-cost-increase-of-15b,"Chevron's (CVX) Tengiz Project in Kazakhstan faces a $1.5 billion cost overrun, highlighting complexities in large-scale energy ventures and posing challenges to completion and financial projections.",www.zacks.com,0.315131,Somewhat-Bullish,XOM,0.169279,0.065822,Neutral
2024-05-20 16:08:00,"ExxonMobil  ( XOM ) , Pertamina Progress on CCS Hub in Indonesia",https://www.zacks.com/stock/news/2276269/exxonmobil-xom-pertamina-progress-on-ccs-hub-in-indonesia,"A joint study by Pertamina and ExxonMobil (XOM) estimates the basin to store up to three gigatons of carbon dioxide, potentially requiring an investment of $2 billion.",www.zacks.com,0.231286,Somewhat-Bullish,XOM,0.483434,0.292656,Somewhat-Bullish
2024-05-20 18:01:11,This Is What Whales Are Betting On Exxon Mobil - Exxon Mobil  ( NYSE:XOM ) ,https://www.benzinga.com/insights/options/24/05/38924213/this-is-what-whales-are-betting-on-exxon-mobil,"Deep-pocketed investors have adopted a bearish approach towards Exxon Mobil XOM, and it's something market players shouldn't ignore. Our tracking of public options records at Benzinga unveiled this significant move today.",www.benzinga.com,0.129809,Neutral,XOM,0.70749,0.176261,Somewhat-Bullish
2024-05-20 19:28:00,Exxon Board Under Fire From Pension Fund for Suing to Prevent Shareholder Proposals,https://www.barrons.com/amp/articles/exxon-calpers-shareholder-proposals-e933ed9e,"Exxon Mobil is playing hardball with two small environmentally-conscious shareholders, saying in a lawsuit filed in January that the funds are abusing the process of submitting resolutions at its annual meeting. Now that stance is being challenged by the country's largest pension fund.",www.barrons.com,-0.060437,Neutral,XOM,0.049221,-0.155779,Somewhat-Bearish
2024-05-21 10:20:07,Is First Trust NASDAQ Oil & Gas ETF  ( FTXN )  a Strong ETF Right Now?,https://www.zacks.com/stock/news/2276387/is-first-trust-nasdaq-oil-gas-etf-ftxn-a-strong-etf-right-now,Smart Beta ETF report for ...,www.zacks.com,0.322502,Somewhat-Bullish,XOM,0.122269,0.062595,Neutral
2024-05-21 11:45:00,"Worried About a Stock Market Correction? 1 Vanguard ETF, 1 Dividend King, and 1 ""Magnificent Seven"" Stock to Buy Now",https://www.fool.com/investing/2024/05/21/buy-vanguard-etf-dividend-king-magnificent-seven/,There are plenty of ways to prepare for a potential stock market correction while still meeting your long-term financial goals.,www.fool.com,0.236967,Somewhat-Bullish,XOM,0.034233,0.29358,Somewhat-Bullish
2024-05-21 16:31:00,"ExxonMobil  ( XOM ) , Petronas Strike Major Find Offshore Suriname",https://www.zacks.com/stock/news/2276837/exxonmobil-xom-petronas-strike-major-find-offshore-suriname,"ExxonMobil (XOM) and Petronas celebrate another hydrocarbon discovery in Block 52 offshore Suriname, solidifying their foothold in the region's promising energy sector.",www.zacks.com,0.25383,Somewhat-Bullish,XOM,0.323078,0.160913,Somewhat-Bullish
2024-05-21 16:47:08,Trump VP prospect Doug Burgum and GOP megadonor Harold Hamm are allies in business and politics,https://www.cnbc.com/2024/05/21/trump-vp-doug-burgum-oil.html,Donald Trump's potential choice to be his running mate is closely tied to the oil and gas business.,www.cnbc.com,0.219668,Somewhat-Bullish,XOM,0.019255,0.081999,Neutral
2024-05-21 17:56:00,The AI Boom Is Powering Gas-Pipeline Stocks,https://www.barrons.com/amp/articles/ai-boom-gas-pipeline-stocks-db39c712,"Pipeline stocks have been the best-performing segment of the energy industry in the past month, outperforming oil producers, refiners, and even big players such as Exxon Mobil . One reason appears to be the rise of artificial intelligence, and the need for natural gas to power the data centers ...",www.barrons.com,0.109849,Neutral,XOM,0.098255,0.023829,Neutral
2024-05-21 18:16:20,Exxon Mobil Unusual Options Activity - Exxon Mobil  ( NYSE:XOM ) ,https://www.benzinga.com/insights/options/24/05/38948883/exxon-mobil-unusual-options-activity,"Financial giants have made a conspicuous bullish move on Exxon Mobil. Our analysis of options history for Exxon Mobil XOM revealed 11 unusual trades. Delving into the details, we found 72% of traders were bullish, while 18% showed bearish tendencies.",www.benzinga.com,0.141092,Neutral,XOM,0.723894,0.193172,Somewhat-Bullish
2024-05-22 10:20:06,Should You Invest in the First Trust NASDAQ Oil & Gas ETF  ( FTXN ) ?,https://www.zacks.com/stock/news/2276996/should-you-invest-in-the-first-trust-nasdaq-oil-gas-etf-ftxn,Sector ETF report for ...,www.zacks.com,0.325765,Somewhat-Bullish,XOM,0.131643,0.070705,Neutral
2024-05-22 11:00:00,House Democrats investigate if Big Oil colluded with OPEC to inflate gas prices | Business,https://www.cnn.com/2024/05/22/investing/opec-exxon-investigation/index.html,House Democrats investigate whether Big Oil colluded with OPEC to inflate gas prices ...,www.cnn.com,-0.078357,Neutral,XOM,0.107736,0.080101,Neutral
2024-05-22 11:10:00,3 Transamerica Mutual Funds for Consistent Returns,https://www.zacks.com/stock/news/2277028/3-transamerica-mutual-funds-for-consistent-returns,"Invests in Transamerica mutual funds like TALCX, TIHIX and TLARX for solid returns.",www.zacks.com,0.266232,Somewhat-Bullish,XOM,0.072876,0.047283,Neutral
2024-05-22 12:22:00,Exxon Mobil's Ultralow Volatility Makes It Ideal Choice For This Option Trade,https://www.investors.com/research/options/oil-stock-exxon-mobil-xom-stock-options/,"Exxon Mobil ( XOM ) is showing extremely low implied volatility, with an IV percentile of 1%. That means the oil stock's current level of implied volatility is lower than 99% of all other readings in the last 12 months. That could mean it's a good time to look at positive-vega trade such as a ...",www.investors.com,-0.082849,Neutral,XOM,0.359707,-0.260172,Somewhat-Bearish
2024-05-22 17:47:50,"Microplastics Have Been Found In Human Blood, Hearts, Testicles-Here's How They Got There",https://www.forbes.com/sites/maryroeloffs/2024/05/22/how-do-microplastics-get-in-human-body-found-in-hearts-testicals-blood-health-risk-nanoplastics/,How Microplastics Made Their Way Into Human Bodies Around The World Forbes ...,www.forbes.com,-0.082891,Neutral,XOM,0.050786,-0.178366,Somewhat-Bearish
2024-05-23 09:17:00,1 Overlooked Sector That's Helping Fuel the S&P 500 to Record Highs,https://www.fool.com/investing/2024/05/23/1-overlooked-sector-thats-helping-fuel-the-sp-500/,Energy stocks have been strong performers this year.,www.fool.com,0.343153,Somewhat-Bullish,XOM,0.096866,0.194683,Somewhat-Bullish
2024-05-23 09:36:00,3 Energy Mutual Funds to Buy on Continued Geopolitical Issues,https://www.zacks.com/stock/news/2277656/3-energy-mutual-funds-to-buy-on-continued-geopolitical-issues,"FRNRX, PRNEX and FSENX are three top energy-focused mutual funds that can be invested in as the sector is poised to do well in the coming months.",www.zacks.com,0.13713,Neutral,XOM,0.148426,0.077802,Neutral
2024-05-23 11:03:00,Want Decades of Passive Income? 3 Stocks to Buy Now and Hold Forever,https://www.fool.com/investing/2024/05/23/want-decades-of-passive-income-3-stocks-to-buy-now/,"These three stocks can provide reliable dividend income, as well as long-term upside potential.",www.fool.com,0.296853,Somewhat-Bullish,XOM,0.061315,0.080004,Neutral
2024-05-23 12:48:00,3 Permian Explorers Poised to Gain as Oil Prices Stay High,https://www.zacks.com/stock/news/2277916/3-permian-explorers-poised-to-gain-as-oil-prices-stay-high,"Improving Permian production amid healthy oil prices raises the incentive to keep an eye on companies like ExxonMobil (XOM), Chevron (CVX) and Diamondback Energy (FANG).",www.zacks.com,0.333707,Somewhat-Bullish,XOM,0.302429,0.355292,Bullish
2024-05-23 17:01:45,"Senate Democrats Probe Trump's $1 Billion Oil Industry 'Quid Pro Quo,' Report Says",https://www.forbes.com/sites/saradorn/2024/05/23/senate-democrats-probe-trumps-1-billion-oil-industry-quid-pro-quo-report-says/,Senate Democrats Investigate Trump's $1 Billion Solicitation From Oil Industry Forbes ...,www.forbes.com,0.164518,Somewhat-Bullish,XOM,0.06211,0.01106,Neutral
2024-05-24 01:15:57,"Trump's 'Policies-For-Money' Transaction With Big Oil Under Investigation By Senate Democrats: 'Cronyism And Corruption' - Occidental Petroleum  ( NYSE:OXY ) , Chevron  ( NYSE:CVX ) ",https://www.benzinga.com/news/24/05/38997165/trumps-policies-for-money-transaction-with-big-oil-under-investigation-by-senate-democrats-cronyism,The Senate Democrats have launched an investigation into claims that former President Donald Trump proposed a deal with leading oil and gas companies. The allegations suggest Trump offered to roll back environmental regulations in return for $1bn in campaign contributions.,www.benzinga.com,0.043535,Neutral,XOM,0.205807,0.101061,Neutral
2024-05-24 06:02:33,Senate Democrats launch probe into Trump's alleged quid-pro-quo meeting with Big Oil - .com,https://www.upi.com/Top_News/US/2024/05/24/Senate-Democrats-probe-Trump-oil-meeting/3941716525317/,Senate Dems launch probe into Trump's alleged quid-pro-quo meeting with Big Oil UPI News ...,www.upi.com,0.140935,Neutral,XOM,0.148273,0.085543,Neutral
2024-05-24 10:20:07,Should Vanguard High Dividend Yield ETF  ( VYM )  Be on Your Investing Radar?,https://www.zacks.com/stock/news/2278325/should-vanguard-high-dividend-yield-etf-vym-be-on-your-investing-radar,Style Box ETF report for ...,www.zacks.com,0.233282,Somewhat-Bullish,XOM,0.128822,0.062937,Neutral
2024-05-24 12:01:15,3 Oil & Gas Stocks to Buy Now: May 2024,https://markets.businessinsider.com/news/stocks/3-oil-gas-stocks-to-buy-now-may-2024-1033419442,"On the day I'm writing this, crude oil prices are falling on a surprise inventory build. This virtually assures that the OPEC+ nations will be maintaining their output cuts. And the inventory build comes on the heels of the announcement that the Biden administration will be releasing more fuel ...",markets.businessinsider.com,0.173518,Somewhat-Bullish,XOM,0.156461,0.085783,Neutral
2024-05-24 12:47:00,Greening the Black Gold: 3 Energy Stocks to Gain From CCS Projects,https://www.zacks.com/stock/news/2278585/greening-the-black-gold-3-energy-stocks-to-gain-from-ccs-projects,"Investors may keep an eye on three major energy companies, ExxonMobil (XOM), Chevron (CVX), and Shell (SHEL), all actively participating in CCS endeavors.",www.zacks.com,0.276494,Somewhat-Bullish,XOM,0.317869,0.403148,Bullish
2024-05-24 13:00:16,Investors Heavily Search Exxon Mobil Corporation  ( XOM ) : Here is What You Need to Know,https://www.zacks.com/stock/news/2278435/investors-heavily-search-exxon-mobil-corporation-xom-here-is-what-you-need-to-know,"Zacks.com users have recently been watching Exxon (XOM) quite a bit. Thus, it is worth knowing the facts that could determine the stock's prospects.",www.zacks.com,0.240177,Somewhat-Bullish,XOM,0.104228,0.03643,Neutral
2024-05-24 15:42:00,Guyana Gas Bonanza On Hold: Exxon Reportedly Faces Deadline For Stabroek Development - Exxon Mobil  ( NYSE:XOM ) ,https://www.benzinga.com/markets/equities/24/05/39010085/guyana-gas-bonanza-on-hold-exxon-reportedly-faces-deadline-for-stabroek-development,"An oil consortium led by Exxon Mobil Corporation XOM reportedly needs to decide by October whether to develop a large natural gas find off the coast of Guyana. The government has been pressing for a bonanza from mostly untapped gas reserves found by the Exxon-led group, reported Reuters.",www.benzinga.com,0.206822,Somewhat-Bullish,XOM,0.345674,0.464886,Bullish
2024-05-24 17:29:00,"Top Analyst Reports for NVIDIA, Meta Platforms & Exxon Mobil",https://www.zacks.com/research-daily/2278675/top-analyst-reports-for-nvidia-meta-platforms-exxon-mobil,"Today's Research Daily features new research reports on 16 major stocks, including NVIDIA Corporation (NVDA), Meta Platforms, Inc. (META) and Exxon Mobil Corporation (XOM), as well as two micro-cap stocks HF Foods Group Inc. (HFFG) and Blue Dolphin Energy Company (BDCO).",www.zacks.com,0.205671,Somewhat-Bullish,XOM,0.152178,0.161473,Somewhat-Bullish
2024-05-25 08:07:00,"1 Unstoppable Stock That Could Join Microsoft, Apple, Nvidia, Alphabet, Amazon, and Meta Platforms in the $1 Trillion Club",https://www.fool.com/investing/2024/05/25/1-unstoppable-stock-that-could-join-microsoft-appl/,This category-leading semiconductor specialist is generating strong growth thanks to the growing use of artificial intelligence systems.,www.fool.com,0.227737,Somewhat-Bullish,XOM,0.05833,0.135996,Neutral
2024-05-26 04:58:00,National Spelling Bee reflects the economic success and cultural impact of immigrants from India,https://apnews.com/article/spelling-bee-indian-americans-immigration-b14ba87533dfcd8af813de568ee5958f,"When Balu Natarajan became the first Indian American champion of the Scripps National Spelling Bee in 1985, a headline on an Associated Press article read, ""Immigrants' son wins National Spelling Bee,"" with the first paragraph noting the champion ""speaks his parents' native Indian language at ...",apnews.com,0.225215,Somewhat-Bullish,XOM,0.043738,0.041928,Neutral
2024-05-26 10:15:00,3 No-Brainer Dividend Stocks That Have Outperformed The S&P 500 and Nasdaq Composite Over the Last 3 Years,https://www.fool.com/investing/2024/05/26/no-brainer-dividend-stocks-outperform-nasdaq-sp/,These companies have manageable dividend expenses and are generating near-record earnings.,www.fool.com,0.315325,Somewhat-Bullish,XOM,0.429191,0.440078,Bullish
2024-05-26 16:37:54,National Spelling Bee: Reflection of Indian immigrants at global stage,https://www.business-standard.com/world-news/national-spelling-bee-reflection-of-indian-immigrants-at-global-stage-124052600168_1.html,"Dev Shah ( seated ) , winner of National Spelling Bee 2023, grew up in Gujarat. The 2024 edition begins in Washington on Tuesday. ( Photo: REUTERS )",www.business-standard.com,0.2497,Somewhat-Bullish,XOM,0.041466,0.041627,Neutral
2024-05-27 05:30:00,Chevron-Hess Deal Vote Is Looking Like a 'Coin Toss',https://www.barrons.com/amp/articles/chevron-hess-acquition-shareholders-vote-30985f52,Chevron-Hess Deal Vote Looking Like a 'Coin Toss' ...,www.barrons.com,0.147429,Neutral,XOM,0.066322,0.052442,Neutral
2024-05-27 14:00:10,10 Great Active ETFs To Buy,https://www.kiplinger.com/investing/etfs/great-active-etfs-to-buy,"Investors weren't ready for actively managed exchange-traded funds ( ETFs ) back in 2008, when the first one launched. That ETF, a short-term bond strategy called Bear Stearns Current Yield, closed before its first-year anniversary as the financial crisis was unfolding, without having attracted ...",www.kiplinger.com,0.352354,Bullish,XOM,0.03704,0.040798,Neutral
2024-05-27 15:27:00,ExxonMobil  ( XOM )  Faces Opposition Over Climate Activist Lawsuit,https://www.zacks.com/stock/news/2279660/exxonmobil-xom-faces-opposition-over-climate-activist-lawsuit,ExxonMobil's (XOM) recent decision to file a legal action against investors pushing for more substantial measures to reduce greenhouse gas emissions sparks a reaction from several investors.,www.zacks.com,0.154604,Somewhat-Bullish,XOM,0.311631,-0.042763,Neutral
2024-05-28 03:33:18,Petrobras CEO pushes offshore oil prospect as matter of national interest,https://www.business-standard.com/world-news/petrobras-ceo-pushes-offshore-oil-prospect-as-matter-of-national-interest-124052800098_1.html,"Petrobras' new chief executive said a basin in Brazil's Equatorial Margin, an environmentally sensitive offshore prospect seen as the country's most promising frontier for oil exploration, was a matter of ""national interest.""",www.business-standard.com,0.098047,Neutral,XOM,0.080188,0.187665,Somewhat-Bullish
2024-05-28 10:20:07,Should You Invest in the Energy Select Sector SPDR ETF  ( XLE ) ?,https://www.zacks.com/stock/news/2279796/should-you-invest-in-the-energy-select-sector-spdr-etf-xle,Sector ETF report for ...,www.zacks.com,0.270538,Somewhat-Bullish,XOM,0.133841,0.071297,Neutral
2024-05-28 12:12:00,"The Zacks Analyst Blog Highlights NVIDIA, Meta Platforms, Exxon Mobil, HF Foods and Blue Dolphin Energy",https://www.zacks.com/stock/news/2279929/the-zacks-analyst-blog-highlights-nvidia-meta-platforms-exxon-mobil-hf-foods-and-blue-dolphin-energy,"NVIDIA, Meta Platforms, Exxon Mobil, HF Foods and Blue Dolphin Energy are part of the Zacks Analyst Blog.",www.zacks.com,0.194924,Somewhat-Bullish,XOM,0.241684,0.172548,Somewhat-Bullish
2024-05-28 12:22:00,Permian Break-Even Costs Low: 3 Energy Stocks to Gain,https://www.zacks.com/stock/news/2279940/permian-break-even-costs-low-3-energy-stocks-to-gain,"It would be wise for investors to monitor three prominent energy companies operating in the Permian, like ExxonMobil (XOM), Chevron (CVX) and Diamondback (FANG).",www.zacks.com,0.410276,Bullish,XOM,0.223866,0.329712,Somewhat-Bullish
2024-05-28 13:00:00,Zefiro Methane CCO Tina Reine Featured as a Panelist at the Argus Europe Carbon Conference,https://www.benzinga.com/pressreleases/24/05/g39037937/zefiro-methane-cco-tina-reine-featured-as-a-panelist-at-the-argus-europe-carbon-conference,"FORT LAUDERDALE, Fla., May 28, 2024 ( GLOBE NEWSWIRE ) -- ZEFIRO METHANE CORP. ( Cboe Canada: ZEFI ) ( Frankfurt: Y6B ) ( the ""Company"", ""Zefiro"", or ""ZEFI"" ) is pleased to announce that its Chief Commercial Officer ( ""CCO"" ) Tina Reine spoke on a panel last week at the Argus Europe Carbon ...",www.benzinga.com,0.161462,Somewhat-Bullish,XOM,0.031612,0.105423,Neutral
2024-05-28 13:19:15,Investors Fear Exxon Lawsuit Hinders Sustainability Proposals: Report - Exxon Mobil  ( NYSE:XOM ) ,https://www.benzinga.com/markets/equities/24/05/39038787/investors-fear-exxon-lawsuit-hinders-sustainability-proposals-report,"A group of around 40 large European and American institutional investors, taking Exxon Mobil Corporation's XOM lawsuit as an example, urged companies to refrain from suing shareholders over disagreements about their proposals.",www.benzinga.com,0.124166,Neutral,XOM,0.588876,0.137869,Neutral
2024-05-28 14:15:00,These 6 Dividend ETFs Are a Retiree's Best Friend,https://www.fool.com/investing/2024/05/28/these-6-dividend-etfs-are-a-retirees-best-friend/,One of these ETFs recently yielded a hefty 6.5%. Several have averaged double-digit annual growth over the past 5 and 10 years.,www.fool.com,0.257956,Somewhat-Bullish,XOM,0.172097,0.2246,Somewhat-Bullish
2024-05-28 14:40:00,"Dow Jones Pulls Back, Nvidia Stock helps Lift Nasdaq, S&P Flat In The Stock Market Today",https://www.investors.com/market-trend/stock-market-today/dow-jones-sp500-nasdaq-nvidia-nvda-stock-gamestop-gme/,The major indexes started the day mixed Tuesday morning. The Nasdaq kept Friday's momentum going while the Dow Jones Industrial Average and S&P 500 lagged. Nvidia ( NVDA ) can't be held back and reached a new high. The Dow Jones dipped 0.3%.,www.investors.com,0.099114,Neutral,XOM,0.062271,0.136063,Neutral
2024-05-28 16:24:00,Hess shareholders to vote on Chevron deal as dispute with Exxon over Guyana assets creates uncertainty,https://www.cnbc.com/2024/05/28/hess-shareholders-to-vote-on-chevron-deal-amid-guyana-dispute-with-exxon.html,"The Chevron-Hess deal was originally slated to close in the first half of 2024, but that timeline has been delayed due to a dispute with Exxon Mobil.",www.cnbc.com,0.029067,Neutral,XOM,0.139265,-0.098295,Neutral
2024-05-28 16:46:00,FuelCell Energy and Gyeonggi Green Energy Announce Agreement for Purchase of Fuel Cell Modules and Service Agreement for World's Largest Fuel Cell Power Platform,https://www.globenewswire.com/news-release/2024/05/28/2889267/8041/en/FuelCell-Energy-and-Gyeonggi-Green-Energy-Announce-Agreement-for-Purchase-of-Fuel-Cell-Modules-and-Service-Agreement-for-World-s-Largest-Fuel-Cell-Power-Platform.html,"DANBURY, Conn. and HWASEONG-SI, Korea, May 28, 2024 ( GLOBE NEWSWIRE ) -- FuelCell Energy, Inc. ( Nasdaq: FCEL ) and Gyeonggi Green Energy Co., Ltd. ( GGE ) , today announced that pursuant to a long term service agreement GGE has agreed to purchase 42 1.4-megawatt upgraded carbonate fuel cell ...",www.globenewswire.com,0.397118,Bullish,XOM,0.034831,0.134127,Neutral
2024-05-28 16:55:00,"Permian Break-Even Costs Low: 3 Energy Stocks to Gain - Chevron  ( NYSE:CVX ) , Diamondback Energy  ( NASDAQ:FANG ) ",https://www.benzinga.com/news/24/05/39039173/permian-break-even-costs-low-3-energy-stocks-to-gain,"With its low break-even costs and reliable regulatory framework, the Permian Basin presents an appealing opportunity for oil and gas investors seeking sustained growth and profitability over the long haul. The current favorable oil pricing environment further enhances the business outlook in the ...",www.benzinga.com,0.418854,Bullish,XOM,0.220809,0.368715,Bullish
2024-05-28 18:13:00,"Qatar's ruler looking to invest in energy, ports and high-tech in Cyprus, official says",https://apnews.com/article/cyprus-qatar-investment-emir-b357b49d79f5d9362b9100316d96eb01,"NICOSIA, Cyprus ( AP ) - The emir of Qatar is looking to invest in energy and high-tech in Cyprus - projects seen as having a strong economic potential, a Cypriot official said Tuesday.",apnews.com,0.041185,Neutral,XOM,0.146025,0.063556,Neutral
2024-05-28 19:30:53,What the Options Market Tells Us About Exxon Mobil - Exxon Mobil  ( NYSE:XOM ) ,https://www.benzinga.com/insights/options/24/05/39045973/what-the-options-market-tells-us-about-exxon-mobil,"Whales with a lot of money to spend have taken a noticeably bullish stance on Exxon Mobil. Looking at options history for Exxon Mobil XOM we detected 12 trades. If we consider the specifics of each trade, it is accurate to state that 50% of the investors opened trades with bullish expectations ...",www.benzinga.com,0.190897,Somewhat-Bullish,XOM,0.723894,0.21853,Somewhat-Bullish
2024-05-28 20:13:55,Stock Market Today: Nasdaq Nabs New High as Nvidia Stock Soars,https://www.kiplinger.com/investing/stocks/stock-market-today-nasdaq-nabs-new-high-as-nvidia-stock-soars,"Stocks were mixed to start the holiday-shortened week as investors looked ahead to this Friday's key inflation update. Despite the diverging price action, one of the three main benchmarks ended the day at a new record closing high. Specifically, the Nasdaq Composite rose 0.6% to 17,019, its ...",www.kiplinger.com,0.248267,Somewhat-Bullish,XOM,0.128135,0.082643,Neutral
2024-05-28 21:53:30,"Nvidia Now Worth More Than Tesla, Exxon, Walmart, Costco, Netflix, Intel, Disney And Pepsi Combined: The Rise Of An AI Powerhouse - NVIDIA  ( NASDAQ:NVDA ) ",https://www.benzinga.com/general/education/24/05/39049904/nvidia-now-worth-more-than-tesla-exxon-walmart-costco-netflix-intel-disney-and-pepsi-combined-t,"Semiconductor giant NVIDIA Corp NVDA hit new all-time highs on Tuesday, with investors potentially even more bullish as news that Elon Musk could be building a supercomputer using Nvidia products circulates.",www.benzinga.com,0.26389,Somewhat-Bullish,XOM,0.21686,0.0,Neutral
2024-05-29 07:00:00,Your ETFs Don't Own Enough Nvidia and Amazon. It's Hurting Them.,https://www.barrons.com/amp/articles/etfs-nvidia-amazon-underperform-eb25392a,"Government rules on diversification limit how much of a mutual fund's holdings any individual stock, such as Alphabet, can comprise. Sector-focused exchange-traded funds are supposed to help investors capture the gains in certain corners of the market, such as technology or communications stocks.",www.barrons.com,0.106342,Neutral,XOM,0.068112,0.031062,Neutral
2024-05-29 09:34:00,3 Franklin Templeton Mutual Funds to Buy in Current Times,https://www.zacks.com/stock/news/2280363/3-franklin-templeton-mutual-funds-to-buy-in-current-times,"Invest in Franklin Templeton mutual funds like FRIAX, FVHIX and FNRAX for steady returns alongside risk reduction in the current environment.",www.zacks.com,0.283214,Somewhat-Bullish,XOM,0.053629,0.127716,Neutral
2024-05-29 10:20:04,Should WisdomTree U.S. High Dividend ETF  ( DHS )  Be on Your Investing Radar?,https://www.zacks.com/stock/news/2280359/should-wisdomtree-us-high-dividend-etf-dhs-be-on-your-investing-radar,Style Box ETF report for ...,www.zacks.com,0.227065,Somewhat-Bullish,XOM,0.121959,0.068236,Neutral
2024-05-29 10:20:06,Should You Invest in the Vanguard Energy ETF  ( VDE ) ?,https://www.zacks.com/stock/news/2280352/should-you-invest-in-the-vanguard-energy-etf-vde,Sector ETF report for ...,www.zacks.com,0.263903,Somewhat-Bullish,XOM,0.135347,0.071708,Neutral
2024-05-29 11:22:00,ConocoPhillips buying Marathon Oil for $17.1 billion in all-stock deal as energy prices rise,https://apnews.com/article/conocophillips-marathon-oil-merger-buyout-d5e229e53da50fa00fe88f47e83c9720,"ConocoPhillips buying Marathon Oil for $17.1 billion in all-stock deal, plus $5.4 billion in debt The Associated Press ...",apnews.com,0.186793,Somewhat-Bullish,XOM,0.158,0.016181,Neutral
2024-05-29 11:47:00,ConocoPhillips Scooping Up Marathon Oil In $22.5 Billion Deal,https://www.investors.com/news/conocophillips-marathon-oil-22-billion-acquisition/,"ConocoPhillips ( COP ) announced Wednesday it has agreed to purchase Marathon Oil ( MRO ) in an all-stock transaction valued at $22.5 billion, including $5.4 billion in debt. Marathon Oil stock jumped early while COP shares angled lower.",www.investors.com,0.23077,Somewhat-Bullish,XOM,0.227007,0.305558,Somewhat-Bullish
2024-05-29 11:50:00,4 Goldman Sachs Mutual Funds to Enhance Your Returns,https://www.zacks.com/stock/news/2280434/4-goldman-sachs-mutual-funds-to-enhance-your-returns,"Invest in Goldman Sachs mutual funds like GLPRX, GLCTX, GSVTX and GSFPX, which have given impressive returns in Q1 and are expected to perform well in the future.",www.zacks.com,0.25539,Somewhat-Bullish,XOM,0.046184,0.046152,Neutral
2024-05-29 12:01:00,3 Vanguard Mutual Funds for Remarkable Returns,https://www.zacks.com/stock/news/2280392/3-vanguard-mutual-funds-for-remarkable-returns,"Invests Vanguard mutual funds like VWNDX, VGENX and VQNPX for higher returns.",www.zacks.com,0.331509,Somewhat-Bullish,XOM,0.058615,0.049979,Neutral
2024-05-29 12:05:54,Top 10 highest-paying companies in Nigeria in 2024,https://africa.businessinsider.com/local/careers/top-10-highest-paying-companies-in-nigeria-in-2024/yyy64cc,"In the midst of this talent pool, compensation for skills varies widely in Nigeria. Salaries fluctuate significantly based on industry and job function. However, there are companies in Nigeria renowned for prioritizing fair and equitable compensation for their employees, according to Nexford.",africa.businessinsider.com,0.122642,Neutral,XOM,0.065866,0.029026,Neutral
2024-05-29 12:28:00,3 Energy Companies With Rock-Solid Balance Sheet to Watch,https://www.zacks.com/stock/news/2280500/3-energy-companies-with-rock-solid-balance-sheet-to-watch,"EIA foresees no growth in GDP this year, with a projected downturn in the following year, consequently dampening energy demand. This highlights the need to keep an eye on XOM, CVX and COP.",www.zacks.com,0.315597,Somewhat-Bullish,XOM,0.322023,0.406185,Bullish
2024-05-29 12:44:00,Exxon Is a Powerhouse. Why Shareholders Are Rebelling.,https://www.barrons.com/amp/articles/exxon-mobil-stock-price-shareholder-meeting-58f9517c,Exxon Faces Dissent at Its Annual Meeting ...,www.barrons.com,-0.096,Neutral,XOM,0.032691,-0.06378,Neutral
2024-05-29 13:30:08,Another Oil Megadeal: ConocoPhillips Agrees On Buying Marathon In $23 Billion Deal,https://www.forbes.com/sites/dereksaul/2024/05/29/another-oil-megadeal-conocophillips-agrees-on-buying-marathon-in-23-billion-deal/,ConocoPhillips Will Buy Marathon Oil In Latest Big Energy M&A Deal Forbes ...,www.forbes.com,0.179758,Somewhat-Bullish,XOM,0.104228,0.121653,Neutral
2024-05-29 13:45:00,Where Will Chevron Be in 1 Year?,https://www.fool.com/investing/2024/05/29/where-will-chevron-be-in-1-year/,"Chevron has lagged well behind peer Exxon so far in 2024. There's a reason for that, but don't think it changes the outlook for Chevron much.",www.fool.com,0.273917,Somewhat-Bullish,XOM,0.110717,0.264994,Somewhat-Bullish
2024-05-29 14:28:00,ConocoPhillips Will Buy Marathon Oil. Analysts See Cash Flow Coming.,https://www.barrons.com/amp/articles/marathon-oil-conocophillips-stock-price-260a7157,"Marathon Oil Stock Climbs, Company to Be Bought by ...",www.barrons.com,0.257308,Somewhat-Bullish,XOM,0.075161,0.112128,Neutral
2024-05-29 14:30:00,Council Post: Taking Stock Of Shareholder Activism: Three Trends To Watch,https://www.forbes.com/sites/forbesbusinesscouncil/2024/05/29/taking-stock-of-shareholder-activism-three-trends-to-watch/,Taking Stock Of Shareholder Activism: Three Trends To Watch Forbes ...,www.forbes.com,0.243727,Somewhat-Bullish,XOM,0.055751,0.035912,Neutral
2024-05-29 18:25:25,ExxonMobil rediscovers its swagger,https://www.economist.com/business/2024/05/29/exxonmobil-rediscovers-its-swagger,The bad boy of big oil goes after its shareholders ...,www.economist.com,-0.153219,Somewhat-Bearish,XOM,0.439786,-0.187762,Somewhat-Bearish
2024-05-30 04:30:00,Oil Mergers Are Taking Off. These Stocks Stand to Win or Lose.,https://www.barrons.com/amp/articles/oil-mergers-stocks-winners-losers-e76aae96,"ConocoPhillips deal to buy Marathon Oil for $22.5 billion is the latest in a series of big acquisitions reshaping the energy industry, and some companies are in better shape to benefit than others.",www.barrons.com,0.211525,Somewhat-Bullish,XOM,0.061003,0.082049,Neutral
2024-05-30 07:30:00,Berkshire Hathaway and 9 Other Companies With the Largest Shareholder Equity,https://www.barrons.com/amp/articles/shareholder-equity-berkshire-hathaway-jpmorgan-chase-0479cf70,Berkshire Hathaway Is the Shareholder Equity Champ. JPMorgan Chase Is Second ...,www.barrons.com,0.288981,Somewhat-Bullish,XOM,0.051999,0.0,Neutral
2024-05-30 09:47:00,This $22.5-Billion Oil Company Acquisition Could Pay Big Dividends for Investors,https://www.fool.com/investing/2024/05/30/this-225-billion-oil-stock-acquisition-could-pay-b/,The oil industry's merger wave continues.,www.fool.com,0.305385,Somewhat-Bullish,XOM,0.061159,0.127021,Neutral
2024-05-30 09:58:00,Marathon Oil  ( MRO )  Stocks Up 8.4% on Buyout Deal by Conoco,https://www.zacks.com/stock/news/2281085/marathon-oil-mro-stocks-up-84-on-buyout-deal-by-conoco,Shares of Marathon Oil (MRO) shoot up on the announcement of a $22.5 billion buyout deal by ConocoPhillips (COP).,www.zacks.com,0.20221,Somewhat-Bullish,XOM,0.291182,0.250277,Somewhat-Bullish
2024-05-30 10:45:00,Democrats urge Justice Department to prosecute alleged collusion and price-fixing by oil industry,https://apnews.com/article/schumer-democrats-big-oil-price-fixing-collusion-07a8583a2b12e645d2860608c626cc7c,"WASHINGTON ( AP ) - Senate Majority Leader and 22 other Democratic senators are calling on the Department of Justice to ""use every tool"" at its disposal to prevent and prosecute alleged collusion and price-fixing in the oil industry.",apnews.com,-0.081782,Neutral,XOM,0.066784,-0.049508,Neutral
2024-05-30 12:30:00,"Costco, Eli Lilly Near New Highs; That Doesn't Scare Mutual Funds",https://www.investors.com/research/costco-stock-cost-mutual-funds-lly-stock/,"Costco Stock, Eli Lilly Among Fund Favorites Investor's Business Daily ...",www.investors.com,0.306446,Somewhat-Bullish,XOM,0.058615,0.135999,Neutral
2024-05-30 12:56:00,3 Energy Companies With Rock-Solid Balance Sheet to Watch  ( Revised ) ,https://www.zacks.com/stock/news/2281385/3-energy-companies-with-rock-solid-balance-sheet-to-watch-revised,"EIA estimates the GDP growth rate to remain flat year over year in 2024 and decline in 2025, which may dampen energy demand. Hence, keep an eye on XOM, CVX, and COP with strong balance sheet.",www.zacks.com,0.331276,Somewhat-Bullish,XOM,0.309864,0.393599,Bullish
2024-05-30 13:11:39,Business | Jun 1st 2024 Edition,https://www.economist.com/the-world-this-week/2024/05/30/business,"ConocoPhillips agreed to buy Marathon Oil in a deal they valued at $22.5bn, making it the latest energy mega-merger in America. Oil and gas companies are consolidating in order to cut costs and boost their footprints.",www.economist.com,0.282561,Somewhat-Bullish,XOM,0.535653,0.331991,Somewhat-Bullish
2024-05-30 13:31:00,Strategic Asset Divestitures: 3 Energy Firms Setting the Trend,https://www.zacks.com/stock/news/2281410/strategic-asset-divestitures-3-energy-firms-setting-the-trend,"Divesting non-core assets is a strategic tool for oil and gas companies to enhance financial health. This highlights the need to keep an eye on XOM, BP and OXY.",www.zacks.com,0.290781,Somewhat-Bullish,XOM,0.323078,0.461783,Bullish
2024-05-30 15:30:00,C3.ai Stock Pops 8% After the Generative AI Player's Annual Revenue Guidance Beats Wall Street's Estimates,https://www.fool.com/investing/2024/05/30/c3ai-stock-earnings-generative-ai-stocks/,"The enterprise AI software company has ramped up spending on generative AI growth initiatives, which is hurting its bottom line.",www.fool.com,0.206679,Somewhat-Bullish,XOM,0.060694,0.007008,Neutral
2024-05-30 16:49:48,Exxon Shrinks Footprint In Nigeria Despite Renewal Of Lease On Lagos Office: Report - Exxon Mobil  ( NYSE:XOM ) ,https://www.benzinga.com/markets/equities/24/05/39092892/exxon-shrinks-footprint-in-nigeria-despite-renewal-of-lease-on-lagos-office-report,"Exxon Mobil Corporation XOM is renewing a 33-year-old lease on its expansive offices in Lagos's upscale Lekki district. The move comes after it plans to scale down operations in Nigeria, reported Reuters.",www.benzinga.com,0.271059,Somewhat-Bullish,XOM,0.618922,0.745532,Bullish
2024-05-30 18:32:00,Google Stock Near Highs As AI Business Explodes,https://www.investors.com/stock-lists/ibd-big-cap-20/google-stock-googl-ai-artificial-intelligence-alphabet/,Google parent Alphabet ( GOOGL ) appears to be forming a bullish three-weeks-tight pattern as it gets poised for its next move. Google stock is dancing around all-time highs after an earnings gap-up.,www.investors.com,0.23946,Somewhat-Bullish,XOM,0.064797,0.136195,Neutral
2024-05-30 19:40:00,These 3 Companies are Cash-Generating Machines,https://www.zacks.com/commentary/2281653/these-3-companies-are-cash-generating-machines,"Exxon Mobil, Microsoft, and Visa are all cash-generating machines. Strong cash flows allow the companies to pay down debt and shell out dividend payments.",www.zacks.com,0.419797,Bullish,XOM,0.497733,0.508203,Bullish
2024-05-30 21:26:40,Saudi Aramco offers nearly $11.5 billion in new stock for sale,https://www.cnbc.com/2024/05/30/saudi-aramco-offers-nearly-11point5-billion-in-new-stock-for-sale.html,Aramco will offer 1.545 billion shares in a price range between 26.70 and 29 Saudi riyals per share on Sunday.,www.cnbc.com,0.118938,Neutral,XOM,0.116914,0.086145,Neutral
2024-05-31 01:42:32,Tesla CEO Elon Musk: 'Not Been Any Discussions For A Role For Me In A Potential Trump Presidency' - Tesla  ( NASDAQ:TSLA ) ,https://www.benzinga.com/news/24/05/39102809/tesla-ceo-elon-musk-not-been-any-discussions-for-a-role-for-me-in-a-potential-trump-presidency,"Ahead of the 2024 presidential election, Elon Musk has denied any discussions about taking on a role in a potential Donald Trump administration. What Happened: Musk has refuted claims of discussions regarding a role in a potential Donald Trump presidency.",www.benzinga.com,0.246812,Somewhat-Bullish,XOM,0.095138,0.120758,Neutral
2024-05-31 05:30:00,Rockefeller's Giant Lives On. Energy Industry Mergers Are Resurrecting Standard Oil.,https://www.barrons.com/amp/articles/rockefellers-giant-lives-on-energy-industry-mergers-are-resurrecting-standard-oil-b8e229fe,It's as if John D. Rockefeller is reaching out from the grave to reassemble his old Standard Oil monopoly.,www.barrons.com,-0.002414,Neutral,XOM,0.134968,0.098012,Neutral
2024-05-31 07:52:26,"ExxonMobil downsizes Nigerian operations, shifts to smaller office facility",https://africa.businessinsider.com/local/markets/exxonmobil-downsizes-nigerian-operations-shifts-to-smaller-office-facility/bpfvc6d,"The oil giant is vacating its expansive offices in Lagos, as the 33-year-old lease expires on Friday, according to three company insiders who spoke to Reuters. This move is part of Exxon's broader strategy to scale down operations in Nigeria.",africa.businessinsider.com,0.17984,Somewhat-Bullish,XOM,0.231332,0.327961,Somewhat-Bullish
2024-05-31 09:15:00,3 Artificial Intelligence  ( AI )  Stocks That Could Go Parabolic,https://www.fool.com/investing/2024/05/31/artificial-intelligence-ai-stocks-go-parabolic/,"Once a few more investors connect a few more dots, these stocks may soar.",www.fool.com,0.254927,Somewhat-Bullish,XOM,0.036587,0.153447,Somewhat-Bullish
2024-05-31 12:35:00,Chevron  ( CVX )  Nears Deal With Sonatrach to Boost Gas Output,https://www.zacks.com/stock/news/2281938/chevron-cvx-nears-deal-with-sonatrach-to-boost-gas-output,Chevron (CVX) and Sonatrach are set to finalize a deal to enhance Algeria's natural gas output. This partnership aims to diversify Europe's gas supply amid geopolitical shifts.,www.zacks.com,0.51488,Bullish,XOM,0.143131,0.252631,Somewhat-Bullish
2024-05-31 12:56:00,4 Integrated Energy Stocks to Gain From Solid Industry Trends,https://www.zacks.com/commentary/2281949/4-integrated-energy-stocks-to-gain-from-solid-industry-trends,"From upstream activities to midstream, prospects for companies are rosy now, enhancing the outlook for the Zacks Oil and Gas Integrated International industry. XOM, CVX, BP & VIST will make the most of the favorable business scenario.",www.zacks.com,0.337869,Somewhat-Bullish,XOM,0.153226,0.218762,Somewhat-Bullish
2024-05-31 12:57:00,Reasons to Retain ExxonMobil  ( XOM )  in Your Portfolio Now,https://www.zacks.com/stock/news/2282054/reasons-to-retain-exxonmobil-xom-in-your-portfolio-now,Favorable oil price is a boon for ExxonMobil's (XOM) upstream operations.,www.zacks.com,0.298312,Somewhat-Bullish,XOM,0.568651,0.317545,Somewhat-Bullish
2024-05-31 13:07:00,Why Marathon Oil Jumped Over 10% This Week,https://www.fool.com/investing/2024/05/31/why-marathon-oil-jumped-over-10-this-week/,The company agreed to be acquired by ConocoPhillips.,www.fool.com,0.306636,Somewhat-Bullish,XOM,0.103331,0.229737,Somewhat-Bullish
2024-05-31 13:54:00,Hess  ( HES )  Shareholders Approve Chevron Deal Amid Arbitration,https://www.zacks.com/stock/news/2282104/hess-hes-shareholders-approve-chevron-deal-amid-arbitration,Hess (HES) shareholders approve a $53 billion merger with Chevron despite the ongoing legal dispute over Guyana's Stabroek block assets.,www.zacks.com,0.287659,Somewhat-Bullish,XOM,0.115787,0.089586,Neutral
2024-05-31 14:08:13,Did FTC Over-Reach In Prohibiting Scott Sheffield From ExxonMobil's Board,https://www.forbes.com/sites/ianpalmer/2024/05/31/did-ftc-over-reach-in-prohibiting-scott-sheffield-from-exxonmobils-board/,The Federal Trade Commission ( FTC ) has taken an unprecedented step as part of the biggest shale oil and gas merger ever: ExxonMobil buying Pioneer Natural Resources for the hefty sum of $60 billion.,www.forbes.com,0.03864,Neutral,XOM,0.221097,0.061178,Neutral
2024-05-31 14:36:08,Strike At Exxon Site On Hold: Talks Heat Up Over Severance Packages - Exxon Mobil  ( NYSE:XOM ) ,https://www.benzinga.com/markets/equities/24/05/39112914/strike-at-exxon-site-on-hold-talks-heat-up-over-severance-packages,"A strike at Exxon Mobil Corporation's XOM petrochemical complex in northern France is reportedly expected to remain suspended through June 4 as talks are held over severance packages. The strike is held by chemical unit workers who are set to lose their jobs, reported Reuters.",www.benzinga.com,-0.046388,Neutral,XOM,0.682689,0.07236,Neutral
2024-05-31 15:45:07,Are You Looking for a High-Growth Dividend Stock?,https://www.zacks.com/stock/news/2282256/are-you-looking-for-a-high-growth-dividend-stock,"Dividends are one of the best benefits to being a shareholder, but finding a great dividend stock is no easy task. Does Exxon Mobil (XOM) have what it takes? Let's find out.",www.zacks.com,0.396975,Bullish,XOM,0.445179,0.501879,Bullish
2024-05-31 17:33:29,Saudi Arabia to sell shares worth $12 billion of oil major Aramco,https://www.business-standard.com/world-news/saudi-arabia-to-sell-shares-worth-12-billion-of-oil-major-aramco-124053101966_1.html,"Saudi Arabia confirmed plans to sell shares in its giant oil company in a deal that could raise as much as 44.8 billion Saudi riyals ( $12 billion ) for the kingdom, as it seeks funds to pay for a massive economic transformation plan.",www.business-standard.com,0.143131,Neutral,XOM,0.063425,0.109239,Neutral
2024-05-31 20:15:22,"Wall Street Snaps Five-Week Winning Streak, Economic Growth Slows, Inflation Holds Steady In April: This Week In The Market - Costco Wholesale  ( NASDAQ:COST ) , Walt Disney  ( NYSE:DIS ) ",https://www.benzinga.com/markets/equities/24/05/39120241/wall-street-snaps-five-week-winning-streak-economic-growth-slows-inflation-holds-steady-in-april,"The U.S. stock market ended a five-week positive streak as investors feared that slowing economic momentum could impact the earnings outlook for American corporations. The U.S. economy grew at an annualized rate of 1.3% in the first quarter, marking a downward revision from the previous estimate ...",www.benzinga.com,0.049558,Neutral,XOM,0.156461,0.073915,Neutral
2024-05-31 20:18:00,Netflix In A Less-Than-Ideal Base After Bull Run; Oil Vessel Stock Hits 10-Bagger Status,https://www.investors.com/stock-lists/ibd-50/netflix-nflx-stock-novo-nordisk-nvo/,Netflix Stock Near Buy Point. There's A Catch Investor's Business Daily ...,www.investors.com,0.156519,Somewhat-Bullish,XOM,0.070105,0.136705,Neutral
2024-05-31 22:25:00,"After Years of Turbulence, the Cruise Lines Are Sailing Under Blue Skies",https://www.barrons.com/amp/articles/cruise-line-stocks-carnival-norwegian-royal-caribbean-32682be4,"Annie Lennox may have been channeling the cruise lines when she sang of traveling the world and the seven seas in her 1983 hit ""Sweet Dreams ( Are Made of This ) ."" Today, millions are following her. The top cruise operators, Carnival , Norwegian Cruise Line Holdings , and Royal Caribbean , are ...",www.barrons.com,0.036153,Neutral,XOM,0.059488,0.032152,Neutral
2024-06-01 06:00:00,Saudi Aramco Is Selling Shares. Why It Trades Differently Than Most Oil Stocks.,https://www.barrons.com/amp/articles/saudi-aramco-stock-sale-oil-a58d8ce5,Saudi Aramco Is Selling Shares. Why It Trades Differently Than Most Oil Stocks ...,www.barrons.com,0.273062,Somewhat-Bullish,XOM,0.057352,0.112962,Neutral
2024-06-02 08:47:00,2 Warren Buffett Stocks to Buy Hand Over Fist in June,https://www.fool.com/investing/2024/06/02/2-warren-buffett-stocks-to-buy-hand-over-fist-in-j/,These top Buffett stocks have upcoming catalysts that could boost their growth.,www.fool.com,0.288121,Somewhat-Bullish,XOM,0.149966,0.074151,Neutral
2024-06-02 08:50:00,This Vanguard ETF Looks Like a No-Brainer Buy Right Now,https://www.fool.com/investing/2024/06/02/this-vanguard-etf-looks-like-a-no-brainer-buy-now/,There are some compelling reasons to buy this ETF sooner rather than later.,www.fool.com,0.326292,Somewhat-Bullish,XOM,0.063933,0.194313,Somewhat-Bullish
2024-06-02 11:15:00,3 Buyback Titans That Could Help Set You Up for Life,https://www.fool.com/investing/2024/06/02/3-buyback-titans-that-help-set-you-up-for-life/,Buying low and selling high is the ultimate goal on Wall Street.,www.fool.com,0.332983,Somewhat-Bullish,XOM,0.064104,0.159212,Somewhat-Bullish
2024-06-02 12:13:55,"Schumer, Senate Democrats Target 'Big Oil' CEOs One More Time",https://www.forbes.com/sites/davidblackmon/2024/06/02/schumer-senate-democrats-target-big-oil-ceos-one-more-time/,Senate Majority Leader Chuck Schumer asked the Justice Department last week to investigate big oil companies over allegations of price fixing and collusion.,www.forbes.com,-0.098223,Neutral,XOM,0.047559,-0.15468,Somewhat-Bearish
2024-06-02 18:33:00,Does ConocoPhillips' Blockbuster Acquisition of Marathon Oil Make the Dividend Stock a Buy Now?,https://www.fool.com/investing/2024/06/02/conocophillips-marathon-oil-buy-dividend-stock/,ConocoPhillips is making its second massive acquisition in four years as consolidation sweeps the oil patch.,www.fool.com,0.241235,Somewhat-Bullish,XOM,0.047465,0.103961,Neutral
2024-06-03 10:20:06,Should iShares S&P 500 Value ETF  ( IVE )  Be on Your Investing Radar?,https://www.zacks.com/stock/news/2282435/should-ishares-sp-500-value-etf-ive-be-on-your-investing-radar,Style Box ETF report for IVE ...,www.zacks.com,0.280251,Somewhat-Bullish,XOM,0.120733,-0.019696,Neutral
2024-06-03 10:20:07,Is iShares Core S&P U.S. Value ETF  ( IUSV )  a Strong ETF Right Now?,https://www.zacks.com/stock/news/2282433/is-ishares-core-sp-us-value-etf-iusv-a-strong-etf-right-now,Smart Beta ETF report for ...,www.zacks.com,0.289678,Somewhat-Bullish,XOM,0.117774,-0.018301,Neutral
2024-06-03 11:33:00,Chevron's  ( CVX )  Gorgon LNG Plant Restarts Full Operations,https://www.zacks.com/stock/news/2282497/chevrons-cvx-gorgon-lng-plant-restarts-full-operations,Chevron Corporation's (CVX) subsidiary Chevron Australia brings back full production at the Gorgon liquefied natural gas (LNG) terminal after a month-long outage in Western Australia.,www.zacks.com,0.271326,Somewhat-Bullish,XOM,0.152741,0.160986,Somewhat-Bullish
2024-06-03 12:56:00,"Zacks Industry Outlook Highlights Exxon Mobil, Chevron, BP and Vista Energy",https://www.zacks.com/stock/news/2282739/zacks-industry-outlook-highlights-exxon-mobil-chevron-bp-and-vista-energy,"Exxon Mobil, Chevron, BP and Vista Energy are part of the Zacks Industry Outlook article.",www.zacks.com,0.344199,Somewhat-Bullish,XOM,0.209365,0.28437,Somewhat-Bullish
2024-06-03 15:12:00,China Stock Gets Job Done As Ecommerce Company's Profits Double,https://www.investors.com/research/china-stock-ecommerce-ai-kanzhun-kz-ai/,"China stock Kanzhun ( BZ ) , an online recruiting site, is Monday's pick for IBD 50 Growth Stocks To Watch. The ecommerce stock is climbing back from a brief sell-off and back near a buy point. The Chinese human resources company provides online recruitment services through its mobile app, Boss ...",www.investors.com,0.184345,Somewhat-Bullish,XOM,0.092569,0.142044,Neutral
2024-06-03 15:59:00,ETFs Worth a Look on Russell Indexes' Shake-Up,https://www.zacks.com/stock/news/2282886/etfs-worth-a-look-on-russell-indexes-shake-up,The popular Russell indexes are set to get the customary new look this month. ETFs targeting the Russell Indices are currently in focus.,www.zacks.com,0.177534,Somewhat-Bullish,XOM,0.054236,0.103767,Neutral
2024-06-03 16:18:23,"Chevron's Gorgon LNG Plant Restarts Full Operations - Chevron  ( NYSE:CVX ) , Archrock  ( NYSE:AROC ) ",https://www.benzinga.com/news/24/06/39136172/chevrons-gorgon-lng-plant-restarts-full-operations,Chevron Corporation's CVX subsidiary Chevron Australia successfully restored full production at Gorgon liquefied natural gas export terminal in Western Australia after a month-long outage.,www.benzinga.com,0.282901,Somewhat-Bullish,XOM,0.151539,0.168188,Somewhat-Bullish
2024-06-03 20:40:00,Jillian Evanko Joins Greif Board of Directors,https://www.globenewswire.com/news-release/2024/06/03/2892636/0/en/Jillian-Evanko-Joins-Greif-Board-of-Directors.html,"DELAWARE, Ohio, June 03, 2024 ( GLOBE NEWSWIRE ) -- Greif, Inc. ( NYSE: GEF, GEF.B ) , a global leader in industrial packaging products and services, announced today that Jillian ( Jill ) Evanko has been appointed to its Board of Directors.",www.globenewswire.com,0.356026,Bullish,XOM,0.088799,0.189834,Somewhat-Bullish
2024-06-03 20:40:36,"Jillian Evanko Joins Greif Board of Directors - Chart Industries  ( NYSE:GTLS ) , Greif  ( NYSE:GEF ) ",https://www.benzinga.com/pressreleases/24/06/g39147231/jillian-evanko-joins-greif-board-of-directors,"DELAWARE, Ohio, June 03, 2024 ( GLOBE NEWSWIRE ) -- Greif, Inc. GEF GEF.B ) ) ) , a global leader in industrial packaging products and services, announced today that Jillian ( Jill ) Evanko has been appointed to its Board of Directors. Ms. Evanko is President and Chief Executive Officer of Chart ...",www.benzinga.com,0.354678,Bullish,XOM,0.082677,0.183346,Somewhat-Bullish
2024-06-03 21:34:59,A Lesson From History: AI Is Not Likely To Kill Jobs,https://www.forbes.com/sites/meganpoinski/2024/06/03/a-lesson-from-history-ai-is-not-likely-to-kill-jobs/,"This is the published version of Forbes' CEO newsletter, which offers the latest news for today's and tomorrow's business leaders and decision makers. Click here to get it delivered to your inbox every Sunday. AI adoption in businesses is beginning to grow.",www.forbes.com,0.144133,Neutral,XOM,0.016495,0.105045,Neutral
2024-06-04 07:16:00,Stock market today: Asian shares retreat and India's benchmark dives 8%,https://apnews.com/article/stock-market-rates-inflation-3fa48a6ed288b4b0da9a939d171d0b60,"Asian shares retreated Tuesday, with India's Sensex dropping as much as 8% as investors who had bought shares after exit polls showed Prime Minister Narendra Modi winning a third term sold to lock in profits.",apnews.com,-0.051022,Neutral,XOM,0.063763,-0.191286,Somewhat-Bearish
2024-06-04 12:57:00,Exxon Stock Drops as Oil Prices Fall. Blame OPEC.,https://www.barrons.com/amp/articles/exxon-stock-price-oil-chevron-ebbef511,"Exxon, Chevron, Conoco Stocks Extend declines Along With Oil Prices ...",www.barrons.com,-0.218262,Somewhat-Bearish,XOM,0.09439,-0.103887,Neutral
2024-06-04 13:00:18,Exxon Mobil Corporation  ( XOM )  Is a Trending Stock: Facts to Know Before Betting on It,https://www.zacks.com/stock/news/2283142/exxon-mobil-corporation-xom-is-a-trending-stock-facts-to-know-before-betting-on-it,"Recently, Zacks.com users have been paying close attention to Exxon (XOM). This makes it worthwhile to examine what the stock has in store.",www.zacks.com,0.215543,Somewhat-Bullish,XOM,0.102449,0.036245,Neutral
2024-06-04 13:07:00,Big Oil's M&A Splurge: Will the Buying Frenzy Continue?,https://www.zacks.com/stock/news/2283362/big-oils-ma-splurge-will-the-buying-frenzy-continue,"Big Oil companies like ExxonMobil, Chevron and ConocoPhillips are using mergers and acquisitions to consolidate their future in a volatile and evolving market.",www.zacks.com,0.327023,Somewhat-Bullish,XOM,0.267559,0.27841,Somewhat-Bullish
2024-06-04 13:40:00,Warren Buffett Gathers His Energy Gang To Extract Lithium,https://www.investors.com/news/warren-buffett-berkshire-hathaway-energy-occidental-lithium/,Warren Buffett-backed Occidental Petroleum ( OXY ) and Buffett's Berkshire Hathaway Energy announced a joint venture on Tuesday to extract lithium from geothermal electricity production. OXY shares angled lower early Tuesday.,www.investors.com,0.204201,Somewhat-Bullish,XOM,0.197951,0.154892,Somewhat-Bullish
2024-06-04 21:45:20,Exxon Mobil  ( XOM )  Stock Sinks As Market Gains: What You Should Know,https://www.zacks.com/stock/news/2283627/exxon-mobil-xom-stock-sinks-as-market-gains-what-you-should-know,"In the closing of the recent trading day, Exxon Mobil (XOM) stood at $112.67, denoting a -1.56% change from the preceding trading day.",www.zacks.com,0.17749,Somewhat-Bullish,XOM,0.538782,0.273514,Somewhat-Bullish
2024-06-05 03:47:54,"US House lawmakers seek antitrust probe of OPEC, other oil companies",https://www.business-standard.com/world-news/us-house-lawmakers-seek-antitrust-probe-of-opec-other-oil-companies-124060500182_1.html,A group of Democratic US House lawmakers asked the Justice Department on Tuesday to probe allegations of antitrust behavior among US oil producers and OPEC and said the two largest US oil companies have been conspiring to keep fuel prices high.,www.business-standard.com,0.061509,Neutral,XOM,0.077343,0.190892,Somewhat-Bullish
2024-06-05 06:29:26,"Bye-Bye NYSE, Nasdaq? Wall Street Bigwigs BlackRock, Citadel Lead Charge For New 'Apolitical,' 'CEO-Friendly' Stock Exchange In Texas - BlackRock  ( NYSE:BLK ) , Intercontinental Exchange  ( NYSE:ICE ) ",https://www.benzinga.com/markets/equities/24/06/39176944/bye-bye-nyse-nasdaq-wall-street-bigwigs-blackrock-citadel-lead-charge-for-new-apolitical-ceo-fri,"Wall Street's biggest fund managers are reportedly preparing to challenge the dominance of the New York Stock Exchange - owned by Intercontinental Exchange, Inc. ICE - and Nasdaq NDAQ. What Happened: A group led by BlackRock, Inc.",www.benzinga.com,0.273709,Somewhat-Bullish,XOM,0.074001,0.156524,Somewhat-Bullish
2024-06-05 08:11:35,China starts work on third liquefied carbon carrier in a boon for ESG,https://www.scmp.com/business/commodities/article/3265469/chinas-dalian-shipyard-begins-work-3rd-liquefied-carbon-dioxide-carrier-boon-sequestration-push,Dalian Shipbuilding Industry is building a third specialist vessel ordered by Northern Lights for transporting liquefied carbon dioxide to sites for permanent geological storage.,www.scmp.com,0.083173,Neutral,XOM,0.077593,0.0,Neutral
2024-06-05 10:20:07,Is Invesco Large Cap Value ETF  ( PWV )  a Strong ETF Right Now?,https://www.zacks.com/stock/news/2283697/is-invesco-large-cap-value-etf-pwv-a-strong-etf-right-now,Smart Beta ETF report for ...,www.zacks.com,0.339695,Somewhat-Bullish,XOM,0.113597,0.05965,Neutral
2024-06-05 17:31:24,Exxon Mobil Unusual Options Activity - Exxon Mobil  ( NYSE:XOM ) ,https://www.benzinga.com/insights/options/24/06/39190668/exxon-mobil-unusual-options-activity,"Financial giants have made a conspicuous bullish move on Exxon Mobil. Our analysis of options history for Exxon Mobil XOM revealed 13 unusual trades. Delving into the details, we found 53% of traders were bullish, while 38% showed bearish tendencies.",www.benzinga.com,0.220482,Somewhat-Bullish,XOM,0.688096,0.288845,Somewhat-Bullish
2024-06-05 20:11:00,Google And Eli Lilly Have Things In Common Besides Being Mutual Fund Favorites,https://www.investors.com/research/google-googl-stock-netflix-nflx-eli-lilly/,"Google Stock, Eli Lilly Have These Things In Common Investor's Business Daily ...",www.investors.com,0.211227,Somewhat-Bullish,XOM,0.097655,-0.126866,Neutral
2024-06-05 20:25:00,"The $3 Trillion Club-Microsoft, Apple, and Nvidia-Make Up 20% of the S&P 500",https://www.barrons.com/amp/articles/3-trillion-microsoft-apple-nvidia-297018d6,"The $3 Trillion Club- Microsoft, Apple, and Nvidia-Make Up 20% of the ...",www.barrons.com,0.142976,Neutral,XOM,0.059785,0.0,Neutral
2024-06-06 05:00:00,Technip Energies and Turner Industries Awarded Contract by ExxonMobil for Louisiana Carbon Capture and Sequestration Project,https://www.benzinga.com/pressreleases/24/06/g39198465/technip-energies-and-turner-industries-awarded-contract-by-exxonmobil-for-louisiana-carbon-capture,"Technip Energies TE, in consortium with Turner Industries, has been awarded the Engineering, Procurement, and Construction ( EPC ) contract by ExxonMobil Low Carbon Solutions Onshore Storage LLC. Technip Energies will oversee the engineering and procurement while Turner Industries will be ...",www.benzinga.com,0.216118,Somewhat-Bullish,XOM,0.236972,0.281398,Somewhat-Bullish
2024-06-06 10:28:00,Occidental Petroleum and Berkshire Hathaway are Teaming Up to Help Solve a Huge Problem,https://www.fool.com/investing/2024/06/06/occidental-petroleum-and-berkshire-hathaway-are-te/,The world will need a lot more lithium in the future.,www.fool.com,0.186288,Somewhat-Bullish,XOM,0.100518,0.056969,Neutral
2024-06-06 11:56:00,TotalEnergies  ( TTE )  Inks Deal for U.K. Gas-Fired Power Plant,https://www.zacks.com/stock/news/2284483/totalenergies-tte-inks-deal-for-uk-gas-fired-power-plant,TotalEnergies (TTE) signs an agreement to acquire West Burton B gas-fired power plant. TTE is expected to further expand its clean electricity generation capacity with the deal.,www.zacks.com,0.318474,Somewhat-Bullish,XOM,0.230235,0.186079,Somewhat-Bullish
2024-06-06 12:09:00,Oil & Gas Stock Roundup: Mergers & Divestments Take Center Stage,https://www.zacks.com/stock/news/2284532/oil-gas-stock-roundup-mergers-divestments-take-center-stage,"COP, MRO, FANG, HES and CHRD emerge as the energy headline makers during the week.",www.zacks.com,0.260002,Somewhat-Bullish,XOM,0.03804,-0.000996,Neutral
2024-06-06 12:16:30,"Daily: Look Out New York, Texas Could Get Its Own Stock Exchange",https://www.forbes.com/sites/daniellechemtob/2024/06/06/forbes-daily-look-out-new-york-texas-could-get-its-own-stock-exchange/,"Forbes Daily: Texas Stock Exchange Aims To Compete With NYSE, Nasdaq Forbes ...",www.forbes.com,0.225725,Somewhat-Bullish,XOM,0.023649,0.029829,Neutral
2024-06-06 12:25:00,"The $3 Trillion Club-Microsoft, Apple, and Nvidia-Make Up 20% of the S&P 500",https://www.barrons.com/amp/articles/microsoft-apple-nvidia-trillion-stock-market-297018d6,"Microsoft, Apple and Nvidia All Worth Around $3 Trillion And Make Up 20% of ...",www.barrons.com,0.133867,Neutral,XOM,0.059785,0.0,Neutral
2024-06-06 12:37:00,LiTHOS Announces Execution of Letter of Intent for Technology to Launch TiERRA™ Re-Injection Service,https://www.newswire.ca/news-releases/lithos-announces-execution-of-letter-of-intent-for-technology-to-launch-tierra-tm-re-injection-service-822723855.html,"VANCOUVER, BC, June 6, 2024 /CNW/ - LiTHOS Group Ltd. ( ""LiTHOS"" or the ""Company"" ) ( CBOE CA: LITS ) ( OTCQB: LITSF ) ( FSE: YU8 ) ( WKN: A3ES4Q ) is pleased to announce it has entered into a non-binding letter of intent ( the ""LOI"" ) with 1481450 B.C.",www.newswire.ca,0.374617,Bullish,XOM,0.07083,0.028107,Neutral
2024-06-06 15:43:00,This Overlooked Stock Claws Back Toward Buy Point,https://www.investors.com/research/cintas-stock-ctas-earnings/,Cintas Stock Claws Back Toward Buy Point Investor's Business Daily ...,www.investors.com,0.197636,Somewhat-Bullish,XOM,0.181819,-0.172918,Somewhat-Bearish
2024-06-06 20:08:00,2024: A Pivotal Year For Hydrogen?,https://www.investors.com/news/hydrogen-energy-2024-outlook/,Hydrogen Energy: What Will It Take To Be A Viable Clean Energy Source? These Industry Experts Weigh In Investor's Business Daily ...,www.investors.com,0.258685,Somewhat-Bullish,XOM,0.258351,0.357143,Bullish
2024-06-06 21:58:00,Top Old Economy Stocks that are Soaring in 2024,https://www.zacks.com/stock/news/2285005/top-old-economy-stocks-that-are-soaring-in-2024,It's not just tech stocks that are breaking out this year. Even companies that are over 100 years old are making new highs.,www.zacks.com,0.174363,Somewhat-Bullish,XOM,0.516883,0.083515,Neutral
2024-06-07 08:55:00,"Zacks Market Edge Highlights: United Rentals, Exxon Mobil, Berkshire Hathaway, Schneider Electric and Constellation Energy",https://www.zacks.com/stock/news/2285076/zacks-market-edge-highlights-united-rentals-exxon-mobil-berkshire-hathaway-schneider-electric-and-constellation-energy,"United Rentals, Exxon Mobil, Berkshire Hathaway, Schneider Electric and Constellation Energy are part of the Zacks Market Edge blog.",www.zacks.com,0.194547,Somewhat-Bullish,XOM,0.447091,0.076176,Neutral
2024-06-07 11:49:00,Why It Makes Sense to Hold Chevron  ( CVX )  in Your Portfolio,https://www.zacks.com/stock/news/2285161/why-it-makes-sense-to-hold-chevron-cvx-in-your-portfolio,"Chevron's (CVX) long-term projects and investments in the oil and gas sector are designed to yield benefits over years or even decades, not quarters.",www.zacks.com,0.22155,Somewhat-Bullish,XOM,0.140076,-0.203348,Somewhat-Bearish
2024-06-07 11:59:11,"Saudi Arabia to raise over $11.2 billion from Aramco stock sale, priced at lower end of range",https://www.cnbc.com/2024/06/07/saudi-arabia-to-raise-over-11point2-billion-from-aramco-stock-sale-priced-at-lower-end-of-range.html,Saudi Arabia is set to raise more than $11.2 billion from its secondary public share offering in oil giant Aramco.,www.cnbc.com,0.14606,Neutral,XOM,0.087824,0.124943,Neutral
2024-06-07 13:01:00,ExxonMobil's  ( XOM )  Golden Pass LNG Project Faces Six-Month Delay,https://www.zacks.com/stock/news/2285360/exxonmobils-xom-golden-pass-lng-project-faces-six-month-delay,"ExxonMobil (XOM) and QatarEnergy's ambitious Golden Pass LNG project faces a significant delay after contractor issues, pushing the expected startup of key LNG trains to late 2025 and early 2026.",www.zacks.com,0.21958,Somewhat-Bullish,XOM,0.409742,0.189143,Somewhat-Bullish
2024-06-07 13:30:32,This Exxon Mobil Analyst Is No Longer Bullish; Here Are Top 5 Downgrades For Friday - Exxon Mobil  ( NYSE:XOM ) ,https://www.benzinga.com/news/24/06/39227364/this-exxon-mobil-analyst-is-no-longer-bullish-here-are-top-5-downgrades-for-friday,"Top Wall Street analysts changed their outlook on these top names. For a complete view of all analyst rating changes, including upgrades, downgrades and initiations, please see our analyst ratings page. JP Morgan analyst Matthew Boss downgraded the rating for Vail Resorts, Inc.",www.benzinga.com,0.179645,Somewhat-Bullish,XOM,0.388879,0.147333,Neutral
2024-06-07 18:12:20,Former IRS employee charged in $2.1 million Exxon Mobil tax credit theft attempt in Utah,https://www.cnbc.com/2024/06/07/irs-employee-charged-in-exxon-mobil-tax-credit-theft-bid.html,Prosecutors say former IRS worker Rodney Rupe of Utah accessed taxpayer databases in a scheme to swindle tax credits owed oil and gas giant Exxon Mobil ...,www.cnbc.com,0.174594,Somewhat-Bullish,XOM,0.150122,0.049855,Neutral
2024-06-08 12:02:21,'Fighting for 40 years' - the tiny Texas community facing down Big Industry,https://www.aljazeera.com/features/2024/6/8/fighting-for-40-years-the-tiny-texas-community-facing-down-big-industry,"Corpus Christi, Texas, US - ""It's a beautiful bay, and it was even more beautiful in the beginning,"" says 72-year-old Encarnacion ""Chon"" Serna, a retired chemical engineer, as he describes Corpus Christi Bay, which lies just a few feet from his doorstep in Portland, Corpus Christi in Texas.",www.aljazeera.com,-0.087715,Neutral,XOM,0.029008,-0.036674,Neutral
2024-06-08 17:17:47,Is The Stock Market In A Bubble?,https://www.forbes.com/sites/vineerbhansali/2024/06/08/is-the-stock-market-in-a-bubble/,"One of the most heavily discussed topics in the financial media today is the observation that most of the gains in the stock market are being driven by just a handful of names, and this, as in past episodes of market melt-ups and melt-downs, may be a precursory signal for an impending crash.",www.forbes.com,0.084164,Neutral,XOM,0.018995,0.151288,Somewhat-Bullish
2024-06-08 18:14:34,XOM: Exxon Mobil  ( XOM )  vs. Chevron  ( CVX )  - Analyzing Long-Term Value in 2024 and Beyond,https://stocknews.com/news/xom-cvx-pxd-exxon-mobil-xom-vs-chevron-cvx-analyzing-long-term-value/,"The global energy market is presently shaped by geopolitical tensions, technological advancements, and evolving environmental policies, resulting in price volatility.",stocknews.com,0.168734,Somewhat-Bullish,XOM,0.403634,0.353384,Bullish
2024-06-09 09:04:00,3 Energy Stocks to Buy Hand Over Fist in June,https://www.fool.com/investing/2024/06/09/3-energy-stocks-to-buy-hand-over-fist-in-june/,"If you are looking for an energy stock in June, you can find good options across a broad spectrum of oil exposures.",www.fool.com,0.246026,Somewhat-Bullish,XOM,0.048919,0.183633,Somewhat-Bullish
2024-06-09 13:15:00,"$1,000 in This Vanguard ETF Incurs a Mere $1 Annual Fee, and It Has Beaten the S&P 500 and Nasdaq Composite in 2024",https://www.fool.com/investing/2024/06/09/1000-in-this-vanguard-etf-incurs-a-mere-1-annual/,"Up over 18% year to date, the Vanguard S&P 500 Growth ETF shows no signs of slowing down.",www.fool.com,0.368287,Bullish,XOM,0.042122,0.192126,Somewhat-Bullish
2024-06-10 11:30:00,FuelCell Energy Reports Second Quarter of Fiscal 2024 Results,https://www.globenewswire.com/news-release/2024/06/10/2895900/8041/en/FuelCell-Energy-Reports-Second-Quarter-of-Fiscal-2024-Results.html,Second Quarter Fiscal 2024 Summary ( All comparisons are year-over-year unless otherwise noted ...,www.globenewswire.com,0.167579,Somewhat-Bullish,XOM,0.046213,0.120771,Neutral
2024-06-10 12:40:10,Playing With Fire: Scapegoating Big Oil For Political Gain,https://www.forbes.com/sites/daneberhart/2024/06/10/playing-with-fire-scapegoating-big-oil-for-political-gain/,"Democrats in Washington have launched a vigorous campaign against Big Oil, initiating at least five separate probes into U.S. oil companies' activities. Democrats may be hoping that the investigations will bolster their climate credentials with progressive and environmentally conscious voters ...",www.forbes.com,-0.00976,Neutral,XOM,0.039224,0.0,Neutral
2024-06-10 13:42:06,"FuelCell Energy Beats Projections In Q2, Fuels Hope With New Projects - FuelCell Energy  ( NASDAQ:FCEL ) ",https://www.benzinga.com/news/earnings/24/06/39251004/fuelcell-energy-beats-projections-in-q2-fuels-hope-with-new-projects,"FuelCell Energy Inc FCEL reported a second-quarter fiscal 2024 revenue decline of 42% year-over-year to $22.42 million, beating the consensus of $21.35 million. Service Agreements revenue dropped to $1.4 million from $26.2 million due to no module exchanges.",www.benzinga.com,0.177985,Somewhat-Bullish,XOM,0.093289,0.208754,Somewhat-Bullish
2024-06-10 14:59:46,Noble To Buy Diamond Offshore Drilling: What To Know,https://www.kiplinger.com/investing/stocks/noble-to-buy-diamond-offshore-drilling-what-to-know,"Early Monday, Noble ( NE ) said it will acquire Diamond Offshore Drilling ( DO ) for $1.59 billion in cash and stock. The deal works out to $15.52 per DO share, or an 11.4% premium to Diamond's June 7 close.",www.kiplinger.com,0.40329,Bullish,XOM,0.175221,0.018853,Neutral
2024-06-10 15:50:34,Why FuelCell Energy Stock Popped 13% on Monday,https://www.fool.com/investing/2024/06/10/why-fuelcell-energy-stock-popped-13-on-monday/,It's only thanks to the magic of stock dilution that FuelCell's losses seemed to decline.,www.fool.com,0.127953,Neutral,XOM,0.107495,0.204045,Somewhat-Bullish
2024-06-10 18:53:57,"Former Google Exec Laszlo Bock's Next 'Startup,' The Productivity Theater Problem And More",https://www.forbes.com/sites/jenamcgregor/2024/06/10/former-google-exec-laszlo-bocks-next-startup-the-productivity-theater-problem-and-more/,"This is the published version of Forbes' Future of Work newsletter, which offers the latest news for chief human resources officers and other talent managers on disruptive technologies, managing the workforce and trends in the remote work debate. Click here to get it delivered to your inbox every ...",www.forbes.com,0.118602,Neutral,XOM,0.019086,0.026243,Neutral
2024-06-10 20:16:31,"Stock Market Today: Stocks Close Higher Ahead of Fed, May CPI",https://www.kiplinger.com/investing/stocks/stock-market-today-stocks-close-higher-ahead-of-fed-may-cpi,Stocks opened lower Monday but climbed into positive territory by the close. Investors' attention this week is trained on Wednesday's release of the May Consumer Price Index ( CPI ) report and the conclusion of the Fed meeting.,www.kiplinger.com,0.216222,Somewhat-Bullish,XOM,0.123844,0.086079,Neutral
2024-06-10 21:45:17,Why Exxon Mobil  ( XOM )  Outpaced the Stock Market Today,https://www.zacks.com/stock/news/2286291/why-exxon-mobil-xom-outpaced-the-stock-market-today,"Exxon Mobil (XOM) closed at $113.08 in the latest trading session, marking a +0.29% move from the prior day.",www.zacks.com,0.192635,Somewhat-Bullish,XOM,0.527969,0.319663,Somewhat-Bullish
2024-06-11 10:00:00,Why oil companies are raking in record profits under Joe Biden | Business,https://www.cnn.com/2024/06/11/economy/oil-industry-profits-under-biden/index.html,Why oil companies are raking in record profits under Joe ...,www.cnn.com,0.225105,Somewhat-Bullish,XOM,0.149889,0.062779,Neutral
2024-06-11 10:20:05,Is WisdomTree U.S. High Dividend ETF  ( DHS )  a Strong ETF Right Now?,https://www.zacks.com/stock/news/2286400/is-wisdomtree-us-high-dividend-etf-dhs-a-strong-etf-right-now,Smart Beta ETF report for ...,www.zacks.com,0.286446,Somewhat-Bullish,XOM,0.113062,0.059546,Neutral
2024-06-11 11:00:00,What America Owes the Planet,https://www.theatlantic.com/magazine/archive/2024/07/climate-change-reparations-vanuatu-island/678489/,Climate Reparations Could Save Us All The Atlantic ...,www.theatlantic.com,-0.002447,Neutral,XOM,0.01582,0.062835,Neutral
2024-06-11 11:37:39,"'No stake sale in Mumbai High, foreign co will only provide tech to ONGC'",https://www.business-standard.com/companies/news/no-stake-sale-in-mumbai-high-foreign-co-will-only-provide-tech-to-ongc-124061100720_1.html,"Oil and Natural Gas Corporation (ONGC) will not give any equity stake in its flagship Mumbai High oil and gas fields to any foreign company and is only seeking help from global giants like BP Plc to help reverse declining output from the field, a top government official said on Tuesday.",www.business-standard.com,0.009593,Neutral,XOM,0.04076,0.056116,Neutral
2024-06-11 11:40:00,3 Columbia Mutual Funds to Buy for Solid Returns,https://www.zacks.com/stock/news/2286442/3-columbia-mutual-funds-to-buy-for-solid-returns,"Invests in Columbia Threadneedle Investments mutual funds like ILGCX, ILVBX and CECFX for higher returns.",www.zacks.com,0.305044,Somewhat-Bullish,XOM,0.0699,0.053186,Neutral
2024-06-11 12:00:00,Sell In May? Schwab Investors Dumped This Institutional Favorite But Bought 4 Magnificent Seven Stocks,https://www.investors.com/research/nvidia-stock-apple-stock-schwab/,"Nvidia Stock, Microsoft, Tesla, Amazon Get Scooped Up In May By Schwab Traders Investor's Business Daily ...",www.investors.com,0.183361,Somewhat-Bullish,XOM,0.256538,-0.165499,Somewhat-Bearish
2024-06-11 13:00:00,"BDA ACQUIRES EUROPE'S LEADING SPORTS MERCHANDISE PROVIDER, THE GREAT BRANDING COMPANY - PR Newswire",https://www.prnewswire.com/news-releases/bda-acquires-europes-leading-sports-merchandise-provider-the-great-branding-company-302169132.html,"BDA ACQUIRES EUROPE'S LEADING SPORTS MERCHANDISE PROVIDER, THE GREAT BRANDING COMPANY PR ...",www.prnewswire.com,0.460542,Bullish,XOM,0.047278,0.161604,Somewhat-Bullish
2024-06-11 13:55:13,Golden State Goes After Oil Giants: Lawsuit Targets Profits From Misleading On Climate Change - Exxon Mobil  ( NYSE:XOM ) ,https://www.benzinga.com/markets/equities/24/06/39271732/golden-state-goes-after-oil-giants-lawsuit-targets-profits-from-misleading-on-climate-change,"On Monday, California Attorney General Rob Bonta filed an amended complaint targeting major fossil fuel companies like Exxon Mobil Corporation XOM, Chevron Corporation CVX, Shell plc SHEL, BP p.l.c. BP, ConocoPhillips COP, and the American Petroleum Institute ( API ) .",www.benzinga.com,-0.124961,Neutral,XOM,0.202366,-0.231844,Somewhat-Bearish
2024-06-11 14:25:00,Reasons Why ITT Stock Deserves to Be in Your Portfolio Now,https://www.zacks.com/stock/news/2286720/reasons-why-itt-stock-deserves-to-be-in-your-portfolio-now,"ITT stands to benefit from strength in its businesses, acquisitions and shareholder-friendly policies.",www.zacks.com,0.37082,Bullish,XOM,0.072217,0.225066,Somewhat-Bullish
2024-06-12 11:28:00,Analysis: Why this meme stock frenzy is different from 2021 | Business,https://www.cnn.com/2024/06/12/investing/premarket-stocks-trading-meme-gamestop/index.html,Why this meme stock frenzy is different from ...,www.cnn.com,0.093435,Neutral,XOM,0.041394,0.078666,Neutral
2024-06-12 13:18:00,Clean Energy Fuels  ( CLNE )  Builds Third LNG Train at Boron Plant,https://www.zacks.com/stock/news/2287317/clean-energy-fuels-clne-builds-third-lng-train-at-boron-plant,Clean Energy Fuels (CLNE) announces the completion of a third production train at its LNG plant in Boron. The idea is to expand the plant???s total volume capacity to accommodate the rising demand.,www.zacks.com,0.267137,Somewhat-Bullish,XOM,0.166935,0.167139,Somewhat-Bullish
2024-06-12 14:39:00,"Stocks Rally After CPI Data, Fed Meeting Next Hurdle; Oracle Rallies",https://www.investors.com/market-trend/stock-market-today/dow-jones-nasdaq-sp500-oracle-stock-cpi-federal-reserve/,"Stock Market Today: Dow Jones, Nasdaq Rally After CPI. Fed Meeting Next Hurdle Investor's Business Daily ...",www.investors.com,0.090486,Neutral,XOM,0.107736,-0.130622,Neutral
2024-06-12 17:17:14,Exxon Mobil Options Trading: A Deep Dive into Market Sentiment - Exxon Mobil  ( NYSE:XOM ) ,https://www.benzinga.com/insights/options/24/06/39297082/exxon-mobil-options-trading-a-deep-dive-into-market-sentiment,"Financial giants have made a conspicuous bullish move on Exxon Mobil. Our analysis of options history for Exxon Mobil XOM revealed 19 unusual trades. Delving into the details, we found 63% of traders were bullish, while 26% showed bearish tendencies.",www.benzinga.com,0.164988,Somewhat-Bullish,XOM,0.591634,0.218656,Somewhat-Bullish
2024-06-12 20:15:47,"Dimon, Fraser and Moynihan will attend private Trump CEO meeting - some others will skip",https://www.cnbc.com/2024/06/12/trump-ceos-private-meeting.html,"Donald Trump will be courting CEOs in Washington, D.C.",www.cnbc.com,0.091172,Neutral,XOM,0.040212,0.080399,Neutral
2024-06-12 22:11:00,2 No-Brainer Energy Stocks to Buy Right Now for Less Than $500,https://www.fool.com/investing/2024/06/12/2-no-brainer-energy-stocks-to-buy-right-now-for-le/,These energy stocks could be an excellent addition to your diversified portfolio today.,www.fool.com,0.229605,Somewhat-Bullish,XOM,0.298957,0.227594,Somewhat-Bullish
2024-06-13 05:30:00,Viridien makes sale of Sercel Marlin vessel monitoring and alert system to ExxonMobil Guyana Ltd,https://www.globenewswire.com/news-release/2024/06/13/2897982/0/en/Viridien-makes-sale-of-Sercel-Marlin-vessel-monitoring-and-alert-system-to-ExxonMobil-Guyana-Ltd.html,"Paris, France - June ...",www.globenewswire.com,0.562434,Bullish,XOM,0.124164,0.18794,Somewhat-Bullish
2024-06-13 09:25:00,Venture Global Announces Landmark Energy Security Agreement with DTEK of Ukraine,https://www.benzinga.com/pressreleases/24/06/n39306513/venture-global-announces-landmark-energy-security-agreement-with-dtek-of-ukraine,"ARLINGTON, Va., June 13, 2024 /PRNewswire/ -- Today, Venture Global and D. TRADING ( commercial arm of DTEK Group ) announced the execution of a comprehensive Heads of Agreement ( HOA ) for the supply of U.S. liquefied natural gas ( LNG ) to Ukraine and Eastern Europe.",www.benzinga.com,0.445381,Bullish,XOM,0.067347,0.161535,Somewhat-Bullish
2024-06-13 10:10:00,Forget Nvidia: 3 Artificial Intelligence  ( AI )  Stocks to Buy Instead,https://www.fool.com/investing/2024/06/13/forget-nvidia-3-artificial-intelligence-ai-stocks/,It's time to start thinking about the winners of the next chapter of the artificial intelligence movement.,www.fool.com,0.205299,Somewhat-Bullish,XOM,0.034039,0.266364,Somewhat-Bullish
2024-06-13 10:20:06,Is Invesco FTSE RAFI US 1000 ETF  ( PRF )  a Strong ETF Right Now?,https://www.zacks.com/stock/news/2287628/is-invesco-ftse-rafi-us-1000-etf-prf-a-strong-etf-right-now,Smart Beta ETF report for PRF ...,www.zacks.com,0.275886,Somewhat-Bullish,XOM,0.112797,0.072775,Neutral
2024-06-13 10:30:00,"MRC Global Selected as Primary Provider of Pipe, Valves, and Fittings for ExxonMobil in North America",https://www.globenewswire.com/news-release/2024/06/13/2898119/0/en/MRC-Global-Selected-as-Primary-Provider-of-Pipe-Valves-and-Fittings-for-ExxonMobil-in-North-America.html,"MRC Global has signed an agreement to be the primary provider of pipe, valves and fitting (PVF) products and services to ExxonMobil in North America.",www.globenewswire.com,0.377778,Bullish,XOM,0.575055,0.551099,Bullish
2024-06-13 10:30:27,"MRC Global Selected as Primary Provider of Pipe, Valves, and Fittings for ExxonMobil in North America - MRC Global  ( NYSE:MRC ) ",https://www.benzinga.com/pressreleases/24/06/g39307695/mrc-global-selected-as-primary-provider-of-pipe-valves-and-fittings-for-exxonmobil-in-north-americ,"HOUSTON, June 13, 2024 ( GLOBE NEWSWIRE ) -- MRC Global Inc. MRC announced today that its subsidiary, MRC Global ( US ) Inc., has signed an agreement to be the primary provider of pipe, valves and fitting ( PVF ) products and services to ExxonMobil in North America.",www.benzinga.com,0.374347,Bullish,XOM,0.529185,0.518725,Bullish
2024-06-13 10:40:14,"Shell To Acquire Pavilion Energy Assets From Temasek, Expanding LNG Market Reach In Europe And Singapore: Report - Shell  ( NYSE:SHEL ) ",https://www.benzinga.com/markets/equities/24/06/39307791/shell-to-acquire-pavilion-energy-assets-from-temasek-expanding-lng-market-reach-in-europe-and-si,"Singapore-based Temasek Holdings is reportedly on the verge of sealing a deal with Shell Plc. SHEL for the sale of assets from its liquefied natural gas trading firm, Pavilion Energy.",www.benzinga.com,0.229119,Somewhat-Bullish,XOM,0.170878,0.060149,Neutral
2024-06-13 12:39:00,Women in Motorsports North America Announces Women with Drive IV Summit - Driven by Mobil 1,https://www.benzinga.com/pressreleases/24/06/n39310675/women-in-motorsports-north-america-announces-women-with-drive-iv-summit-driven-by-mobil-1,"The fourth annual event will take place December 9-11, 2024 at the Indiana Convention Center to kick off PRI Show Week Mobil 1 to return as Presenting Sponsor. Special events include ""Breakfast at the Brickyard,"" ""Tour of Indianapolis Motor Speedway and Race Shops,"" and ""Luncheon at the Westin.""",www.benzinga.com,0.405501,Bullish,XOM,0.040622,0.262252,Somewhat-Bullish
2024-06-13 14:15:00,"Carbon Fiber Market Surges to USD 23.2 Billion by 2031, Propelled by 12.6% CAGR - Verified Market Research®",https://www.benzinga.com/pressreleases/24/06/g39313718/carbon-fiber-market-surges-to-usd-23-2-billion-by-2031-propelled-by-12-6-cagr-verified-market-rese,"Lewes, Delaware, June 13, 2024 ( GLOBE NEWSWIRE ) -- The Global Carbon Fiber Market is projected to grow at a CAGR of 12.6% from 2024 to 2031, according to a new report published by Verified Market Research®.",www.benzinga.com,0.298137,Somewhat-Bullish,XOM,0.030331,0.041124,Neutral
2024-06-13 15:23:14,"Big Oil Battles Biden: Chevron, Exxon Challenge EV Emission Rules - Chevron  ( NYSE:CVX ) , Exxon Mobil  ( NYSE:XOM ) ",https://www.benzinga.com/markets/equities/24/06/39315591/big-oil-battles-biden-chevron-exxon-challenge-ev-emission-rules,"The nation's largest oil companies, Chevron Corporation CVX and Exxon Mobil Corporation XOM, reportedly plan to file a federal lawsuit on Thursday to oppose the Biden administration's efforts to cut emissions from cars and light trucks and promote electric vehicle manufacturing.",www.benzinga.com,0.055732,Neutral,XOM,0.188928,-0.123613,Neutral
2024-06-13 17:02:49,"Is Invesco FTSE RAFI US 1000 ETF a Strong ETF Right Now? - Microsoft  ( NASDAQ:MSFT ) , iShares Russell 1000 Value ETF  ( ARCA:IWD ) ",https://www.benzinga.com/news/24/06/39308909/is-invesco-ftse-rafi-us-1000-etf-a-strong-etf-right-now,"A smart beta exchange traded fund, the Invesco FTSE RAFI US 1000 ETF PRF debuted on 12/19/2005, and offers broad exposure to the Style Box - Large Cap Value category of the market.",www.benzinga.com,0.296255,Somewhat-Bullish,XOM,0.115509,0.111506,Neutral
2024-06-13 20:09:39,This 'Top 2' AI Stock Tacked On $126 Billion-Almost Intel's Entire Market Cap-This Week Alone,https://www.forbes.com/sites/dereksaul/2024/06/13/this-top-2-ai-stock-tacked-on-126-billion-almost-intels-entire-market-cap-this-week-alone/,Top AI Stock Broadcom Tacks On $85 Billion Thursday Forbes ...,www.forbes.com,0.122677,Neutral,XOM,0.088799,0.034454,Neutral
2024-06-13 20:15:00,"Jefferson Energy, Aramco Trading Americas Execute Agreement for Bi-Directional Flow on Jefferson Southern Star Pipeline; Will Provide Access from Marketlink Pipeline to Jefferson Energy's Beaumont Terminal",https://www.globenewswire.com/news-release/2024/06/13/2898652/0/en/Jefferson-Energy-Aramco-Trading-Americas-Execute-Agreement-for-Bi-Directional-Flow-on-Jefferson-Southern-Star-Pipeline-Will-Provide-Access-from-Marketlink-Pipeline-to-Jefferson-Ene.html,"Jefferson Energy, Aramco Trading Americas Execute Agreement for Bi-Directional Flow on Jefferson Southern Star Pipeline. Will Provide Access from ...",www.globenewswire.com,0.097995,Neutral,XOM,0.041828,0.017876,Neutral
2024-06-13 20:15:59,"Jefferson Energy, Aramco Trading Americas Execute Agreement for Bi-Directional Flow on Jefferson Southern Star Pipeline; Will Provide Access from Marketlink Pipeline to Jefferson Energy's Beaumont Terminal - FTAI Infrastructure  ( NASDAQ:FIP ) ",https://www.benzinga.com/pressreleases/24/06/g39321654/jefferson-energy-aramco-trading-americas-execute-agreement-for-bi-directional-flow-on-jefferson-so,"NEW YORK, June 13, 2024 ( GLOBE NEWSWIRE ) -- FTAI Infrastructure Inc.",www.benzinga.com,0.105064,Neutral,XOM,0.040212,0.017826,Neutral
2024-06-13 23:27:00,Cheap Energy Stocks: Values or Traps?,https://www.zacks.com/stock/news/2288176/cheap-energy-stocks-values-or-traps,Energy stocks have sold off again. Buffett is buying more. Should you?,www.zacks.com,0.182514,Somewhat-Bullish,XOM,0.500995,0.334673,Somewhat-Bullish
2024-06-14 13:02:00,3 Energy Stocks to Gain From Seismic Imaging Technologies,https://www.zacks.com/stock/news/2288508/3-energy-stocks-to-gain-from-seismic-imaging-technologies,"Embracing seismic imaging innovations equips oil & gas firms to sustain competitiveness & mitigate operational uncertainties. ExxonMobil (XOM), Chevron (CVX) and BP are thus well poised to gain.",www.zacks.com,0.521699,Bullish,XOM,0.228431,0.398123,Bullish
2024-06-14 13:13:00,MRC Global  ( MRC )  Gets PVF Deal From ExxonMobil in North America,https://www.zacks.com/stock/news/2288518/mrc-global-mrc-gets-pvf-deal-from-exxonmobil-in-north-america,MRC Global (MRC) inks a deal with ExxonMobil to supply PVF products and services in North America.,www.zacks.com,0.287018,Somewhat-Bullish,XOM,0.461283,0.434329,Bullish
2024-06-14 14:56:50,Exxon Mobil's Nigerian Asset Sale To Seplat Nears Completion As Court Case Clears - Exxon Mobil  ( NYSE:XOM ) ,https://www.benzinga.com/markets/equities/24/06/39334659/exxon-mobils-nigerian-asset-sale-to-seplat-nears-completion-as-court-case-clears,Seplat Energy stated that it aims to reach a prompt conclusion regarding its acquisition of Exxon Mobil Corporation's XOM Nigerian shallow water oil assets for $1.28 billion.,www.benzinga.com,0.294545,Somewhat-Bullish,XOM,0.504646,0.523414,Bullish
2024-06-14 15:37:00,ExxonMobil's  ( XOM )  Nigerian Asset Sale Nears Completion,https://www.zacks.com/stock/news/2288654/exxonmobils-xom-nigerian-asset-sale-nears-completion,"The deal will see Seplat Energy acquiring ExxonMobil's (XOM) assets for $1.28 billion, significantly bolstering its position in Nigeria's oil and gas sector.",www.zacks.com,0.250953,Somewhat-Bullish,XOM,0.335519,0.232792,Somewhat-Bullish
2024-06-14 17:44:41,"MRC Global Gets PVF Deal From ExxonMobil in North America - Mueller Water Products  ( NYSE:MWA ) , MRC Global  ( NYSE:MRC ) ",https://www.benzinga.com/news/earnings/24/06/39333983/mrc-global-gets-pvf-deal-from-exxonmobil-in-north-america,"MRC Global Inc. MRC recently announced that its subsidiary, MRC Global ( US ) Inc., has secured a contract from ExxonMobil Corporation XOM. Per the deal, MRC Global to serve as the primary supplier of pipe, valves and fitting ( PVF ) products and services to ExxonMobil in North America.",www.benzinga.com,0.320425,Somewhat-Bullish,XOM,0.454714,0.336102,Somewhat-Bullish
2024-06-15 15:00:01,This ETF strategy may help investors skirt market concentration risk,https://www.cnbc.com/2024/06/15/avoid-concentration-risk-with-this-value-play-etf-expert-suggests.html,A top exchange-traded fund provider is screening diversified value stocks for long-term gains.,www.cnbc.com,0.292158,Somewhat-Bullish,XOM,0.136888,0.164236,Somewhat-Bullish
2024-06-16 05:49:36,'Double attack': The curse of natural gas and armed groups in Mozambique,https://www.aljazeera.com/features/2024/6/16/double-attack-the-curse-of-natural-gas-and-armed-groups-in-mozambique,"Palma, Mozambique - It was late afternoon and darkness was approaching when Awa Salama* heard pops of gunfire and explosions: The fighters were coming. As her neighbours made frantic telephone calls trying to warn loved ones before running wildly away, Salama locked the door to her house to keep ...",www.aljazeera.com,-0.140435,Neutral,XOM,0.010681,0.0,Neutral
2024-06-17 05:00:00,Oil M&A Stays Hot. Here's Who's Still Making Deals.,https://www.barrons.com/amp/articles/oil-gas-deals-texas-new-mexico-c1d6bc58,"The big players in oil and gas like ExxonMobil are getting bigger, because of major acquisitions they've made over the past year. Now the smaller players are bulking up, too. Last week, two medium-sized oil services companies merged, and a midsize Texas oil producer made a significant acquisition ...",www.barrons.com,0.056484,Neutral,XOM,0.095517,0.0,Neutral
2024-06-17 11:00:00,Big Oil Strikes Back,https://www.forbes.com/sites/alanohnsman/2024/06/17/big-oil-strikes-back-ai-nuclear-decarbonizing-cement/,"This week's Current Climate, which every Monday brings you the latest news about the business of sustainability. Sign up to get it in your inbox every week.",www.forbes.com,0.133208,Neutral,XOM,0.032251,-0.077803,Neutral
2024-06-17 11:11:00,PDD Holdings and Kohl's have been highlighted as Zacks Bull and Bear of the Day,https://www.zacks.com/stock/news/2288943/pdd-holdings-and-kohls-have-been-highlighted-as-zacks-bull-and-bear-of-the-day,PDD Holdings and Kohl's are part of the Zacks Bull and Bear of the Day article.,www.zacks.com,0.315848,Somewhat-Bullish,XOM,0.140731,0.254022,Somewhat-Bullish
2024-06-17 11:25:00,"Zacks Value Trader Highlights: Diamondback Energy, EOG Resources, SLB, Exxon Mobil and Chevron",https://www.zacks.com/stock/news/2288948/zacks-value-trader-highlights-diamondback-energy-eog-resources-slb-exxon-mobil-and-chevron,"Diamondback Energy, EOG Resources, SLB, Exxon Mobil and Chevron are part of the Zacks Value Trader blog.",www.zacks.com,0.260986,Somewhat-Bullish,XOM,0.370143,0.275841,Somewhat-Bullish
2024-06-17 13:00:16,Exxon Mobil Corporation  ( XOM )  is Attracting Investor Attention: Here is What You Should Know,https://www.zacks.com/stock/news/2288994/exxon-mobil-corporation-xom-is-attracting-investor-attention-here-is-what-you-should-know,"Exxon (XOM) has received quite a bit of attention from Zacks.com users lately. Therefore, it is wise to be aware of the facts that can impact the stock's prospects.",www.zacks.com,0.217556,Somewhat-Bullish,XOM,0.103331,0.036336,Neutral
2024-06-17 13:30:00,"Fiddlehead Announces New Board Members in Connection with Transformational Acquisition of Producing, South Ferrier, Strachan Assets, $25 Million in Financings and Public Listing of its Securities",https://www.newswire.ca/news-releases/fiddlehead-announces-new-board-members-in-connection-with-transformational-acquisition-of-producing-south-ferrier-strachan-assets-25-million-in-financings-and-public-listing-of-its-securities-882899249.html,"Fiddlehead Announces New Board Members in Connection with Transformational Acquisition of Producing, South ... Canada ...",www.newswire.ca,0.24561,Somewhat-Bullish,XOM,0.008666,0.053986,Neutral
2024-06-17 15:25:00,Need A Backhoe? Online Heavy Equipment Auctioneer Rebounds To Buy Zone,https://www.investors.com/research/rba-stock-ecommerce-rb-global-online-auction/,RBA Stock: Ecommerce Play In Buy Zone Ahead Of Rebalance Investor's Business Daily ...,www.investors.com,0.227591,Somewhat-Bullish,XOM,0.154951,-0.155454,Somewhat-Bearish
2024-06-17 16:58:44,"PDD Holdings and Kohl's Have Been Highlighted as Zacks Bull and Bear of the Day - Chevron  ( NYSE:CVX ) , BP  ( NYSE:BP ) ",https://www.benzinga.com/news/earnings/24/06/39355325/pdd-holdings-and-kohls-have-been-highlighted-as-zacks-bull-and-bear-of-the-day,"Chicago, IL - June 17, 2024 - Zacks Equity Research shares PDD Holdings PDD as the Bull of the Day and Kohl's KSS as the Bear of the Day. In addition, Zacks Equity Research provides analysis on Exxon Mobil Corp. XOM, Chevron Corp. CVX and BP plc BP.",www.benzinga.com,0.318505,Somewhat-Bullish,XOM,0.143244,0.282387,Somewhat-Bullish
2024-06-17 20:01:10,Check Out What Whales Are Doing With XOM - Exxon Mobil  ( NYSE:XOM ) ,https://www.benzinga.com/insights/options/24/06/39365614/check-out-what-whales-are-doing-with-xom,"Financial giants have made a conspicuous bullish move on Exxon Mobil. Our analysis of options history for Exxon Mobil XOM revealed 22 unusual trades. Delving into the details, we found 54% of traders were bullish, while 18% showed bearish tendencies.",www.benzinga.com,0.217886,Somewhat-Bullish,XOM,0.661016,0.242513,Somewhat-Bullish
2024-06-17 21:45:19,Exxon Mobil  ( XOM )  Stock Slides as Market Rises: Facts to Know Before You Trade,https://www.zacks.com/stock/news/2289444/exxon-mobil-xom-stock-slides-as-market-rises-facts-to-know-before-you-trade,"Exxon Mobil (XOM) reachead $108.36 at the closing of the latest trading day, reflecting a -0.69% change compared to its last close.",www.zacks.com,0.189825,Somewhat-Bullish,XOM,0.582526,0.322064,Somewhat-Bullish
2024-06-17 23:58:49,Judge tosses Exxon Mobil lawsuit against activist shareholder Arjuna over climate proposal,https://www.cnbc.com/2024/06/17/judge-tosses-exxon-mobil-lawsuit-against-activist-shareholder-arjuna-over-climate-proposal.html,A federal judge in Texas dismissed Exxon Mobil's controversial lawsuit against Arjuna Capital over a climate proposal.,www.cnbc.com,-0.142544,Neutral,XOM,0.145145,-0.104353,Neutral
2024-06-18 04:55:47,"Exxon Mobil's Lawsuit Against Climate Activist Shareholder Arjuna Capital Dismissed By Federal Judge - SPDR Select Sector Fund - Energy Select Sector  ( ARCA:XLE ) , iShares U.S. Energy ETF  ( ARCA:IYE ) ",https://www.benzinga.com/markets/equities/24/06/39370904/exxon-mobils-lawsuit-against-climate-activist-shareholder-arjuna-capital-dismissed-by-federal-ju,A federal judge has dismissed Exxon Mobil Corp's XOM lawsuit against activist shareholder Arjuna Capital over a climate proposal.,www.benzinga.com,-0.057739,Neutral,XOM,0.300394,0.099629,Neutral
2024-06-18 11:15:00,Time to Pounce: 3 Dividend Stocks That Are Too Cheap to Ignore,https://www.fool.com/investing/2024/06/18/time-to-pounce-dividend-stocks-buy-now/,"These energy and utility passive income powerhouses are out of favor, but worth buying now.",www.fool.com,0.334568,Somewhat-Bullish,XOM,0.037681,0.096083,Neutral
2024-06-18 12:30:00,"Analysts Don't Expect Google, These Other Companies To Slow Their Profit Growth",https://www.investors.com/research/google-stock-googl-abercrombie-stock-anf-pdd/,"Google Stock, Two Others Don't See Profits Slowing Investor's Business Daily ...",www.investors.com,0.220339,Somewhat-Bullish,XOM,0.130571,-0.14138,Neutral
2024-06-18 12:42:38,Top 3 Energy Stocks Which Could Rescue Your Portfolio In June - Exxon Mobil  ( NYSE:XOM ) ,https://www.benzinga.com/trading-ideas/long-ideas/24/06/39377965/top-3-energy-stocks-which-could-rescue-your-portfolio-in-june,"The most oversold stocks in the energy sector presents an opportunity to buy into undervalued companies. The RSI is a momentum indicator, which compares a stock's strength on days when prices go up to its strength on days when prices go down.",www.benzinga.com,0.09392,Neutral,XOM,0.236972,-0.088516,Neutral
2024-06-18 13:03:00,Warren Buffett Is Adding To His Favorite Energy Bet With Oil Prices Back At $80,https://www.investors.com/news/warren-buffett-energy-bet-oil-prices-back-at-80/,"Warren Buffett's Berkshire Hathaway ( BRKB ) reported late Tuesday it has once again added to its Occidental Petroleum ( OXY ) holdings, adding nearly 3 million shares. Also on Tuesday, oil prices advanced above $80 per barrel for the first time since April.",www.investors.com,0.244314,Somewhat-Bullish,XOM,0.18046,0.114579,Neutral
2024-06-18 15:57:58,Asian and Turkish companies taking over as western multinationals depart Nigeria,https://africa.businessinsider.com/local/markets/asian-and-turkish-companies-taking-over-as-western-multinationals-depart-nigeria/s1jfkvh,"Despite the potential to offer a vast market for consumer goods due to population strength, major economic problems including, surging inflation, depreciating currency, rampant insecurity and electricity shortages are driving US and European multinationals out of Nigeria.",africa.businessinsider.com,-0.024015,Neutral,XOM,0.088147,0.00317,Neutral
2024-06-19 10:20:03,Is Vanguard High Dividend Yield ETF  ( VYM )  a Strong ETF Right Now?,https://www.zacks.com/stock/news/2290201/is-vanguard-high-dividend-yield-etf-vym-a-strong-etf-right-now,Smart Beta ETF report for ...,www.zacks.com,0.284542,Somewhat-Bullish,XOM,0.114682,0.055415,Neutral
2024-06-19 12:43:00,ExxonMobil  ( XOM )  Lawsuit Against Activist Dismissed by US Judge,https://www.zacks.com/stock/news/2290379/exxonmobil-xom-lawsuit-against-activist-dismissed-by-us-judge,The dismissal of ExxonMobil's (XOM) lawsuit underscores the complexities and challenges companies face in responding to shareholder activism on environmental issues.,www.zacks.com,0.123765,Neutral,XOM,0.345674,0.009845,Neutral
2024-06-19 16:00:02,Lithium Supply Chain Conference to Bring Industry Leaders to Las Vegas,https://investingnews.com/fastmarkets-lithium-supply-brm/,"Now in its 16th year, the event has consistently attracted influential figures from the battery raw materials industry, offering excellent networking opportunities while maintaining a global perspective.",investingnews.com,0.174563,Somewhat-Bullish,XOM,0.052455,0.006,Neutral
2024-06-20 10:30:00,Nvidia Just Passed Microsoft to Become the World's Most Valuable Stock. Here's What History Says Happens Next.,https://www.fool.com/investing/2024/06/20/nvidia-pass-microsoft-most-valuable-stock/,"If you think Nvidia stock has already peaked, then you'll want to look at this.",www.fool.com,0.305946,Somewhat-Bullish,XOM,0.322374,0.26874,Somewhat-Bullish
2024-06-20 16:52:00,"Top Stock Reports for Walmart, Exxon Mobil & Danaher",https://www.zacks.com/research-daily/2290732/top-stock-reports-for-walmart-exxon-mobil-danaher,"Today's Research Daily features new research reports on 16 major stocks, including Walmart Inc. (WMT), Exxon Mobil Corporation (XOM) and Danaher Corporation (DHR), as well as a micro-cap stock GSI Technology, Inc. (GSIT).",www.zacks.com,0.284243,Somewhat-Bullish,XOM,0.204072,0.196224,Somewhat-Bullish
2024-06-20 17:01:00,A Veteran Value Investor on 3 Things to Avoid-and Why He Likes Meta Stock,https://www.barrons.com/amp/articles/kevin-holt-invesco-comstock-fund-value-meta-stock-3d5decaf,Invesco's Kevin Hart on 3 Things to Avoid - and Why He Likes Meta ...,www.barrons.com,0.215516,Somewhat-Bullish,XOM,0.025219,0.202793,Somewhat-Bullish
2024-06-20 18:17:49,"Crude Oil Eyes Highest Close In 7 Weeks As Inventories Drop More Than Expected: Energy ETF, Stocks On The Move - Marathon Petroleum  ( NYSE:MPC ) , Hess  ( NYSE:HES ) ",https://www.benzinga.com/news/large-cap/24/06/39419693/crude-oil-eyes-highest-close-in-7-weeks-as-inventories-drop-more-than-expected-energy-etf-stocks-o,"West Texas Intermediate ( WTI ) light crude oil surged 0.3% past $81 per barrel on Thursday, eyeing its highest close since late April and a potential third consecutive session of gains, as lower-than-expected U.S. inventories spurred market concerns.",www.benzinga.com,0.041271,Neutral,XOM,0.14131,0.412096,Bullish
2024-06-21 07:00:00,"1 Unstoppable Stock That Could Join Microsoft, Apple, Nvidia, Alphabet, Amazon, and Meta in the $1 Trillion Club",https://www.fool.com/investing/2024/06/21/1-unstoppable-stock-that-could-join-microsoft-appl/,"This semiconductor specialist has a vast reach that permeates the artificial intelligence (AI) ecosystem, which is boosting its growth.",www.fool.com,0.249077,Somewhat-Bullish,XOM,0.04912,0.102122,Neutral
2024-06-21 11:01:00,5 Fidelity Mutual Funds to Buy for Long-Term Gains,https://www.zacks.com/stock/news/2291276/5-fidelity-mutual-funds-to-buy-for-long-term-gains,"Invest in Fidelity mutual funds like FIKGX, FIKAX, FSPCX, FSUTX and FPHAX, which have given impressive returns this year and are expected to perform well in the future.",www.zacks.com,0.198537,Somewhat-Bullish,XOM,0.033562,0.046925,Neutral
2024-06-21 11:12:00,Offshore Drilling Consolidation Is Underway But Will Oil Prices Cooperate For The Deepsea Bet?,https://www.investors.com/research/industry-snapshot/oil-prices-offshore-drilling-consolidation-underway/,"Oil Prices Still To Weak To Fuel Long-Term Offshore Drilling Demand. Meanwhile, Consolidation. Investor's Business Daily ...",www.investors.com,0.129802,Neutral,XOM,0.095771,0.075985,Neutral
2024-06-21 11:58:00,TotalEnergies  ( TTE )  Initiates Work on Ubeta Gas Field in Nigeria,https://www.zacks.com/stock/news/2291336/totalenergies-tte-initiates-work-on-ubeta-gas-field-in-nigeria,TotalEnergies (TTE) and Nigerian National Petroleum Corporation are set to develop the Ubeta gas field. This project is in sync with TTE's strategy of developing low-cost and low-emission projects.,www.zacks.com,0.245186,Somewhat-Bullish,XOM,0.146916,0.163192,Somewhat-Bullish
2024-06-21 12:49:00,"The Zacks Analyst Blog Highlights Walmart, Exxon Mobil, Danaher and GSI Technology",https://www.zacks.com/stock/news/2291507/the-zacks-analyst-blog-highlights-walmart-exxon-mobil-danaher-and-gsi-technology,"Walmart, Exxon Mobil, Danaher and GSI Technology are part of the Zacks top Analyst Blog.",www.zacks.com,0.247383,Somewhat-Bullish,XOM,0.310843,0.190182,Somewhat-Bullish
2024-06-21 12:51:26,"Chevron, Adobe, FLEX LNG And A Video Game Publisher: CNBC's 'Final Trades' - Chevron  ( NYSE:CVX ) ",https://www.benzinga.com/trading-ideas/long-ideas/24/06/39431748/chevron-adobe-flex-lng-and-a-video-game-publisher-cnbcs-final-trades,"On CNBC's ""Halftime Report Final Trades,"" DCLA managing partner Sarat Sethi said he likes dividend and cash flow of Chevron Corporation CVX.",www.benzinga.com,0.185253,Somewhat-Bullish,XOM,0.265378,-0.198441,Somewhat-Bearish
2024-06-21 13:08:30,$2M Bet On Exxon Mobil? Check Out These 3 Stocks Insiders Are Buying - Exxon Mobil  ( NYSE:XOM ) ,https://www.benzinga.com/trading-ideas/long-ideas/24/06/39432128/2m-bet-on-exxon-mobil-check-out-these-3-stocks-insiders-are-buying,"Although U.S. stocks closed mixed on Thursday, there were a few notable insider trades. When insiders purchase shares, it indicates their confidence in the company's prospects or that they view the stock as a bargain. Either way, this signals an opportunity to go long on the stock.",www.benzinga.com,0.298301,Somewhat-Bullish,XOM,0.483888,0.115852,Neutral
2024-06-21 13:44:29,"Hess-Chevron Merger Hits Snag As Arbitration Delays Put Timeline In Doubt: Report - Chevron  ( NYSE:CVX ) , Hess  ( NYSE:HES ) ",https://www.benzinga.com/markets/equities/24/06/39432966/hess-chevron-merger-hits-snag-as-arbitration-delays-put-timeline-in-doubt-report,"The merger of Hess Corporation HES and Chevron Corporation CVX is reportedly stalled as the contract arbitration panel remains incomplete three months after the case was filed. This delay is stalling the decision on whether Exxon Mobil has a right of first refusal over Hess' Guyana operations, ...",www.benzinga.com,0.09053,Neutral,XOM,0.118647,-0.192596,Somewhat-Bearish
2024-06-21 14:07:00,ExxonMobil's  ( XOM )  Right of Refusal Halts Chevron-Hess Deal,https://www.zacks.com/stock/news/2291606/exxonmobils-xom-right-of-refusal-halts-chevron-hess-deal,The delay stalls a decision on whether ExxonMobil (XOM) has a right of first refusal over Hess' lucrative Guyana operations.,www.zacks.com,0.091918,Neutral,XOM,0.630286,-0.044145,Neutral
2024-06-21 16:17:00,"TotalEnergies Initiates Work on Ubeta Gas Field in Nigeria - Cheniere Energy  ( NYSE:LNG ) , Shell  ( NYSE:SHEL ) ",https://www.benzinga.com/news/earnings/24/06/39432382/totalenergies-initiates-work-on-ubeta-gas-field-in-nigeria,"TotalEnergies SE TTE, along with the Nigerian National Petroleum Corporation Ltd ( ""NNPCL"" ) , has taken the final investment decision for the development of the Ubeta gas field. TTE is the operator of the OML 58 onshore license in Nigeria with a 40% interest, while NNPCL holds the remaining 60%.",www.benzinga.com,0.25242,Somewhat-Bullish,XOM,0.147216,0.194934,Somewhat-Bullish
2024-06-21 17:38:00,Vallourec  ( VLOWY )  Extends Tubular Supply Contract With ADNOC,https://www.zacks.com/stock/news/2291721/vallourec-vlowy-extends-tubular-supply-contract-with-adnoc,Vallourec's (VLOWY) extension of contract with ADNOC expands its scope of supply and includes additional services such as local pipe coating and new digital solutions implementation.,www.zacks.com,0.32425,Somewhat-Bullish,XOM,0.085629,0.09343,Neutral
2024-06-21 18:00:00,"Lubricants Market size is set to grow by USD 23.8 billion from 2024-2028, Increasing demand for lubricants from end ... - PR Newswire",https://www.prnewswire.com/news-releases/lubricants-market-size-is-set-to-grow-by-usd-23-8-billion-from-2024-2028--increasing-demand-for-lubricants-from-end-user-industries-to-boost-the-market-growth-technavio-302177861.html,"Lubricants Market size is set to grow by USD 23.8 billion from 2024-2028, Increasing demand for lubricants from end ... PR ...",www.prnewswire.com,0.174776,Somewhat-Bullish,XOM,0.029691,0.009365,Neutral
2024-06-22 08:32:00,"Want $2,000 in Passive Income? Invest $15,000 in These 5 Dividend Stocks and Wait 4 Years",https://www.fool.com/investing/2024/06/22/want-2000-in-passive-income-invest-15000-in-these/,Investing in equal parts of these five dividend stocks produces a dividend yield of 3.7%.,www.fool.com,0.244045,Somewhat-Bullish,XOM,0.199037,0.168997,Somewhat-Bullish
2024-06-24 11:26:00,ExxonMobil  ( XOM )  Initiates Lau-Lau 2 Appraisal Offshore Guyana,https://www.zacks.com/stock/news/2291989/exxonmobil-xom-initiates-lau-lau-2-appraisal-offshore-guyana,"ExxonMobil's (XOM) appraisal of Lau-Lau 2 is a part of the energy major's extensive exploration program, which includes other wells like Haimara 3 and 4, Trumpetfish-1 and Bluefin-1.",www.zacks.com,0.296947,Somewhat-Bullish,XOM,0.450165,0.354787,Bullish
2024-06-24 11:55:20,This Analyst With 91% Accuracy Rate Sees Over 57% Upside In Nvidia - Here Are 5 Stock Picks For Last Week From Wall Street's Most Accurate Analysts - NVIDIA  ( NASDAQ:NVDA ) ,https://www.benzinga.com/news/24/06/39453520/this-analyst-with-91-accuracy-rate-sees-over-57-upside-in-nvidia-here-are-5-stock-picks-for-last-wee,"U.S. stocks closed mixed on Friday, with the S&P 500 edging lower during the session. The S&P 500 hit an intraday record level of 5,505.53 earlier last week, and recorded a weekly gain of 0.6%. The Dow Jones index, meanwhile, gained 1.45% to record its strongest weekly performance since May.",www.benzinga.com,0.233902,Somewhat-Bullish,XOM,0.065866,0.133262,Neutral
2024-06-24 12:19:32,Carnival Gears Up For Q2 Print; Here Are The Recent Forecast Changes From Wall Street's Most Accurate Analysts,https://markets.businessinsider.com/news/stocks/carnival-gears-up-for-q2-print-here-are-the-recent-forecast-changes-from-wall-street-s-most-accurate-analysts-1033499587,Carnival Gears Up For Q2 Print. Here Are The Recent Forecast Changes From Wall Street's Most Accurate Analysts - Markets Insider ...,markets.businessinsider.com,0.047072,Neutral,XOM,0.139265,0.152269,Somewhat-Bullish
2024-06-24 13:28:00,TotalEnergies  ( TTE )  to Develop 1.5-GW Offshore Wind in Germany,https://www.zacks.com/stock/news/2292294/totalenergies-tte-to-develop-15-gw-offshore-wind-in-germany,TotalEnergies (TTE) wins maritime lease in the North Sea to develop 1.5 GW of offshore wind. This achievement is in sync with TTE's goal to reach net-zero emissions by 2050.,www.zacks.com,0.3096,Somewhat-Bullish,XOM,0.22861,0.246245,Somewhat-Bullish
2024-06-24 15:01:52,Exxon Mobil's Options: A Look at What the Big Money is Thinking - Exxon Mobil  ( NYSE:XOM ) ,https://www.benzinga.com/insights/options/24/06/39458931/exxon-mobils-options-a-look-at-what-the-big-money-is-thinking,"Financial giants have made a conspicuous bearish move on Exxon Mobil. Our analysis of options history for Exxon Mobil XOM revealed 10 unusual trades. Delving into the details, we found 30% of traders were bullish, while 70% showed bearish tendencies.",www.benzinga.com,0.160664,Somewhat-Bullish,XOM,0.630514,0.245348,Somewhat-Bullish
2024-06-24 17:32:22,"Semiconductor, Nvidia Woes Deepen; Nasdaq 100 Slips, Dow Rallies; Bitcoin Sinks To $60,400: What's Driving Markets Monday?",https://markets.businessinsider.com/news/stocks/semiconductor-nvidia-woes-deepen-nasdaq-100-slips-dow-rallies-bitcoin-sinks-to-60-400-what-s-driving-markets-monday-1033501205,"Semiconductor, Nvidia Woes Deepen. Nasdaq 100 Slips, Dow Rallies. Bitcoin Sinks To $60400: What's Driving ... - Markets Insider ...",markets.businessinsider.com,0.0099,Neutral,XOM,0.082677,-0.032593,Neutral
2024-06-24 20:10:00,Officials announce two new carbon removal sites in northwest Louisiana,https://apnews.com/article/louisiana-carbon-capture-e82d25c2deb4a975ed6752bf29ae5621,"BATON ROUGE, La. ( AP ) - In an effort to reduce greenhouse gas emissions, Louisiana officials announced on Monday two new projects that are expected to remove hundreds of thousands of tons of carbon dioxide from the air per year and store it deep underground.",apnews.com,0.117202,Neutral,XOM,0.054732,0.0,Neutral
2024-06-24 22:05:00,A.I. Trade Rolls Over to Energy; Consumer Discretionary in Focus,https://www.zacks.com/stock/news/2292518/ai-trade-rolls-over-to-energy-consumer-discretionary-in-focus,"We're seeing an evening out of index levels, with something of a downward bias on consumer spending.",www.zacks.com,0.129273,Neutral,XOM,0.142565,0.145552,Neutral
2024-06-25 06:38:00,Stock market today: Global stocks mixed after Nvidia tumbles again as AI mania cools,https://apnews.com/article/asia-finance-markets-stocks-commodities-business-022fe08480fcbb6991bcd40152b594c5,"Stock market today: Asian stocks follow Wall Street rise, but Nvidia tumbles again as AI mania cools The Associated Press ...",apnews.com,0.053083,Neutral,XOM,0.073773,0.075124,Neutral
2024-06-25 08:00:00,"Stock Market News for Jun 25, 2024",https://www.zacks.com/stock/news/2292588/stock-market-news-for-jun-25-2024,U.S. stock markets closed mixed on Monday to start the last trading week of a successful June.,www.zacks.com,0.143218,Neutral,XOM,0.11894,0.181086,Somewhat-Bullish
2024-06-25 08:16:00,"Stock Market News for Jun 25, 2024",https://www.zacks.com/stock/news/2292593/stock-market-news-for-jun-25-2024,U.S. stock markets closed mixed on Monday to start the last trading week of a successful June.,www.zacks.com,0.143218,Neutral,XOM,0.11894,0.181086,Somewhat-Bullish
2024-06-25 10:03:00,Air Liquide  ( AIQUY )  to Invest Up to $850M in Low-Carbon Oxygen,https://www.zacks.com/stock/news/2292654/air-liquide-aiquy-to-invest-up-to-850m-in-low-carbon-oxygen,The agreement allows Air Liquide (AIQUY) to capitalize on its existing pipeline infrastructure to promote the development of low-carbon hydrogen.,www.zacks.com,0.223308,Somewhat-Bullish,XOM,0.138464,0.098124,Neutral
2024-06-25 11:45:00,3 Energy Giants Set to Soar With Record Jet Fuel Demand,https://www.zacks.com/stock/news/2292707/3-energy-giants-set-to-soar-with-record-jet-fuel-demand,"As summer travel peaks, U.S. refiners ramp up their jet fuel production to meet the record demand. ExxonMobil, Chevron and Phillips 66 are ready to ride on this fuel-fueled wave.",www.zacks.com,0.409805,Bullish,XOM,0.249361,0.329709,Somewhat-Bullish
2024-06-25 12:15:00,4 Oil Companies Capitalizing on Booming Permian Production,https://www.zacks.com/stock/news/2292791/4-oil-companies-capitalizing-on-booming-permian-production,"EOG, FANG, XOM and MTDR, with their vast resources and strategic positioning, are poised to leverage the Permian's output for substantial returns.",www.zacks.com,0.463792,Bullish,XOM,0.325637,0.465252,Bullish
2024-06-25 13:22:52,"Exxon Mobil Rakes In Billions from Guyana Oil Deal, Net Margin Tops Chip Giant: Report - Exxon Mobil  ( NYSE:XOM ) ",https://www.benzinga.com/markets/equities/24/06/39479711/exxon-mobil-rakes-in-billions-from-guyana-oil-deal-net-margin-tops-chip-giant-report,"Exxon Mobil Corporation XOM shares are trading slightly higher today. As per government data, Guyana's lucrative agreement with an Exxon Mobil-led consortium in the South American country generated $6.33 billion for the partners.",www.benzinga.com,0.283555,Somewhat-Bullish,XOM,0.555911,0.6671,Bullish
2024-06-25 16:27:38,"3 Energy Giants Set to Soar With Record Jet Fuel Demand - Chevron  ( NYSE:CVX ) , Phillips 66  ( NYSE:PSX ) ",https://www.benzinga.com/news/earnings/24/06/39478373/3-energy-giants-set-to-soar-with-record-jet-fuel-demand,"The resurgence of jet fuel production to pre-COVID levels in the United States signals a robust recovery in the aviation sector, which has a broader impact on various facets of the economy. This surge is fueled by a booming demand for air travel, with U.S. refiners ramping up production to meet ...",www.benzinga.com,0.420368,Bullish,XOM,0.247334,0.349229,Somewhat-Bullish
2024-06-25 16:43:39,ExxonMobil Drills Into EV Future With SK On Lithium Deal - Exxon Mobil  ( NYSE:XOM ) ,https://www.benzinga.com/markets/equities/24/06/39485599/exxonmobil-drills-into-ev-future-with-sk-on-lithium-deal,"Exxon Mobil Corporation XOM inked a non-binding memorandum of understanding ( MOU ) with SK On for a multiyear offtake agreement for up to 100,000 metric tons of Mobil Lithium from ExxonMobil's initial planned project in Arkansas.",www.benzinga.com,0.376037,Bullish,XOM,0.708701,0.600355,Bullish
2024-06-25 21:45:19,Exxon Mobil  ( XOM )  Outpaces Stock Market Gains: What You Should Know,https://www.zacks.com/stock/news/2293170/exxon-mobil-xom-outpaces-stock-market-gains-what-you-should-know,"The latest trading day saw Exxon Mobil (XOM) settling at $114.35, representing a +0.26% change from its previous close.",www.zacks.com,0.25503,Somewhat-Bullish,XOM,0.567144,0.397193,Bullish
2024-06-26 04:00:00,Will Exxon make or break Guyana?,https://www.ft.com/content/0cd147e8-914e-4103-ba65-22e0ee757eef,"Guyana enters a high-risk, high-reward era after Exxon's oil discovery ...",www.ft.com,0.203312,Somewhat-Bullish,XOM,0.279015,0.185939,Somewhat-Bullish
2024-06-26 04:00:11,Big Oil under pressure to recalibrate green transition goals,https://www.ft.com/content/7e09562f-01a4-4d67-a76a-425656ee127a,Some producers have started to row back on low-carbon strategies amid high fossil fuel demand and investor concerns ...,www.ft.com,0.183787,Somewhat-Bullish,XOM,0.049526,-0.012007,Neutral
2024-06-26 09:35:12,Exxon Ex-Exec's New Firm To Partner On Guyana's Next Gas Project: Report - Exxon Mobil  ( NYSE:XOM ) ,https://www.benzinga.com/markets/equities/24/06/39496437/exxon-ex-execs-new-firm-to-partner-on-guyanas-next-gas-project-report,"Guyana's Ministry of Natural Resources announced that a newly established company, Fulcrum LNG, headed by a former Exxon Mobil Corporation XOM executive, has been reportedly selected to collaborate with the Guyana government and Exxon on creating a new independent natural gas development in the ...",www.benzinga.com,0.268343,Somewhat-Bullish,XOM,0.654016,0.576896,Bullish
2024-06-26 10:20:04,Is iShares Core Dividend Growth ETF  ( DGRO )  a Strong ETF Right Now?,https://www.zacks.com/stock/news/2293389/is-ishares-core-dividend-growth-etf-dgro-a-strong-etf-right-now,Smart Beta ETF report for ...,www.zacks.com,0.323473,Somewhat-Bullish,XOM,0.115509,0.066729,Neutral
2024-06-26 10:30:00,CGI and ExxonMobil strengthen partnership for advanced payment and loyalty services - CGI  ( NYSE:GIB ) ,https://www.benzinga.com/pressreleases/24/06/n39497235/cgi-and-exxonmobil-strengthen-partnership-for-advanced-payment-and-loyalty-services,Stock Market SymbolsGIB.A ( TSX ) GIB ( NYSE ) cgi.com/newsroom CGI PayPartner 360 streamlines end-to-end payment processing for enhanced efficiency,www.benzinga.com,0.431408,Bullish,XOM,0.20997,0.377189,Bullish
2024-06-26 11:45:00,"ExxonMobil  ( XOM ) , Air Liquide Partner for Texas Hydrogen Project",https://www.zacks.com/stock/news/2293462/exxonmobil-xom-air-liquide-partner-for-texas-hydrogen-project,"ExxonMobil (XOM) and Air Liquide join forces to enhance low-carbon hydrogen and ammonia production at the Baytown, TX facility, slated to begin production in 2028, to drive industrial decarbonization along the U.S. Gulf Coast.",www.zacks.com,0.337043,Somewhat-Bullish,XOM,0.377142,0.442191,Bullish
2024-06-26 12:45:00,3 Permian Stocks to Keep on Your Radar on Strong Oil Prices,https://www.zacks.com/stock/news/2293656/3-permian-stocks-to-keep-on-your-radar-on-strong-oil-prices,"Improving Permian production amid healthy oil prices raises the incentive to keep an eye on companies like ExxonMobil (XOM), Chevron (CVX) and Diamondback Energy (FANG).",www.zacks.com,0.370573,Bullish,XOM,0.342803,0.392825,Bullish
2024-06-26 12:52:00,Oil & Gas Stock Roundup: BP and Shell Take Center Stage,https://www.zacks.com/stock/news/2293681/oil-gas-stock-roundup-bp-and-shell-take-center-stage,"BP, SHEL, XOM, LNG and OII emerge as the energy headline makers during the week.",www.zacks.com,0.270234,Somewhat-Bullish,XOM,0.125789,-0.015741,Neutral
2024-06-26 19:04:56,"3 Stocks To Buy As Oil Prices Collapse, OPEC Panics - APA  ( NASDAQ:APA ) , Halliburton  ( NYSE:HAL ) ",https://www.benzinga.com/markets/commodities/24/06/39510687/3-stocks-to-buy-as-oil-prices-collapse-opec-panics,"The numbers are in, and they do all the talking. The U.S. is producing more oil than any country in history. The country's output averaged 12.9 million barrels per day in 2023, smashing the previous record of 12.3 million barrels per day in 2019.",www.benzinga.com,0.230891,Somewhat-Bullish,XOM,0.107495,0.0,Neutral
2024-06-27 10:20:07,Should Invesco Large Cap Value ETF  ( PWV )  Be on Your Investing Radar?,https://www.zacks.com/stock/news/2294061/should-invesco-large-cap-value-etf-pwv-be-on-your-investing-radar,Style Box ETF report for ...,www.zacks.com,0.310425,Somewhat-Bullish,XOM,0.124809,0.068938,Neutral
2024-06-27 12:49:00,"TotalEnergies  ( TTE )  Signs Exploration Deal, Expands in Africa",https://www.zacks.com/stock/news/2294336/totalenergies-tte-signs-exploration-deal-expands-in-africa,"TotalEnergies (TTE) expanded its operation in Africa by acquiring an interest in a region offshore, Sao Tome and Principe. The company has operations near the new block, which will assist in development.",www.zacks.com,0.308707,Somewhat-Bullish,XOM,0.299478,0.344082,Somewhat-Bullish
2024-06-27 13:40:44,Why big oil is wading into lithium,https://www.economist.com/business/2024/06/27/why-big-oil-is-wading-into-lithium,"B , two British oil giants, have long sunk cash into solar and wind farms. Their rivals elsewhere have mostly stuck to their drilling. Investors have rewarded single-mindedness. ExxonMobil, an American firm unapologetically wedded to the black stuff, is worth $510bn, half as much again as the ...",www.economist.com,0.121004,Neutral,XOM,0.391923,0.137521,Neutral
2024-06-27 13:43:00,ExxonMobil's  ( XOM )  French Refinery Suspension Looms Amid Strike,https://www.zacks.com/stock/news/2294417/exxonmobils-xom-french-refinery-suspension-looms-amid-strike,"ExxonMobil (XOM) may suspend operations at its Gravenchon refinery due to an ongoing strike. The refinery, representing a fifth of France's refining capacity, has faced significant losses and operational challenges, leaving its future hanging in the balance.",www.zacks.com,0.129494,Neutral,XOM,0.382925,-0.054647,Neutral
2024-06-28 11:53:00,ExxonMobil's  ( XOM )  Hammerhead Project Fuels Guyanese Production,https://www.zacks.com/stock/news/2294849/exxonmobils-xom-hammerhead-project-fuels-guyanese-production,"ExxonMobil (XOM) is currently producing around 650,000 barrels per day of oil from Guyana, and the Hammerhead FPSO is expected to ramp up the production to 1.5 million barrels per day.",www.zacks.com,0.170058,Somewhat-Bullish,XOM,0.575055,0.120983,Neutral
2024-06-28 12:10:00,US. LNG Export Market Hurdles Should Not Bother Investors,https://www.zacks.com/stock/news/2294898/us-lng-export-market-hurdles-should-not-bother-investors,"The U.S. LNG sector remains a cornerstone of the global energy landscape. Investors can tap into this market by focusing on companies like Cheniere Energy, Shell and Chevron.",www.zacks.com,0.374806,Bullish,XOM,0.054359,0.114082,Neutral
2024-06-28 13:00:16,Exxon Mobil Corporation  ( XOM )  Is a Trending Stock: Facts to Know Before Betting on It,https://www.zacks.com/stock/news/2294869/exxon-mobil-corporation-xom-is-a-trending-stock-facts-to-know-before-betting-on-it,"Recently, Zacks.com users have been paying close attention to Exxon (XOM). This makes it worthwhile to examine what the stock has in store.",www.zacks.com,0.24424,Somewhat-Bullish,XOM,0.103778,0.076152,Neutral
2024-06-29 10:48:00,5 High-Yield Dividend ETFs to Buy to Generate Passive Income,https://www.fool.com/investing/2024/06/29/high-yield-dividend-etfs-for-passive-income/,"One of these ETFs sports a dividend yield topping 6%, while another's five-year average annual return tops 15%.",www.fool.com,0.223314,Somewhat-Bullish,XOM,0.116631,0.085368,Neutral
2024-06-29 13:44:29,The Big Winners of This Supreme Court Term,https://www.theatlantic.com/ideas/archive/2024/06/big-winners-supreme-court-term/678845/,"In three decisions late this week, the Supreme Court upended American administrative law-the legal field that governs how government agencies interpret and implement legislation. Administrative law is notoriously arcane and technical.",www.theatlantic.com,0.079954,Neutral,XOM,0.030254,-0.112439,Neutral
2024-06-29 22:50:00,"The Best Energy Stock to Invest $1,000 in Right Now",https://www.fool.com/investing/2024/06/29/the-best-energy-stock-to-invest-1000-in-right-now/,"Looking at energy stocks and trying to pick the best option? Consider Chevron despite, or perhaps because of, its laggard performance.",www.fool.com,0.325937,Somewhat-Bullish,XOM,0.129516,0.234193,Somewhat-Bullish
2024-06-30 09:27:00,Where Will Chevron Stock Be in 1 Year?,https://www.fool.com/investing/2024/06/30/where-will-chevron-stock-be-in-1-year/,"Chevron's yield is dramatically higher than that of its closest U.S. rival, which suggests it is attractively priced.",www.fool.com,0.058714,Neutral,XOM,0.327366,0.069746,Neutral
2024-06-30 22:53:03,Climate Fund Seeks To Satisfy Investors Frustrated By ESG Funds,https://www.forbes.com/sites/lcarrel/2024/06/30/climate-fund-seeks-to-satisfy-investors-frustrated-by-esg-funds/,"ESG investing, the latest incarnation of socially-responsible investing, has gotten a bad rap, and at least half of it is deserved. But one fund is trying to be authentic to this thematic form of investing.",www.forbes.com,0.052818,Neutral,XOM,0.096091,0.08923,Neutral
2024-07-01 11:52:00,Repsol  ( REPYY )  and NEO Energy Discuss North Sea Business Merger,https://www.zacks.com/stock/news/2295460/repsol-repyy-and-neo-energy-discuss-north-sea-business-merger,"Repsol (REPYY) and NEO Energy are yet to provide an update on their potential merger. However, as per sources, both parties are engaged in extensive discussions and may make an announcement soon.",www.zacks.com,0.232243,Somewhat-Bullish,XOM,0.070725,0.115615,Neutral
2024-07-02 12:31:00,California Resources  ( CRC )  Concludes Merger With Aera Energy,https://www.zacks.com/stock/news/2296136/california-resources-crc-concludes-merger-with-aera-energy,California Resources (CRC) expects capital expenditure to be in the $170-$210 million range for the combined entity and net daily production in the band of 140-146 mboe per day for second-half 2024.,www.zacks.com,0.310462,Somewhat-Bullish,XOM,0.07031,0.095436,Neutral
2024-07-02 14:32:00,ConocoPhillips  ( COP )  Stock Falls 12.6% in 3 Months: Hold or Fold?,https://www.zacks.com/stock/news/2296256/conocophillips-cop-stock-falls-126-in-3-months-hold-or-fold,Investors may want to await a more favorable entry point for ConocoPhillips (COP). This is because shares are somewhat expensive on a relative basis.,www.zacks.com,0.261206,Somewhat-Bullish,XOM,0.175433,0.14898,Neutral
2024-07-02 15:37:00,"Exxon and Chevron Are Among the Safest Dividend Stocks. Check These Out, Too.",https://www.barrons.com/amp/articles/dividend-stocks-yield-chevron-exxon-home-depot-feb155d8,Exxon and Chevron Are Among the Safest Dividend Stocks. Check These Out Too. ...,www.barrons.com,0.194207,Somewhat-Bullish,XOM,0.106541,0.041647,Neutral
2024-07-02 17:38:10,"California Resources Concludes Merger With Aera Energy - California Resources  ( NYSE:CRC ) , Hess Midstream  ( NYSE:HESM ) ",https://www.benzinga.com/m-a/24/07/39596368/california-resources-concludes-merger-with-aera-energy,"California Resources Corporation CRC has concluded its $1.13 billion all-stock merger, announced in February 2024, with Aera Energy, LLC. The total valuation of the deal is $2.1 billion, including debt.In a special meeting held on Jun 26, 2024, CRC shareholders authorized the issuance of stocks ...",www.benzinga.com,0.334545,Somewhat-Bullish,XOM,0.136888,0.109639,Neutral
2024-07-02 18:43:00,Stock market today: Wall Street hits more records as Tesla zooms,https://apnews.com/article/stock-markets-rates-inflation-83cfe7779826fd9a4beddbaae84b6022,Stock market today: Wall Street hovers around records as Tesla's jump offsets Nvidia's slide The Associated Press ...,apnews.com,0.053775,Neutral,XOM,0.054732,-0.421056,Bearish
2024-07-02 20:07:14,"ConocoPhillips Stock Falls 12.6% in 3 Months: Hold or Fold? - ConocoPhillips  ( NYSE:COP ) , Marathon Oil  ( NYSE:MRO ) ",https://www.benzinga.com/news/earnings/24/07/39600911/conocophillips-stock-falls-12-6-in-3-months-hold-or-fold,"Over the past three months, ConocoPhillips COP has experienced a 12.6% fall, underperforming the industry's 3.9% decline. Recent investor concerns primarily stem from the premium ConocoPhillips is set to pay for acquiring Marathon Oil Corporation MRO and the expected increase in debt due to this ...",www.benzinga.com,0.277526,Somewhat-Bullish,XOM,0.173749,0.139016,Neutral
2024-07-03 11:42:00,"TotalEnergies  ( TTE ) , SLB to Develop Innovative Digital Solutions",https://www.zacks.com/stock/news/2296495/totalenergies-tte-slb-to-develop-innovative-digital-solutions,TotalEnergies (TTE) to partner with SLB to develop digital solutions for enabling access to energy resources.,www.zacks.com,0.383557,Bullish,XOM,0.220809,0.226678,Somewhat-Bullish
2024-07-03 12:50:00,Chevron  ( CVX )  Stock Barely Moves in a Month: An Opportunity?,https://www.zacks.com/stock/news/2296578/chevron-cvx-stock-barely-moves-in-a-month-an-opportunity,"Chevron's (CVX) robust financial performance in Q1, with $5.5 billion in earnings and a free cash flow yield of over 5%, underscores its strong profitability and operational efficiency.",www.zacks.com,0.296386,Somewhat-Bullish,XOM,0.087027,0.021367,Neutral
2024-07-04 01:55:32,HDV vs. SCHD: Which Is the Better Dividend ETF?,https://markets.businessinsider.com/news/stocks/hdv-vs-schd-which-is-the-better-dividend-etf-%C2%A0-1033527764,"The iShares Core High Dividend ETF ( NYSEARCA:HDV ) and the Schwab U.S. Dividend Equity ETF ( NYSEARCA:SCHD ) are two popular dividend ETFs from blue-chip sponsors. Both are cost-effective options with low expense ratios, feature portfolios of well-known dividend stocks, and have dividend yields ...",markets.businessinsider.com,0.305428,Somewhat-Bullish,XOM,0.037681,0.289786,Somewhat-Bullish
2024-07-04 05:48:58,Cash-rich commodities traders snapping up refineries from Big Oil,https://www.business-standard.com/world-news/cash-rich-commodities-traders-snapping-up-refineries-from-big-oil-124070400271_1.html,Plants around the world are coming up for sale - and at knockdown prices. ( Photo: Bloomberg ) Commodities traders flush with cash are buying oil refineries that energy majors are increasingly turning their back on.,www.business-standard.com,0.175081,Somewhat-Bullish,XOM,0.042048,-0.06501,Neutral
2024-07-04 09:25:00,5 Low-Cost Vanguard ETFs for a Lifetime of Passive Income,https://www.fool.com/investing/2024/07/04/5-low-cost-vanguard-etfs-lifetime-passive-income/,These ETFs allow you to generate dividend income from hundreds of companies for dirt-cheap fees.,www.fool.com,0.385634,Bullish,XOM,0.028388,0.107808,Neutral
2024-07-04 11:32:00,5 Goldman Sachs Mutual Funds to Buy for Long-Term Gains,https://www.zacks.com/stock/news/2296848/5-goldman-sachs-mutual-funds-to-buy-for-long-term-gains,"Invest in Goldman Sachs mutual funds like GLPIX, GMZPX, GMZPX, GVIRX and GMYPX, which have given impressive returns in Q1 and are expected to perform well in the future.",www.zacks.com,0.226559,Somewhat-Bullish,XOM,0.069294,0.048144,Neutral
2024-07-04 13:20:00,CGI Group  ( GIB )  Expands Federal Client Base With Sunflower,https://www.zacks.com/stock/news/2296926/cgi-group-gib-expands-federal-client-base-with-sunflower,CGI Group (GIB) introduces Sunflower Asset Management Platform on the U.S. Department of Treasury Marketplace ...,www.zacks.com,0.289724,Somewhat-Bullish,XOM,0.252987,0.407225,Bullish
2024-07-04 15:20:00,"Crypto, Retail, and Oil Are Hot for Deals. Check These Stocks.",https://www.barrons.com/amp/articles/oil-retail-crypto-stocks-acquisition-takeover-targets-170a43da,"Oil, Retail and Crypto Are Hot M&A Sectors. Watch For Big Deals From These Stocks. ...",www.barrons.com,0.113713,Neutral,XOM,0.068306,0.13348,Neutral
2024-07-05 14:00:00,CGI  ( GIB )  Aids Portfolio With Celero Credit Union Acquisition,https://www.zacks.com/stock/news/2297315/cgi-gib-aids-portfolio-with-celero-credit-union-acquisition,"CGI Group (GIB) expands Canadian credit union services with the acquisition of Celero's business, enhancing digital and core banking solutions nationwide.",www.zacks.com,0.324194,Somewhat-Bullish,XOM,0.222838,0.371125,Bullish
2024-07-05 14:49:08,Exxon Mobil's Options Frenzy: What You Need to Know - Exxon Mobil  ( NYSE:XOM ) ,https://www.benzinga.com/insights/options/24/07/39647862/exxon-mobils-options-frenzy-what-you-need-to-know,"Investors with a lot of money to spend have taken a bullish stance on Exxon Mobil XOM. We noticed this today when the trades showed up on publicly available options history that we track here at Benzinga. Whether these are institutions or just wealthy individuals, we don't know.",www.benzinga.com,0.184514,Somewhat-Bullish,XOM,0.617765,0.229672,Somewhat-Bullish
2024-07-05 15:58:00,Namibia Emerges as a New Frontier for Global Oil Giants,https://www.zacks.com/stock/news/2297378/namibia-emerges-as-a-new-frontier-for-global-oil-giants,"Namibia's coastline hides a treasure trove of oil reserves. Chevron, ExxonMobil and Shell are eagerly poised to tap into this wealth, positioning themselves for strategic gains in Africa's new frontier.",www.zacks.com,0.370544,Bullish,XOM,0.298264,0.398251,Bullish
2024-07-05 16:28:00,The Magnificent 7 Tech Stocks Aren't Unique-and the Future May Not Belong to Them,https://www.barrons.com/amp/articles/magnificent-7-unique-future-nvidia-b01fa09e,"Not much else seems to matter in the investment world these days than the so-called Magnificent Seven stocks. Tell me something I don't know, you're likely thinking.",www.barrons.com,0.258641,Somewhat-Bullish,XOM,0.03878,0.083035,Neutral
2024-07-05 21:24:00,"Red, Blue, and the White House: Handicapping Postelection Market Movers",https://www.barrons.com/amp/articles/how-a-trump-or-biden-presidency-could-affect-tech-stocks-green-energy-healthcare-and-more-836c68ba,"How a Trump or Biden Presidency Could Affect Tech Stocks, Green Energy, Healthcare, and More ...",www.barrons.com,0.164797,Somewhat-Bullish,XOM,0.037504,0.059032,Neutral
2024-07-06 12:45:00,3 High-Yield Energy Stocks That Are Screaming Buys in July,https://www.fool.com/investing/2024/07/06/3-high-yield-energy-stocks-that-are-screaming-buys/,"If you are looking for yield in the energy sector, this trio of dividend-paying stocks should be at the top of your list.",www.fool.com,0.265618,Somewhat-Bullish,XOM,0.050786,0.001998,Neutral
2024-07-07 13:15:41,Why You Should Invest in Commodities,https://www.kiplinger.com/investing/why-you-should-invest-in-commodities,"Most investors have probably never fretted about how to add a nice stake in pork bellies or winter wheat to their portfolio. But many have lined up in Costco to buy a gold bar. All such investments are part of the broad asset class of commodities, along with crude oil, coffee, copper and more.",www.kiplinger.com,0.315998,Somewhat-Bullish,XOM,0.064362,0.239149,Somewhat-Bullish
2024-07-08 12:15:00,I Have High Hopes for These 3 Dirt-Cheap Dividend Stocks in the Second Half of 2024  ( and Beyond ) ,https://www.fool.com/investing/2024/07/08/3-dirt-cheap-dividend-stocks-2024-buy-hold/,Loading up on passive-income opportunities at reasonable valuations can be a winning strategy for long-term investors.,www.fool.com,0.259518,Somewhat-Bullish,XOM,0.063425,0.118668,Neutral
2024-07-08 13:35:00,3 Warren Buffett Stocks to Buy Hand Over Fist,https://www.fool.com/investing/2024/07/08/3-warren-buffett-stocks-to-buy-hand-over-fist/,The legendary investor's best ideas could help you grow your wealth.,www.fool.com,0.425549,Bullish,XOM,0.065685,0.185466,Somewhat-Bullish
2024-07-08 14:16:12,"Hurricane Beryl Expected To Weaken To Tropical Storm As It Hits Texas - CenterPoint Energy  ( NYSE:CNP ) , Chevron  ( NYSE:CVX ) ",https://www.benzinga.com/top-stories/24/07/39668096/hurricane-beryl-expected-to-weaken-to-tropical-storm-as-it-hits-texas,"Hurricane Beryl is forecast to weaken into a tropical storm after making landfall early Monday near Matagorda, Texas, a coastal town about 55 miles southwest of the oil and gas hub of Houston. The storm led to the closure of oil ports, hundreds of flight cancellations and thousands of homes in ...",www.benzinga.com,-0.14608,Neutral,XOM,0.24289,-0.312887,Somewhat-Bearish
2024-07-08 14:48:00,"Hurricane Beryl Strikes Texas, Cutting Power to Millions",https://www.barrons.com/amp/articles/hurricane-beryl-houston-power-outage-oil-349bef8f,"Hurricane Beryl Strikes Texas, Leaving Millions Without Power ...",www.barrons.com,0.018959,Neutral,XOM,0.138066,0.115009,Neutral
2024-07-08 15:55:50,"Exxon Mobil's Stock Slides: Oil Up, Gas Down Makes For Mixed Q2 Earnings Outlook - Exxon Mobil  ( NYSE:XOM ) ",https://www.benzinga.com/markets/equities/24/07/39670123/exxon-mobils-stock-slides-oil-up-gas-down-makes-for-mixed-q2-earnings-outlook,"Exxon Mobil Corporation XOM shares are trading lower today. The oil giant anticipates changes in oil prices to boost second-quarter upstream earnings Q/Q by $0.3 billion to $0.7 billion. Conversely, changes in gas prices will negatively impact its second-quarter upstream results by between $ ( ...",www.benzinga.com,0.261906,Somewhat-Bullish,XOM,0.595343,0.3526,Bullish
2024-07-08 20:15:00,"Axalta Appoints Chris Evans Vice President, Global Strategy, and Colleen Lubic Vice President, Investor Relations - Axalta Coating Sys  ( NYSE:AXTA ) ",https://www.benzinga.com/pressreleases/24/07/g39675364/axalta-appoints-chris-evans-vice-president-global-strategy-and-colleen-lubic-vice-president-invest,"PHILADELPHIA, July 08, 2024 ( GLOBE NEWSWIRE ) -- Axalta Coating Systems Ltd. AXTA, a leading global coatings company, today announced that Chris Evans has been appointed Vice President, Global Strategy and Colleen Lubic has been appointed Vice President, Investor Relations.",www.benzinga.com,0.233555,Somewhat-Bullish,XOM,0.072217,0.051279,Neutral
2024-07-08 21:45:20,Exxon Mobil  ( XOM )  Stock Sinks As Market Gains: Here's Why,https://www.zacks.com/stock/news/2298132/exxon-mobil-xom-stock-sinks-as-market-gains-heres-why,"In the most recent trading session, Exxon Mobil (XOM) closed at $112.18, indicating a -1.05% shift from the previous trading day.",www.zacks.com,0.264793,Somewhat-Bullish,XOM,0.527969,0.348796,Somewhat-Bullish
2024-07-09 10:20:05,Should iShares Russell 1000 Value ETF  ( IWD )  Be on Your Investing Radar?,https://www.zacks.com/stock/news/2298260/should-ishares-russell-1000-value-etf-iwd-be-on-your-investing-radar,Style Box ETF report for ...,www.zacks.com,0.260391,Somewhat-Bullish,XOM,0.12546,0.057541,Neutral
2024-07-09 10:20:06,Is iShares Core High Dividend ETF  ( HDV )  a Strong ETF Right Now?,https://www.zacks.com/stock/news/2298259/is-ishares-core-high-dividend-etf-hdv-a-strong-etf-right-now,Smart Beta ETF report for ...,www.zacks.com,0.317385,Somewhat-Bullish,XOM,0.112008,0.065962,Neutral
2024-07-09 12:26:00,ExxonMobil  ( XOM )  Expects Soft Gas Prices to Hurt Q2 Earnings,https://www.zacks.com/stock/news/2298391/exxonmobil-xom-expects-soft-gas-prices-to-hurt-q2-earnings,ExxonMobil (XOM) expects soft gas prices and unfavorable changes in industry margins to hurt Q2 earnings.,www.zacks.com,0.320595,Somewhat-Bullish,XOM,0.373751,0.08125,Neutral
2024-07-09 12:30:00,Oil Little Changed as Hurricane Beryl-Related Concerns Fade,https://www.zacks.com/stock/news/2298394/oil-little-changed-as-hurricane-beryl-related-concerns-fade,"Energy operators, including Chevron (CVX), Marathon Petroleum (MPC), Shell (SHEL) and Phillips 66 (PSX), enacted comprehensive preparedness plans ahead of Hurricane Beryl.",www.zacks.com,0.0,Neutral,XOM,0.07446,-0.003068,Neutral
2024-07-09 16:35:05,"Should iShares Russell 1000 Value ETF Be on Your Investing Radar? - Schwab US Dividend Equity ETF  ( ARCA:SCHD ) , iShares Russell 1000 Value ETF  ( ARCA:IWD ) ",https://www.benzinga.com/news/earnings/24/07/39684391/should-ishares-russell-1000-value-etf-be-on-your-investing-radar,"Launched on 05/22/2000, the iShares Russell 1000 Value ETF IWD is a passively managed exchange traded fund designed to provide a broad exposure to the Large Cap Value segment of the US equity market. The fund is sponsored by Blackrock.",www.benzinga.com,0.279581,Somewhat-Bullish,XOM,0.129866,-0.03548,Neutral
2024-07-09 17:21:03,"Is iShares Core High Dividend ETF a Strong ETF Right Now? - Chevron  ( NYSE:CVX ) , iShares Core High Dividend ETF  ( ARCA:HDV ) ",https://www.benzinga.com/news/24/07/39684384/is-ishares-core-high-dividend-etf-a-strong-etf-right-now,"The iShares Core High Dividend ETF HDV was launched on 03/29/2011, and is a smart beta exchange traded fund designed to offer broad exposure to the Style Box - Large Cap Value category of the market.",www.benzinga.com,0.343724,Somewhat-Bullish,XOM,0.058047,0.099978,Neutral
2024-07-09 18:16:12,Unpacking the Latest Options Trading Trends in Exxon Mobil - Exxon Mobil  ( NYSE:XOM ) ,https://www.benzinga.com/insights/options/24/07/39696176/unpacking-the-latest-options-trading-trends-in-exxon-mobil,"Financial giants have made a conspicuous bearish move on Exxon Mobil. Our analysis of options history for Exxon Mobil XOM revealed 10 unusual trades. Delving into the details, we found 40% of traders were bullish, while 50% showed bearish tendencies.",www.benzinga.com,0.120727,Neutral,XOM,0.737032,0.123552,Neutral
2024-07-10 09:30:00,"2 High-Yield Energy Stocks to Buy With $10,000 and Hold Forever",https://www.fool.com/investing/2024/07/10/2-high-yield-energy-stocks-to-buy-with-10000-and-h/,"If you are looking for energy stocks that you can count on, try Chevron and Enterprise Products Partners on for size.",www.fool.com,0.322278,Somewhat-Bullish,XOM,0.114409,0.129077,Neutral
2024-07-10 10:20:07,Should You Invest in the Fidelity MSCI Energy Index ETF  ( FENY ) ?,https://www.zacks.com/stock/news/2298976/should-you-invest-in-the-fidelity-msci-energy-index-etf-feny,Sector ETF report for ...,www.zacks.com,0.27951,Somewhat-Bullish,XOM,0.136888,0.054037,Neutral
2024-07-10 12:56:00,"Should You Buy, Hold, or Sell ExxonMobil  ( XOM )  Post Q2 Update?",https://www.zacks.com/stock/news/2299247/should-you-buy-hold-or-sell-exxonmobil-xom-post-q2-update,"While ExxonMobil (XOM) expects challenges such as soft gas prices and unfavorable industry margins to adversely impact Q2 earnings, the company's long-term outlook remains promising ...",www.zacks.com,0.285653,Somewhat-Bullish,XOM,0.724105,0.405912,Bullish
2024-07-10 14:00:35,What's Happening With Chevron's Stock?,https://www.forbes.com/sites/greatspeculations/2024/07/10/whats-happening-with-chevrons-stock/,"Almost flat year-to-date, at the current price of around $154 per share, we believe Chevron Corporation ( NYSE: CVX ) , a company manufacturing and selling a range of refined petroleum products, including gasoline, diesel, marine, and aviation fuels, premium base oil, finished lubricants, and ...",www.forbes.com,0.116737,Neutral,XOM,0.194632,0.080497,Neutral
2024-07-10 14:52:10,"This is July's Worst Performing Sector, Sell These Stocks Now",https://moneymorning.com/2024/07/10/this-is-julys-worst-performing-sector-sell-these-stocks-now/,"Last week I profiled the best sectors to buy in July for you based on the last 20 years of seasonality. Check it out here if you missed it. Today, I need to draw your attention to one of the worst seasonal performers for the month of July as the sector is showing signs that […] The post This is ...",moneymorning.com,-0.140028,Neutral,XOM,0.160633,-0.049765,Neutral
2024-07-10 16:55:00,CGI Group  ( GIB )  Expands Clientele With the State of Colorado,https://www.zacks.com/stock/news/2299512/cgi-group-gib-expands-clientele-with-the-state-of-colorado,"CGI Group (GIB) is selected by Colorado to modernize payroll operations with CGI Advantage, boosting efficiency and user experience for 33,000 state employees.",www.zacks.com,0.340996,Somewhat-Bullish,XOM,0.213674,0.406788,Bullish
2024-07-10 20:04:29,"Should You Buy, Hold, or Sell ExxonMobil Post Q2 Update? - Chevron  ( NYSE:CVX ) , Exxon Mobil  ( NYSE:XOM ) ",https://www.benzinga.com/news/earnings/24/07/39711041/should-you-buy-hold-or-sell-exxonmobil-post-q2-update,"Exxon Mobil Corporation XOM recently made a Form 8-K disclosure, stating that soft natural gas prices - resulting from reduced demand and surplus inventories - are expected to have negatively impacted its second-quarter 2024 earnings.",www.benzinga.com,0.294891,Somewhat-Bullish,XOM,0.719473,0.401952,Bullish
2024-07-11 07:00:11,"Jim Cramer Identifies Eight Companies Eyeing Trillion-Dollar Club - Elon Musk's Tesla, Eli Lilly Top Contenders - Apple  ( NASDAQ:AAPL ) , Amazon.com  ( NASDAQ:AMZN ) ",https://www.benzinga.com/markets/equities/24/07/39722838/jim-cramer-identifies-eight-companies-eyeing-trillion-dollar-club-elon-musks-tesla-eli-lilly-top,"Jim Cramer has identified eight companies that could potentially reach a market cap of $1 trillion, joining tech giants Microsoft Corp. MSFT, Apple Inc. AAPL, and Nvidia Corp. NVDA, among others. What Happened: Cramer, on his show ""Mad Money"" on Wednesday, named Eli Lilly and Co. LLY and Tesla ...",www.benzinga.com,0.27756,Somewhat-Bullish,XOM,0.167904,0.0,Neutral
2024-07-11 10:20:05,Should JPMorgan Diversified Return U.S. Equity ETF  ( JPUS )  Be on Your Investing Radar?,https://www.zacks.com/stock/news/2299682/should-jpmorgan-diversified-return-us-equity-etf-jpus-be-on-your-investing-radar,Style Box ETF report for ...,www.zacks.com,0.19841,Somewhat-Bullish,XOM,0.127456,0.059127,Neutral
2024-07-11 12:22:00,Oil & Gas Stock Roundup: ExxonMobil & Shell's Q2 Updates in Focus,https://www.zacks.com/stock/news/2299868/oil-gas-stock-roundup-exxonmobil-shells-q2-updates-in-focus,"XOM, SHEL, KOS, E and PBA emerge as the energy headline makers during the week.",www.zacks.com,0.107636,Neutral,XOM,0.193723,0.024671,Neutral
2024-07-11 13:08:00,Here's Why You Should Add ITT Stock to Your Portfolio Now,https://www.zacks.com/stock/news/2300035/heres-why-you-should-add-itt-stock-to-your-portfolio-now,"ITT benefits from strength in the IP segment, driven by growth in pump projects in the industrial market. The company's efforts to reward its shareholders with dividends augur well.",www.zacks.com,0.360413,Bullish,XOM,0.056943,0.26307,Somewhat-Bullish
2024-07-11 13:19:00,Exxon Is the King of Big Oil. Here's Why the Stock Is a Top Holding in an 'Energy Transition' Fund.,https://www.barrons.com/amp/articles/exxon-stock-price-oil-energy-bfc9f802,Why Exxon Is a Top Holding in This 'Energy Transition' Fund ...,www.barrons.com,0.238164,Somewhat-Bullish,XOM,0.054359,0.198864,Somewhat-Bullish
2024-07-11 13:27:00,3 Energy Companies to Gain on Rock Solid Balance Sheet,https://www.zacks.com/stock/news/2300072/3-energy-companies-to-gain-on-rock-solid-balance-sheet,"EIA foresees a slowdown in GDP growth rate, which may consequently dampen energy demand. Hence, keep an eye on XOM, CVX and COP, which boast a strong balance sheet.",www.zacks.com,0.288708,Somewhat-Bullish,XOM,0.448316,0.453243,Bullish
2024-07-11 21:00:04,"California Resources' Stock Climbs On Thursday: What's Behind The Gain? - Occidental Petroleum  ( NYSE:OXY ) , California Resources  ( NYSE:CRC ) ",https://www.benzinga.com/m-a/24/07/39740020/california-resources-stock-climbs-on-thursday-whats-behind-the-gain,Shares of California Resources Corp. CRC closed higher on Thursday after Hunterbrook Media alleged that a California oil and gas regulator has not enforced a new environmental law in a merger between California Resources and Aera Energy LLC. California Resources is a 2014 spinoff of oil major ...,www.benzinga.com,0.100098,Neutral,XOM,0.130217,0.0,Neutral
2024-07-12 10:20:06,Should Schwab U.S. Large-Cap Value ETF  ( SCHV )  Be on Your Investing Radar?,https://www.zacks.com/stock/news/2300457/should-schwab-us-large-cap-value-etf-schv-be-on-your-investing-radar,Style Box ETF report for ...,www.zacks.com,0.254377,Somewhat-Bullish,XOM,0.120431,-0.023237,Neutral
2024-07-12 11:21:40,"Exxon Mobil Arbitration Throws Wrench in Chevron-Hess Merger Timeline: Report - Chevron  ( NYSE:CVX ) , Hess  ( NYSE:HES ) ",https://www.benzinga.com/markets/equities/24/07/39746845/exxon-mobil-arbitration-throws-wrench-in-chevron-hess-merger-timeline-report,The U.S. Federal Trade Commission reportedly plans to delay its decision on Chevron Corporation CVX and Hess Corporation HES merger until after the settlement of an arbitration case with Exxon Mobil Corporation XOM.,www.benzinga.com,0.119381,Neutral,XOM,0.567144,0.220818,Somewhat-Bullish
2024-07-12 13:56:00,Hess  ( HES )  Faces Regulatory Hurdles Amid Chevron Merger Delay,https://www.zacks.com/stock/news/2300929/hess-hes-faces-regulatory-hurdles-amid-chevron-merger-delay,"Hess (HES) faces additional challenges due to the FTC's decision to postpone its merger verdict until the arbitration case is resolved, which could extend into the fourth quarter.",www.zacks.com,0.100627,Neutral,XOM,0.269033,0.063092,Neutral
2024-07-12 14:08:13,"Judge Throws Out Baltimore's Climate Lawsuit Against Energy Giants Exxon, BP, Chevron: Report - Chevron  ( NYSE:CVX ) , Exxon Mobil  ( NYSE:XOM ) , BP  ( NYSE:BP ) ",https://www.benzinga.com/markets/equities/24/07/39750080/judge-throws-out-baltimores-climate-lawsuit-against-energy-giants-exxon-bp-chevron-report,"The lawsuit filed by Baltimore, Maryland, against energy giants like Exxon Mobil Corp XOM, BP p.l.c. BP, and Chevron Corp CVX was reportedly dismissed by a Maryland judge, Videtta Brown, on Thursday. The judge ruled the case exceeded state law limits by attempting to address the global effects of ...",www.benzinga.com,-0.158614,Somewhat-Bearish,XOM,0.355588,-0.217377,Somewhat-Bearish
2024-07-12 20:58:00,"Top Research Reports for Exxon Mobil, Merck & Qualcomm",https://www.zacks.com/research-daily/2300984/top-research-reports-for-exxon-mobil-merck-qualcomm,"Today's Research Daily features new research reports on 16 major stocks, including Exxon Mobil Corporation (XOM), Merck & Co., Inc. (MRK) and QUALCOMM Incorporated (QCOM), as well as two micro-cap stocks Armanino Foods of Distinction, Inc. (AMNF) and AMCON Distributing Company (DIT).",www.zacks.com,0.251471,Somewhat-Bullish,XOM,0.068896,0.209973,Somewhat-Bullish
2024-07-13 14:53:00,3 Dividend Stocks That Were Home Runs in the First Half  ( Will the Second Half Be as Good? ) ,https://www.fool.com/investing/2024/07/13/3-dividend-stocks-that-were-home-runs-in-the-first/,These energy stocks have plenty of fuel to pay dividends and generate strong total returns.,www.fool.com,0.195477,Somewhat-Bullish,XOM,0.244928,0.11447,Neutral
2024-07-13 17:56:05,3 Cheap Stocks That Could Grow Your Wealth,https://markets.businessinsider.com/news/stocks/3-cheap-stocks-that-could-grow-your-wealth-1033551825,"In February, CNBC reported that a $1,000 investment in Monster Beverage ( NASDAQ:MNST ) on Feb. 14, 1994, would have been worth approximately $2 million on its 30-year anniversary, a 200,000% return. It's these kinds of cheap stocks that can make you rich in the long run if you make the right ...",markets.businessinsider.com,0.181188,Somewhat-Bullish,XOM,0.04872,0.145952,Neutral
2024-07-13 22:03:00,"Forget Chevron, Buy This Magnificent High-Yield Oil Stock Instead",https://www.fool.com/investing/2024/07/13/forget-chevron-buy-this-magnificent-high-yield-oil/,"The oil major faces some uncertainty, and it might be time to start looking at investing in some other oil stocks as well.",www.fool.com,0.247117,Somewhat-Bullish,XOM,0.205807,-0.028741,Neutral
2024-07-15 10:01:00,"The Zacks Analyst Blog Highlights Exxon Mobil, Merck & Co, Qualcomm and Armanino Foods of Distinction",https://www.zacks.com/stock/news/2301320/the-zacks-analyst-blog-highlights-exxon-mobil-merck-co-qualcomm-and-armanino-foods-of-distinction,"are included in this Analyst Blog Exxon Mobil, Merck & Co, Qualcomm and Armanino Foods of Distinction ...",www.zacks.com,0.222041,Somewhat-Bullish,XOM,0.211652,0.141196,Neutral
2024-07-15 15:49:00,CGI Group's  ( GIB )  Expanding Clientele Boosts Growth Prospects,https://www.zacks.com/stock/news/2301942/cgi-groups-gib-expanding-clientele-boosts-growth-prospects,"CGI Group (GIB) boosts Los Angeles operations with a streamlined, cloud-based CGI Advantage solution, transforming financial management and procurement efficiency.",www.zacks.com,0.374046,Bullish,XOM,0.207571,0.384135,Bullish
2024-07-15 20:01:23,Decoding Exxon Mobil's Options Activity: What's the Big Picture? - Exxon Mobil  ( NYSE:XOM ) ,https://www.benzinga.com/insights/options/24/07/39780983/decoding-exxon-mobils-options-activity-whats-the-big-picture,"Financial giants have made a conspicuous bearish move on Exxon Mobil. Our analysis of options history for Exxon Mobil XOM revealed 28 unusual trades. Delving into the details, we found 42% of traders were bullish, while 50% showed bearish tendencies.",www.benzinga.com,0.186114,Somewhat-Bullish,XOM,0.631282,0.122966,Neutral
2024-07-16 10:41:36,"Exxon To Drill Up To 30 Wells In Guyana's Hammerhead Project, Boosting Daily Output: Report - Exxon Mobil  ( NYSE:XOM ) ",https://www.benzinga.com/markets/equities/24/07/39788616/exxon-to-drill-up-to-30-wells-in-guyanas-hammerhead-project-boosting-daily-output-report,"Exxon Mobil Corporation XOM reportedly plans to drill up to 30 wells for its seventh oil project in Guyana, named Hammerhead. Pending government approval, the project is set to begin production in 2029, boosting Guyana's capacity to over 1.4 million barrels of oil per day, reported Reuters.",www.benzinga.com,0.299626,Somewhat-Bullish,XOM,0.580018,0.587583,Bullish
2024-07-16 13:00:00,"Mod Op Expands Its North America Reach and Capabilities with Acquisition of Canada-based, Evans Hunt",https://www.benzinga.com/pressreleases/24/07/g39792466/mod-op-expands-its-north-america-reach-and-capabilities-with-acquisition-of-canada-based-evans-hun,"NEW YORK, July 16, 2024 ( GLOBE NEWSWIRE ) -- Mod Op, a full-service digital marketing agency driving client growth through creativity, data science, and innovation, today announced the acquisition of Canada-based full-service digital agency Evans Hunt.",www.benzinga.com,0.447317,Bullish,XOM,0.05749,0.080011,Neutral
2024-07-16 13:11:00,ExxonMobil  ( XOM )  Reveals Hammerhead Project Development Plan,https://www.zacks.com/stock/news/2302615/exxonmobil-xom-reveals-hammerhead-project-development-plan,ExxonMobil's (XOM) development plan for Hammerhead involves drilling up to 30 wells. The company plans to use a Very Large Crude Carrier conversion facility for the project.,www.zacks.com,0.150457,Somewhat-Bullish,XOM,0.407844,0.025262,Neutral
2024-07-16 13:12:00,ConocoPhillips  ( COP )  Receives Second FTC Request on Merger Deal,https://www.zacks.com/stock/news/2302616/conocophillips-cop-receives-second-ftc-request-on-merger-deal,"ConocoPhillips (COP) and Marathon Oil's (MRO) proposed merger, worth $22.5 billion, may face delay due to the request for additional information from the U.S. Federal Trade Commission.",www.zacks.com,0.312527,Somewhat-Bullish,XOM,0.096671,0.291712,Somewhat-Bullish
2024-07-16 13:30:11,Is It Worth Investing in Exxon  ( XOM )  Based on Wall Street's Bullish Views?,https://www.zacks.com/stock/news/2302418/is-it-worth-investing-in-exxon-xom-based-on-wall-streets-bullish-views,"Based on the average brokerage recommendation (ABR), Exxon (XOM) should be added to one's portfolio. Wall Street analysts' overly optimistic recommendations cast doubt on the effectiveness of this highly sought-after metric. So, is the stock worth buying?",www.zacks.com,0.27658,Somewhat-Bullish,XOM,0.053153,0.120663,Neutral
2024-07-16 14:07:00,"ExxonMobil and Chevron Are Rock-Solid Dividend Stocks, but So Are These 2 Energy Stocks That Are Down 3% and 15% in 2024",https://www.fool.com/investing/2024/07/16/exxonmobil-chevron-rock-solid-dividend-stock-buy/,The energy sector is full of options for investors seeking to generate passive income.,www.fool.com,0.391495,Bullish,XOM,0.148502,0.255345,Somewhat-Bullish
2024-07-16 16:41:00,These 3 Index ETFs Are a Retiree's Best Friend,https://www.fool.com/investing/2024/07/16/these-3-index-etfs-are-a-retirees-best-friend/,Learn how to optimize your retirement portfolio with these top ETF choices designed for steady returns and peace of mind.,www.fool.com,0.317178,Somewhat-Bullish,XOM,0.040484,0.0,Neutral
2024-07-16 18:31:19,"ConocoPhillips Receives Second FTC Request on Merger Deal - Chevron  ( NYSE:CVX ) , ConocoPhillips  ( NYSE:COP ) ",https://www.benzinga.com/m-a/24/07/39796363/conocophillips-receives-second-ftc-request-on-merger-deal,"ConocoPhillips COP, a U.S.-based exploration and production player, has received a second request from the U.S. Federal Trade Commission ( ""FTC"" ) for further information on its proposed merger with Marathon Oil Corporation MRO. ConocoPhillips had announced the acquisition in May 2024 in an ...",www.benzinga.com,0.332556,Somewhat-Bullish,XOM,0.09439,0.290001,Somewhat-Bullish
2024-07-16 21:45:20,Exxon Mobil  ( XOM )  Outpaces Stock Market Gains: What You Should Know,https://www.zacks.com/stock/news/2302949/exxon-mobil-xom-outpaces-stock-market-gains-what-you-should-know,"The latest trading day saw Exxon Mobil (XOM) settling at $116.04, representing a +0.72% change from its previous close.",www.zacks.com,0.224421,Somewhat-Bullish,XOM,0.593715,0.328353,Somewhat-Bullish
2024-07-17 10:00:06,What's Going On With Exxon Mobil Shares Today? - Exxon Mobil  ( NYSE:XOM ) ,https://www.benzinga.com/markets/equities/24/07/39810747/whats-going-on-with-exxon-mobil-shares-today,"Exxon Mobil Corporation XOM reportedly shut down its 251,800 barrels per day Joliet, Illinois refinery on Monday due to a power outage caused by a storm. The refinery shutdown occurred due to severe weather conditions involving heavy wind and rain on Monday night, reported Reuters.",www.benzinga.com,0.078768,Neutral,XOM,0.657566,0.465346,Bullish
2024-07-17 13:36:26,"Trump Says, 'Taiwan Should Pay Us for Defense,' Triggering TSMC Shares to Fall; Bitcoin Hits $66K as ETFs Absorb $423M in Inflows - Top Headlines Today While US Slept",https://www.benzinga.com/news/24/07/39816076/trump-says-taiwan-should-pay-us-for-defense-triggering-tsmc-shares-to-fall-bitcoin-hits-66k-as-etfs,"Sam Altman's AI-Themed 'Ethereum Killer' Worldcoin Surges 40%: What's Going On? Bitcoin Tags $66K, ETFs Slurp Another $423M In Inflows: How High Can BTC Go? By Dumping 50K Seized Bitcoins At The Wrong Time, Germany Lost An Amount Worth More Than Bhutan's And Gambia's GDPs Today",www.benzinga.com,0.166381,Somewhat-Bullish,XOM,0.05257,0.267807,Somewhat-Bullish
2024-07-17 14:00:24,"1,3-Butadiene Market Size & Share to Surpass USD 73.6 billion by 2034 | Analysis by Transparency Market Research, Inc.",https://www.benzinga.com/pressreleases/24/07/g39816586/1-3-butadiene-market-size-share-to-surpass-usd-73-6-billion-by-2034-analysis-by-transparency-marke,"Wilmington, Delaware, United States, Transparency Market Research, Inc., July 17, 2024 ( GLOBE NEWSWIRE ) -- The 1,3-butadiene market in 2023 was valued at US$ 38.9 billion. The industry is expected to expand at 6.0% CAGR from 2024 to 2034 and reach US$ 73.6 billion by 2034.",www.benzinga.com,0.273262,Somewhat-Bullish,XOM,0.034831,0.0,Neutral
2024-07-17 15:22:00,ExxonMobil's  ( XOM )  Joliet Refinery Shuts Down Due to Power Outage,https://www.zacks.com/stock/news/2303779/exxonmobils-xom-joliet-refinery-shuts-down-due-to-power-outage,"ExxonMobil's (XOM) Joliet refinery in Illinois experiences a storm-induced power outage, leading to a temporary shutdown and a flaring incident.",www.zacks.com,0.185774,Somewhat-Bullish,XOM,0.275867,0.154,Somewhat-Bullish
2024-07-17 15:27:00,Chicago gas prices could soar after tornado narrowly misses refinery | Business,https://www.cnn.com/2024/07/17/business/chicago-gasoline-prices/index.html,Chicago gas prices could soar after tornado narrowly misses refinery ...,www.cnn.com,-0.076992,Neutral,XOM,0.357293,-0.034988,Neutral
2024-07-17 20:16:32,Exxon Mobil's Options: A Look at What the Big Money is Thinking - Exxon Mobil  ( NYSE:XOM ) ,https://www.benzinga.com/insights/options/24/07/39825642/exxon-mobils-options-a-look-at-what-the-big-money-is-thinking,"Deep-pocketed investors have adopted a bullish approach towards Exxon Mobil XOM, and it's something market players shouldn't ignore. Our tracking of public options records at Benzinga unveiled this significant move today.",www.benzinga.com,0.193817,Somewhat-Bullish,XOM,0.713164,0.29134,Somewhat-Bullish
2024-07-18 16:22:44,"Global Automotive Diesel Exhaust Fluid Market Size to Expand to USD 62.1 Billion by 2034 at 5.1% CAGR| Report by Transparency Market Research, Inc.",https://www.benzinga.com/pressreleases/24/07/g39843803/global-automotive-diesel-exhaust-fluid-market-size-to-expand-to-usd-62-1-billion-by-2034-at-5-1-ca,"Wilmington, Delaware, United States, Transparency Market Research, Inc., July 18, 2024 ( GLOBE NEWSWIRE ) -- The automotive diesel exhaust fluid market ( Markt für Dieselabgasflüssigkeiten für Kraftfahrzeuge ) was projected to attain US$ 35.7 billion in 2023.",www.benzinga.com,0.315845,Somewhat-Bullish,XOM,0.033942,-0.018359,Neutral
2024-07-19 10:20:07,Is Vident U.S. Equity Strategy ETF  ( VUSE )  a Strong ETF Right Now?,https://www.zacks.com/stock/news/2304975/is-vident-us-equity-strategy-etf-vuse-a-strong-etf-right-now,Smart Beta ETF report for ...,www.zacks.com,0.293074,Somewhat-Bullish,XOM,0.114682,0.056527,Neutral
2024-07-19 10:45:00,CrossAmerica Partners to Announce Second Quarter 2024 Earnings Results on August 7,https://www.globenewswire.com/news-release/2024/07/19/2915801/0/en/CrossAmerica-Partners-to-Announce-Second-Quarter-2024-Earnings-Results-on-August-7.html,"Allentown, PA, July 19, 2024 ( GLOBE NEWSWIRE ) -- CrossAmerica Partners to Announce ...",www.globenewswire.com,0.142583,Neutral,XOM,0.132368,0.116101,Neutral
2024-07-19 13:22:58,What's Going On With Exxon Mobil Shares Today? - Exxon Mobil  ( NYSE:XOM ) ,https://www.benzinga.com/news/24/07/39859459/whats-going-on-with-exxon-mobil-shares-today,"Exxon Mobil Corp. XOM shares are trading lower in premarket on Friday. The energy giant has finalized a deal to sell its Malaysian oil and gas assets to state energy firm Petronas, marking its exit from the country's upstream sector where it once held a dominant position.",www.benzinga.com,0.260567,Somewhat-Bullish,XOM,0.439786,0.409606,Bullish
2024-07-20 09:10:00,4 Reasons to Buy Chevron Stock Like There's No Tomorrow,https://www.fool.com/investing/2024/07/20/reasons-buy-chevron-stock-like-there-no-tomorrow/,Chevron is a diversified energy company that's capable of rewarding investors regardless of the industry's ups and downs.,www.fool.com,0.331417,Somewhat-Bullish,XOM,0.057628,0.045075,Neutral
2024-07-20 09:32:07,ONGC acquires Equior stake in Azerbaijan oilfields for $60 million,https://www.business-standard.com/companies/news/ongc-acquires-equior-stake-in-azerbaijan-oilfields-for-60-million-124072000352_1.html,"ONGC Videsh Ltd, the overseas investment arm of state-owned Oil and Natural Gas Corporation (ONGC), has acquired Norwegian firm Equinor's stake in an Azerbaijan oilfield and an associated pipeline for USD 60 million, the firm said in a statement.",www.business-standard.com,0.155633,Somewhat-Bullish,XOM,0.073321,0.0,Neutral
2024-07-21 09:06:00,2 Historically Flawless Metrics Suggest the Stock Market Can Plunge: Here Are 3 Stocks I've Sold Ahead of What May Be a Big Move for Wall Street,https://www.fool.com/investing/2024/07/21/2-flawless-metrics-suggest-stock-market-can-plunge/,Neither of these predictive indicators has ever been wrong when back-tested for more than 150 years!,www.fool.com,0.065294,Neutral,XOM,0.155118,-0.055047,Neutral
2024-07-21 09:30:00,This Hidden Gem Vanguard ETF Is Chock-Full of Magnificent Stocks. Here's Why It's a Buy Now.,https://www.fool.com/investing/2024/07/21/hidden-gem-vanguard-etf-buy-growth-value-stock/,"This fund has a basket of growth, income, and value stocks.",www.fool.com,0.225556,Somewhat-Bullish,XOM,0.047278,0.210634,Somewhat-Bullish
2024-07-21 12:45:00,"ExxonMobil Is a Rock-Solid Dividend Stock, but So Is This Dirt Cheap Value Stock That Paid $1.8 Billion in Dividends Over the Past Year",https://www.fool.com/investing/2024/07/21/exxonmobil-dividend-stock-buy-value-stock/,Phillips 66 continues to raise its dividend at a breakneck rate.,www.fool.com,0.325325,Somewhat-Bullish,XOM,0.120431,0.29994,Somewhat-Bullish
2024-07-22 10:20:05,Is First Trust NASDAQ Oil & Gas ETF  ( FTXN )  a Strong ETF Right Now?,https://www.zacks.com/stock/news/2305780/is-first-trust-nasdaq-oil-gas-etf-ftxn-a-strong-etf-right-now,Smart Beta ETF report for ...,www.zacks.com,0.364891,Bullish,XOM,0.12165,0.062458,Neutral
2024-07-22 10:20:06,Should iShares Russell Top 200 Value ETF  ( IWX )  Be on Your Investing Radar?,https://www.zacks.com/stock/news/2305773/should-ishares-russell-top-200-value-etf-iwx-be-on-your-investing-radar,Style Box ETF report for ...,www.zacks.com,0.278437,Somewhat-Bullish,XOM,0.122581,0.056947,Neutral
2024-07-22 14:16:37,Spotlight on Exxon Mobil: Analyzing the Surge in Options Activity - Exxon Mobil  ( NYSE:XOM ) ,https://www.benzinga.com/insights/options/24/07/39885392/spotlight-on-exxon-mobil-analyzing-the-surge-in-options-activity,"Financial giants have made a conspicuous bearish move on Exxon Mobil. Our analysis of options history for Exxon Mobil XOM revealed 10 unusual trades. Delving into the details, we found 0% of traders were bullish, while 90% showed bearish tendencies.",www.benzinga.com,0.199674,Somewhat-Bullish,XOM,0.690822,0.112879,Neutral
2024-07-22 15:51:11,"What A Kamala Harris Presidency Could Mean For Oil Stocks: Chevron, Marathon Move Lower - SPDR Select Sector Fund - Energy Select Sector  ( ARCA:XLE ) , Chevron  ( NYSE:CVX ) , iShares U.S. Energy ETF  ( ARCA:IYE ) , ConocoPhillips  ( NYSE:COP ) ",https://www.benzinga.com/markets/esg/24/07/39888337/what-a-kamala-harris-presidency-could-mean-for-oil-stocks-chevron-marathon-move-lower,Oil stocks fell early Monday amid concerns that Vice President Kamala Harris could take a tougher stance on the oil and gas industry if she becomes the Democratic presidential nominee and wins the race for the White House.,www.benzinga.com,0.145114,Neutral,XOM,0.142565,-0.139352,Neutral
2024-07-23 09:36:00,3 Energy Mutual Funds to Buy on Geopolitical Goings-on,https://www.zacks.com/stock/news/2306554/3-energy-mutual-funds-to-buy-on-geopolitical-goings-on,"SOAEX, PRNEX and FSENX are three top energy-focused mutual funds that can be invested in as geopolitical tensions continue.",www.zacks.com,0.176082,Somewhat-Bullish,XOM,0.111747,0.10348,Neutral
2024-07-23 10:03:00,3 High-Yield Dividend ETFs to Buy to Generate Passive Income,https://www.fool.com/investing/2024/07/23/3-high-yield-dividend-etfs-to-buy-to-generate-pass/,"If you're looking to generate income without giving up long-term upside potential, here are three ETFs for you to look at.",www.fool.com,0.292245,Somewhat-Bullish,XOM,0.120733,0.048629,Neutral
2024-07-23 10:25:00,3 Hartford Mutual Funds to Buy for Attractive Returns,https://www.zacks.com/stock/news/2306552/3-hartford-mutual-funds-to-buy-for-attractive-returns,"Invest in Hartford mutual funds like HRLTX, HIADX and HILTX for a human-centric investing approach.",www.zacks.com,0.239979,Somewhat-Bullish,XOM,0.070517,0.047183,Neutral
2024-07-23 11:20:01,"Want $1,000 in Dividend Income? Here's How Much You Have to Invest in ExxonMobil Stock.",https://www.fool.com/investing/2024/07/23/want-1000-dividend-how-invest-exxonmobil-stock/,"ExxonMobil has a rock-solid dividend track record, and its latest growth move could mean bigger dividends ahead.",www.fool.com,0.409242,Bullish,XOM,0.892549,0.624913,Bullish
2024-07-23 13:04:00,SAP's Q2 Earnings & Revenues Increase Y/Y on Cloud Momentum,https://www.zacks.com/stock/news/2306997/saps-q2-earnings-revenues-increase-yy-on-cloud-momentum,SAP's Q2 2024 performance benefits from continued strength in its cloud business coupled with AI-driven strategic transformation initiatives.,www.zacks.com,0.185723,Somewhat-Bullish,XOM,0.033656,-0.041891,Neutral
2024-07-23 20:20:00,CrossAmerica Partners LP Maintains Quarterly Distribution,https://www.globenewswire.com/news-release/2024/07/23/2917605/0/en/CrossAmerica-Partners-LP-Maintains-Quarterly-Distribution.html,"• Quarterly distribution of $0.5250 per unit attributable to the second quarter of 2024 ALLENTOWN, PA ( July 23, 2024 ) - CrossAmerica Partners LP ( NYSE: CAPL ) announced today that the Board of Directors of its general partner has approved a quarterly distribution of $0.5250 per unit ...",www.globenewswire.com,0.191311,Somewhat-Bullish,XOM,0.084127,0.100357,Neutral
2024-07-23 21:45:17,Exxon Mobil  ( XOM )  Suffers a Larger Drop Than the General Market: Key Insights,https://www.zacks.com/stock/news/2307314/exxon-mobil-xom-suffers-a-larger-drop-than-the-general-market-key-insights,"In the latest trading session, Exxon Mobil (XOM) closed at $113.41, marking a -1.61% move from the previous day.",www.zacks.com,0.145107,Neutral,XOM,0.56415,0.182136,Somewhat-Bullish
2024-07-24 10:20:08,Should You Invest in the First Trust NASDAQ Oil & Gas ETF  ( FTXN ) ?,https://www.zacks.com/stock/news/2307470/should-you-invest-in-the-first-trust-nasdaq-oil-gas-etf-ftxn,Sector ETF report for ...,www.zacks.com,0.293777,Somewhat-Bullish,XOM,0.132733,0.070997,Neutral
2024-07-24 15:12:00,TotalEnergies  ( TTE )  to Report Q2 Earnings: What's in Store?,https://www.zacks.com/stock/news/2308042/totalenergies-tte-to-report-q2-earnings-whats-in-store,TotalEnergies' (TTE) second-quarter earnings are expected to have benefited from its multi-energy operation and multiple agreements to expand the company's LNG operations and serve customers globally.,www.zacks.com,0.354115,Bullish,XOM,0.117774,0.169702,Somewhat-Bullish
2024-07-25 10:20:06,Is Goldman Sachs Equal Weight U.S. Large Cap Equity ETF  ( GSEW )  a Strong ETF Right Now?,https://www.zacks.com/stock/news/2308505/is-goldman-sachs-equal-weight-us-large-cap-equity-etf-gsew-a-strong-etf-right-now,Smart Beta ETF report for ...,www.zacks.com,0.226795,Somewhat-Bullish,XOM,0.114137,0.066424,Neutral
2024-07-25 10:20:07,Should Vanguard High Dividend Yield ETF  ( VYM )  Be on Your Investing Radar?,https://www.zacks.com/stock/news/2308496/should-vanguard-high-dividend-yield-etf-vym-be-on-your-investing-radar,Style Box ETF report for ...,www.zacks.com,0.197514,Somewhat-Bullish,XOM,0.126119,0.062312,Neutral
2024-07-25 14:59:00,TotalEnergies  ( TTE )  Q2 Earnings and Revenues Lag Estimates,https://www.zacks.com/stock/news/2309176/totalenergies-tte-q2-earnings-and-revenues-lag-estimates,TotalEnergies' (TTE) second-quarter net income was adversely impacted by lower refining margins. The company continues to buyback its shares to increase the value of its shareholders.,www.zacks.com,0.179961,Somewhat-Bullish,XOM,0.101582,0.145464,Neutral
2024-07-25 16:05:00,ExxonMobil  ( XOM )  to Transfer Operations of Malaysia Assets,https://www.zacks.com/stock/news/2309339/exxonmobil-xom-to-transfer-operations-of-malaysia-assets,"ExxonMobil (XOM) states that the operational transfer will not affect its other businesses in Malaysia, reaffirming its commitment to continue conducting business in the country.",www.zacks.com,0.277497,Somewhat-Bullish,XOM,0.521465,0.307026,Somewhat-Bullish
2024-07-25 17:00:18,TechnipFMC Plc  ( FTI )  Q2 2024 Earnings Call Transcript,https://www.fool.com/earnings/call-transcripts/2024/07/25/technipfmc-plc-fti-q2-2024-earnings-call-transcrip/,"FTI earnings call for the period ending June 30, 2024.",www.fool.com,0.347832,Somewhat-Bullish,XOM,0.021363,0.168227,Somewhat-Bullish
2024-07-25 20:00:26,"TotalEnergies Q2 Earnings and Revenues Lag Estimates - Occidental Petroleum  ( NYSE:OXY ) , Shell  ( NYSE:SHEL ) ",https://www.benzinga.com/news/earnings/24/07/39964263/totalenergies-q2-earnings-and-revenues-lag-estimates,"TotalEnergies SE TTE reported second-quarter 2024 operating earnings of $1.98 ( €1.85 ) per share, missing the Zacks Consensus Estimate of $2.11 by 6.2%. The bottom line declined 0.5% from the year-ago figure of $1.99 ( €1.84 ) . The year-over-year decline was due to lower refining margins.",www.benzinga.com,0.191696,Somewhat-Bullish,XOM,0.100729,0.158008,Somewhat-Bullish
2024-07-25 23:06:00,Stocks to Watch for a Potential Kamala Harris Presidency,https://www.zacks.com/stock/news/2309555/stocks-to-watch-for-a-potential-kamala-harris-presidency,Let's discuss a few stocks and sectors that should be kept in mind for a potential Kamala Harris presidency as opposed to the Biden or Trump trade.,www.zacks.com,0.220975,Somewhat-Bullish,XOM,0.163539,0.057872,Neutral
2024-07-26 14:00:28,Exxon Mobil  ( XOM )  Earnings Expected to Grow: What to Know Ahead of Next Week's Release,https://www.zacks.com/stock/news/2310065/exxon-mobil-xom-earnings-expected-to-grow-what-to-know-ahead-of-next-weeks-release,Exxon (XOM) doesn't possess the right combination of the two key ingredients for a likely earnings beat in its upcoming report. Get prepared with the key expectations.,www.zacks.com,0.14991,Neutral,XOM,0.102013,0.129482,Neutral
2024-07-26 17:07:00,ExxonMobil's  ( XOM )  GPX Project Set to Resume After Settlement,https://www.zacks.com/stock/news/2310319/exxonmobils-xom-gpx-project-set-to-resume-after-settlement,The project aligns with ExxonMobil's (XOM) strategic vision to enhance the natural gas supply chain from the world's leading exporter.,www.zacks.com,0.290341,Somewhat-Bullish,XOM,0.240489,0.106566,Neutral
2024-07-26 19:42:57,"ExxonMobil's GPX Project Set to Resume After Settlement - GeoPark  ( NYSE:GPRK ) , SM Energy  ( NYSE:SM ) ",https://www.benzinga.com/news/earnings/24/07/39991422/exxonmobils-gpx-project-set-to-resume-after-settlement,"A bankruptcy judge has approved a crucial settlement between the joint venture behind Exxon Mobil Corporation's XOM $10-billion Golden Pass liquefied natural gas project in Texas and the lead contractor, Zachry Holdings Inc.",www.benzinga.com,0.312814,Somewhat-Bullish,XOM,0.237551,0.111427,Neutral
2024-07-28 09:02:00,3 No-Brainer Warren Buffett Stocks to Buy Right Now,https://www.fool.com/investing/2024/07/28/3-no-brainer-warren-buffett-stocks-to-buy-right-no/,"Legendary investor Warren Buffett has owned these stocks for a long time -- here's why you should buy them, too.",www.fool.com,0.273738,Somewhat-Bullish,XOM,0.045569,0.126058,Neutral
2024-07-29 10:20:07,Should You Invest in the Vanguard Energy ETF  ( VDE ) ?,https://www.zacks.com/stock/news/2310484/should-you-invest-in-the-vanguard-energy-etf-vde,Sector ETF report for ...,www.zacks.com,0.270593,Somewhat-Bullish,XOM,0.134968,0.071604,Neutral
2024-07-29 10:25:11,"Apple, Amazon, Microsoft, Meta Lead The Charge As Investors Bank On Tech Cheer For Rally's Reacceleration: Week Ahead In Earnings - SPDR S&P 500  ( ARCA:SPY ) ",https://www.benzinga.com/analyst-ratings/analyst-color/24/07/40006542/apple-amazon-microsoft-meta-lead-the-charge-as-investors-bank-on-tech-cheer-for-ral,"The earnings reports of last week were a mixed bag, with some Tesla, Inc. TSLA, Alphabet, Inc. GOOGL GOOG and STMicroelectronics N.V. STM, among companies disappointing to the downside.",www.benzinga.com,0.113434,Neutral,XOM,0.070002,0.0,Neutral
2024-07-29 11:04:00,CF Industries  ( CF )  to Invest $100M to Cut Yazoo Site Emissions,https://www.zacks.com/stock/news/2310560/cf-industries-cf-to-invest-100m-to-cut-yazoo-site-emissions,CF Industries (CF) will invest around $100 million in its Yazoo City Complex to construct a CO2 dehydration and compression unit.,www.zacks.com,0.061876,Neutral,XOM,0.101797,0.024574,Neutral
2024-07-29 12:04:00,Pre Q2 Earnings: How Should You Play ConocoPhillips  ( COP ) ?,https://www.zacks.com/stock/news/2310680/pre-q2-earnings-how-should-you-play-conocophillips-cop,"Although ConocoPhillips' (COP) long-term prospects look lucrative, investors should wait for a better entry point.",www.zacks.com,0.25864,Somewhat-Bullish,XOM,0.137278,0.079677,Neutral
2024-07-29 12:32:37,"Exxon Mobil, Morgan Stanley, Seagate And More: CNBC's 'Final Trades' - Seagate Tech Hldgs  ( NASDAQ:STX ) ",https://www.benzinga.com/trading-ideas/long-ideas/24/07/40009775/exxon-mobil-morgan-stanley-seagate-and-more-cnbcs-final-trades,"On CNBC's ""Halftime Report Final Trades,"" Sarat Sethi of DCLA said he likes Morgan Stanley MS as the capital market is going to pick up. On July 16, Morgan Stanley reported second-quarter EPS of $1.82, up from $1.24 a year ago and beating the consensus of $1.65.",www.benzinga.com,0.264179,Somewhat-Bullish,XOM,0.522854,0.251277,Somewhat-Bullish
2024-07-29 19:01:26,Unpacking the Latest Options Trading Trends in Exxon Mobil - Exxon Mobil  ( NYSE:XOM ) ,https://www.benzinga.com/insights/options/24/07/40020567/unpacking-the-latest-options-trading-trends-in-exxon-mobil,"Whales with a lot of money to spend have taken a noticeably bearish stance on Exxon Mobil. Looking at options history for Exxon Mobil XOM we detected 18 trades. If we consider the specifics of each trade, it is accurate to state that 44% of the investors opened trades with bullish expectations ...",www.benzinga.com,0.191501,Somewhat-Bullish,XOM,0.804025,0.281104,Somewhat-Bullish
2024-07-29 21:45:18,Exxon Mobil  ( XOM )  Stock Drops Despite Market Gains: Important Facts to Note,https://www.zacks.com/stock/news/2311338/exxon-mobil-xom-stock-drops-despite-market-gains-important-facts-to-note,"Exxon Mobil (XOM) reachead $116.10 at the closing of the latest trading day, reflecting a -1.05% change compared to its last close.",www.zacks.com,0.192709,Somewhat-Bullish,XOM,0.521961,0.286713,Somewhat-Bullish
2024-07-30 06:28:30,Oil major BP raises dividend as second-quarter profit beats expectations,https://www.cnbc.com/2024/07/30/bp-earnings-q2-2024.html,British oil giant BP on Tuesday reported stronger-than-expected net profit for the second quarter following a warning over lower refining margins.,www.cnbc.com,0.206731,Somewhat-Bullish,XOM,0.086556,0.082955,Neutral
2024-07-30 07:25:38,"Trump Accuses OPEC Of Manipulating Oil Prices To Favor Kamala Harris, Warns 'She Will Be A Disaster For The USA!' - Chevron  ( NYSE:CVX ) , ConocoPhillips  ( NYSE:COP ) ",https://www.benzinga.com/markets/equities/24/07/40029681/trump-accuses-opec-of-manipulating-oil-prices-to-favor-kamala-harris-warns-she-will-be-a-disaste,"Former President Donald Trump accused the Organization of the Petroleum Exporting Countries ( OPEC ) of deliberately driving down oil prices to benefit Vice President Kamala Harris, warning that her potential presidency could be a ""disaster"" for the U.S.",www.benzinga.com,0.036804,Neutral,XOM,0.129866,-0.20728,Somewhat-Bearish
2024-07-30 09:08:00,Occidental Petroleum Is Making Sure It Doesn't Repeat Its Past Mistakes,https://www.fool.com/investing/2024/07/30/occidental-petroleum-is-making-sure-it-doesnt-repe/,The oil company is making early progress on its debt reduction plan.,www.fool.com,-0.038882,Neutral,XOM,0.058188,0.09798,Neutral
2024-07-30 10:20:07,Should You Invest in the Energy Select Sector SPDR ETF  ( XLE ) ?,https://www.zacks.com/stock/news/2311494/should-you-invest-in-the-energy-select-sector-spdr-etf-xle,Sector ETF report for ...,www.zacks.com,0.245577,Somewhat-Bullish,XOM,0.134968,0.071604,Neutral
2024-07-30 10:50:00,ExxonMobil Is Taking a Big Step to Capture This $1.4 Trillion Market Opportunity,https://www.fool.com/investing/2024/07/30/exxonmobil-is-taking-a-big-step-to-capture-this-14/,Exxon is looking to build the world's largest lower-carbon hydrogen production facility.,www.fool.com,0.212571,Somewhat-Bullish,XOM,0.197816,0.117346,Neutral
2024-07-30 12:35:00,Pre Q2 Earnings: How Should You Play ExxonMobil  ( XOM ) ?,https://www.zacks.com/stock/news/2311839/pre-q2-earnings-how-should-you-play-exxonmobil-xom,The merger with Pioneer Natural increases ExxonMobil's (XOM) debt load. Low gas prices and unfavorable industry margins might have adversely impacted XOM's Q2 earnings.,www.zacks.com,0.135771,Neutral,XOM,0.67165,0.191532,Somewhat-Bullish
2024-07-30 13:16:00,Is Chevron  ( CVX )  Stock a Buy Ahead of Q2 Earnings Release?,https://www.zacks.com/stock/news/2312058/is-chevron-cvx-stock-a-buy-ahead-of-q2-earnings-release,"As Chevron (CVX) gears up to report second-quarter earnings on Aug 2, let's find out how the expectations stack up. Also, is it the right time to buy the stock?",www.zacks.com,0.179979,Somewhat-Bullish,XOM,0.084722,-0.036744,Neutral
2024-07-30 13:45:00,This Vanguard Sector ETF Yields 3%. Here's Why It's a Buy in August.,https://www.fool.com/investing/2024/07/30/buy-vanguard-etf-energy-stoc-passive-income/,The energy sector is full of rock-solid dividend and value stocks.,www.fool.com,0.23998,Somewhat-Bullish,XOM,0.257442,0.116206,Neutral
2024-07-30 15:30:59,Exxon Mobil Unusual Options Activity For July 30 - Exxon Mobil  ( NYSE:XOM ) ,https://www.benzinga.com/insights/options/24/07/40043651/exxon-mobil-unusual-options-activity-for-july-30,"Deep-pocketed investors have adopted a bullish approach towards Exxon Mobil XOM, and it's something market players shouldn't ignore. Our tracking of public options records at Benzinga unveiled this significant move today.",www.benzinga.com,0.252462,Somewhat-Bullish,XOM,0.624172,0.343479,Somewhat-Bullish
2024-07-30 18:50:18,What's Going On With Exxon Mobil Shares Tuesday? - Exxon Mobil  ( NYSE:XOM ) ,https://www.benzinga.com/markets/equities/24/07/40048309/whats-going-on-with-exxon-mobil-shares-tuesday,"Exxon Mobil Corporation XOM and Shell PLC SHEL subsidiaries agreed to sell a group of assets in the U.K. Southern North Sea to a British energy company, Viaro Energy, for an undisclosed amount. In particular, Shell U.K.",www.benzinga.com,0.395489,Bullish,XOM,0.441698,0.607464,Bullish
2024-08-01 05:30:00,Technip Energies H1 2024 Financial Results,https://www.benzinga.com/pressreleases/24/08/g40089523/technip-energies-h1-2024-financial-results,"Revenue growth of 11% Y/Y to €3.2 billion; adjusted recurring EBIT growth of 9% to €227 million, with a margin of 7.2% Substantial 50% Y/Y growth in adjusted net income to €188 million, resulting in diluted EPS of €1.04 €4 billion adjusted order intake, driven by low-carbon LNG plants and TPS ...",www.benzinga.com,0.273908,Somewhat-Bullish,XOM,0.03157,0.046242,Neutral
2024-08-01 06:27:19,"Shell beats second-quarter profit expectations, launches $3.5 billion share buyback program",https://www.cnbc.com/2024/08/01/shell-earnings-q2-2024.html,Shell on Thursday posted stronger-than-expected second-quarter profit after issuing a warning over lower fossil fuel prices and refining margins.,www.cnbc.com,0.198783,Somewhat-Bullish,XOM,0.102449,0.0,Neutral
2024-08-01 07:46:19,"Chevron's $53B Hess Deal Faces Uncertainty Amid Exxon And CNOOC Arbitration Claims - Chevron  ( NYSE:CVX ) , Hess  ( NYSE:HES ) ",https://www.benzinga.com/markets/equities/24/08/40091118/chevrons-53b-hess-deal-faces-uncertainty-amid-exxon-and-cnooc-arbitration-claims,"Exxon Mobil Corp XOM and its partner CNOOC Ltd have filed arbitration claims, asserting their right of first refusal to any sale of Hess Corp's HES stake in a Guyana oil-producing joint venture. This move could potentially hinder Chevron Corp's CVX proposed $53 billion acquisition of Hess.",www.benzinga.com,-0.043673,Neutral,XOM,0.179121,-0.088667,Neutral
2024-08-01 10:43:00,3 Empower Mutual Funds to Buy for Solid Returns,https://www.zacks.com/stock/news/2313777/3-empower-mutual-funds-to-buy-for-solid-returns,"Invests in Empower mutual funds like MXLSX, MXEQX and MXLGX for a diversified portfolio.",www.zacks.com,0.310479,Somewhat-Bullish,XOM,0.071145,0.0,Neutral
2024-08-01 12:54:00,XOM or CVX: Which Stock Holds More Promise Ahead of Q2 Earnings?,https://www.zacks.com/stock/news/2314248/xom-or-cvx-which-stock-holds-more-promise-ahead-of-q2-earnings,"The merger with Pioneer Natural increases ExxonMobil's (XOM) debt load. Chevron (CVX), however, has successfully started extracting oil from the Mad Dog 2 project in the Gulf of Mexico.",www.zacks.com,0.241993,Somewhat-Bullish,XOM,0.42503,0.283187,Somewhat-Bullish
2024-08-01 13:30:11,Wall Street Analysts See Exxon  ( XOM )  as a Buy: Should You Invest?,https://www.zacks.com/stock/news/2314137/wall-street-analysts-see-exxon-xom-as-a-buy-should-you-invest,"According to the average brokerage recommendation (ABR), one should invest in Exxon (XOM). It is debatable whether this highly sought-after metric is effective because Wall Street analysts' recommendations tend to be overly optimistic. Would it be worth investing in the stock?",www.zacks.com,0.281498,Somewhat-Bullish,XOM,0.05387,0.14275,Neutral
2024-08-01 17:51:11,"Shell beats forecasts with $6.3 bn Q2 profit, but shares down by 0.5%",https://www.business-standard.com/companies/news/shell-beats-forecasts-with-6-3-bn-q2-profit-but-shares-down-by-0-5-124080101747_1.html,The results were lifted by strong performances in the oil and gas production and retail marketing businesses and the profit was nearly 25 per cent higher than the same time a year ago ...,www.business-standard.com,0.034012,Neutral,XOM,0.064973,0.0,Neutral
2024-08-02 06:25:16,"Amazon, Apple And 3 Stocks To Watch Heading Into Friday - Amazon.com  ( NASDAQ:AMZN ) ",https://www.benzinga.com/news/earnings/24/08/40122820/amazon-apple-and-3-stocks-to-watch-heading-into-friday,"With U.S. stock futures trading lower this morning on Friday, some of the stocks that may grab investor focus today are as follows: Wall Street expects Exxon Mobil Corp. XOM to report quarterly earnings at $2.01 per share on revenue of $90.99 billion before the opening bell, according to data ...",www.benzinga.com,0.267449,Somewhat-Bullish,XOM,0.399204,0.402984,Bullish
2024-08-02 06:33:44,Exxon Mobil Likely To Report Higher Q2 Earnings; Here Are The Recent Forecast Changes From Wall Street's Most Accurate Analysts - Exxon Mobil  ( NYSE:XOM ) ,https://www.benzinga.com/news/earnings/24/08/40122953/exxon-mobil-likely-to-report-higher-q2-earnings-here-are-the-recent-forecast-changes-from-wall-stre,"Exxon Mobil Corporation XOM is set to release earnings results for its second quarter, before the opening bell on Aug. 2, 2024. Analysts expect the Spring, Texas-based company to report quarterly earnings at $2.01 per share, up from $1.94 per share in the year-ago period.",www.benzinga.com,0.108267,Neutral,XOM,0.529185,0.092123,Neutral
2024-08-02 06:38:22,"US Stocks Close Lower As Apple, Amazon Report Earnings: Greed Index Moves To 'Fear' Zone - Meta Platforms  ( NASDAQ:META ) ",https://www.benzinga.com/news/earnings/24/08/40123072/us-stocks-close-lower-as-apple-amazon-report-earnings-greed-index-moves-to-fear-zone,"The CNN Money Fear and Greed index showed a decline in the overall market sentiment, while the index moved to the ""Fear"" zone on Thursday. U.S. stocks settled lower on Thursday, with the Dow Jones index tumbling around 500 points during the session.",www.benzinga.com,-0.210549,Somewhat-Bearish,XOM,0.201523,0.0,Neutral
2024-08-02 06:58:11,Chevron Gears Up For Q2 Print; These Most Accurate Analysts Revise Forecasts Ahead Of Earnings Call - Chevron  ( NYSE:CVX ) ,https://www.benzinga.com/news/earnings/24/08/40123139/chevron-gears-up-for-q2-print-these-most-accurate-analysts-revise-forecasts-ahead-of-earnings-call,"Chevron Corporation CVX is expected to release earnings results for its second quarter, before the opening bell on Friday, Aug. 2. Analysts expect the San Ramon, California-based company to report quarterly earnings at $2.93 per share, down from $3.28 per share in the year-ago quarter.",www.benzinga.com,0.108233,Neutral,XOM,0.114682,-0.051009,Neutral
2024-08-02 10:59:42,Exxon earnings beat as production in Guyana and Permian sets a record,https://www.cnbc.com/2024/08/02/exxonmobil-xom-earnings-q2-2024-.html,"ExxonMobil on Friday posted its second highest results for the second quarter in the past decade, helped by record production in Guyana and the Permian Basin.",www.cnbc.com,0.235672,Somewhat-Bullish,XOM,0.120431,0.0,Neutral
2024-08-02 11:40:05,Exxon Mobil  ( XOM )  Beats Q2 Earnings and Revenue Estimates,https://www.zacks.com/stock/news/2314968/exxon-mobil-xom-beats-q2-earnings-and-revenue-estimates,"Exxon (XOM) delivered earnings and revenue surprises of 4.90% and 2.97%, respectively, for the quarter ended June 2024. Do the numbers hold clues to what lies ahead for the stock?",www.zacks.com,0.177945,Somewhat-Bullish,XOM,0.136499,0.095,Neutral
2024-08-02 12:01:56,"Wall Street Set To Tumble As Macro Concerns Return, VIX Spikes And Global Markets Sell Off: Safe-Haven Gold Rises To Record High As Traders Eye July Jobs Data - Invesco QQQ Trust, Series 1  ( NASDAQ:QQQ ) , SPDR S&P 500  ( ARCA:SPY ) ",https://www.benzinga.com/news/earnings/24/08/40128529/wall-street-set-to-tumble-as-macro-concerns-return-vix-spikes-and-global-markets-sell-off-safe-have,U.S. stocks were priming for more losses on Friday as traders await the key non-farm payrolls report. Tech stocks could again take the brunt of the selling amid some sector-specific concerns and the ongoing rotation out of the sector.,www.benzinga.com,-0.148335,Neutral,XOM,0.10607,0.0,Neutral
2024-08-02 13:22:25,"ExxonMobil's Q2 Earnings: Permian Dominance Drives Production Growth, Plans $19B Buyback In FY24 - Exxon Mobil  ( NYSE:XOM ) ",https://www.benzinga.com/news/earnings/24/08/40131010/exxonmobils-q2-earnings-permian-dominance-drives-production-growth-plans-19b-buyback-in-fy24,"Exxon Mobil Corporation XOM shares are trading lower after the company reported second-quarter FY24 results. Total revenues and other income stood at $93.060 billion, beating the consensus of $90.987 billion.",www.benzinga.com,0.28467,Somewhat-Bullish,XOM,0.33514,0.401687,Bullish
2024-08-02 14:09:42,2 Dividend Stocks To Watch In August 2024,https://stockmarket.com/featured/2-dividend-stocks-to-watch-in-august-2024-2024-08-02,Dividends are regular payments made by companies to their shareholders from their profits. They represent a way for companies to share their success with investors. Dividend stocks are shares of companies that consistently pay dividends.,stockmarket.com,0.28219,Somewhat-Bullish,XOM,0.457274,0.398978,Bullish
2024-08-02 15:30:18,ExxonMobil  ( XOM )  Q2 2024 Earnings Call Transcript,https://www.fool.com/earnings/call-transcripts/2024/08/02/exxonmobil-xom-q2-2024-earnings-call-transcript/,"XOM earnings call for the period ending June 30, 2024.",www.fool.com,0.303402,Somewhat-Bullish,XOM,0.039811,0.182169,Somewhat-Bullish
2024-08-02 17:21:00,ExxonMobil  ( XOM )  Q2 Earnings Top Estimates on Higher Production,https://www.zacks.com/stock/news/2315543/exxonmobil-xom-q2-earnings-top-estimates-on-higher-production,ExxonMobil (XOM) Q2 earnings gain from higher crude realizations and contributions from the Pioneer acquisition.,www.zacks.com,0.213488,Somewhat-Bullish,XOM,0.386875,0.080902,Neutral
2024-08-02 17:30:14,Chevron  ( CVX )  Q2 2024 Earnings Call Transcript,https://www.fool.com/earnings/call-transcripts/2024/08/02/chevron-cvx-q2-2024-earnings-call-transcript/,"CVX earnings call for the period ending June 30, 2024.",www.fool.com,0.285938,Somewhat-Bullish,XOM,0.005793,-0.044188,Neutral
2024-08-02 18:40:38,Crude Oil Falls Sharply; Exxon Mobil Earnings Top Views - Exxon Mobil  ( NYSE:XOM ) ,https://www.benzinga.com/news/earnings/24/08/40139365/crude-oil-falls-sharply-exxon-mobil-earnings-top-views,"U.S. stocks traded lower toward the end of trading, with the S&P 500 falling more than 2% on Friday. The Dow traded down 1.92% to 39,571.38 while the NASDAQ fell 2.56% to 16,754.04. The S&P 500 also fell, dropping, 2.15% to 5,329.56. Consumer staples shares rose by 0.3% on Friday.",www.benzinga.com,0.088018,Neutral,XOM,0.155954,0.42863,Bullish
2024-08-04 11:28:00,The Numbers Speak for Themselves: ExxonMobil Is the Top Dog in the Oil Patch.,https://www.fool.com/investing/2024/08/04/the-numbers-speak-for-themselves-exxonmobil-is-the/,ExxonMobil is the undisputed leader in big oil.,www.fool.com,0.211536,Somewhat-Bullish,XOM,0.196212,0.029602,Neutral
2024-08-05 08:05:00,"$9,000 Invested in ExxonMobil and Each of These 2 Dividend Stocks to Generate Over $1,000 in Passive Income per Year",https://www.fool.com/investing/2024/08/05/buy-exxon-high-yield-dividend-stock-passive-income/,Leading energy companies have improved their balance sheets and are raising their dividends.,www.fool.com,0.259319,Somewhat-Bullish,XOM,0.263942,0.174059,Somewhat-Bullish
2024-08-05 09:45:00,These 3 High-Yield Dividend Stocks Just Became More Attractive Buys,https://www.fool.com/investing/2024/08/05/these-3-high-yield-dividend-stocks-just-became-mor/,Now could be a great time for income investors to scoop up these stocks.,www.fool.com,0.395935,Bullish,XOM,0.370602,0.294497,Somewhat-Bullish
2024-08-05 10:20:06,Should You Invest in the iShares U.S. Energy ETF  ( IYE ) ?,https://www.zacks.com/stock/news/2315693/should-you-invest-in-the-ishares-us-energy-etf-iye,Sector ETF report for ...,www.zacks.com,0.2637,Somewhat-Bullish,XOM,0.137278,0.072244,Neutral
2024-08-05 10:20:08,Should Vanguard S&P 500 Value ETF  ( VOOV )  Be on Your Investing Radar?,https://www.zacks.com/stock/news/2315684/should-vanguard-sp-500-value-etf-voov-be-on-your-investing-radar,Style Box ETF report for ...,www.zacks.com,0.253668,Somewhat-Bullish,XOM,0.126119,0.068108,Neutral
2024-08-05 10:28:22,"Dow Tumbles Over 600 Points Following Jobs Data, Investor Sentiment Weakens Further: Greed Index Remains In 'Fear' Zone - Amazon.com  ( NASDAQ:AMZN ) ",https://www.benzinga.com/news/earnings/24/08/40156022/dow-tumbles-over-600-points-following-jobs-data-investor-sentiment-weakens-further-greed-index-rema,"The CNN Money Fear and Greed index showed a decline in the overall market sentiment, with the index remaining in the ""Fear"" zone on Friday. U.S. stocks settled lower on Friday, with the Dow Jones index tumbling over 600 points during the session following weak jobs data.",www.benzinga.com,-0.20893,Somewhat-Bearish,XOM,0.222838,0.336547,Somewhat-Bullish
2024-08-05 12:42:00,Can These 3 Energy Stocks Surpass Q2 Earnings Predictions?,https://www.zacks.com/stock/news/2316049/can-these-3-energy-stocks-surpass-q2-earnings-predictions,"With favorable oil prices, energy companies' upstream business scenario is likely to have benefited. Let's see how Devon (DVN), Marathon (MPC) and W&T Offshore (WTI) are placed ahead of Q2 earnings.",www.zacks.com,0.149425,Neutral,XOM,0.1789,0.125847,Neutral
2024-08-05 16:30:00,"Energy ETFs in Focus as Exxon Beats, Chevron Disappoints",https://www.zacks.com/stock/news/2316327/energy-etfs-in-focus-as-exxon-beats-chevron-disappoints,Two energy behemoths - Exxon Mobil Corp. (XOM) and Chevron Corp. (CVX) - came up with varied second-quarter results recently.,www.zacks.com,0.321482,Somewhat-Bullish,XOM,0.426824,0.475714,Bullish
2024-08-06 13:00:18,Investors Heavily Search Exxon Mobil Corporation  ( XOM ) : Here is What You Need to Know,https://www.zacks.com/stock/news/2316798/investors-heavily-search-exxon-mobil-corporation-xom-here-is-what-you-need-to-know,"Exxon (XOM) has received quite a bit of attention from Zacks.com users lately. Therefore, it is wise to be aware of the facts that can impact the stock's prospects.",www.zacks.com,0.221959,Somewhat-Bullish,XOM,0.103554,0.076103,Neutral
2024-08-07 00:45:00,"VAALCO Energy, Inc. Announces Second Quarter 2024 Results",https://www.globenewswire.com/news-release/2024/08/07/2925595/0/en/VAALCO-Energy-Inc-Announces-Second-Quarter-2024-Results.html,"HOUSTON, Aug. 06, 2024 ( GLOBE NEWSWIRE ) -- VAALCO Energy, Inc. ( NYSE: EGY, LSE: EGY ) ( ""VAALCO"" or the ""Company"" ) today reported operational and financial results for the second quarter of 2024.",www.globenewswire.com,0.223292,Somewhat-Bullish,XOM,0.007522,0.072004,Neutral
2024-08-07 10:20:07,Is iShares Core S&P U.S. Value ETF  ( IUSV )  a Strong ETF Right Now?,https://www.zacks.com/stock/news/2317657/is-ishares-core-sp-us-value-etf-iusv-a-strong-etf-right-now,Smart Beta ETF report for ...,www.zacks.com,0.313192,Somewhat-Bullish,XOM,0.116067,0.055673,Neutral
2024-08-07 10:20:08,Should iShares S&P 500 Value ETF  ( IVE )  Be on Your Investing Radar?,https://www.zacks.com/stock/news/2317649/should-ishares-sp-500-value-etf-ive-be-on-your-investing-radar,Style Box ETF report for IVE ...,www.zacks.com,0.246722,Somewhat-Bullish,XOM,0.124809,0.057405,Neutral
2024-08-07 13:04:00,What is the Right Approach for Chevron  ( CVX )  Post Q2 Results?,https://www.zacks.com/stock/news/2318149/what-is-the-right-approach-for-chevron-cvx-post-q2-results,"Chevron's (CVX) oil production growth is impressive, with domestic output driven by the Permian and DJ Basins.",www.zacks.com,0.262191,Somewhat-Bullish,XOM,0.081414,-0.032718,Neutral
2024-08-07 19:05:49,Exxon Mobil's Options: A Look at What the Big Money is Thinking - Exxon Mobil  ( NYSE:XOM ) ,https://www.benzinga.com/insights/options/24/08/40230894/exxon-mobils-options-a-look-at-what-the-big-money-is-thinking,"Deep-pocketed investors have adopted a bearish approach towards Exxon Mobil XOM, and it's something market players shouldn't ignore. Our tracking of public options records at Benzinga unveiled this significant move today.",www.benzinga.com,0.18052,Somewhat-Bullish,XOM,0.601928,0.233734,Somewhat-Bullish
2024-08-07 20:15:00,CrossAmerica Partners LP Reports Second Quarter 2024 Results,https://www.globenewswire.com/news-release/2024/08/07/2926403/0/en/CrossAmerica-Partners-LP-Reports-Second-Quarter-2024-Results.html,"• Reported Second Quarter 2024 Net Income of $12.4 million, Adjusted EBITDA of $42.6 million and Distributable Cash Flow of $26.1 million compared to Net Income of $14.5 million, Adjusted EBITDA of $42.2 million and Distributable Cash Flow of $30.4 million for the Second Quarter 2023 • Reported ...",www.globenewswire.com,0.176592,Somewhat-Bullish,XOM,0.014978,0.083233,Neutral
2024-08-08 05:00:00,"SBM Offshore Half Year 2024 Earnings - SBM Offshore  ( OTC:SBFFF ) , SBM Offshore  ( OTC:SBFFY ) ",https://www.benzinga.com/pressreleases/24/08/g40242018/sbm-offshore-half-year-2024-earnings,2024 Directional1 EBITDA guidance increased from around US$1.2 billion to around US$1.3 billion 2024 Directional revenue guidance increased from around US$3.5 billion to above US$3.8 billion US$3.4 billion net increase of pro-forma Directional backlog to record-level US$33.7 billion,www.benzinga.com,0.245075,Somewhat-Bullish,XOM,0.011873,0.145321,Neutral
2024-08-08 10:20:05,Should WisdomTree U.S. High Dividend ETF  ( DHS )  Be on Your Investing Radar?,https://www.zacks.com/stock/news/2318763/should-wisdomtree-us-high-dividend-etf-dhs-be-on-your-investing-radar,Style Box ETF report for ...,www.zacks.com,0.217222,Somewhat-Bullish,XOM,0.121959,0.068236,Neutral
2024-08-08 10:20:06,Should Vanguard Mega Cap Value ETF  ( MGV )  Be on Your Investing Radar?,https://www.zacks.com/stock/news/2318760/should-vanguard-mega-cap-value-etf-mgv-be-on-your-investing-radar,Style Box ETF report for ...,www.zacks.com,0.286612,Somewhat-Bullish,XOM,0.123209,0.061659,Neutral
2024-08-08 10:20:07,Should Vanguard Russell 1000 Value ETF  ( VONV )  Be on Your Investing Radar?,https://www.zacks.com/stock/news/2318756/should-vanguard-russell-1000-value-etf-vonv-be-on-your-investing-radar,Style Box ETF report for ...,www.zacks.com,0.260409,Somewhat-Bullish,XOM,0.126784,0.068274,Neutral
2024-08-08 10:21:00,ExxonMobil Isn't Just an Oil Company; It's an Innovative Technology Company Hiding in Plain Sight,https://www.fool.com/investing/2024/08/08/exxonmobil-isnt-just-an-oil-company-its-an-innovat/,ExxonMobil continues to launch innovative solutions.,www.fool.com,0.351762,Bullish,XOM,0.334762,0.124773,Neutral
2024-08-08 11:40:00,5 Fidelity Mutual Funds to Buy as Amid Recession Fears,https://www.zacks.com/stock/news/2318956/5-fidelity-mutual-funds-to-buy-as-amid-recession-fears,"Invest in Fidelity mutual funds like FELIX, FANIX, FNARX, FCLKX and FPHAX, amid a surge in recession worries.",www.zacks.com,0.212386,Somewhat-Bullish,XOM,0.095517,0.052378,Neutral
2024-08-08 20:58:00,CrossAmerica Partners Second Quarter 2024 Earnings Call and Webcast Rescheduled for August 9,https://www.globenewswire.com/news-release/2024/08/08/2927436/0/en/CrossAmerica-Partners-Second-Quarter-2024-Earnings-Call-and-Webcast-Rescheduled-for-August-9.html,"Allentown. PA, Aug. 08, 2024 ( GLOBE NEWSWIRE ) -- CrossAmerica Partners Second Quarter 2024 Earnings Call and ...",www.globenewswire.com,0.13402,Neutral,XOM,0.136888,0.118123,Neutral
2024-08-09 12:08:00,Dril-Quip's  ( DRQ )  Q2 Earnings Rise on Well Construction,https://www.zacks.com/stock/news/2319868/dril-quips-drq-q2-earnings-rise-on-well-construction,Subsea Products and Well Construction business activities primarily aid Dril-Quip's (DRQ) Q2 earnings.,www.zacks.com,0.120381,Neutral,XOM,0.373378,0.36107,Bullish
2024-08-09 18:45:50,What the Options Market Tells Us About Exxon Mobil - Exxon Mobil  ( NYSE:XOM ) ,https://www.benzinga.com/insights/options/24/08/40293135/what-the-options-market-tells-us-about-exxon-mobil,"Financial giants have made a conspicuous bearish move on Exxon Mobil. Our analysis of options history for Exxon Mobil XOM revealed 14 unusual trades. Delving into the details, we found 42% of traders were bullish, while 50% showed bearish tendencies.",www.benzinga.com,0.150997,Somewhat-Bullish,XOM,0.694939,0.08689,Neutral
2024-08-10 09:33:00,ExxonMobil Believes the World Will Need a Lot More Energy in the Future,https://www.fool.com/investing/2024/08/10/exxonmobil-believes-the-world-will-need-a-lot-more/,ExxonMobil is preparing for whatever the future might bring.,www.fool.com,0.273068,Somewhat-Bullish,XOM,0.330286,0.267506,Somewhat-Bullish
2024-08-11 09:20:00,"Prediction: 1 Unstoppable Stock Could Join Microsoft, Apple, Nvidia, Alphabet, Amazon, and Meta in the $1 Trillion Club by 2034",https://www.fool.com/investing/2024/08/11/prediction-1-unstoppable-stock-hubspot-crm/,An ever-expanding market and years of experience in the field could propel this customer relationship management (CRM) specialist to new heights.,www.fool.com,0.291579,Somewhat-Bullish,XOM,0.052455,0.092894,Neutral
2024-08-11 16:07:00,"Down Between 12% and 24% From Their 52-Week Highs, 3 Magnificent Dow Dividend Stocks to Buy Now",https://www.fool.com/investing/2024/08/11/down-big-from-highs-buy-dow-dividend-stocks/,Buying excellent companies when they are out of favor can be a winning strategy over the long term.,www.fool.com,0.234037,Somewhat-Bullish,XOM,0.070725,0.066291,Neutral
2024-08-12 10:20:06,Is WisdomTree U.S. High Dividend ETF  ( DHS )  a Strong ETF Right Now?,https://www.zacks.com/stock/news/2320403/is-wisdomtree-us-high-dividend-etf-dhs-a-strong-etf-right-now,Smart Beta ETF report for ...,www.zacks.com,0.249439,Somewhat-Bullish,XOM,0.115787,0.066792,Neutral
2024-08-12 10:45:00,"These Were the 5 Biggest Companies in 2004, and Here Are the 5 Biggest Companies Now",https://www.fool.com/investing/2024/08/12/these-were-the-5-biggest-companies-in-2004-and-her/,A lot has changed in the stock market in 20 years.,www.fool.com,0.165572,Somewhat-Bullish,XOM,0.108958,-0.070253,Neutral
2024-08-12 12:23:00,"Equinor  ( EQNR )  Exits Suriname, Cuts International Footprint",https://www.zacks.com/stock/news/2320571/equinor-eqnr-exits-suriname-cuts-international-footprint,"Equinor's (EQNR) decision to exit Suriname aligns with the company's broader objective to focus on a few core production areas, such as Norway, the Gulf of Mexico and Brazil.",www.zacks.com,0.194464,Somewhat-Bullish,XOM,0.428632,-0.276901,Somewhat-Bearish
2024-08-12 12:38:00,SAP Stock Up 50% in the Past Year: Will the Momentum Last?,https://www.zacks.com/stock/news/2320617/sap-stock-up-50-in-the-past-year-will-the-momentum-last,"SAP's performance is driven by continued strength in its cloud business. However, global macroeconomic weakness and tough competition in the cloud space remain concerning.",www.zacks.com,0.158591,Somewhat-Bullish,XOM,0.044386,0.078,Neutral
2024-08-12 15:39:23,Market Momentum: Your Weekly Financial Forecast,https://www.benzinga.com/markets/24/08/40317664/market-momentum-your-weekly-financial-forecast,"During the week of August 5 through August 9, 2024, the U.S. financial markets were characterized by notable volatility as the VIX tagged 65+ in a scramble for protection and a mixed performance across various sectors. /NQ was down over 5% in pre-market/globex before the Monday cash open.",www.benzinga.com,0.159893,Somewhat-Bullish,XOM,0.005724,-0.072373,Neutral
2024-08-13 08:44:00,"N-Butyl Acetate Market Size & Share to Surpass USD 1.7 billion by 2034, at a CAGR 3.0% - Transparency Market Research, Inc.",https://www.benzinga.com/pressreleases/24/08/g40331090/n-butyl-acetate-market-size-share-to-surpass-usd-1-7-billion-by-2034-at-a-cagr-3-0-transparency-ma,"Wilmington, Delaware, United States, Transparency Market Research Inc. -, Aug. 13, 2024 ( GLOBE NEWSWIRE ) -- The global n-butyl acetate market ( سوق خلات بوتيل ن ) is estimated to rise at a CAGR of 3.0% from 2024 to 2034.",www.benzinga.com,0.301501,Somewhat-Bullish,XOM,0.03473,0.0,Neutral
2024-08-13 09:45:00,"ExxonMobil Is a Rock-Solid Dividend Stock, but So Are These High-Yield Stocks That Are Down Between 4% and 15% Over the Last Year",https://www.fool.com/investing/2024/08/13/exxonmobil-buy-dividend-stock-passive-income/,"Boost your passive income stream with these oil, gas, and renewable energy stocks.",www.fool.com,0.345993,Somewhat-Bullish,XOM,0.104228,0.192235,Somewhat-Bullish
2024-08-13 10:20:06,Is Invesco FTSE RAFI US 1000 ETF  ( PRF )  a Strong ETF Right Now?,https://www.zacks.com/stock/news/2321028/is-invesco-ftse-rafi-us-1000-etf-prf-a-strong-etf-right-now,Smart Beta ETF report for PRF ...,www.zacks.com,0.262092,Somewhat-Bullish,XOM,0.108712,0.07183,Neutral
2024-08-13 10:52:00,3 Energy Mutual Funds for Outstanding Returns,https://www.zacks.com/stock/news/2321046/3-energy-mutual-funds-for-outstanding-returns,"Below, we share with you three top-ranked energy mutual funds. Each has earned a Zacks Mutual Fund Rank #1.",www.zacks.com,0.343715,Somewhat-Bullish,XOM,0.084722,0.134158,Neutral
2024-08-13 10:57:00,3 Hartford Mutual Funds to Enhance Your Portfolio,https://www.zacks.com/stock/news/2321050/3-hartford-mutual-funds-to-enhance-your-portfolio,"Invests in Hartford mutual funds like HRLTX, HIADX and HILTX for a human-centric investment approach.",www.zacks.com,0.252997,Somewhat-Bullish,XOM,0.074001,0.047337,Neutral
2024-08-13 11:00:18,"Tesla's Elon Musk Warns Against Vilifying Oil And Gas Industry In Trump Interview, Cautions Against Rushing With Sustainable Energy Transition: 'It's Not Like The House Is On Fire Immediately' - United States Oil Fund  ( ARCA:USO ) ",https://www.benzinga.com/markets/equities/24/08/40333362/teslas-elon-musk-warns-against-vilifying-oil-and-gas-industry-in-trump-interview-cautions-agains,"Tesla, Inc. TSLA CEO Elon Musk, who is running a company that aims to move humanity toward a sustainable energy future and away from internal combustion engine ( ICE ) vehicles, batted for the oil and gas industry in an X interview with Republican presidential candidate Donald Trump late Monday.",www.benzinga.com,0.180747,Somewhat-Bullish,XOM,0.103778,0.0,Neutral
2024-08-13 11:49:57,Exxon Mobil Reduces Staff After Pioneer Merger: Report - Exxon Mobil  ( NYSE:XOM ) ,https://www.benzinga.com/markets/equities/24/08/40335015/exxon-mobil-reduces-staff-after-pioneer-merger-report,Exxon Mobil Corporation XOM shares are trading lower premarket Tuesday. The company reportedly issued layoff notices to 59 employees as part of a workforce restructure following its $60 billion acquisition of Pioneer Natural Resources.,www.benzinga.com,0.070073,Neutral,XOM,0.561184,0.455042,Bullish
2024-08-13 11:53:00,ExxonMobil  ( XOM )  Resumes Joliet Refinery After 3-Week Outage,https://www.zacks.com/stock/news/2321145/exxonmobil-xom-resumes-joliet-refinery-after-3-week-outage,"ExxonMobil (XOM) has begun resuming its Joliet, IL, refinery after a three-week shutdown due to a power outage, tightening heavy crude discounts and easing fuel shortages across four states.",www.zacks.com,0.090372,Neutral,XOM,0.219477,-0.074687,Neutral
2024-08-14 12:33:00,"Is ExxonMobil  ( XOM )  a Buy, Hold, or Sell After Q2 Earnings?",https://www.zacks.com/stock/news/2321934/is-exxonmobil-xom-a-buy-hold-or-sell-after-q2-earnings,"Permian & Guyana presence will continue to aid ExxonMobil (XOM), which recently reported strong Q2 earnings. However, the stock is overvalued.",www.zacks.com,0.326489,Somewhat-Bullish,XOM,0.681615,0.490549,Bullish
2024-08-14 14:10:00,ExxonMobil  ( XOM )  Lays Off 59 Workers Post Pioneer Merger,https://www.zacks.com/stock/news/2322124/exxonmobil-xom-lays-off-59-workers-post-pioneer-merger,ExxonMobil (XOM) has issued layoff notices to 59 employees following its $60-billion acquisition of Pioneer Natural Resources. The move is part of the company's strategic workforce reshuffle as it integrates Pioneer's assets and personnel.,www.zacks.com,0.221253,Somewhat-Bullish,XOM,0.317254,0.085569,Neutral
2024-08-14 20:15:40,Behind the Scenes of Exxon Mobil's Latest Options Trends - Exxon Mobil  ( NYSE:XOM ) ,https://www.benzinga.com/insights/options/24/08/40379327/behind-the-scenes-of-exxon-mobils-latest-options-trends,"Whales with a lot of money to spend have taken a noticeably bearish stance on Exxon Mobil. Looking at options history for Exxon Mobil XOM we detected 27 trades. If we consider the specifics of each trade, it is accurate to state that 37% of the investors opened trades with bullish expectations ...",www.benzinga.com,0.170857,Somewhat-Bullish,XOM,0.779232,0.247157,Somewhat-Bullish
2024-08-15 12:00:00,FuelCell Energy to Show Industry How to Sustainably Create CO2 at World Brewing Congress - FuelCell Energy  ( NASDAQ:FCEL ) ,https://www.benzinga.com/pressreleases/24/08/g40392068/fuelcell-energy-to-show-industry-how-to-sustainably-create-co2-at-world-brewing-congress,"DANBURY, Conn., Aug. 15, 2024 ( GLOBE NEWSWIRE ) -- FuelCell Energy Inc. FCEL announced its participation in the World Brewing Congress, taking place August 17-20 in Minneapolis, Minn.",www.benzinga.com,0.253105,Somewhat-Bullish,XOM,0.035983,0.09484,Neutral
2024-08-15 14:00:00,CGI Group  ( GIB )  Expands Clientele With The City of New York,https://www.zacks.com/stock/news/2322642/cgi-group-gib-expands-clientele-with-the-city-of-new-york,"CGI Group (GIB) secures a five-year deal with NYC to enhance the STARS parking violation system, boosting revenue collection and system efficiency.",www.zacks.com,0.333753,Somewhat-Bullish,XOM,0.247838,0.40695,Bullish
2024-08-16 13:11:00,ExxonMobil's  ( XOM )  Seventh Guyana Oil Project Set for 2025,https://www.zacks.com/stock/news/2323124/exxonmobils-xom-seventh-guyana-oil-project-set-for-2025,"ExxonMobil's (XOM) seventh offshore oil project in Guyana, Hammerhead, is expected to increase its production capacity by 180,000 bpd, with the development plan set for early 2025.",www.zacks.com,0.170405,Somewhat-Bullish,XOM,0.20279,0.148383,Neutral
2024-08-17 10:33:00,Will Broadcom Be a Trillion-Dollar Stock by 2030?,https://www.fool.com/investing/2024/08/17/will-broadcom-be-a-trillion-dollar-stock-by-2030/,"Is Broadcom on a path to join the trillion-dollar club? The numbers suggest it's not just possible, but even quite likely.",www.fool.com,0.17492,Somewhat-Bullish,XOM,0.096671,0.056269,Neutral
2024-08-17 13:10:00,Looking for Safe Dividend Income? These 3 Stocks Have Rock-Solid Payouts.,https://www.fool.com/investing/2024/08/17/looking-for-safe-dividend-income-these-3-stocks-ha/,"These stocks pay above-average yields, and their dividend income could rise higher in the future.",www.fool.com,0.196584,Somewhat-Bullish,XOM,0.15347,0.21912,Somewhat-Bullish
2024-08-17 18:07:00,These 3 Index ETFs Are a Retiree's Best Friend,https://www.fool.com/investing/2024/08/17/these-3-index-etfs-are-a-retirees-best-friend/,"When purchased in tandem, these three investments offer everything needed in a retirement portfolio.",www.fool.com,0.266532,Somewhat-Bullish,XOM,0.044386,0.170767,Somewhat-Bullish
2024-08-19 10:20:08,Is Vanguard High Dividend Yield ETF  ( VYM )  a Strong ETF Right Now?,https://www.zacks.com/stock/news/2323501/is-vanguard-high-dividend-yield-etf-vym-a-strong-etf-right-now,Smart Beta ETF report for ...,www.zacks.com,0.254205,Somewhat-Bullish,XOM,0.116631,0.060259,Neutral
2024-08-19 12:53:00,"These Were the 5 Biggest Companies in 1994, and Here Are the 5 Biggest Companies Now",https://www.fool.com/investing/2024/08/19/5-biggest-companies-in-1994-and-5-biggest-now/,"Only one company held its spot on the list, and its revenue has increased almost tenfold.",www.fool.com,0.218913,Somewhat-Bullish,XOM,0.140896,0.162365,Somewhat-Bullish
2024-08-19 13:00:17,Exxon Mobil Corporation  ( XOM )  Is a Trending Stock: Facts to Know Before Betting on It,https://www.zacks.com/stock/news/2323623/exxon-mobil-corporation-xom-is-a-trending-stock-facts-to-know-before-betting-on-it,"Zacks.com users have recently been watching Exxon (XOM) quite a bit. Thus, it is worth knowing the facts that could determine the stock's prospects.",www.zacks.com,0.218012,Somewhat-Bullish,XOM,0.103331,0.036336,Neutral
2024-08-19 13:30:00,5 Dividend Growth Stocks to Buy and Hold Forever,https://www.fool.com/investing/2024/08/19/5-dividend-growth-stocks-to-buy-and-hold-forever/,"Dividend growth stocks offer investors a powerful combination of income and capital appreciation potential, making them attractive for long-term portfolios.",www.fool.com,0.601843,Bullish,XOM,0.1331,0.3017,Somewhat-Bullish
2024-08-20 10:20:06,Should iShares Core High Dividend ETF  ( HDV )  Be on Your Investing Radar?,https://www.zacks.com/stock/news/2324124/should-ishares-core-high-dividend-etf-hdv-be-on-your-investing-radar,Style Box ETF report for ...,www.zacks.com,0.244841,Somewhat-Bullish,XOM,0.118647,0.067448,Neutral
2024-08-20 12:29:00,3 Large Cap Energy Stocks Gaining From Automated Drilling,https://www.zacks.com/stock/news/2324277/3-large-cap-energy-stocks-gaining-from-automated-drilling,"Automated drilling leads to substantial cost savings. Thus, BP, ExxonMobil (XOM) and SLB are well-poised to gain.",www.zacks.com,0.417467,Bullish,XOM,0.271777,0.298946,Somewhat-Bullish
2024-08-20 13:00:00,Hess  ( HES )  Seeks New Partner for Block 59 Offshore Suriname,https://www.zacks.com/stock/news/2324406/hess-hes-seeks-new-partner-for-block-59-offshore-suriname,Hess (HES) has until July 2025 to seek a new partner and proceed with the exploration activities at Block 59.,www.zacks.com,0.215095,Somewhat-Bullish,XOM,0.23281,-0.084803,Neutral
2024-08-20 15:00:43,What the Options Market Tells Us About Exxon Mobil - Exxon Mobil  ( NYSE:XOM ) ,https://www.benzinga.com/insights/options/24/08/40465645/what-the-options-market-tells-us-about-exxon-mobil,"Deep-pocketed investors have adopted a bullish approach towards Exxon Mobil XOM, and it's something market players shouldn't ignore. Our tracking of public options records at Benzinga unveiled this significant move today.",www.benzinga.com,0.223425,Somewhat-Bullish,XOM,0.727604,0.266401,Somewhat-Bullish
2024-08-20 16:16:17,Arbitration To Uncover Hidden Value Of Hess' Guyana Oil Assets In Exxon Mobil vs. Chevron Dispute: Report - Exxon Mobil  ( NYSE:XOM ) ,https://www.benzinga.com/markets/equities/24/08/40467815/arbitration-to-uncover-hidden-value-of-hess-guyana-oil-assets-in-exxon-mobil-vs-chevron-dispute-,Exxon Mobil Corporation XOM shares are trading lower on Tuesday. An arbitration panel deciding the high-profile dispute between Exxon Mobil and Chevron Corporation CVX will reportedly examine the hidden value of Hess Corporation's HES oil assets in Guyana.,www.benzinga.com,0.122734,Neutral,XOM,0.610896,0.220236,Somewhat-Bullish
2024-08-21 09:43:00,"EVA Resins & Films Market Size to be Worth USD 6.8 billion by 2031, Growing at CAGR of 6.3% | Exclusive Report by Transparency Market Research, Inc.",https://www.benzinga.com/pressreleases/24/08/g40480150/eva-resins-films-market-size-to-be-worth-usd-6-8-billion-by-2031-growing-at-cagr-of-6-3-exclusive-,"Wilmington, Delaware, United States, Transparency Market Research Inc.-, Aug. 21, 2024 ( GLOBE NEWSWIRE ) -- According to Transparency Market Research ( TMR ) , the global EVA resins & films market ( EVA樹脂・フィルム市場 ) estimated to reach US$ 6.8 Bn by the end of 2031 from US$ 4.6 Bn in 2022 at a ...",www.benzinga.com,0.161952,Somewhat-Bullish,XOM,0.036146,0.026936,Neutral
2024-08-21 11:21:00,The Secret's Out: Buy This Magnificent High-Yield Dividend Stock Before Wall Street Catches On,https://www.fool.com/investing/2024/08/21/secrets-out-buy-this-magnificent-high-yield-divide/,Delek Logistics Partners continues to deliver more income to its investors.,www.fool.com,0.277516,Somewhat-Bullish,XOM,0.057215,0.067017,Neutral
2024-08-21 12:28:00,Oil & Gas Stock Roundup: Shell in Australia & SLB in Russia Make Headlines,https://www.zacks.com/stock/news/2324902/oil-gas-stock-roundup-shell-in-australia-slb-in-russia-make-headlines,"SHEL,SLB, XOM, MRO and NEXT emerge as the energy headline makers during the week.",www.zacks.com,0.083439,Neutral,XOM,0.119681,0.098333,Neutral
2024-08-21 12:39:00,3 Vanguard Mutual Funds to Buy With Rate Cuts on the Horizon,https://www.zacks.com/stock/news/2324808/3-vanguard-mutual-funds-to-buy-with-rate-cuts-on-the-horizon,"Invest in Vanguard mutual funds like VGENX, VWNDX and VEIPX for high returns and risk reduction as the first rate cut appears on the horizon.",www.zacks.com,0.231285,Somewhat-Bullish,XOM,0.049835,0.108222,Neutral
2024-08-21 12:41:00,HCA Healthcare and Adams Resources & Energy have been highlighted as Zacks Bull and Bear of the Day,https://www.zacks.com/stock/news/2324811/hca-healthcare-and-adams-resources-energy-have-been-highlighted-as-zacks-bull-and-bear-of-the-day,"Chicago, IL - August 21, 2024 - Zacks Equity Research shares HCA Healthcare ( HCA Quick QuoteHCA - ) as the Bull of the Day and Adams Resources & Energy ( AE Quick QuoteAE - ) as the Bear of the Day.",www.zacks.com,0.301468,Somewhat-Bullish,XOM,0.125134,0.15786,Somewhat-Bullish
2024-08-21 13:30:12,Exxon  ( XOM )  Is Considered a Good Investment by Brokers: Is That True?,https://www.zacks.com/stock/news/2324914/exxon-xom-is-considered-a-good-investment-by-brokers-is-that-true,"Based on the average brokerage recommendation (ABR), Exxon (XOM) should be added to one's portfolio. Wall Street analysts' overly optimistic recommendations cast doubt on the effectiveness of this highly sought-after metric. So, is the stock worth buying?",www.zacks.com,0.281292,Somewhat-Bullish,XOM,0.054732,0.14283,Neutral
2024-08-22 08:22:00,Forget ExxonMobil: Buy This High-Yield Dividend Stock Instead,https://www.fool.com/investing/2024/08/22/forget-exxon-mobil-buy-this-high-yield-dividend-st/,A more attractive valuation and impressive operational performance make this stock a better buy than its more-famous peer.,www.fool.com,0.308742,Somewhat-Bullish,XOM,0.188193,0.169872,Somewhat-Bullish
2024-08-22 08:38:00,Stock Market Sell-Off: Here Are the 3 Best Vanguard ETFs to Buy on the Dip,https://www.fool.com/investing/2024/08/22/stock-market-sell-off-here-are-the-3-best-vanguard/,Learn which Vanguard ETFs are best for buying when the market has a short-term drop.,www.fool.com,0.254576,Somewhat-Bullish,XOM,0.050679,0.129327,Neutral
2024-08-22 09:41:00,"3 High-Yield Dividend Stocks That Could Soar More than 20%, According to Wall Street",https://www.fool.com/investing/2024/08/22/3-high-yield-dividend-stocks-that-could-soar-more/,"Even if analysts' price targets aren't reached, these stocks should pay investors handsomely to own them.",www.fool.com,0.199916,Somewhat-Bullish,XOM,0.102668,-0.047669,Neutral
2024-08-22 11:41:00,Big Oil Battle: ExxonMobil and Chevron Are Fighting Over This Oil-Rich Spot,https://www.fool.com/investing/2024/08/22/big-oil-battle-exxonmobil-and-chevron-are-fighting/,Exxon would love to own more of its offshore development in Guyana or at least keep it out of Chevron's hands.,www.fool.com,0.289049,Somewhat-Bullish,XOM,0.092927,0.120099,Neutral
2024-08-22 11:54:00,Does a Hike Make Murphy USA  ( MUSA )  a Good Dividend Stock?,https://www.zacks.com/stock/news/2325474/does-a-hike-make-murphy-usa-musa-a-good-dividend-stock,Murphy USA's (MUSA) policy dictates that it ploughs back a small portion of its capital in paying dividends.,www.zacks.com,0.373563,Bullish,XOM,0.210579,0.243571,Somewhat-Bullish
2024-08-23 07:44:00,"Ethyl Tertiary-butyl Ether Market Size & Share to Surpass USD 15.6 billion by 2034 | Analysis by Transparency Market Research, Inc.",https://www.benzinga.com/pressreleases/24/08/g40522515/ethyl-tertiary-butyl-ether-market-size-share-to-surpass-usd-15-6-billion-by-2034-analysis-by-trans,"Wilmington, Delaware, United States, Transparency Market Research Inc. -, Aug. 23, 2024 ( GLOBE NEWSWIRE ) -- The global ethyl tertiary-butyl ether market ( 에틸 3차-부틸 에테르 시장 ) is estimated to flourish at a CAGR of 9.1% from 2024 to 2034.",www.benzinga.com,0.345115,Somewhat-Bullish,XOM,0.074576,0.083598,Neutral
2024-08-23 12:02:00,5 Top No-Load Mutual Funds to Add to Your Portfolio,https://www.zacks.com/stock/news/2326175/5-top-no-load-mutual-funds-to-add-to-your-portfolio,"Invest in no-load mutual funds like FSENX, FSELX, MLPTX, VSMIX and DRGVX that have performed well so far and will continue to give high returns in the future.",www.zacks.com,0.148807,Neutral,XOM,0.033846,0.046988,Neutral
2024-08-24 09:04:00,This 3%-Yielding Energy Stock Raised Its Dividend Through the Past 4 Recessions,https://www.fool.com/investing/2024/08/24/this-3-yielding-energy-stock-raised-its-dividend-t/,ExxonMobil is a dividend-paying machine.,www.fool.com,0.239134,Somewhat-Bullish,XOM,0.206245,0.219918,Somewhat-Bullish
2024-08-24 11:45:00,1 Dividend Growth ETF That Can Turbocharge Your Portfolio,https://www.fool.com/investing/2024/08/24/1-dividend-growth-etf-that-can-turbocharge-your-po/,The iShares Core Dividend Growth ETF offers investors exposure to high-quality companies with a history of consistent dividend growth.,www.fool.com,0.519426,Bullish,XOM,0.058188,0.281063,Somewhat-Bullish
2024-08-24 15:05:00,"Meet the Supercharged Growth Stock That Could Join Apple, Microsoft, and Nvidia in the $3 Trillion Club by 2031",https://www.fool.com/investing/2024/08/24/meet-the-supercharged-growth-stock-that-could-join/,Strong growth and secular tailwinds should help drive this tech titan to new heights.,www.fool.com,0.33212,Somewhat-Bullish,XOM,0.046273,0.169329,Somewhat-Bullish
2024-08-24 22:59:00,Is ExxonMobil a Millionaire Maker?,https://www.fool.com/investing/2024/08/24/is-exxonmobil-a-millionaire-maker/,"ExxonMobil is a well-run energy company, but it is still beholden to the volatility of oil prices.",www.fool.com,0.371138,Bullish,XOM,0.552443,0.322719,Somewhat-Bullish
2024-08-25 10:26:00,Chevron Continues to Take Steps to Capture This Potentially $4 Trillion Opportunity  ( But it Remains Well Behind Rival ExxonMobil ) ,https://www.fool.com/investing/2024/08/25/chevron-continues-to-take-steps-to-capture-this-po/,Carbon capture and storage could be a very lucrative market opportunity for oil companies.,www.fool.com,0.25575,Somewhat-Bullish,XOM,0.107255,0.168521,Somewhat-Bullish
2024-08-25 15:43:00,2 Tech Stocks You Can Buy and Hold for the Next Decade,https://www.fool.com/investing/2024/08/25/2-tech-stocks-you-can-buy-and-hold-for-10-years/,These stocks have a lot going for them.,www.fool.com,0.211487,Somewhat-Bullish,XOM,0.066414,0.096176,Neutral
2024-08-26 10:19:00,3 Franklin Templeton Mutual Funds for Sustainable Returns,https://www.zacks.com/stock/news/2326741/3-franklin-templeton-mutual-funds-for-sustainable-returns,"Franklin Templeton mutual funds like FQTEX, FNRAX and FKINX are wise picks for strategic, sustainable investing.",www.zacks.com,0.253093,Somewhat-Bullish,XOM,0.066784,0.0,Neutral
2024-08-26 10:30:00,"White Spirit Market is Anticipated to Expand at 4.2% CAGR, Reaching US$ 11.4 Billion by 2034 | Fact.MR Report",https://www.benzinga.com/pressreleases/24/08/g40548317/white-spirit-market-is-anticipated-to-expand-at-4-2-cagr-reaching-us-11-4-billion-by-2034-fact-mr-,"Rockville, MD, Aug. 26, 2024 ( GLOBE NEWSWIRE ) -- According to a new industry report compiled by skilled analysts at Fact.MR, worldwide revenue from the white spirit market is projected to reach US$ 7.56 billion in 2024 and thereafter increase at a CAGR of 4.2% from 2024 to 2034.",www.benzinga.com,0.376192,Bullish,XOM,0.041682,0.026448,Neutral
2024-08-26 11:42:00,"Want $1,000 in Dividend Income? Here's How Much You Have to Invest in ExxonMobil Stock.",https://www.fool.com/investing/2024/08/26/want-1000-in-dividend-income-exxonmobil/,"It will take a significant investment, but after that income will start flowing -- and will likely increase over time.",www.fool.com,0.42835,Bullish,XOM,0.535653,0.480529,Bullish
2024-08-26 15:18:17,Warren Buffett's Oil Pick Just Made Death Cross: Should Chevron Investors Be Concerned? - Chevron  ( NYSE:CVX ) ,https://www.benzinga.com/trading-ideas/technicals/24/08/40556031/warren-buffetts-oil-pick-just-made-a-death-cross-should-chevron-investors-be-concerned,"Legendary investor Warren Buffett's oil pick - Chevron Corp CVX - is currently navigating choppy waters. Chevron, a titan in the global energy sector, is the fifth-largest holding of the ""Oracle of Omaha's"" Berkshire Hathaway Inc BRK BRK portfolio.",www.benzinga.com,-0.191884,Somewhat-Bearish,XOM,0.076847,-0.185651,Somewhat-Bearish
2024-08-26 15:39:06,Exxon Bets Big On Oil: Expects Crude Demand To Defy Green Transition - Exxon Mobil  ( NYSE:XOM ) ,https://www.benzinga.com/markets/equities/24/08/40556466/exxon-bets-big-on-oil-expects-crude-demand-to-defy-green-transition,"Exxon Mobil Corporation XOM shares are trading higher on Monday. In its latest global oil outlook, the company stated that it expects crude demand to remain above 100 million barrels per day through 2050.",www.benzinga.com,0.121986,Neutral,XOM,0.350564,0.221753,Somewhat-Bullish
2024-08-26 21:13:24,Exxon still expects fossil fuels to make up the majority of energy market in 25 years,https://www.cnbc.com/2024/08/26/exxon-still-sees-fossil-fuels-as-majority-of-energy-market-in-25-years.html,Stubborn oil and gas demand jeopardizes the goal of achieving net-zero carbon dioxide emissions by 2050 to keep global warming in check.,www.cnbc.com,-0.071977,Neutral,XOM,0.077593,0.127755,Neutral
2024-08-27 10:41:00,Here Are 2 Great Vanguard Dividend ETFs: Which Is Right For You?,https://www.fool.com/investing/2024/08/27/here-are-2-great-vanguard-dividend-etfs-which-is-r/,"Now could be a great time to buy excellent dividend stocks, but these two ETFs have different approaches.",www.fool.com,0.3231,Somewhat-Bullish,XOM,0.135347,0.065707,Neutral
2024-08-27 10:43:00,Prediction: Chevron Will Prevail Over ExxonMobil and Close This Needle-Moving Acquisition,https://www.fool.com/investing/2024/08/27/prediction-chevron-will-prevail-over-exxonmobil-an/,Chevron's patience should pay off.,www.fool.com,0.308393,Somewhat-Bullish,XOM,0.097457,0.06233,Neutral
2024-08-27 13:29:00,"Company News for Aug 27, 2024",https://www.zacks.com/stock/news/2327533/company-news-for-aug-27-2024,Companies in The News Are: ...,www.zacks.com,0.198146,Somewhat-Bullish,XOM,0.659096,0.886211,Bullish
2024-08-27 13:30:00,"Despite Falling Oil Prices, 3 High-Yield Dividend Stocks to Buy Now",https://www.fool.com/investing/2024/08/27/buy-high-yield-dividend-stock-energy-oil-prices/,Generate gobs of passive income from these energy stocks.,www.fool.com,0.392484,Bullish,XOM,0.038101,0.235239,Somewhat-Bullish
2024-08-27 16:57:00,"ExxonMobil Warns of Oil Supply Risks, Prices Could Surge 5X",https://www.zacks.com/stock/news/2327898/exxonmobil-warns-of-oil-supply-risks-prices-could-surge-5x,"XOM's analysis suggests that without sustained investment, global oil supply could shrink to 30 million bpd as early as 2030, potentially driving oil prices fivefold.",www.zacks.com,0.050911,Neutral,XOM,0.456544,-0.064518,Neutral
2024-08-27 17:04:38,Exxon Mobil  ( XOM )  technical analysis: Feel The Resistance - Exxon Mobil  ( NYSE:XOM ) ,https://www.benzinga.com/trading-ideas/technicals/24/08/40583196/stock-of-the-day-exxon-mobil-hits-a-ceiling,"Resistance levels are a large concentration of traders and investors who are looking to sell their shares at, or close to, the same price. The ""level"" is typically more of a range than a particular price. Sometimes these levels and ranges are clear and well-defined.",www.benzinga.com,0.051657,Neutral,XOM,0.432291,0.068397,Neutral
2024-08-28 10:20:07,Should You Invest in the SPDR S&P Oil & Gas Exploration & Production ETF  ( XOP ) ?,https://www.zacks.com/stock/news/2328007/should-you-invest-in-the-spdr-sp-oil-gas-exploration-production-etf-xop,Sector ETF report for ...,www.zacks.com,0.28376,Somewhat-Bullish,XOM,0.116914,0.067048,Neutral
2024-08-28 10:43:26,Exxon Mobil Eyes Permian Assets Sale To Fuel Shale Expansion: Report - Exxon Mobil  ( NYSE:XOM ) ,https://www.benzinga.com/markets/equities/24/08/40596410/exxon-mobil-eyes-permian-assets-sale-to-fuel-shale-expansion-report,"Exxon Mobil Corporation XOM is reportedly planning to sell conventional oil assets in the Permian Basin, which could be valued at $1 billion. The company is planning to shift its focus to expanding shale production following the completion of $60 billion acquisition of Pioneer Natural Resources ...",www.benzinga.com,0.236081,Somewhat-Bullish,XOM,0.553595,0.099682,Neutral
2024-08-28 11:51:00,ExxonMobil Plans $1B Sale of Permian Assets Amid Shale Focus,https://www.zacks.com/stock/news/2328085/exxonmobil-plans-1b-sale-of-permian-assets-amid-shale-focus,"XOM intends to sell Permian Basin assets, including conventional wells, for $1 billion, as part of its strategy to enhance shale production post-Pioneer acquisition.",www.zacks.com,0.359161,Bullish,XOM,0.211191,0.13376,Neutral
2024-08-28 13:32:00,Here's Why Retain Strategy is Apt for Phillips 66 Stock Now,https://www.zacks.com/stock/news/2328326/heres-why-retain-strategy-is-apt-for-phillips-66-stock-now,"PSX focuses more on businesses like midstream, renewables and chemicals. This makes the company's business model more stable.",www.zacks.com,0.245898,Somewhat-Bullish,XOM,0.324495,0.135613,Neutral
2024-08-28 16:45:55,This Is What Whales Are Betting On Exxon Mobil - Exxon Mobil  ( NYSE:XOM ) ,https://www.benzinga.com/insights/options/24/08/40607275/this-is-what-whales-are-betting-on-exxon-mobil,"Investors with a lot of money to spend have taken a bullish stance on Exxon Mobil XOM. We noticed this today when the trades showed up on publicly available options history that we track here at Benzinga. Whether these are institutions or just wealthy individuals, we don't know.",www.benzinga.com,0.191267,Somewhat-Bullish,XOM,0.705186,0.332002,Somewhat-Bullish
2024-08-29 08:41:00,"All It Takes Is $2,500 Invested in Walmart and Each of These 2 Dow Dividend Stocks to Generate Over $200 in Passive Income Per Year",https://www.fool.com/investing/2024/08/29/all-it-takes-is-2500-invested-in-walmart-and-each/,These industry-leading companies should continue rewarding investors with dividend raises for years to come.,www.fool.com,0.317097,Somewhat-Bullish,XOM,0.039944,0.134386,Neutral
2024-08-29 08:53:00,2 Warren Buffett Dividend Stocks to Buy Now,https://www.fool.com/investing/2024/08/29/2-warren-buffett-dividend-stocks-to-buy-now/,These top stocks are set to boost their cash payments to investors for many years to come.,www.fool.com,0.360751,Bullish,XOM,0.059636,0.149168,Neutral
2024-08-29 12:28:00,"After Closing a $60 Billion Acquisition, ExxonMobil Is Doing a Little Housekeeping",https://www.fool.com/investing/2024/08/29/after-closing-a-60-billion-acquisition-exxonmobil/,ExxonMobil is selling some noncore assets to sharpen its focus on its best assets.,www.fool.com,0.31008,Somewhat-Bullish,XOM,0.389744,0.312267,Somewhat-Bullish
2024-08-30 10:20:06,Is iShares Core Dividend Growth ETF  ( DGRO )  a Strong ETF Right Now?,https://www.zacks.com/stock/news/2329325/is-ishares-core-dividend-growth-etf-dgro-a-strong-etf-right-now,Smart Beta ETF report for ...,www.zacks.com,0.292002,Somewhat-Bullish,XOM,0.116914,0.061438,Neutral
2024-08-30 13:00:17,Exxon Mobil Corporation  ( XOM )  is Attracting Investor Attention: Here is What You Should Know,https://www.zacks.com/stock/news/2329428/exxon-mobil-corporation-xom-is-attracting-investor-attention-here-is-what-you-should-know,"Exxon (XOM) has been one of the stocks most watched by Zacks.com users lately. So, it is worth exploring what lies ahead for the stock.",www.zacks.com,0.246874,Somewhat-Bullish,XOM,0.102888,0.075957,Neutral
2024-08-30 17:31:00,ExxonMobil Seeks 3-Year Extension for Golden Pass LNG Project,https://www.zacks.com/stock/news/2329943/exxonmobil-seeks-3-year-extension-for-golden-pass-lng-project,"XOM and QatarEnergy request a three-year extension from regulators for the Golden Pass LNG project, citing contractor changes and potential weather disruptions.",www.zacks.com,0.239997,Somewhat-Bullish,XOM,0.30021,0.303253,Somewhat-Bullish
2024-08-30 17:38:00,"TechnipFMC's Stock Is Soaring, But Is It Time to Buy FTI?",https://www.zacks.com/stock/news/2329945/technipfmcs-stock-is-soaring-but-is-it-time-to-buy-fti,FTI's total backlog reached a historic high of $13.9 million in the second quarter of 2024.,www.zacks.com,0.452167,Bullish,XOM,0.056275,0.197091,Somewhat-Bullish
2024-08-31 10:30:00,The Smartest High-Yield Energy Stock to Buy With $500 Right Now,https://www.fool.com/investing/2024/08/31/smart-high-yield-energy-stock-to-buy-right-now/,"If you are looking for big yields in the energy patch, this midstream giant is boring, reliable, and paying out a 7.1% yield.",www.fool.com,0.270087,Somewhat-Bullish,XOM,0.064276,0.11075,Neutral
