date,ticker,embedding_distance,finbert
2024-04-01 13:00:00,MCD,10.244351,"[5.731507301330566, -5.24490213394165, -3.424541711807251]"
2024-04-01 13:00:00,MCD,9.241137,"[6.909984111785889, -2.5745677947998047, -7.432633876800537]"
2024-04-01 13:00:00,MCD,11.218106,"[1.848434567451477, -1.6022709608078003, -4.3535637855529785]"
2024-04-01 13:00:00,MCD,11.218106,"[1.848434567451477, -1.6022709608078003, -4.3535637855529785]"
2024-04-01 13:00:00,MCD,11.218106,"[1.848434567451477, -1.6022709608078003, -4.3535637855529785]"
2024-04-01 13:00:00,MCD,11.218106,"[1.848434567451477, -1.6022709608078003, -4.3535637855529785]"
2024-04-01 13:00:00,MCD,11.218106,"[1.848434567451477, -1.6022709608078003, -4.3535637855529785]"
2024-04-01 13:00:00,MCD,9.225961,"[6.728692531585693, -1.5999284982681274, -7.543745040893555]"
2024-04-01 13:00:00,MCD,8.893892,"[7.3733086585998535, -1.7153807878494263, -7.628302097320557]"
2024-04-01 13:00:00,MCD,9.165597,"[-0.8262524008750916, 7.2471232414245605, -7.913524150848389]"
2024-04-01 13:00:00,MCD,8.889516,"[8.024691581726074, -3.555659770965576, -6.2340803146362305]"
2024-04-01 13:00:00,MCD,9.391597,"[9.186121940612793, -5.070741176605225, -5.151568412780762]"
2024-04-01 13:00:00,MCD,8.994099,"[8.552215576171875, -4.127956867218018, -5.461328506469727]"
2024-04-01 13:00:00,MCD,8.779634,"[8.90052318572998, -5.858677864074707, -4.074682712554932]"
2024-04-01 13:00:00,MCD,9.930739,"[2.191699266433716, 2.3822669982910156, -7.9432373046875]"
2024-04-01 13:00:00,MCD,9.399583,"[8.115774154663086, -4.201010227203369, -5.4144206047058105]"
2024-04-01 13:00:00,MCD,9.201615,"[2.4758365154266357, 2.2803473472595215, -7.584493637084961]"
2024-04-01 13:00:00,MCD,9.294882,"[-2.9659626483917236, 6.3501811027526855, -4.523776531219482]"
2024-04-01 13:00:00,MCD,8.804175,"[10.523174285888672, -7.103757381439209, -5.375998497009277]"
2024-04-01 13:00:00,MCD,9.177212,"[4.466945171356201, -4.5717668533325195, -3.2381439208984375]"
2024-04-01 13:00:00,MCD,9.006814,"[5.057703495025635, -4.430444240570068, -2.916677474975586]"
2024-04-01 13:00:00,MCD,8.850449,"[3.427678346633911, -4.257951259613037, -2.444383144378662]"
2024-04-01 13:00:00,MCD,8.160029,"[2.804785966873169, -4.046164035797119, -2.185696601867676]"
2024-04-01 13:00:00,MCD,8.98159,"[4.4784932136535645, -2.834512948989868, -3.194960117340088]"
2024-04-01 13:00:00,MCD,10.148085,"[2.054067373275757, -3.02908992767334, -3.6464548110961914]"
2024-04-01 13:00:00,MCD,9.630891,"[5.013726234436035, -4.186927318572998, 0.10125191509723663]"
2024-04-01 13:00:00,MCD,9.1420765,"[-0.5255511403083801, 5.679527282714844, -7.923130989074707]"
2024-04-01 13:00:00,MCD,11.218106,"[1.848434567451477, -1.6022709608078003, -4.3535637855529785]"
2024-04-04 18:52:10,MCD,10.325666,"[4.16231107711792, -3.789390802383423, -4.231084823608398]"
2024-04-04 18:52:10,MCD,13.3994,"[3.8355038166046143, -4.377220630645752, -4.029026031494141]"
2024-04-04 18:52:10,MCD,11.068309,"[2.10292387008667, -0.37941303849220276, -4.859469890594482]"
2024-04-04 18:52:10,MCD,9.984598,"[3.972385883331299, -4.567516803741455, -4.297398567199707]"
2024-04-04 18:52:10,MCD,10.559978,"[2.910181760787964, -3.597045421600342, -4.338726043701172]"
2024-04-04 18:52:10,MCD,9.532482,"[5.303914546966553, -6.434067249298096, -3.840749740600586]"
2024-04-04 18:52:10,MCD,11.013147,"[-0.4855438470840454, 1.833227515220642, -4.870357990264893]"
2024-04-04 18:52:10,MCD,10.57051,"[-5.676391124725342, 6.007791519165039, -0.8220159411430359]"
2024-04-04 18:52:10,MCD,10.184549,"[4.533871173858643, -3.829380989074707, -4.713354110717773]"
2024-04-04 18:52:10,MCD,9.77946,"[2.8354384899139404, -3.001451015472412, -4.477413177490234]"
2024-04-04 18:52:10,MCD,10.759791,"[3.480414867401123, -5.599874496459961, -0.6635869145393372]"
2024-04-04 18:52:10,MCD,10.1239805,"[2.446321487426758, -3.411001205444336, -2.1795337200164795]"
2024-04-04 18:52:10,MCD,9.8883295,"[3.3949801921844482, -2.9327073097229004, -5.332651138305664]"
2024-04-04 18:52:10,MCD,10.917358,"[3.9743998050689697, -3.8533568382263184, -3.0481600761413574]"
2024-04-04 18:52:10,MCD,9.576836,"[1.578355073928833, -0.5378933548927307, -4.849958419799805]"
2024-04-04 18:52:10,MCD,9.828591,"[2.205059289932251, -3.0662248134613037, -3.8933236598968506]"
2024-04-04 18:52:10,MCD,9.1577635,"[3.9857065677642822, -2.9797067642211914, -4.649662017822266]"
2024-04-04 18:52:10,MCD,10.1261835,"[3.465381383895874, -3.5039966106414795, -2.961984395980835]"
2024-04-04 18:52:10,MCD,11.195128,"[0.9642913341522217, -1.6239912509918213, -1.579039454460144]"
2024-04-04 18:52:10,MCD,11.056961,"[5.847790241241455, -4.184556484222412, -4.431257247924805]"
2024-04-04 18:52:10,MCD,11.343543,"[1.7215297222137451, -1.920310378074646, -4.3819780349731445]"
2024-04-04 18:52:10,MCD,11.736418,"[1.258012294769287, -1.4477421045303345, -4.540355682373047]"
2024-04-04 18:52:10,MCD,9.8445215,"[1.4889110326766968, -2.0680975914001465, -1.9828466176986694]"
2024-04-04 18:52:10,MCD,11.963107,"[-0.15342354774475098, -0.900779664516449, -2.5737738609313965]"
2024-04-04 18:52:10,MCD,11.196615,"[2.0892574787139893, -3.0682172775268555, -3.4548468589782715]"
2024-04-04 18:52:10,MCD,11.457289,"[2.597339153289795, -3.492155075073242, -4.232775688171387]"
2024-04-04 18:52:10,MCD,8.432669,"[2.0897223949432373, -1.9909175634384155, -3.7339043617248535]"
2024-04-04 18:52:10,MCD,9.832568,"[3.6792232990264893, -4.025442600250244, -2.8755006790161133]"
2024-04-04 18:52:10,MCD,9.352336,"[1.8297512531280518, -2.560978651046753, -3.257084846496582]"
2024-04-04 18:52:10,MCD,11.218106,"[1.848434567451477, -1.6022709608078003, -4.3535637855529785]"
2024-04-04 18:52:10,MCD,10.367558,"[2.871068239212036, -3.8556056022644043, -0.7250770926475525]"
2024-04-04 18:52:10,MCD,9.702397,"[2.4864883422851562, -3.66121768951416, -3.100708246231079]"
2024-04-04 18:52:10,MCD,9.540402,"[5.043460845947266, -3.2820115089416504, -2.0326356887817383]"
2024-04-04 18:52:10,MCD,9.629196,"[1.993008017539978, -1.4680284261703491, -3.5683603286743164]"
2024-04-04 18:52:10,MCD,9.008393,"[5.354507923126221, -6.416888236999512, -1.089040756225586]"
2024-04-04 18:52:10,MCD,8.27573,"[-0.16378827393054962, 5.213744640350342, -8.61074447631836]"
2024-04-04 18:52:10,MCD,11.871638,"[7.1690778732299805, -6.618923664093018, -2.8216280937194824]"
2024-04-04 18:52:10,MCD,9.596646,"[7.487295150756836, -7.199887752532959, -3.6578102111816406]"
2024-04-04 18:52:10,MCD,9.987788,"[7.174818515777588, -4.51016902923584, -3.9077446460723877]"
2024-04-04 18:52:10,MCD,11.218106,"[1.848434567451477, -1.6022709608078003, -4.3535637855529785]"
2024-04-04 18:52:32,MCD,7.676356,"[5.127309799194336, -4.322664737701416, -3.3594985008239746]"
2024-04-04 18:52:32,MCD,11.871638,"[7.1690778732299805, -6.618923664093018, -2.8216280937194824]"
2024-04-04 18:52:32,MCD,9.256497,"[7.65207576751709, -6.533320903778076, -2.3610899448394775]"
2024-04-04 18:52:32,MCD,9.987788,"[7.174818515777588, -4.51016902923584, -3.9077446460723877]"
2024-04-04 18:52:32,MCD,11.218106,"[1.848434567451477, -1.6022709608078003, -4.3535637855529785]"
2024-04-05 14:33:48,MCD,8.272101,"[8.226348876953125, -6.964456081390381, -4.582676410675049]"
2024-04-05 14:33:48,MCD,8.0392,"[7.865217685699463, -4.578963279724121, -6.661362648010254]"
2024-04-05 14:33:48,MCD,8.820569,"[8.04084300994873, -5.596249103546143, -5.939120292663574]"
2024-04-05 14:33:48,MCD,8.87606,"[6.32942533493042, -7.140457630157471, -2.842956066131592]"
2024-04-05 14:33:48,MCD,8.825606,"[-1.389690637588501, -5.892004489898682, 11.062392234802246]"
2024-04-05 14:33:48,MCD,8.279062,"[-3.051846742630005, 7.553042411804199, -6.588712692260742]"
2024-04-05 14:33:48,MCD,8.431631,"[6.798964023590088, -7.979791164398193, -3.5157370567321777]"
2024-04-05 14:33:48,MCD,8.85505,"[-4.961617946624756, -0.13691413402557373, 6.631214141845703]"
2024-04-05 14:33:48,MCD,9.698352,"[0.48977208137512207, -4.688066482543945, 3.3740193843841553]"
2024-04-05 14:33:48,MCD,9.346425,"[5.0701422691345215, -3.5546116828918457, -3.9550366401672363]"
2024-04-05 14:33:48,MCD,9.630891,"[5.013726234436035, -4.186927318572998, 0.10125191509723663]"
2024-04-05 14:33:48,MCD,9.1420765,"[-0.5255511403083801, 5.679527282714844, -7.923130989074707]"
2024-04-05 14:33:48,MCD,11.218106,"[1.848434567451477, -1.6022709608078003, -4.3535637855529785]"
2024-04-05 18:09:09,MCD,9.36135,"[-5.1443352699279785, 10.169044494628906, -8.361915588378906]"
2024-04-05 18:09:09,MCD,9.06526,"[1.9446781873703003, 1.2397693395614624, -8.580205917358398]"
2024-04-05 18:09:09,MCD,9.118172,"[6.606138706207275, -3.6463840007781982, -6.035043716430664]"
2024-04-05 18:09:09,MCD,9.362747,"[-6.876641273498535, 12.122678756713867, -7.169723987579346]"
2024-04-05 18:09:09,MCD,10.0137205,"[7.355371952056885, -5.755183696746826, -5.091660022735596]"
2024-04-05 18:09:09,MCD,10.011127,"[3.9844119548797607, -6.262453556060791, -1.67349374294281]"
2024-04-05 18:09:09,MCD,10.081922,"[3.0325534343719482, -1.5890939235687256, -5.458268642425537]"
2024-04-05 18:09:09,MCD,9.352773,"[7.5833353996276855, -6.242735385894775, -6.519162178039551]"
2024-04-05 18:09:09,MCD,9.333136,"[-2.8131487369537354, 5.7152323722839355, -7.399925231933594]"
2024-04-05 18:09:09,MCD,9.841484,"[-3.4796156883239746, 9.723823547363281, -10.368995666503906]"
2024-04-05 18:09:09,MCD,9.847233,"[3.8953609466552734, -3.987098217010498, -2.4940414428710938]"
2024-04-05 18:09:09,MCD,9.14765,"[6.917529582977295, -5.360856533050537, -4.387686729431152]"
2024-04-05 18:09:09,MCD,9.630891,"[5.013726234436035, -4.186927318572998, 0.10125191509723663]"
2024-04-05 18:09:09,MCD,9.358052,"[2.60394287109375, 3.330199718475342, -7.848095893859863]"
2024-04-05 18:09:09,MCD,9.1420765,"[-0.5255511403083801, 5.679527282714844, -7.923130989074707]"
2024-04-05 18:09:09,MCD,11.218106,"[1.848434567451477, -1.6022709608078003, -4.3535637855529785]"
2024-04-11 13:23:00,MCD,9.335732,"[3.304565191268921, 1.3400572538375854, -6.300769329071045]"
2024-04-11 13:23:00,MCD,8.538065,"[7.4002299308776855, -6.0687432289123535, -3.308053731918335]"
2024-04-11 13:23:00,MCD,9.835962,"[4.798973083496094, -5.50200080871582, -2.50998592376709]"
2024-04-11 13:23:00,MCD,11.218106,"[1.848434567451477, -1.6022709608078003, -4.3535637855529785]"
2024-04-11 13:23:00,MCD,9.835962,"[4.798973083496094, -5.50200080871582, -2.50998592376709]"
2024-04-11 13:23:00,MCD,11.218106,"[1.848434567451477, -1.6022709608078003, -4.3535637855529785]"
2024-04-11 13:23:00,MCD,8.838867,"[8.532081604003906, -5.883473873138428, -3.245513916015625]"
2024-04-11 13:23:00,MCD,9.585106,"[2.857837200164795, -2.01676607131958, -0.17568987607955933]"
2024-04-11 13:23:00,MCD,10.117953,"[2.7887375354766846, -3.304792642593384, -3.5668649673461914]"
2024-04-11 13:23:00,MCD,8.601694,"[3.6865463256835938, -3.3298282623291016, -3.6140620708465576]"
2024-04-11 13:23:00,MCD,9.435831,"[4.529792785644531, -4.696249008178711, -1.882466197013855]"
2024-04-11 13:23:00,MCD,11.19978,"[4.824501991271973, -3.9707608222961426, -4.26079797744751]"
2024-04-11 13:23:00,MCD,11.218106,"[1.848434567451477, -1.6022709608078003, -4.3535637855529785]"
2024-04-11 13:23:00,MCD,9.374406,"[8.572879791259766, -6.474770545959473, -4.529693126678467]"
2024-04-11 13:23:00,MCD,11.218106,"[1.848434567451477, -1.6022709608078003, -4.3535637855529785]"
2024-04-11 13:23:00,MCD,11.218106,"[1.848434567451477, -1.6022709608078003, -4.3535637855529785]"
2024-04-11 13:23:00,MCD,11.218106,"[1.848434567451477, -1.6022709608078003, -4.3535637855529785]"
2024-04-11 13:23:00,MCD,9.274677,"[-4.566003322601318, 8.833878517150879, -8.185059547424316]"
2024-04-11 13:23:00,MCD,11.218106,"[1.848434567451477, -1.6022709608078003, -4.3535637855529785]"
2024-04-11 13:23:00,MCD,11.218106,"[1.848434567451477, -1.6022709608078003, -4.3535637855529785]"
2024-04-11 13:23:00,MCD,11.218106,"[1.848434567451477, -1.6022709608078003, -4.3535637855529785]"
2024-04-11 13:23:00,MCD,10.462203,"[4.674453258514404, -5.219736099243164, -2.6967506408691406]"
2024-04-11 13:23:00,MCD,11.218106,"[1.848434567451477, -1.6022709608078003, -4.3535637855529785]"
2024-04-11 13:23:00,MCD,11.218106,"[1.848434567451477, -1.6022709608078003, -4.3535637855529785]"
2024-04-11 13:23:00,MCD,9.649613,"[4.862388610839844, -5.430400848388672, -3.9372611045837402]"
2024-04-11 13:23:00,MCD,11.218106,"[1.848434567451477, -1.6022709608078003, -4.3535637855529785]"
2024-04-11 13:23:00,MCD,11.218106,"[1.848434567451477, -1.6022709608078003, -4.3535637855529785]"
2024-04-11 13:23:00,MCD,11.218106,"[1.848434567451477, -1.6022709608078003, -4.3535637855529785]"
2024-04-11 13:23:00,MCD,9.435831,"[4.529792785644531, -4.696249008178711, -1.882466197013855]"
2024-04-11 13:23:00,MCD,11.218106,"[1.848434567451477, -1.6022709608078003, -4.3535637855529785]"
2024-04-11 13:23:00,MCD,11.218106,"[1.848434567451477, -1.6022709608078003, -4.3535637855529785]"
2024-04-11 13:23:00,MCD,11.218106,"[1.848434567451477, -1.6022709608078003, -4.3535637855529785]"
2024-04-11 13:23:00,MCD,10.114595,"[3.118586301803589, -5.5191264152526855, -1.3650901317596436]"
2024-04-11 13:23:00,MCD,11.218106,"[1.848434567451477, -1.6022709608078003, -4.3535637855529785]"
2024-04-11 13:23:00,MCD,9.032816,"[-4.741711616516113, 4.0640997886657715, 0.7096095681190491]"
2024-04-11 13:23:00,MCD,9.112479,"[-6.868715763092041, 11.933968544006348, -7.025312900543213]"
2024-04-11 13:23:00,MCD,9.016397,"[-4.499114513397217, 10.025153160095215, -8.19154167175293]"
2024-04-11 13:23:00,MCD,8.839551,"[-3.734039545059204, -2.8782854080200195, 10.915447235107422]"
2024-04-11 13:23:00,MCD,9.10317,"[-7.156981468200684, 12.669046401977539, -7.254411697387695]"
2024-04-11 13:23:00,MCD,8.072856,"[5.039523601531982, -5.0388288497924805, -3.965672492980957]"
2024-04-11 13:23:00,MCD,8.059927,"[5.219462871551514, -5.109028339385986, -4.1475677490234375]"
2024-04-11 13:23:00,MCD,8.808479,"[5.57559061050415, -5.66077184677124, -3.4832324981689453]"
2024-04-11 13:23:00,MCD,8.49796,"[5.365001678466797, -5.864157199859619, -4.187981605529785]"
2024-04-11 13:23:00,MCD,10.239571,"[-7.048573970794678, 11.794663429260254, -5.735219955444336]"
2024-04-11 13:23:00,MCD,9.194411,"[-4.429555416107178, 9.9126615524292, -6.950879096984863]"
2024-04-11 13:23:00,MCD,9.129887,"[4.717052459716797, -3.495614528656006, -2.6977462768554688]"
2024-04-11 13:23:00,MCD,9.108587,"[4.450185298919678, -4.3427042961120605, -1.52261483669281]"
2024-04-11 13:23:00,MCD,9.141511,"[5.849140644073486, -2.2209832668304443, -3.267655849456787]"
2024-04-11 13:23:00,MCD,9.217524,"[6.230456829071045, -4.844571590423584, -1.4754143953323364]"
2024-04-11 13:23:00,MCD,9.092262,"[-0.9157307147979736, 5.586187362670898, -7.1819047927856445]"
2024-04-11 13:23:00,MCD,9.031467,"[6.55745267868042, -4.454598426818848, -3.3330283164978027]"
2024-04-11 13:23:00,MCD,9.094179,"[5.725322723388672, -3.4357101917266846, -3.6492886543273926]"
2024-04-11 13:23:00,MCD,9.466125,"[6.570505619049072, -8.436413764953613, 1.320232629776001]"
2024-04-11 13:23:00,MCD,9.618477,"[3.7614707946777344, -5.991753101348877, 3.6242496967315674]"
2024-04-11 13:23:00,MCD,10.071661,"[5.431174278259277, -2.479670524597168, -5.780889511108398]"
2024-04-11 13:23:00,MCD,11.218106,"[1.848434567451477, -1.6022709608078003, -4.3535637855529785]"
2024-04-12 16:00:00,MCD,9.107634,"[5.652209758758545, -6.027542591094971, -3.8244028091430664]"
2024-04-12 16:00:00,MCD,8.89354,"[4.988154888153076, -0.45516595244407654, -7.689854621887207]"
2024-04-12 16:00:00,MCD,11.218106,"[1.848434567451477, -1.6022709608078003, -4.3535637855529785]"
2024-04-12 16:00:00,MCD,11.218106,"[1.848434567451477, -1.6022709608078003, -4.3535637855529785]"
2024-04-12 16:00:00,MCD,11.218106,"[1.848434567451477, -1.6022709608078003, -4.3535637855529785]"
2024-04-12 16:00:00,MCD,11.218106,"[1.848434567451477, -1.6022709608078003, -4.3535637855529785]"
2024-04-12 16:00:00,MCD,11.218106,"[1.848434567451477, -1.6022709608078003, -4.3535637855529785]"
2024-04-12 16:00:00,MCD,8.9874525,"[3.851430654525757, 0.4330621063709259, -7.110009670257568]"
2024-04-12 16:00:00,MCD,9.033655,"[5.025975704193115, -0.9587066769599915, -6.605819225311279]"
2024-04-12 16:00:00,MCD,9.431125,"[7.623037338256836, -2.980945587158203, -6.72651481628418]"
2024-04-12 16:00:00,MCD,9.221519,"[6.167159557342529, -1.376711130142212, -6.22458553314209]"
2024-04-12 16:00:00,MCD,9.245118,"[3.8098912239074707, 1.9409785270690918, -9.566888809204102]"
2024-04-12 16:00:00,MCD,9.669645,"[-0.9287828207015991, 6.139286994934082, -7.1655120849609375]"
2024-04-12 16:00:00,MCD,9.346303,"[5.733078956604004, -2.0005733966827393, -4.981730937957764]"
2024-04-12 16:00:00,MCD,9.930739,"[2.191699266433716, 2.3822669982910156, -7.9432373046875]"
2024-04-12 16:00:00,MCD,9.27927,"[7.998422145843506, -4.0034403800964355, -5.634537696838379]"
2024-04-12 16:00:00,MCD,9.201615,"[2.4758365154266357, 2.2803473472595215, -7.584493637084961]"
2024-04-12 16:00:00,MCD,9.380462,"[-3.152191400527954, 6.859294414520264, -5.091081619262695]"
2024-04-12 16:00:00,MCD,8.804175,"[10.523174285888672, -7.103757381439209, -5.375998497009277]"
2024-04-12 16:00:00,MCD,9.177212,"[4.466945171356201, -4.5717668533325195, -3.2381439208984375]"
2024-04-12 16:00:00,MCD,9.327718,"[5.150373935699463, -2.3994669914245605, -4.140338897705078]"
2024-04-12 16:00:00,MCD,10.148085,"[2.054067373275757, -3.02908992767334, -3.6464548110961914]"
2024-04-12 16:00:00,MCD,9.630891,"[5.013726234436035, -4.186927318572998, 0.10125191509723663]"
2024-04-12 16:00:00,MCD,9.1420765,"[-0.5255511403083801, 5.679527282714844, -7.923130989074707]"
2024-04-12 16:00:00,MCD,11.218106,"[1.848434567451477, -1.6022709608078003, -4.3535637855529785]"
2024-04-24 12:10:44,MCD,9.901944,"[3.878148317337036, -0.9835841059684753, -7.35577392578125]"
2024-04-24 12:10:44,MCD,9.187883,"[3.2332236766815186, -2.883758068084717, -1.2606782913208008]"
2024-04-24 12:10:44,MCD,9.062983,"[5.3825860023498535, -4.30797815322876, -4.064737319946289]"
2024-04-24 12:10:44,MCD,9.117585,"[7.373429775238037, -6.754272937774658, -5.204843521118164]"
2024-04-24 12:10:44,MCD,9.0031595,"[6.393643856048584, -5.743740081787109, -4.2616777420043945]"
2024-04-24 12:10:44,MCD,9.630891,"[5.013726234436035, -4.186927318572998, 0.10125191509723663]"
2024-04-24 12:10:44,MCD,9.1420765,"[-0.5255511403083801, 5.679527282714844, -7.923130989074707]"
2024-04-24 12:10:44,MCD,11.218106,"[1.848434567451477, -1.6022709608078003, -4.3535637855529785]"
2024-04-26 15:20:00,MCD,9.335732,"[3.304565191268921, 1.3400572538375854, -6.300769329071045]"
2024-04-26 15:20:00,MCD,8.538065,"[7.4002299308776855, -6.0687432289123535, -3.308053731918335]"
2024-04-26 15:20:00,MCD,9.835962,"[4.798973083496094, -5.50200080871582, -2.50998592376709]"
2024-04-26 15:20:00,MCD,11.218106,"[1.848434567451477, -1.6022709608078003, -4.3535637855529785]"
2024-04-26 15:20:00,MCD,9.835962,"[4.798973083496094, -5.50200080871582, -2.50998592376709]"
2024-04-26 15:20:00,MCD,11.218106,"[1.848434567451477, -1.6022709608078003, -4.3535637855529785]"
2024-04-26 15:20:00,MCD,8.838867,"[8.532081604003906, -5.883473873138428, -3.245513916015625]"
2024-04-26 15:20:00,MCD,9.585106,"[2.857837200164795, -2.01676607131958, -0.17568987607955933]"
2024-04-26 15:20:00,MCD,10.117953,"[2.7887375354766846, -3.304792642593384, -3.5668649673461914]"
2024-04-26 15:20:00,MCD,8.601694,"[3.6865463256835938, -3.3298282623291016, -3.6140620708465576]"
2024-04-26 15:20:00,MCD,9.435831,"[4.529792785644531, -4.696249008178711, -1.882466197013855]"
2024-04-26 15:20:00,MCD,11.587092,"[5.949185848236084, -5.145476818084717, -4.699742317199707]"
2024-04-26 15:20:00,MCD,11.218106,"[1.848434567451477, -1.6022709608078003, -4.3535637855529785]"
2024-04-26 15:20:00,MCD,9.663497,"[7.812577247619629, -4.89620304107666, -4.883238792419434]"
2024-04-26 15:20:00,MCD,11.218106,"[1.848434567451477, -1.6022709608078003, -4.3535637855529785]"
2024-04-26 15:20:00,MCD,11.218106,"[1.848434567451477, -1.6022709608078003, -4.3535637855529785]"
2024-04-26 15:20:00,MCD,11.218106,"[1.848434567451477, -1.6022709608078003, -4.3535637855529785]"
2024-04-26 15:20:00,MCD,9.274677,"[-4.566003322601318, 8.833878517150879, -8.185059547424316]"
2024-04-26 15:20:00,MCD,11.218106,"[1.848434567451477, -1.6022709608078003, -4.3535637855529785]"
2024-04-26 15:20:00,MCD,11.218106,"[1.848434567451477, -1.6022709608078003, -4.3535637855529785]"
2024-04-26 15:20:00,MCD,11.218106,"[1.848434567451477, -1.6022709608078003, -4.3535637855529785]"
2024-04-26 15:20:00,MCD,10.462203,"[4.674453258514404, -5.219736099243164, -2.6967506408691406]"
2024-04-26 15:20:00,MCD,11.218106,"[1.848434567451477, -1.6022709608078003, -4.3535637855529785]"
2024-04-26 15:20:00,MCD,11.218106,"[1.848434567451477, -1.6022709608078003, -4.3535637855529785]"
2024-04-26 15:20:00,MCD,9.649613,"[4.862388610839844, -5.430400848388672, -3.9372611045837402]"
2024-04-26 15:20:00,MCD,11.218106,"[1.848434567451477, -1.6022709608078003, -4.3535637855529785]"
2024-04-26 15:20:00,MCD,11.218106,"[1.848434567451477, -1.6022709608078003, -4.3535637855529785]"
2024-04-26 15:20:00,MCD,11.218106,"[1.848434567451477, -1.6022709608078003, -4.3535637855529785]"
2024-04-26 15:20:00,MCD,9.435831,"[4.529792785644531, -4.696249008178711, -1.882466197013855]"
2024-04-26 15:20:00,MCD,11.218106,"[1.848434567451477, -1.6022709608078003, -4.3535637855529785]"
2024-04-26 15:20:00,MCD,11.218106,"[1.848434567451477, -1.6022709608078003, -4.3535637855529785]"
2024-04-26 15:20:00,MCD,11.218106,"[1.848434567451477, -1.6022709608078003, -4.3535637855529785]"
2024-04-26 15:20:00,MCD,10.114595,"[3.118586301803589, -5.5191264152526855, -1.3650901317596436]"
2024-04-26 15:20:00,MCD,11.218106,"[1.848434567451477, -1.6022709608078003, -4.3535637855529785]"
2024-04-26 15:20:00,MCD,9.444636,"[-2.9631998538970947, 4.554142951965332, -6.124591827392578]"
2024-04-26 15:20:00,MCD,9.754816,"[-6.357935905456543, 11.823407173156738, -7.585614204406738]"
2024-04-26 15:20:00,MCD,11.218106,"[1.848434567451477, -1.6022709608078003, -4.3535637855529785]"
2024-04-26 15:20:00,MCD,7.4010434,"[4.733556747436523, -2.311338186264038, -4.56847620010376]"
2024-04-26 15:20:00,MCD,11.218106,"[1.848434567451477, -1.6022709608078003, -4.3535637855529785]"
2024-04-26 15:20:00,MCD,9.303106,"[3.1686670780181885, -1.9785364866256714, -5.031572341918945]"
2024-04-26 15:20:00,MCD,9.556905,"[-7.156405448913574, 11.971665382385254, -7.302556991577148]"
2024-04-26 15:20:00,MCD,9.310315,"[-5.7170915603637695, -2.8051137924194336, 13.238615036010742]"
2024-04-26 15:20:00,MCD,9.054031,"[-4.464653491973877, -0.6490486264228821, 8.487156867980957]"
2024-04-26 15:20:00,MCD,9.306841,"[-6.914234161376953, 9.952486038208008, -3.6106441020965576]"
2024-04-26 15:20:00,MCD,9.047946,"[-6.041269302368164, 11.025267601013184, -6.769979000091553]"
2024-04-26 15:20:00,MCD,9.249305,"[-2.930546998977661, 6.984630107879639, -6.458627223968506]"
2024-04-26 15:20:00,MCD,9.347275,"[-6.669339656829834, 11.883084297180176, -6.418463706970215]"
2024-04-26 15:20:00,MCD,8.072856,"[5.039523601531982, -5.0388288497924805, -3.965672492980957]"
2024-04-26 15:20:00,MCD,8.075077,"[4.458523273468018, -5.537263870239258, -3.748400926589966]"
2024-04-26 15:20:00,MCD,9.244358,"[5.08524751663208, -5.586546421051025, -3.7731738090515137]"
2024-04-26 15:20:00,MCD,9.0262985,"[5.076196193695068, -5.384037017822266, -3.5534896850585938]"
2024-04-26 15:20:00,MCD,10.239571,"[-7.048573970794678, 11.794663429260254, -5.735219955444336]"
2024-04-26 15:20:00,MCD,9.194411,"[-4.429555416107178, 9.9126615524292, -6.950879096984863]"
2024-04-26 15:20:00,MCD,9.129887,"[4.717052459716797, -3.495614528656006, -2.6977462768554688]"
2024-04-26 15:20:00,MCD,9.108587,"[4.450185298919678, -4.3427042961120605, -1.52261483669281]"
2024-04-26 15:20:00,MCD,9.141511,"[5.849140644073486, -2.2209832668304443, -3.267655849456787]"
2024-04-26 15:20:00,MCD,9.217524,"[6.230456829071045, -4.844571590423584, -1.4754143953323364]"
2024-04-26 15:20:00,MCD,9.092262,"[-0.9157307147979736, 5.586187362670898, -7.1819047927856445]"
2024-04-26 15:20:00,MCD,9.031467,"[6.55745267868042, -4.454598426818848, -3.3330283164978027]"
2024-04-26 15:20:00,MCD,9.094179,"[5.725322723388672, -3.4357101917266846, -3.6492886543273926]"
2024-04-26 15:20:00,MCD,9.466125,"[6.570505619049072, -8.436413764953613, 1.320232629776001]"
2024-04-26 15:20:00,MCD,9.618477,"[3.7614707946777344, -5.991753101348877, 3.6242496967315674]"
2024-04-26 15:20:00,MCD,10.071661,"[5.431174278259277, -2.479670524597168, -5.780889511108398]"
2024-04-26 15:20:00,MCD,11.218106,"[1.848434567451477, -1.6022709608078003, -4.3535637855529785]"
2024-04-29 16:33:29,MCD,9.051029,"[2.8483681678771973, -2.1104791164398193, -4.205883979797363]"
2024-04-29 16:33:29,MCD,9.047627,"[0.04692618548870087, -0.023002423346042633, -3.4455084800720215]"
2024-04-29 16:33:29,MCD,9.274159,"[1.9122031927108765, -1.7924714088439941, -2.855623722076416]"
2024-04-29 16:33:29,MCD,9.514461,"[-2.861549139022827, 5.849737167358398, -8.211149215698242]"
2024-04-29 16:33:29,MCD,9.123982,"[-2.563535690307617, 3.381141185760498, -5.547309875488281]"
2024-04-29 16:33:29,MCD,8.498787,"[2.6443252563476562, -4.411138534545898, 0.1711598038673401]"
2024-04-29 16:33:29,MCD,8.314311,"[2.1983275413513184, -3.8196253776550293, -0.7171450257301331]"
2024-04-29 16:33:29,MCD,9.459853,"[-4.6326823234558105, 9.23221492767334, -5.43508243560791]"
2024-04-29 16:33:29,MCD,9.013551,"[4.989236354827881, -5.686896800994873, -2.0379254817962646]"
2024-04-29 16:33:29,MCD,8.885971,"[7.770505428314209, -5.87542200088501, -2.7393598556518555]"
2024-04-29 16:33:29,MCD,11.350864,"[4.601403713226318, -4.361117362976074, -4.1952595710754395]"
2024-04-29 16:33:29,MCD,9.630891,"[5.013726234436035, -4.186927318572998, 0.10125191509723663]"
2024-04-29 16:33:29,MCD,9.1420765,"[-0.5255511403083801, 5.679527282714844, -7.923130989074707]"
2024-04-29 16:33:29,MCD,11.218106,"[1.848434567451477, -1.6022709608078003, -4.3535637855529785]"
2024-04-30 05:06:16,MCD,8.511302,"[7.8827948570251465, -7.183328151702881, -4.213526725769043]"
2024-04-30 05:06:16,MCD,9.732018,"[-2.716304302215576, 7.688652992248535, -9.986555099487305]"
2024-04-30 05:06:16,MCD,9.031728,"[-0.10987116396427155, -5.235678672790527, 7.356369495391846]"
2024-04-30 05:06:16,MCD,9.881706,"[6.4230427742004395, -5.088125705718994, -5.140630722045898]"
2024-04-30 05:06:16,MCD,9.22377,"[6.88173246383667, -3.6720590591430664, -2.986680507659912]"
2024-04-30 05:06:16,MCD,9.501584,"[7.38433837890625, -5.001411437988281, -4.761443614959717]"
2024-04-30 05:06:16,MCD,9.099421,"[5.497689723968506, -6.360559940338135, -2.346194267272949]"
2024-04-30 05:06:16,MCD,9.630891,"[5.013726234436035, -4.186927318572998, 0.10125191509723663]"
2024-04-30 05:06:16,MCD,9.249113,"[-2.8264386653900146, 7.136206150054932, -7.365882396697998]"
2024-04-30 05:06:16,MCD,9.1420765,"[-0.5255511403083801, 5.679527282714844, -7.923130989074707]"
2024-04-30 05:06:16,MCD,11.218106,"[1.848434567451477, -1.6022709608078003, -4.3535637855529785]"
2024-04-30 10:57:22,MCD,9.059216,"[-2.8546531200408936, -1.2177366018295288, 6.389718055725098]"
2024-04-30 10:57:22,MCD,9.496562,"[2.584223985671997, -4.426377773284912, 3.0705227851867676]"
2024-04-30 10:57:22,MCD,9.892209,"[4.9270100593566895, -6.429434299468994, -2.497551679611206]"
2024-04-30 10:57:22,MCD,9.337098,"[-4.161123752593994, 8.753384590148926, -6.70058536529541]"
2024-04-30 10:57:22,MCD,9.538894,"[-3.4229557514190674, -3.3161492347717285, 10.467374801635742]"
2024-04-30 10:57:22,MCD,10.014137,"[-3.584979295730591, 6.2311110496521, -7.039449691772461]"
2024-04-30 10:57:22,MCD,9.826818,"[1.1777024269104004, 1.8199715614318848, -4.739314079284668]"
2024-04-30 10:57:22,MCD,9.595417,"[1.8221338987350464, -3.6028356552124023, 2.046916961669922]"
2024-04-30 10:57:22,MCD,9.149392,"[6.886404991149902, -5.784043312072754, -3.3366451263427734]"
2024-04-30 10:57:22,MCD,9.567808,"[0.9876309633255005, 2.7049121856689453, -4.679451942443848]"
2024-04-30 10:57:22,MCD,9.660893,"[5.502721309661865, -4.480509281158447, -3.690585136413574]"
2024-04-30 10:57:22,MCD,8.901968,"[-4.100569248199463, 8.017784118652344, -6.810414791107178]"
2024-04-30 10:57:22,MCD,11.273073,"[4.870275020599365, -4.866804122924805, -3.1017143726348877]"
2024-04-30 10:57:22,MCD,9.125829,"[7.121509075164795, -7.531534671783447, -2.791896343231201]"
2024-04-30 10:57:22,MCD,10.530134,"[2.5947506427764893, -1.1944714784622192, -4.212845802307129]"
2024-04-30 10:57:22,MCD,9.640664,"[8.552427291870117, -8.546767234802246, -3.500995635986328]"
2024-04-30 10:57:22,MCD,9.660937,"[3.5300586223602295, -5.215057849884033, 0.13998045027256012]"
2024-04-30 10:57:22,MCD,9.237128,"[-4.261696815490723, 0.1903563290834427, 5.561544895172119]"
2024-04-30 10:57:22,MCD,9.573732,"[-2.658545970916748, -3.007695198059082, 8.27412223815918]"
2024-04-30 10:57:22,MCD,9.865928,"[-4.551065444946289, 4.0428314208984375, -2.1348743438720703]"
2024-04-30 10:57:22,MCD,8.857511,"[-2.9508984088897705, 0.4100103974342346, 1.613303780555725]"
2024-04-30 10:57:22,MCD,9.206524,"[7.235398769378662, -5.198188781738281, -4.586193084716797]"
2024-04-30 10:57:22,MCD,9.630891,"[5.013726234436035, -4.186927318572998, 0.10125191509723663]"
2024-04-30 10:57:22,MCD,9.249113,"[-2.8264386653900146, 7.136206150054932, -7.365882396697998]"
2024-04-30 10:57:22,MCD,9.1420765,"[-0.5255511403083801, 5.679527282714844, -7.923130989074707]"
2024-04-30 10:57:22,MCD,11.218106,"[1.848434567451477, -1.6022709608078003, -4.3535637855529785]"
2024-04-30 13:32:14,MCD,9.639552,"[-6.640122890472412, 7.650790691375732, -5.12002420425415]"
2024-04-30 13:32:14,MCD,9.632739,"[-6.891173839569092, 11.85739803314209, -6.531497955322266]"
2024-04-30 13:32:14,MCD,9.194577,"[-5.2410149574279785, 9.578906059265137, -7.148086071014404]"
2024-04-30 13:32:14,MCD,9.823938,"[-6.135078430175781, 10.466511726379395, -7.391280174255371]"
2024-04-30 13:32:14,MCD,10.332925,"[-3.957416534423828, -4.130792617797852, 11.799047470092773]"
2024-04-30 13:32:14,MCD,8.7916565,"[-5.8976969718933105, 10.927721977233887, -5.583609580993652]"
2024-04-30 13:32:14,MCD,10.030775,"[7.221080303192139, -4.420281410217285, -6.3930864334106445]"
2024-04-30 13:32:14,MCD,8.773433,"[9.9415283203125, -7.689075946807861, -5.704160690307617]"
2024-04-30 13:32:14,MCD,10.083742,"[-0.8761886358261108, -2.975907564163208, 3.104588747024536]"
2024-04-30 13:32:14,MCD,9.346425,"[5.0701422691345215, -3.5546116828918457, -3.9550366401672363]"
2024-04-30 13:32:14,MCD,9.630891,"[5.013726234436035, -4.186927318572998, 0.10125191509723663]"
2024-04-30 13:32:14,MCD,9.249113,"[-2.8264386653900146, 7.136206150054932, -7.365882396697998]"
2024-04-30 13:32:14,MCD,9.1420765,"[-0.5255511403083801, 5.679527282714844, -7.923130989074707]"
2024-04-30 13:32:14,MCD,11.218106,"[1.848434567451477, -1.6022709608078003, -4.3535637855529785]"
2024-04-30 14:17:54,MCD,10.181214,"[0.14574532210826874, -5.1152520179748535, 5.042559623718262]"
2024-04-30 14:17:54,MCD,9.552722,"[-0.44551536440849304, -3.982468605041504, 6.580584526062012]"
2024-04-30 14:17:54,MCD,8.919498,"[5.5351691246032715, -5.64972448348999, -2.702667474746704]"
2024-04-30 14:17:54,MCD,8.94459,"[-1.4914381504058838, -3.0122718811035156, 5.3057074546813965]"
2024-04-30 14:17:54,MCD,10.38013,"[-0.3883485794067383, -3.9386119842529297, 5.309762001037598]"
2024-04-30 14:17:54,MCD,9.6925,"[-3.669485330581665, 4.058691501617432, -4.215427875518799]"
2024-04-30 14:17:54,MCD,9.201315,"[1.456778883934021, -7.881850719451904, 5.257837772369385]"
2024-04-30 14:17:54,MCD,9.855793,"[-6.86000919342041, 4.970820903778076, 0.5242927670478821]"
2024-04-30 14:17:54,MCD,9.677118,"[-2.634631633758545, 5.446922779083252, -8.37662124633789]"
2024-04-30 14:17:54,MCD,10.809282,"[-1.969814658164978, -4.0437703132629395, 5.474761009216309]"
2024-04-30 14:17:54,MCD,8.957675,"[3.058587074279785, -3.5681207180023193, -2.711362361907959]"
2024-04-30 14:17:54,MCD,9.308833,"[0.5620690584182739, -1.5587388277053833, -0.7808211445808411]"
2024-04-30 14:17:54,MCD,9.657653,"[-1.2096054553985596, -4.4824018478393555, 7.8481903076171875]"
2024-04-30 14:17:54,MCD,9.810459,"[4.431655406951904, -6.066784381866455, -2.3855109214782715]"
2024-04-30 14:17:54,MCD,9.587451,"[-1.3021656274795532, -2.12162184715271, 4.508416175842285]"
2024-04-30 14:17:54,MCD,9.55472,"[-1.3529826402664185, 1.8922868967056274, -1.928696870803833]"
2024-04-30 14:17:54,MCD,9.454361,"[-5.027981281280518, 7.41550350189209, -5.103381156921387]"
2024-04-30 14:17:54,MCD,9.2927065,"[4.172532558441162, -5.381473064422607, -3.546739101409912]"
2024-04-30 14:17:54,MCD,9.385843,"[2.595682382583618, -4.047374248504639, 1.2235528230667114]"
2024-04-30 14:17:54,MCD,9.939318,"[-4.591828346252441, 1.5142673254013062, 3.3817696571350098]"
2024-04-30 14:17:54,MCD,9.662932,"[-1.8051327466964722, -1.5747933387756348, 2.9222142696380615]"
2024-04-30 14:17:54,MCD,10.93091,"[2.7921664714813232, -2.718672513961792, -4.73104190826416]"
2024-04-30 14:17:54,MCD,9.31216,"[4.568735599517822, -5.591460704803467, -0.4106481075286865]"
2024-04-30 14:17:54,MCD,9.630891,"[5.013726234436035, -4.186927318572998, 0.10125191509723663]"
2024-04-30 14:17:54,MCD,9.249113,"[-2.8264386653900146, 7.136206150054932, -7.365882396697998]"
2024-04-30 14:17:54,MCD,9.1420765,"[-0.5255511403083801, 5.679527282714844, -7.923130989074707]"
2024-04-30 14:17:54,MCD,11.218106,"[1.848434567451477, -1.6022709608078003, -4.3535637855529785]"
2024-04-30 14:18:00,MCD,9.335732,"[3.304565191268921, 1.3400572538375854, -6.300769329071045]"
2024-04-30 14:18:00,MCD,8.538065,"[7.4002299308776855, -6.0687432289123535, -3.308053731918335]"
2024-04-30 14:18:00,MCD,9.835962,"[4.798973083496094, -5.50200080871582, -2.50998592376709]"
2024-04-30 14:18:00,MCD,11.218106,"[1.848434567451477, -1.6022709608078003, -4.3535637855529785]"
2024-04-30 14:18:00,MCD,9.835962,"[4.798973083496094, -5.50200080871582, -2.50998592376709]"
2024-04-30 14:18:00,MCD,11.218106,"[1.848434567451477, -1.6022709608078003, -4.3535637855529785]"
2024-04-30 14:18:00,MCD,8.838867,"[8.532081604003906, -5.883473873138428, -3.245513916015625]"
2024-04-30 14:18:00,MCD,9.585106,"[2.857837200164795, -2.01676607131958, -0.17568987607955933]"
2024-04-30 14:18:00,MCD,10.117953,"[2.7887375354766846, -3.304792642593384, -3.5668649673461914]"
2024-04-30 14:18:00,MCD,8.601694,"[3.6865463256835938, -3.3298282623291016, -3.6140620708465576]"
2024-04-30 14:18:00,MCD,9.435831,"[4.529792785644531, -4.696249008178711, -1.882466197013855]"
2024-04-30 14:18:00,MCD,11.108007,"[6.459575176239014, -6.051676273345947, -4.520716190338135]"
2024-04-30 14:18:00,MCD,11.218106,"[1.848434567451477, -1.6022709608078003, -4.3535637855529785]"
2024-04-30 14:18:00,MCD,9.427713,"[7.447738170623779, -4.944152355194092, -4.91071891784668]"
2024-04-30 14:18:00,MCD,11.218106,"[1.848434567451477, -1.6022709608078003, -4.3535637855529785]"
2024-04-30 14:18:00,MCD,11.218106,"[1.848434567451477, -1.6022709608078003, -4.3535637855529785]"
2024-04-30 14:18:00,MCD,11.218106,"[1.848434567451477, -1.6022709608078003, -4.3535637855529785]"
2024-04-30 14:18:00,MCD,9.274677,"[-4.566003322601318, 8.833878517150879, -8.185059547424316]"
2024-04-30 14:18:00,MCD,11.218106,"[1.848434567451477, -1.6022709608078003, -4.3535637855529785]"
2024-04-30 14:18:00,MCD,11.218106,"[1.848434567451477, -1.6022709608078003, -4.3535637855529785]"
2024-04-30 14:18:00,MCD,11.218106,"[1.848434567451477, -1.6022709608078003, -4.3535637855529785]"
2024-04-30 14:18:00,MCD,10.462203,"[4.674453258514404, -5.219736099243164, -2.6967506408691406]"
2024-04-30 14:18:00,MCD,11.218106,"[1.848434567451477, -1.6022709608078003, -4.3535637855529785]"
2024-04-30 14:18:00,MCD,11.218106,"[1.848434567451477, -1.6022709608078003, -4.3535637855529785]"
2024-04-30 14:18:00,MCD,9.649613,"[4.862388610839844, -5.430400848388672, -3.9372611045837402]"
2024-04-30 14:18:00,MCD,11.218106,"[1.848434567451477, -1.6022709608078003, -4.3535637855529785]"
2024-04-30 14:18:00,MCD,11.218106,"[1.848434567451477, -1.6022709608078003, -4.3535637855529785]"
2024-04-30 14:18:00,MCD,11.218106,"[1.848434567451477, -1.6022709608078003, -4.3535637855529785]"
2024-04-30 14:18:00,MCD,9.435831,"[4.529792785644531, -4.696249008178711, -1.882466197013855]"
2024-04-30 14:18:00,MCD,11.218106,"[1.848434567451477, -1.6022709608078003, -4.3535637855529785]"
2024-04-30 14:18:00,MCD,11.218106,"[1.848434567451477, -1.6022709608078003, -4.3535637855529785]"
2024-04-30 14:18:00,MCD,11.218106,"[1.848434567451477, -1.6022709608078003, -4.3535637855529785]"
2024-04-30 14:18:00,MCD,10.114595,"[3.118586301803589, -5.5191264152526855, -1.3650901317596436]"
2024-04-30 14:18:00,MCD,11.218106,"[1.848434567451477, -1.6022709608078003, -4.3535637855529785]"
2024-04-30 14:18:00,MCD,9.243518,"[-6.106658935546875, 9.448531150817871, -5.620446681976318]"
2024-04-30 14:18:00,MCD,9.550128,"[-7.499161243438721, 9.16524600982666, -4.318054676055908]"
2024-04-30 14:18:00,MCD,9.127984,"[-4.822644233703613, 9.592215538024902, -6.759130477905273]"
2024-04-30 14:18:00,MCD,7.4010434,"[4.733556747436523, -2.311338186264038, -4.56847620010376]"
2024-04-30 14:18:00,MCD,9.082608,"[-6.963151454925537, 12.144756317138672, -7.241294860839844]"
2024-04-30 14:18:00,MCD,9.786388,"[-5.070062160491943, 9.346806526184082, -7.069143772125244]"
2024-04-30 14:18:00,MCD,9.07442,"[-1.1857171058654785, 5.1206488609313965, -6.50766134262085]"
2024-04-30 14:18:00,MCD,8.571047,"[5.044248104095459, -5.24520206451416, -3.626060962677002]"
2024-04-30 14:18:00,MCD,8.072856,"[5.039523601531982, -5.0388288497924805, -3.965672492980957]"
2024-04-30 14:18:00,MCD,9.0262985,"[5.076196193695068, -5.384037017822266, -3.5534896850585938]"
2024-04-30 14:18:00,MCD,8.959967,"[4.513055324554443, -4.385056495666504, -4.030515670776367]"
2024-04-30 14:18:00,MCD,10.239571,"[-7.048573970794678, 11.794663429260254, -5.735219955444336]"
2024-04-30 14:18:00,MCD,9.194411,"[-4.429555416107178, 9.9126615524292, -6.950879096984863]"
2024-04-30 14:18:00,MCD,9.129887,"[4.717052459716797, -3.495614528656006, -2.6977462768554688]"
2024-04-30 14:18:00,MCD,9.108587,"[4.450185298919678, -4.3427042961120605, -1.52261483669281]"
2024-04-30 14:18:00,MCD,9.141511,"[5.849140644073486, -2.2209832668304443, -3.267655849456787]"
2024-04-30 14:18:00,MCD,9.217524,"[6.230456829071045, -4.844571590423584, -1.4754143953323364]"
2024-04-30 14:18:00,MCD,9.092262,"[-0.9157307147979736, 5.586187362670898, -7.1819047927856445]"
2024-04-30 14:18:00,MCD,9.031467,"[6.55745267868042, -4.454598426818848, -3.3330283164978027]"
2024-04-30 14:18:00,MCD,9.094179,"[5.725322723388672, -3.4357101917266846, -3.6492886543273926]"
2024-04-30 14:18:00,MCD,9.466125,"[6.570505619049072, -8.436413764953613, 1.320232629776001]"
2024-04-30 14:18:00,MCD,9.618477,"[3.7614707946777344, -5.991753101348877, 3.6242496967315674]"
2024-04-30 14:18:00,MCD,10.071661,"[5.431174278259277, -2.479670524597168, -5.780889511108398]"
2024-04-30 14:18:00,MCD,11.218106,"[1.848434567451477, -1.6022709608078003, -4.3535637855529785]"
2024-04-30 17:35:13,MCD,9.204721,"[1.3275299072265625, -4.497912883758545, 4.130462646484375]"
2024-04-30 17:35:13,MCD,9.285949,"[-5.689309597015381, -0.20211297273635864, 9.484625816345215]"
2024-04-30 17:35:13,MCD,9.889831,"[-3.4603307247161865, -4.268743991851807, 11.80644416809082]"
2024-04-30 17:35:13,MCD,9.804552,"[-4.358817100524902, 4.467825889587402, -0.8241835236549377]"
2024-04-30 17:35:13,MCD,9.977648,"[-2.2641451358795166, -3.606816053390503, 8.649347305297852]"
2024-04-30 17:35:13,MCD,9.433866,"[-1.3342527151107788, 3.2204136848449707, -3.4939048290252686]"
2024-04-30 17:35:13,MCD,9.159508,"[-5.046355724334717, -1.443576693534851, 10.791765213012695]"
2024-04-30 17:35:13,MCD,9.474874,"[-0.3065606653690338, -4.0269551277160645, 6.187983512878418]"
2024-04-30 17:35:13,MCD,9.449981,"[-5.608697891235352, 6.767973899841309, -1.8903366327285767]"
2024-04-30 17:35:13,MCD,9.292198,"[6.644901752471924, -5.459751605987549, -5.156725883483887]"
2024-04-30 17:35:13,MCD,10.417557,"[4.430704593658447, -5.062413215637207, -2.9554543495178223]"
2024-04-30 17:35:13,MCD,9.630891,"[5.013726234436035, -4.186927318572998, 0.10125191509723663]"
2024-04-30 17:35:13,MCD,9.1420765,"[-0.5255511403083801, 5.679527282714844, -7.923130989074707]"
2024-04-30 17:35:13,MCD,11.218106,"[1.848434567451477, -1.6022709608078003, -4.3535637855529785]"
2024-05-01 07:42:27,MCD,10.526449,"[-1.0715595483779907, -4.741880893707275, 8.78068733215332]"
2024-05-01 07:42:27,MCD,10.059911,"[-4.228079319000244, -2.173656463623047, 9.945898056030273]"
2024-05-01 07:42:27,MCD,9.140501,"[-6.537923336029053, 10.56263256072998, -7.769710540771484]"
2024-05-01 07:42:27,MCD,9.367559,"[1.886781930923462, 1.275105357170105, -5.632180690765381]"
2024-05-01 07:42:27,MCD,9.515199,"[-5.415855884552002, -1.4604337215423584, 9.444589614868164]"
2024-05-01 07:42:27,MCD,9.473647,"[0.2319505661725998, -3.8869800567626953, 5.2669572830200195]"
2024-05-01 07:42:27,MCD,8.600176,"[7.484520435333252, -5.3737263679504395, -2.5813093185424805]"
2024-05-01 07:42:27,MCD,10.409307,"[9.057716369628906, -8.633848190307617, -2.8251311779022217]"
2024-05-01 07:42:27,MCD,9.336204,"[6.247674942016602, -7.098371982574463, -2.8740646839141846]"
2024-05-01 07:42:27,MCD,9.513958,"[7.564029216766357, -5.323802471160889, -2.409749984741211]"
2024-05-01 07:42:27,MCD,9.346012,"[3.6466739177703857, -6.389718055725098, 1.1905474662780762]"
2024-05-01 07:42:27,MCD,9.630891,"[5.013726234436035, -4.186927318572998, 0.10125191509723663]"
2024-05-01 07:42:27,MCD,9.249113,"[-2.8264386653900146, 7.136206150054932, -7.365882396697998]"
2024-05-01 07:42:27,MCD,9.1420765,"[-0.5255511403083801, 5.679527282714844, -7.923130989074707]"
2024-05-01 07:42:27,MCD,11.218106,"[1.848434567451477, -1.6022709608078003, -4.3535637855529785]"
2024-05-01 11:11:58,MCD,8.444098,"[-0.3733496069908142, 4.761353492736816, -8.563968658447266]"
2024-05-01 11:11:58,MCD,8.505002,"[5.843550682067871, -6.600307941436768, -2.635451316833496]"
2024-05-01 11:11:58,MCD,9.03695,"[5.187709331512451, -3.7904787063598633, -6.027142524719238]"
2024-05-01 11:11:58,MCD,9.030606,"[3.7036619186401367, 1.107888102531433, -8.336996078491211]"
2024-05-01 11:11:58,MCD,10.087544,"[2.0875580310821533, -4.424092769622803, 0.13819590210914612]"
2024-05-01 11:11:58,MCD,9.802202,"[-0.6143122911453247, -4.4012346267700195, 7.135646820068359]"
2024-05-01 11:11:58,MCD,9.388714,"[-6.840515613555908, 9.495022773742676, -6.6898393630981445]"
2024-05-01 11:11:58,MCD,8.915938,"[-2.4769344329833984, 3.8093466758728027, -2.771239995956421]"
2024-05-01 11:11:58,MCD,8.492109,"[6.3305182456970215, -5.610232830047607, -1.8847240209579468]"
2024-05-01 11:11:58,MCD,8.8154745,"[4.3526930809021, -3.5919573307037354, -4.728021144866943]"
2024-05-01 11:11:58,MCD,10.940411,"[3.649860143661499, -2.9347169399261475, -4.27638053894043]"
2024-05-01 11:11:58,MCD,9.217231,"[8.062581062316895, -6.349557399749756, -5.464874267578125]"
2024-05-01 11:11:58,MCD,9.793212,"[-0.8317542672157288, 5.602552890777588, -7.1023054122924805]"
2024-05-01 11:11:58,MCD,9.630891,"[5.013726234436035, -4.186927318572998, 0.10125191509723663]"
2024-05-01 11:11:58,MCD,9.1420765,"[-0.5255511403083801, 5.679527282714844, -7.923130989074707]"
2024-05-01 11:11:58,MCD,11.218106,"[1.848434567451477, -1.6022709608078003, -4.3535637855529785]"
2024-05-01 12:52:34,MCD,9.274266,"[1.889096736907959, -8.141209602355957, 4.8943352699279785]"
2024-05-01 12:52:34,MCD,9.829357,"[-5.3427910804748535, 1.8839170932769775, 2.769805908203125]"
2024-05-01 12:52:34,MCD,9.632739,"[-6.891173839569092, 11.85739803314209, -6.531497955322266]"
2024-05-01 12:52:34,MCD,9.194577,"[-5.2410149574279785, 9.578906059265137, -7.148086071014404]"
2024-05-01 12:52:34,MCD,8.686495,"[-6.649163722991943, 11.802155494689941, -5.585082530975342]"
2024-05-01 12:52:34,MCD,9.6394825,"[7.289160251617432, -5.992659091949463, -5.5585103034973145]"
2024-05-01 12:52:34,MCD,9.876366,"[5.797879219055176, -7.469476222991943, -0.1969470977783203]"
2024-05-01 12:52:34,MCD,8.709385,"[7.575346946716309, -6.9655232429504395, -2.62506365776062]"
2024-05-01 12:52:34,MCD,9.328157,"[2.780088424682617, 1.4607868194580078, -7.666990280151367]"
2024-05-01 12:52:34,MCD,9.630891,"[5.013726234436035, -4.186927318572998, 0.10125191509723663]"
2024-05-01 12:52:34,MCD,9.249113,"[-2.8264386653900146, 7.136206150054932, -7.365882396697998]"
2024-05-01 12:52:34,MCD,9.1420765,"[-0.5255511403083801, 5.679527282714844, -7.923130989074707]"
2024-05-01 12:52:34,MCD,11.218106,"[1.848434567451477, -1.6022709608078003, -4.3535637855529785]"
2024-05-03 16:23:00,MCD,9.335732,"[3.304565191268921, 1.3400572538375854, -6.300769329071045]"
2024-05-03 16:23:00,MCD,8.538065,"[7.4002299308776855, -6.0687432289123535, -3.308053731918335]"
2024-05-03 16:23:00,MCD,9.835962,"[4.798973083496094, -5.50200080871582, -2.50998592376709]"
2024-05-03 16:23:00,MCD,11.218106,"[1.848434567451477, -1.6022709608078003, -4.3535637855529785]"
2024-05-03 16:23:00,MCD,9.835962,"[4.798973083496094, -5.50200080871582, -2.50998592376709]"
2024-05-03 16:23:00,MCD,11.218106,"[1.848434567451477, -1.6022709608078003, -4.3535637855529785]"
2024-05-03 16:23:00,MCD,8.838867,"[8.532081604003906, -5.883473873138428, -3.245513916015625]"
2024-05-03 16:23:00,MCD,9.585106,"[2.857837200164795, -2.01676607131958, -0.17568987607955933]"
2024-05-03 16:23:00,MCD,10.117953,"[2.7887375354766846, -3.304792642593384, -3.5668649673461914]"
2024-05-03 16:23:00,MCD,8.601694,"[3.6865463256835938, -3.3298282623291016, -3.6140620708465576]"
2024-05-03 16:23:00,MCD,9.435831,"[4.529792785644531, -4.696249008178711, -1.882466197013855]"
2024-05-03 16:23:00,MCD,11.328926,"[5.886944770812988, -3.991414785385132, -4.143593788146973]"
2024-05-03 16:23:00,MCD,11.218106,"[1.848434567451477, -1.6022709608078003, -4.3535637855529785]"
2024-05-03 16:23:00,MCD,9.720156,"[7.4923834800720215, -5.318164348602295, -5.416938781738281]"
2024-05-03 16:23:00,MCD,11.218106,"[1.848434567451477, -1.6022709608078003, -4.3535637855529785]"
2024-05-03 16:23:00,MCD,11.218106,"[1.848434567451477, -1.6022709608078003, -4.3535637855529785]"
2024-05-03 16:23:00,MCD,11.218106,"[1.848434567451477, -1.6022709608078003, -4.3535637855529785]"
2024-05-03 16:23:00,MCD,9.274677,"[-4.566003322601318, 8.833878517150879, -8.185059547424316]"
2024-05-03 16:23:00,MCD,11.218106,"[1.848434567451477, -1.6022709608078003, -4.3535637855529785]"
2024-05-03 16:23:00,MCD,11.218106,"[1.848434567451477, -1.6022709608078003, -4.3535637855529785]"
2024-05-03 16:23:00,MCD,11.218106,"[1.848434567451477, -1.6022709608078003, -4.3535637855529785]"
2024-05-03 16:23:00,MCD,10.462203,"[4.674453258514404, -5.219736099243164, -2.6967506408691406]"
2024-05-03 16:23:00,MCD,11.218106,"[1.848434567451477, -1.6022709608078003, -4.3535637855529785]"
2024-05-03 16:23:00,MCD,11.218106,"[1.848434567451477, -1.6022709608078003, -4.3535637855529785]"
2024-05-03 16:23:00,MCD,9.649613,"[4.862388610839844, -5.430400848388672, -3.9372611045837402]"
2024-05-03 16:23:00,MCD,11.218106,"[1.848434567451477, -1.6022709608078003, -4.3535637855529785]"
2024-05-03 16:23:00,MCD,11.218106,"[1.848434567451477, -1.6022709608078003, -4.3535637855529785]"
2024-05-03 16:23:00,MCD,11.218106,"[1.848434567451477, -1.6022709608078003, -4.3535637855529785]"
2024-05-03 16:23:00,MCD,9.435831,"[4.529792785644531, -4.696249008178711, -1.882466197013855]"
2024-05-03 16:23:00,MCD,11.218106,"[1.848434567451477, -1.6022709608078003, -4.3535637855529785]"
2024-05-03 16:23:00,MCD,11.218106,"[1.848434567451477, -1.6022709608078003, -4.3535637855529785]"
2024-05-03 16:23:00,MCD,11.218106,"[1.848434567451477, -1.6022709608078003, -4.3535637855529785]"
2024-05-03 16:23:00,MCD,10.114595,"[3.118586301803589, -5.5191264152526855, -1.3650901317596436]"
2024-05-03 16:23:00,MCD,11.218106,"[1.848434567451477, -1.6022709608078003, -4.3535637855529785]"
2024-05-03 16:23:00,MCD,9.146613,"[-7.366916179656982, 11.399645805358887, -6.264415264129639]"
2024-05-03 16:23:00,MCD,9.540865,"[-6.213464260101318, 3.0466384887695312, 3.21164608001709]"
2024-05-03 16:23:00,MCD,11.218106,"[1.848434567451477, -1.6022709608078003, -4.3535637855529785]"
2024-05-03 16:23:00,MCD,8.241482,"[5.03688907623291, -1.6832994222640991, -6.019960403442383]"
2024-05-03 16:23:00,MCD,11.218106,"[1.848434567451477, -1.6022709608078003, -4.3535637855529785]"
2024-05-03 16:23:00,MCD,9.375469,"[-5.767857551574707, 9.2493314743042, -7.5311760902404785]"
2024-05-03 16:23:00,MCD,9.141434,"[-6.095345973968506, 9.621312141418457, -5.952585220336914]"
2024-05-03 16:23:00,MCD,9.245005,"[-0.9752667546272278, 2.265890121459961, -6.021299362182617]"
2024-05-03 16:23:00,MCD,9.488728,"[7.748950481414795, -4.939095497131348, -5.147534370422363]"
2024-05-03 16:23:00,MCD,9.517139,"[5.966238975524902, -2.1307883262634277, -6.737961769104004]"
2024-05-03 16:23:00,MCD,9.284811,"[-2.677894115447998, 5.350501537322998, -4.718674182891846]"
2024-05-03 16:23:00,MCD,9.132127,"[-7.503640651702881, 12.355406761169434, -6.897613048553467]"
2024-05-03 16:23:00,MCD,9.385256,"[-7.131368160247803, 11.763466835021973, -6.03769588470459]"
2024-05-03 16:23:00,MCD,9.995481,"[-7.038589000701904, 11.369368553161621, -6.654481887817383]"
2024-05-03 16:23:00,MCD,8.072856,"[5.039523601531982, -5.0388288497924805, -3.965672492980957]"
2024-05-03 16:23:00,MCD,8.411727,"[5.812736988067627, -5.57614278793335, -3.9399397373199463]"
2024-05-03 16:23:00,MCD,8.49796,"[5.365001678466797, -5.864157199859619, -4.187981605529785]"
2024-05-03 16:23:00,MCD,8.959967,"[4.513055324554443, -4.385056495666504, -4.030515670776367]"
2024-05-03 16:23:00,MCD,10.239571,"[-7.048573970794678, 11.794663429260254, -5.735219955444336]"
2024-05-03 16:23:00,MCD,9.194411,"[-4.429555416107178, 9.9126615524292, -6.950879096984863]"
2024-05-03 16:23:00,MCD,9.129887,"[4.717052459716797, -3.495614528656006, -2.6977462768554688]"
2024-05-03 16:23:00,MCD,9.108587,"[4.450185298919678, -4.3427042961120605, -1.52261483669281]"
2024-05-03 16:23:00,MCD,9.141511,"[5.849140644073486, -2.2209832668304443, -3.267655849456787]"
2024-05-03 16:23:00,MCD,9.217524,"[6.230456829071045, -4.844571590423584, -1.4754143953323364]"
2024-05-03 16:23:00,MCD,9.092262,"[-0.9157307147979736, 5.586187362670898, -7.1819047927856445]"
2024-05-03 16:23:00,MCD,9.031467,"[6.55745267868042, -4.454598426818848, -3.3330283164978027]"
2024-05-03 16:23:00,MCD,9.094179,"[5.725322723388672, -3.4357101917266846, -3.6492886543273926]"
2024-05-03 16:23:00,MCD,9.466125,"[6.570505619049072, -8.436413764953613, 1.320232629776001]"
2024-05-03 16:23:00,MCD,9.618477,"[3.7614707946777344, -5.991753101348877, 3.6242496967315674]"
2024-05-03 16:23:00,MCD,10.071661,"[5.431174278259277, -2.479670524597168, -5.780889511108398]"
2024-05-03 16:23:00,MCD,11.218106,"[1.848434567451477, -1.6022709608078003, -4.3535637855529785]"
2024-05-08 18:50:58,MCD,9.145451,"[-1.538406491279602, -2.3626673221588135, 7.020828723907471]"
2024-05-08 18:50:58,MCD,9.155693,"[-5.571370601654053, -1.5662583112716675, 11.437971115112305]"
2024-05-08 18:50:58,MCD,9.093063,"[7.283824443817139, -6.386135101318359, -4.630396842956543]"
2024-05-08 18:50:58,MCD,9.416527,"[-7.193226337432861, 12.02106761932373, -7.068397521972656]"
2024-05-08 18:50:58,MCD,9.440151,"[-4.278417110443115, -2.1442511081695557, 10.967560768127441]"
2024-05-08 18:50:58,MCD,9.095995,"[0.8208003640174866, -3.643322467803955, 4.327937126159668]"
2024-05-08 18:50:58,MCD,9.089567,"[-3.296102285385132, -2.7590088844299316, 10.79647445678711]"
2024-05-08 18:50:58,MCD,8.984991,"[-2.2998266220092773, -3.1730434894561768, 8.852882385253906]"
2024-05-08 18:50:58,MCD,9.488283,"[-4.365504741668701, -3.5513954162597656, 12.809686660766602]"
2024-05-08 18:50:58,MCD,9.349016,"[-4.518054962158203, -2.9848976135253906, 13.315691947937012]"
2024-05-08 18:50:58,MCD,8.771531,"[-7.468249320983887, 12.20385456085205, -5.048308372497559]"
2024-05-08 18:50:58,MCD,8.132225,"[4.940700054168701, -2.127563714981079, -6.720664024353027]"
2024-05-08 18:50:58,MCD,8.714828,"[2.684224843978882, -6.019299030303955, 1.2140259742736816]"
2024-05-08 18:50:58,MCD,9.50611,"[7.504415035247803, -3.636885404586792, -7.037237644195557]"
2024-05-08 18:50:58,MCD,9.447864,"[-5.258150577545166, 7.450399875640869, -4.103115081787109]"
2024-05-08 18:50:58,MCD,9.845391,"[5.721415042877197, -3.552557945251465, -3.0683951377868652]"
2024-05-08 18:50:58,MCD,8.486405,"[-2.6793341636657715, 0.8346325159072876, 0.439273476600647]"
2024-05-08 18:50:58,MCD,11.025759,"[3.951741933822632, -3.880798101425171, -3.3005805015563965]"
2024-05-08 18:50:58,MCD,9.630891,"[5.013726234436035, -4.186927318572998, 0.10125191509723663]"
2024-05-08 18:50:58,MCD,9.358052,"[2.60394287109375, 3.330199718475342, -7.848095893859863]"
2024-05-08 18:50:58,MCD,9.1420765,"[-0.5255511403083801, 5.679527282714844, -7.923130989074707]"
2024-05-08 18:50:58,MCD,11.218106,"[1.848434567451477, -1.6022709608078003, -4.3535637855529785]"
2024-05-09 05:52:00,MCD,11.218106,"[1.848434567451477, -1.6022709608078003, -4.3535637855529785]"
2024-05-09 05:52:00,MCD,11.218106,"[1.848434567451477, -1.6022709608078003, -4.3535637855529785]"
2024-05-09 05:52:00,MCD,9.465356,"[4.245197772979736, 0.3812696635723114, -7.888498306274414]"
2024-05-09 05:52:00,MCD,8.823526,"[8.345464706420898, -6.43982458114624, -2.550948143005371]"
2024-05-09 05:52:00,MCD,11.218106,"[1.848434567451477, -1.6022709608078003, -4.3535637855529785]"
2024-05-09 05:52:00,MCD,11.218106,"[1.848434567451477, -1.6022709608078003, -4.3535637855529785]"
2024-05-09 05:52:00,MCD,9.781044,"[9.146902084350586, -6.458350658416748, -3.8208303451538086]"
2024-05-09 05:52:00,MCD,11.218106,"[1.848434567451477, -1.6022709608078003, -4.3535637855529785]"
2024-05-09 05:52:00,MCD,11.871638,"[7.1690778732299805, -6.618923664093018, -2.8216280937194824]"
2024-05-09 05:52:00,MCD,11.218106,"[1.848434567451477, -1.6022709608078003, -4.3535637855529785]"
2024-05-09 05:52:00,MCD,9.023184,"[8.26038932800293, -5.452138423919678, -4.134955406188965]"
2024-05-09 05:52:00,MCD,9.092278,"[7.80832576751709, -6.471863746643066, -3.576442241668701]"
2024-05-09 05:52:00,MCD,11.218106,"[1.848434567451477, -1.6022709608078003, -4.3535637855529785]"
2024-05-09 05:52:00,MCD,11.218106,"[1.848434567451477, -1.6022709608078003, -4.3535637855529785]"
2024-05-09 05:52:00,MCD,9.741735,"[8.206143379211426, -6.6534223556518555, -3.649746894836426]"
2024-05-09 05:52:00,MCD,9.980747,"[7.10955286026001, -6.380118370056152, -4.8388566970825195]"
2024-05-09 05:52:00,MCD,11.218106,"[1.848434567451477, -1.6022709608078003, -4.3535637855529785]"
2024-05-09 05:52:00,MCD,9.143197,"[5.886490345001221, -6.326507091522217, -2.918665885925293]"
2024-05-09 05:52:00,MCD,9.256497,"[7.65207576751709, -6.533320903778076, -2.3610899448394775]"
2024-05-09 05:52:00,MCD,10.22866,"[6.794896602630615, -4.4747090339660645, -3.5627894401550293]"
2024-05-09 05:52:00,MCD,11.218106,"[1.848434567451477, -1.6022709608078003, -4.3535637855529785]"
2024-05-09 15:00:00,MCD,9.335732,"[3.304565191268921, 1.3400572538375854, -6.300769329071045]"
2024-05-09 15:00:00,MCD,8.538065,"[7.4002299308776855, -6.0687432289123535, -3.308053731918335]"
2024-05-09 15:00:00,MCD,9.835962,"[4.798973083496094, -5.50200080871582, -2.50998592376709]"
2024-05-09 15:00:00,MCD,11.218106,"[1.848434567451477, -1.6022709608078003, -4.3535637855529785]"
2024-05-09 15:00:00,MCD,9.835962,"[4.798973083496094, -5.50200080871582, -2.50998592376709]"
2024-05-09 15:00:00,MCD,11.218106,"[1.848434567451477, -1.6022709608078003, -4.3535637855529785]"
2024-05-09 15:00:00,MCD,8.838867,"[8.532081604003906, -5.883473873138428, -3.245513916015625]"
2024-05-09 15:00:00,MCD,9.585106,"[2.857837200164795, -2.01676607131958, -0.17568987607955933]"
2024-05-09 15:00:00,MCD,10.117953,"[2.7887375354766846, -3.304792642593384, -3.5668649673461914]"
2024-05-09 15:00:00,MCD,11.025759,"[3.951741933822632, -3.880798101425171, -3.3005805015563965]"
2024-05-09 15:00:00,MCD,9.435831,"[4.529792785644531, -4.696249008178711, -1.882466197013855]"
2024-05-09 15:00:00,MCD,10.237788,"[5.572666645050049, -3.8700366020202637, -4.430169582366943]"
2024-05-09 15:00:00,MCD,11.218106,"[1.848434567451477, -1.6022709608078003, -4.3535637855529785]"
2024-05-09 15:00:00,MCD,9.687346,"[7.831694602966309, -5.6274094581604, -5.446400165557861]"
2024-05-09 15:00:00,MCD,11.218106,"[1.848434567451477, -1.6022709608078003, -4.3535637855529785]"
2024-05-09 15:00:00,MCD,11.218106,"[1.848434567451477, -1.6022709608078003, -4.3535637855529785]"
2024-05-09 15:00:00,MCD,11.218106,"[1.848434567451477, -1.6022709608078003, -4.3535637855529785]"
2024-05-09 15:00:00,MCD,9.274677,"[-4.566003322601318, 8.833878517150879, -8.185059547424316]"
2024-05-09 15:00:00,MCD,11.218106,"[1.848434567451477, -1.6022709608078003, -4.3535637855529785]"
2024-05-09 15:00:00,MCD,11.218106,"[1.848434567451477, -1.6022709608078003, -4.3535637855529785]"
2024-05-09 15:00:00,MCD,11.218106,"[1.848434567451477, -1.6022709608078003, -4.3535637855529785]"
2024-05-09 15:00:00,MCD,10.462203,"[4.674453258514404, -5.219736099243164, -2.6967506408691406]"
2024-05-09 15:00:00,MCD,11.218106,"[1.848434567451477, -1.6022709608078003, -4.3535637855529785]"
2024-05-09 15:00:00,MCD,11.218106,"[1.848434567451477, -1.6022709608078003, -4.3535637855529785]"
2024-05-09 15:00:00,MCD,9.649613,"[4.862388610839844, -5.430400848388672, -3.9372611045837402]"
2024-05-09 15:00:00,MCD,11.218106,"[1.848434567451477, -1.6022709608078003, -4.3535637855529785]"
2024-05-09 15:00:00,MCD,11.218106,"[1.848434567451477, -1.6022709608078003, -4.3535637855529785]"
2024-05-09 15:00:00,MCD,11.218106,"[1.848434567451477, -1.6022709608078003, -4.3535637855529785]"
2024-05-09 15:00:00,MCD,9.435831,"[4.529792785644531, -4.696249008178711, -1.882466197013855]"
2024-05-09 15:00:00,MCD,11.218106,"[1.848434567451477, -1.6022709608078003, -4.3535637855529785]"
2024-05-09 15:00:00,MCD,11.218106,"[1.848434567451477, -1.6022709608078003, -4.3535637855529785]"
2024-05-09 15:00:00,MCD,11.218106,"[1.848434567451477, -1.6022709608078003, -4.3535637855529785]"
2024-05-09 15:00:00,MCD,10.114595,"[3.118586301803589, -5.5191264152526855, -1.3650901317596436]"
2024-05-09 15:00:00,MCD,11.218106,"[1.848434567451477, -1.6022709608078003, -4.3535637855529785]"
2024-05-09 15:00:00,MCD,9.20249,"[-7.602245807647705, 12.17986011505127, -6.251275062561035]"
2024-05-09 15:00:00,MCD,9.240516,"[-7.127624988555908, 11.791894912719727, -6.78603458404541]"
2024-05-09 15:00:00,MCD,11.218106,"[1.848434567451477, -1.6022709608078003, -4.3535637855529785]"
2024-05-09 15:00:00,MCD,8.740304,"[6.860935688018799, -5.575239658355713, -4.287761688232422]"
2024-05-09 15:00:00,MCD,9.67503,"[-4.672381401062012, 2.8965327739715576, -0.18757575750350952]"
2024-05-09 15:00:00,MCD,9.604708,"[0.6021371483802795, -1.7062431573867798, -1.5931663513183594]"
2024-05-09 15:00:00,MCD,9.50698,"[5.4369401931762695, -3.9635283946990967, -4.068133354187012]"
2024-05-09 15:00:00,MCD,8.7936325,"[6.6633429527282715, -4.860536098480225, -3.8916149139404297]"
2024-05-09 15:00:00,MCD,9.206715,"[-0.735540509223938, 3.8825125694274902, -5.072030067443848]"
2024-05-09 15:00:00,MCD,9.132127,"[-7.503640651702881, 12.355406761169434, -6.897613048553467]"
2024-05-09 15:00:00,MCD,9.331815,"[-7.0172200202941895, 11.963042259216309, -6.36731481552124]"
2024-05-09 15:00:00,MCD,9.995481,"[-7.038589000701904, 11.369368553161621, -6.654481887817383]"
2024-05-09 15:00:00,MCD,8.072856,"[5.039523601531982, -5.0388288497924805, -3.965672492980957]"
2024-05-09 15:00:00,MCD,8.411727,"[5.812736988067627, -5.57614278793335, -3.9399397373199463]"
2024-05-09 15:00:00,MCD,8.808479,"[5.57559061050415, -5.66077184677124, -3.4832324981689453]"
2024-05-09 15:00:00,MCD,8.959967,"[4.513055324554443, -4.385056495666504, -4.030515670776367]"
2024-05-09 15:00:00,MCD,10.239571,"[-7.048573970794678, 11.794663429260254, -5.735219955444336]"
2024-05-09 15:00:00,MCD,9.194411,"[-4.429555416107178, 9.9126615524292, -6.950879096984863]"
2024-05-09 15:00:00,MCD,9.129887,"[4.717052459716797, -3.495614528656006, -2.6977462768554688]"
2024-05-09 15:00:00,MCD,9.108587,"[4.450185298919678, -4.3427042961120605, -1.52261483669281]"
2024-05-09 15:00:00,MCD,9.141511,"[5.849140644073486, -2.2209832668304443, -3.267655849456787]"
2024-05-09 15:00:00,MCD,9.217524,"[6.230456829071045, -4.844571590423584, -1.4754143953323364]"
2024-05-09 15:00:00,MCD,9.092262,"[-0.9157307147979736, 5.586187362670898, -7.1819047927856445]"
2024-05-09 15:00:00,MCD,9.031467,"[6.55745267868042, -4.454598426818848, -3.3330283164978027]"
2024-05-09 15:00:00,MCD,9.094179,"[5.725322723388672, -3.4357101917266846, -3.6492886543273926]"
2024-05-09 15:00:00,MCD,9.466125,"[6.570505619049072, -8.436413764953613, 1.320232629776001]"
2024-05-09 15:00:00,MCD,9.618477,"[3.7614707946777344, -5.991753101348877, 3.6242496967315674]"
2024-05-09 15:00:00,MCD,10.071661,"[5.431174278259277, -2.479670524597168, -5.780889511108398]"
2024-05-09 15:00:00,MCD,11.218106,"[1.848434567451477, -1.6022709608078003, -4.3535637855529785]"
2024-05-09 15:14:00,MCD,9.335732,"[3.304565191268921, 1.3400572538375854, -6.300769329071045]"
2024-05-09 15:14:00,MCD,8.538065,"[7.4002299308776855, -6.0687432289123535, -3.308053731918335]"
2024-05-09 15:14:00,MCD,9.835962,"[4.798973083496094, -5.50200080871582, -2.50998592376709]"
2024-05-09 15:14:00,MCD,11.218106,"[1.848434567451477, -1.6022709608078003, -4.3535637855529785]"
2024-05-09 15:14:00,MCD,9.835962,"[4.798973083496094, -5.50200080871582, -2.50998592376709]"
2024-05-09 15:14:00,MCD,11.218106,"[1.848434567451477, -1.6022709608078003, -4.3535637855529785]"
2024-05-09 15:14:00,MCD,8.838867,"[8.532081604003906, -5.883473873138428, -3.245513916015625]"
2024-05-09 15:14:00,MCD,9.585106,"[2.857837200164795, -2.01676607131958, -0.17568987607955933]"
2024-05-09 15:14:00,MCD,10.117953,"[2.7887375354766846, -3.304792642593384, -3.5668649673461914]"
2024-05-09 15:14:00,MCD,8.601694,"[3.6865463256835938, -3.3298282623291016, -3.6140620708465576]"
2024-05-09 15:14:00,MCD,9.435831,"[4.529792785644531, -4.696249008178711, -1.882466197013855]"
2024-05-09 15:14:00,MCD,10.237788,"[5.572666645050049, -3.8700366020202637, -4.430169582366943]"
2024-05-09 15:14:00,MCD,11.218106,"[1.848434567451477, -1.6022709608078003, -4.3535637855529785]"
2024-05-09 15:14:00,MCD,9.712996,"[7.945126056671143, -5.357633590698242, -5.390368461608887]"
2024-05-09 15:14:00,MCD,11.218106,"[1.848434567451477, -1.6022709608078003, -4.3535637855529785]"
2024-05-09 15:14:00,MCD,11.218106,"[1.848434567451477, -1.6022709608078003, -4.3535637855529785]"
2024-05-09 15:14:00,MCD,11.218106,"[1.848434567451477, -1.6022709608078003, -4.3535637855529785]"
2024-05-09 15:14:00,MCD,9.274677,"[-4.566003322601318, 8.833878517150879, -8.185059547424316]"
2024-05-09 15:14:00,MCD,11.218106,"[1.848434567451477, -1.6022709608078003, -4.3535637855529785]"
2024-05-09 15:14:00,MCD,11.218106,"[1.848434567451477, -1.6022709608078003, -4.3535637855529785]"
2024-05-09 15:14:00,MCD,11.218106,"[1.848434567451477, -1.6022709608078003, -4.3535637855529785]"
2024-05-09 15:14:00,MCD,10.462203,"[4.674453258514404, -5.219736099243164, -2.6967506408691406]"
2024-05-09 15:14:00,MCD,11.218106,"[1.848434567451477, -1.6022709608078003, -4.3535637855529785]"
2024-05-09 15:14:00,MCD,11.218106,"[1.848434567451477, -1.6022709608078003, -4.3535637855529785]"
2024-05-09 15:14:00,MCD,9.649613,"[4.862388610839844, -5.430400848388672, -3.9372611045837402]"
2024-05-09 15:14:00,MCD,11.218106,"[1.848434567451477, -1.6022709608078003, -4.3535637855529785]"
2024-05-09 15:14:00,MCD,11.218106,"[1.848434567451477, -1.6022709608078003, -4.3535637855529785]"
2024-05-09 15:14:00,MCD,11.218106,"[1.848434567451477, -1.6022709608078003, -4.3535637855529785]"
2024-05-09 15:14:00,MCD,9.435831,"[4.529792785644531, -4.696249008178711, -1.882466197013855]"
2024-05-09 15:14:00,MCD,11.218106,"[1.848434567451477, -1.6022709608078003, -4.3535637855529785]"
2024-05-09 15:14:00,MCD,11.218106,"[1.848434567451477, -1.6022709608078003, -4.3535637855529785]"
2024-05-09 15:14:00,MCD,11.218106,"[1.848434567451477, -1.6022709608078003, -4.3535637855529785]"
2024-05-09 15:14:00,MCD,10.114595,"[3.118586301803589, -5.5191264152526855, -1.3650901317596436]"
2024-05-09 15:14:00,MCD,11.218106,"[1.848434567451477, -1.6022709608078003, -4.3535637855529785]"
2024-05-09 15:14:00,MCD,9.444761,"[-5.133437633514404, -1.423549771308899, 9.252273559570312]"
2024-05-09 15:14:00,MCD,9.630136,"[-5.925912380218506, -2.214292049407959, 13.044610023498535]"
2024-05-09 15:14:00,MCD,11.218106,"[1.848434567451477, -1.6022709608078003, -4.3535637855529785]"
2024-05-09 15:14:00,MCD,8.816501,"[7.68030309677124, -5.650712490081787, -4.904666423797607]"
2024-05-09 15:14:00,MCD,11.218106,"[1.848434567451477, -1.6022709608078003, -4.3535637855529785]"
2024-05-09 15:14:00,MCD,9.280008,"[6.152436256408691, -5.09324312210083, -5.629204750061035]"
2024-05-09 15:14:00,MCD,9.914497,"[-5.193445205688477, -2.2410049438476562, 12.755681991577148]"
2024-05-09 15:14:00,MCD,9.510281,"[6.134161472320557, -7.152580261230469, -4.030854225158691]"
2024-05-09 15:14:00,MCD,9.520934,"[-3.3398542404174805, -3.750638008117676, 9.812317848205566]"
2024-05-09 15:14:00,MCD,10.390245,"[1.7509678602218628, -4.682361125946045, 2.059641122817993]"
2024-05-09 15:14:00,MCD,9.741597,"[5.968770503997803, -6.444668292999268, -4.10460090637207]"
2024-05-09 15:14:00,MCD,9.8826275,"[7.823841094970703, -5.896703720092773, -4.371637344360352]"
2024-05-09 15:14:00,MCD,9.348865,"[2.893024444580078, 0.04670574516057968, -6.141020774841309]"
2024-05-09 15:14:00,MCD,9.478362,"[-0.08124680817127228, 2.4438681602478027, -4.755061149597168]"
2024-05-09 15:14:00,MCD,9.132127,"[-7.503640651702881, 12.355406761169434, -6.897613048553467]"
2024-05-09 15:14:00,MCD,9.37683,"[-7.1202898025512695, 11.783424377441406, -6.012660980224609]"
2024-05-09 15:14:00,MCD,9.995481,"[-7.038589000701904, 11.369368553161621, -6.654481887817383]"
2024-05-09 15:14:00,MCD,8.072856,"[5.039523601531982, -5.0388288497924805, -3.965672492980957]"
2024-05-09 15:14:00,MCD,8.411727,"[5.812736988067627, -5.57614278793335, -3.9399397373199463]"
2024-05-09 15:14:00,MCD,8.728303,"[5.971989154815674, -6.08285665512085, -3.839207172393799]"
2024-05-09 15:14:00,MCD,8.959967,"[4.513055324554443, -4.385056495666504, -4.030515670776367]"
2024-05-09 15:14:00,MCD,10.239571,"[-7.048573970794678, 11.794663429260254, -5.735219955444336]"
2024-05-09 15:14:00,MCD,9.194411,"[-4.429555416107178, 9.9126615524292, -6.950879096984863]"
2024-05-09 15:14:00,MCD,9.129887,"[4.717052459716797, -3.495614528656006, -2.6977462768554688]"
2024-05-09 15:14:00,MCD,9.108587,"[4.450185298919678, -4.3427042961120605, -1.52261483669281]"
2024-05-09 15:14:00,MCD,9.141511,"[5.849140644073486, -2.2209832668304443, -3.267655849456787]"
2024-05-09 15:14:00,MCD,9.217524,"[6.230456829071045, -4.844571590423584, -1.4754143953323364]"
2024-05-09 15:14:00,MCD,9.092262,"[-0.9157307147979736, 5.586187362670898, -7.1819047927856445]"
2024-05-09 15:14:00,MCD,9.031467,"[6.55745267868042, -4.454598426818848, -3.3330283164978027]"
2024-05-09 15:14:00,MCD,9.094179,"[5.725322723388672, -3.4357101917266846, -3.6492886543273926]"
2024-05-09 15:14:00,MCD,9.466125,"[6.570505619049072, -8.436413764953613, 1.320232629776001]"
2024-05-09 15:14:00,MCD,9.618477,"[3.7614707946777344, -5.991753101348877, 3.6242496967315674]"
2024-05-09 15:14:00,MCD,10.071661,"[5.431174278259277, -2.479670524597168, -5.780889511108398]"
2024-05-09 15:14:00,MCD,11.218106,"[1.848434567451477, -1.6022709608078003, -4.3535637855529785]"
2024-05-10 14:51:00,MCD,9.335732,"[3.304565191268921, 1.3400572538375854, -6.300769329071045]"
2024-05-10 14:51:00,MCD,8.538065,"[7.4002299308776855, -6.0687432289123535, -3.308053731918335]"
2024-05-10 14:51:00,MCD,9.835962,"[4.798973083496094, -5.50200080871582, -2.50998592376709]"
2024-05-10 14:51:00,MCD,11.218106,"[1.848434567451477, -1.6022709608078003, -4.3535637855529785]"
2024-05-10 14:51:00,MCD,9.835962,"[4.798973083496094, -5.50200080871582, -2.50998592376709]"
2024-05-10 14:51:00,MCD,11.218106,"[1.848434567451477, -1.6022709608078003, -4.3535637855529785]"
2024-05-10 14:51:00,MCD,8.838867,"[8.532081604003906, -5.883473873138428, -3.245513916015625]"
2024-05-10 14:51:00,MCD,9.585106,"[2.857837200164795, -2.01676607131958, -0.17568987607955933]"
2024-05-10 14:51:00,MCD,10.117953,"[2.7887375354766846, -3.304792642593384, -3.5668649673461914]"
2024-05-10 14:51:00,MCD,11.025759,"[3.951741933822632, -3.880798101425171, -3.3005805015563965]"
2024-05-10 14:51:00,MCD,9.435831,"[4.529792785644531, -4.696249008178711, -1.882466197013855]"
2024-05-10 14:51:00,MCD,10.931807,"[4.863032341003418, -4.364737033843994, -4.297338485717773]"
2024-05-10 14:51:00,MCD,11.218106,"[1.848434567451477, -1.6022709608078003, -4.3535637855529785]"
2024-05-10 14:51:00,MCD,9.612538,"[7.8326802253723145, -5.711707592010498, -5.703813076019287]"
2024-05-10 14:51:00,MCD,11.218106,"[1.848434567451477, -1.6022709608078003, -4.3535637855529785]"
2024-05-10 14:51:00,MCD,11.218106,"[1.848434567451477, -1.6022709608078003, -4.3535637855529785]"
2024-05-10 14:51:00,MCD,11.218106,"[1.848434567451477, -1.6022709608078003, -4.3535637855529785]"
2024-05-10 14:51:00,MCD,9.274677,"[-4.566003322601318, 8.833878517150879, -8.185059547424316]"
2024-05-10 14:51:00,MCD,11.218106,"[1.848434567451477, -1.6022709608078003, -4.3535637855529785]"
2024-05-10 14:51:00,MCD,11.218106,"[1.848434567451477, -1.6022709608078003, -4.3535637855529785]"
2024-05-10 14:51:00,MCD,11.218106,"[1.848434567451477, -1.6022709608078003, -4.3535637855529785]"
2024-05-10 14:51:00,MCD,10.462203,"[4.674453258514404, -5.219736099243164, -2.6967506408691406]"
2024-05-10 14:51:00,MCD,11.218106,"[1.848434567451477, -1.6022709608078003, -4.3535637855529785]"
2024-05-10 14:51:00,MCD,11.218106,"[1.848434567451477, -1.6022709608078003, -4.3535637855529785]"
2024-05-10 14:51:00,MCD,9.649613,"[4.862388610839844, -5.430400848388672, -3.9372611045837402]"
2024-05-10 14:51:00,MCD,11.218106,"[1.848434567451477, -1.6022709608078003, -4.3535637855529785]"
2024-05-10 14:51:00,MCD,11.218106,"[1.848434567451477, -1.6022709608078003, -4.3535637855529785]"
2024-05-10 14:51:00,MCD,11.218106,"[1.848434567451477, -1.6022709608078003, -4.3535637855529785]"
2024-05-10 14:51:00,MCD,9.435831,"[4.529792785644531, -4.696249008178711, -1.882466197013855]"
2024-05-10 14:51:00,MCD,11.218106,"[1.848434567451477, -1.6022709608078003, -4.3535637855529785]"
2024-05-10 14:51:00,MCD,11.218106,"[1.848434567451477, -1.6022709608078003, -4.3535637855529785]"
2024-05-10 14:51:00,MCD,11.218106,"[1.848434567451477, -1.6022709608078003, -4.3535637855529785]"
2024-05-10 14:51:00,MCD,10.114595,"[3.118586301803589, -5.5191264152526855, -1.3650901317596436]"
2024-05-10 14:51:00,MCD,11.218106,"[1.848434567451477, -1.6022709608078003, -4.3535637855529785]"
2024-05-10 14:51:00,MCD,9.202052,"[-5.9572882652282715, -1.1081018447875977, 10.922784805297852]"
2024-05-10 14:51:00,MCD,9.611944,"[-5.5301923751831055, 10.093852043151855, -6.931797027587891]"
2024-05-10 14:51:00,MCD,11.218106,"[1.848434567451477, -1.6022709608078003, -4.3535637855529785]"
2024-05-10 14:51:00,MCD,8.92651,"[7.132625102996826, -4.420653820037842, -5.320990085601807]"
2024-05-10 14:51:00,MCD,11.218106,"[1.848434567451477, -1.6022709608078003, -4.3535637855529785]"
2024-05-10 14:51:00,MCD,9.734415,"[-5.096146106719971, -3.0122199058532715, 13.365904808044434]"
2024-05-10 14:51:00,MCD,10.19925,"[-4.889567852020264, -2.210050582885742, 11.011552810668945]"
2024-05-10 14:51:00,MCD,9.300208,"[-1.6002522706985474, 0.9333727955818176, -2.9771273136138916]"
2024-05-10 14:51:00,MCD,9.649768,"[7.879655361175537, -5.739402770996094, -3.768834114074707]"
2024-05-10 14:51:00,MCD,8.50643,"[8.842055320739746, -5.569295883178711, -4.86787223815918]"
2024-05-10 14:51:00,MCD,8.939543,"[1.2540702819824219, 1.9211241006851196, -4.954063415527344]"
2024-05-10 14:51:00,MCD,9.132127,"[-7.503640651702881, 12.355406761169434, -6.897613048553467]"
2024-05-10 14:51:00,MCD,9.35997,"[-6.9034271240234375, 12.45954704284668, -7.0049591064453125]"
2024-05-10 14:51:00,MCD,9.995481,"[-7.038589000701904, 11.369368553161621, -6.654481887817383]"
2024-05-10 14:51:00,MCD,8.072856,"[5.039523601531982, -5.0388288497924805, -3.965672492980957]"
2024-05-10 14:51:00,MCD,8.411727,"[5.812736988067627, -5.57614278793335, -3.9399397373199463]"
2024-05-10 14:51:00,MCD,8.418433,"[5.667171955108643, -5.62365198135376, -3.4803452491760254]"
2024-05-10 14:51:00,MCD,8.959967,"[4.513055324554443, -4.385056495666504, -4.030515670776367]"
2024-05-10 14:51:00,MCD,10.239571,"[-7.048573970794678, 11.794663429260254, -5.735219955444336]"
2024-05-10 14:51:00,MCD,9.194411,"[-4.429555416107178, 9.9126615524292, -6.950879096984863]"
2024-05-10 14:51:00,MCD,9.129887,"[4.717052459716797, -3.495614528656006, -2.6977462768554688]"
2024-05-10 14:51:00,MCD,9.108587,"[4.450185298919678, -4.3427042961120605, -1.52261483669281]"
2024-05-10 14:51:00,MCD,9.141511,"[5.849140644073486, -2.2209832668304443, -3.267655849456787]"
2024-05-10 14:51:00,MCD,9.217524,"[6.230456829071045, -4.844571590423584, -1.4754143953323364]"
2024-05-10 14:51:00,MCD,9.092262,"[-0.9157307147979736, 5.586187362670898, -7.1819047927856445]"
2024-05-10 14:51:00,MCD,9.031467,"[6.55745267868042, -4.454598426818848, -3.3330283164978027]"
2024-05-10 14:51:00,MCD,9.094179,"[5.725322723388672, -3.4357101917266846, -3.6492886543273926]"
2024-05-10 14:51:00,MCD,9.466125,"[6.570505619049072, -8.436413764953613, 1.320232629776001]"
2024-05-10 14:51:00,MCD,9.618477,"[3.7614707946777344, -5.991753101348877, 3.6242496967315674]"
2024-05-10 14:51:00,MCD,10.071661,"[5.431174278259277, -2.479670524597168, -5.780889511108398]"
2024-05-10 14:51:00,MCD,11.218106,"[1.848434567451477, -1.6022709608078003, -4.3535637855529785]"
2024-05-10 17:13:07,MCD,9.387324,"[-7.620727062225342, 12.385405540466309, -6.374709606170654]"
2024-05-10 17:13:07,MCD,9.63985,"[-5.716254711151123, 10.622052192687988, -7.082364559173584]"
2024-05-10 17:13:07,MCD,9.4833555,"[-7.524482727050781, 12.283848762512207, -6.845401287078857]"
2024-05-10 17:13:07,MCD,11.218106,"[1.848434567451477, -1.6022709608078003, -4.3535637855529785]"
2024-05-10 17:13:07,MCD,8.740304,"[6.860935688018799, -5.575239658355713, -4.287761688232422]"
2024-05-10 17:13:07,MCD,9.660908,"[-5.455791473388672, -2.1817636489868164, 12.485904693603516]"
2024-05-10 17:13:07,MCD,9.556347,"[-4.480640411376953, 8.92138385772705, -6.853302001953125]"
2024-05-10 17:13:07,MCD,10.009181,"[-1.8717516660690308, -0.7674720883369446, 1.743646264076233]"
2024-05-10 17:13:07,MCD,9.906819,"[4.954061985015869, -3.2816150188446045, -3.670243501663208]"
2024-05-10 17:13:07,MCD,9.922948,"[1.075832724571228, -3.2618155479431152, 0.7482444047927856]"
2024-05-10 17:13:07,MCD,9.623944,"[3.5952563285827637, -1.8739935159683228, -4.520148754119873]"
2024-05-10 17:13:07,MCD,9.487656,"[0.20097558200359344, 0.13821443915367126, -3.8320412635803223]"
2024-05-10 17:13:07,MCD,9.687006,"[5.28432035446167, -4.117441654205322, -3.566002130508423]"
2024-05-10 17:13:07,MCD,9.830634,"[4.628101825714111, -2.346526622772217, -4.830165863037109]"
2024-05-10 17:13:07,MCD,8.597537,"[7.031650543212891, -5.240014553070068, -4.177933692932129]"
2024-05-10 17:13:07,MCD,8.7123995,"[7.29144287109375, -5.360955715179443, -3.2865023612976074]"
2024-05-10 17:13:07,MCD,8.179969,"[4.574167728424072, -5.324269771575928, -1.5631688833236694]"
2024-05-10 17:13:07,MCD,9.31504,"[-7.362281322479248, 12.224761009216309, -7.239771366119385]"
2024-05-10 17:13:07,MCD,9.66432,"[-6.300646781921387, 11.718896865844727, -7.607715129852295]"
2024-05-10 17:13:07,MCD,9.801904,"[-6.58153772354126, 9.990965843200684, -6.079338073730469]"
2024-05-10 17:13:07,MCD,8.988828,"[-7.531350135803223, 12.29609489440918, -6.496280670166016]"
2024-05-10 17:13:07,MCD,10.054958,"[-6.034112453460693, 8.379565238952637, -4.639186859130859]"
2024-05-10 17:13:07,MCD,9.362633,"[-7.444446086883545, 12.183284759521484, -6.474932670593262]"
2024-05-10 17:13:07,MCD,9.642964,"[-6.473063945770264, 0.5436837077140808, 7.645531177520752]"
2024-05-10 17:13:07,MCD,9.565139,"[-4.041145324707031, -3.2284297943115234, 11.648262023925781]"
2024-05-10 17:13:07,MCD,9.995481,"[-7.038589000701904, 11.369368553161621, -6.654481887817383]"
2024-05-10 17:13:07,MCD,10.398066,"[4.262150287628174, -3.2621216773986816, -2.355409622192383]"
2024-05-10 17:13:07,MCD,9.630891,"[5.013726234436035, -4.186927318572998, 0.10125191509723663]"
2024-05-10 17:13:07,MCD,9.249113,"[-2.8264386653900146, 7.136206150054932, -7.365882396697998]"
2024-05-10 17:13:07,MCD,9.1420765,"[-0.5255511403083801, 5.679527282714844, -7.923130989074707]"
2024-05-10 17:13:07,MCD,11.218106,"[1.848434567451477, -1.6022709608078003, -4.3535637855529785]"
2024-05-10 19:28:10,MCD,8.442631,"[0.9815851449966431, 1.1386712789535522, -5.6207661628723145]"
2024-05-10 19:28:10,MCD,8.553802,"[3.3040339946746826, -2.6574792861938477, -2.5526952743530273]"
2024-05-10 19:28:10,MCD,8.758709,"[-3.6059343814849854, -3.770784378051758, 10.83920669555664]"
2024-05-10 19:28:10,MCD,8.870507,"[-0.35111331939697266, 1.4324848651885986, -4.254986763000488]"
2024-05-10 19:28:10,MCD,8.399858,"[-2.9990954399108887, -0.024728573858737946, 2.6947250366210938]"
2024-05-10 19:28:10,MCD,8.853085,"[-2.165574550628662, -3.281751871109009, 9.471003532409668]"
2024-05-10 19:28:10,MCD,8.329892,"[0.7388363480567932, 2.373544454574585, -4.6299333572387695]"
2024-05-10 19:28:10,MCD,8.348007,"[2.457853317260742, -2.28855037689209, -4.326289176940918]"
2024-05-10 19:28:10,MCD,9.52941,"[1.962348222732544, -1.3233897686004639, -3.819272518157959]"
2024-05-10 19:28:10,MCD,9.242487,"[2.2462146282196045, -4.3465800285339355, -1.114017367362976]"
2024-05-10 19:28:10,MCD,9.097103,"[5.569604396820068, -4.10939359664917, -4.244580268859863]"
2024-05-10 19:28:10,MCD,9.630891,"[5.013726234436035, -4.186927318572998, 0.10125191509723663]"
2024-05-10 19:28:10,MCD,9.1420765,"[-0.5255511403083801, 5.679527282714844, -7.923130989074707]"
2024-05-10 19:28:10,MCD,11.218106,"[1.848434567451477, -1.6022709608078003, -4.3535637855529785]"
2024-05-10 23:08:00,MCD,11.218106,"[1.848434567451477, -1.6022709608078003, -4.3535637855529785]"
2024-05-10 23:08:00,MCD,8.827943,"[8.702200889587402, -4.9582343101501465, -4.621330738067627]"
2024-05-10 23:08:00,MCD,8.744848,"[5.1962714195251465, -3.7017428874969482, -5.014172554016113]"
2024-05-10 23:08:00,MCD,9.607359,"[3.204380750656128, -4.362273693084717, -2.3582303524017334]"
2024-05-10 23:08:00,MCD,11.218106,"[1.848434567451477, -1.6022709608078003, -4.3535637855529785]"
2024-05-10 23:08:00,MCD,9.352423,"[5.58928918838501, -3.82503604888916, -4.019045829772949]"
2024-05-10 23:08:00,MCD,8.358577,"[5.680084228515625, -5.062602996826172, -3.4824252128601074]"
2024-05-10 23:08:00,MCD,8.99317,"[9.431514739990234, -7.239869117736816, -5.641681671142578]"
2024-05-10 23:08:00,MCD,8.819046,"[7.978081703186035, -4.5031561851501465, -6.356905937194824]"
2024-05-10 23:08:00,MCD,8.675466,"[-3.512219190597534, -3.87481427192688, 10.3815279006958]"
2024-05-10 23:08:00,MCD,8.773391,"[-2.7471022605895996, -4.587000370025635, 10.913236618041992]"
2024-05-10 23:08:00,MCD,9.113968,"[-2.496568202972412, -1.6604318618774414, 7.0218400955200195]"
2024-05-10 23:08:00,MCD,7.682354,"[5.458651065826416, -5.6849446296691895, -4.411839962005615]"
2024-05-10 23:08:00,MCD,9.412042,"[-5.811953544616699, -2.4309659004211426, 12.593445777893066]"
2024-05-10 23:08:00,MCD,8.289333,"[7.956748962402344, -5.338999271392822, -5.316125869750977]"
2024-05-10 23:08:00,MCD,8.559688,"[1.512718677520752, -0.20960047841072083, -4.597360610961914]"
2024-05-10 23:08:00,MCD,9.008565,"[3.7061967849731445, -3.680330991744995, -4.4313249588012695]"
2024-05-10 23:08:00,MCD,7.2874355,"[4.022458553314209, -2.0061261653900146, -2.1500039100646973]"
2024-05-10 23:08:00,MCD,9.933461,"[6.158999443054199, -6.6046061515808105, -3.242187738418579]"
2024-05-10 23:08:00,MCD,9.58215,"[0.9049053192138672, 0.7185071110725403, -4.7472710609436035]"
2024-05-10 23:08:00,MCD,9.662846,"[5.155923366546631, -4.748265743255615, -3.2547574043273926]"
2024-05-10 23:08:00,MCD,9.706142,"[8.544330596923828, -4.6563825607299805, -4.948953628540039]"
2024-05-10 23:08:00,MCD,9.76969,"[7.725373268127441, -6.52075719833374, -3.417433261871338]"
2024-05-10 23:08:00,MCD,9.685476,"[5.927505970001221, -2.6706576347351074, -3.3656277656555176]"
2024-05-10 23:08:00,MCD,11.218106,"[1.848434567451477, -1.6022709608078003, -4.3535637855529785]"
2024-05-10 23:08:00,MCD,11.218106,"[1.848434567451477, -1.6022709608078003, -4.3535637855529785]"
2024-05-10 23:08:00,MCD,8.827943,"[8.702200889587402, -4.9582343101501465, -4.621330738067627]"
2024-05-10 23:08:00,MCD,8.744848,"[5.1962714195251465, -3.7017428874969482, -5.014172554016113]"
2024-05-10 23:08:00,MCD,9.607359,"[3.204380750656128, -4.362273693084717, -2.3582303524017334]"
2024-05-10 23:08:00,MCD,11.218106,"[1.848434567451477, -1.6022709608078003, -4.3535637855529785]"
2024-05-10 23:08:00,MCD,9.352423,"[5.58928918838501, -3.82503604888916, -4.019045829772949]"
2024-05-10 23:08:00,MCD,11.218106,"[1.848434567451477, -1.6022709608078003, -4.3535637855529785]"
2024-05-13 16:14:00,MCD,9.335732,"[3.304565191268921, 1.3400572538375854, -6.300769329071045]"
2024-05-13 16:14:00,MCD,8.538065,"[7.4002299308776855, -6.0687432289123535, -3.308053731918335]"
2024-05-13 16:14:00,MCD,9.835962,"[4.798973083496094, -5.50200080871582, -2.50998592376709]"
2024-05-13 16:14:00,MCD,11.218106,"[1.848434567451477, -1.6022709608078003, -4.3535637855529785]"
2024-05-13 16:14:00,MCD,9.835962,"[4.798973083496094, -5.50200080871582, -2.50998592376709]"
2024-05-13 16:14:00,MCD,11.218106,"[1.848434567451477, -1.6022709608078003, -4.3535637855529785]"
2024-05-13 16:14:00,MCD,8.838867,"[8.532081604003906, -5.883473873138428, -3.245513916015625]"
2024-05-13 16:14:00,MCD,9.585106,"[2.857837200164795, -2.01676607131958, -0.17568987607955933]"
2024-05-13 16:14:00,MCD,10.117953,"[2.7887375354766846, -3.304792642593384, -3.5668649673461914]"
2024-05-13 16:14:00,MCD,8.601694,"[3.6865463256835938, -3.3298282623291016, -3.6140620708465576]"
2024-05-13 16:14:00,MCD,9.435831,"[4.529792785644531, -4.696249008178711, -1.882466197013855]"
2024-05-13 16:14:00,MCD,11.506538,"[5.289167881011963, -4.145168781280518, -4.395857810974121]"
2024-05-13 16:14:00,MCD,11.218106,"[1.848434567451477, -1.6022709608078003, -4.3535637855529785]"
2024-05-13 16:14:00,MCD,9.886258,"[7.650990009307861, -5.179367542266846, -5.779499053955078]"
2024-05-13 16:14:00,MCD,11.218106,"[1.848434567451477, -1.6022709608078003, -4.3535637855529785]"
2024-05-13 16:14:00,MCD,11.218106,"[1.848434567451477, -1.6022709608078003, -4.3535637855529785]"
2024-05-13 16:14:00,MCD,11.218106,"[1.848434567451477, -1.6022709608078003, -4.3535637855529785]"
2024-05-13 16:14:00,MCD,9.274677,"[-4.566003322601318, 8.833878517150879, -8.185059547424316]"
2024-05-13 16:14:00,MCD,11.218106,"[1.848434567451477, -1.6022709608078003, -4.3535637855529785]"
2024-05-13 16:14:00,MCD,11.218106,"[1.848434567451477, -1.6022709608078003, -4.3535637855529785]"
2024-05-13 16:14:00,MCD,11.218106,"[1.848434567451477, -1.6022709608078003, -4.3535637855529785]"
2024-05-13 16:14:00,MCD,10.462203,"[4.674453258514404, -5.219736099243164, -2.6967506408691406]"
2024-05-13 16:14:00,MCD,11.218106,"[1.848434567451477, -1.6022709608078003, -4.3535637855529785]"
2024-05-13 16:14:00,MCD,11.218106,"[1.848434567451477, -1.6022709608078003, -4.3535637855529785]"
2024-05-13 16:14:00,MCD,9.649613,"[4.862388610839844, -5.430400848388672, -3.9372611045837402]"
2024-05-13 16:14:00,MCD,11.218106,"[1.848434567451477, -1.6022709608078003, -4.3535637855529785]"
2024-05-13 16:14:00,MCD,11.218106,"[1.848434567451477, -1.6022709608078003, -4.3535637855529785]"
2024-05-13 16:14:00,MCD,11.218106,"[1.848434567451477, -1.6022709608078003, -4.3535637855529785]"
2024-05-13 16:14:00,MCD,9.435831,"[4.529792785644531, -4.696249008178711, -1.882466197013855]"
2024-05-13 16:14:00,MCD,11.218106,"[1.848434567451477, -1.6022709608078003, -4.3535637855529785]"
2024-05-13 16:14:00,MCD,11.218106,"[1.848434567451477, -1.6022709608078003, -4.3535637855529785]"
2024-05-13 16:14:00,MCD,11.218106,"[1.848434567451477, -1.6022709608078003, -4.3535637855529785]"
2024-05-13 16:14:00,MCD,10.114595,"[3.118586301803589, -5.5191264152526855, -1.3650901317596436]"
2024-05-13 16:14:00,MCD,11.218106,"[1.848434567451477, -1.6022709608078003, -4.3535637855529785]"
2024-05-13 16:14:00,MCD,9.410516,"[6.118841648101807, -5.336403846740723, -4.876718997955322]"
2024-05-13 16:14:00,MCD,9.635313,"[-2.211892604827881, -4.148274898529053, 9.114028930664062]"
2024-05-13 16:14:00,MCD,9.087618,"[-5.849703311920166, 7.851978302001953, -4.325096130371094]"
2024-05-13 16:14:00,MCD,9.077181,"[-5.722643852233887, 11.280556678771973, -7.427674770355225]"
2024-05-13 16:14:00,MCD,9.132127,"[-7.503640651702881, 12.355406761169434, -6.897613048553467]"
2024-05-13 16:14:00,MCD,9.446011,"[-6.862652778625488, 12.500155448913574, -7.102682590484619]"
2024-05-13 16:14:00,MCD,8.873927,"[8.041807174682617, -6.9439568519592285, -4.89344596862793]"
2024-05-13 16:14:00,MCD,9.12789,"[0.6775833368301392, 3.2829771041870117, -8.248738288879395]"
2024-05-13 16:14:00,MCD,8.072856,"[5.039523601531982, -5.0388288497924805, -3.965672492980957]"
2024-05-13 16:14:00,MCD,8.411727,"[5.812736988067627, -5.57614278793335, -3.9399397373199463]"
2024-05-13 16:14:00,MCD,8.959967,"[4.513055324554443, -4.385056495666504, -4.030515670776367]"
2024-05-13 16:14:00,MCD,10.239571,"[-7.048573970794678, 11.794663429260254, -5.735219955444336]"
2024-05-13 16:14:00,MCD,9.194411,"[-4.429555416107178, 9.9126615524292, -6.950879096984863]"
2024-05-13 16:14:00,MCD,9.129887,"[4.717052459716797, -3.495614528656006, -2.6977462768554688]"
2024-05-13 16:14:00,MCD,9.108587,"[4.450185298919678, -4.3427042961120605, -1.52261483669281]"
2024-05-13 16:14:00,MCD,9.141511,"[5.849140644073486, -2.2209832668304443, -3.267655849456787]"
2024-05-13 16:14:00,MCD,9.217524,"[6.230456829071045, -4.844571590423584, -1.4754143953323364]"
2024-05-13 16:14:00,MCD,9.092262,"[-0.9157307147979736, 5.586187362670898, -7.1819047927856445]"
2024-05-13 16:14:00,MCD,9.031467,"[6.55745267868042, -4.454598426818848, -3.3330283164978027]"
2024-05-13 16:14:00,MCD,9.094179,"[5.725322723388672, -3.4357101917266846, -3.6492886543273926]"
2024-05-13 16:14:00,MCD,9.466125,"[6.570505619049072, -8.436413764953613, 1.320232629776001]"
2024-05-13 16:14:00,MCD,9.618477,"[3.7614707946777344, -5.991753101348877, 3.6242496967315674]"
2024-05-13 16:14:00,MCD,10.071661,"[5.431174278259277, -2.479670524597168, -5.780889511108398]"
2024-05-13 16:14:00,MCD,11.218106,"[1.848434567451477, -1.6022709608078003, -4.3535637855529785]"
2024-05-13 17:07:49,MCD,10.0408325,"[-4.25553560256958, 9.657519340515137, -9.541947364807129]"
2024-05-13 17:07:49,MCD,9.417066,"[-2.798110246658325, -4.223958492279053, 11.230659484863281]"
2024-05-13 17:07:49,MCD,9.5966835,"[0.4149801731109619, -6.405773162841797, 8.259626388549805]"
2024-05-13 17:07:49,MCD,9.564138,"[-0.559468150138855, 2.2217941284179688, -4.142799377441406]"
2024-05-13 17:07:49,MCD,9.031702,"[-6.184773921966553, 5.0802531242370605, -1.0697802305221558]"
2024-05-13 17:07:49,MCD,9.076055,"[-1.1934832334518433, -4.433055400848389, 6.013833999633789]"
2024-05-13 17:07:49,MCD,9.368192,"[-4.643110752105713, 10.178220748901367, -8.057249069213867]"
2024-05-13 17:07:49,MCD,9.603259,"[-4.501996994018555, 9.654314994812012, -7.809326648712158]"
2024-05-13 17:07:49,MCD,8.195916,"[3.737994432449341, -5.677438735961914, 0.7763761281967163]"
2024-05-13 17:07:49,MCD,10.150087,"[2.670931339263916, -4.509566783905029, 0.4231138825416565]"
2024-05-13 17:07:49,MCD,9.925367,"[-0.09182675182819366, -3.5498456954956055, 3.308185577392578]"
2024-05-13 17:07:49,MCD,9.620981,"[5.592594146728516, -6.0719475746154785, -2.978722095489502]"
2024-05-13 17:07:49,MCD,9.630891,"[5.013726234436035, -4.186927318572998, 0.10125191509723663]"
2024-05-13 17:07:49,MCD,9.358052,"[2.60394287109375, 3.330199718475342, -7.848095893859863]"
2024-05-13 17:07:49,MCD,9.1420765,"[-0.5255511403083801, 5.679527282714844, -7.923130989074707]"
2024-05-13 17:07:49,MCD,11.218106,"[1.848434567451477, -1.6022709608078003, -4.3535637855529785]"
2024-05-16 12:39:00,MCD,9.335732,"[3.304565191268921, 1.3400572538375854, -6.300769329071045]"
2024-05-16 12:39:00,MCD,8.538065,"[7.4002299308776855, -6.0687432289123535, -3.308053731918335]"
2024-05-16 12:39:00,MCD,9.835962,"[4.798973083496094, -5.50200080871582, -2.50998592376709]"
2024-05-16 12:39:00,MCD,11.218106,"[1.848434567451477, -1.6022709608078003, -4.3535637855529785]"
2024-05-16 12:39:00,MCD,9.835962,"[4.798973083496094, -5.50200080871582, -2.50998592376709]"
2024-05-16 12:39:00,MCD,11.218106,"[1.848434567451477, -1.6022709608078003, -4.3535637855529785]"
2024-05-16 12:39:00,MCD,8.838867,"[8.532081604003906, -5.883473873138428, -3.245513916015625]"
2024-05-16 12:39:00,MCD,9.585106,"[2.857837200164795, -2.01676607131958, -0.17568987607955933]"
2024-05-16 12:39:00,MCD,10.117953,"[2.7887375354766846, -3.304792642593384, -3.5668649673461914]"
2024-05-16 12:39:00,MCD,8.601694,"[3.6865463256835938, -3.3298282623291016, -3.6140620708465576]"
2024-05-16 12:39:00,MCD,9.435831,"[4.529792785644531, -4.696249008178711, -1.882466197013855]"
2024-05-16 12:39:00,MCD,11.718326,"[5.757652759552002, -4.761409282684326, -4.554368019104004]"
2024-05-16 12:39:00,MCD,11.218106,"[1.848434567451477, -1.6022709608078003, -4.3535637855529785]"
2024-05-16 12:39:00,MCD,9.639151,"[7.726724147796631, -5.1667256355285645, -5.949810981750488]"
2024-05-16 12:39:00,MCD,11.218106,"[1.848434567451477, -1.6022709608078003, -4.3535637855529785]"
2024-05-16 12:39:00,MCD,11.218106,"[1.848434567451477, -1.6022709608078003, -4.3535637855529785]"
2024-05-16 12:39:00,MCD,11.218106,"[1.848434567451477, -1.6022709608078003, -4.3535637855529785]"
2024-05-16 12:39:00,MCD,9.274677,"[-4.566003322601318, 8.833878517150879, -8.185059547424316]"
2024-05-16 12:39:00,MCD,11.218106,"[1.848434567451477, -1.6022709608078003, -4.3535637855529785]"
2024-05-16 12:39:00,MCD,11.218106,"[1.848434567451477, -1.6022709608078003, -4.3535637855529785]"
2024-05-16 12:39:00,MCD,11.218106,"[1.848434567451477, -1.6022709608078003, -4.3535637855529785]"
2024-05-16 12:39:00,MCD,10.462203,"[4.674453258514404, -5.219736099243164, -2.6967506408691406]"
2024-05-16 12:39:00,MCD,11.218106,"[1.848434567451477, -1.6022709608078003, -4.3535637855529785]"
2024-05-16 12:39:00,MCD,11.218106,"[1.848434567451477, -1.6022709608078003, -4.3535637855529785]"
2024-05-16 12:39:00,MCD,9.649613,"[4.862388610839844, -5.430400848388672, -3.9372611045837402]"
2024-05-16 12:39:00,MCD,11.218106,"[1.848434567451477, -1.6022709608078003, -4.3535637855529785]"
2024-05-16 12:39:00,MCD,11.218106,"[1.848434567451477, -1.6022709608078003, -4.3535637855529785]"
2024-05-16 12:39:00,MCD,11.218106,"[1.848434567451477, -1.6022709608078003, -4.3535637855529785]"
2024-05-16 12:39:00,MCD,9.435831,"[4.529792785644531, -4.696249008178711, -1.882466197013855]"
2024-05-16 12:39:00,MCD,11.218106,"[1.848434567451477, -1.6022709608078003, -4.3535637855529785]"
2024-05-16 12:39:00,MCD,11.218106,"[1.848434567451477, -1.6022709608078003, -4.3535637855529785]"
2024-05-16 12:39:00,MCD,11.218106,"[1.848434567451477, -1.6022709608078003, -4.3535637855529785]"
2024-05-16 12:39:00,MCD,10.114595,"[3.118586301803589, -5.5191264152526855, -1.3650901317596436]"
2024-05-16 12:39:00,MCD,11.218106,"[1.848434567451477, -1.6022709608078003, -4.3535637855529785]"
2024-05-16 12:39:00,MCD,9.138305,"[-7.326328754425049, 7.883782863616943, -2.837247610092163]"
2024-05-16 12:39:00,MCD,9.374916,"[-3.469219923019409, -3.6744964122772217, 11.14865493774414]"
2024-05-16 12:39:00,MCD,11.218106,"[1.848434567451477, -1.6022709608078003, -4.3535637855529785]"
2024-05-16 12:39:00,MCD,8.888836,"[6.745904445648193, -3.5333428382873535, -5.054876327514648]"
2024-05-16 12:39:00,MCD,11.218106,"[1.848434567451477, -1.6022709608078003, -4.3535637855529785]"
2024-05-16 12:39:00,MCD,9.341313,"[-6.743274211883545, 11.897493362426758, -7.4803924560546875]"
2024-05-16 12:39:00,MCD,9.754368,"[5.961533069610596, -5.527332782745361, -3.666508197784424]"
2024-05-16 12:39:00,MCD,9.169018,"[6.602985858917236, -3.424008369445801, -6.846819877624512]"
2024-05-16 12:39:00,MCD,8.685638,"[6.561578273773193, -4.203406810760498, -3.971024990081787]"
2024-05-16 12:39:00,MCD,9.684145,"[7.105916976928711, -6.842705249786377, -3.7778868675231934]"
2024-05-16 12:39:00,MCD,9.407531,"[-0.7390851974487305, 4.191218376159668, -6.173296928405762]"
2024-05-16 12:39:00,MCD,9.132127,"[-7.503640651702881, 12.355406761169434, -6.897613048553467]"
2024-05-16 12:39:00,MCD,9.473517,"[-6.832765102386475, 12.496052742004395, -7.140669822692871]"
2024-05-16 12:39:00,MCD,8.072856,"[5.039523601531982, -5.0388288497924805, -3.965672492980957]"
2024-05-16 12:39:00,MCD,8.411727,"[5.812736988067627, -5.57614278793335, -3.9399397373199463]"
2024-05-16 12:39:00,MCD,8.457728,"[5.7623209953308105, -6.234053611755371, -4.372349739074707]"
2024-05-16 12:39:00,MCD,8.959967,"[4.513055324554443, -4.385056495666504, -4.030515670776367]"
2024-05-16 12:39:00,MCD,10.239571,"[-7.048573970794678, 11.794663429260254, -5.735219955444336]"
2024-05-16 12:39:00,MCD,9.194411,"[-4.429555416107178, 9.9126615524292, -6.950879096984863]"
2024-05-16 12:39:00,MCD,9.129887,"[4.717052459716797, -3.495614528656006, -2.6977462768554688]"
2024-05-16 12:39:00,MCD,9.108587,"[4.450185298919678, -4.3427042961120605, -1.52261483669281]"
2024-05-16 12:39:00,MCD,9.141511,"[5.849140644073486, -2.2209832668304443, -3.267655849456787]"
2024-05-16 12:39:00,MCD,9.217524,"[6.230456829071045, -4.844571590423584, -1.4754143953323364]"
2024-05-16 12:39:00,MCD,9.092262,"[-0.9157307147979736, 5.586187362670898, -7.1819047927856445]"
2024-05-16 12:39:00,MCD,9.031467,"[6.55745267868042, -4.454598426818848, -3.3330283164978027]"
2024-05-16 12:39:00,MCD,9.094179,"[5.725322723388672, -3.4357101917266846, -3.6492886543273926]"
2024-05-16 12:39:00,MCD,9.466125,"[6.570505619049072, -8.436413764953613, 1.320232629776001]"
2024-05-16 12:39:00,MCD,9.618477,"[3.7614707946777344, -5.991753101348877, 3.6242496967315674]"
2024-05-16 12:39:00,MCD,10.071661,"[5.431174278259277, -2.479670524597168, -5.780889511108398]"
2024-05-16 12:39:00,MCD,11.218106,"[1.848434567451477, -1.6022709608078003, -4.3535637855529785]"
2024-05-16 16:00:00,MCD,9.415045,"[2.2474544048309326, -4.478226661682129, -0.5876051783561707]"
2024-05-16 16:00:00,MCD,9.195515,"[1.9029420614242554, -4.313465595245361, 2.7926530838012695]"
2024-05-16 16:00:00,MCD,9.616646,"[1.4572833776474, -4.643178462982178, 3.8260397911071777]"
2024-05-16 16:00:00,MCD,9.164293,"[0.8959605693817139, -3.6044199466705322, 3.29246187210083]"
2024-05-16 16:00:00,MCD,9.074044,"[5.634114742279053, -4.9810943603515625, -3.610372543334961]"
2024-05-16 16:00:00,MCD,8.977504,"[4.634186267852783, -5.448818683624268, -2.5525379180908203]"
2024-05-16 16:00:00,MCD,9.921823,"[3.5211384296417236, -0.6966233849525452, -7.055997371673584]"
2024-05-16 16:00:00,MCD,9.460377,"[5.42702579498291, -3.9394547939300537, -5.298348426818848]"
2024-05-16 16:00:00,MCD,9.231189,"[1.5307395458221436, -3.217215061187744, 0.8316554427146912]"
2024-05-16 16:00:00,MCD,8.821385,"[-2.1255388259887695, -2.0657382011413574, 4.97573184967041]"
2024-05-16 16:00:00,MCD,9.763024,"[-3.378236770629883, 7.803195476531982, -9.275152206420898]"
2024-05-16 16:00:00,MCD,9.235747,"[1.873402714729309, -5.272053241729736, 3.499447822570801]"
2024-05-16 16:00:00,MCD,9.763795,"[0.9305524826049805, -2.4222705364227295, -0.34495264291763306]"
2024-05-16 16:00:00,MCD,9.823372,"[3.2783470153808594, -4.017455577850342, -1.090131402015686]"
2024-05-16 16:00:00,MCD,9.614447,"[-0.12547264993190765, -1.0852080583572388, -0.06053965911269188]"
2024-05-16 16:00:00,MCD,9.118911,"[3.789750337600708, -3.964552879333496, -2.50807785987854]"
2024-05-16 16:00:00,MCD,9.656697,"[5.9822773933410645, -5.741336822509766, -3.7461776733398438]"
2024-05-16 16:00:00,MCD,9.943685,"[0.7286885976791382, -2.336432933807373, -0.38720181584358215]"
2024-05-16 16:00:00,MCD,10.36734,"[8.020488739013672, -7.552626609802246, -3.61527156829834]"
2024-05-16 16:00:00,MCD,8.918798,"[1.377982258796692, -4.967040538787842, 5.015142917633057]"
2024-05-16 16:00:00,MCD,10.258461,"[1.4915333986282349, -3.9360761642456055, 2.25161075592041]"
2024-05-16 16:00:00,MCD,9.548956,"[-2.024149179458618, -0.5668999552726746, 3.0132718086242676]"
2024-05-16 16:00:00,MCD,9.264126,"[6.467313289642334, -6.7715373039245605, -1.1429823637008667]"
2024-05-16 16:00:00,MCD,9.07512,"[3.0549886226654053, -2.8893213272094727, -0.9755372405052185]"
2024-05-16 16:00:00,MCD,9.362568,"[2.995659112930298, 0.3099419176578522, -7.3733320236206055]"
2024-05-16 16:00:00,MCD,9.416586,"[0.26242855191230774, -0.011377132497727871, -4.960869789123535]"
2024-05-16 16:00:00,MCD,9.170357,"[-0.6151127219200134, 3.931528091430664, -4.6052961349487305]"
2024-05-16 16:00:00,MCD,9.250535,"[1.4820895195007324, -0.9518104791641235, -0.2672094404697418]"
2024-05-16 16:00:00,MCD,9.040198,"[4.118093013763428, -3.6507956981658936, -4.172333717346191]"
2024-05-16 16:00:00,MCD,9.777651,"[3.215184450149536, -1.9532536268234253, -4.000848293304443]"
2024-05-16 16:00:00,MCD,11.218106,"[1.848434567451477, -1.6022709608078003, -4.3535637855529785]"
2024-05-16 16:00:00,MCD,9.695878,"[8.413536071777344, -4.202002048492432, -4.278339385986328]"
2024-05-16 16:00:00,MCD,9.364598,"[4.747037410736084, 0.47434377670288086, -7.1407999992370605]"
2024-05-16 16:00:00,MCD,9.538413,"[7.015054225921631, -4.573230743408203, -2.536198616027832]"
2024-05-16 16:00:00,MCD,9.293538,"[4.576137065887451, -5.696016788482666, -1.8911088705062866]"
2024-05-16 16:00:00,MCD,9.921157,"[1.961349368095398, -6.571203708648682, 2.6676740646362305]"
2024-05-16 16:00:00,MCD,9.598957,"[3.5159919261932373, -3.2360284328460693, -3.763493537902832]"
2024-05-16 16:00:00,MCD,9.648177,"[6.363288402557373, -3.2678704261779785, -3.750823974609375]"
2024-05-16 16:00:00,MCD,11.218106,"[1.848434567451477, -1.6022709608078003, -4.3535637855529785]"
2024-05-17 11:13:00,MCD,9.335732,"[3.304565191268921, 1.3400572538375854, -6.300769329071045]"
2024-05-17 11:13:00,MCD,8.538065,"[7.4002299308776855, -6.0687432289123535, -3.308053731918335]"
2024-05-17 11:13:00,MCD,9.835962,"[4.798973083496094, -5.50200080871582, -2.50998592376709]"
2024-05-17 11:13:00,MCD,11.218106,"[1.848434567451477, -1.6022709608078003, -4.3535637855529785]"
2024-05-17 11:13:00,MCD,9.835962,"[4.798973083496094, -5.50200080871582, -2.50998592376709]"
2024-05-17 11:13:00,MCD,11.218106,"[1.848434567451477, -1.6022709608078003, -4.3535637855529785]"
2024-05-17 11:13:00,MCD,8.838867,"[8.532081604003906, -5.883473873138428, -3.245513916015625]"
2024-05-17 11:13:00,MCD,9.585106,"[2.857837200164795, -2.01676607131958, -0.17568987607955933]"
2024-05-17 11:13:00,MCD,10.117953,"[2.7887375354766846, -3.304792642593384, -3.5668649673461914]"
2024-05-17 11:13:00,MCD,8.601694,"[3.6865463256835938, -3.3298282623291016, -3.6140620708465576]"
2024-05-17 11:13:00,MCD,9.435831,"[4.529792785644531, -4.696249008178711, -1.882466197013855]"
2024-05-17 11:13:00,MCD,11.213166,"[5.5729498863220215, -4.243922710418701, -4.600341796875]"
2024-05-17 11:13:00,MCD,11.218106,"[1.848434567451477, -1.6022709608078003, -4.3535637855529785]"
2024-05-17 11:13:00,MCD,9.391256,"[5.666891574859619, -3.0444235801696777, -4.930397033691406]"
2024-05-17 11:13:00,MCD,11.218106,"[1.848434567451477, -1.6022709608078003, -4.3535637855529785]"
2024-05-17 11:13:00,MCD,11.218106,"[1.848434567451477, -1.6022709608078003, -4.3535637855529785]"
2024-05-17 11:13:00,MCD,11.218106,"[1.848434567451477, -1.6022709608078003, -4.3535637855529785]"
2024-05-17 11:13:00,MCD,9.274677,"[-4.566003322601318, 8.833878517150879, -8.185059547424316]"
2024-05-17 11:13:00,MCD,11.218106,"[1.848434567451477, -1.6022709608078003, -4.3535637855529785]"
2024-05-17 11:13:00,MCD,11.218106,"[1.848434567451477, -1.6022709608078003, -4.3535637855529785]"
2024-05-17 11:13:00,MCD,11.218106,"[1.848434567451477, -1.6022709608078003, -4.3535637855529785]"
2024-05-17 11:13:00,MCD,10.265869,"[5.20926570892334, -3.6265063285827637, -3.4261796474456787]"
2024-05-17 11:13:00,MCD,11.218106,"[1.848434567451477, -1.6022709608078003, -4.3535637855529785]"
2024-05-17 11:13:00,MCD,11.218106,"[1.848434567451477, -1.6022709608078003, -4.3535637855529785]"
2024-05-17 11:13:00,MCD,9.649613,"[4.862388610839844, -5.430400848388672, -3.9372611045837402]"
2024-05-17 11:13:00,MCD,11.218106,"[1.848434567451477, -1.6022709608078003, -4.3535637855529785]"
2024-05-17 11:13:00,MCD,11.218106,"[1.848434567451477, -1.6022709608078003, -4.3535637855529785]"
2024-05-17 11:13:00,MCD,11.218106,"[1.848434567451477, -1.6022709608078003, -4.3535637855529785]"
2024-05-17 11:13:00,MCD,9.435831,"[4.529792785644531, -4.696249008178711, -1.882466197013855]"
2024-05-17 11:13:00,MCD,11.218106,"[1.848434567451477, -1.6022709608078003, -4.3535637855529785]"
2024-05-17 11:13:00,MCD,11.218106,"[1.848434567451477, -1.6022709608078003, -4.3535637855529785]"
2024-05-17 11:13:00,MCD,11.218106,"[1.848434567451477, -1.6022709608078003, -4.3535637855529785]"
2024-05-17 11:13:00,MCD,9.8515,"[4.219760894775391, -3.501943588256836, -2.592364549636841]"
2024-05-17 11:13:00,MCD,11.218106,"[1.848434567451477, -1.6022709608078003, -4.3535637855529785]"
2024-05-17 11:13:00,MCD,8.747528,"[8.65169906616211, -4.0257768630981445, -4.747146129608154]"
2024-05-17 11:13:00,MCD,8.83907,"[-5.903168678283691, 10.013106346130371, -6.758305072784424]"
2024-05-17 11:13:00,MCD,9.424454,"[-5.634533405303955, 10.579607009887695, -5.658499717712402]"
2024-05-17 11:13:00,MCD,9.167521,"[4.731661319732666, -2.1936819553375244, -3.4168667793273926]"
2024-05-17 11:13:00,MCD,9.495148,"[4.071540355682373, -4.574100971221924, -3.2294740676879883]"
2024-05-17 11:13:00,MCD,10.749196,"[4.205432415008545, -4.831989765167236, -2.71978497505188]"
2024-05-17 11:13:00,MCD,10.439759,"[4.803884983062744, -3.7777140140533447, -2.8252577781677246]"
2024-05-17 11:13:00,MCD,9.84111,"[5.639997959136963, -4.946305274963379, -2.9705357551574707]"
2024-05-17 11:13:00,MCD,8.920997,"[0.9220885634422302, -2.960495948791504, -1.7357312440872192]"
2024-05-17 11:13:00,MCD,10.3738365,"[2.6372478008270264, -3.237220048904419, -3.584207534790039]"
2024-05-17 11:13:00,MCD,8.81265,"[6.246939659118652, -5.438817501068115, -2.8860678672790527]"
2024-05-17 11:13:00,MCD,8.92888,"[5.170814037322998, -5.507774829864502, -3.2585434913635254]"
2024-05-17 11:13:00,MCD,8.072856,"[5.039523601531982, -5.0388288497924805, -3.965672492980957]"
2024-05-17 11:13:00,MCD,9.075123,"[5.169947147369385, -3.609860897064209, -4.771643161773682]"
2024-05-17 11:13:00,MCD,8.774382,"[4.525041103363037, -5.073489665985107, -3.152271270751953]"
2024-05-17 11:13:00,MCD,10.239571,"[-7.048573970794678, 11.794663429260254, -5.735219955444336]"
2024-05-17 11:13:00,MCD,9.194411,"[-4.429555416107178, 9.9126615524292, -6.950879096984863]"
2024-05-17 11:13:00,MCD,9.129887,"[4.717052459716797, -3.495614528656006, -2.6977462768554688]"
2024-05-17 11:13:00,MCD,9.108587,"[4.450185298919678, -4.3427042961120605, -1.52261483669281]"
2024-05-17 11:13:00,MCD,9.141511,"[5.849140644073486, -2.2209832668304443, -3.267655849456787]"
2024-05-17 11:13:00,MCD,9.217524,"[6.230456829071045, -4.844571590423584, -1.4754143953323364]"
2024-05-17 11:13:00,MCD,9.092262,"[-0.9157307147979736, 5.586187362670898, -7.1819047927856445]"
2024-05-17 11:13:00,MCD,9.031467,"[6.55745267868042, -4.454598426818848, -3.3330283164978027]"
2024-05-17 11:13:00,MCD,9.094179,"[5.725322723388672, -3.4357101917266846, -3.6492886543273926]"
2024-05-17 11:13:00,MCD,9.466125,"[6.570505619049072, -8.436413764953613, 1.320232629776001]"
2024-05-17 11:13:00,MCD,9.618477,"[3.7614707946777344, -5.991753101348877, 3.6242496967315674]"
2024-05-17 11:13:00,MCD,10.071661,"[5.431174278259277, -2.479670524597168, -5.780889511108398]"
2024-05-17 11:13:00,MCD,11.218106,"[1.848434567451477, -1.6022709608078003, -4.3535637855529785]"
2024-05-17 16:09:00,MCD,9.335732,"[3.304565191268921, 1.3400572538375854, -6.300769329071045]"
2024-05-17 16:09:00,MCD,8.538065,"[7.4002299308776855, -6.0687432289123535, -3.308053731918335]"
2024-05-17 16:09:00,MCD,9.835962,"[4.798973083496094, -5.50200080871582, -2.50998592376709]"
2024-05-17 16:09:00,MCD,11.218106,"[1.848434567451477, -1.6022709608078003, -4.3535637855529785]"
2024-05-17 16:09:00,MCD,9.835962,"[4.798973083496094, -5.50200080871582, -2.50998592376709]"
2024-05-17 16:09:00,MCD,11.218106,"[1.848434567451477, -1.6022709608078003, -4.3535637855529785]"
2024-05-17 16:09:00,MCD,8.838867,"[8.532081604003906, -5.883473873138428, -3.245513916015625]"
2024-05-17 16:09:00,MCD,9.585106,"[2.857837200164795, -2.01676607131958, -0.17568987607955933]"
2024-05-17 16:09:00,MCD,10.117953,"[2.7887375354766846, -3.304792642593384, -3.5668649673461914]"
2024-05-17 16:09:00,MCD,8.601694,"[3.6865463256835938, -3.3298282623291016, -3.6140620708465576]"
2024-05-17 16:09:00,MCD,9.435831,"[4.529792785644531, -4.696249008178711, -1.882466197013855]"
2024-05-17 16:09:00,MCD,11.213166,"[5.5729498863220215, -4.243922710418701, -4.600341796875]"
2024-05-17 16:09:00,MCD,11.218106,"[1.848434567451477, -1.6022709608078003, -4.3535637855529785]"
2024-05-17 16:09:00,MCD,9.649009,"[7.756168842315674, -5.812149524688721, -4.904454231262207]"
2024-05-17 16:09:00,MCD,11.218106,"[1.848434567451477, -1.6022709608078003, -4.3535637855529785]"
2024-05-17 16:09:00,MCD,11.218106,"[1.848434567451477, -1.6022709608078003, -4.3535637855529785]"
2024-05-17 16:09:00,MCD,11.218106,"[1.848434567451477, -1.6022709608078003, -4.3535637855529785]"
2024-05-17 16:09:00,MCD,9.274677,"[-4.566003322601318, 8.833878517150879, -8.185059547424316]"
2024-05-17 16:09:00,MCD,11.218106,"[1.848434567451477, -1.6022709608078003, -4.3535637855529785]"
2024-05-17 16:09:00,MCD,11.218106,"[1.848434567451477, -1.6022709608078003, -4.3535637855529785]"
2024-05-17 16:09:00,MCD,11.218106,"[1.848434567451477, -1.6022709608078003, -4.3535637855529785]"
2024-05-17 16:09:00,MCD,10.462203,"[4.674453258514404, -5.219736099243164, -2.6967506408691406]"
2024-05-17 16:09:00,MCD,11.218106,"[1.848434567451477, -1.6022709608078003, -4.3535637855529785]"
2024-05-17 16:09:00,MCD,11.218106,"[1.848434567451477, -1.6022709608078003, -4.3535637855529785]"
2024-05-17 16:09:00,MCD,9.649613,"[4.862388610839844, -5.430400848388672, -3.9372611045837402]"
2024-05-17 16:09:00,MCD,11.218106,"[1.848434567451477, -1.6022709608078003, -4.3535637855529785]"
2024-05-17 16:09:00,MCD,11.218106,"[1.848434567451477, -1.6022709608078003, -4.3535637855529785]"
2024-05-17 16:09:00,MCD,11.218106,"[1.848434567451477, -1.6022709608078003, -4.3535637855529785]"
2024-05-17 16:09:00,MCD,9.435831,"[4.529792785644531, -4.696249008178711, -1.882466197013855]"
2024-05-17 16:09:00,MCD,11.218106,"[1.848434567451477, -1.6022709608078003, -4.3535637855529785]"
2024-05-17 16:09:00,MCD,11.218106,"[1.848434567451477, -1.6022709608078003, -4.3535637855529785]"
2024-05-17 16:09:00,MCD,11.218106,"[1.848434567451477, -1.6022709608078003, -4.3535637855529785]"
2024-05-17 16:09:00,MCD,10.114595,"[3.118586301803589, -5.5191264152526855, -1.3650901317596436]"
2024-05-17 16:09:00,MCD,11.218106,"[1.848434567451477, -1.6022709608078003, -4.3535637855529785]"
2024-05-17 16:09:00,MCD,8.862898,"[-8.049891471862793, 11.39542293548584, -4.0794572830200195]"
2024-05-17 16:09:00,MCD,8.985024,"[5.858094692230225, -6.815582752227783, -2.480473518371582]"
2024-05-17 16:09:00,MCD,9.3593445,"[5.518849849700928, -4.459081172943115, -4.300099849700928]"
2024-05-17 16:09:00,MCD,9.126112,"[-5.019534587860107, 10.144296646118164, -7.762393951416016]"
2024-05-17 16:09:00,MCD,9.230057,"[-4.535111427307129, -0.1628798395395279, 9.86658000946045]"
2024-05-17 16:09:00,MCD,9.152504,"[-3.2060751914978027, 7.759283065795898, -6.482634544372559]"
2024-05-17 16:09:00,MCD,8.072856,"[5.039523601531982, -5.0388288497924805, -3.965672492980957]"
2024-05-17 16:09:00,MCD,9.0262985,"[5.076196193695068, -5.384037017822266, -3.5534896850585938]"
2024-05-17 16:09:00,MCD,9.126032,"[5.9898786544799805, -5.410615921020508, -4.6298112869262695]"
2024-05-17 16:09:00,MCD,10.239571,"[-7.048573970794678, 11.794663429260254, -5.735219955444336]"
2024-05-17 16:09:00,MCD,9.194411,"[-4.429555416107178, 9.9126615524292, -6.950879096984863]"
2024-05-17 16:09:00,MCD,9.129887,"[4.717052459716797, -3.495614528656006, -2.6977462768554688]"
2024-05-17 16:09:00,MCD,9.108587,"[4.450185298919678, -4.3427042961120605, -1.52261483669281]"
2024-05-17 16:09:00,MCD,9.141511,"[5.849140644073486, -2.2209832668304443, -3.267655849456787]"
2024-05-17 16:09:00,MCD,9.217524,"[6.230456829071045, -4.844571590423584, -1.4754143953323364]"
2024-05-17 16:09:00,MCD,9.092262,"[-0.9157307147979736, 5.586187362670898, -7.1819047927856445]"
2024-05-17 16:09:00,MCD,9.031467,"[6.55745267868042, -4.454598426818848, -3.3330283164978027]"
2024-05-17 16:09:00,MCD,9.094179,"[5.725322723388672, -3.4357101917266846, -3.6492886543273926]"
2024-05-17 16:09:00,MCD,9.466125,"[6.570505619049072, -8.436413764953613, 1.320232629776001]"
2024-05-17 16:09:00,MCD,9.618477,"[3.7614707946777344, -5.991753101348877, 3.6242496967315674]"
2024-05-17 16:09:00,MCD,10.071661,"[5.431174278259277, -2.479670524597168, -5.780889511108398]"
2024-05-17 16:09:00,MCD,11.218106,"[1.848434567451477, -1.6022709608078003, -4.3535637855529785]"
2024-05-24 10:10:41,MCD,8.454073,"[-2.7827155590057373, -4.819620609283447, 11.614452362060547]"
2024-05-24 10:10:41,MCD,8.981914,"[-4.125940799713135, -4.243527412414551, 13.145854949951172]"
2024-05-24 10:10:41,MCD,8.76479,"[-1.8987456560134888, -3.2991251945495605, 6.535321235656738]"
2024-05-24 10:10:41,MCD,9.28172,"[6.020072937011719, -6.227914810180664, -0.17874357104301453]"
2024-05-24 10:10:41,MCD,9.107281,"[5.163659572601318, -6.937646865844727, -0.5539015531539917]"
2024-05-24 10:10:41,MCD,8.795911,"[4.587626934051514, -7.403844833374023, 1.021196961402893]"
2024-05-24 10:10:41,MCD,9.452717,"[-4.826175212860107, 8.648297309875488, -6.840946197509766]"
2024-05-24 10:10:41,MCD,8.998274,"[-4.07600736618042, -4.145570755004883, 13.458087921142578]"
2024-05-24 10:10:41,MCD,9.228918,"[-0.32756948471069336, -3.577317237854004, 5.2082109451293945]"
2024-05-24 10:10:41,MCD,9.006577,"[4.438093185424805, -9.041044235229492, 2.703725814819336]"
2024-05-24 10:10:41,MCD,9.512738,"[-4.3606438636779785, -3.932898759841919, 12.0794038772583]"
2024-05-24 10:10:41,MCD,9.177381,"[5.6494460105896, -2.6387059688568115, -4.7138190269470215]"
2024-05-24 10:10:41,MCD,10.940411,"[3.649860143661499, -2.9347169399261475, -4.27638053894043]"
2024-05-24 10:10:41,MCD,9.268745,"[7.803345680236816, -5.975655555725098, -4.998171806335449]"
2024-05-24 10:10:41,MCD,9.630891,"[5.013726234436035, -4.186927318572998, 0.10125191509723663]"
2024-05-24 10:10:41,MCD,9.1420765,"[-0.5255511403083801, 5.679527282714844, -7.923130989074707]"
2024-05-24 10:10:41,MCD,11.218106,"[1.848434567451477, -1.6022709608078003, -4.3535637855529785]"
2024-05-24 14:22:00,MCD,8.373062,"[9.170903205871582, -7.093362331390381, -5.5599565505981445]"
2024-05-24 14:22:00,MCD,8.819272,"[-6.108177661895752, 9.948372840881348, -4.405988693237305]"
2024-05-24 14:22:00,MCD,8.165252,"[8.269380569458008, -4.126173496246338, -7.416337013244629]"
2024-05-24 14:22:00,MCD,8.524869,"[-4.310502529144287, 8.786137580871582, -5.5666913986206055]"
2024-05-24 14:22:00,MCD,8.673517,"[-2.9817447662353516, -2.9029202461242676, 9.520766258239746]"
2024-05-24 14:22:00,MCD,9.259519,"[8.008142471313477, -6.308279991149902, -4.3899126052856445]"
2024-05-24 14:22:00,MCD,8.265768,"[-2.353773832321167, 7.967718124389648, -8.243083953857422]"
2024-05-24 14:22:00,MCD,8.466748,"[7.752552509307861, -5.927262783050537, -4.205936431884766]"
2024-05-24 14:22:00,MCD,8.83752,"[-0.5031963586807251, -3.9957127571105957, 6.477656364440918]"
2024-05-24 14:22:00,MCD,9.040958,"[8.417974472045898, -6.5731892585754395, -4.6086201667785645]"
2024-05-24 14:22:00,MCD,8.594038,"[7.360798358917236, -3.50665283203125, -4.6462788581848145]"
2024-05-24 14:22:00,MCD,8.404502,"[7.577625274658203, -5.432182788848877, -4.336925506591797]"
2024-05-24 14:22:00,MCD,9.029254,"[5.597702980041504, -2.6255736351013184, -4.643657207489014]"
2024-05-24 14:22:00,MCD,8.98741,"[-1.2601028680801392, 2.857588052749634, -5.975934982299805]"
2024-05-24 14:22:00,MCD,9.335339,"[9.425710678100586, -7.466981410980225, -4.397790431976318]"
2024-05-24 14:22:00,MCD,8.560733,"[7.095583915710449, -5.07689905166626, -2.7276105880737305]"
2024-05-24 14:22:00,MCD,8.806472,"[6.919612407684326, -6.476564407348633, -3.040661334991455]"
2024-05-24 14:22:00,MCD,11.218106,"[1.848434567451477, -1.6022709608078003, -4.3535637855529785]"
2024-05-24 14:22:00,MCD,8.516221,"[5.46353816986084, -3.7527594566345215, -1.649425983428955]"
2024-05-24 14:22:00,MCD,9.090601,"[-6.6769561767578125, 11.465262413024902, -5.652836799621582]"
2024-05-24 14:22:00,MCD,8.723173,"[10.299165725708008, -7.586035251617432, -4.973053932189941]"
2024-05-24 14:22:00,MCD,10.472254,"[3.8571393489837646, -4.285223484039307, -2.3257269859313965]"
2024-05-24 14:22:00,MCD,11.218106,"[1.848434567451477, -1.6022709608078003, -4.3535637855529785]"
2024-05-31 09:31:06,MCD,9.211881,"[-0.031214550137519836, -5.758813381195068, 9.329511642456055]"
2024-05-31 09:31:06,MCD,9.292767,"[-6.467574596405029, 12.156501770019531, -8.640690803527832]"
2024-05-31 09:31:06,MCD,9.258103,"[1.3801213502883911, 0.2573765218257904, -4.935694694519043]"
2024-05-31 09:31:06,MCD,9.317811,"[-2.4295332431793213, -1.4124374389648438, 4.675112724304199]"
2024-05-31 09:31:06,MCD,9.553716,"[-4.061730861663818, -3.5150880813598633, 12.709964752197266]"
2024-05-31 09:31:06,MCD,8.979425,"[-4.557913780212402, -2.9937257766723633, 12.081571578979492]"
2024-05-31 09:31:06,MCD,8.093643,"[1.1272035837173462, -0.2465675175189972, -4.830627918243408]"
2024-05-31 09:31:06,MCD,9.051594,"[-7.339334011077881, 11.675976753234863, -6.163822174072266]"
2024-05-31 09:31:06,MCD,8.792798,"[-4.711292743682861, -3.045281171798706, 11.994626998901367]"
2024-05-31 09:31:06,MCD,9.586218,"[-0.08437928557395935, 2.0656633377075195, -7.0692901611328125]"
2024-05-31 09:31:06,MCD,8.418019,"[2.1772520542144775, -3.4967527389526367, 1.4498244524002075]"
2024-05-31 09:31:06,MCD,9.080671,"[3.3119571208953857, -3.3991289138793945, -0.6150012612342834]"
2024-05-31 09:31:06,MCD,9.137494,"[-6.824743747711182, 12.113438606262207, -6.548853874206543]"
2024-05-31 09:31:06,MCD,9.199838,"[-7.383913516998291, 12.361802101135254, -6.310356140136719]"
2024-05-31 09:31:06,MCD,9.269523,"[-7.078712463378906, 10.264838218688965, -4.169875144958496]"
2024-05-31 09:31:06,MCD,9.6890545,"[1.3777278661727905, 1.4096263647079468, -5.460249900817871]"
2024-05-31 09:31:06,MCD,8.822408,"[-0.8771445751190186, 3.5596861839294434, -5.7177324295043945]"
2024-05-31 09:31:06,MCD,10.940411,"[3.649860143661499, -2.9347169399261475, -4.27638053894043]"
2024-05-31 09:31:06,MCD,9.630891,"[5.013726234436035, -4.186927318572998, 0.10125191509723663]"
2024-05-31 09:31:06,MCD,9.358052,"[2.60394287109375, 3.330199718475342, -7.848095893859863]"
2024-05-31 09:31:06,MCD,9.1420765,"[-0.5255511403083801, 5.679527282714844, -7.923130989074707]"
2024-05-31 09:31:06,MCD,11.218106,"[1.848434567451477, -1.6022709608078003, -4.3535637855529785]"
2024-05-31 14:44:32,MCD,8.683546,"[-4.845494270324707, 7.921772480010986, -3.8713607788085938]"
2024-05-31 14:44:32,MCD,8.551716,"[3.7950780391693115, -1.0006729364395142, -5.921398162841797]"
2024-05-31 14:44:32,MCD,8.714828,"[2.684224843978882, -6.019299030303955, 1.2140259742736816]"
2024-05-31 14:44:32,MCD,8.88224,"[-5.670560359954834, 10.964384078979492, -7.54967737197876]"
2024-05-31 14:44:32,MCD,8.813098,"[0.7147050499916077, 3.5916805267333984, -7.5663981437683105]"
2024-05-31 14:44:32,MCD,8.942807,"[-4.272202968597412, -2.119009256362915, 11.512236595153809]"
2024-05-31 14:44:32,MCD,9.887203,"[-3.30558180809021, -4.31829309463501, 12.417562484741211]"
2024-05-31 14:44:32,MCD,9.064917,"[-6.924004077911377, 11.835803985595703, -5.822105407714844]"
2024-05-31 14:44:32,MCD,10.02166,"[-7.596484661102295, 13.53222370147705, -6.596879959106445]"
2024-05-31 14:44:32,MCD,9.683587,"[-6.471641540527344, 9.761439323425293, -4.366341590881348]"
2024-05-31 14:44:32,MCD,9.002733,"[-4.500455379486084, -1.5567128658294678, 10.198463439941406]"
2024-05-31 14:44:32,MCD,9.757582,"[-7.101320743560791, 5.200414657592773, 3.9645447731018066]"
2024-05-31 14:44:32,MCD,10.148084,"[-5.1612162590026855, 8.378207206726074, -3.584688663482666]"
2024-05-31 14:44:32,MCD,9.150904,"[-5.129712104797363, 6.1920552253723145, -1.1414560079574585]"
2024-05-31 14:44:32,MCD,8.705468,"[0.010723487474024296, 0.5265089869499207, -4.732746124267578]"
2024-05-31 14:44:32,MCD,9.511895,"[-2.4654970169067383, 1.6607264280319214, 1.8728435039520264]"
2024-05-31 14:44:32,MCD,8.830456,"[6.80022668838501, -6.442055702209473, -5.293906211853027]"
2024-05-31 14:44:32,MCD,10.417557,"[4.430704593658447, -5.062413215637207, -2.9554543495178223]"
2024-05-31 14:44:32,MCD,9.630891,"[5.013726234436035, -4.186927318572998, 0.10125191509723663]"
2024-05-31 14:44:32,MCD,9.1420765,"[-0.5255511403083801, 5.679527282714844, -7.923130989074707]"
2024-05-31 14:44:32,MCD,11.218106,"[1.848434567451477, -1.6022709608078003, -4.3535637855529785]"
2024-06-05 12:36:32,MCD,7.901385,"[-0.5010417103767395, -3.404891014099121, 6.0322651863098145]"
2024-06-05 12:36:32,MCD,9.257889,"[3.7991833686828613, -4.333662033081055, -0.48404577374458313]"
2024-06-05 12:36:32,MCD,8.812195,"[-4.144501209259033, 6.935702800750732, -5.129854679107666]"
2024-06-05 12:36:32,MCD,8.873932,"[4.267293453216553, -2.6182708740234375, -6.068759918212891]"
2024-06-05 12:36:32,MCD,9.003135,"[3.1324656009674072, -6.737431049346924, 2.836826801300049]"
2024-06-05 12:36:32,MCD,8.984743,"[0.7849618196487427, 0.3901786506175995, -3.6819956302642822]"
2024-06-05 12:36:32,MCD,9.064201,"[-2.761106252670288, 1.9457857608795166, -1.014647126197815]"
2024-06-05 12:36:32,MCD,8.85704,"[6.362619876861572, -6.147782802581787, -3.6266674995422363]"
2024-06-05 12:36:32,MCD,9.583859,"[7.268501281738281, -6.574087142944336, -3.4522385597229004]"
2024-06-05 12:36:32,MCD,9.630891,"[5.013726234436035, -4.186927318572998, 0.10125191509723663]"
2024-06-05 12:36:32,MCD,9.1420765,"[-0.5255511403083801, 5.679527282714844, -7.923130989074707]"
2024-06-05 12:36:32,MCD,11.218106,"[1.848434567451477, -1.6022709608078003, -4.3535637855529785]"
2024-06-11 18:57:28,MCD,8.699435,"[-2.9219977855682373, 4.732650279998779, -3.541903495788574]"
2024-06-11 18:57:28,MCD,8.594707,"[6.142667770385742, -5.360689163208008, -3.3294897079467773]"
2024-06-11 18:57:28,MCD,8.912387,"[4.951976776123047, -0.6901764273643494, -7.066784381866455]"
2024-06-11 18:57:28,MCD,9.516379,"[6.2081685066223145, -7.212015151977539, -3.66923189163208]"
2024-06-11 18:57:28,MCD,9.088627,"[-4.782402515411377, -2.513162851333618, 12.84261703491211]"
2024-06-11 18:57:28,MCD,8.181373,"[5.676224231719971, -2.45190167427063, -6.355533599853516]"
2024-06-11 18:57:28,MCD,9.350155,"[1.901962161064148, 0.43481048941612244, -4.675558567047119]"
2024-06-11 18:57:28,MCD,8.863828,"[2.9625165462493896, -3.209211826324463, -3.5626139640808105]"
2024-06-11 18:57:28,MCD,9.31084,"[6.563477993011475, -6.884139537811279, -3.5018534660339355]"
2024-06-11 18:57:28,MCD,9.630891,"[5.013726234436035, -4.186927318572998, 0.10125191509723663]"
2024-06-11 18:57:28,MCD,9.1420765,"[-0.5255511403083801, 5.679527282714844, -7.923130989074707]"
2024-06-11 18:57:28,MCD,11.218106,"[1.848434567451477, -1.6022709608078003, -4.3535637855529785]"
2024-06-17 16:40:43,MCD,8.068255,"[4.637260437011719, -2.628934860229492, -5.985516548156738]"
2024-06-17 16:40:43,MCD,9.199319,"[-4.467291355133057, 7.979148864746094, -6.806845188140869]"
2024-06-17 16:40:43,MCD,9.244587,"[-1.768945574760437, -3.080490827560425, 8.327362060546875]"
2024-06-17 16:40:43,MCD,8.22816,"[5.892832279205322, -3.5131821632385254, -4.446817398071289]"
2024-06-17 16:40:43,MCD,9.045347,"[6.134100914001465, -7.0243611335754395, -1.1487096548080444]"
2024-06-17 16:40:43,MCD,8.8613205,"[-1.9777334928512573, 4.010916233062744, -5.1435546875]"
2024-06-17 16:40:43,MCD,8.723181,"[5.608988285064697, -5.553190231323242, -2.8263680934906006]"
2024-06-17 16:40:43,MCD,9.063146,"[6.179335117340088, -5.177099704742432, -3.5881314277648926]"
2024-06-17 16:40:43,MCD,8.711211,"[-1.1902436017990112, 4.5931620597839355, -6.2571635246276855]"
2024-06-17 16:40:43,MCD,8.412933,"[-3.1437807083129883, 5.264766693115234, -5.499139785766602]"
2024-06-17 16:40:43,MCD,8.741581,"[-1.9291592836380005, 5.62888240814209, -7.326970100402832]"
2024-06-17 16:40:43,MCD,8.98148,"[-6.6451544761657715, 12.011281967163086, -6.900935649871826]"
2024-06-17 16:40:43,MCD,8.721994,"[7.742124557495117, -6.3437981605529785, -4.363290309906006]"
2024-06-17 16:40:43,MCD,9.75559,"[-4.3573503494262695, 8.212969779968262, -5.793736457824707]"
2024-06-17 16:40:43,MCD,7.9996257,"[7.299790859222412, -4.230172157287598, -4.756567001342773]"
2024-06-17 16:40:43,MCD,8.894015,"[6.495630264282227, -7.311440944671631, -1.3777965307235718]"
2024-06-17 16:40:43,MCD,8.664592,"[-1.000509262084961, 5.687556743621826, -7.279439926147461]"
2024-06-17 16:40:43,MCD,8.856044,"[7.918498516082764, -5.212121963500977, -4.928808689117432]"
2024-06-17 16:40:43,MCD,8.675271,"[7.266368389129639, -5.562066555023193, -4.319947242736816]"
2024-06-17 16:40:43,MCD,9.458309,"[4.301191806793213, -6.067147731781006, -1.8075134754180908]"
2024-06-17 16:40:43,MCD,9.815141,"[7.164257526397705, -5.24682092666626, -4.090008735656738]"
2024-06-17 16:40:43,MCD,9.630891,"[5.013726234436035, -4.186927318572998, 0.10125191509723663]"
2024-06-17 16:40:43,MCD,9.1420765,"[-0.5255511403083801, 5.679527282714844, -7.923130989074707]"
2024-06-17 16:40:43,MCD,11.218106,"[1.848434567451477, -1.6022709608078003, -4.3535637855529785]"
2024-06-18 12:33:00,MCD,9.335732,"[3.304565191268921, 1.3400572538375854, -6.300769329071045]"
2024-06-18 12:33:00,MCD,8.538065,"[7.4002299308776855, -6.0687432289123535, -3.308053731918335]"
2024-06-18 12:33:00,MCD,9.835962,"[4.798973083496094, -5.50200080871582, -2.50998592376709]"
2024-06-18 12:33:00,MCD,11.218106,"[1.848434567451477, -1.6022709608078003, -4.3535637855529785]"
2024-06-18 12:33:00,MCD,9.835962,"[4.798973083496094, -5.50200080871582, -2.50998592376709]"
2024-06-18 12:33:00,MCD,11.218106,"[1.848434567451477, -1.6022709608078003, -4.3535637855529785]"
2024-06-18 12:33:00,MCD,8.838867,"[8.532081604003906, -5.883473873138428, -3.245513916015625]"
2024-06-18 12:33:00,MCD,9.585106,"[2.857837200164795, -2.01676607131958, -0.17568987607955933]"
2024-06-18 12:33:00,MCD,10.117953,"[2.7887375354766846, -3.304792642593384, -3.5668649673461914]"
2024-06-18 12:33:00,MCD,8.601694,"[3.6865463256835938, -3.3298282623291016, -3.6140620708465576]"
2024-06-18 12:33:00,MCD,9.435831,"[4.529792785644531, -4.696249008178711, -1.882466197013855]"
2024-06-18 12:33:00,MCD,11.267457,"[5.551832675933838, -5.114199638366699, -4.625327110290527]"
2024-06-18 12:33:00,MCD,11.218106,"[1.848434567451477, -1.6022709608078003, -4.3535637855529785]"
2024-06-18 12:33:00,MCD,9.337576,"[7.773587703704834, -5.816648960113525, -3.777153968811035]"
2024-06-18 12:33:00,MCD,11.218106,"[1.848434567451477, -1.6022709608078003, -4.3535637855529785]"
2024-06-18 12:33:00,MCD,11.218106,"[1.848434567451477, -1.6022709608078003, -4.3535637855529785]"
2024-06-18 12:33:00,MCD,11.218106,"[1.848434567451477, -1.6022709608078003, -4.3535637855529785]"
2024-06-18 12:33:00,MCD,9.274677,"[-4.566003322601318, 8.833878517150879, -8.185059547424316]"
2024-06-18 12:33:00,MCD,11.218106,"[1.848434567451477, -1.6022709608078003, -4.3535637855529785]"
2024-06-18 12:33:00,MCD,11.218106,"[1.848434567451477, -1.6022709608078003, -4.3535637855529785]"
2024-06-18 12:33:00,MCD,11.218106,"[1.848434567451477, -1.6022709608078003, -4.3535637855529785]"
2024-06-18 12:33:00,MCD,10.462203,"[4.674453258514404, -5.219736099243164, -2.6967506408691406]"
2024-06-18 12:33:00,MCD,11.218106,"[1.848434567451477, -1.6022709608078003, -4.3535637855529785]"
2024-06-18 12:33:00,MCD,11.218106,"[1.848434567451477, -1.6022709608078003, -4.3535637855529785]"
2024-06-18 12:33:00,MCD,9.649613,"[4.862388610839844, -5.430400848388672, -3.9372611045837402]"
2024-06-18 12:33:00,MCD,11.218106,"[1.848434567451477, -1.6022709608078003, -4.3535637855529785]"
2024-06-18 12:33:00,MCD,11.218106,"[1.848434567451477, -1.6022709608078003, -4.3535637855529785]"
2024-06-18 12:33:00,MCD,11.218106,"[1.848434567451477, -1.6022709608078003, -4.3535637855529785]"
2024-06-18 12:33:00,MCD,9.435831,"[4.529792785644531, -4.696249008178711, -1.882466197013855]"
2024-06-18 12:33:00,MCD,11.218106,"[1.848434567451477, -1.6022709608078003, -4.3535637855529785]"
2024-06-18 12:33:00,MCD,11.218106,"[1.848434567451477, -1.6022709608078003, -4.3535637855529785]"
2024-06-18 12:33:00,MCD,11.218106,"[1.848434567451477, -1.6022709608078003, -4.3535637855529785]"
2024-06-18 12:33:00,MCD,10.114595,"[3.118586301803589, -5.5191264152526855, -1.3650901317596436]"
2024-06-18 12:33:00,MCD,11.218106,"[1.848434567451477, -1.6022709608078003, -4.3535637855529785]"
2024-06-18 12:33:00,MCD,9.021381,"[-7.594934940338135, 9.083266258239746, -2.0965795516967773]"
2024-06-18 12:33:00,MCD,8.866591,"[-7.19470739364624, 12.426260948181152, -6.755603790283203]"
2024-06-18 12:33:00,MCD,8.93525,"[-4.726037979125977, 10.25074291229248, -7.979372978210449]"
2024-06-18 12:33:00,MCD,9.226585,"[-6.209069728851318, 9.145262718200684, -5.824042320251465]"
2024-06-18 12:33:00,MCD,9.269139,"[-6.742434024810791, 11.204875946044922, -5.47702693939209]"
2024-06-18 12:33:00,MCD,8.985024,"[5.858094692230225, -6.815582752227783, -2.480473518371582]"
2024-06-18 12:33:00,MCD,9.250727,"[-5.237794399261475, -0.7943263649940491, 11.169060707092285]"
2024-06-18 12:33:00,MCD,9.1761265,"[-3.2234954833984375, 6.244874000549316, -4.265617370605469]"
2024-06-18 12:33:00,MCD,8.072856,"[5.039523601531982, -5.0388288497924805, -3.965672492980957]"
2024-06-18 12:33:00,MCD,8.942868,"[4.911945819854736, -5.417097568511963, -3.605534553527832]"
2024-06-18 12:33:00,MCD,9.0056715,"[5.4856133460998535, -5.5741095542907715, -3.234628200531006]"
2024-06-18 12:33:00,MCD,9.0262985,"[5.076196193695068, -5.384037017822266, -3.5534896850585938]"
2024-06-18 12:33:00,MCD,10.239571,"[-7.048573970794678, 11.794663429260254, -5.735219955444336]"
2024-06-18 12:33:00,MCD,9.194411,"[-4.429555416107178, 9.9126615524292, -6.950879096984863]"
2024-06-18 12:33:00,MCD,9.129887,"[4.717052459716797, -3.495614528656006, -2.6977462768554688]"
2024-06-18 12:33:00,MCD,9.108587,"[4.450185298919678, -4.3427042961120605, -1.52261483669281]"
2024-06-18 12:33:00,MCD,9.141511,"[5.849140644073486, -2.2209832668304443, -3.267655849456787]"
2024-06-18 12:33:00,MCD,9.217524,"[6.230456829071045, -4.844571590423584, -1.4754143953323364]"
2024-06-18 12:33:00,MCD,9.092262,"[-0.9157307147979736, 5.586187362670898, -7.1819047927856445]"
2024-06-18 12:33:00,MCD,9.031467,"[6.55745267868042, -4.454598426818848, -3.3330283164978027]"
2024-06-18 12:33:00,MCD,9.094179,"[5.725322723388672, -3.4357101917266846, -3.6492886543273926]"
2024-06-18 12:33:00,MCD,9.466125,"[6.570505619049072, -8.436413764953613, 1.320232629776001]"
2024-06-18 12:33:00,MCD,9.618477,"[3.7614707946777344, -5.991753101348877, 3.6242496967315674]"
2024-06-18 12:33:00,MCD,10.071661,"[5.431174278259277, -2.479670524597168, -5.780889511108398]"
2024-06-18 12:33:00,MCD,11.218106,"[1.848434567451477, -1.6022709608078003, -4.3535637855529785]"
2024-06-18 13:33:13,MCD,10.807445,"[8.171333312988281, -6.491886615753174, -3.108516216278076]"
2024-06-18 13:33:13,MCD,8.846495,"[2.90200138092041, -6.051788806915283, 4.870877265930176]"
2024-06-18 13:33:13,MCD,8.582306,"[-2.214362382888794, -2.066448211669922, 5.954128742218018]"
2024-06-18 13:33:13,MCD,9.51009,"[3.7838990688323975, -7.32392692565918, 3.1197667121887207]"
2024-06-18 13:33:13,MCD,9.161085,"[-5.093539714813232, -1.9939820766448975, 11.618377685546875]"
2024-06-18 13:33:13,MCD,8.457863,"[-0.5646222829818726, 2.98331356048584, -6.86867094039917]"
2024-06-18 13:33:13,MCD,8.714828,"[2.684224843978882, -6.019299030303955, 1.2140259742736816]"
2024-06-18 13:33:13,MCD,9.336582,"[-4.571365833282471, -2.510424852371216, 11.8547945022583]"
2024-06-18 13:33:13,MCD,9.162915,"[3.083472490310669, -4.443131446838379, -0.2008087933063507]"
2024-06-18 13:33:13,MCD,9.151689,"[1.6010757684707642, -1.2506489753723145, -1.4187453985214233]"
2024-06-18 13:33:13,MCD,9.355321,"[-3.565499782562256, 5.245501518249512, -2.7364470958709717]"
2024-06-18 13:33:13,MCD,8.979234,"[0.297958105802536, -2.2041122913360596, -0.7299181818962097]"
2024-06-18 13:33:13,MCD,10.417557,"[4.430704593658447, -5.062413215637207, -2.9554543495178223]"
2024-06-18 13:33:13,MCD,9.630891,"[5.013726234436035, -4.186927318572998, 0.10125191509723663]"
2024-06-18 13:33:13,MCD,9.1420765,"[-0.5255511403083801, 5.679527282714844, -7.923130989074707]"
2024-06-18 13:33:13,MCD,11.218106,"[1.848434567451477, -1.6022709608078003, -4.3535637855529785]"
2024-06-20 11:45:00,MCD,9.335732,"[3.304565191268921, 1.3400572538375854, -6.300769329071045]"
2024-06-20 11:45:00,MCD,8.538065,"[7.4002299308776855, -6.0687432289123535, -3.308053731918335]"
2024-06-20 11:45:00,MCD,9.835962,"[4.798973083496094, -5.50200080871582, -2.50998592376709]"
2024-06-20 11:45:00,MCD,11.218106,"[1.848434567451477, -1.6022709608078003, -4.3535637855529785]"
2024-06-20 11:45:00,MCD,9.835962,"[4.798973083496094, -5.50200080871582, -2.50998592376709]"
2024-06-20 11:45:00,MCD,11.218106,"[1.848434567451477, -1.6022709608078003, -4.3535637855529785]"
2024-06-20 11:45:00,MCD,8.838867,"[8.532081604003906, -5.883473873138428, -3.245513916015625]"
2024-06-20 11:45:00,MCD,9.585106,"[2.857837200164795, -2.01676607131958, -0.17568987607955933]"
2024-06-20 11:45:00,MCD,10.117953,"[2.7887375354766846, -3.304792642593384, -3.5668649673461914]"
2024-06-20 11:45:00,MCD,8.601694,"[3.6865463256835938, -3.3298282623291016, -3.6140620708465576]"
2024-06-20 11:45:00,MCD,9.435831,"[4.529792785644531, -4.696249008178711, -1.882466197013855]"
2024-06-20 11:45:00,MCD,11.022618,"[5.6399712562561035, -4.44429349899292, -4.47783088684082]"
2024-06-20 11:45:00,MCD,11.218106,"[1.848434567451477, -1.6022709608078003, -4.3535637855529785]"
2024-06-20 11:45:00,MCD,9.471479,"[8.192964553833008, -5.229307651519775, -4.824895858764648]"
2024-06-20 11:45:00,MCD,11.218106,"[1.848434567451477, -1.6022709608078003, -4.3535637855529785]"
2024-06-20 11:45:00,MCD,11.218106,"[1.848434567451477, -1.6022709608078003, -4.3535637855529785]"
2024-06-20 11:45:00,MCD,11.218106,"[1.848434567451477, -1.6022709608078003, -4.3535637855529785]"
2024-06-20 11:45:00,MCD,9.274677,"[-4.566003322601318, 8.833878517150879, -8.185059547424316]"
2024-06-20 11:45:00,MCD,11.218106,"[1.848434567451477, -1.6022709608078003, -4.3535637855529785]"
2024-06-20 11:45:00,MCD,11.218106,"[1.848434567451477, -1.6022709608078003, -4.3535637855529785]"
2024-06-20 11:45:00,MCD,11.218106,"[1.848434567451477, -1.6022709608078003, -4.3535637855529785]"
2024-06-20 11:45:00,MCD,10.265869,"[5.20926570892334, -3.6265063285827637, -3.4261796474456787]"
2024-06-20 11:45:00,MCD,11.218106,"[1.848434567451477, -1.6022709608078003, -4.3535637855529785]"
2024-06-20 11:45:00,MCD,11.218106,"[1.848434567451477, -1.6022709608078003, -4.3535637855529785]"
2024-06-20 11:45:00,MCD,9.649613,"[4.862388610839844, -5.430400848388672, -3.9372611045837402]"
2024-06-20 11:45:00,MCD,11.218106,"[1.848434567451477, -1.6022709608078003, -4.3535637855529785]"
2024-06-20 11:45:00,MCD,11.218106,"[1.848434567451477, -1.6022709608078003, -4.3535637855529785]"
2024-06-20 11:45:00,MCD,11.218106,"[1.848434567451477, -1.6022709608078003, -4.3535637855529785]"
2024-06-20 11:45:00,MCD,9.435831,"[4.529792785644531, -4.696249008178711, -1.882466197013855]"
2024-06-20 11:45:00,MCD,11.218106,"[1.848434567451477, -1.6022709608078003, -4.3535637855529785]"
2024-06-20 11:45:00,MCD,11.218106,"[1.848434567451477, -1.6022709608078003, -4.3535637855529785]"
2024-06-20 11:45:00,MCD,11.218106,"[1.848434567451477, -1.6022709608078003, -4.3535637855529785]"
2024-06-20 11:45:00,MCD,9.8515,"[4.219760894775391, -3.501943588256836, -2.592364549636841]"
2024-06-20 11:45:00,MCD,11.218106,"[1.848434567451477, -1.6022709608078003, -4.3535637855529785]"
2024-06-20 11:45:00,MCD,8.885187,"[9.82326889038086, -5.97678804397583, -5.609766006469727]"
2024-06-20 11:45:00,MCD,8.661999,"[7.857295036315918, -6.611982345581055, -3.2545745372772217]"
2024-06-20 11:45:00,MCD,8.820273,"[0.9219170808792114, 2.342831611633301, -6.3273797035217285]"
2024-06-20 11:45:00,MCD,9.35349,"[2.4720335006713867, 0.5220999121665955, -7.245575904846191]"
2024-06-20 11:45:00,MCD,9.053809,"[7.745241165161133, -4.447107791900635, -7.031778335571289]"
2024-06-20 11:45:00,MCD,9.6956215,"[-6.429985046386719, 11.824812889099121, -7.39254903793335]"
2024-06-20 11:45:00,MCD,8.978708,"[-3.0391740798950195, 6.427579402923584, -7.213992595672607]"
2024-06-20 11:45:00,MCD,9.201805,"[-1.839467167854309, 4.152079105377197, -5.582961082458496]"
2024-06-20 11:45:00,MCD,9.318233,"[-5.529754161834717, 9.62729549407959, -7.154872894287109]"
2024-06-20 11:45:00,MCD,9.5658245,"[1.9249563217163086, -3.930720329284668, -1.4770315885543823]"
2024-06-20 11:45:00,MCD,8.786169,"[7.516841411590576, -4.796966075897217, -3.389920711517334]"
2024-06-20 11:45:00,MCD,8.880569,"[-1.2369455099105835, -1.8538978099822998, 4.782530784606934]"
2024-06-20 11:45:00,MCD,8.920653,"[7.2279953956604, -3.4821345806121826, -5.508328437805176]"
2024-06-20 11:45:00,MCD,9.338281,"[3.6861724853515625, -6.163087368011475, 0.4274468719959259]"
2024-06-20 11:45:00,MCD,10.325705,"[6.767361164093018, -7.2342753410339355, -3.5220139026641846]"
2024-06-20 11:45:00,MCD,9.097356,"[8.479921340942383, -8.14836311340332, -4.662715435028076]"
2024-06-20 11:45:00,MCD,9.849771,"[6.836158275604248, -5.259274005889893, -4.931852340698242]"
2024-06-20 11:45:00,MCD,9.857893,"[2.9106714725494385, -3.501943826675415, -0.21384456753730774]"
2024-06-20 11:45:00,MCD,9.594198,"[-0.5719649195671082, -3.19262957572937, 3.6696667671203613]"
2024-06-20 11:45:00,MCD,9.388962,"[-1.980393886566162, -1.9267985820770264, 4.863997459411621]"
2024-06-20 11:45:00,MCD,9.516972,"[4.089787483215332, -3.4067163467407227, -2.297982692718506]"
2024-06-20 11:45:00,MCD,8.83596,"[0.14994408190250397, 0.5981171131134033, -2.628507614135742]"
2024-06-20 11:45:00,MCD,9.289271,"[6.81433629989624, -7.985500335693359, -1.206514835357666]"
2024-06-20 11:45:00,MCD,9.123235,"[7.6612548828125, -6.642889499664307, -3.3077762126922607]"
2024-06-20 11:45:00,MCD,9.527579,"[4.641841888427734, 1.1477057933807373, -9.315507888793945]"
2024-06-20 11:45:00,MCD,9.046816,"[2.916726589202881, 0.6852568984031677, -6.046655654907227]"
2024-06-20 11:45:00,MCD,9.019644,"[-4.2417497634887695, 9.116985321044922, -6.322429656982422]"
2024-06-20 11:45:00,MCD,9.467066,"[7.296845436096191, -4.041317462921143, -4.596141338348389]"
2024-06-20 11:45:00,MCD,9.129303,"[1.4490766525268555, 2.9126529693603516, -8.121416091918945]"
2024-06-20 11:45:00,MCD,10.1586,"[-3.7999818325042725, -3.4338109493255615, 10.280299186706543]"
2024-06-20 11:45:00,MCD,10.003574,"[-5.705808162689209, 10.490410804748535, -6.908750534057617]"
2024-06-20 11:45:00,MCD,9.345535,"[-2.9419515132904053, -1.0338175296783447, 2.8638343811035156]"
2024-06-20 11:45:00,MCD,9.74612,"[-5.523148059844971, -0.13912492990493774, 7.989877700805664]"
2024-06-20 11:45:00,MCD,9.303796,"[-1.7320095300674438, -3.7820427417755127, 8.518388748168945]"
2024-06-20 11:45:00,MCD,9.531953,"[3.793010950088501, -5.058506488800049, -2.301856517791748]"
2024-06-20 11:45:00,MCD,9.328883,"[-5.526444911956787, 9.814780235290527, -5.846199035644531]"
2024-06-20 11:45:00,MCD,8.910725,"[-7.832225322723389, 13.143229484558105, -6.644083023071289]"
2024-06-20 11:45:00,MCD,9.490283,"[-4.313620090484619, -2.603179454803467, 10.80188274383545]"
2024-06-20 11:45:00,MCD,8.551607,"[-5.634476184844971, 10.889716148376465, -7.175711631774902]"
2024-06-20 11:45:00,MCD,9.279318,"[-7.124978542327881, 11.970466613769531, -6.436961650848389]"
2024-06-20 11:45:00,MCD,9.223037,"[-7.0140275955200195, 11.793122291564941, -6.354897499084473]"
2024-06-20 11:45:00,MCD,9.312891,"[-0.4401096701622009, 6.030450344085693, -7.603110313415527]"
2024-06-20 11:45:00,MCD,9.047075,"[-5.9815263748168945, 10.534518241882324, -6.858044147491455]"
2024-06-20 11:45:00,MCD,9.092484,"[1.2413829565048218, 3.604567527770996, -7.666187763214111]"
2024-06-20 11:45:00,MCD,9.677631,"[-8.068127632141113, 11.468353271484375, -3.431931972503662]"
2024-06-20 11:45:00,MCD,9.269139,"[-6.742434024810791, 11.204875946044922, -5.47702693939209]"
2024-06-20 11:45:00,MCD,9.51143,"[-5.318856716156006, -1.8553582429885864, 12.414375305175781]"
2024-06-20 11:45:00,MCD,9.501548,"[-1.3290647268295288, 0.9022282361984253, 1.1484936475753784]"
2024-06-20 11:45:00,MCD,9.302794,"[-2.29248046875, 5.942830562591553, -5.106928825378418]"
2024-06-20 11:45:00,MCD,9.618366,"[-6.4904704093933105, 5.972386360168457, 0.7544332146644592]"
2024-06-20 11:45:00,MCD,9.286002,"[-3.277113676071167, 8.586337089538574, -6.983519554138184]"
2024-06-20 11:45:00,MCD,9.799802,"[4.887528419494629, -2.531984806060791, -6.461636066436768]"
2024-06-20 11:45:00,MCD,9.143183,"[6.4836320877075195, -6.774811744689941, -2.9962644577026367]"
2024-06-20 11:45:00,MCD,9.424454,"[-5.634533405303955, 10.579607009887695, -5.658499717712402]"
2024-06-20 11:45:00,MCD,9.167521,"[4.731661319732666, -2.1936819553375244, -3.4168667793273926]"
2024-06-20 11:45:00,MCD,9.495148,"[4.071540355682373, -4.574100971221924, -3.2294740676879883]"
2024-06-20 11:45:00,MCD,10.749196,"[4.205432415008545, -4.831989765167236, -2.71978497505188]"
2024-06-20 11:45:00,MCD,10.439759,"[4.803884983062744, -3.7777140140533447, -2.8252577781677246]"
2024-06-20 11:45:00,MCD,9.84111,"[5.639997959136963, -4.946305274963379, -2.9705357551574707]"
2024-06-20 11:45:00,MCD,11.218106,"[1.848434567451477, -1.6022709608078003, -4.3535637855529785]"
2024-06-20 11:45:00,MCD,10.3738365,"[2.6372478008270264, -3.237220048904419, -3.584207534790039]"
2024-06-20 11:45:00,MCD,11.218106,"[1.848434567451477, -1.6022709608078003, -4.3535637855529785]"
2024-06-20 11:45:00,MCD,9.352497,"[2.595485210418701, -0.6639087796211243, -2.744145393371582]"
2024-06-20 11:45:00,MCD,11.218106,"[1.848434567451477, -1.6022709608078003, -4.3535637855529785]"
2024-06-20 11:45:00,MCD,8.797415,"[6.184760570526123, -5.3782501220703125, -2.9022445678710938]"
2024-06-20 11:45:00,MCD,8.072856,"[5.039523601531982, -5.0388288497924805, -3.965672492980957]"
2024-06-20 11:45:00,MCD,8.942868,"[4.911945819854736, -5.417097568511963, -3.605534553527832]"
2024-06-20 11:45:00,MCD,9.167339,"[5.1154398918151855, -4.717233657836914, -3.9173336029052734]"
2024-06-20 11:45:00,MCD,9.0262985,"[5.076196193695068, -5.384037017822266, -3.5534896850585938]"
2024-06-20 11:45:00,MCD,9.327423,"[5.1461873054504395, -4.209980010986328, -3.650839328765869]"
2024-06-20 11:45:00,MCD,10.239571,"[-7.048573970794678, 11.794663429260254, -5.735219955444336]"
2024-06-20 11:45:00,MCD,9.194411,"[-4.429555416107178, 9.9126615524292, -6.950879096984863]"
2024-06-20 11:45:00,MCD,9.129887,"[4.717052459716797, -3.495614528656006, -2.6977462768554688]"
2024-06-20 11:45:00,MCD,9.108587,"[4.450185298919678, -4.3427042961120605, -1.52261483669281]"
2024-06-20 11:45:00,MCD,9.141511,"[5.849140644073486, -2.2209832668304443, -3.267655849456787]"
2024-06-20 11:45:00,MCD,9.217524,"[6.230456829071045, -4.844571590423584, -1.4754143953323364]"
2024-06-20 11:45:00,MCD,9.092262,"[-0.9157307147979736, 5.586187362670898, -7.1819047927856445]"
2024-06-20 11:45:00,MCD,9.031467,"[6.55745267868042, -4.454598426818848, -3.3330283164978027]"
2024-06-20 11:45:00,MCD,9.094179,"[5.725322723388672, -3.4357101917266846, -3.6492886543273926]"
2024-06-20 11:45:00,MCD,9.466125,"[6.570505619049072, -8.436413764953613, 1.320232629776001]"
2024-06-20 11:45:00,MCD,9.618477,"[3.7614707946777344, -5.991753101348877, 3.6242496967315674]"
2024-06-20 11:45:00,MCD,10.071661,"[5.431174278259277, -2.479670524597168, -5.780889511108398]"
2024-06-20 11:45:00,MCD,11.218106,"[1.848434567451477, -1.6022709608078003, -4.3535637855529785]"
2024-06-21 09:00:17,MCD,8.326819,"[1.4724446535110474, -5.082955360412598, 3.2050600051879883]"
2024-06-21 09:00:17,MCD,8.577781,"[6.700767993927002, -4.077744960784912, -4.279814720153809]"
2024-06-21 09:00:17,MCD,7.9568224,"[4.294127941131592, -3.4851040840148926, -4.792939186096191]"
2024-06-21 09:00:17,MCD,8.335243,"[7.1657633781433105, -5.881852626800537, -3.635274887084961]"
2024-06-21 09:00:17,MCD,9.23518,"[0.8192281723022461, -0.9633592963218689, -0.8674827218055725]"
2024-06-21 09:00:17,MCD,8.991495,"[-4.799707412719727, 10.0092134475708, -6.542462348937988]"
2024-06-21 09:00:17,MCD,8.496748,"[-1.9826692342758179, -5.585059642791748, 11.758048057556152]"
2024-06-21 09:00:17,MCD,8.879694,"[-3.473144292831421, -2.8722095489501953, 10.198505401611328]"
2024-06-21 09:00:17,MCD,8.368956,"[-0.5027218461036682, -0.9770116209983826, 1.7674070596694946]"
2024-06-21 09:00:17,MCD,9.379481,"[-0.1275879293680191, -2.2127952575683594, 3.9469921588897705]"
2024-06-21 09:00:17,MCD,9.582685,"[-0.3208199441432953, 3.633944511413574, -7.405773162841797]"
2024-06-21 09:00:17,MCD,10.940411,"[3.649860143661499, -2.9347169399261475, -4.27638053894043]"
2024-06-21 09:00:17,MCD,9.268745,"[7.803345680236816, -5.975655555725098, -4.998171806335449]"
2024-06-21 09:00:17,MCD,9.630891,"[5.013726234436035, -4.186927318572998, 0.10125191509723663]"
2024-06-21 09:00:17,MCD,9.1420765,"[-0.5255511403083801, 5.679527282714844, -7.923130989074707]"
2024-06-21 09:00:17,MCD,11.218106,"[1.848434567451477, -1.6022709608078003, -4.3535637855529785]"
2024-06-21 19:03:16,MCD,8.588231,"[-2.2603096961975098, 6.5776896476745605, -8.904293060302734]"
2024-06-21 19:03:16,MCD,8.506214,"[1.6915727853775024, 0.5769272446632385, -4.288615703582764]"
2024-06-21 19:03:16,MCD,8.425867,"[-5.244163513183594, 8.741473197937012, -5.651480674743652]"
2024-06-21 19:03:16,MCD,8.633703,"[-5.538090229034424, -1.7833173274993896, 12.554008483886719]"
2024-06-21 19:03:16,MCD,9.97135,"[-2.662651300430298, 6.658510684967041, -8.560652732849121]"
2024-06-21 19:03:16,MCD,9.227812,"[3.0087788105010986, -1.906707763671875, -3.1159286499023438]"
2024-06-21 19:03:16,MCD,10.376647,"[3.5595591068267822, -2.8920204639434814, -3.6719374656677246]"
2024-06-21 19:03:16,MCD,9.630891,"[5.013726234436035, -4.186927318572998, 0.10125191509723663]"
2024-06-21 19:03:16,MCD,9.1420765,"[-0.5255511403083801, 5.679527282714844, -7.923130989074707]"
2024-06-21 19:03:16,MCD,11.218106,"[1.848434567451477, -1.6022709608078003, -4.3535637855529785]"
2024-06-24 02:47:27,MCD,8.984454,"[-1.532369613647461, 6.497821807861328, -6.9991068840026855]"
2024-06-24 02:47:27,MCD,9.2639885,"[-0.2844419479370117, 3.54292631149292, -4.275484085083008]"
2024-06-24 02:47:27,MCD,7.9449916,"[9.523417472839355, -5.974424839019775, -5.953473091125488]"
2024-06-24 02:47:27,MCD,9.275394,"[-5.555695056915283, 9.151841163635254, -3.7798147201538086]"
2024-06-24 02:47:27,MCD,9.477184,"[1.7849191427230835, -0.45353928208351135, -5.113399028778076]"
2024-06-24 02:47:27,MCD,9.576086,"[-3.6395888328552246, -3.2610085010528564, 10.964105606079102]"
2024-06-24 02:47:27,MCD,8.847523,"[4.087774276733398, -4.778830051422119, -3.7420928478240967]"
2024-06-24 02:47:27,MCD,9.166443,"[1.8195732831954956, -1.4585636854171753, -1.2962383031845093]"
2024-06-24 02:47:27,MCD,8.965012,"[5.835461139678955, -1.894561529159546, -7.054932594299316]"
2024-06-24 02:47:27,MCD,9.810099,"[-6.294186592102051, 10.486638069152832, -5.904782772064209]"
2024-06-24 02:47:27,MCD,8.782381,"[-4.02601957321167, -3.052288055419922, 11.5625638961792]"
2024-06-24 02:47:27,MCD,9.561872,"[-0.9633284211158752, -2.888707160949707, 5.6839399337768555]"
2024-06-24 02:47:27,MCD,9.755874,"[5.762046813964844, -7.6119065284729, 1.5968858003616333]"
2024-06-24 02:47:27,MCD,9.122661,"[-2.24202823638916, 2.086319923400879, -3.440730571746826]"
2024-06-24 02:47:27,MCD,10.940411,"[3.649860143661499, -2.9347169399261475, -4.27638053894043]"
2024-06-24 02:47:27,MCD,9.268745,"[7.803345680236816, -5.975655555725098, -4.998171806335449]"
2024-06-24 02:47:27,MCD,9.630891,"[5.013726234436035, -4.186927318572998, 0.10125191509723663]"
2024-06-24 02:47:27,MCD,9.1420765,"[-0.5255511403083801, 5.679527282714844, -7.923130989074707]"
2024-06-24 02:47:27,MCD,11.218106,"[1.848434567451477, -1.6022709608078003, -4.3535637855529785]"
2024-06-24 11:55:43,MCD,10.091006,"[8.18242073059082, -7.474117279052734, -2.890392780303955]"
2024-06-24 11:55:43,MCD,9.187883,"[3.2332236766815186, -2.883758068084717, -1.2606782913208008]"
2024-06-24 11:55:43,MCD,9.062983,"[5.3825860023498535, -4.30797815322876, -4.064737319946289]"
2024-06-24 11:55:43,MCD,9.117585,"[7.373429775238037, -6.754272937774658, -5.204843521118164]"
2024-06-24 11:55:43,MCD,9.254079,"[6.992358684539795, -6.290467739105225, -4.181424617767334]"
2024-06-24 11:55:43,MCD,9.630891,"[5.013726234436035, -4.186927318572998, 0.10125191509723663]"
2024-06-24 11:55:43,MCD,9.1420765,"[-0.5255511403083801, 5.679527282714844, -7.923130989074707]"
2024-06-24 11:55:43,MCD,11.218106,"[1.848434567451477, -1.6022709608078003, -4.3535637855529785]"
2024-06-27 12:57:43,MCD,8.107028,"[-1.838720679283142, -4.194788455963135, 7.9777936935424805]"
2024-06-27 12:57:43,MCD,8.020058,"[8.782739639282227, -7.748281002044678, -3.7227396965026855]"
2024-06-27 12:57:43,MCD,9.219558,"[2.236483335494995, -8.258818626403809, 6.036846160888672]"
2024-06-27 12:57:43,MCD,8.7344055,"[-1.9564975500106812, 4.214594841003418, -6.297754287719727]"
2024-06-27 12:57:43,MCD,8.0917845,"[3.351585865020752, -1.9663488864898682, -5.447118759155273]"
2024-06-27 12:57:43,MCD,8.39246,"[-1.6637669801712036, 3.9919071197509766, -5.696623802185059]"
2024-06-27 12:57:43,MCD,8.656905,"[3.214526653289795, -1.5459715127944946, -5.889192581176758]"
2024-06-27 12:57:43,MCD,8.85254,"[1.3302226066589355, 1.0301228761672974, -4.419617652893066]"
2024-06-27 12:57:43,MCD,8.303057,"[7.040611267089844, -6.7834320068359375, -3.465603828430176]"
2024-06-27 12:57:43,MCD,9.494913,"[-2.3379967212677, 7.723379611968994, -10.254681587219238]"
2024-06-27 12:57:43,MCD,10.121913,"[2.9881510734558105, -5.15452241897583, -1.4500986337661743]"
2024-06-27 12:57:43,MCD,8.885971,"[7.770505428314209, -5.87542200088501, -2.7393598556518555]"
2024-06-27 12:57:43,MCD,9.630891,"[5.013726234436035, -4.186927318572998, 0.10125191509723663]"
2024-06-27 12:57:43,MCD,9.1420765,"[-0.5255511403083801, 5.679527282714844, -7.923130989074707]"
2024-06-27 12:57:43,MCD,11.218106,"[1.848434567451477, -1.6022709608078003, -4.3535637855529785]"
2024-07-01 18:24:56,MCD,9.655068,"[0.6807942390441895, 1.9781843423843384, -5.684269905090332]"
2024-07-01 18:24:56,MCD,8.971397,"[-1.1914957761764526, 2.611166477203369, -3.299678087234497]"
2024-07-01 18:24:56,MCD,8.450062,"[0.1718904972076416, 2.14817476272583, -5.002121925354004]"
2024-07-01 18:24:56,MCD,8.532477,"[5.789205074310303, -2.388206720352173, -5.323568820953369]"
2024-07-01 18:24:56,MCD,8.7886095,"[4.747766017913818, -1.073758840560913, -4.973364353179932]"
2024-07-01 18:24:56,MCD,9.396392,"[-1.5713247060775757, 5.7694573402404785, -6.577709674835205]"
2024-07-01 18:24:56,MCD,9.524336,"[2.046677350997925, 1.204422116279602, -6.766846179962158]"
2024-07-01 18:24:56,MCD,8.962841,"[-3.7395012378692627, 7.534512042999268, -6.3044633865356445]"
2024-07-01 18:24:56,MCD,8.690884,"[-5.4508137702941895, 10.7108793258667, -6.664261817932129]"
2024-07-01 18:24:56,MCD,9.163333,"[0.32398250699043274, 3.052074909210205, -5.727120876312256]"
2024-07-01 18:24:56,MCD,9.315672,"[-0.910956621170044, 5.090376377105713, -6.741458415985107]"
2024-07-01 18:24:56,MCD,9.644596,"[-4.9585676193237305, 10.206522941589355, -7.640228271484375]"
2024-07-01 18:24:56,MCD,8.0852585,"[-6.048266887664795, 10.43323040008545, -6.715416431427002]"
2024-07-01 18:24:56,MCD,8.89436,"[-2.855950117111206, 6.458813190460205, -6.0800371170043945]"
2024-07-01 18:24:56,MCD,8.741872,"[-4.236034870147705, 8.79942512512207, -6.362787246704102]"
2024-07-01 18:24:56,MCD,9.076174,"[-4.5308098793029785, 7.52183198928833, -4.4019246101379395]"
2024-07-01 18:24:56,MCD,9.336998,"[-5.110502243041992, 7.555844783782959, -2.849318742752075]"
2024-07-01 18:24:56,MCD,10.121913,"[2.9881510734558105, -5.15452241897583, -1.4500986337661743]"
2024-07-01 18:24:56,MCD,11.025759,"[3.951741933822632, -3.880798101425171, -3.3005805015563965]"
2024-07-01 18:24:56,MCD,9.630891,"[5.013726234436035, -4.186927318572998, 0.10125191509723663]"
2024-07-01 18:24:56,MCD,9.358052,"[2.60394287109375, 3.330199718475342, -7.848095893859863]"
2024-07-01 18:24:56,MCD,9.1420765,"[-0.5255511403083801, 5.679527282714844, -7.923130989074707]"
2024-07-01 18:24:56,MCD,11.218106,"[1.848434567451477, -1.6022709608078003, -4.3535637855529785]"
2024-07-09 10:30:00,MCD,9.474248,"[0.43001508712768555, -3.479273796081543, 5.043454647064209]"
2024-07-09 10:30:00,MCD,9.159525,"[4.470652103424072, -6.149027347564697, -1.4327281713485718]"
2024-07-09 10:30:00,MCD,9.529108,"[9.144237518310547, -6.74603796005249, -5.379238128662109]"
2024-07-09 10:30:00,MCD,9.014842,"[5.034119129180908, -5.148876667022705, -2.85305118560791]"
2024-07-09 10:30:00,MCD,9.163083,"[3.3844587802886963, -0.35029515624046326, -5.946807861328125]"
2024-07-09 10:30:00,MCD,8.951508,"[4.861284255981445, -1.9943252801895142, -4.904741287231445]"
2024-07-09 10:30:00,MCD,8.963354,"[5.904299259185791, -4.485975742340088, -3.586266040802002]"
2024-07-09 10:30:00,MCD,9.102098,"[8.354898452758789, -4.997888565063477, -6.412728786468506]"
2024-07-09 10:30:00,MCD,9.1044235,"[7.495996952056885, -6.191425800323486, -2.976386308670044]"
2024-07-09 10:30:00,MCD,8.976063,"[7.9752326011657715, -5.517030239105225, -3.929363250732422]"
2024-07-09 10:30:00,MCD,11.218106,"[1.848434567451477, -1.6022709608078003, -4.3535637855529785]"
2024-07-09 10:30:00,MCD,11.218106,"[1.848434567451477, -1.6022709608078003, -4.3535637855529785]"
2024-07-09 12:12:31,MCD,9.829628,"[1.658085584640503, 1.6985620260238647, -7.400275230407715]"
2024-07-09 12:12:31,MCD,12.118665,"[-0.529210090637207, 1.494546890258789, -3.086289405822754]"
2024-07-09 12:12:31,MCD,9.78558,"[-7.078358173370361, 11.82104778289795, -6.477962493896484]"
2024-07-09 12:12:31,MCD,9.313456,"[4.081279754638672, -4.408238410949707, -2.8565330505371094]"
2024-07-09 12:12:31,MCD,9.178139,"[2.9839730262756348, -4.343165397644043, 0.4194607734680176]"
2024-07-09 12:12:31,MCD,10.138534,"[2.8574206829071045, -4.986197471618652, -3.2767224311828613]"
2024-07-09 12:12:31,MCD,8.768946,"[8.770340919494629, -7.410512447357178, -4.032745361328125]"
2024-07-09 12:12:31,MCD,9.25683,"[-4.908809185028076, -1.6054306030273438, 10.368616104125977]"
2024-07-09 12:12:31,MCD,9.45697,"[4.8530097007751465, -6.46084451675415, -2.887434720993042]"
2024-07-09 12:12:31,MCD,9.568352,"[2.466723680496216, 1.4443236589431763, -7.4989752769470215]"
2024-07-09 12:12:31,MCD,8.689037,"[7.495269298553467, -7.284152984619141, -1.2096232175827026]"
2024-07-09 12:12:31,MCD,9.228183,"[6.848900318145752, -6.151754856109619, -3.5194287300109863]"
2024-07-09 12:12:31,MCD,8.857469,"[9.108379364013672, -7.769933223724365, -4.142853260040283]"
2024-07-09 12:12:31,MCD,9.1996765,"[5.996033191680908, -1.882128119468689, -6.5627288818359375]"
2024-07-09 12:12:31,MCD,9.637177,"[2.5512430667877197, -2.6934359073638916, -0.6821873784065247]"
2024-07-09 12:12:31,MCD,9.225975,"[3.547179937362671, -6.12652063369751, 3.5365805625915527]"
2024-07-09 12:12:31,MCD,9.711365,"[3.4495322704315186, -5.363884449005127, -2.4449102878570557]"
2024-07-09 12:12:31,MCD,9.35895,"[-0.047902241349220276, -3.4642605781555176, 5.58489990234375]"
2024-07-09 12:12:31,MCD,9.159525,"[4.470652103424072, -6.149027347564697, -1.4327281713485718]"
2024-07-09 12:12:31,MCD,9.557372,"[8.95496654510498, -6.443162441253662, -5.496994972229004]"
2024-07-09 12:12:31,MCD,9.011543,"[6.340798854827881, -3.3837645053863525, -7.713273048400879]"
2024-07-09 12:12:31,MCD,9.163083,"[3.3844587802886963, -0.35029515624046326, -5.946807861328125]"
2024-07-09 12:12:31,MCD,9.30213,"[4.796982765197754, -3.1510708332061768, -3.830200433731079]"
2024-07-09 12:12:31,MCD,9.09916,"[2.157323122024536, 0.8034053444862366, -4.7299323081970215]"
2024-07-09 12:12:31,MCD,10.403032,"[6.735220432281494, -7.534082889556885, -3.8986849784851074]"
2024-07-09 12:12:31,MCD,11.218106,"[1.848434567451477, -1.6022709608078003, -4.3535637855529785]"
2024-07-09 12:12:31,MCD,9.360277,"[-4.174841403961182, 8.37385082244873, -7.552969932556152]"
2024-07-09 12:12:31,MCD,9.363507,"[10.5320463180542, -8.141573905944824, -4.442294120788574]"
2024-07-09 12:12:31,MCD,10.757358,"[8.08987045288086, -8.329833984375, -2.6518971920013428]"
2024-07-09 12:12:31,MCD,8.992706,"[8.02399730682373, -6.78087854385376, -4.573935031890869]"
2024-07-09 12:12:31,MCD,9.165238,"[-0.25587621331214905, -3.504509687423706, 7.184144020080566]"
2024-07-09 12:12:31,MCD,8.881373,"[-3.071925401687622, -1.218737244606018, 5.722591400146484]"
2024-07-09 12:12:31,MCD,8.749255,"[2.5671627521514893, -5.514387607574463, -2.397040843963623]"
2024-07-09 12:12:31,MCD,9.768553,"[2.7102062702178955, -6.1686015129089355, -1.4666240215301514]"
2024-07-09 12:12:31,MCD,8.921774,"[2.0019984245300293, -5.4185895919799805, -1.7278175354003906]"
2024-07-09 12:12:31,MCD,9.731161,"[3.5918102264404297, -5.7241530418396, -2.483826160430908]"
2024-07-09 12:12:31,MCD,10.522166,"[2.790832996368408, -1.5369386672973633, -3.9388468265533447]"
2024-07-09 12:12:31,MCD,8.918252,"[5.569277763366699, -1.9685262441635132, -2.745746612548828]"
2024-07-09 12:12:31,MCD,8.720351,"[8.225800514221191, -4.762099742889404, -5.0684661865234375]"
2024-07-09 12:12:31,MCD,11.218106,"[1.848434567451477, -1.6022709608078003, -4.3535637855529785]"
2024-07-09 12:12:31,MCD,9.695878,"[8.413536071777344, -4.202002048492432, -4.278339385986328]"
2024-07-09 12:12:31,MCD,9.364598,"[4.747037410736084, 0.47434377670288086, -7.1407999992370605]"
2024-07-09 12:12:31,MCD,9.538413,"[7.015054225921631, -4.573230743408203, -2.536198616027832]"
2024-07-09 12:12:31,MCD,9.293538,"[4.576137065887451, -5.696016788482666, -1.8911088705062866]"
2024-07-09 12:12:31,MCD,9.921157,"[1.961349368095398, -6.571203708648682, 2.6676740646362305]"
2024-07-09 12:12:31,MCD,9.598957,"[3.5159919261932373, -3.2360284328460693, -3.763493537902832]"
2024-07-09 12:12:31,MCD,9.648177,"[6.363288402557373, -3.2678704261779785, -3.750823974609375]"
2024-07-09 12:12:31,MCD,11.218106,"[1.848434567451477, -1.6022709608078003, -4.3535637855529785]"
2024-07-10 13:42:00,MCD,9.458565,"[2.2539026737213135, 2.3836112022399902, -7.95810604095459]"
2024-07-10 13:42:00,MCD,9.458565,"[2.2539026737213135, 2.3836112022399902, -7.95810604095459]"
2024-07-10 13:42:00,MCD,11.218106,"[1.848434567451477, -1.6022709608078003, -4.3535637855529785]"
2024-07-10 13:42:00,MCD,9.469783,"[7.1346001625061035, -6.523354530334473, -2.930576801300049]"
2024-07-10 13:42:00,MCD,8.958676,"[4.498394012451172, -2.7829155921936035, -5.708202838897705]"
2024-07-10 13:42:00,MCD,9.087197,"[3.832693576812744, -2.1035258769989014, -4.7933197021484375]"
2024-07-10 13:42:00,MCD,9.746875,"[2.2420594692230225, 0.6052668690681458, -5.285212516784668]"
2024-07-10 13:42:00,MCD,11.218106,"[1.848434567451477, -1.6022709608078003, -4.3535637855529785]"
2024-07-10 13:42:00,MCD,11.218106,"[1.848434567451477, -1.6022709608078003, -4.3535637855529785]"
2024-07-10 13:42:00,MCD,9.157633,"[5.9069905281066895, -0.29567819833755493, -6.954305171966553]"
2024-07-10 13:42:00,MCD,10.278277,"[2.0228049755096436, 0.6307013630867004, -4.957585334777832]"
2024-07-10 13:42:00,MCD,11.218106,"[1.848434567451477, -1.6022709608078003, -4.3535637855529785]"
2024-07-10 13:42:00,MCD,9.727375,"[2.200831890106201, -1.178406834602356, -4.213299751281738]"
2024-07-10 13:42:00,MCD,9.148268,"[6.407038688659668, -2.5030081272125244, -6.147584915161133]"
2024-07-10 13:42:00,MCD,9.081045,"[4.922662734985352, -4.799222469329834, -1.1675080060958862]"
2024-07-10 13:42:00,MCD,9.560099,"[7.156315326690674, -4.466012954711914, -5.714626789093018]"
2024-07-10 13:42:00,MCD,10.205538,"[9.749571800231934, -5.496716022491455, -5.640869617462158]"
2024-07-10 13:42:00,MCD,8.608401,"[7.352125644683838, -5.677639484405518, -2.502847194671631]"
2024-07-10 13:42:00,MCD,9.005804,"[7.477052688598633, -5.542165279388428, -2.873460292816162]"
2024-07-10 13:42:00,MCD,10.70122,"[2.2606618404388428, -3.6660871505737305, -2.245274066925049]"
2024-07-10 13:42:00,MCD,11.218106,"[1.848434567451477, -1.6022709608078003, -4.3535637855529785]"
2024-07-10 13:42:00,MCD,9.059634,"[-3.3681604862213135, 7.81971549987793, -6.998940944671631]"
2024-07-10 13:42:00,MCD,11.218106,"[1.848434567451477, -1.6022709608078003, -4.3535637855529785]"
2024-07-10 13:42:00,MCD,9.918348,"[-1.380589246749878, 5.824357509613037, -6.5351948738098145]"
2024-07-10 13:42:00,MCD,9.609526,"[5.041120529174805, -2.860635757446289, -2.933748245239258]"
2024-07-10 13:42:00,MCD,9.168029,"[9.200312614440918, -6.310044765472412, -4.490650653839111]"
2024-07-10 13:42:00,MCD,8.510031,"[5.3842668533325195, -7.658928394317627, -1.5068937540054321]"
2024-07-10 13:42:00,MCD,10.515466,"[4.099086284637451, -2.5720996856689453, -4.47703742980957]"
2024-07-10 13:42:00,MCD,8.669738,"[5.611284255981445, -5.8631367683410645, -4.924942970275879]"
2024-07-10 13:42:00,MCD,9.367499,"[3.0099432468414307, -1.9177273511886597, -4.597156524658203]"
2024-07-10 13:42:00,MCD,10.77891,"[3.93249773979187, -5.4432902336120605, -2.201179027557373]"
2024-07-10 13:42:00,MCD,11.218106,"[1.848434567451477, -1.6022709608078003, -4.3535637855529785]"
2024-07-17 13:44:00,MCD,9.335732,"[3.304565191268921, 1.3400572538375854, -6.300769329071045]"
2024-07-17 13:44:00,MCD,8.538065,"[7.4002299308776855, -6.0687432289123535, -3.308053731918335]"
2024-07-17 13:44:00,MCD,9.835962,"[4.798973083496094, -5.50200080871582, -2.50998592376709]"
2024-07-17 13:44:00,MCD,11.218106,"[1.848434567451477, -1.6022709608078003, -4.3535637855529785]"
2024-07-17 13:44:00,MCD,9.835962,"[4.798973083496094, -5.50200080871582, -2.50998592376709]"
2024-07-17 13:44:00,MCD,11.218106,"[1.848434567451477, -1.6022709608078003, -4.3535637855529785]"
2024-07-17 13:44:00,MCD,8.838867,"[8.532081604003906, -5.883473873138428, -3.245513916015625]"
2024-07-17 13:44:00,MCD,9.585106,"[2.857837200164795, -2.01676607131958, -0.17568987607955933]"
2024-07-17 13:44:00,MCD,10.117953,"[2.7887375354766846, -3.304792642593384, -3.5668649673461914]"
2024-07-17 13:44:00,MCD,8.601694,"[3.6865463256835938, -3.3298282623291016, -3.6140620708465576]"
2024-07-17 13:44:00,MCD,9.435831,"[4.529792785644531, -4.696249008178711, -1.882466197013855]"
2024-07-17 13:44:00,MCD,11.652606,"[5.740593433380127, -5.051760673522949, -4.519013404846191]"
2024-07-17 13:44:00,MCD,11.218106,"[1.848434567451477, -1.6022709608078003, -4.3535637855529785]"
2024-07-17 13:44:00,MCD,9.51411,"[7.8334527015686035, -4.7962141036987305, -5.240935325622559]"
2024-07-17 13:44:00,MCD,11.218106,"[1.848434567451477, -1.6022709608078003, -4.3535637855529785]"
2024-07-17 13:44:00,MCD,11.218106,"[1.848434567451477, -1.6022709608078003, -4.3535637855529785]"
2024-07-17 13:44:00,MCD,11.218106,"[1.848434567451477, -1.6022709608078003, -4.3535637855529785]"
2024-07-17 13:44:00,MCD,9.274677,"[-4.566003322601318, 8.833878517150879, -8.185059547424316]"
2024-07-17 13:44:00,MCD,11.218106,"[1.848434567451477, -1.6022709608078003, -4.3535637855529785]"
2024-07-17 13:44:00,MCD,11.218106,"[1.848434567451477, -1.6022709608078003, -4.3535637855529785]"
2024-07-17 13:44:00,MCD,11.218106,"[1.848434567451477, -1.6022709608078003, -4.3535637855529785]"
2024-07-17 13:44:00,MCD,10.265869,"[5.20926570892334, -3.6265063285827637, -3.4261796474456787]"
2024-07-17 13:44:00,MCD,11.218106,"[1.848434567451477, -1.6022709608078003, -4.3535637855529785]"
2024-07-17 13:44:00,MCD,11.218106,"[1.848434567451477, -1.6022709608078003, -4.3535637855529785]"
2024-07-17 13:44:00,MCD,9.649613,"[4.862388610839844, -5.430400848388672, -3.9372611045837402]"
2024-07-17 13:44:00,MCD,11.218106,"[1.848434567451477, -1.6022709608078003, -4.3535637855529785]"
2024-07-17 13:44:00,MCD,11.218106,"[1.848434567451477, -1.6022709608078003, -4.3535637855529785]"
2024-07-17 13:44:00,MCD,11.218106,"[1.848434567451477, -1.6022709608078003, -4.3535637855529785]"
2024-07-17 13:44:00,MCD,9.435831,"[4.529792785644531, -4.696249008178711, -1.882466197013855]"
2024-07-17 13:44:00,MCD,11.218106,"[1.848434567451477, -1.6022709608078003, -4.3535637855529785]"
2024-07-17 13:44:00,MCD,11.218106,"[1.848434567451477, -1.6022709608078003, -4.3535637855529785]"
2024-07-17 13:44:00,MCD,11.218106,"[1.848434567451477, -1.6022709608078003, -4.3535637855529785]"
2024-07-17 13:44:00,MCD,9.8515,"[4.219760894775391, -3.501943588256836, -2.592364549636841]"
2024-07-17 13:44:00,MCD,11.218106,"[1.848434567451477, -1.6022709608078003, -4.3535637855529785]"
2024-07-17 13:44:00,MCD,8.599554,"[9.1537504196167, -4.53582239151001, -4.699763298034668]"
2024-07-17 13:44:00,MCD,8.82003,"[-3.6680331230163574, 6.544128894805908, -5.862051486968994]"
2024-07-17 13:44:00,MCD,9.424454,"[-5.634533405303955, 10.579607009887695, -5.658499717712402]"
2024-07-17 13:44:00,MCD,9.167521,"[4.731661319732666, -2.1936819553375244, -3.4168667793273926]"
2024-07-17 13:44:00,MCD,9.495148,"[4.071540355682373, -4.574100971221924, -3.2294740676879883]"
2024-07-17 13:44:00,MCD,10.749196,"[4.205432415008545, -4.831989765167236, -2.71978497505188]"
2024-07-17 13:44:00,MCD,10.439759,"[4.803884983062744, -3.7777140140533447, -2.8252577781677246]"
2024-07-17 13:44:00,MCD,9.84111,"[5.639997959136963, -4.946305274963379, -2.9705357551574707]"
2024-07-17 13:44:00,MCD,8.920997,"[0.9220885634422302, -2.960495948791504, -1.7357312440872192]"
2024-07-17 13:44:00,MCD,10.3738365,"[2.6372478008270264, -3.237220048904419, -3.584207534790039]"
2024-07-17 13:44:00,MCD,8.81265,"[6.246939659118652, -5.438817501068115, -2.8860678672790527]"
2024-07-17 13:44:00,MCD,8.730568,"[5.3426995277404785, -4.005842208862305, -4.613964080810547]"
2024-07-17 13:44:00,MCD,8.072856,"[5.039523601531982, -5.0388288497924805, -3.965672492980957]"
2024-07-17 13:44:00,MCD,8.297296,"[5.22794246673584, -5.137392997741699, -3.4919910430908203]"
2024-07-17 13:44:00,MCD,9.036702,"[5.225244045257568, -5.563233852386475, -3.340470790863037]"
2024-07-17 13:44:00,MCD,10.239571,"[-7.048573970794678, 11.794663429260254, -5.735219955444336]"
2024-07-17 13:44:00,MCD,9.194411,"[-4.429555416107178, 9.9126615524292, -6.950879096984863]"
2024-07-17 13:44:00,MCD,9.129887,"[4.717052459716797, -3.495614528656006, -2.6977462768554688]"
2024-07-17 13:44:00,MCD,9.108587,"[4.450185298919678, -4.3427042961120605, -1.52261483669281]"
2024-07-17 13:44:00,MCD,9.141511,"[5.849140644073486, -2.2209832668304443, -3.267655849456787]"
2024-07-17 13:44:00,MCD,9.217524,"[6.230456829071045, -4.844571590423584, -1.4754143953323364]"
2024-07-17 13:44:00,MCD,9.092262,"[-0.9157307147979736, 5.586187362670898, -7.1819047927856445]"
2024-07-17 13:44:00,MCD,9.031467,"[6.55745267868042, -4.454598426818848, -3.3330283164978027]"
2024-07-17 13:44:00,MCD,9.094179,"[5.725322723388672, -3.4357101917266846, -3.6492886543273926]"
2024-07-17 13:44:00,MCD,9.466125,"[6.570505619049072, -8.436413764953613, 1.320232629776001]"
2024-07-17 13:44:00,MCD,9.618477,"[3.7614707946777344, -5.991753101348877, 3.6242496967315674]"
2024-07-17 13:44:00,MCD,10.071661,"[5.431174278259277, -2.479670524597168, -5.780889511108398]"
2024-07-17 13:44:00,MCD,11.218106,"[1.848434567451477, -1.6022709608078003, -4.3535637855529785]"
2024-07-22 15:43:55,MCD,8.142928,"[6.986118793487549, -5.1771416664123535, -5.9364013671875]"
2024-07-22 15:43:55,MCD,9.187256,"[3.6405842304229736, -3.1161866188049316, -3.544290781021118]"
2024-07-22 15:43:55,MCD,9.031867,"[7.912639141082764, -6.845088958740234, -4.8014068603515625]"
2024-07-22 15:43:55,MCD,9.015718,"[-6.516970157623291, 11.054471015930176, -7.54316520690918]"
2024-07-22 15:43:55,MCD,8.806776,"[-0.8241568803787231, 0.9249078631401062, -1.216503381729126]"
2024-07-22 15:43:55,MCD,8.9169,"[4.251771450042725, -0.7212138772010803, -7.32043981552124]"
2024-07-22 15:43:55,MCD,9.824821,"[-3.55674409866333, 7.365363121032715, -6.396797180175781]"
2024-07-22 15:43:55,MCD,8.403389,"[5.365292072296143, -4.717803478240967, -4.019888877868652]"
2024-07-22 15:43:55,MCD,8.153218,"[1.741902470588684, 0.993061363697052, -5.196063995361328]"
2024-07-22 15:43:55,MCD,8.710608,"[-2.11698579788208, 3.189390182495117, -2.060300350189209]"
2024-07-22 15:43:55,MCD,10.570416,"[-0.018292970955371857, 3.2709736824035645, -8.322664260864258]"
2024-07-22 15:43:55,MCD,9.8686495,"[-1.1447088718414307, 2.463466167449951, -3.4941439628601074]"
2024-07-22 15:43:55,MCD,9.694729,"[-3.140554189682007, 9.065642356872559, -10.43017578125]"
2024-07-22 15:43:55,MCD,8.885971,"[7.770505428314209, -5.87542200088501, -2.7393598556518555]"
2024-07-22 15:43:55,MCD,8.426399,"[5.235773086547852, -6.096226215362549, -2.442596435546875]"
2024-07-22 15:43:55,MCD,9.630891,"[5.013726234436035, -4.186927318572998, 0.10125191509723663]"
2024-07-22 15:43:55,MCD,9.1420765,"[-0.5255511403083801, 5.679527282714844, -7.923130989074707]"
2024-07-22 15:43:55,MCD,11.218106,"[1.848434567451477, -1.6022709608078003, -4.3535637855529785]"
2024-07-26 16:56:09,MCD,9.698862,"[9.73454475402832, -6.098489284515381, -7.140632152557373]"
2024-07-26 16:56:09,MCD,10.58518,"[-1.0718036890029907, -3.0658135414123535, 3.9725799560546875]"
2024-07-26 16:56:09,MCD,9.352966,"[8.598531723022461, -6.038918972015381, -4.591222763061523]"
2024-07-26 16:56:09,MCD,9.493258,"[-5.029357433319092, -0.8467698693275452, 10.613784790039062]"
2024-07-26 16:56:09,MCD,8.879129,"[8.655959129333496, -6.622298717498779, -5.1489949226379395]"
2024-07-26 16:56:09,MCD,9.2723465,"[-2.7559382915496826, -2.5098841190338135, 9.696866989135742]"
2024-07-26 16:56:09,MCD,10.098769,"[-4.076731204986572, 0.17086035013198853, 7.7414140701293945]"
2024-07-26 16:56:09,MCD,8.879129,"[8.655959129333496, -6.622298717498779, -5.1489949226379395]"
2024-07-26 16:56:09,MCD,9.168602,"[-3.024644613265991, -0.5486997961997986, 6.336205959320068]"
2024-07-26 16:56:09,MCD,9.396297,"[-1.6936205625534058, -4.37493371963501, 9.724294662475586]"
2024-07-26 16:56:09,MCD,9.495193,"[-4.7656049728393555, -2.8345839977264404, 12.113792419433594]"
2024-07-26 16:56:09,MCD,8.671747,"[5.411548614501953, -5.461317539215088, -1.4806960821151733]"
2024-07-26 16:56:09,MCD,9.164738,"[-6.67176628112793, 12.2349214553833, -7.396742343902588]"
2024-07-26 16:56:09,MCD,9.413958,"[1.1112370491027832, 1.0206886529922485, -5.6149582862854]"
2024-07-26 16:56:09,MCD,10.121913,"[2.9881510734558105, -5.15452241897583, -1.4500986337661743]"
2024-07-26 16:56:09,MCD,9.567326,"[4.635157585144043, -4.785883903503418, -2.918199062347412]"
2024-07-26 16:56:09,MCD,9.630891,"[5.013726234436035, -4.186927318572998, 0.10125191509723663]"
2024-07-26 16:56:09,MCD,9.249113,"[-2.8264386653900146, 7.136206150054932, -7.365882396697998]"
2024-07-26 16:56:09,MCD,9.1420765,"[-0.5255511403083801, 5.679527282714844, -7.923130989074707]"
2024-07-26 16:56:09,MCD,11.218106,"[1.848434567451477, -1.6022709608078003, -4.3535637855529785]"
2024-07-29 07:25:16,MCD,8.823222,"[7.427045822143555, -6.021927833557129, -5.578550338745117]"
2024-07-29 07:25:16,MCD,9.786753,"[1.5983288288116455, -6.9548492431640625, 7.772539138793945]"
2024-07-29 07:25:16,MCD,9.657349,"[7.772397994995117, -5.154739856719971, -4.5856852531433105]"
2024-07-29 07:25:16,MCD,9.805477,"[5.195892810821533, -4.544156551361084, -5.248569011688232]"
2024-07-29 07:25:16,MCD,9.22377,"[6.88173246383667, -3.6720590591430664, -2.986680507659912]"
2024-07-29 07:25:16,MCD,9.501584,"[7.38433837890625, -5.001411437988281, -4.761443614959717]"
2024-07-29 07:25:16,MCD,10.105916,"[3.936289072036743, -4.959127902984619, -1.8965598344802856]"
2024-07-29 07:25:16,MCD,9.630891,"[5.013726234436035, -4.186927318572998, 0.10125191509723663]"
2024-07-29 07:25:16,MCD,9.249113,"[-2.8264386653900146, 7.136206150054932, -7.365882396697998]"
2024-07-29 07:25:16,MCD,9.1420765,"[-0.5255511403083801, 5.679527282714844, -7.923130989074707]"
2024-07-29 07:25:16,MCD,11.218106,"[1.848434567451477, -1.6022709608078003, -4.3535637855529785]"
2024-07-29 08:11:19,MCD,10.059396,"[-3.9046895503997803, 7.4824538230896, -6.361929893493652]"
2024-07-29 08:11:19,MCD,10.149299,"[0.7112785577774048, 2.7263946533203125, -7.104769229888916]"
2024-07-29 08:11:19,MCD,9.251861,"[-2.0780398845672607, -1.5541329383850098, 5.378813743591309]"
2024-07-29 08:11:19,MCD,9.641254,"[-4.503174304962158, 6.938324451446533, -4.037384986877441]"
2024-07-29 08:11:19,MCD,9.095696,"[-7.16151762008667, 12.784144401550293, -7.016608238220215]"
2024-07-29 08:11:19,MCD,9.701888,"[-6.252188205718994, 10.92310905456543, -7.22047758102417]"
2024-07-29 08:11:19,MCD,9.492852,"[-2.149369478225708, 6.86694860458374, -7.230373859405518]"
2024-07-29 08:11:19,MCD,8.525854,"[7.172169208526611, -5.642867565155029, -2.0344085693359375]"
2024-07-29 08:11:19,MCD,9.336204,"[6.247674942016602, -7.098371982574463, -2.8740646839141846]"
2024-07-29 08:11:19,MCD,9.935359,"[9.326662063598633, -8.080037117004395, -4.505795955657959]"
2024-07-29 08:11:19,MCD,9.513958,"[7.564029216766357, -5.323802471160889, -2.409749984741211]"
2024-07-29 08:11:19,MCD,10.121913,"[2.9881510734558105, -5.15452241897583, -1.4500986337661743]"
2024-07-29 08:11:19,MCD,9.630891,"[5.013726234436035, -4.186927318572998, 0.10125191509723663]"
2024-07-29 08:11:19,MCD,9.249113,"[-2.8264386653900146, 7.136206150054932, -7.365882396697998]"
2024-07-29 08:11:19,MCD,9.1420765,"[-0.5255511403083801, 5.679527282714844, -7.923130989074707]"
2024-07-29 08:11:19,MCD,11.218106,"[1.848434567451477, -1.6022709608078003, -4.3535637855529785]"
2024-07-29 10:25:11,MCD,8.964076,"[-2.8808066844940186, -3.799560070037842, 9.160205841064453]"
2024-07-29 10:25:11,MCD,9.287901,"[-3.2598884105682373, -1.1749733686447144, 7.440784931182861]"
2024-07-29 10:25:11,MCD,9.261812,"[-6.19323205947876, 2.569976568222046, 3.983228921890259]"
2024-07-29 10:25:11,MCD,9.224684,"[-4.065402507781982, 6.576256275177002, -4.579287528991699]"
2024-07-29 10:25:11,MCD,9.998194,"[-5.173745632171631, 10.504195213317871, -7.263254165649414]"
2024-07-29 10:25:11,MCD,9.416718,"[-4.750120639801025, -2.838393211364746, 11.542366981506348]"
2024-07-29 10:25:11,MCD,9.598944,"[-2.3379833698272705, 6.304144382476807, -6.432413578033447]"
2024-07-29 10:25:11,MCD,9.243189,"[11.051509857177734, -6.499718189239502, -5.904003620147705]"
2024-07-29 10:25:11,MCD,9.986126,"[-5.050835132598877, 10.789778709411621, -9.06651496887207]"
2024-07-29 10:25:11,MCD,8.671114,"[-5.894526481628418, 10.211997032165527, -4.484768867492676]"
2024-07-29 10:25:11,MCD,9.277192,"[-0.3786076009273529, 4.626110076904297, -6.537397384643555]"
2024-07-29 10:25:11,MCD,8.98196,"[7.773809909820557, -5.998209476470947, -2.0795300006866455]"
2024-07-29 10:25:11,MCD,9.332459,"[-1.4766186475753784, -1.926547646522522, 4.632460117340088]"
2024-07-29 10:25:11,MCD,9.057376,"[4.427767276763916, -4.231146812438965, -3.394164562225342]"
2024-07-29 10:25:11,MCD,12.44617,"[3.5515377521514893, -3.169902801513672, -3.0750644207000732]"
2024-07-29 10:25:11,MCD,9.809865,"[5.712608814239502, -6.0300726890563965, -3.964414119720459]"
2024-07-29 10:25:11,MCD,9.707353,"[6.46796178817749, -5.4076056480407715, -4.826397895812988]"
2024-07-29 10:25:11,MCD,11.935299,"[4.394272327423096, -3.386409282684326, -3.4096033573150635]"
2024-07-29 10:25:11,MCD,9.809865,"[5.712608814239502, -6.0300726890563965, -3.964414119720459]"
2024-07-29 10:25:11,MCD,9.707353,"[6.46796178817749, -5.4076056480407715, -4.826397895812988]"
2024-07-29 10:25:11,MCD,12.447326,"[4.063564300537109, -2.84991717338562, -4.227325439453125]"
2024-07-29 10:25:11,MCD,9.809865,"[5.712608814239502, -6.0300726890563965, -3.964414119720459]"
2024-07-29 10:25:11,MCD,9.707353,"[6.46796178817749, -5.4076056480407715, -4.826397895812988]"
2024-07-29 10:25:11,MCD,12.290366,"[5.272131443023682, -3.605440616607666, -3.9936485290527344]"
2024-07-29 10:25:11,MCD,9.809865,"[5.712608814239502, -6.0300726890563965, -3.964414119720459]"
2024-07-29 10:25:11,MCD,9.707353,"[6.46796178817749, -5.4076056480407715, -4.826397895812988]"
2024-07-29 10:25:11,MCD,12.748383,"[4.238587856292725, -3.476534843444824, -3.9112250804901123]"
2024-07-29 10:25:11,MCD,9.809865,"[5.712608814239502, -6.0300726890563965, -3.964414119720459]"
2024-07-29 10:25:11,MCD,9.707353,"[6.46796178817749, -5.4076056480407715, -4.826397895812988]"
2024-07-29 10:25:11,MCD,10.121913,"[2.9881510734558105, -5.15452241897583, -1.4500986337661743]"
2024-07-29 10:25:11,MCD,10.940411,"[3.649860143661499, -2.9347169399261475, -4.27638053894043]"
2024-07-29 10:25:11,MCD,9.630891,"[5.013726234436035, -4.186927318572998, 0.10125191509723663]"
2024-07-29 10:25:11,MCD,9.249113,"[-2.8264386653900146, 7.136206150054932, -7.365882396697998]"
2024-07-29 10:25:11,MCD,9.1420765,"[-0.5255511403083801, 5.679527282714844, -7.923130989074707]"
2024-07-29 10:25:11,MCD,11.218106,"[1.848434567451477, -1.6022709608078003, -4.3535637855529785]"
2024-07-29 11:43:26,MCD,9.662877,"[-1.839176058769226, -3.0407493114471436, 8.114349365234375]"
2024-07-29 11:43:26,MCD,9.559258,"[4.9932780265808105, -4.427927494049072, -3.1311397552490234]"
2024-07-29 11:43:26,MCD,11.218106,"[1.848434567451477, -1.6022709608078003, -4.3535637855529785]"
2024-07-29 11:43:26,MCD,9.991606,"[-3.3663299083709717, 7.181780815124512, -5.738539695739746]"
2024-07-29 11:43:26,MCD,10.670347,"[6.229666709899902, -5.257495880126953, -3.7531542778015137]"
2024-07-29 11:43:26,MCD,9.408611,"[-2.6735544204711914, -1.452351450920105, 5.2191901206970215]"
2024-07-29 11:43:26,MCD,9.063052,"[-3.687220811843872, 1.0147932767868042, 3.2799134254455566]"
2024-07-29 11:43:26,MCD,10.144556,"[-2.603651285171509, 1.6885056495666504, -0.7650839686393738]"
2024-07-29 11:43:26,MCD,9.826818,"[1.1777024269104004, 1.8199715614318848, -4.739314079284668]"
2024-07-29 11:43:26,MCD,9.2377205,"[-4.760611534118652, 10.051366806030273, -6.432669162750244]"
2024-07-29 11:43:26,MCD,9.211844,"[-5.263622760772705, 8.201604843139648, -4.842889785766602]"
2024-07-29 11:43:26,MCD,9.056165,"[6.327027797698975, -6.9825520515441895, -1.8021553754806519]"
2024-07-29 11:43:26,MCD,9.660893,"[5.502721309661865, -4.480509281158447, -3.690585136413574]"
2024-07-29 11:43:26,MCD,8.93321,"[4.054625511169434, -1.0884238481521606, -4.797719955444336]"
2024-07-29 11:43:26,MCD,9.098731,"[7.373176097869873, -4.925398349761963, -3.8146872520446777]"
2024-07-29 11:43:26,MCD,9.573697,"[9.775227546691895, -7.789449214935303, -4.578061103820801]"
2024-07-29 11:43:26,MCD,9.5773535,"[8.79930305480957, -7.3728413581848145, -4.328591823577881]"
2024-07-29 11:43:26,MCD,9.302817,"[4.560506343841553, -4.524488925933838, -3.60903000831604]"
2024-07-29 11:43:26,MCD,11.273073,"[4.870275020599365, -4.866804122924805, -3.1017143726348877]"
2024-07-29 11:43:26,MCD,8.816911,"[7.052440643310547, -7.575230598449707, -2.9314534664154053]"
2024-07-29 11:43:26,MCD,9.420449,"[-3.8915445804595947, 1.524771809577942, 1.9261337518692017]"
2024-07-29 11:43:26,MCD,9.287457,"[-3.2612693309783936, -0.5904179215431213, 5.162018299102783]"
2024-07-29 11:43:26,MCD,9.935982,"[-5.47187614440918, 8.038209915161133, -4.804566860198975]"
2024-07-29 11:43:26,MCD,10.121913,"[2.9881510734558105, -5.15452241897583, -1.4500986337661743]"
2024-07-29 11:43:26,MCD,10.376647,"[3.5595591068267822, -2.8920204639434814, -3.6719374656677246]"
2024-07-29 11:43:26,MCD,9.630891,"[5.013726234436035, -4.186927318572998, 0.10125191509723663]"
2024-07-29 11:43:26,MCD,9.249113,"[-2.8264386653900146, 7.136206150054932, -7.365882396697998]"
2024-07-29 11:43:26,MCD,9.1420765,"[-0.5255511403083801, 5.679527282714844, -7.923130989074707]"
2024-07-29 11:43:26,MCD,11.218106,"[1.848434567451477, -1.6022709608078003, -4.3535637855529785]"
2024-07-29 12:04:10,MCD,9.767111,"[-5.0565104484558105, -3.776287317276001, 13.579498291015625]"
2024-07-29 12:04:10,MCD,9.286689,"[-4.31238317489624, -2.594473123550415, 12.317495346069336]"
2024-07-29 12:04:10,MCD,9.663577,"[-4.243010520935059, -2.870579957962036, 8.872085571289062]"
2024-07-29 12:04:10,MCD,10.039564,"[-2.841309070587158, -4.084166049957275, 8.520750045776367]"
2024-07-29 12:04:10,MCD,9.479925,"[-1.8414332866668701, -4.809081554412842, 9.520748138427734]"
2024-07-29 12:04:10,MCD,9.838175,"[-0.439272940158844, 4.922689914703369, -9.291854858398438]"
2024-07-29 12:04:10,MCD,9.764668,"[-4.306744575500488, -3.1232309341430664, 11.012174606323242]"
2024-07-29 12:04:10,MCD,9.873414,"[-3.721076011657715, -4.247905731201172, 11.273303031921387]"
2024-07-29 12:04:10,MCD,9.172579,"[-5.853030204772949, 11.312077522277832, -6.886931896209717]"
2024-07-29 12:04:10,MCD,8.943413,"[0.18603184819221497, 4.048015117645264, -7.881077766418457]"
2024-07-29 12:04:10,MCD,9.425923,"[4.874073028564453, -4.496088981628418, -4.026695251464844]"
2024-07-29 12:04:10,MCD,9.984235,"[-2.5708420276641846, 8.418331146240234, -10.50691032409668]"
2024-07-29 12:04:10,MCD,8.85704,"[6.362619876861572, -6.147782802581787, -3.6266674995422363]"
2024-07-29 12:04:10,MCD,9.630891,"[5.013726234436035, -4.186927318572998, 0.10125191509723663]"
2024-07-29 12:04:10,MCD,9.249113,"[-2.8264386653900146, 7.136206150054932, -7.365882396697998]"
2024-07-29 12:04:10,MCD,9.1420765,"[-0.5255511403083801, 5.679527282714844, -7.923130989074707]"
2024-07-29 12:04:10,MCD,11.218106,"[1.848434567451477, -1.6022709608078003, -4.3535637855529785]"
2024-07-29 14:12:22,MCD,9.9595785,"[-2.0098063945770264, 6.333446979522705, -9.597066879272461]"
2024-07-29 14:12:22,MCD,9.580228,"[0.4704859256744385, 3.3746256828308105, -6.946957588195801]"
2024-07-29 14:12:22,MCD,10.076559,"[-1.687961459159851, 3.388190746307373, -5.757068634033203]"
2024-07-29 14:12:22,MCD,9.496023,"[-2.7298905849456787, 2.7426540851593018, -2.4043989181518555]"
2024-07-29 14:12:22,MCD,10.08966,"[-0.7004868984222412, -3.706644058227539, 5.205278396606445]"
2024-07-29 14:12:22,MCD,9.6925,"[-3.669485330581665, 4.058691501617432, -4.215427875518799]"
2024-07-29 14:12:22,MCD,9.51688,"[-5.33994722366333, -3.067620038986206, 12.955766677856445]"
2024-07-29 14:12:22,MCD,9.932868,"[-4.574147701263428, -2.692615509033203, 12.541994094848633]"
2024-07-29 14:12:22,MCD,9.759958,"[-3.7215044498443604, -2.6034183502197266, 8.367192268371582]"
2024-07-29 14:12:22,MCD,9.677118,"[-2.634631633758545, 5.446922779083252, -8.37662124633789]"
2024-07-29 14:12:22,MCD,10.809282,"[-1.969814658164978, -4.0437703132629395, 5.474761009216309]"
2024-07-29 14:12:22,MCD,9.468387,"[4.645174980163574, -1.2323811054229736, -6.538466453552246]"
2024-07-29 14:12:22,MCD,9.480345,"[0.19923488795757294, 3.116830825805664, -7.5124101638793945]"
2024-07-29 14:12:22,MCD,9.637124,"[-1.9512012004852295, 2.113508939743042, -3.1364128589630127]"
2024-07-29 14:12:22,MCD,9.810459,"[4.431655406951904, -6.066784381866455, -2.3855109214782715]"
2024-07-29 14:12:22,MCD,9.672859,"[0.1508176177740097, -2.3217642307281494, 2.8682875633239746]"
2024-07-29 14:12:22,MCD,10.022422,"[-2.870558977127075, -2.6689624786376953, 5.792173862457275]"
2024-07-29 14:12:22,MCD,9.2927065,"[4.172532558441162, -5.381473064422607, -3.546739101409912]"
2024-07-29 14:12:22,MCD,9.2914295,"[-1.9290443658828735, 6.264344215393066, -6.667784690856934]"
2024-07-29 14:12:22,MCD,9.691344,"[-5.060577869415283, 8.455241203308105, -6.394101142883301]"
2024-07-29 14:12:22,MCD,10.93091,"[2.7921664714813232, -2.718672513961792, -4.73104190826416]"
2024-07-29 14:12:22,MCD,9.235104,"[9.235496520996094, -7.433743953704834, -4.408498287200928]"
2024-07-29 14:12:22,MCD,9.7899475,"[4.45945930480957, -4.4444780349731445, -2.237173557281494]"
2024-07-29 14:12:22,MCD,9.630891,"[5.013726234436035, -4.186927318572998, 0.10125191509723663]"
2024-07-29 14:12:22,MCD,9.249113,"[-2.8264386653900146, 7.136206150054932, -7.365882396697998]"
2024-07-29 14:12:22,MCD,9.1420765,"[-0.5255511403083801, 5.679527282714844, -7.923130989074707]"
2024-07-29 14:12:22,MCD,11.218106,"[1.848434567451477, -1.6022709608078003, -4.3535637855529785]"
2024-07-29 14:55:00,MCD,9.335732,"[3.304565191268921, 1.3400572538375854, -6.300769329071045]"
2024-07-29 14:55:00,MCD,8.538065,"[7.4002299308776855, -6.0687432289123535, -3.308053731918335]"
2024-07-29 14:55:00,MCD,9.835962,"[4.798973083496094, -5.50200080871582, -2.50998592376709]"
2024-07-29 14:55:00,MCD,11.218106,"[1.848434567451477, -1.6022709608078003, -4.3535637855529785]"
2024-07-29 14:55:00,MCD,9.835962,"[4.798973083496094, -5.50200080871582, -2.50998592376709]"
2024-07-29 14:55:00,MCD,11.218106,"[1.848434567451477, -1.6022709608078003, -4.3535637855529785]"
2024-07-29 14:55:00,MCD,8.838867,"[8.532081604003906, -5.883473873138428, -3.245513916015625]"
2024-07-29 14:55:00,MCD,9.585106,"[2.857837200164795, -2.01676607131958, -0.17568987607955933]"
2024-07-29 14:55:00,MCD,10.117953,"[2.7887375354766846, -3.304792642593384, -3.5668649673461914]"
2024-07-29 14:55:00,MCD,8.601694,"[3.6865463256835938, -3.3298282623291016, -3.6140620708465576]"
2024-07-29 14:55:00,MCD,9.435831,"[4.529792785644531, -4.696249008178711, -1.882466197013855]"
2024-07-29 14:55:00,MCD,11.309703,"[5.73206090927124, -5.971164226531982, -4.217851638793945]"
2024-07-29 14:55:00,MCD,11.218106,"[1.848434567451477, -1.6022709608078003, -4.3535637855529785]"
2024-07-29 14:55:00,MCD,9.391986,"[7.638767242431641, -5.902018070220947, -4.104016304016113]"
2024-07-29 14:55:00,MCD,11.218106,"[1.848434567451477, -1.6022709608078003, -4.3535637855529785]"
2024-07-29 14:55:00,MCD,11.218106,"[1.848434567451477, -1.6022709608078003, -4.3535637855529785]"
2024-07-29 14:55:00,MCD,11.218106,"[1.848434567451477, -1.6022709608078003, -4.3535637855529785]"
2024-07-29 14:55:00,MCD,9.274677,"[-4.566003322601318, 8.833878517150879, -8.185059547424316]"
2024-07-29 14:55:00,MCD,11.218106,"[1.848434567451477, -1.6022709608078003, -4.3535637855529785]"
2024-07-29 14:55:00,MCD,11.218106,"[1.848434567451477, -1.6022709608078003, -4.3535637855529785]"
2024-07-29 14:55:00,MCD,11.218106,"[1.848434567451477, -1.6022709608078003, -4.3535637855529785]"
2024-07-29 14:55:00,MCD,10.462203,"[4.674453258514404, -5.219736099243164, -2.6967506408691406]"
2024-07-29 14:55:00,MCD,11.218106,"[1.848434567451477, -1.6022709608078003, -4.3535637855529785]"
2024-07-29 14:55:00,MCD,11.218106,"[1.848434567451477, -1.6022709608078003, -4.3535637855529785]"
2024-07-29 14:55:00,MCD,9.649613,"[4.862388610839844, -5.430400848388672, -3.9372611045837402]"
2024-07-29 14:55:00,MCD,11.218106,"[1.848434567451477, -1.6022709608078003, -4.3535637855529785]"
2024-07-29 14:55:00,MCD,11.218106,"[1.848434567451477, -1.6022709608078003, -4.3535637855529785]"
2024-07-29 14:55:00,MCD,11.218106,"[1.848434567451477, -1.6022709608078003, -4.3535637855529785]"
2024-07-29 14:55:00,MCD,9.435831,"[4.529792785644531, -4.696249008178711, -1.882466197013855]"
2024-07-29 14:55:00,MCD,11.218106,"[1.848434567451477, -1.6022709608078003, -4.3535637855529785]"
2024-07-29 14:55:00,MCD,11.218106,"[1.848434567451477, -1.6022709608078003, -4.3535637855529785]"
2024-07-29 14:55:00,MCD,11.218106,"[1.848434567451477, -1.6022709608078003, -4.3535637855529785]"
2024-07-29 14:55:00,MCD,10.114595,"[3.118586301803589, -5.5191264152526855, -1.3650901317596436]"
2024-07-29 14:55:00,MCD,11.218106,"[1.848434567451477, -1.6022709608078003, -4.3535637855529785]"
2024-07-29 14:55:00,MCD,9.135536,"[-6.930335998535156, 7.4942307472229, -2.9389641284942627]"
2024-07-29 14:55:00,MCD,9.461795,"[-5.583615779876709, -2.065441131591797, 11.385394096374512]"
2024-07-29 14:55:00,MCD,7.9545445,"[6.325143814086914, -2.4881882667541504, -5.302109718322754]"
2024-07-29 14:55:00,MCD,9.547353,"[-5.283080577850342, -1.7907731533050537, 11.895574569702148]"
2024-07-29 14:55:00,MCD,9.019342,"[-7.754121780395508, 9.599783897399902, -3.971820831298828]"
2024-07-29 14:55:00,MCD,9.731447,"[-4.630341053009033, -2.9021975994110107, 11.23570442199707]"
2024-07-29 14:55:00,MCD,8.94212,"[-2.4434900283813477, 7.522400379180908, -7.283514022827148]"
2024-07-29 14:55:00,MCD,8.072856,"[5.039523601531982, -5.0388288497924805, -3.965672492980957]"
2024-07-29 14:55:00,MCD,8.942868,"[4.911945819854736, -5.417097568511963, -3.605534553527832]"
2024-07-29 14:55:00,MCD,8.484257,"[4.169203758239746, -4.148689270019531, -2.72788667678833]"
2024-07-29 14:55:00,MCD,9.0056715,"[5.4856133460998535, -5.5741095542907715, -3.234628200531006]"
2024-07-29 14:55:00,MCD,10.239571,"[-7.048573970794678, 11.794663429260254, -5.735219955444336]"
2024-07-29 14:55:00,MCD,9.194411,"[-4.429555416107178, 9.9126615524292, -6.950879096984863]"
2024-07-29 14:55:00,MCD,9.129887,"[4.717052459716797, -3.495614528656006, -2.6977462768554688]"
2024-07-29 14:55:00,MCD,9.108587,"[4.450185298919678, -4.3427042961120605, -1.52261483669281]"
2024-07-29 14:55:00,MCD,9.141511,"[5.849140644073486, -2.2209832668304443, -3.267655849456787]"
2024-07-29 14:55:00,MCD,9.217524,"[6.230456829071045, -4.844571590423584, -1.4754143953323364]"
2024-07-29 14:55:00,MCD,9.092262,"[-0.9157307147979736, 5.586187362670898, -7.1819047927856445]"
2024-07-29 14:55:00,MCD,9.031467,"[6.55745267868042, -4.454598426818848, -3.3330283164978027]"
2024-07-29 14:55:00,MCD,9.094179,"[5.725322723388672, -3.4357101917266846, -3.6492886543273926]"
2024-07-29 14:55:00,MCD,9.466125,"[6.570505619049072, -8.436413764953613, 1.320232629776001]"
2024-07-29 14:55:00,MCD,9.618477,"[3.7614707946777344, -5.991753101348877, 3.6242496967315674]"
2024-07-29 14:55:00,MCD,10.071661,"[5.431174278259277, -2.479670524597168, -5.780889511108398]"
2024-07-29 14:55:00,MCD,11.218106,"[1.848434567451477, -1.6022709608078003, -4.3535637855529785]"
2024-07-30 07:45:44,MCD,10.401561,"[-2.901637077331543, 5.917410373687744, -5.972347259521484]"
2024-07-30 07:45:44,MCD,10.156104,"[3.8638789653778076, -1.5926836729049683, -5.509065628051758]"
2024-07-30 07:45:44,MCD,9.644975,"[-4.543993949890137, 6.680124759674072, -3.6329421997070312]"
2024-07-30 07:45:44,MCD,10.023576,"[-1.2410410642623901, -4.294734477996826, 7.529609203338623]"
2024-07-30 07:45:44,MCD,9.277408,"[-7.676196575164795, 3.63561749458313, 5.396038055419922]"
2024-07-30 07:45:44,MCD,9.306973,"[-5.892279148101807, 8.199599266052246, -2.911660671234131]"
2024-07-30 07:45:44,MCD,9.290013,"[0.3447359800338745, 1.264569878578186, -2.7581751346588135]"
2024-07-30 07:45:44,MCD,8.886818,"[7.767269611358643, -6.078688621520996, -3.2294888496398926]"
2024-07-30 07:45:44,MCD,9.336204,"[6.247674942016602, -7.098371982574463, -2.8740646839141846]"
2024-07-30 07:45:44,MCD,10.2818985,"[9.178520202636719, -8.185818672180176, -3.8595848083496094]"
2024-07-30 07:45:44,MCD,9.513958,"[7.564029216766357, -5.323802471160889, -2.409749984741211]"
2024-07-30 07:45:44,MCD,10.121913,"[2.9881510734558105, -5.15452241897583, -1.4500986337661743]"
2024-07-30 07:45:44,MCD,9.630891,"[5.013726234436035, -4.186927318572998, 0.10125191509723663]"
2024-07-30 07:45:44,MCD,9.249113,"[-2.8264386653900146, 7.136206150054932, -7.365882396697998]"
2024-07-30 07:45:44,MCD,9.1420765,"[-0.5255511403083801, 5.679527282714844, -7.923130989074707]"
2024-07-30 07:45:44,MCD,11.218106,"[1.848434567451477, -1.6022709608078003, -4.3535637855529785]"
2024-07-30 13:26:56,MCD,9.469705,"[-5.198315143585205, -3.7172975540161133, 13.07430648803711]"
2024-07-30 13:26:56,MCD,9.80621,"[-4.695560932159424, -2.7575135231018066, 12.44865608215332]"
2024-07-30 13:26:56,MCD,9.759958,"[-3.7215044498443604, -2.6034183502197266, 8.367192268371582]"
2024-07-30 13:26:56,MCD,9.417183,"[-4.973870277404785, 10.087526321411133, -6.543831825256348]"
2024-07-30 13:26:56,MCD,9.279959,"[-0.06906349956989288, 3.965240240097046, -6.820312023162842]"
2024-07-30 13:26:56,MCD,10.115776,"[2.956357717514038, -0.3824169933795929, -6.211754322052002]"
2024-07-30 13:26:56,MCD,8.588551,"[7.1819634437561035, -6.991020679473877, -2.527070999145508]"
2024-07-30 13:26:56,MCD,11.148693,"[2.2047033309936523, -3.21159291267395, -1.5723212957382202]"
2024-07-30 13:26:56,MCD,9.630891,"[5.013726234436035, -4.186927318572998, 0.10125191509723663]"
2024-07-30 13:26:56,MCD,9.249113,"[-2.8264386653900146, 7.136206150054932, -7.365882396697998]"
2024-07-30 13:26:56,MCD,9.1420765,"[-0.5255511403083801, 5.679527282714844, -7.923130989074707]"
2024-07-30 13:26:56,MCD,11.218106,"[1.848434567451477, -1.6022709608078003, -4.3535637855529785]"
2024-08-01 15:34:00,MCD,9.335732,"[3.304565191268921, 1.3400572538375854, -6.300769329071045]"
2024-08-01 15:34:00,MCD,8.538065,"[7.4002299308776855, -6.0687432289123535, -3.308053731918335]"
2024-08-01 15:34:00,MCD,9.835962,"[4.798973083496094, -5.50200080871582, -2.50998592376709]"
2024-08-01 15:34:00,MCD,11.218106,"[1.848434567451477, -1.6022709608078003, -4.3535637855529785]"
2024-08-01 15:34:00,MCD,9.835962,"[4.798973083496094, -5.50200080871582, -2.50998592376709]"
2024-08-01 15:34:00,MCD,11.218106,"[1.848434567451477, -1.6022709608078003, -4.3535637855529785]"
2024-08-01 15:34:00,MCD,8.838867,"[8.532081604003906, -5.883473873138428, -3.245513916015625]"
2024-08-01 15:34:00,MCD,9.585106,"[2.857837200164795, -2.01676607131958, -0.17568987607955933]"
2024-08-01 15:34:00,MCD,10.117953,"[2.7887375354766846, -3.304792642593384, -3.5668649673461914]"
2024-08-01 15:34:00,MCD,11.025759,"[3.951741933822632, -3.880798101425171, -3.3005805015563965]"
2024-08-01 15:34:00,MCD,9.435831,"[4.529792785644531, -4.696249008178711, -1.882466197013855]"
2024-08-01 15:34:00,MCD,10.95726,"[5.848580837249756, -5.483577251434326, -3.781798839569092]"
2024-08-01 15:34:00,MCD,11.218106,"[1.848434567451477, -1.6022709608078003, -4.3535637855529785]"
2024-08-01 15:34:00,MCD,9.676691,"[8.069674491882324, -5.779054641723633, -5.141909599304199]"
2024-08-01 15:34:00,MCD,11.218106,"[1.848434567451477, -1.6022709608078003, -4.3535637855529785]"
2024-08-01 15:34:00,MCD,11.218106,"[1.848434567451477, -1.6022709608078003, -4.3535637855529785]"
2024-08-01 15:34:00,MCD,11.218106,"[1.848434567451477, -1.6022709608078003, -4.3535637855529785]"
2024-08-01 15:34:00,MCD,9.274677,"[-4.566003322601318, 8.833878517150879, -8.185059547424316]"
2024-08-01 15:34:00,MCD,11.218106,"[1.848434567451477, -1.6022709608078003, -4.3535637855529785]"
2024-08-01 15:34:00,MCD,11.218106,"[1.848434567451477, -1.6022709608078003, -4.3535637855529785]"
2024-08-01 15:34:00,MCD,11.218106,"[1.848434567451477, -1.6022709608078003, -4.3535637855529785]"
2024-08-01 15:34:00,MCD,10.462203,"[4.674453258514404, -5.219736099243164, -2.6967506408691406]"
2024-08-01 15:34:00,MCD,11.218106,"[1.848434567451477, -1.6022709608078003, -4.3535637855529785]"
2024-08-01 15:34:00,MCD,11.218106,"[1.848434567451477, -1.6022709608078003, -4.3535637855529785]"
2024-08-01 15:34:00,MCD,9.649613,"[4.862388610839844, -5.430400848388672, -3.9372611045837402]"
2024-08-01 15:34:00,MCD,11.218106,"[1.848434567451477, -1.6022709608078003, -4.3535637855529785]"
2024-08-01 15:34:00,MCD,11.218106,"[1.848434567451477, -1.6022709608078003, -4.3535637855529785]"
2024-08-01 15:34:00,MCD,11.218106,"[1.848434567451477, -1.6022709608078003, -4.3535637855529785]"
2024-08-01 15:34:00,MCD,9.435831,"[4.529792785644531, -4.696249008178711, -1.882466197013855]"
2024-08-01 15:34:00,MCD,11.218106,"[1.848434567451477, -1.6022709608078003, -4.3535637855529785]"
2024-08-01 15:34:00,MCD,11.218106,"[1.848434567451477, -1.6022709608078003, -4.3535637855529785]"
2024-08-01 15:34:00,MCD,11.218106,"[1.848434567451477, -1.6022709608078003, -4.3535637855529785]"
2024-08-01 15:34:00,MCD,10.114595,"[3.118586301803589, -5.5191264152526855, -1.3650901317596436]"
2024-08-01 15:34:00,MCD,11.218106,"[1.848434567451477, -1.6022709608078003, -4.3535637855529785]"
2024-08-01 15:34:00,MCD,9.030899,"[-7.549448490142822, 12.369056701660156, -6.449118614196777]"
2024-08-01 15:34:00,MCD,9.653617,"[-6.069750785827637, 10.819207191467285, -6.918094635009766]"
2024-08-01 15:34:00,MCD,11.218106,"[1.848434567451477, -1.6022709608078003, -4.3535637855529785]"
2024-08-01 15:34:00,MCD,8.740304,"[6.860935688018799, -5.575239658355713, -4.287761688232422]"
2024-08-01 15:34:00,MCD,11.218106,"[1.848434567451477, -1.6022709608078003, -4.3535637855529785]"
2024-08-01 15:34:00,MCD,9.564913,"[-5.419404029846191, -2.6803603172302246, 12.330156326293945]"
2024-08-01 15:34:00,MCD,9.759715,"[-4.620027542114258, 6.356083869934082, -4.679375648498535]"
2024-08-01 15:34:00,MCD,9.798369,"[1.1837116479873657, -1.5515975952148438, -3.032205104827881]"
2024-08-01 15:34:00,MCD,9.36337,"[6.792569637298584, -4.549474239349365, -4.753777503967285]"
2024-08-01 15:34:00,MCD,8.642666,"[6.955590724945068, -5.255934238433838, -3.748802661895752]"
2024-08-01 15:34:00,MCD,9.339193,"[-0.8584675788879395, 4.397374629974365, -5.491813659667969]"
2024-08-01 15:34:00,MCD,9.417275,"[-4.696813106536865, -2.803960084915161, 11.49193286895752]"
2024-08-01 15:34:00,MCD,9.600976,"[-5.296140670776367, -2.6210975646972656, 12.832488059997559]"
2024-08-01 15:34:00,MCD,9.405577,"[-7.619162082672119, 12.049240112304688, -6.426048278808594]"
2024-08-01 15:34:00,MCD,9.088391,"[-7.160007953643799, 12.184335708618164, -7.174236297607422]"
2024-08-01 15:34:00,MCD,9.215076,"[-5.190423011779785, -2.9659180641174316, 12.839632987976074]"
2024-08-01 15:34:00,MCD,9.607348,"[-5.260145664215088, -2.438206434249878, 12.268728256225586]"
2024-08-01 15:34:00,MCD,8.987744,"[5.45654821395874, -5.616342067718506, -4.487834453582764]"
2024-08-01 15:34:00,MCD,8.072856,"[5.039523601531982, -5.0388288497924805, -3.965672492980957]"
2024-08-01 15:34:00,MCD,8.411727,"[5.812736988067627, -5.57614278793335, -3.9399397373199463]"
2024-08-01 15:34:00,MCD,8.808479,"[5.57559061050415, -5.66077184677124, -3.4832324981689453]"
2024-08-01 15:34:00,MCD,10.239571,"[-7.048573970794678, 11.794663429260254, -5.735219955444336]"
2024-08-01 15:34:00,MCD,9.194411,"[-4.429555416107178, 9.9126615524292, -6.950879096984863]"
2024-08-01 15:34:00,MCD,9.129887,"[4.717052459716797, -3.495614528656006, -2.6977462768554688]"
2024-08-01 15:34:00,MCD,9.108587,"[4.450185298919678, -4.3427042961120605, -1.52261483669281]"
2024-08-01 15:34:00,MCD,9.141511,"[5.849140644073486, -2.2209832668304443, -3.267655849456787]"
2024-08-01 15:34:00,MCD,9.217524,"[6.230456829071045, -4.844571590423584, -1.4754143953323364]"
2024-08-01 15:34:00,MCD,9.092262,"[-0.9157307147979736, 5.586187362670898, -7.1819047927856445]"
2024-08-01 15:34:00,MCD,9.031467,"[6.55745267868042, -4.454598426818848, -3.3330283164978027]"
2024-08-01 15:34:00,MCD,9.094179,"[5.725322723388672, -3.4357101917266846, -3.6492886543273926]"
2024-08-01 15:34:00,MCD,9.466125,"[6.570505619049072, -8.436413764953613, 1.320232629776001]"
2024-08-01 15:34:00,MCD,9.618477,"[3.7614707946777344, -5.991753101348877, 3.6242496967315674]"
2024-08-01 15:34:00,MCD,10.071661,"[5.431174278259277, -2.479670524597168, -5.780889511108398]"
2024-08-01 15:34:00,MCD,11.218106,"[1.848434567451477, -1.6022709608078003, -4.3535637855529785]"
2024-08-02 12:34:00,MCD,9.335732,"[3.304565191268921, 1.3400572538375854, -6.300769329071045]"
2024-08-02 12:34:00,MCD,8.538065,"[7.4002299308776855, -6.0687432289123535, -3.308053731918335]"
2024-08-02 12:34:00,MCD,9.835962,"[4.798973083496094, -5.50200080871582, -2.50998592376709]"
2024-08-02 12:34:00,MCD,11.218106,"[1.848434567451477, -1.6022709608078003, -4.3535637855529785]"
2024-08-02 12:34:00,MCD,9.835962,"[4.798973083496094, -5.50200080871582, -2.50998592376709]"
2024-08-02 12:34:00,MCD,11.218106,"[1.848434567451477, -1.6022709608078003, -4.3535637855529785]"
2024-08-02 12:34:00,MCD,8.838867,"[8.532081604003906, -5.883473873138428, -3.245513916015625]"
2024-08-02 12:34:00,MCD,9.585106,"[2.857837200164795, -2.01676607131958, -0.17568987607955933]"
2024-08-02 12:34:00,MCD,10.117953,"[2.7887375354766846, -3.304792642593384, -3.5668649673461914]"
2024-08-02 12:34:00,MCD,8.601694,"[3.6865463256835938, -3.3298282623291016, -3.6140620708465576]"
2024-08-02 12:34:00,MCD,9.435831,"[4.529792785644531, -4.696249008178711, -1.882466197013855]"
2024-08-02 12:34:00,MCD,11.089491,"[5.842397212982178, -4.9135589599609375, -4.108785152435303]"
2024-08-02 12:34:00,MCD,11.218106,"[1.848434567451477, -1.6022709608078003, -4.3535637855529785]"
2024-08-02 12:34:00,MCD,9.693969,"[7.674549579620361, -5.474175930023193, -5.094189643859863]"
2024-08-02 12:34:00,MCD,11.218106,"[1.848434567451477, -1.6022709608078003, -4.3535637855529785]"
2024-08-02 12:34:00,MCD,11.218106,"[1.848434567451477, -1.6022709608078003, -4.3535637855529785]"
2024-08-02 12:34:00,MCD,11.218106,"[1.848434567451477, -1.6022709608078003, -4.3535637855529785]"
2024-08-02 12:34:00,MCD,9.274677,"[-4.566003322601318, 8.833878517150879, -8.185059547424316]"
2024-08-02 12:34:00,MCD,11.218106,"[1.848434567451477, -1.6022709608078003, -4.3535637855529785]"
2024-08-02 12:34:00,MCD,11.218106,"[1.848434567451477, -1.6022709608078003, -4.3535637855529785]"
2024-08-02 12:34:00,MCD,11.218106,"[1.848434567451477, -1.6022709608078003, -4.3535637855529785]"
2024-08-02 12:34:00,MCD,10.462203,"[4.674453258514404, -5.219736099243164, -2.6967506408691406]"
2024-08-02 12:34:00,MCD,11.218106,"[1.848434567451477, -1.6022709608078003, -4.3535637855529785]"
2024-08-02 12:34:00,MCD,11.218106,"[1.848434567451477, -1.6022709608078003, -4.3535637855529785]"
2024-08-02 12:34:00,MCD,9.649613,"[4.862388610839844, -5.430400848388672, -3.9372611045837402]"
2024-08-02 12:34:00,MCD,11.218106,"[1.848434567451477, -1.6022709608078003, -4.3535637855529785]"
2024-08-02 12:34:00,MCD,11.218106,"[1.848434567451477, -1.6022709608078003, -4.3535637855529785]"
2024-08-02 12:34:00,MCD,11.218106,"[1.848434567451477, -1.6022709608078003, -4.3535637855529785]"
2024-08-02 12:34:00,MCD,9.435831,"[4.529792785644531, -4.696249008178711, -1.882466197013855]"
2024-08-02 12:34:00,MCD,11.218106,"[1.848434567451477, -1.6022709608078003, -4.3535637855529785]"
2024-08-02 12:34:00,MCD,11.218106,"[1.848434567451477, -1.6022709608078003, -4.3535637855529785]"
2024-08-02 12:34:00,MCD,11.218106,"[1.848434567451477, -1.6022709608078003, -4.3535637855529785]"
2024-08-02 12:34:00,MCD,10.114595,"[3.118586301803589, -5.5191264152526855, -1.3650901317596436]"
2024-08-02 12:34:00,MCD,11.218106,"[1.848434567451477, -1.6022709608078003, -4.3535637855529785]"
2024-08-02 12:34:00,MCD,9.276159,"[-7.25097131729126, 3.3610610961914062, 5.604066371917725]"
2024-08-02 12:34:00,MCD,9.4338665,"[-5.59915828704834, -0.6567215323448181, 8.29544448852539]"
2024-08-02 12:34:00,MCD,11.218106,"[1.848434567451477, -1.6022709608078003, -4.3535637855529785]"
2024-08-02 12:34:00,MCD,11.218106,"[1.848434567451477, -1.6022709608078003, -4.3535637855529785]"
2024-08-02 12:34:00,MCD,8.241482,"[5.03688907623291, -1.6832994222640991, -6.019960403442383]"
2024-08-02 12:34:00,MCD,11.218106,"[1.848434567451477, -1.6022709608078003, -4.3535637855529785]"
2024-08-02 12:34:00,MCD,9.372187,"[-5.553176403045654, 9.045376777648926, -7.491225719451904]"
2024-08-02 12:34:00,MCD,9.149102,"[-6.070357799530029, 9.592368125915527, -5.955680847167969]"
2024-08-02 12:34:00,MCD,9.33478,"[-0.8837714195251465, -1.5793639421463013, 0.3145684599876404]"
2024-08-02 12:34:00,MCD,9.464098,"[7.840053558349609, -5.389694690704346, -5.825029373168945]"
2024-08-02 12:34:00,MCD,9.431564,"[6.031627655029297, -3.5938572883605957, -5.383480072021484]"
2024-08-02 12:34:00,MCD,9.284811,"[-2.677894115447998, 5.350501537322998, -4.718674182891846]"
2024-08-02 12:34:00,MCD,9.20994,"[-6.808931827545166, 3.4688544273376465, 3.48203706741333]"
2024-08-02 12:34:00,MCD,8.987744,"[5.45654821395874, -5.616342067718506, -4.487834453582764]"
2024-08-02 12:34:00,MCD,8.072856,"[5.039523601531982, -5.0388288497924805, -3.965672492980957]"
2024-08-02 12:34:00,MCD,8.411727,"[5.812736988067627, -5.57614278793335, -3.9399397373199463]"
2024-08-02 12:34:00,MCD,8.49796,"[5.365001678466797, -5.864157199859619, -4.187981605529785]"
2024-08-02 12:34:00,MCD,10.239571,"[-7.048573970794678, 11.794663429260254, -5.735219955444336]"
2024-08-02 12:34:00,MCD,9.194411,"[-4.429555416107178, 9.9126615524292, -6.950879096984863]"
2024-08-02 12:34:00,MCD,9.129887,"[4.717052459716797, -3.495614528656006, -2.6977462768554688]"
2024-08-02 12:34:00,MCD,9.108587,"[4.450185298919678, -4.3427042961120605, -1.52261483669281]"
2024-08-02 12:34:00,MCD,9.141511,"[5.849140644073486, -2.2209832668304443, -3.267655849456787]"
2024-08-02 12:34:00,MCD,9.217524,"[6.230456829071045, -4.844571590423584, -1.4754143953323364]"
2024-08-02 12:34:00,MCD,9.092262,"[-0.9157307147979736, 5.586187362670898, -7.1819047927856445]"
2024-08-02 12:34:00,MCD,9.031467,"[6.55745267868042, -4.454598426818848, -3.3330283164978027]"
2024-08-02 12:34:00,MCD,9.094179,"[5.725322723388672, -3.4357101917266846, -3.6492886543273926]"
2024-08-02 12:34:00,MCD,9.466125,"[6.570505619049072, -8.436413764953613, 1.320232629776001]"
2024-08-02 12:34:00,MCD,9.618477,"[3.7614707946777344, -5.991753101348877, 3.6242496967315674]"
2024-08-02 12:34:00,MCD,10.071661,"[5.431174278259277, -2.479670524597168, -5.780889511108398]"
2024-08-02 12:34:00,MCD,11.218106,"[1.848434567451477, -1.6022709608078003, -4.3535637855529785]"
2024-08-02 12:37:00,MCD,9.335732,"[3.304565191268921, 1.3400572538375854, -6.300769329071045]"
2024-08-02 12:37:00,MCD,8.538065,"[7.4002299308776855, -6.0687432289123535, -3.308053731918335]"
2024-08-02 12:37:00,MCD,9.835962,"[4.798973083496094, -5.50200080871582, -2.50998592376709]"
2024-08-02 12:37:00,MCD,11.218106,"[1.848434567451477, -1.6022709608078003, -4.3535637855529785]"
2024-08-02 12:37:00,MCD,9.835962,"[4.798973083496094, -5.50200080871582, -2.50998592376709]"
2024-08-02 12:37:00,MCD,11.218106,"[1.848434567451477, -1.6022709608078003, -4.3535637855529785]"
2024-08-02 12:37:00,MCD,8.838867,"[8.532081604003906, -5.883473873138428, -3.245513916015625]"
2024-08-02 12:37:00,MCD,9.585106,"[2.857837200164795, -2.01676607131958, -0.17568987607955933]"
2024-08-02 12:37:00,MCD,10.117953,"[2.7887375354766846, -3.304792642593384, -3.5668649673461914]"
2024-08-02 12:37:00,MCD,8.601694,"[3.6865463256835938, -3.3298282623291016, -3.6140620708465576]"
2024-08-02 12:37:00,MCD,9.435831,"[4.529792785644531, -4.696249008178711, -1.882466197013855]"
2024-08-02 12:37:00,MCD,11.089491,"[5.842397212982178, -4.9135589599609375, -4.108785152435303]"
2024-08-02 12:37:00,MCD,11.218106,"[1.848434567451477, -1.6022709608078003, -4.3535637855529785]"
2024-08-02 12:37:00,MCD,9.782222,"[7.401910305023193, -5.120564937591553, -4.847293376922607]"
2024-08-02 12:37:00,MCD,11.218106,"[1.848434567451477, -1.6022709608078003, -4.3535637855529785]"
2024-08-02 12:37:00,MCD,11.218106,"[1.848434567451477, -1.6022709608078003, -4.3535637855529785]"
2024-08-02 12:37:00,MCD,11.218106,"[1.848434567451477, -1.6022709608078003, -4.3535637855529785]"
2024-08-02 12:37:00,MCD,9.274677,"[-4.566003322601318, 8.833878517150879, -8.185059547424316]"
2024-08-02 12:37:00,MCD,11.218106,"[1.848434567451477, -1.6022709608078003, -4.3535637855529785]"
2024-08-02 12:37:00,MCD,11.218106,"[1.848434567451477, -1.6022709608078003, -4.3535637855529785]"
2024-08-02 12:37:00,MCD,11.218106,"[1.848434567451477, -1.6022709608078003, -4.3535637855529785]"
2024-08-02 12:37:00,MCD,10.462203,"[4.674453258514404, -5.219736099243164, -2.6967506408691406]"
2024-08-02 12:37:00,MCD,11.218106,"[1.848434567451477, -1.6022709608078003, -4.3535637855529785]"
2024-08-02 12:37:00,MCD,11.218106,"[1.848434567451477, -1.6022709608078003, -4.3535637855529785]"
2024-08-02 12:37:00,MCD,9.649613,"[4.862388610839844, -5.430400848388672, -3.9372611045837402]"
2024-08-02 12:37:00,MCD,11.218106,"[1.848434567451477, -1.6022709608078003, -4.3535637855529785]"
2024-08-02 12:37:00,MCD,11.218106,"[1.848434567451477, -1.6022709608078003, -4.3535637855529785]"
2024-08-02 12:37:00,MCD,11.218106,"[1.848434567451477, -1.6022709608078003, -4.3535637855529785]"
2024-08-02 12:37:00,MCD,9.435831,"[4.529792785644531, -4.696249008178711, -1.882466197013855]"
2024-08-02 12:37:00,MCD,11.218106,"[1.848434567451477, -1.6022709608078003, -4.3535637855529785]"
2024-08-02 12:37:00,MCD,11.218106,"[1.848434567451477, -1.6022709608078003, -4.3535637855529785]"
2024-08-02 12:37:00,MCD,11.218106,"[1.848434567451477, -1.6022709608078003, -4.3535637855529785]"
2024-08-02 12:37:00,MCD,10.114595,"[3.118586301803589, -5.5191264152526855, -1.3650901317596436]"
2024-08-02 12:37:00,MCD,11.218106,"[1.848434567451477, -1.6022709608078003, -4.3535637855529785]"
2024-08-02 12:37:00,MCD,9.326225,"[-7.424344062805176, 11.951268196105957, -6.093003273010254]"
2024-08-02 12:37:00,MCD,9.534132,"[6.151789665222168, -3.850358486175537, -6.106293678283691]"
2024-08-02 12:37:00,MCD,11.218106,"[1.848434567451477, -1.6022709608078003, -4.3535637855529785]"
2024-08-02 12:37:00,MCD,9.051765,"[6.1350836753845215, -2.8435909748077393, -4.162721157073975]"
2024-08-02 12:37:00,MCD,11.218106,"[1.848434567451477, -1.6022709608078003, -4.3535637855529785]"
2024-08-02 12:37:00,MCD,9.694968,"[-6.152353286743164, 10.590170860290527, -7.6689133644104]"
2024-08-02 12:37:00,MCD,9.779101,"[-3.154106855392456, 5.357434272766113, -6.686887264251709]"
2024-08-02 12:37:00,MCD,9.766474,"[7.296112537384033, -4.982395648956299, -4.8108015060424805]"
2024-08-02 12:37:00,MCD,9.665377,"[6.566080570220947, -4.870567798614502, -5.788397312164307]"
2024-08-02 12:37:00,MCD,9.7301,"[5.1248555183410645, -5.267172336578369, -2.7007479667663574]"
2024-08-02 12:37:00,MCD,9.266032,"[-1.509527564048767, 4.993836879730225, -6.416662693023682]"
2024-08-02 12:37:00,MCD,9.417217,"[-4.6664838790893555, -3.0596556663513184, 12.312816619873047]"
2024-08-02 12:37:00,MCD,9.600976,"[-5.296140670776367, -2.6210975646972656, 12.832488059997559]"
2024-08-02 12:37:00,MCD,9.405577,"[-7.619162082672119, 12.049240112304688, -6.426048278808594]"
2024-08-02 12:37:00,MCD,9.088391,"[-7.160007953643799, 12.184335708618164, -7.174236297607422]"
2024-08-02 12:37:00,MCD,9.192221,"[-5.244514465332031, -2.9216723442077637, 13.04307746887207]"
2024-08-02 12:37:00,MCD,9.670044,"[-5.096795558929443, -2.729912757873535, 12.299482345581055]"
2024-08-02 12:37:00,MCD,8.987744,"[5.45654821395874, -5.616342067718506, -4.487834453582764]"
2024-08-02 12:37:00,MCD,8.072856,"[5.039523601531982, -5.0388288497924805, -3.965672492980957]"
2024-08-02 12:37:00,MCD,8.411727,"[5.812736988067627, -5.57614278793335, -3.9399397373199463]"
2024-08-02 12:37:00,MCD,9.244358,"[5.08524751663208, -5.586546421051025, -3.7731738090515137]"
2024-08-02 12:37:00,MCD,10.239571,"[-7.048573970794678, 11.794663429260254, -5.735219955444336]"
2024-08-02 12:37:00,MCD,9.194411,"[-4.429555416107178, 9.9126615524292, -6.950879096984863]"
2024-08-02 12:37:00,MCD,9.129887,"[4.717052459716797, -3.495614528656006, -2.6977462768554688]"
2024-08-02 12:37:00,MCD,9.108587,"[4.450185298919678, -4.3427042961120605, -1.52261483669281]"
2024-08-02 12:37:00,MCD,9.141511,"[5.849140644073486, -2.2209832668304443, -3.267655849456787]"
2024-08-02 12:37:00,MCD,9.217524,"[6.230456829071045, -4.844571590423584, -1.4754143953323364]"
2024-08-02 12:37:00,MCD,9.092262,"[-0.9157307147979736, 5.586187362670898, -7.1819047927856445]"
2024-08-02 12:37:00,MCD,9.031467,"[6.55745267868042, -4.454598426818848, -3.3330283164978027]"
2024-08-02 12:37:00,MCD,9.094179,"[5.725322723388672, -3.4357101917266846, -3.6492886543273926]"
2024-08-02 12:37:00,MCD,9.466125,"[6.570505619049072, -8.436413764953613, 1.320232629776001]"
2024-08-02 12:37:00,MCD,9.618477,"[3.7614707946777344, -5.991753101348877, 3.6242496967315674]"
2024-08-02 12:37:00,MCD,10.071661,"[5.431174278259277, -2.479670524597168, -5.780889511108398]"
2024-08-02 12:37:00,MCD,11.218106,"[1.848434567451477, -1.6022709608078003, -4.3535637855529785]"
2024-08-02 13:25:00,MCD,9.335732,"[3.304565191268921, 1.3400572538375854, -6.300769329071045]"
2024-08-02 13:25:00,MCD,8.538065,"[7.4002299308776855, -6.0687432289123535, -3.308053731918335]"
2024-08-02 13:25:00,MCD,9.835962,"[4.798973083496094, -5.50200080871582, -2.50998592376709]"
2024-08-02 13:25:00,MCD,11.218106,"[1.848434567451477, -1.6022709608078003, -4.3535637855529785]"
2024-08-02 13:25:00,MCD,9.835962,"[4.798973083496094, -5.50200080871582, -2.50998592376709]"
2024-08-02 13:25:00,MCD,11.218106,"[1.848434567451477, -1.6022709608078003, -4.3535637855529785]"
2024-08-02 13:25:00,MCD,8.838867,"[8.532081604003906, -5.883473873138428, -3.245513916015625]"
2024-08-02 13:25:00,MCD,9.585106,"[2.857837200164795, -2.01676607131958, -0.17568987607955933]"
2024-08-02 13:25:00,MCD,10.117953,"[2.7887375354766846, -3.304792642593384, -3.5668649673461914]"
2024-08-02 13:25:00,MCD,8.601694,"[3.6865463256835938, -3.3298282623291016, -3.6140620708465576]"
2024-08-02 13:25:00,MCD,9.435831,"[4.529792785644531, -4.696249008178711, -1.882466197013855]"
2024-08-02 13:25:00,MCD,11.089491,"[5.842397212982178, -4.9135589599609375, -4.108785152435303]"
2024-08-02 13:25:00,MCD,11.218106,"[1.848434567451477, -1.6022709608078003, -4.3535637855529785]"
2024-08-02 13:25:00,MCD,9.637857,"[7.550648212432861, -5.217816352844238, -4.553857326507568]"
2024-08-02 13:25:00,MCD,11.218106,"[1.848434567451477, -1.6022709608078003, -4.3535637855529785]"
2024-08-02 13:25:00,MCD,11.218106,"[1.848434567451477, -1.6022709608078003, -4.3535637855529785]"
2024-08-02 13:25:00,MCD,11.218106,"[1.848434567451477, -1.6022709608078003, -4.3535637855529785]"
2024-08-02 13:25:00,MCD,9.274677,"[-4.566003322601318, 8.833878517150879, -8.185059547424316]"
2024-08-02 13:25:00,MCD,11.218106,"[1.848434567451477, -1.6022709608078003, -4.3535637855529785]"
2024-08-02 13:25:00,MCD,11.218106,"[1.848434567451477, -1.6022709608078003, -4.3535637855529785]"
2024-08-02 13:25:00,MCD,11.218106,"[1.848434567451477, -1.6022709608078003, -4.3535637855529785]"
2024-08-02 13:25:00,MCD,10.265869,"[5.20926570892334, -3.6265063285827637, -3.4261796474456787]"
2024-08-02 13:25:00,MCD,11.218106,"[1.848434567451477, -1.6022709608078003, -4.3535637855529785]"
2024-08-02 13:25:00,MCD,11.218106,"[1.848434567451477, -1.6022709608078003, -4.3535637855529785]"
2024-08-02 13:25:00,MCD,9.649613,"[4.862388610839844, -5.430400848388672, -3.9372611045837402]"
2024-08-02 13:25:00,MCD,11.218106,"[1.848434567451477, -1.6022709608078003, -4.3535637855529785]"
2024-08-02 13:25:00,MCD,11.218106,"[1.848434567451477, -1.6022709608078003, -4.3535637855529785]"
2024-08-02 13:25:00,MCD,11.218106,"[1.848434567451477, -1.6022709608078003, -4.3535637855529785]"
2024-08-02 13:25:00,MCD,9.435831,"[4.529792785644531, -4.696249008178711, -1.882466197013855]"
2024-08-02 13:25:00,MCD,11.218106,"[1.848434567451477, -1.6022709608078003, -4.3535637855529785]"
2024-08-02 13:25:00,MCD,11.218106,"[1.848434567451477, -1.6022709608078003, -4.3535637855529785]"
2024-08-02 13:25:00,MCD,11.218106,"[1.848434567451477, -1.6022709608078003, -4.3535637855529785]"
2024-08-02 13:25:00,MCD,9.8515,"[4.219760894775391, -3.501943588256836, -2.592364549636841]"
2024-08-02 13:25:00,MCD,11.218106,"[1.848434567451477, -1.6022709608078003, -4.3535637855529785]"
2024-08-02 13:25:00,MCD,8.641359,"[9.151803970336914, -4.589659214019775, -5.105527877807617]"
2024-08-02 13:25:00,MCD,9.245877,"[5.508834362030029, -3.9907121658325195, -4.5521674156188965]"
2024-08-02 13:25:00,MCD,8.87528,"[-4.650211811065674, 7.256232738494873, -5.643166542053223]"
2024-08-02 13:25:00,MCD,10.749196,"[4.205432415008545, -4.831989765167236, -2.71978497505188]"
2024-08-02 13:25:00,MCD,10.439759,"[4.803884983062744, -3.7777140140533447, -2.8252577781677246]"
2024-08-02 13:25:00,MCD,9.84111,"[5.639997959136963, -4.946305274963379, -2.9705357551574707]"
2024-08-02 13:25:00,MCD,8.920997,"[0.9220885634422302, -2.960495948791504, -1.7357312440872192]"
2024-08-02 13:25:00,MCD,10.3738365,"[2.6372478008270264, -3.237220048904419, -3.584207534790039]"
2024-08-02 13:25:00,MCD,8.81265,"[6.246939659118652, -5.438817501068115, -2.8860678672790527]"
2024-08-02 13:25:00,MCD,8.179145,"[5.178717136383057, -5.432408809661865, -3.849822998046875]"
2024-08-02 13:25:00,MCD,8.072856,"[5.039523601531982, -5.0388288497924805, -3.965672492980957]"
2024-08-02 13:25:00,MCD,8.807306,"[5.164620399475098, -5.1793599128723145, -3.9455997943878174]"
2024-08-02 13:25:00,MCD,8.440532,"[5.51481294631958, -5.528656959533691, -3.455207347869873]"
2024-08-02 13:25:00,MCD,10.239571,"[-7.048573970794678, 11.794663429260254, -5.735219955444336]"
2024-08-02 13:25:00,MCD,9.194411,"[-4.429555416107178, 9.9126615524292, -6.950879096984863]"
2024-08-02 13:25:00,MCD,9.129887,"[4.717052459716797, -3.495614528656006, -2.6977462768554688]"
2024-08-02 13:25:00,MCD,9.108587,"[4.450185298919678, -4.3427042961120605, -1.52261483669281]"
2024-08-02 13:25:00,MCD,9.141511,"[5.849140644073486, -2.2209832668304443, -3.267655849456787]"
2024-08-02 13:25:00,MCD,9.217524,"[6.230456829071045, -4.844571590423584, -1.4754143953323364]"
2024-08-02 13:25:00,MCD,9.092262,"[-0.9157307147979736, 5.586187362670898, -7.1819047927856445]"
2024-08-02 13:25:00,MCD,9.031467,"[6.55745267868042, -4.454598426818848, -3.3330283164978027]"
2024-08-02 13:25:00,MCD,9.094179,"[5.725322723388672, -3.4357101917266846, -3.6492886543273926]"
2024-08-02 13:25:00,MCD,9.466125,"[6.570505619049072, -8.436413764953613, 1.320232629776001]"
2024-08-02 13:25:00,MCD,9.618477,"[3.7614707946777344, -5.991753101348877, 3.6242496967315674]"
2024-08-02 13:25:00,MCD,10.071661,"[5.431174278259277, -2.479670524597168, -5.780889511108398]"
2024-08-02 13:25:00,MCD,11.218106,"[1.848434567451477, -1.6022709608078003, -4.3535637855529785]"
2024-08-03 13:58:56,MCD,9.472069,"[3.3206498622894287, -5.400521278381348, 0.953402042388916]"
2024-08-03 13:58:56,MCD,11.871638,"[7.1690778732299805, -6.618923664093018, -2.8216280937194824]"
2024-08-03 13:58:56,MCD,9.256497,"[7.65207576751709, -6.533320903778076, -2.3610899448394775]"
2024-08-03 13:58:56,MCD,10.944428,"[7.987707614898682, -5.083519458770752, -4.393339157104492]"
2024-08-03 13:58:56,MCD,11.218106,"[1.848434567451477, -1.6022709608078003, -4.3535637855529785]"
2024-08-15 13:10:00,MCD,9.335732,"[3.304565191268921, 1.3400572538375854, -6.300769329071045]"
2024-08-15 13:10:00,MCD,8.538065,"[7.4002299308776855, -6.0687432289123535, -3.308053731918335]"
2024-08-15 13:10:00,MCD,9.835962,"[4.798973083496094, -5.50200080871582, -2.50998592376709]"
2024-08-15 13:10:00,MCD,11.218106,"[1.848434567451477, -1.6022709608078003, -4.3535637855529785]"
2024-08-15 13:10:00,MCD,9.835962,"[4.798973083496094, -5.50200080871582, -2.50998592376709]"
2024-08-15 13:10:00,MCD,11.218106,"[1.848434567451477, -1.6022709608078003, -4.3535637855529785]"
2024-08-15 13:10:00,MCD,8.838867,"[8.532081604003906, -5.883473873138428, -3.245513916015625]"
2024-08-15 13:10:00,MCD,9.585106,"[2.857837200164795, -2.01676607131958, -0.17568987607955933]"
2024-08-15 13:10:00,MCD,10.117953,"[2.7887375354766846, -3.304792642593384, -3.5668649673461914]"
2024-08-15 13:10:00,MCD,8.601694,"[3.6865463256835938, -3.3298282623291016, -3.6140620708465576]"
2024-08-15 13:10:00,MCD,9.435831,"[4.529792785644531, -4.696249008178711, -1.882466197013855]"
2024-08-15 13:10:00,MCD,11.691287,"[6.182969570159912, -5.0120391845703125, -4.07647705078125]"
2024-08-15 13:10:00,MCD,11.218106,"[1.848434567451477, -1.6022709608078003, -4.3535637855529785]"
2024-08-15 13:10:00,MCD,9.408581,"[7.553201675415039, -5.080624103546143, -4.9545512199401855]"
2024-08-15 13:10:00,MCD,11.218106,"[1.848434567451477, -1.6022709608078003, -4.3535637855529785]"
2024-08-15 13:10:00,MCD,11.218106,"[1.848434567451477, -1.6022709608078003, -4.3535637855529785]"
2024-08-15 13:10:00,MCD,11.218106,"[1.848434567451477, -1.6022709608078003, -4.3535637855529785]"
2024-08-15 13:10:00,MCD,9.274677,"[-4.566003322601318, 8.833878517150879, -8.185059547424316]"
2024-08-15 13:10:00,MCD,11.218106,"[1.848434567451477, -1.6022709608078003, -4.3535637855529785]"
2024-08-15 13:10:00,MCD,11.218106,"[1.848434567451477, -1.6022709608078003, -4.3535637855529785]"
2024-08-15 13:10:00,MCD,11.218106,"[1.848434567451477, -1.6022709608078003, -4.3535637855529785]"
2024-08-15 13:10:00,MCD,10.462203,"[4.674453258514404, -5.219736099243164, -2.6967506408691406]"
2024-08-15 13:10:00,MCD,11.218106,"[1.848434567451477, -1.6022709608078003, -4.3535637855529785]"
2024-08-15 13:10:00,MCD,11.218106,"[1.848434567451477, -1.6022709608078003, -4.3535637855529785]"
2024-08-15 13:10:00,MCD,9.649613,"[4.862388610839844, -5.430400848388672, -3.9372611045837402]"
2024-08-15 13:10:00,MCD,11.218106,"[1.848434567451477, -1.6022709608078003, -4.3535637855529785]"
2024-08-15 13:10:00,MCD,11.218106,"[1.848434567451477, -1.6022709608078003, -4.3535637855529785]"
2024-08-15 13:10:00,MCD,11.218106,"[1.848434567451477, -1.6022709608078003, -4.3535637855529785]"
2024-08-15 13:10:00,MCD,9.435831,"[4.529792785644531, -4.696249008178711, -1.882466197013855]"
2024-08-15 13:10:00,MCD,11.218106,"[1.848434567451477, -1.6022709608078003, -4.3535637855529785]"
2024-08-15 13:10:00,MCD,11.218106,"[1.848434567451477, -1.6022709608078003, -4.3535637855529785]"
2024-08-15 13:10:00,MCD,11.218106,"[1.848434567451477, -1.6022709608078003, -4.3535637855529785]"
2024-08-15 13:10:00,MCD,10.114595,"[3.118586301803589, -5.5191264152526855, -1.3650901317596436]"
2024-08-15 13:10:00,MCD,11.218106,"[1.848434567451477, -1.6022709608078003, -4.3535637855529785]"
2024-08-15 13:10:00,MCD,9.178075,"[-6.974636554718018, 10.446635246276855, -5.152388572692871]"
2024-08-15 13:10:00,MCD,9.193123,"[-6.831343650817871, 11.82982349395752, -6.320103168487549]"
2024-08-15 13:10:00,MCD,9.206595,"[-3.6341559886932373, 1.332750916481018, 1.7829705476760864]"
2024-08-15 13:10:00,MCD,9.020869,"[-7.818013668060303, 12.496843338012695, -6.369565010070801]"
2024-08-15 13:10:00,MCD,7.953363,"[5.4404778480529785, -5.720686435699463, -3.8487870693206787]"
2024-08-15 13:10:00,MCD,8.072856,"[5.039523601531982, -5.0388288497924805, -3.965672492980957]"
2024-08-15 13:10:00,MCD,8.088359,"[6.092026710510254, -6.499086856842041, -3.8141655921936035]"
2024-08-15 13:10:00,MCD,9.244358,"[5.08524751663208, -5.586546421051025, -3.7731738090515137]"
2024-08-15 13:10:00,MCD,10.239571,"[-7.048573970794678, 11.794663429260254, -5.735219955444336]"
2024-08-15 13:10:00,MCD,9.194411,"[-4.429555416107178, 9.9126615524292, -6.950879096984863]"
2024-08-15 13:10:00,MCD,9.129887,"[4.717052459716797, -3.495614528656006, -2.6977462768554688]"
2024-08-15 13:10:00,MCD,9.108587,"[4.450185298919678, -4.3427042961120605, -1.52261483669281]"
2024-08-15 13:10:00,MCD,9.141511,"[5.849140644073486, -2.2209832668304443, -3.267655849456787]"
2024-08-15 13:10:00,MCD,9.217524,"[6.230456829071045, -4.844571590423584, -1.4754143953323364]"
2024-08-15 13:10:00,MCD,9.092262,"[-0.9157307147979736, 5.586187362670898, -7.1819047927856445]"
2024-08-15 13:10:00,MCD,9.031467,"[6.55745267868042, -4.454598426818848, -3.3330283164978027]"
2024-08-15 13:10:00,MCD,9.094179,"[5.725322723388672, -3.4357101917266846, -3.6492886543273926]"
2024-08-15 13:10:00,MCD,9.466125,"[6.570505619049072, -8.436413764953613, 1.320232629776001]"
2024-08-15 13:10:00,MCD,9.618477,"[3.7614707946777344, -5.991753101348877, 3.6242496967315674]"
2024-08-15 13:10:00,MCD,10.071661,"[5.431174278259277, -2.479670524597168, -5.780889511108398]"
2024-08-15 13:10:00,MCD,11.218106,"[1.848434567451477, -1.6022709608078003, -4.3535637855529785]"
2024-08-20 10:48:09,MCD,9.072911,"[-1.6846970319747925, 1.1945531368255615, -0.20609793066978455]"
2024-08-20 10:48:09,MCD,9.894509,"[-5.806239604949951, 3.016258716583252, 2.9735677242279053]"
2024-08-20 10:48:09,MCD,9.930795,"[-4.14084005355835, 7.720320224761963, -5.055998802185059]"
2024-08-20 10:48:09,MCD,9.652609,"[5.517240047454834, -7.209112644195557, -2.4402289390563965]"
2024-08-20 10:48:09,MCD,9.348613,"[-3.269927740097046, 2.5341744422912598, -0.6669691801071167]"
2024-08-20 10:48:09,MCD,9.654788,"[1.2006586790084839, 0.0404503270983696, -3.425321102142334]"
2024-08-20 10:48:09,MCD,10.086027,"[-0.41897743940353394, 2.9568095207214355, -4.482143402099609]"
2024-08-20 10:48:09,MCD,9.2024,"[-4.15731954574585, 8.980072975158691, -7.250329971313477]"
2024-08-20 10:48:09,MCD,9.842535,"[-6.474583148956299, 10.919472694396973, -5.6085004806518555]"
2024-08-20 10:48:09,MCD,9.426537,"[0.5352821350097656, -0.23125144839286804, -0.2617606520652771]"
2024-08-20 10:48:09,MCD,9.826818,"[1.1777024269104004, 1.8199715614318848, -4.739314079284668]"
2024-08-20 10:48:09,MCD,9.424297,"[-5.424858093261719, 9.027894020080566, -6.5456318855285645]"
2024-08-20 10:48:09,MCD,9.1329155,"[-3.6553151607513428, -1.6470986604690552, 9.272372245788574]"
2024-08-20 10:48:09,MCD,8.894868,"[5.788122177124023, -2.539915084838867, -5.026029109954834]"
2024-08-20 10:48:09,MCD,9.514899,"[-0.466102659702301, 0.906074583530426, -1.4551279544830322]"
2024-08-20 10:48:09,MCD,9.865723,"[5.293745040893555, -4.3842549324035645, -3.445282459259033]"
2024-08-20 10:48:09,MCD,9.302817,"[4.560506343841553, -4.524488925933838, -3.60903000831604]"
2024-08-20 10:48:09,MCD,11.273073,"[4.870275020599365, -4.866804122924805, -3.1017143726348877]"
2024-08-20 10:48:09,MCD,8.816911,"[7.052440643310547, -7.575230598449707, -2.9314534664154053]"
2024-08-20 10:48:09,MCD,10.393745,"[-4.871718883514404, 6.690899848937988, -3.5807747840881348]"
2024-08-20 10:48:09,MCD,9.047775,"[-0.8561986684799194, -1.5409480333328247, 1.3174858093261719]"
2024-08-20 10:48:09,MCD,9.605072,"[-0.9699773788452148, -0.4657798707485199, 0.5287237167358398]"
2024-08-20 10:48:09,MCD,10.121913,"[2.9881510734558105, -5.15452241897583, -1.4500986337661743]"
2024-08-20 10:48:09,MCD,10.940411,"[3.649860143661499, -2.9347169399261475, -4.27638053894043]"
2024-08-20 10:48:09,MCD,9.630891,"[5.013726234436035, -4.186927318572998, 0.10125191509723663]"
2024-08-20 10:48:09,MCD,9.249113,"[-2.8264386653900146, 7.136206150054932, -7.365882396697998]"
2024-08-20 10:48:09,MCD,9.1420765,"[-0.5255511403083801, 5.679527282714844, -7.923130989074707]"
2024-08-20 10:48:09,MCD,11.218106,"[1.848434567451477, -1.6022709608078003, -4.3535637855529785]"
2024-08-20 12:43:00,MCD,9.335732,"[3.304565191268921, 1.3400572538375854, -6.300769329071045]"
2024-08-20 12:43:00,MCD,8.538065,"[7.4002299308776855, -6.0687432289123535, -3.308053731918335]"
2024-08-20 12:43:00,MCD,9.835962,"[4.798973083496094, -5.50200080871582, -2.50998592376709]"
2024-08-20 12:43:00,MCD,11.218106,"[1.848434567451477, -1.6022709608078003, -4.3535637855529785]"
2024-08-20 12:43:00,MCD,9.835962,"[4.798973083496094, -5.50200080871582, -2.50998592376709]"
2024-08-20 12:43:00,MCD,11.218106,"[1.848434567451477, -1.6022709608078003, -4.3535637855529785]"
2024-08-20 12:43:00,MCD,8.838867,"[8.532081604003906, -5.883473873138428, -3.245513916015625]"
2024-08-20 12:43:00,MCD,9.585106,"[2.857837200164795, -2.01676607131958, -0.17568987607955933]"
2024-08-20 12:43:00,MCD,10.117953,"[2.7887375354766846, -3.304792642593384, -3.5668649673461914]"
2024-08-20 12:43:00,MCD,8.601694,"[3.6865463256835938, -3.3298282623291016, -3.6140620708465576]"
2024-08-20 12:43:00,MCD,11.443463,"[2.9776651859283447, -5.501959800720215, -1.9466966390609741]"
2024-08-20 12:43:00,MCD,10.863292,"[5.592111587524414, -4.632405757904053, -4.254061698913574]"
2024-08-20 12:43:00,MCD,11.218106,"[1.848434567451477, -1.6022709608078003, -4.3535637855529785]"
2024-08-20 12:43:00,MCD,9.613446,"[7.357293605804443, -5.439513683319092, -4.579396724700928]"
2024-08-20 12:43:00,MCD,11.218106,"[1.848434567451477, -1.6022709608078003, -4.3535637855529785]"
2024-08-20 12:43:00,MCD,11.218106,"[1.848434567451477, -1.6022709608078003, -4.3535637855529785]"
2024-08-20 12:43:00,MCD,11.218106,"[1.848434567451477, -1.6022709608078003, -4.3535637855529785]"
2024-08-20 12:43:00,MCD,9.274677,"[-4.566003322601318, 8.833878517150879, -8.185059547424316]"
2024-08-20 12:43:00,MCD,11.218106,"[1.848434567451477, -1.6022709608078003, -4.3535637855529785]"
2024-08-20 12:43:00,MCD,11.218106,"[1.848434567451477, -1.6022709608078003, -4.3535637855529785]"
2024-08-20 12:43:00,MCD,11.218106,"[1.848434567451477, -1.6022709608078003, -4.3535637855529785]"
2024-08-20 12:43:00,MCD,10.462203,"[4.674453258514404, -5.219736099243164, -2.6967506408691406]"
2024-08-20 12:43:00,MCD,11.218106,"[1.848434567451477, -1.6022709608078003, -4.3535637855529785]"
2024-08-20 12:43:00,MCD,11.218106,"[1.848434567451477, -1.6022709608078003, -4.3535637855529785]"
2024-08-20 12:43:00,MCD,9.829162,"[3.452509641647339, -4.667511940002441, -3.2890892028808594]"
2024-08-20 12:43:00,MCD,11.218106,"[1.848434567451477, -1.6022709608078003, -4.3535637855529785]"
2024-08-20 12:43:00,MCD,11.218106,"[1.848434567451477, -1.6022709608078003, -4.3535637855529785]"
2024-08-20 12:43:00,MCD,11.218106,"[1.848434567451477, -1.6022709608078003, -4.3535637855529785]"
2024-08-20 12:43:00,MCD,11.443463,"[2.9776651859283447, -5.501959800720215, -1.9466966390609741]"
2024-08-20 12:43:00,MCD,11.218106,"[1.848434567451477, -1.6022709608078003, -4.3535637855529785]"
2024-08-20 12:43:00,MCD,11.218106,"[1.848434567451477, -1.6022709608078003, -4.3535637855529785]"
2024-08-20 12:43:00,MCD,11.218106,"[1.848434567451477, -1.6022709608078003, -4.3535637855529785]"
2024-08-20 12:43:00,MCD,10.114595,"[3.118586301803589, -5.5191264152526855, -1.3650901317596436]"
2024-08-20 12:43:00,MCD,11.218106,"[1.848434567451477, -1.6022709608078003, -4.3535637855529785]"
2024-08-20 12:43:00,MCD,9.338136,"[-5.907856464385986, 10.983222961425781, -7.521555423736572]"
2024-08-20 12:43:00,MCD,9.588942,"[-3.2952682971954346, -2.8794188499450684, 10.094679832458496]"
2024-08-20 12:43:00,MCD,9.043749,"[-5.4625749588012695, 10.168883323669434, -7.2212815284729]"
2024-08-20 12:43:00,MCD,8.808571,"[5.20237398147583, -4.198761940002441, -2.6371779441833496]"
2024-08-20 12:43:00,MCD,8.997246,"[-7.134592056274414, 11.300114631652832, -5.477736473083496]"
2024-08-20 12:43:00,MCD,9.081769,"[-4.374842166900635, 2.7562332153320312, 1.5945039987564087]"
2024-08-20 12:43:00,MCD,8.985024,"[5.858094692230225, -6.815582752227783, -2.480473518371582]"
2024-08-20 12:43:00,MCD,9.447391,"[-2.0383551120758057, 8.084917068481445, -8.219575881958008]"
2024-08-20 12:43:00,MCD,8.985024,"[5.858094692230225, -6.815582752227783, -2.480473518371582]"
2024-08-20 12:43:00,MCD,9.2266445,"[-7.11082124710083, 9.991876602172852, -3.2627835273742676]"
2024-08-20 12:43:00,MCD,8.072856,"[5.039523601531982, -5.0388288497924805, -3.965672492980957]"
2024-08-20 12:43:00,MCD,8.280794,"[5.180447578430176, -5.722224235534668, -4.503291130065918]"
2024-08-20 12:43:00,MCD,8.075077,"[4.458523273468018, -5.537263870239258, -3.748400926589966]"
2024-08-20 12:43:00,MCD,8.870556,"[5.392823219299316, -5.027773380279541, -3.7001118659973145]"
2024-08-20 12:43:00,MCD,10.239571,"[-7.048573970794678, 11.794663429260254, -5.735219955444336]"
2024-08-20 12:43:00,MCD,9.194411,"[-4.429555416107178, 9.9126615524292, -6.950879096984863]"
2024-08-20 12:43:00,MCD,9.129887,"[4.717052459716797, -3.495614528656006, -2.6977462768554688]"
2024-08-20 12:43:00,MCD,9.108587,"[4.450185298919678, -4.3427042961120605, -1.52261483669281]"
2024-08-20 12:43:00,MCD,9.141511,"[5.849140644073486, -2.2209832668304443, -3.267655849456787]"
2024-08-20 12:43:00,MCD,9.217524,"[6.230456829071045, -4.844571590423584, -1.4754143953323364]"
2024-08-20 12:43:00,MCD,9.092262,"[-0.9157307147979736, 5.586187362670898, -7.1819047927856445]"
2024-08-20 12:43:00,MCD,9.031467,"[6.55745267868042, -4.454598426818848, -3.3330283164978027]"
2024-08-20 12:43:00,MCD,9.094179,"[5.725322723388672, -3.4357101917266846, -3.6492886543273926]"
2024-08-20 12:43:00,MCD,9.466125,"[6.570505619049072, -8.436413764953613, 1.320232629776001]"
2024-08-20 12:43:00,MCD,9.618477,"[3.7614707946777344, -5.991753101348877, 3.6242496967315674]"
2024-08-20 12:43:00,MCD,10.071661,"[5.431174278259277, -2.479670524597168, -5.780889511108398]"
2024-08-20 12:43:00,MCD,11.218106,"[1.848434567451477, -1.6022709608078003, -4.3535637855529785]"
2024-08-22 16:32:22,MCD,9.12751,"[3.191322088241577, -0.16693249344825745, -8.283449172973633]"
2024-08-22 16:32:22,MCD,9.469085,"[-3.465784788131714, 8.700640678405762, -8.278690338134766]"
2024-08-22 16:32:22,MCD,10.148148,"[-4.56088399887085, 8.698808670043945, -7.12347412109375]"
2024-08-22 16:32:22,MCD,9.028419,"[3.868126153945923, -0.5017440319061279, -7.7148237228393555]"
2024-08-22 16:32:22,MCD,8.735466,"[3.9062466621398926, -2.2856481075286865, -4.255151748657227]"
2024-08-22 16:32:22,MCD,9.382775,"[-4.661880016326904, 9.40700626373291, -8.402687072753906]"
2024-08-22 16:32:22,MCD,8.982799,"[-1.8672231435775757, 5.583503723144531, -6.029794692993164]"
2024-08-22 16:32:22,MCD,9.303629,"[-7.374335765838623, 11.59283447265625, -4.987175941467285]"
2024-08-22 16:32:22,MCD,9.809053,"[6.9269843101501465, -6.17435884475708, -4.704925060272217]"
2024-08-22 16:32:22,MCD,11.218106,"[1.848434567451477, -1.6022709608078003, -4.3535637855529785]"
2024-08-22 16:32:22,MCD,9.464934,"[0.666354775428772, -3.5311434268951416, 4.46428108215332]"
2024-08-22 16:32:22,MCD,9.794043,"[-5.590038299560547, 8.29861831665039, -4.202927589416504]"
2024-08-22 16:32:22,MCD,10.797871,"[3.755500316619873, -0.552926242351532, -7.541398525238037]"
2024-08-22 16:32:22,MCD,8.844382,"[6.7756171226501465, -4.838382244110107, -3.1215226650238037]"
2024-08-22 16:32:22,MCD,9.630891,"[5.013726234436035, -4.186927318572998, 0.10125191509723663]"
2024-08-22 16:32:22,MCD,9.1420765,"[-0.5255511403083801, 5.679527282714844, -7.923130989074707]"
2024-08-22 16:32:22,MCD,11.218106,"[1.848434567451477, -1.6022709608078003, -4.3535637855529785]"
2024-08-23 05:41:07,MCD,8.711399,"[8.499466896057129, -5.428208351135254, -3.838531255722046]"
2024-08-23 05:41:07,MCD,8.7106495,"[3.5199434757232666, 1.1801813840866089, -7.610587120056152]"
2024-08-23 05:41:07,MCD,9.121778,"[6.711053371429443, -3.9671506881713867, -3.9869742393493652]"
2024-08-23 05:41:07,MCD,8.470022,"[7.527592182159424, -4.1688456535339355, -5.888504981994629]"
2024-08-23 05:41:07,MCD,8.6851,"[4.643530368804932, -1.4024817943572998, -5.70064640045166]"
2024-08-23 05:41:07,MCD,9.338861,"[4.871644496917725, -4.461781978607178, -3.874688148498535]"
2024-08-23 05:41:07,MCD,9.126745,"[4.227592468261719, -6.854797840118408, 4.184023857116699]"
2024-08-23 05:41:07,MCD,9.185519,"[-6.210449695587158, 11.637975692749023, -7.580008506774902]"
2024-08-23 05:41:07,MCD,8.985257,"[0.6128016710281372, -0.6806247234344482, -2.419027328491211]"
2024-08-23 05:41:07,MCD,9.831168,"[-2.384122133255005, 7.444528102874756, -7.396647930145264]"
2024-08-23 05:41:07,MCD,8.749056,"[4.606479644775391, -0.4795834422111511, -7.55222749710083]"
2024-08-23 05:41:07,MCD,10.121913,"[2.9881510734558105, -5.15452241897583, -1.4500986337661743]"
2024-08-23 05:41:07,MCD,10.940411,"[3.649860143661499, -2.9347169399261475, -4.27638053894043]"
2024-08-23 05:41:07,MCD,9.268745,"[7.803345680236816, -5.975655555725098, -4.998171806335449]"
2024-08-23 05:41:07,MCD,9.630891,"[5.013726234436035, -4.186927318572998, 0.10125191509723663]"
2024-08-23 05:41:07,MCD,9.1420765,"[-0.5255511403083801, 5.679527282714844, -7.923130989074707]"
2024-08-23 05:41:07,MCD,11.218106,"[1.848434567451477, -1.6022709608078003, -4.3535637855529785]"
2024-08-23 15:00:00,MCD,9.335732,"[3.304565191268921, 1.3400572538375854, -6.300769329071045]"
2024-08-23 15:00:00,MCD,8.538065,"[7.4002299308776855, -6.0687432289123535, -3.308053731918335]"
2024-08-23 15:00:00,MCD,9.835962,"[4.798973083496094, -5.50200080871582, -2.50998592376709]"
2024-08-23 15:00:00,MCD,11.218106,"[1.848434567451477, -1.6022709608078003, -4.3535637855529785]"
2024-08-23 15:00:00,MCD,9.835962,"[4.798973083496094, -5.50200080871582, -2.50998592376709]"
2024-08-23 15:00:00,MCD,11.218106,"[1.848434567451477, -1.6022709608078003, -4.3535637855529785]"
2024-08-23 15:00:00,MCD,8.838867,"[8.532081604003906, -5.883473873138428, -3.245513916015625]"
2024-08-23 15:00:00,MCD,9.585106,"[2.857837200164795, -2.01676607131958, -0.17568987607955933]"
2024-08-23 15:00:00,MCD,10.117953,"[2.7887375354766846, -3.304792642593384, -3.5668649673461914]"
2024-08-23 15:00:00,MCD,8.601694,"[3.6865463256835938, -3.3298282623291016, -3.6140620708465576]"
2024-08-23 15:00:00,MCD,9.435831,"[4.529792785644531, -4.696249008178711, -1.882466197013855]"
2024-08-23 15:00:00,MCD,10.988297,"[5.6897053718566895, -6.11992883682251, -3.597071647644043]"
2024-08-23 15:00:00,MCD,11.218106,"[1.848434567451477, -1.6022709608078003, -4.3535637855529785]"
2024-08-23 15:00:00,MCD,9.678858,"[7.225149631500244, -4.230020523071289, -5.710297107696533]"
2024-08-23 15:00:00,MCD,11.218106,"[1.848434567451477, -1.6022709608078003, -4.3535637855529785]"
2024-08-23 15:00:00,MCD,11.218106,"[1.848434567451477, -1.6022709608078003, -4.3535637855529785]"
2024-08-23 15:00:00,MCD,11.218106,"[1.848434567451477, -1.6022709608078003, -4.3535637855529785]"
2024-08-23 15:00:00,MCD,9.274677,"[-4.566003322601318, 8.833878517150879, -8.185059547424316]"
2024-08-23 15:00:00,MCD,11.218106,"[1.848434567451477, -1.6022709608078003, -4.3535637855529785]"
2024-08-23 15:00:00,MCD,11.218106,"[1.848434567451477, -1.6022709608078003, -4.3535637855529785]"
2024-08-23 15:00:00,MCD,11.218106,"[1.848434567451477, -1.6022709608078003, -4.3535637855529785]"
2024-08-23 15:00:00,MCD,10.462203,"[4.674453258514404, -5.219736099243164, -2.6967506408691406]"
2024-08-23 15:00:00,MCD,11.218106,"[1.848434567451477, -1.6022709608078003, -4.3535637855529785]"
2024-08-23 15:00:00,MCD,11.218106,"[1.848434567451477, -1.6022709608078003, -4.3535637855529785]"
2024-08-23 15:00:00,MCD,9.649613,"[4.862388610839844, -5.430400848388672, -3.9372611045837402]"
2024-08-23 15:00:00,MCD,11.218106,"[1.848434567451477, -1.6022709608078003, -4.3535637855529785]"
2024-08-23 15:00:00,MCD,11.218106,"[1.848434567451477, -1.6022709608078003, -4.3535637855529785]"
2024-08-23 15:00:00,MCD,11.218106,"[1.848434567451477, -1.6022709608078003, -4.3535637855529785]"
2024-08-23 15:00:00,MCD,9.435831,"[4.529792785644531, -4.696249008178711, -1.882466197013855]"
2024-08-23 15:00:00,MCD,11.218106,"[1.848434567451477, -1.6022709608078003, -4.3535637855529785]"
2024-08-23 15:00:00,MCD,11.218106,"[1.848434567451477, -1.6022709608078003, -4.3535637855529785]"
2024-08-23 15:00:00,MCD,11.218106,"[1.848434567451477, -1.6022709608078003, -4.3535637855529785]"
2024-08-23 15:00:00,MCD,10.114595,"[3.118586301803589, -5.5191264152526855, -1.3650901317596436]"
2024-08-23 15:00:00,MCD,11.218106,"[1.848434567451477, -1.6022709608078003, -4.3535637855529785]"
2024-08-23 15:00:00,MCD,9.162974,"[-5.2815117835998535, -2.192652702331543, 11.929601669311523]"
2024-08-23 15:00:00,MCD,9.606001,"[-4.455821514129639, -0.9804802536964417, 8.147823333740234]"
2024-08-23 15:00:00,MCD,11.218106,"[1.848434567451477, -1.6022709608078003, -4.3535637855529785]"
2024-08-23 15:00:00,MCD,8.190228,"[7.438267707824707, -3.893065929412842, -5.448548316955566]"
2024-08-23 15:00:00,MCD,11.218106,"[1.848434567451477, -1.6022709608078003, -4.3535637855529785]"
2024-08-23 15:00:00,MCD,9.640382,"[-7.034661769866943, 10.857325553894043, -6.5305376052856445]"
2024-08-23 15:00:00,MCD,9.494907,"[3.642197370529175, -3.2336902618408203, -4.157208442687988]"
2024-08-23 15:00:00,MCD,9.690022,"[8.143569946289062, -5.952328205108643, -4.865052223205566]"
2024-08-23 15:00:00,MCD,9.691495,"[0.8164297342300415, -5.6368727684021, 7.288015365600586]"
2024-08-23 15:00:00,MCD,9.534975,"[-0.31502580642700195, 3.3066930770874023, -4.874303817749023]"
2024-08-23 15:00:00,MCD,9.279132,"[-4.718881130218506, -3.235140800476074, 12.492177963256836]"
2024-08-23 15:00:00,MCD,9.5846815,"[-5.333367824554443, -2.5119571685791016, 12.733160018920898]"
2024-08-23 15:00:00,MCD,9.32668,"[-7.59928035736084, 11.997166633605957, -6.473662376403809]"
2024-08-23 15:00:00,MCD,9.088391,"[-7.160007953643799, 12.184335708618164, -7.174236297607422]"
2024-08-23 15:00:00,MCD,9.192221,"[-5.244514465332031, -2.9216723442077637, 13.04307746887207]"
2024-08-23 15:00:00,MCD,9.612301,"[-5.431179046630859, -2.3097100257873535, 12.392005920410156]"
2024-08-23 15:00:00,MCD,8.987744,"[5.45654821395874, -5.616342067718506, -4.487834453582764]"
2024-08-23 15:00:00,MCD,8.072856,"[5.039523601531982, -5.0388288497924805, -3.965672492980957]"
2024-08-23 15:00:00,MCD,8.411727,"[5.812736988067627, -5.57614278793335, -3.9399397373199463]"
2024-08-23 15:00:00,MCD,8.088359,"[6.092026710510254, -6.499086856842041, -3.8141655921936035]"
2024-08-23 15:00:00,MCD,10.239571,"[-7.048573970794678, 11.794663429260254, -5.735219955444336]"
2024-08-23 15:00:00,MCD,9.194411,"[-4.429555416107178, 9.9126615524292, -6.950879096984863]"
2024-08-23 15:00:00,MCD,9.129887,"[4.717052459716797, -3.495614528656006, -2.6977462768554688]"
2024-08-23 15:00:00,MCD,9.108587,"[4.450185298919678, -4.3427042961120605, -1.52261483669281]"
2024-08-23 15:00:00,MCD,9.141511,"[5.849140644073486, -2.2209832668304443, -3.267655849456787]"
2024-08-23 15:00:00,MCD,9.217524,"[6.230456829071045, -4.844571590423584, -1.4754143953323364]"
2024-08-23 15:00:00,MCD,9.092262,"[-0.9157307147979736, 5.586187362670898, -7.1819047927856445]"
2024-08-23 15:00:00,MCD,9.031467,"[6.55745267868042, -4.454598426818848, -3.3330283164978027]"
2024-08-23 15:00:00,MCD,9.094179,"[5.725322723388672, -3.4357101917266846, -3.6492886543273926]"
2024-08-23 15:00:00,MCD,9.466125,"[6.570505619049072, -8.436413764953613, 1.320232629776001]"
2024-08-23 15:00:00,MCD,9.618477,"[3.7614707946777344, -5.991753101348877, 3.6242496967315674]"
2024-08-23 15:00:00,MCD,10.071661,"[5.431174278259277, -2.479670524597168, -5.780889511108398]"
2024-08-23 15:00:00,MCD,11.218106,"[1.848434567451477, -1.6022709608078003, -4.3535637855529785]"
2024-08-23 20:01:10,MCD,9.266845,"[-5.35332727432251, -1.9840166568756104, 10.724379539489746]"
2024-08-23 20:01:10,MCD,9.876549,"[-5.296534538269043, -2.774043083190918, 13.307865142822266]"
2024-08-23 20:01:10,MCD,9.606001,"[-4.455821514129639, -0.9804802536964417, 8.147823333740234]"
2024-08-23 20:01:10,MCD,11.218106,"[1.848434567451477, -1.6022709608078003, -4.3535637855529785]"
2024-08-23 20:01:10,MCD,8.190228,"[7.438267707824707, -3.893065929412842, -5.448548316955566]"
2024-08-23 20:01:10,MCD,9.640382,"[-7.034661769866943, 10.857325553894043, -6.5305376052856445]"
2024-08-23 20:01:10,MCD,9.188429,"[3.9439785480499268, -3.807250738143921, -3.660539150238037]"
2024-08-23 20:01:10,MCD,9.509334,"[0.10142038762569427, -0.011381066404283047, -3.4532363414764404]"
2024-08-23 20:01:10,MCD,9.546552,"[6.07995080947876, -5.91657829284668, -4.138166427612305]"
2024-08-23 20:01:10,MCD,9.719632,"[6.959709167480469, -6.2966203689575195, -2.62906551361084]"
2024-08-23 20:01:10,MCD,9.690022,"[8.143569946289062, -5.952328205108643, -4.865052223205566]"
2024-08-23 20:01:10,MCD,9.691495,"[0.8164297342300415, -5.6368727684021, 7.288015365600586]"
2024-08-23 20:01:10,MCD,10.313008,"[1.1374133825302124, -3.4790563583374023, -0.19590985774993896]"
2024-08-23 20:01:10,MCD,9.335243,"[-4.594600200653076, -3.663172960281372, 13.221546173095703]"
2024-08-23 20:01:10,MCD,9.5846815,"[-5.333367824554443, -2.5119571685791016, 12.733160018920898]"
2024-08-23 20:01:10,MCD,9.299464,"[-7.556015968322754, 11.959744453430176, -6.571362495422363]"
2024-08-23 20:01:10,MCD,9.088391,"[-7.160007953643799, 12.184335708618164, -7.174236297607422]"
2024-08-23 20:01:10,MCD,9.309646,"[-5.189879894256592, -3.1841015815734863, 13.430415153503418]"
2024-08-23 20:01:10,MCD,9.612301,"[-5.431179046630859, -2.3097100257873535, 12.392005920410156]"
2024-08-23 20:01:10,MCD,10.398066,"[4.262150287628174, -3.2621216773986816, -2.355409622192383]"
2024-08-23 20:01:10,MCD,9.630891,"[5.013726234436035, -4.186927318572998, 0.10125191509723663]"
2024-08-23 20:01:10,MCD,9.249113,"[-2.8264386653900146, 7.136206150054932, -7.365882396697998]"
2024-08-23 20:01:10,MCD,9.1420765,"[-0.5255511403083801, 5.679527282714844, -7.923130989074707]"
2024-08-23 20:01:10,MCD,11.218106,"[1.848434567451477, -1.6022709608078003, -4.3535637855529785]"
2024-08-26 12:46:24,MCD,9.870549,"[3.5624301433563232, -0.577786386013031, -7.482699871063232]"
2024-08-26 12:46:24,MCD,9.187883,"[3.2332236766815186, -2.883758068084717, -1.2606782913208008]"
2024-08-26 12:46:24,MCD,9.062983,"[5.3825860023498535, -4.30797815322876, -4.064737319946289]"
2024-08-26 12:46:24,MCD,9.694434,"[4.312958240509033, -3.9621009826660156, -3.2749886512756348]"
2024-08-26 12:46:24,MCD,9.630891,"[5.013726234436035, -4.186927318572998, 0.10125191509723663]"
2024-08-26 12:46:24,MCD,9.1420765,"[-0.5255511403083801, 5.679527282714844, -7.923130989074707]"
2024-08-26 12:46:24,MCD,11.218106,"[1.848434567451477, -1.6022709608078003, -4.3535637855529785]"
2024-08-28 13:14:00,MCD,9.335732,"[3.304565191268921, 1.3400572538375854, -6.300769329071045]"
2024-08-28 13:14:00,MCD,8.538065,"[7.4002299308776855, -6.0687432289123535, -3.308053731918335]"
2024-08-28 13:14:00,MCD,9.835962,"[4.798973083496094, -5.50200080871582, -2.50998592376709]"
2024-08-28 13:14:00,MCD,11.218106,"[1.848434567451477, -1.6022709608078003, -4.3535637855529785]"
2024-08-28 13:14:00,MCD,9.835962,"[4.798973083496094, -5.50200080871582, -2.50998592376709]"
2024-08-28 13:14:00,MCD,11.218106,"[1.848434567451477, -1.6022709608078003, -4.3535637855529785]"
2024-08-28 13:14:00,MCD,8.838867,"[8.532081604003906, -5.883473873138428, -3.245513916015625]"
2024-08-28 13:14:00,MCD,9.585106,"[2.857837200164795, -2.01676607131958, -0.17568987607955933]"
2024-08-28 13:14:00,MCD,10.117953,"[2.7887375354766846, -3.304792642593384, -3.5668649673461914]"
2024-08-28 13:14:00,MCD,8.601694,"[3.6865463256835938, -3.3298282623291016, -3.6140620708465576]"
2024-08-28 13:14:00,MCD,11.443463,"[2.9776651859283447, -5.501959800720215, -1.9466966390609741]"
2024-08-28 13:14:00,MCD,11.146444,"[5.8418869972229, -6.277757167816162, -3.883659601211548]"
2024-08-28 13:14:00,MCD,11.218106,"[1.848434567451477, -1.6022709608078003, -4.3535637855529785]"
2024-08-28 13:14:00,MCD,9.546459,"[8.502032279968262, -5.511106491088867, -6.044251441955566]"
2024-08-28 13:14:00,MCD,11.218106,"[1.848434567451477, -1.6022709608078003, -4.3535637855529785]"
2024-08-28 13:14:00,MCD,11.218106,"[1.848434567451477, -1.6022709608078003, -4.3535637855529785]"
2024-08-28 13:14:00,MCD,11.218106,"[1.848434567451477, -1.6022709608078003, -4.3535637855529785]"
2024-08-28 13:14:00,MCD,9.274677,"[-4.566003322601318, 8.833878517150879, -8.185059547424316]"
2024-08-28 13:14:00,MCD,11.218106,"[1.848434567451477, -1.6022709608078003, -4.3535637855529785]"
2024-08-28 13:14:00,MCD,11.218106,"[1.848434567451477, -1.6022709608078003, -4.3535637855529785]"
2024-08-28 13:14:00,MCD,11.218106,"[1.848434567451477, -1.6022709608078003, -4.3535637855529785]"
2024-08-28 13:14:00,MCD,10.462203,"[4.674453258514404, -5.219736099243164, -2.6967506408691406]"
2024-08-28 13:14:00,MCD,11.218106,"[1.848434567451477, -1.6022709608078003, -4.3535637855529785]"
2024-08-28 13:14:00,MCD,11.218106,"[1.848434567451477, -1.6022709608078003, -4.3535637855529785]"
2024-08-28 13:14:00,MCD,9.829162,"[3.452509641647339, -4.667511940002441, -3.2890892028808594]"
2024-08-28 13:14:00,MCD,11.218106,"[1.848434567451477, -1.6022709608078003, -4.3535637855529785]"
2024-08-28 13:14:00,MCD,11.218106,"[1.848434567451477, -1.6022709608078003, -4.3535637855529785]"
2024-08-28 13:14:00,MCD,11.218106,"[1.848434567451477, -1.6022709608078003, -4.3535637855529785]"
2024-08-28 13:14:00,MCD,11.443463,"[2.9776651859283447, -5.501959800720215, -1.9466966390609741]"
2024-08-28 13:14:00,MCD,11.218106,"[1.848434567451477, -1.6022709608078003, -4.3535637855529785]"
2024-08-28 13:14:00,MCD,11.218106,"[1.848434567451477, -1.6022709608078003, -4.3535637855529785]"
2024-08-28 13:14:00,MCD,11.218106,"[1.848434567451477, -1.6022709608078003, -4.3535637855529785]"
2024-08-28 13:14:00,MCD,10.114595,"[3.118586301803589, -5.5191264152526855, -1.3650901317596436]"
2024-08-28 13:14:00,MCD,11.218106,"[1.848434567451477, -1.6022709608078003, -4.3535637855529785]"
2024-08-28 13:14:00,MCD,9.114111,"[-4.5448431968688965, -2.012765645980835, 10.068695068359375]"
2024-08-28 13:14:00,MCD,8.985024,"[5.858094692230225, -6.815582752227783, -2.480473518371582]"
2024-08-28 13:14:00,MCD,9.111591,"[-4.723520755767822, -2.776761293411255, 11.157081604003906]"
2024-08-28 13:14:00,MCD,8.903006,"[-5.946827411651611, 11.281912803649902, -7.163960933685303]"
2024-08-28 13:14:00,MCD,9.375755,"[-4.054033279418945, 8.782520294189453, -7.498281955718994]"
2024-08-28 13:14:00,MCD,8.985024,"[5.858094692230225, -6.815582752227783, -2.480473518371582]"
2024-08-28 13:14:00,MCD,10.205745,"[6.95652961730957, -7.543096542358398, 0.29884862899780273]"
2024-08-28 13:14:00,MCD,11.218106,"[1.848434567451477, -1.6022709608078003, -4.3535637855529785]"
2024-08-28 13:14:00,MCD,8.985024,"[5.858094692230225, -6.815582752227783, -2.480473518371582]"
2024-08-28 13:14:00,MCD,11.218106,"[1.848434567451477, -1.6022709608078003, -4.3535637855529785]"
2024-08-28 13:14:00,MCD,11.218106,"[1.848434567451477, -1.6022709608078003, -4.3535637855529785]"
2024-08-28 13:14:00,MCD,8.972671,"[-6.940178394317627, 9.150100708007812, -3.06597638130188]"
2024-08-28 13:14:00,MCD,8.987744,"[5.45654821395874, -5.616342067718506, -4.487834453582764]"
2024-08-28 13:14:00,MCD,8.072856,"[5.039523601531982, -5.0388288497924805, -3.965672492980957]"
2024-08-28 13:14:00,MCD,8.364636,"[5.266120433807373, -5.655767917633057, -4.363365650177002]"
2024-08-28 13:14:00,MCD,8.059927,"[5.219462871551514, -5.109028339385986, -4.1475677490234375]"
2024-08-28 13:14:00,MCD,10.239571,"[-7.048573970794678, 11.794663429260254, -5.735219955444336]"
2024-08-28 13:14:00,MCD,9.194411,"[-4.429555416107178, 9.9126615524292, -6.950879096984863]"
2024-08-28 13:14:00,MCD,9.129887,"[4.717052459716797, -3.495614528656006, -2.6977462768554688]"
2024-08-28 13:14:00,MCD,9.108587,"[4.450185298919678, -4.3427042961120605, -1.52261483669281]"
2024-08-28 13:14:00,MCD,9.141511,"[5.849140644073486, -2.2209832668304443, -3.267655849456787]"
2024-08-28 13:14:00,MCD,9.217524,"[6.230456829071045, -4.844571590423584, -1.4754143953323364]"
2024-08-28 13:14:00,MCD,9.092262,"[-0.9157307147979736, 5.586187362670898, -7.1819047927856445]"
2024-08-28 13:14:00,MCD,9.031467,"[6.55745267868042, -4.454598426818848, -3.3330283164978027]"
2024-08-28 13:14:00,MCD,9.094179,"[5.725322723388672, -3.4357101917266846, -3.6492886543273926]"
2024-08-28 13:14:00,MCD,9.466125,"[6.570505619049072, -8.436413764953613, 1.320232629776001]"
2024-08-28 13:14:00,MCD,9.618477,"[3.7614707946777344, -5.991753101348877, 3.6242496967315674]"
2024-08-28 13:14:00,MCD,10.071661,"[5.431174278259277, -2.479670524597168, -5.780889511108398]"
2024-08-28 13:14:00,MCD,11.218106,"[1.848434567451477, -1.6022709608078003, -4.3535637855529785]"
