time,title,url,summary,source,overall_sentiment_score,overall_sentiment_label,ticker,ticker_relevance_score,ticker_sentiment_score,ticker_sentiment_label,time,news,errors
2024-04-01 13:00:00,POSSIBLE TEAMS UP WITH NBCUNIVERSAL FOR ON-SITE HOSTING DUTIES,https://www.benzinga.com/pressreleases/24/04/n38021796/possible-teams-up-with-nbcuniversal-for-on-site-hosting-duties,"Kit Hoover, Jessica Carrillo, Deirdre Bosa and Constance Jones to join the esteemed lineup of talent",www.benzinga.com,0.34066,Somewhat-Bullish,MCD,0.026474,0.0,Neutral,2024-04-01 13:00:00,"Kit Hoover, Jessica Carrillo, Deirdre Bosa and Constance Jones to join the esteemed lineup of talent 
NEW YORK, April 1, 2024 /PRNewswire/ -- Beyond Ordinary Events, Inc. and POSSIBLE, the premier marquee marketing event, announced today Access Hollywood's Kit Hoover, Telemundo's Jessica Carrillo, and NBC6 News' Constance Jones are the newest hosts to join the anticipated lineup of speakers and leaders at POSSIBLE.





Representing NBCUniversal, Kit Hoover will serve as a host on the floor of POSSIBLE's Inspiration Hall, along with Jessica Carrillo and Constance Jones who will host on the Vision Hall Stage that will feature interactive sessions, fireside chats, and more. Along with sessions, the Inspiration Hall is where business innovators, game-changers, and world-class experts come together to share their stories and insights and inspire audiences. The Vision Hall is where business leaders come to ignite the industry's imagination and spark interesting discussions about the future of marketing.
In addition to Kit, Jessica and Constance – Deirdre Bosa, anchor of CNBC's ""TechCheck,"" will be the moderator for the keynote session, ""CMO Trailblazers: Redefining Business Growth with Soyoung Kang and Vineet Mehra,"" on Wednesday, April 17 at 11:45 am ET. Deirdre will join the lineup of moderators set to join the stage with the industry's leading experts and executives who will share their POV in POSSIBLE's keynote sessions.
""Kit, Jessica, and Constance will be vital assets to our team of hosts at POSSIBLE. They'll keep a steady drumbeat of energy throughout the event, providing expert commentary and fresh insights to the sessions they will lead,"" said Christian Muche, CEO and Co-Founder of Beyond Ordinary Events & POSSIBLE. ""And Deirdre will serve as a terrific moderator–a true embodiment of a trailblazer; she will guide a meaningful and important conversation at this year's event. Overall, I'm thrilled to have these three trailblazing women on board who have shown throughout their varied careers that they value the pillars of creativity and innovation that we represent here at POSSIBLE. From their experience, they have their finger on the pulse of the cultural zeitgeist, making them in tune to all things POSSIBLE.""
Kit Hoover is the co-host of the nationally syndicated programs the Emmy-nominated nightly entertainment news series Access Hollywood and the daily entertainment news and lifestyle show ""Access Daily with Mario & Kit."" Hoover made her television debut in 1995 as a cast member on the original season of MTV's ""Road Rules,"" which sparked her interest in pursuing a career in television. Soon after, she joined King World Production as their entertainment reporter for ""American Journal."" Hoover then went to Fox News in 1999 as a correspondent for Fox Broadcasting Company's news magazine, ""FOX Files."" In 2003, she hosted ESPN2's ""Cold Pizza"" and served as a guest judge on ESPN's reality contest, ""Dream Job."" Additional hosting roles include TLC's lifestyle makeover series, ""Real Simple, Real Life,"" based upon the magazine Real Simple, ABC's ""Shaq Vs.,"" a reality show starring Shaquille O'Neal and Lifetime's ""Celebrity Home Raiders.""
Jessica Carrillo is the co-host of Telemundo's news magazine show, ""Al Rojo Vivo"". Carrillo has also hosted important Telemundo productions, including the red carpet of Billboard Latin Music Awards, Latin American Music Awards, Rio 2016 Olympic Games, FIFA World Cup in Russia and Qatar, as well as co-host of Don Francisco Te Invita, Miss Universe and network news specials, among others. Originally from Teocaltiche, Mexico, Jalisco, she joined Telemundo in Las Vegas in 2004 as a news and weather reporter, and co-host of the local newscast. In 2011, she joined Telemundo Los Angeles' Acceso Total, where she held exclusive interviews with numerous Hollywood stars.
Deirdre Bosa is anchor of CNBC's tech-focused franchise, ""TechCheck,"" based out of the network's San Francisco Bureau. Previously, she was anchor of the network's daily program, ""TechCheck,"" that ran from April 2021 to February 2023. Before that, Bosa served as a technology reporter, owning stories on the biggest names in tech from Amazon to Alphabet, key players in China's tech scene like Alibaba and Huawei, and Silicon Valley's largest disruptors from Airbnb to Uber to WeWork. Prior to that, she was a frequent presence on air and online as a CNBC contributor, reporting out of Vancouver, Canada.
Constance Jones is a two-time Emmy® nominated journalist who currently anchors the station's weekday morning newscasts, NBC6 News Today at 5am and 6am, alongside NBC6 anchor Kris Anderson, from the station's Miramar-based studios. After anchoring at WRIC-TV in Richmond, VA for almost three years, Jones joined NBC6 in February of 2021. Jones has worked in several television markets, including New York City, Miami, Oklahoma City and Atlanta. She returned home to Miami, where she previously spent nine years as an anchor and reporter at local station WPLG-TV, and also worked at WLRN National Public Radio in South Florida. Jones also worked with veteran news journalist Dan Rather at the CBS Evening News.
POSSIBLE takes place at the Fontainebleau Miami Beach on April 15-17. POSSIBLE is a tentpole event that brings together the most influential marketing and business leaders, as well as visionaries from technology, digital, media, entertainment, and culture.
During the event, POSSIBLE will present 14 tracks of curated content, masterclasses, workshops, an exposition, an outside activation area, VIP networking, and entertainment. More than 200 marketing industry leaders will grace the stages at POSSIBLE. The POSSIBLE agenda is live with more speakers, sessions, and celebrity headliners added weekly. Brand marketers attend POSSIBLE for free. The event officially kicks-off Monday, April 15, and extends through Wednesday, April 17. There is still time to register to attend POSSIBLE.
About POSSIBLE POSSIBLE is the premier marquee marketing event, owned and organized by Beyond Ordinary Events, Inc., that is curated specifically for the greater marketing ecosystem, including brands, technology, digital, media, culture, and more. Powered by the omnichannel expertise of MMA Global, the second edition will take place on April 15-17, 2024 at the Fontainebleau Miami Beach, and also combines all former MMA Global events into one colossal, immersive, and engaging celebration. Brimming with content dedicated to future-thinking marketers combined with innovation and emerging technologies, POSSIBLE is the centerpiece for the entire marketing and media community to network with industry peers, share ideas, present visions, create business opportunities and discuss mutual challenges. Conceived and created by Co-Founder Christian Muche, POSSIBLE is fast becoming the cornerstone marketing tent-pole event of the year. Register to attend at possibleevent.com.
About MMA GlobalComprised of over 800-member companies globally, MMA Global is the only marketing trade association that brings together the full ecosystem of marketers, martech, adtech, media and other marketer supporting companies, who work collaboratively in architecting the future of marketing, while relentlessly fixated on delivering growth today. Led by CMOs, the A helps marketers lead the imperative for marketing change by taking on marketing's unanswered questions and challenging our commonly held beliefs. We are committed to science and questioning; believing that creating new & even revolutionary marketing impact is steeped in constructively challenging the status quo. MMA also works directly with members and business leaders to aggressively adopt peer-driven, proven, science-supported best practices, without compromise. The MMA invests millions in groundbreaking research to enable marketers with unassailable truth and actionable insights & tools. By enlightening, empowering and enabling marketers, the MMA shapes marketing's future success, while also propelling business growth.
Members include: AT&T Communications, Adobe, Ally Bank, AppsFlyer, Bank of America, Campbell Soup, Clear Channel Outdoor, Colgate-Palmolive, CVS Pharmacy, Inc. (CVS Health), Diageo, Morgan Stanley, Ford Motor Company, General Motors Company, Google, Hilton Worldwide, Kargo, Kroger, L'Oreal, Major League Baseball, Mastercard, McDonalds Corporation, Meta, NBCUniversal, Netflix, Pinterest, Roku, Snap Inc, Target Brands, Inc., T-Mobile USA, Twitter, Uber, Walmart Inc., Walt Disney Company, Yahoo! and many more. The MMA's global headquarters are located in New York City with regional operations in 14 countries across Asia Pacific (APAC), Europe/Middle East/Africa (EMEA) and Latin America (LATAM).
 For more information see www.mmaglobal.com.
Press contacts: 
Sara VinsonDiGennaro Communicationssara.vinson@digennaro-usa.com    
Chuck JonesBeyond Ordinary Eventschuck@beyondordinary.com 
 View original content to download multimedia:https://www.prnewswire.com/news-releases/possible-teams-up-with-nbcuniversal-for-on-site-hosting-duties-302104134.html
SOURCE  POSSIBLE
© 2024 Benzinga.com. Benzinga does not provide investment advice. All rights reserved.
Trade confidently with insights and alerts from analyst ratings, free reports and breaking news that affects the stocks you care about.
",
2024-04-04 18:52:10,McDonald's to buy Israel franchise that became flashpoint in Hamas war,https://www.business-standard.com/amp/world-news/mcdonald-s-to-buy-israel-franchise-that-became-flashpoint-in-hamas-war-124040500010_1.html,"McDonald's Corp. agreed to acquire its restaurants in Israel from operator Alonyal Ltd., bringing the local chain in-house months after it became a point of contention in the early days of the Israel-Hamas war. Click here to follow our WhatsApp channel",www.business-standard.com,-0.113361,Neutral,MCD,0.122894,-0.118057,Neutral,2024-04-04 18:52:10,"Top Section
Home
Latest
E-paper
Markets
BS at 50
Technology
Opinion
India News
Portfolio
Politics
Specials
Partner Content
Management
Multimedia
Sports
Web Stories
Cricket
Industry
Companies
Lifestyle
Entertainment
Social Viral
Health
Books
Education
BS Apps
Explore Business Standard
BS Learning

About Us
BS Support
Copyrights © 2024 Business Standard Private Ltd. All rights reserved 
Popular Search
Don’t miss the latest developments in business and finance.
Alonyal launched the McDonald's brand in Israel more than 30 years ago and grew the business to 225 restaurants and more than 5,000 employees, according to a statement from the Chicago-based chain
 Click here to connect with us on WhatsApp
Topics :McDonald’sisraelHamasGaza conflict
First Published: Apr 05 2024 | 12:22 AM IST
",
2024-04-04 18:52:32,McDonald's to buy Israel franchise that became flashpoint in Hamas war,https://www.business-standard.com/world-news/mcdonald-s-to-buy-israel-franchise-that-became-flashpoint-in-hamas-war-124040500010_1.html,"McDonald's Corp. agreed to acquire its restaurants in Israel from operator Alonyal Ltd., bringing the local chain in-house months after it became a point of contention in the early days of the Israel-Hamas war.",www.business-standard.com,-0.115867,Neutral,MCD,0.12546,-0.119234,Neutral,2024-04-04 18:52:32,"McDonald's (Photo: Bloomberg)
 Click here to connect with us on WhatsApp
Don't miss the most important news and views of the day. Get them on our   Telegram channel
First Published: Apr 05 2024 | 12:22 AM IST
",
2024-04-05 14:33:48,Big Macs And Big Changes: McDonald's Takes Charge in Israel Amid Conflict - McDonald's  ( NYSE:MCD ) ,https://www.benzinga.com/markets/equities/24/04/38111294/big-macs-and-big-changes-mcdonalds-takes-charge-in-israel-amid-conflict,"McDonald's Corp MCD is set to take over its chain of restaurants in Israel from its operator, Alonyal Ltd. Alonyal took up the McDonald's franchise more than 30 years ago and has about 225 restaurants with about 5,000 employees.",www.benzinga.com,0.128184,Neutral,MCD,0.705799,0.317036,Somewhat-Bullish,2024-04-05 14:33:48,"McDonald’s Corp MCD is set to take over its chain of restaurants in Israel from its operator, Alonyal Ltd. 
Alonyal took up the McDonald’s franchise more than 30 years ago and has about 225 restaurants with about 5,000 employees.
Upon completion of the transaction, McDonald’s Corporation will own Alonyal Limited’s restaurants and operations, and employees will be retained on equivalent terms.
The decision comes after the restaurant chain gave rise to difference of opinion in the initial days of the Israel-Hamas war, according to a report from Bloomberg.
The business attained controversy after photos and videos showed franchised stores in Israel offering soldiers meals.
“We thank Alonyal Limited for building the McDonald’s business and brand in Israel over the past 30 years. McDonald’s remains committed to the Israeli market and to ensuring a positive employee and customer experience in the market going forward,” said Jo Sempels, President of International Developmental Licensed Markets at McDonald’s Corporation.
The report noted that McDonald’s plans to scout for a franchisee for its Israel business in a few months.
Also Read: McDonald’s Sales Fall Short As Middle East Tensions Flare – But Price Hikes Rescue The Growth Story 
Price Action: MCD shares traded lower by 0.90% at $267.67 on Friday.
Photo Generated Using Dall-E Artificial Intelligence
© 2024 Benzinga.com. Benzinga does not provide investment advice. All rights reserved.
Trade confidently with insights and alerts from analyst ratings, free reports and breaking news that affects the stocks you care about.
",
2024-04-05 18:09:09,"Why Doughnut Maker Krispy Kreme's Shares Are Shooting Higher Today? - Krispy Kreme  ( NASDAQ:DNUT ) , McDonald's  ( NYSE:MCD ) ",https://www.benzinga.com/news/24/04/38115479/why-doughnut-maker-krispy-kremes-shares-are-shooting-higher-today,Krispy Kreme Inc DNUT shares are trading higher after Pipler Sandler analyst Brian Mullan upgraded the shares from Neutral to Overweight and raised the price target from $14 to $20.,www.benzinga.com,0.253778,Somewhat-Bullish,MCD,0.463792,0.388259,Bullish,2024-04-05 18:09:09,"Krispy Kreme Inc DNUT shares are trading higher after Pipler Sandler analyst Brian Mullan upgraded the shares from Neutral to Overweight and raised the price target from $14 to $20.
As a result of the national partnership with McDonald's Corp MCD, the stage is set for a material expansion of DNUT's Points of Access (POA) in the U.S. over the next ~three years.
From a U.S. Delivered Fresh Daily (DFD) door perspective, the analyst assumes that DNUT will add 1,000, 3,500, and 5,000 MCD specific incremental POA across the 2024e, 2025e, and 2026e time periods, respectively.
Very importantly, what the MCD partnership does for DNUT is that it gives management the confidence and the ability to significantly increase its donut production capacity investments across the U.S., said the analyst.
In terms of liquidity, DNUT currently has ~$177 million available between its 2023 facility and short term lines of credit, noted the analyst.
According to Mullan, the last three years have not been the best historical time period from a free cash flow generation perspective for DNUT.
The analyst mentioned that DNUT could reduce its balance sheet leverage by approximately 1.6 times by the end of 2026, compared to the end of 2023, even as it finances an expansion of its capacity.
By the end of 2023, there were 13,457 McDonald’s locations in the U.S., and the analyst projects that DNUT could target 85% of these locations by the end of 2026.
The analyst thinks the McDonald’s partnership is a game changer for the business, and expects to see the narrative around DNUT start to improve from here.
Price Action: DNUT shares are trading higher by 4.8% at $14.98 at last check Friday.
Now Read: March’s ‘Blowout’ Jobs Numbers Underscore ‘American Exceptionalism’: 5 Economists Analyze 2024 Rate Cut Implications
Image generated using artificial intelligence with Midjourney.
© 2024 Benzinga.com. Benzinga does not provide investment advice. All rights reserved.
Join Benzinga Edge and unlock all the major upgrades, downgrades, and changes to the market's most accurate analysts.
Trade confidently with insights and alerts from analyst ratings, free reports and breaking news that affects the stocks you care about.
",
2024-04-11 13:23:00,"Domino's  ( DPZ )  Rides on Strong Comps, Macro Challenges Ail",https://www.zacks.com/stock/news/2253869/dominos-dpz-rides-on-strong-comps-macro-challenges-ail,"Domino's (DPZ) emphasis on loyalty program and Uber partnership will likely drive growth. However, inflationary pressures are a concern.",www.zacks.com,0.397444,Bullish,MCD,0.143987,0.2068,Somewhat-Bullish,2024-04-11 13:23:00,"We use cookies to understand how you use our site and to improve your experience. This includes personalizing content and advertising. To learn more, click here. By continuing to use our site, you accept our use of cookies, revised Privacy Policy and Terms of Service.
New to Zacks? Get started here.
Don't Know Your Password?

Don't Know Your Password?

You are being directed to ZacksTrade, a division of LBMZ Securities and licensed broker-dealer. ZacksTrade and Zacks.com are separate companies. The web link between the two companies is not a solicitation or offer to invest in a particular security or type of security. ZacksTrade does not endorse or adopt any particular investment strategy, any analyst opinion/rating/report or any approach to evaluating individual securities.
If you wish to go to ZacksTrade, click OK. If you do not, click Cancel.
OK Cancel
Image: Bigstock
Zacks Equity Research
                    April 11, 2024

MCD Quick QuoteMCD DPZ Quick QuoteDPZ CAKE Quick QuoteCAKE WEN Quick QuoteWEN 



Better trading starts here.



You follow Analyst Blog - edit


You follow Zacks Equity Research - edit



Zacks Equity Research



Analyst Blog

Domino's Pizza, Inc. (DPZ Quick QuoteDPZ  -  Free Report)     will likely benefit from solid comps growth, a loyalty program and the Uber partnership. This and the emphasis on unit-expansion efforts bode well. However, uncertain macroeconomic environments are a concern.Let’s delve deeper.
Domino's continues to impress investors with solid global comps growth. During the fiscal fourth quarter, global retail sales (including total franchise and company-owned units) rose 4.9% on a year-over-year basis. The upside was driven by higher international store sales (up 5.2% year over year) and global net store growth. U.S. store sales increased 4.5% year over year. Without foreign-currency adjustments, global retail sales increased 4.9% from the prior-year quarter’s levels. At domestic company-owned stores, Domino’s comps gained 5.9% year over year. Domestic franchise store comps rose 2.6% year over year as well.The increase in U.S. same-store sales in the fiscal fourth quarter was driven by transaction growth from its new loyalty program, inclusive of a benefit from Emergency Pizza promotion, pricing of approximately 1% and a 0.4% sales mix from Uber. For the fiscal 2024, DPZ anticipates its U.S. comp to surpass the 3% long-term guide due to expected significant catalysts in Uber and loyalty.
The company’s international growth continues to be strong and diversified across markets, courtesy of exceptional unit-level economics. During the fiscal fourth quarter, the company added 92 net new stores in the United States, thereby bringing the total U.S. system store count to 6,854 stores. During the quarter, its international business added 302 net new stores.Looking at the long-term outlook (2024-2028), DPZ anticipates adding more than 1,100 net stores, with 175 in the United States and 925 internationally. DPZ expects to increase net store growth each quarter over the prior year’s levels, particularly as it laps the one-time closures experienced in 2023. Significant growth is anticipated in the later half of 2024. DPZ foresees slightly less than half of this growth coming from China and India.
Domino's, which shares space with McDonald's Corporation (MCD Quick QuoteMCD  -  Free Report)    , The Wendy's Company (WEN Quick QuoteWEN  -  Free Report)     and The Cheesecake Factory Incorporated (CAKE Quick QuoteCAKE  -  Free Report)     in the Zacks Retail - Restaurants industry — are pursuant to uncertainties stemming from a challenging macro environment.The persistent inflationary pressures on commodity and labor expenses are challenges for the company. Industry peers anticipate prolonged periods of elevated costs due to labor shortages. Domino's has encountered labor-related difficulties in certain markets. In the fiscal fourth quarter, general and administrative expenses increased by 10.4% year over year to $144.4 million, primarily due to increased labor costs. The company foresees a continued high-inflation environment for food and labor costs in the foreseeable future.
McDonald's is benefiting from menu price increases, marketing campaigns, and digital and delivery growth. Looking ahead to 2024, McDonald's expects comps growth to align with historical averages of 3% to 4% in the U.S. and international operated market segments. Notable initiatives such as Festive Wins in the U.K. and the 30-days, 30-deals campaign in Australia enhanced customer engagement and loyalty. The company reported success with reasonable pricing and Monopoly promotions in various countries, achieving significant milestones in loyalty program membership and sales. With plans to expand its core menu offerings and maintain cost-effective options, MCD aims to drive further growth through solid marketing strategies.Wendy's is benefiting from higher average checks, strategic pricing actions, and product innovations. The company anticipates this momentum to persist in the future, projecting global same-restaurant sales growth in the 3-4% range for the fiscal 2024. It is also investing in digital initiatives, allocating funds to deploy digital menu boards in U.S. company-operated restaurants and enhance global digital menu board capabilities. The advancements aim to improve order accuracy, enhance crew experience and boost sales through upselling and consistent merchandising execution. Wendy's is optimistic about the impact of these technologies on customer and crew experiences and anticipates global digital sales to exceed $2 billion in 2024. Wendy's is focusing on breakfast offerings to drive incremental sales, introducing new items like breakfast burritos and Cinnabon Pull-Aparts.Cheesecake Factory is benefiting from unit expansion efforts, improved traffic and a favorable menu mix.  The company emphasizes the Cheesecake rewards program, reporting increased member activity and ongoing testing to enhance membership enrollment and engagement. CAKE also focuses on its FRC-related differentiated concepts and emerging brands to drive growth. It plans to open up to 22 new restaurants in the fiscal 2024, including expansions of Cheesecake Factory, North Italia, Flower Child and FRC establishments.
McDonald's Corporation (MCD) - free report >>
Domino's Pizza Inc (DPZ) - free report >>
The Cheesecake Factory Incorporated (CAKE) - free report >>
The Wendy's Company (WEN) - free report >>
Our experts picked 7 Zacks Rank #1 Strong Buy stocks with the best chance to skyrocket within the next 30-90 days.
Recent stocks from this report have soared up to +67.5% within 30 days - this month's picks could be even better. See our report's fresh new picks today - it's really free!
Privacy Policy  |  No cost, no obligation to buy anything ever.
Past performance is no guarantee of future results.
This page has not been authorized, sponsored, or otherwise approved or endorsed by the companies represented herein. Each of the company logos represented herein are trademarks of Microsoft Corporation; Dow Jones & Company; Nasdaq, Inc.; Forbes Media, LLC; Investor's Business Daily, Inc.; and Morningstar, Inc.
Copyright 2024 Zacks Investment Research | 10 S Riverside Plaza Suite #1600 | Chicago, IL 60606
At the center of everything we do is a strong commitment to independent research and sharing its profitable discoveries with investors. This dedication to giving investors a trading advantage led to the creation of our proven Zacks Rank stock-rating system. Since 1988 it has more than doubled the S&P 500 with an average gain of +23.68%  per year. These returns cover a period from January 1, 1988 through August 5, 2024. Zacks Rank stock-rating system returns are computed monthly based on the beginning of the month and end of the month Zacks Rank stock prices plus any dividends received during that particular month. A simple, equally-weighted average return of all Zacks Rank stocks is calculated to determine the monthly return. The monthly returns are then compounded to arrive at the annual return. Only Zacks Rank stocks included in Zacks hypothetical portfolios at the beginning of each month are included in the return calculations. Zacks Ranks stocks can, and often do, change throughout the month. Certain Zacks Rank stocks for which no month-end price was available, pricing information was not collected, or for certain other reasons have been excluded from these return calculations. Zacks may license the Zacks Mutual Fund rating provided herein to third parties, including but not limited to the issuer.
Visit Performance Disclosure for information about the performance numbers displayed above.
Visit www.zacksdata.com to get our data and content for your mobile app or website.
Real time prices by BATS. Delayed quotes by Sungard.
NYSE and AMEX data is at least 20 minutes delayed. NASDAQ data is at least 15 minutes delayed.
This site is protected by reCAPTCHA and the Google Privacy Policy, DMCA Policy and Terms of Service apply.
",
2024-04-12 16:00:00,"POSSIBLE ANNOUNCES LINEUP FOR TELEVISAUNIVISION'S KEYNOTE SESSION, TAPPING INFLUENTIAL VOICES ACROSS LATIN MUSIC AND CULTURE",https://www.benzinga.com/pressreleases/24/04/n38223738/possible-announces-lineup-for-televisaunivisions-keynote-session-tapping-influential-voices-across,"Rebeca León, Ignacio ""Nacho"" Meyer and LeLe Pons to discuss the growing influence of Latin culture across media and entertainment, moderated by Axios' Sara Fischer",www.benzinga.com,0.380955,Bullish,MCD,0.025761,0.0,Neutral,2024-04-12 16:00:00,"Rebeca León, Ignacio ""Nacho"" Meyer and LeLe Pons to discuss the growing influence of Latin culture across media and entertainment, moderated by Axios' Sara Fischer
NEW YORK, April 12, 2024 /PRNewswire/ -- Beyond Ordinary Events, Inc. and POSSIBLE, the premier marquee marketing event, announced today that TelevisaUnivision will bring CEO and co-founder of Lionfish Rebeca León, Billboard Latin Power Player Ignacio ""Nacho"" Meyer, and social media star Lele Pons as panelists for a session on Tuesday, April 16. The session titled ""VIVA LA CULTURA: The Power of Latin Music to Drive Business Forward"" will focus on the worldwide impact of Latin music and culture on the marketing industry and the strategies that marketers can utilize to attract young, diverse audiences.





León, Meyer and Pons will take the stage to have a candid conversation moderated by Sara Fischer, senior media reporter at Axios. The group will discuss how Latin music has taken the world by storm, leading charts, breaking barriers, and moving young fans the world over to sing along in Spanish to connect with their beloved stars. More marketers than ever are taking note – bringing together blue-chip brands with the biggest names in Latin music. The conversation will also spotlight how Latin culture and marketing transcend language and borders – moving younger generations to action and building huge opportunities for brands.
""I'm excited to bring this group on board to discuss the music that moves us and the cultural zeitgeist forward. This session will reflect the ongoing conversations within our industry to embrace authentic, culturally inclusive strategies to attract new audiences, "" said Christian Muche, CEO and Co-Founder of Beyond Ordinary Events & POSSIBLE. ""This session will definitely be one to watch, as it is a much needed conversation about the intersection of culture and marketing led by trailblazers in our industry.""
Rebeca León is the CEO and Founder of Lionfish Entertainment and Lionfish Studios, an artist management company and film and TV studio. León established Lionfish Studios in 2019, a film and TV production studio focused on creating content that draws from her music industry experience, as well as her Cuban heritage and Miami background. In 2022, Sony Music invested in her company, backing her efforts for more female-driven, bicultural, music-centric stories. She co-produced the ""Father of the Bride"" remake alongside Jeremy Kleiner of Plan B, with whom she also has a  project in development with Apple and Keshet, in addition to other notable projects.
León has been instrumental in engineering cultural shifts in the paradigm of Latin music. She currently manages Brazilian superstar Anitta, Venezuelan singer songwriter Danny Ocean and Spanish rising star st. Pedro. In the past Leon has overseen  the rise of Rosalía and J Balvin, and  managed Juanes for ten  years. She's been in the renowned Billboard's Power Players list twelve times, and in 2019, she was featured onRolling Stone's Top Latin Executives list. She has been recognized in Billboard's Women In Music issue every year since 2010.
Ignacio ""Nacho'' Meyer is President of Univision Television Networks Group at TelevisaUnivision Inc., the world's leading Spanish-language media and content company. In this role, Meyer contributes to TelevisaUnivision's business expansion and transformation, and helps integrate his team based in the United States with the content and operations teams located in Mexico. With over 20 years in the media, music and entertainment industry, he strategically promotes the portfolio of brands' innovation, including Univision, UNIMÁS, Galavisión and TUDN. He brings the best and most diverse talent, executives, and teams to help create and develop the most watched and awarded Spanish language shows in the U.S. and ensures continuous engagement with the Hispanic to inform, entertain and empower the Hispanic audience. Previously, Meyer was the Executive Vice President of Music and Non-scripted Entertainment for Univision's Entertainment and Music division in the U.S., driving the entertainment and music groups' global strategy, managing Univision's unscripted programming, and developing business opportunities with and for entertainment and music partners
Eleonora ""Lele"" Pons is a social media pioneer who entertains millions with her comedy, music, and content. Before achieving fame as the most followed woman on Vine and starring in numerous movies and TV shows, Lele Pons's foundation lay in music. In addition to all her accomplishments as a successful content creator, she has made a notable presence, received nominations, and won awards at prestigious award shows such as the Latin Grammys, Latin American Music Awards, Premio Lo Nuestro, MTV Awards, People's Choice Awards, Teen
Choice Awards, iHeartRadio Music Awards, and The Streamy Awards. In 2015 Former First Lady Michelle Obama invited Pons to the White House to help launch her ""Better Make Room"" campaign. In that same year, she appeared next to influential figures such as Mark Zuckerberg, Tim Cook, and Amy Schumer on Vanity Fair's ""New Establishment List"" as a ""disruptor"" of the status quo. In 2017, Forbes recognized her as a member of its ""30 Under 30 Celebrities"" class. Lele participated in Season 32 of 'Dancing with the Stars' in 2023.
POSSIBLE takes place at the Fontainebleau Miami Beach on April 15-17. POSSIBLE is a tentpole event that brings together the most influential marketing and business leaders, as well as visionaries from technology, digital, media, entertainment, and culture.
During the event, POSSIBLE will present 14 tracks of curated content, masterclasses, workshops, an exposition, an outside activation area, VIP networking, and entertainment. More than 200 marketing industry leaders will grace the stages at POSSIBLE. The POSSIBLE agenda is live with more speakers, sessions, and celebrity headliners added weekly. Brand marketers attend POSSIBLE for free. The event officially kicks-off Monday, April 15, and extends through Wednesday, April 17 with a special program to debut Google's Human:Human Experience on Thursday at 8am.. There is still time to register to attend POSSIBLE.
About POSSIBLE POSSIBLE is the premier marquee marketing event, owned and organized by Beyond Ordinary Events, Inc., that is curated specifically for the greater marketing ecosystem, including brands, technology, digital, media, culture, and more. Powered by the omnichannel expertise of MMA Global, the second edition will take place on April 15-17, 2024 at the Fontainebleau Miami Beach, and also combines all former MMA Global events into one colossal, immersive, and engaging celebration. Brimming with content dedicated to future-thinking marketers combined with innovation and emerging technologies, POSSIBLE is the centerpiece for the entire marketing and media community to network with industry peers, share ideas, present visions, create business opportunities and discuss mutual challenges. Conceived and created by Co-Founder Christian Muche, POSSIBLE is fast becoming the cornerstone marketing tent-pole event of the year. Register to attend at possibleevent.com.
About MMA GlobalComprised of over 800-member companies globally, MMA Global is the only marketing trade association that brings together the full ecosystem of marketers, martech, adtech, media and other marketer supporting companies, who work collaboratively architecting the future of marketing, while relentlessly fixated on delivering growth today. Led by CMOs, the MMA helps marketers lead the imperative for marketing change by taking on marketing's unanswered questions and challenging our commonly held beliefs. We are committed to science and questioning; believing that creating new & even revolutionary marketing impact is steeped in constructively challenging the status quo. MMA also works directly with members and business leaders to aggressively adopt peer-driven, proven, science-supported best practices, without compromise. The MMA invests millions in groundbreaking research to enable marketers with unassailable truth and actionable insights & tools. By enlightening, empowering and enabling marketers, the MMA shapes marketing's future success, while also propelling business growth.
Members include: AT&T Communications, Adobe, Ally Bank, AppsFlyer, Bank of America, Campbell Soup, Clear Channel Outdoor, Colgate-Palmolive, CVS Pharmacy, Inc. (CVS Health), Diageo, Morgan Stanley, Ford Motor Company, General Motors Company, Google, Hilton Worldwide, Kargo, Kroger, L'Oreal, Major League Baseball, Mastercard, McDonalds Corporation, Meta, NBCUniversal, Netflix, Pinterest, Roku, Snap Inc, Target Brands, Inc., T-Mobile USA, Twitter, Uber, Walmart Inc., Walt Disney Company, Yahoo! and many more. The MMA's global headquarters are located in New York City with regional operations in 14 countries across Asia Pacific (APAC), Europe/Middle East/Africa (EMEA) and Latin America (LATAM).
For more information see www.mmaglobal.com.
 View original content to download multimedia:https://www.prnewswire.com/news-releases/possible-announces-lineup-for-televisaunivisions-keynote-session-tapping-influential-voices-across-latin-music-and-culture-302115406.html
SOURCE  POSSIBLE
© 2024 Benzinga.com. Benzinga does not provide investment advice. All rights reserved.
Trade confidently with insights and alerts from analyst ratings, free reports and breaking news that affects the stocks you care about.
",
2024-04-24 12:10:44,"Delta Air Lines, McDonald's And 2 Other Stocks Insiders Are Selling - Delta Air Lines  ( NYSE:DAL ) , McDonald's  ( NYSE:MCD ) ",https://www.benzinga.com/news/24/04/38401948/delta-air-lines-mcdonalds-and-2-other-stocks-insiders-are-selling,"The Nasdaq 100 closed higher by around 1.5% on Tuesday. Investors, meanwhile, focused on some notable insider trades. When insiders sell shares, it could be a preplanned sale, or could indicate their concern in the company's prospects or that they view the stock as being overpriced.",www.benzinga.com,0.22917,Somewhat-Bullish,MCD,0.175221,0.112395,Neutral,2024-04-24 12:10:44,"The Nasdaq 100 closed higher by around 1.5% on Tuesday. Investors, meanwhile, focused on some notable insider trades.
When insiders sell shares, it could be a preplanned sale, or could indicate their concern in the company's prospects or that they view the stock as being overpriced. Insider sales should not be taken as the only indicator for making an investment or trading decision. At best, it can lend conviction to a selling decision.
Below is a look at a few recent notable insider sales. For more, check out Benzinga’s insider transactions platform.
Have a look at our premarket coverage here
Check This Out: Tesla, Boeing And 3 Stocks To Watch Heading Into Wednesday
© 2024 Benzinga.com. Benzinga does not provide investment advice. All rights reserved.
Trade confidently with insights and alerts from analyst ratings, free reports and breaking news that affects the stocks you care about.
",
2024-04-26 15:20:00,McDonald's  ( MCD )  Gears Up for Q1 Earnings: What's in the Cards?,https://www.zacks.com/stock/news/2263553/mcdonalds-mcd-gears-up-for-q1-earnings-whats-in-the-cards,"McDonald's (MCD) first-quarter top line is likely to have benefited from solid digital adoption, menu innovation and unit-expansion efforts ...",www.zacks.com,0.252564,Somewhat-Bullish,MCD,0.318897,0.332317,Somewhat-Bullish,2024-04-26 15:20:00,"We use cookies to understand how you use our site and to improve your experience. This includes personalizing content and advertising. To learn more, click here. By continuing to use our site, you accept our use of cookies, revised Privacy Policy and Terms of Service.
New to Zacks? Get started here.
Don't Know Your Password?

Don't Know Your Password?

You are being directed to ZacksTrade, a division of LBMZ Securities and licensed broker-dealer. ZacksTrade and Zacks.com are separate companies. The web link between the two companies is not a solicitation or offer to invest in a particular security or type of security. ZacksTrade does not endorse or adopt any particular investment strategy, any analyst opinion/rating/report or any approach to evaluating individual securities.
If you wish to go to ZacksTrade, click OK. If you do not, click Cancel.
OK Cancel
Image: Bigstock
Zacks Equity Research
                    April 26, 2024

MCD Quick QuoteMCD QSR Quick QuoteQSR SHAK Quick QuoteSHAK WING Quick QuoteWING 



Better trading starts here.



You follow Analyst Blog - edit


You follow Zacks Equity Research - edit



Zacks Equity Research



Analyst Blog

McDonald's Corporation (MCD Quick QuoteMCD  -  Free Report)     is scheduled to report first-quarter 2024 results on Apr 30, before the opening bell. In the last reported quarter, the company reported an earnings surprise of 5%.
The Zacks Consensus Estimate for first-quarter earnings is pegged at $2.70 per share, indicating an improvement of 2.7% from $2.63 reported in the year-ago quarter.For revenues, the consensus mark is pegged at $6.2 billion, suggesting growth of 4.6% from the prior-year quarter’s figure.
 
McDonald's Corporation price-eps-surprise | McDonald's Corporation Quote
 
Let's look at how things have shaped up in the quarter.
McDonald's first-quarter top line is likely to have increased year over year courtesy of solid digital adoption, menu innovation and unit-expansion efforts. This and compelling value programs, growth in digital and delivery and pricing optimizations are likely to have driven comps improvement in the to-be-reported quarter. Our model predicts first-quarter comps to rise 4.2% year over year.We expect total U.S. company-operated sales in first-quarter 2024 to be up nearly 3% year over year to $784.2 million.
Scrutiny of International trends, particularly in light of the management's comments (during fourth-quarter earnings call) regarding softness in China and the Middle East, underscores the complexities present. Dismal franchisee cash flows in the France region are likely to add to the negatives. Our model predicts first-quarter franchise revenues in the International Operated Markets to fall 5.7% year over year to $1.4 billion.
Given the substantial presence of McDonald's US co-owned stores in California, recent hikes in the California minimum wage are expected to have exerted pressure on the company’s margins in the first quarter.
Investors should consider holding onto McDonald's shares due to its enduring strength and stability, underscored by a robust track record. With MCD’s shares having gained 7.8% in the past six months compared with the industry's 14.9% rally, a cautious approach is warranted amid uncertain market signals. Restricting fresh entry into MCD during this period helps manage exposure to these uncertainties, allowing investors to await a more favorable entry point or a more precise trajectory for the company's performance.
Our proven model predicts an earnings beat for McDonald’s this time around. The combination of a positive Earnings ESP and a Zacks Rank #1 (Strong Buy), 2 (Buy) or 3 (Hold) increases the odds of an earnings beat.Earnings ESP: McDonald’s has an Earnings ESP of +0.08%. You can uncover the best stocks to buy or sell before they’re reported with our Earnings ESP Filter.Zacks Rank: The company has a Zacks Rank #3 (Hold).
Here are some other stocks from the Zacks Retail-Wholesale space that investors may consider, as our model shows that these also have the right combination of elements to post an earnings beat:Wingstop Inc. (WING Quick QuoteWING  -  Free Report)     has an Earnings ESP of +4.60% and a Zacks Rank #2. You can see the complete list of today’s Zacks #1 Rank stocks here.
The stock has risen 44.2% so far this year. WING’s earnings beat estimates in each of the trailing four quarters, the average surprise being 21.3%.Shake Shack Inc. (SHAK Quick QuoteSHAK  -  Free Report)     has an Earnings ESP of +3.33% and a Zacks Rank #3.Shares of SHAK have gained 36.8% so far this year. SHAK’s earnings beat estimates in each of the trailing four quarters, the average surprise being 92.6%.Restaurant Brands International Inc. (QSR Quick QuoteQSR  -  Free Report)     has an Earnings ESP of +0.44% and a Zacks Rank of 3.Shares of QSR have declined 6.4% so far this year. It reported better-than-expected earnings in each of the trailing four quarters, the average surprise being 10.2%.Stay on top of upcoming earnings announcements with the Zacks Earnings Calendar.
McDonald's Corporation (MCD) - free report >>
Restaurant Brands International Inc. (QSR) - free report >>
Shake Shack, Inc. (SHAK) - free report >>
Wingstop Inc. (WING) - free report >>
Our experts picked 7 Zacks Rank #1 Strong Buy stocks with the best chance to skyrocket within the next 30-90 days.
Recent stocks from this report have soared up to +67.5% within 30 days - this month's picks could be even better. See our report's fresh new picks today - it's really free!
Privacy Policy  |  No cost, no obligation to buy anything ever.
Past performance is no guarantee of future results.
This page has not been authorized, sponsored, or otherwise approved or endorsed by the companies represented herein. Each of the company logos represented herein are trademarks of Microsoft Corporation; Dow Jones & Company; Nasdaq, Inc.; Forbes Media, LLC; Investor's Business Daily, Inc.; and Morningstar, Inc.
Copyright 2024 Zacks Investment Research | 10 S Riverside Plaza Suite #1600 | Chicago, IL 60606
At the center of everything we do is a strong commitment to independent research and sharing its profitable discoveries with investors. This dedication to giving investors a trading advantage led to the creation of our proven Zacks Rank stock-rating system. Since 1988 it has more than doubled the S&P 500 with an average gain of +23.68%  per year. These returns cover a period from January 1, 1988 through August 5, 2024. Zacks Rank stock-rating system returns are computed monthly based on the beginning of the month and end of the month Zacks Rank stock prices plus any dividends received during that particular month. A simple, equally-weighted average return of all Zacks Rank stocks is calculated to determine the monthly return. The monthly returns are then compounded to arrive at the annual return. Only Zacks Rank stocks included in Zacks hypothetical portfolios at the beginning of each month are included in the return calculations. Zacks Ranks stocks can, and often do, change throughout the month. Certain Zacks Rank stocks for which no month-end price was available, pricing information was not collected, or for certain other reasons have been excluded from these return calculations. Zacks may license the Zacks Mutual Fund rating provided herein to third parties, including but not limited to the issuer.
Visit Performance Disclosure for information about the performance numbers displayed above.
Visit www.zacksdata.com to get our data and content for your mobile app or website.
Real time prices by BATS. Delayed quotes by Sungard.
NYSE and AMEX data is at least 20 minutes delayed. NASDAQ data is at least 15 minutes delayed.
This site is protected by reCAPTCHA and the Google Privacy Policy, DMCA Policy and Terms of Service apply.
",
2024-04-29 16:33:29,California Restaurants Dish Out Price Hikes: Menu Costs Reportedly Surge Amid Minimum Wage Increase - Chipotle Mexican Grill  ( NYSE:CMG ) ,https://www.benzinga.com/markets/equities/24/04/38497057/california-restaurants-dish-out-price-hikes-menu-costs-reportedly-surge-amid-minimum-wage-increa,Restaurants across California are reportedly implementing menu price hikes following the state's increase in minimum wage for fast-food workers.,www.benzinga.com,0.24065,Somewhat-Bullish,MCD,0.24289,0.161984,Somewhat-Bullish,2024-04-29 16:33:29,"Restaurants across California are reportedly implementing menu price hikes following the state’s increase in minimum wage for fast-food workers.
This surge in prices has been observed at various fast-food and fast-casual chains throughout the Golden State, outpacing other regions, according to a report from the WSJ, which cited market research firm Datassential.
Since September, when California mandated large fast-food chains to elevate their minimum hourly pay to $20 by April, restaurants statewide have collectively increased prices by 10%.
Notably, this increment surpassed the price adjustments seen in other states, according to Datassential’s analysis of over 70 major chains, the report noted.
Chipotle Mexican Grill Inc CMG, for instance, disclosed a 6% to 7% price surge at its nearly 500 California locations during the first week of April compared to the previous year.
Chipotle’s Chief Executive Brian Niccol highlighted the challenges imposed by the state’s regulations.
In response to the wage law, major fast-food chains like McDonald’s Corp MCD, Jack in the Box Inc JACK, and Shake Shack Inc SHAK have planned to raise prices, estimating significant additional labor costs per restaurant, as per the report.
Despite opposition from some quarters, the wage law remains supported by advocates like California Governor Gavin Newsom. They argue that increased wages will benefit workers and stimulate local economies.
As consumers reassess their spending in light of escalating prices, independent eateries emerge as viable alternatives. The California wage law doesn’t apply to restaurants with less than 60 national locations.
Disclaimer: This content was partially produced with the help of AI tools and was reviewed and published by Benzinga editors.
Photo via Shutterstock
© 2024 Benzinga.com. Benzinga does not provide investment advice. All rights reserved.
Trade confidently with insights and alerts from analyst ratings, free reports and breaking news that affects the stocks you care about.
",
2024-04-30 05:06:16,McDonald's Likely To Report Higher Q1 Earnings; Here Are The Recent Forecast Changes From Wall Street's Most Accurate Analysts - McDonald's  ( NYSE:MCD ) ,https://www.benzinga.com/news/earnings/24/04/38509641/mcdonalds-likely-to-report-higher-q1-earnings-here-are-the-recent-forecast-changes-from-wall-street,"McDonald's Corporation MCD is set to release earnings results for its first quarter before the opening bell on April 30. Analysts expect the Chicago, Illinois-based company to report quarterly earnings at $2.72 per share, up from $2.63 per share in the year-ago period.",www.benzinga.com,0.072924,Neutral,MCD,0.247838,0.0,Neutral,2024-04-30 05:06:16,"McDonald’s Corporation MCD is set to release earnings results for its first quarter before the opening bell on April 30.
Analysts expect the Chicago, Illinois-based company to report quarterly earnings at $2.72 per share, up from $2.63 per share in the year-ago period. McDonald’s is projected to report quarterly revenue of $6.16 billion, up from $5.9 billion in the year-earlier quarter, according to data from Benzinga Pro.
McDonald's recently announced that it will be repurchasing all its franchises in Israel. This move comes amidst ongoing tensions in the Middle East, which have had a significant impact on the company's business.
McDonald’s shares rose 0.2% to close at $273.55 on Monday.
Benzinga readers can access the latest analyst ratings on the Analyst Stock Ratings page. Readers can sort by stock ticker, company name, analyst firm, rating change or other variables.
Let's have a look at how Benzinga's most-accurate analysts have rated the company in the recent period.
Read This Next: Jim Cramer Likes Palantir, Recommends Pioneer Natural Resources: ‘I Want You To Ka-Ching, Ka-Ching’
© 2024 Benzinga.com. Benzinga does not provide investment advice. All rights reserved.
Sort by estimates, projected upside, profit surprises, and more to easily find new stocks to invest in or check up on your portfolio.
Trade confidently with insights and alerts from analyst ratings, free reports and breaking news that affects the stocks you care about.
",
2024-04-30 10:57:22,"S&P 500, Nasdaq Set To Open Lower Ahead Of Fed Decision: What's Dragging Stock Futures? - Invesco QQQ Trust, Series 1  ( NASDAQ:QQQ ) , SPDR S&P 500  ( ARCA:SPY ) ",https://www.benzinga.com/news/earnings/24/04/38514380/wall-street-on-edge-ahead-of-fed-decision-spotlight-falls-on-amazon-and-amd-earnings-analyst-says-s,"U.S. stocks appear to be on the back foot early on Tuesday, with index futures trading modestly lower in early pre-market activity. Caution reigns supreme as traders anxiously await the Federal Reserve's interest rate decision on Wednesday.",www.benzinga.com,0.028952,Neutral,MCD,0.088472,0.0,Neutral,2024-04-30 10:57:22,"U.S. stocks appear to be on the back foot early on Tuesday, with index futures trading modestly lower in early pre-market activity. Caution reigns supreme as traders anxiously await the Federal Reserve’s interest rate decision on Wednesday. A hawkish stance, either in the post-meeting policy statement or Fed Chair Jerome Powell’s remarks, could trigger a market pullback.  However, recent scorching inflation data has already tempered market expectations for rate cuts.
Adding to the market’s volatility, the busy earnings season commences this week. Company results and their outlooks for the future could significantly impact stock prices.
Cues From The Last Session:
Stocks closed Monday’s session on a positive note, although trading was marked by some degree of volatility. The major indices opened the session higher, as the positive momentum from Friday carried over into the new week, with Tesla, Inc. TSLA leading from the front. They stayed above the unchanged line for the better part of the morning before reversing course in late afternoon trading.
While apprehension ahead of the week’s key earnings and data was attributed to the weakness, the stock recovered thereafter to close higher for a second straight session. Market participants also blamed the intraday slide on an increase in the U.S. Treasury’s June quarter borrowing estimates.
The gains were led by consumer discretionary stocks, while communication services stocks dragged.
Insights From Analysts:
Ahead of the Fed meeting, Wharton Professor Jeremy Siegel, Senior Economist to WisdomTree, said in his weekly commentary, that the market is currently pricing in only slim chances of rate cuts this year. On Wednesday, the economist expects Powell to repeat the rhetoric that the central bank doesn’t have enough confidence to lower rates.
Siegel expects the press to probe as to whether the Fed was contemplating rate hikes. “Powell's answer to that may be illuminating,” he said. “It is quite possible with two more inflation prints before the June meeting, that the Fed can get enough information to signal imminent cuts. I'm not ruling out a rate cut at the June meeting.”
Fundstrat expressed confidence in the market recovery taking root. “Stocks survive ‘fragility test’ of April. Roadmap for May more constructive = recovery towards S&P 5,200,” said the firm in a post on X.
Upcoming Economic Data:
See also: Best Futures Trading Software
Stocks In Focus: 
Commodities, Bonds, and Global Equity Markets:
Crude oil futures rose modestly on Tuesday and yet traded at the sub-$83-a-barrel mark and gold futures moved sideways around the $2,300 level.
The 10-year note yield held around the 4.628% mark.
Bitcoin BTC/USD has pulled back over the past 24 hours and traded under $62,000.
Asian stocks moved about in a lackluster manner before closing on a mixed note. While the Japanese market, which reopened after a public holiday, rallied strongly, Chinese equities pulled back as investors weighed in the private-sector activity data.
The Japanese yen weakened after Monday’s surge achieved on the back of government intervention to prop up the currency. 
European markets were lower in early trading as investors digested a slew of domestic economic data. The euro area expanded more than expected in the first quarter, as the economy emerged out of a recession, and the March inflation came in line with forecasts. 
Read Next: Will Earnings Cheer Continue To Buoy Markets? Apple, Amazon, Pfizer, Coinbase Lead Flurry Of Q1 Reports This Week
illustration created using artificial intelligence via MidJourney.
© 2024 Benzinga.com. Benzinga does not provide investment advice. All rights reserved.
Sort by estimates, projected upside, profit surprises, and more to easily find new stocks to invest in or check up on your portfolio.
Trade confidently with insights and alerts from analyst ratings, free reports and breaking news that affects the stocks you care about.
",
2024-04-30 13:32:14,"McDonald's Bottomline Faces The Heat Of Consumer Spending Cut In Q1, Shares Slide Why Is McDonald's  ( MCD )  Stock Sliding Today? - McDonald's  ( NYSE:MCD ) ",https://www.benzinga.com/news/earnings/24/04/38520891/mcdonalds-bottomline-faces-the-heat-of-consumer-spending-cut-in-q1-shares-slide,"McDonald's Corp MCD shares are trading lower after the company reported first-quarter FY24 sales growth of 4.6% year-on-year to $6.17 billion, beating the analyst consensus estimate of $6.155 billion. Global comparable sales rose 1.9%, marking 13 consecutive quarters of positive comparable sales ...",www.benzinga.com,0.28369,Somewhat-Bullish,MCD,0.579393,-0.017632,Neutral,2024-04-30 13:32:14,"McDonald’s Corp MCD shares are trading lower after the company reported first-quarter FY24 sales growth of 4.6% year-on-year to $6.17 billion, beating the analyst consensus estimate of $6.155 billion.
Global comparable sales rose 1.9%, marking 13 consecutive quarters of positive comparable sales growth. 
U.S. comparable sales rose 2.5%, and systemwide sales increased 3%. Sales by company-owned and operated restaurants increased 6% Y/Y to $2.35 billion, while sales from franchised restaurants rose 4% to $3.72 billion.
Total operating costs and expenses increased 2% to $3.43 billion. Operating income for the quarter rose 8% to $2.7 billion, with an operating margin of 44.3%, up from 42.9% year-over-year.
Adjusted EPS of $2.70 missed the consensus estimate of $2.72.
“As consumers are more discriminating with every dollar that they spend, we will continue to earn their visits by delivering leading, reliable, everyday value and outstanding execution in our restaurants,” said CEO Chris Kempczinski.
Outlook: MCD sees FY24 operating margin to be in the mid-to-high 40% range; capital expenditure of $2.5 billion – $2.7 billion.
Globally, the company expects to open about 2,100 restaurants in FY24.
Price Action: MCD shares are trading lower by 3.65% at $263.56 premarket at the last check Tuesday.
Photo Generated Using Dall-E Artificial Intelligence
© 2024 Benzinga.com. Benzinga does not provide investment advice. All rights reserved.
Sort by estimates, projected upside, profit surprises, and more to easily find new stocks to invest in or check up on your portfolio.
Trade confidently with insights and alerts from analyst ratings, free reports and breaking news that affects the stocks you care about.
",
2024-04-30 14:17:54,Dow Tumbles 200 Points; McDonald's Posts Downbeat Earnings - McDonald's  ( NYSE:MCD ) ,https://www.benzinga.com/news/earnings/24/04/38522465/dow-tumbles-200-points-mcdonalds-posts-downbeat-earnings,"U.S. stocks traded lower this morning, with the Dow Jones index falling more than 200 points on Tuesday. Following the market opening Tuesday, the Dow traded down 0.59% to 38,159.97 while the NASDAQ fell 0.23% to 15,945.74. The S&P 500 also fell, dropping, 0.23% to 5,104.26.",www.benzinga.com,-0.087077,Neutral,MCD,0.123526,0.0,Neutral,2024-04-30 14:17:54,"U.S. stocks traded lower this morning, with the Dow Jones index falling more than 200 points on Tuesday.
Following the market opening Tuesday, the Dow traded down 0.59% to 38,159.97 while the NASDAQ fell 0.23% to 15,945.74. The S&P 500 also fell, dropping, 0.23% to 5,104.26.
Check This Out: Jim Cramer Likes Palantir, Recommends Pioneer Natural Resources: ‘I Want You To Ka-Ching, Ka-Ching’
Leading and Lagging SectorsHealth care shares rose by 0.5% on Tuesday.
In trading on Tuesday, materials shares fell by 0.7%.
Top Headline
McDonald's Corp MCD reported mixed first-quarter results on Tuesday.
McDonald's reported first-quarter FY24 sales growth of 4.6% year-on-year to $6.17 billion, beating the analyst consensus estimate of $6.155 billion. Adjusted EPS of $2.70 missed the consensus estimate of $2.72.
Equities Trading UP                       
Equities Trading DOWN
Also Check This Out: Domino’s Pizza To Rally Over 10%? Here Are 10 Top Analyst Forecasts For Tuesday 
CommoditiesIn commodity news, oil traded up 0.3% to $82.91 while gold traded down 1.4% at $2,324.20.
Silver traded down 2.8% to $26.62 on Tuesday, while copper fell 1.3% to $4.6155.
Euro zone
European shares were mostly lower today. The eurozone's STOXX 600 slipped 0.1%, London's FTSE 100 rose 0.5% while Spain's IBEX 35 Index fell 1.7% The German DAX fell 0.5% French CAC 40 fell 0.2% while Italy's FTSE MIB Index fell 0.5%.
The annual inflation rate in the eurozone remained at 2.4% in April, in line with market estimates, while annual inflation rate in Italy slowed to 0.9% in April from 1.2% in the prior month. The annual inflation rate in France slowed to 2.2% in April from 2.3% in March, while producer prices in France declined 0.2% month-over-month in March. The French economy expanded by 0.2% quarter-over-quarter in the first quarter.
Consumer credit in the UK increased by £1.577 billion in March versus a revised £1.429 billion in the previous month. German economy grew by 0.2% in the first quarter following a 0.5% contraction in the prior period, while jobless rate in Germany remained at 5.9%for the fifth straight month in April. German retail sales rose by 1.8% month-over-month during March.
Asia Pacific Markets
Asian markets closed mixed on Tuesday, with Japan's Nikkei 225 adding 1.24%, Hong Kong's Hang Seng Index gaining 0.09%, China's Shanghai Composite falling 0.26% and India's S&P BSE Sensex falling 0.25%.
Japan’s housing starts fell by 12.8% year-over-year in March following an 8.2% decline in the previous month. Retail sales in Japan climbed 1.2% year-over-year in March, while industrial production in rose 3.8% month-over-month in March.
The Caixin China General Manufacturing PMI rose to 51.4 in April versus 51.1 a month ago, while official NBS Manufacturing PMI declined to 50.4 in April from 50.8 in March.
Economics
Now Read This: Jim Cramer Rejects Illumina As ‘It’s Not Well-Run,’ Recommends Buying This Tech Stock ‘Right Here, Right Now’
© 2024 Benzinga.com. Benzinga does not provide investment advice. All rights reserved.
Sort by estimates, projected upside, profit surprises, and more to easily find new stocks to invest in or check up on your portfolio.
Trade confidently with insights and alerts from analyst ratings, free reports and breaking news that affects the stocks you care about.
",
2024-04-30 14:18:00,"McDonald  ( MCD )  Q1 Earnings Miss, Revenues Top Estimates",https://www.zacks.com/stock/news/2265229/mcdonald-mcd-q1-earnings-miss-revenues-top-estimates,"McDonald's (MCD) first-quarter U.S. comps benefit from menu price increases, effective marketing campaigns, and continued digital and delivery growth.",www.zacks.com,0.254165,Somewhat-Bullish,MCD,0.287537,0.099117,Neutral,2024-04-30 14:18:00,"We use cookies to understand how you use our site and to improve your experience. This includes personalizing content and advertising. To learn more, click here. By continuing to use our site, you accept our use of cookies, revised Privacy Policy and Terms of Service.
New to Zacks? Get started here.
Don't Know Your Password?

Don't Know Your Password?

You are being directed to ZacksTrade, a division of LBMZ Securities and licensed broker-dealer. ZacksTrade and Zacks.com are separate companies. The web link between the two companies is not a solicitation or offer to invest in a particular security or type of security. ZacksTrade does not endorse or adopt any particular investment strategy, any analyst opinion/rating/report or any approach to evaluating individual securities.
If you wish to go to ZacksTrade, click OK. If you do not, click Cancel.
OK Cancel
Image: Bigstock
Zacks Equity Research
                    April 30, 2024

DIN Quick QuoteDIN MCD Quick QuoteMCD WING Quick QuoteWING YUMC Quick QuoteYUMC 



Better trading starts here.



You follow Analyst Blog - edit


You follow Zacks Equity Research - edit



Zacks Equity Research



Analyst Blog

McDonald's Corporation (MCD Quick QuoteMCD  -  Free Report)     posted first-quarter 2024 results, wherein earnings missed the Zacks Consensus Estimate but revenues beat the same. The top and bottom lines increased on a year-over-year basis.Chris Kempczinski, president and CEO of McDonald's, said that as consumers increasingly scrutinize every dollar they spend, the company’s commitment is to consistently earn their patronage by providing top-notch dependable value and exceptional service. Looking ahead to the remainder of 2024 and beyond, MCD’s focus remains on maximizing the competitive strengths outlined in its Accelerating the Arches strategy and expanding its market share in the quick-service restaurant sector to fuel sustained growth.
During first-quarter 2024, McDonald's reported adjusted earnings per share (EPS) of $2.70, which missed the Zacks Consensus Estimate of $2.71. However,  adjusted earnings increased 2% year over year.Quarterly net revenues of $6,169 million beat the consensus mark of $6,168 million. The top line rose 5% year over year.At company-operated restaurants, sales totaled $2.35 billion, up 6% year over year. Sales at franchise-operated restaurants amounted to $3.72 billion and increased 4% year over year. Other revenues rose 6% year over year to $91 million. Our model predicted sales in company-operated and franchise-operated restaurants to rise 10% and 1.4%, respectively, from the prior-year levels.
In the quarter under discussion, global comps expanded 1.9% compared with 12.6% in the prior-year quarter. Our estimate for the same was pinned at 4.2%. The company’s comps increased for the 13th quarter in a row.
McDonald's Corporation price-eps-surprise | McDonald's Corporation Quote
U.S.: During the first quarter, segmental comps rose 2.5% compared with 12.6% a year ago. Comparable sales saw a boost due to increased average checks resulting from strategic menu price adjustments. Strong execution at the restaurant level, impactful marketing initiatives highlighting the core menu offerings, and ongoing growth in digital and delivery services played a role in driving strong comparable sales. Our model estimated U.S. comps to climb 3.9%.International Operated Markets: Segmental comps increased 2.7% compared with 12.6% in the year-ago quarter. Strong comparable sales in Germany and the U.K. resulted in the uptick. We anticipated a rise of 4.2% from the year-ago levels.International Developmental Licensed Segment: Segmental comparable sales registered a 0.2% decline against 12.6% growth in the prior-year quarter. Despite positive comparable sales in Japan, Latin America and Europe, the ongoing effects of the Middle East conflict outweighed the gains.
During the first quarter, McDonald’s total operating costs and expenses were $3.43 billion, up 2% year over year.Operating income rose 8% year over year to $2.73 billion. Net income totaled $1.92 billion, up 7% year over year.
MCD currently carries a Zacks Rank #3 (Hold).Some better-ranked stocks in the Zacks Retail – Restaurants industry are:Dine Brands Global, Inc. (DIN Quick QuoteDIN  -  Free Report)     carries a Zacks Rank #2 (Buy) at present. DIN has a trailing four-quarter earnings surprise of 17.6%, on average. DIN’s shares have lost 9% year to date. You can see the complete list of today’s Zacks #1 Rank (Strong Buy) stocks here.The Zacks Consensus Estimate for DIN’s 2025 sales and EPS indicates a rise of 1.7% and 4.7%, respectively, from the year-ago period’s levels.Wingstop Inc. (WING Quick QuoteWING  -  Free Report)     carries a Zacks Rank #2 at present. WING has a trailing four-quarter earnings surprise of 21.3%, on average. The stock has risen 49.1% year to date.The Zacks Consensus Estimate for WING’s 2025 sales and EPS implies growth of 15.9% and 21.8%, respectively, from the year-ago period’s levels.Yum China Holdings, Inc. (YUMC Quick QuoteYUMC  -  Free Report)     carries a Zacks Rank #2 at present. The company has a trailing four-quarter earnings surprise of 40.7%, on average. Shares of YUMC fell 6.5% year to date.The Zacks Consensus Estimate for YUMC’s 2025 sales and EPS suggests growth of 11% and 16.2%, respectively, from the year-ago period’s levels.
DINE BRANDS GLOBAL, INC. (DIN) - free report >>
McDonald's Corporation (MCD) - free report >>
Wingstop Inc. (WING) - free report >>
Yum China (YUMC) - free report >>
Our experts picked 7 Zacks Rank #1 Strong Buy stocks with the best chance to skyrocket within the next 30-90 days.
Recent stocks from this report have soared up to +67.5% within 30 days - this month's picks could be even better. See our report's fresh new picks today - it's really free!
Privacy Policy  |  No cost, no obligation to buy anything ever.
Past performance is no guarantee of future results.
This page has not been authorized, sponsored, or otherwise approved or endorsed by the companies represented herein. Each of the company logos represented herein are trademarks of Microsoft Corporation; Dow Jones & Company; Nasdaq, Inc.; Forbes Media, LLC; Investor's Business Daily, Inc.; and Morningstar, Inc.
Copyright 2024 Zacks Investment Research | 10 S Riverside Plaza Suite #1600 | Chicago, IL 60606
At the center of everything we do is a strong commitment to independent research and sharing its profitable discoveries with investors. This dedication to giving investors a trading advantage led to the creation of our proven Zacks Rank stock-rating system. Since 1988 it has more than doubled the S&P 500 with an average gain of +23.68%  per year. These returns cover a period from January 1, 1988 through August 5, 2024. Zacks Rank stock-rating system returns are computed monthly based on the beginning of the month and end of the month Zacks Rank stock prices plus any dividends received during that particular month. A simple, equally-weighted average return of all Zacks Rank stocks is calculated to determine the monthly return. The monthly returns are then compounded to arrive at the annual return. Only Zacks Rank stocks included in Zacks hypothetical portfolios at the beginning of each month are included in the return calculations. Zacks Ranks stocks can, and often do, change throughout the month. Certain Zacks Rank stocks for which no month-end price was available, pricing information was not collected, or for certain other reasons have been excluded from these return calculations. Zacks may license the Zacks Mutual Fund rating provided herein to third parties, including but not limited to the issuer.
Visit Performance Disclosure for information about the performance numbers displayed above.
Visit www.zacksdata.com to get our data and content for your mobile app or website.
Real time prices by BATS. Delayed quotes by Sungard.
NYSE and AMEX data is at least 20 minutes delayed. NASDAQ data is at least 15 minutes delayed.
This site is protected by reCAPTCHA and the Google Privacy Policy, DMCA Policy and Terms of Service apply.
",
2024-04-30 17:35:13,"Stocks Dive On Fears Of Hawkish Fed; Treasury Yields Rise, Bitcoin Tumbles To $60,000: What's Driving Markets Tuesday? - Arch Capital Group  ( NASDAQ:ACGL ) ",https://www.benzinga.com/markets/equities/24/04/38529736/stocks-dive-on-fears-of-hawkish-fed-treasury-yields-rise-bitcoin-tumbles-to-60-000-whats-driving,"Investor apprehension grips Wall Street with major indices showing midday losses on Tuesday in New York trading, ahead of the Federal Reserve's potentially hawkish pivot in Wednesday's meeting. The S&P 500 retraced 0.9% after a 2-day positive streak, with the tech-heavy Nasdaq 100 slightly ...",www.benzinga.com,-0.004925,Neutral,MCD,0.134968,0.0,Neutral,2024-04-30 17:35:13,"Investor apprehension grips Wall Street with major indices showing midday losses on Tuesday in New York trading, ahead of the Federal Reserve’s potentially hawkish pivot in Wednesday’s meeting. 
The S&P 500 retraced 0.9% after a 2-day positive streak, with the tech-heavy Nasdaq 100 slightly underperforming, down 1.1%. Small caps suffered larger losses, with the iShares Russell 2000 ETF IWM down 1.5%. 
The stock market faced renewed pressure as economic data revealed a decline in consumer confidence and persistent wage pressures, putting further pressures on the Federal Reserve. 
The Bureau of Labor Statistics reported a 1.2% increase in the employment cost index for the first quarter of 2024, surpassing market expectations of 1% growth and accelerating from the previous three-month period’s 0.9% rise. In April, the Conference Board consumer confidence index dropped from 103.1 to 97 points, falling short of forecasts for a rise to 104.
Bonds provided little refuge to investors as yields surged in response to comments from U.S. Treasury Secretary Janet Yellen, who voiced concerns about the deficit trajectory and proposed substantial measures to address budgetary gaps.
Yields on the 2-year Treasury note breached the psychological 5% threshold, aiming for the highest close since mid-November 2023. The U.S. dollar index (DXY), as tracked Invesco DB USD Index Bullish Fund ETF UUP, rose 0.6%. 
Gold tumbled 1.7%, pressured by higher yields and stronger greenback. Bitcoin BTC/USD plummeted over 5%, on track for its worst daily performance in four weeks amid weak sentiment on cryptocurrencies. 
The SPDR S&P 500 ETF Trust SPY fell 0.9% to $505.30, the SPDR Dow Jones Industrial Average DIA fell 1.1% to $379.75 and the tech-heavy Invesco QQQ Trust QQQ fell 1.1% to $428.01, according to Benzinga Pro data. 
Sector-wise, the Utilities Select Sector SPDR Fund XLU outperformed, up 0.1%, marking the sole positive performance among the eleven S&P 500 sectors. The Energy Select Sector SPDR Fund XLE was the major laggard, down 2.1%.
Read Next: Paramount Could Be Worth $4 Or $14 Per Share In Deal, Analyst Says: ‘We Prefer To Sit This One Out’
Photo: Shutterstock
© 2024 Benzinga.com. Benzinga does not provide investment advice. All rights reserved.
Trade confidently with insights and alerts from analyst ratings, free reports and breaking news that affects the stocks you care about.
",
2024-05-01 07:42:27,"Investor Sentiment Falls, Dow Snaps Five-Month Win Streak - Mastercard  ( NYSE:MA ) , Coca-Cola  ( NYSE:KO ) ",https://www.benzinga.com/news/earnings/24/05/38542052/investor-sentiment-falls-dow-snaps-five-month-win-streak,"The CNN Money Fear and Greed index showed a decline in the overall market sentiment, but the index remained in the ""Fear"" zone on Tuesday. U.S. stocks settled lower on Tuesday, with the Dow Jones index dipping more than 550 points during the session.",www.benzinga.com,-0.183315,Somewhat-Bearish,MCD,0.208464,0.443308,Bullish,2024-05-01 07:42:27,"The CNN Money Fear and Greed index showed a decline in the overall market sentiment, but the index remained in the “Fear” zone on Tuesday.
U.S. stocks settled lower on Tuesday, with the Dow Jones index dipping more than 550 points during the session. All three major indices recorded losses in April, ending a streak of five consecutive months of gains. The Dow dipped 5% to record its weakest monthly performance since Sept. 2022, while the S&P 500 tumbled around 4.2% last month.
Coca-Cola Company KO reported better-than-expected first-quarter results on Tuesday, while McDonald’s Corp MCD reported mixed first-quarter results. 3M Company MMM reported better-than-expected first-quarter 2024 results.
On the economic data front, the Labor Department said the employment cost index rose 1.2% in the first quarter, higher than market estimates of 1%. The S&P CoreLogic Case-Shiller 20-city home price index rose by 7.3% year-over-year in February. The US Federal Reserve will announce its latest interest rate decision on Wednesday.
All sectors on the S&P 500 closed on a negative note, with energy, information technology and consumer discretionary stocks recording the biggest losses on Tuesday
The Dow Jones closed lower by around 570 points to 37,815.92 on Tuesday. The S&P 500 fell 1.57% at 5,035.69, while the Nasdaq Composite dipped 2.04% at 15,657.82 during Tuesday's session.
Investors are awaiting earnings results from Mastercard Incorporated MA, Yum! Brands, Inc. YUM, Pfizer Inc. PFE and QUALCOMM Incorporated QCOM today.
At a current reading of 40.5, the index remained in the “Fear” zone on Tuesday, versus a prior reading of 43.7.
What is CNN Business Fear & Greed Index?
The Fear & Greed Index is a measure of the current market sentiment. It is based on the premise that higher fear exerts pressure on stock prices, while higher greed has the opposite effect. The index is calculated based on seven equal-weighted indicators. The index ranges from 0 to 100, where 0 represents maximum fear and 100 signals maximum greediness.
Read Next: Jim Cramer Rejects Illumina As ‘It’s Not Well-Run,’ Recommends Buying This Tech Stock ‘Right Here, Right Now’
© 2024 Benzinga.com. Benzinga does not provide investment advice. All rights reserved.
Sort by estimates, projected upside, profit surprises, and more to easily find new stocks to invest in or check up on your portfolio.
Trade confidently with insights and alerts from analyst ratings, free reports and breaking news that affects the stocks you care about.
",
2024-05-01 11:11:58,McDonald's Tries Out Bigger Burger To Boost Sluggish Sales - McDonald's  ( NYSE:MCD ) ,https://www.benzinga.com/markets/equities/24/05/38545971/mcdonalds-tries-out-bigger-burger-to-boost-sluggish-sales,"In an effort to boost sales, McDonald's Corp. MCD is set to test a larger burger, the company announced on Tuesday. What Happened: The fast-food giant plans to launch a bigger burger in select markets globally, reported Bloomberg.",www.benzinga.com,0.199662,Somewhat-Bullish,MCD,0.240489,0.22075,Somewhat-Bullish,2024-05-01 11:11:58,"In an effort to boost sales, McDonald’s Corp. MCD is set to test a larger burger, the company announced on Tuesday.
What Happened: The fast-food giant plans to launch a bigger burger in select markets globally, reported Bloomberg. 
This move is part of the company’s larger growth strategy, which was revealed in December and focuses on the core menu, particularly beef.
""Our team of chefs from around the world have created a larger, satiating burger,"" Chief Financial Officer Ian Borden said Tuesday on a call with analysts. McDonald's will roll it out to a few markets around the world to make sure it has global appeal, he said.
See Also: Federal Reserve Meeting Preview: High Interest Rates ‘Need More Time To Work,’ Bank of America Says
The company has been grappling with a slowdown in demand, particularly in the U.S., and is now looking to concentrate on affordability in the domestic market.
Why It Matters: This announcement comes in the wake of McDonald’s reporting a 4.6% year-on-year increase in first-quarter sales to $6.17 billion, surpassing the analyst consensus estimate of $6.155 billion. 
Meanwhile, restaurants in California have been raising menu prices following a state-mandated increase in the minimum wage for fast-food workers. This surge in prices has been observed at various fast-food and fast-casual chains throughout the state, outpacing other regions.
McDonald’s has previously experimented with its burger offerings, such as the revamped Double Big Mac, which included tweaks to the core burger elements and a limited run. These limited-time offerings are often used as marketing tactics to generate customer interest and compete with other fast-food chains.
Read Next: Shiba Inu’s Burn Rate Soars, Cathie Wood Believes Ethereum Could Catch Up To Bitcoin And More: Top Crypto: 
Image Via Shutterstock 
Engineered by Benzinga Neuro, Edited by Kaustubh Bagalkote
The GPT-4-based Benzinga Neuro content generation system exploits the extensive Benzinga Ecosystem, including native data, APIs, and more to create comprehensive and timely stories for you. Learn more.
© 2024 Benzinga.com. Benzinga does not provide investment advice. All rights reserved.
Trade confidently with insights and alerts from analyst ratings, free reports and breaking news that affects the stocks you care about.
",
2024-05-01 12:52:34,McDonald's Analysts Slash Their Forecasts Following Q1 Results - McDonald's  ( NYSE:MCD ) ,https://www.benzinga.com/news/earnings/24/05/38549657/mcdonalds-analysts-slash-their-forecasts-following-q1-results,"McDonald's Corp MCD reported mixed first-quarter results on Tuesday. McDonald's reported first-quarter FY24 sales growth of 4.6% year-on-year to $6.17 billion, beating the analyst consensus estimate of $6.155 billion. Adjusted EPS of $2.70 missed the consensus estimate of $2.72, according to data ...",www.benzinga.com,0.237726,Somewhat-Bullish,MCD,0.277433,0.0,Neutral,2024-05-01 12:52:34,"McDonald’s Corp MCD reported mixed first-quarter results on Tuesday.
McDonald’s reported first-quarter FY24 sales growth of 4.6% year-on-year to $6.17 billion, beating the analyst consensus estimate of $6.155 billion. Adjusted EPS of $2.70 missed the consensus estimate of $2.72, according to data from Benzinga Pro.
Global comparable sales rose 1.9%, marking 13 consecutive quarters of positive comparable sales growth.
U.S. comparable sales rose 2.5%, and systemwide sales increased 3%. Sales by company-owned and operated restaurants increased 6% Y/Y to $2.35 billion, while sales from franchised restaurants rose 4% to $3.72 billion.
""As consumers are more discriminating with every dollar that they spend, we will continue to earn their visits by delivering leading, reliable, everyday value and outstanding execution in our restaurants,"" said CEO Chris Kempczinski.
McDonald’s said it sees FY24 operating margin to be in the mid-to-high 40% range; capital expenditure of $2.5 billion – $2.7 billion.
McDonald’s shares fell 0.2% to close at $273.04 on Tuesday.
These analysts made changes to their price targets on McDonald’s following earnings announcement.
Read This: This Analyst With 86% Accuracy Rate Sees More Than 24% Upside In Lattice Semiconductor – Here Are 5 Stock Picks For April From Wall Street’s Most Accurate Analysts
© 2024 Benzinga.com. Benzinga does not provide investment advice. All rights reserved.
Sort by estimates, projected upside, profit surprises, and more to easily find new stocks to invest in or check up on your portfolio.
Trade confidently with insights and alerts from analyst ratings, free reports and breaking news that affects the stocks you care about.
",
2024-05-03 16:23:00,"Wendy's  ( WEN )  Q1 Earnings Beat Estimates, Revenues Lag",https://www.zacks.com/stock/news/2268224/wendys-wen-q1-earnings-beat-estimates-revenues-lag,"Wendy's (WEN) first-quarter fiscal 2024 results benefit from solid same-restaurant sales, strength in U.S. breakfast sales and digital sales momentum.",www.zacks.com,0.16667,Somewhat-Bullish,MCD,0.117486,-0.024635,Neutral,2024-05-03 16:23:00,"We use cookies to understand how you use our site and to improve your experience. This includes personalizing content and advertising. To learn more, click here. By continuing to use our site, you accept our use of cookies, revised Privacy Policy and Terms of Service.
New to Zacks? Get started here.
Don't Know Your Password?

Don't Know Your Password?

You are being directed to ZacksTrade, a division of LBMZ Securities and licensed broker-dealer. ZacksTrade and Zacks.com are separate companies. The web link between the two companies is not a solicitation or offer to invest in a particular security or type of security. ZacksTrade does not endorse or adopt any particular investment strategy, any analyst opinion/rating/report or any approach to evaluating individual securities.
If you wish to go to ZacksTrade, click OK. If you do not, click Cancel.
OK Cancel
Image: Bigstock
Zacks Equity Research
                    May 03, 2024

MCD Quick QuoteMCD CMG Quick QuoteCMG WEN Quick QuoteWEN YUMC Quick QuoteYUMC 



Better trading starts here.



You follow Analyst Blog - edit


You follow Zacks Equity Research - edit



Zacks Equity Research



Analyst Blog

The Wendy's Company (WEN Quick QuoteWEN  -  Free Report)     reported first-quarter fiscal 2024 results, with earnings beating the Zacks Consensus Estimate and revenues missing the same. The top and the bottom line increased on a year-over-year basis. Solid same-restaurant sales and strength in U.S. breakfast sales and digital sales momentum aided the company’s performance. Following the announcement, Wendy's shares moved up 1.5% during the trading session on May 2.
WEN reported adjusted earnings per share (EPS) of 23 cents, beating the Zacks Consensus Estimate of 21 cents. In the prior-year quarter, it reported adjusted EPS of 21 cents.Revenues of $534.8 million missed the consensus mark of $541 million. The top line inched up 1.1% on a year-over-year basis on the back of net new restaurant development and higher same-restaurant sales. Also, a rise in franchise royalty revenues and advertising funds revenues added to the upside.
 
The Wendy's Company price-consensus-eps-surprise-chart | The Wendy's Company Quote
 
Same-restaurant sales at international restaurants (excluding Argentina) rose 3.2% year over year compared with 13.9% a year ago. Our estimate was 2.3%.Comps at global restaurants rose 0.9% year over year compared with 8% in the prior-year quarter. Comps in the United States registered a 0.6% year-over-year improvement compared with 7.2% in the year-ago quarter.In the quarter under review, Wendy’s inaugurated 35 restaurants globally, reflecting an increase of eight net new units.
During the reported quarter, global system-wide sales — including company-operated and franchise restaurants — rose 2.6% year over year. System-wide sales in the U.S. and International segments were up 1.7% and 8.8% year over year, respectively.
During the quarter under review, the company-operated restaurant margin came in at 15.3% compared with 14.7% in the prior-year quarter. The upside was backed by a higher average check. This was partially offset by customer count declines and higher labor costs.General and administrative expenses were $63.8 million compared with $62.3 million a year ago. The uptick can be primarily driven by an increase in stock compensation and an increase in employee compensation and benefits. However, this was partially offset by lower outside professional services. We projected the metric to be $65.8 million.Quarterly operating profit amounted to $81.2 million, down 3.9% from the year-ago levels. The downside was caused by incremental investment in breakfast advertising, higher depreciation, higher amortization of cloud-computing arrangement costs and higher general and administrative expenses. However, this was partially offset by higher franchise royalty revenues and an increase in U.S. company-operated restaurant margin.Net income was $42 million, up 5.5% from $39.8 million in the year-ago quarter.Adjusted EBITDA totaled $127.8 million, up 1.8% from $125.6 million in the prior-year quarter. The increase was primarily backed by higher franchise royalty revenues and an increase in U.S. company-operated restaurant margin. This was partially offset by an increase in the company's incremental investment in breakfast advertising and higher general and administrative expenses. Our projection was $128.1 million.
Cash and cash equivalents as of Mar 31, 2024, totaled $498.3 million compared with $516 million on Dec 31, 2023. Inventories at the end of the fiscal first quarter amounted to $6.1 million compared with $6.7 million as of Dec 31, 2023. As of Mar 31, 2024, long-term debt was $2.72 billion compared with $2.73 billion at the end of Dec 31, 2023.Management declared a quarterly dividend of 25 cents per share. The dividend will be paid out on Jun 17, 2024, to shareholders on record as of Jun 3, 2024.
For 2024, WEN expects global system-wide sales growth in the range of 5-6%. Adjusted EBITDA is projected in the band of $535-$545 million. Adjusted EPS for 2024 is anticipated to be between $0.98 and $1.02.The company suggests cash flow from operations in the band of $370-$390 million. Capital expenditures are envisioned to be between $90 million and $100 million. Free cash flow is forecast in the range of $280-$290 million.
Wendy's currently has a Zacks Rank #3 (Hold).You can see the complete list of today’s Zacks #1 Rank (Strong Buy) stocks here.
Yum China Holdings, Inc. (YUMC Quick QuoteYUMC  -  Free Report)     reported impressive first-quarter 2024 results, with earnings and revenues beating the Zacks Consensus Estimate. The top and the bottom line increased on a year-over-year basis. The upside can be attributed to robust total system sales growth and new unit contribution.
During the quarter, YUMC reported adjusted EPS of 71 cents, beating the Zacks Consensus Estimate of 66 cents. The bottom line moved up 2.9% from 69 cents reported a year ago.Quarterly revenues of $2.96 billion outpaced the consensus mark of $2.94 billion. The top line inched up 1% on a year-over-year basis. Excluding foreign currency translation, revenues increased 7% year over year.Chipotle Mexican Grill, Inc. (CMG Quick QuoteCMG  -  Free Report)     released stellar first-quarter 2024 results, with earnings and revenues beating the Zacks Consensus Estimate. The top and the bottom line increased on a year-over-year basis. During the quarter, the company reported benefits from enhanced throughput and effective marketing initiatives like Braised Beef Barbacoa and Chicken Al Pastor, leading to strong sales and transaction growth. The company stated that the momentum continued into April.During the quarter, CMG reported adjusted EPS of $13.37, outpacing the Zacks Consensus Estimate of $11.63. The bottom line increased 27.3% from $10.50 reported in the year-ago quarter.Quarterly revenues of $2.7 billion surpassed the consensus mark of $2.68 billion by 1%. The top line rose 14.1% on a year-over-year basis on the back of strong comparable restaurant sales growth and new restaurant openings.McDonald's Corporation (MCD Quick QuoteMCD  -  Free Report)     posted mixed first-quarter 2024 results, with earnings missing the Zacks Consensus Estimate and revenues beating the same. The top and the bottom line increased on a year-over-year basis.During the quarter, MCD reported McDonald's reported adjusted EPS of $2.70, which missed the Zacks Consensus Estimate of $2.71. EPS increased 2% year over year.
Quarterly net revenues of $6,169 million beat the consensus mark of $6,168 million. The top line rose 5% year over year.
McDonald's Corporation (MCD) - free report >>
Chipotle Mexican Grill, Inc. (CMG) - free report >>
The Wendy's Company (WEN) - free report >>
Yum China (YUMC) - free report >>
Our experts picked 7 Zacks Rank #1 Strong Buy stocks with the best chance to skyrocket within the next 30-90 days.
Recent stocks from this report have soared up to +67.5% within 30 days - this month's picks could be even better. See our report's fresh new picks today - it's really free!
Privacy Policy  |  No cost, no obligation to buy anything ever.
Past performance is no guarantee of future results.
This page has not been authorized, sponsored, or otherwise approved or endorsed by the companies represented herein. Each of the company logos represented herein are trademarks of Microsoft Corporation; Dow Jones & Company; Nasdaq, Inc.; Forbes Media, LLC; Investor's Business Daily, Inc.; and Morningstar, Inc.
Copyright 2024 Zacks Investment Research | 10 S Riverside Plaza Suite #1600 | Chicago, IL 60606
At the center of everything we do is a strong commitment to independent research and sharing its profitable discoveries with investors. This dedication to giving investors a trading advantage led to the creation of our proven Zacks Rank stock-rating system. Since 1988 it has more than doubled the S&P 500 with an average gain of +23.68%  per year. These returns cover a period from January 1, 1988 through August 5, 2024. Zacks Rank stock-rating system returns are computed monthly based on the beginning of the month and end of the month Zacks Rank stock prices plus any dividends received during that particular month. A simple, equally-weighted average return of all Zacks Rank stocks is calculated to determine the monthly return. The monthly returns are then compounded to arrive at the annual return. Only Zacks Rank stocks included in Zacks hypothetical portfolios at the beginning of each month are included in the return calculations. Zacks Ranks stocks can, and often do, change throughout the month. Certain Zacks Rank stocks for which no month-end price was available, pricing information was not collected, or for certain other reasons have been excluded from these return calculations. Zacks may license the Zacks Mutual Fund rating provided herein to third parties, including but not limited to the issuer.
Visit Performance Disclosure for information about the performance numbers displayed above.
Visit www.zacksdata.com to get our data and content for your mobile app or website.
Real time prices by BATS. Delayed quotes by Sungard.
NYSE and AMEX data is at least 20 minutes delayed. NASDAQ data is at least 15 minutes delayed.
This site is protected by reCAPTCHA and the Google Privacy Policy, DMCA Policy and Terms of Service apply.
",
2024-05-08 18:50:58,"McDonald's Stock Faces Death Cross, And Investors Aren't Loving It - McDonald's  ( NYSE:MCD ) ",https://www.benzinga.com/analyst-ratings/analyst-color/24/05/38710717/mcdonalds-stock-faces-death-cross-and-investors-arent-loving-it,"McDonald's Corp MCD has recently formed a Death Cross pattern, a bearish technical signal indicating a potential downtrend. This development comes as McDonald's stock has faced challenges, with a 9.8% decline over the past year and a 9.66% decrease year-to-date.",www.benzinga.com,0.031706,Neutral,MCD,0.146469,-0.392961,Bearish,2024-05-08 18:50:58,"McDonald’s Corp MCD has recently formed a Death Cross pattern, a bearish technical signal indicating a potential downtrend. 
This development comes as McDonald’s stock has faced challenges, with a 9.8% decline over the past year and a 9.66% decrease year-to-date.
Chart: Benzinga Pro
In its recent Q1 earnings report, McDonald’s reported a 4.6% year-over-year (YoY) increase in sales to $6.17 billion, beating analyst estimates. Global comparable sales rose 1.9%, marking 13 consecutive quarters of positive comparable sales growth. U.S. comparable sales increased by 2.5%, with systemwide sales rising by 3%.
Despite these positive figures, adjusted EPS of $2.70 missed the consensus estimate of $2.72. The stock is down 2% since McDonald’s earnings report released on Apr. 30.
The pessimism has now led the stock to a Death Cross formation on its price chart. This occurs when the stock’s short-term moving average, typically the 50-day moving average (orange line above), crosses below its long-term moving average, often the 200-day moving average (blue line above).
The Death Cross is a bearish technical signal indicating a potential downtrend. For McDonald’s, it has come amidst broader market turbulence and concerns about inflation, impacting consumer spending and fast-food chains like McDonald’s. Despite the company’s efforts to adapt to changing consumer preferences and enhance its digital offerings, investors remain cautious.
McDonald’s stock had made a Golden Cross back in Jan. We covered it here: From Golden Arches To Golden Cross, McDonald’s Stock: Investors Say “I’m Loving It!” However, contrary to expectations, the stock is down 8.85% since then.
The lack of top-line growth and recent challenges have raised concerns about the company’s future, creating a mixed outlook among investors.
McDonald’s faces challenges in its core markets, with competition intensifying and rising costs squeezing margins. The company’s recent earnings report reflected some of these challenges, with earnings missing expectations and revenue growth slowing.
The company’s CEO Chris Kempczinski remains optimistic, “As consumers are more discriminating with every dollar that they spend, we will continue to earn their visits by delivering leading, reliable, everyday value and outstanding execution in our restaurants.”
McDonald’s has also recently been in the news for its expanded partnership with Krispy Kreme Inc DNUT.
Related: Krispy Kreme-McDonald’s Deal Spikes Insulin Stock Interest: ‘We’re About To Cash In On The Aftermath’
Looking ahead, McDonald’s expects its FY24 operating margin to be in the mid-to-high 40% range, with capital expenditure of $2.5 billion to $2.7 billion. The company also plans to open about 2,100 restaurants globally in FY24.
Following the earnings announcement, several analysts made changes to their price targets on McDonald’s stock. Baird lowered the price target from $305 to $300, Wedbush reduced it from $300 to $295, and BMO Capital cut it from $335 to $330. Despite these adjustments, all three analysts maintained an Outperform rating on McDonald’s stock.
Investors should closely monitor the stock’s performance, especially given the Death Cross pattern and the broader market conditions.
Read Next: McDonald’s Tries Out Bigger Burger To Boost Sluggish Sales
Image: Shutterstock
© 2024 Benzinga.com. Benzinga does not provide investment advice. All rights reserved.
Join Benzinga Edge and unlock all the major upgrades, downgrades, and changes to the market's most accurate analysts.
Trade confidently with insights and alerts from analyst ratings, free reports and breaking news that affects the stocks you care about.
",
2024-05-09 05:52:00,Lupin appoints Jeffrey Kindler and Alfonso Zulueta as Independent Directors on its Board,https://www.business-standard.com/markets/capital-market-news/lupin-appoints-jeffrey-kindler-and-alfonso-zulueta-as-independent-directors-on-its-board-124050900396_1.html,"Kindler is an experienced healthcare executive, investor and advisor. He brings over four decades of business experience and has held leadership positions at some of the world's most recognized companies including Pfizer, where he served as Chairman & Chief Executive Officer, as well as ...",www.business-standard.com,0.032852,Neutral,MCD,0.162802,0.046557,Neutral,2024-05-09 05:52:00,"

Kindler is an experienced healthcare executive, investor and advisor. He brings over four decades of business experience and has held leadership positions at some of the world's most recognized companies including Pfizer, where he served as Chairman & Chief Executive Officer, as well as 
McDonald's Corporation and General Electric Company. Before that, he was a partner at law firm Williams & Connolly.


Kindler is currently CEO of Centrexion Therapeutics, a privately held biotechnology company, Senior Advisor to Blackstone, Operating Partner at ARTIS Ventures and Global Chair of GLG Institute. 

 Click here to connect with us on WhatsApp

Zulueta spent over three decades in various roles of increasing responsibility with Eli Lilly and Company, including as Vice President of Global Marketing, President of Global Oncology and Critical Care Products and most recently, as President of International responsible for all geographies outside the United States and Canada. He also served as a corporate officer and member of Eli Lilly and Company's Executive Committee. Zulueta previously served as member of the board of the 
European Federation of Pharmaceutical Industries and Associations and the U.S.-Japan Business Council. 


Zulueta currently serves as Non-Executive Chairman of the board of directors of Interpharma Investments Limited, the holding company of Zuellig Pharma, one of the largest healthcare services groups in Asia. 
Powered by Capital Market - Live News

Disclaimer:  No Business Standard Journalist was involved in creation of this content
Don't miss the most important news and views of the day. Get them on our   Telegram channel
First Published: May 09 2024 | 11:22 AM IST
",
2024-05-09 15:00:00,"Cheesecake Factory  ( CAKE )  Q1 Earnings Beat Estimates, Rise Y/Y",https://www.zacks.com/stock/news/2271668/cheesecake-factory-cake-q1-earnings-beat-estimates-rise-yy,Cheesecake Factory's (CAKE) fiscal first-quarter top line benefits from strong consumer demand and traffic.,www.zacks.com,0.166463,Somewhat-Bullish,MCD,0.133841,-0.026333,Neutral,2024-05-09 15:00:00,"We use cookies to understand how you use our site and to improve your experience. This includes personalizing content and advertising. To learn more, click here. By continuing to use our site, you accept our use of cookies, revised Privacy Policy and Terms of Service.
New to Zacks? Get started here.
Don't Know Your Password?

Don't Know Your Password?

You are being directed to ZacksTrade, a division of LBMZ Securities and licensed broker-dealer. ZacksTrade and Zacks.com are separate companies. The web link between the two companies is not a solicitation or offer to invest in a particular security or type of security. ZacksTrade does not endorse or adopt any particular investment strategy, any analyst opinion/rating/report or any approach to evaluating individual securities.
If you wish to go to ZacksTrade, click OK. If you do not, click Cancel.
OK Cancel
Image: Shutterstock
Zacks Equity Research
                    May 09, 2024

MCD Quick QuoteMCD CMG Quick QuoteCMG CAKE Quick QuoteCAKE YUMC Quick QuoteYUMC 



Better trading starts here.



You follow Analyst Blog - edit


You follow Zacks Equity Research - edit



Zacks Equity Research



Analyst Blog

The Cheesecake Factory Incorporated (CAKE Quick QuoteCAKE  -  Free Report)     reported impressive first-quarter fiscal 2024 results, with earnings and revenues beating the Zacks Consensus Estimate. The top and the bottom line increased from the prior-year quarter’s figure.
In the quarter under review, the company reported adjusted earnings per share (EPS) of 73 cents, beating the Zacks Consensus Estimate of 63 cents by 15.9%. In the year-ago period, the company reported adjusted EPS of 61 cents.Quarterly revenues of $891.2 million beat the consensus estimate of $888 million by 0.3%. The top line increased 2.9% on a year-over-year basis. The upside was backed by strong consumer demand and traffic.
 
The Cheesecake Factory Incorporated price-consensus-eps-surprise-chart | The Cheesecake Factory Incorporated Quote
In the reported quarter, comps at Cheesecake Factory restaurants dropped 0.6% year over year against growth of 5.7% reported in the prior-year quarter. We projected comps to decline 0.4% year over year.North Italia comps rose 3% year over year compared with 9% growth reported in the year-ago quarter. Our model suggested the metric to rise 0.7% year over year.
The cost of food and beverage, as a percentage of revenues, declined 100 basis points (bps) year over year to 22.8% in the fiscal first quarter.Labor expenses, as a percentage of total revenues, amounted to 36%, flat year over year. We expected the metric to be 36.2% of revenues in the quarter.Other operating costs, as a percentage of total revenues, were 26.3%, down 40 bps from the prior-year quarter’s level. In the quarter, we anticipated the metric to be 26.8% of revenues.General and administrative expenses accounted for 6.8% of revenues, up 60 bps year over year. Our model predicted the metric to be 6.4% of revenues in the fiscal first quarter.In the fiscal first quarter, pre-opening expenses accounted for 0.6% of revenues, up 30 bps year over year.
As of Apr 2, 2024, Cheesecake Factory’s cash and cash equivalents totaled $60.2 million compared with $56.3 million as of Jan 2, 2024. Long-term debt (net of issuance costs) was $470.6 million compared with $470 million in the prior quarter. As of Apr 2, the company had a total available liquidity of $296.7 million.Management declared a quarterly cash dividend of 27 cents per share. The dividend will be payable on Jun 4 to shareholders of record as of May 22, 2024. In the fiscal first quarter, CAKE repurchased approximately 359,400 shares for $12.5 million.
In the quarter under review, Cheesecake Factory opened five new restaurants. The openings included two North Italia restaurants, two FRC restaurants and one Flower Child location. Internationally, the company opened a Cheesecake Factory restaurant under licensing agreements in Mexico. Subsequent to the quarter-end, the company opened one Cheesecake Factory restaurant internationally under a licensing agreement in Asia.In the fiscal 2024, the management expects to open 22 new restaurants. This includes three to four Cheesecake factories, six to seven North Italia's, six to seven Flower Child and six to seven FRC restaurants.
Cheesecake Factory currently has a Zacks Rank #4 (Sell).You can see the complete list of today’s Zacks Rank #1 (Strong Buy) stocks here.
Yum China Holdings, Inc. (YUMC Quick QuoteYUMC  -  Free Report)     reported impressive first-quarter 2024 results, with earnings and revenues beating the Zacks Consensus Estimate. The top and the bottom line increased on a year-over-year basis. The upside can be attributed to robust total system sales growth and new unit contribution.
During the quarter, YUMC reported adjusted EPS of 71 cents, beating the Zacks Consensus Estimate of 66 cents. The bottom line moved up 2.9% from 69 cents reported a year ago.Quarterly revenues of $2.96 billion outpaced the consensus mark of $2.94 billion. The top line inched up 1% on a year-over-year basis. Excluding foreign currency translation, revenues increased 7% year over year.Chipotle Mexican Grill, Inc. (CMG Quick QuoteCMG  -  Free Report)     released stellar first-quarter 2024 results, with earnings and revenues beating the Zacks Consensus Estimate. The top and the bottom line increased on a year-over-year basis. During the quarter, the company reported benefits from enhanced throughput and effective marketing initiatives like Braised Beef Barbacoa and Chicken Al Pastor, leading to strong sales and transaction growth. The company stated that the momentum continued into April.During the quarter, CMG reported adjusted EPS of $13.37, outpacing the Zacks Consensus Estimate of $11.63. The bottom line increased 27.3% from $10.50 reported in the year-ago quarter.Quarterly revenues of $2.7 billion surpassed the consensus mark of $2.68 billion by 1%. The top line rose 14.1% on a year-over-year basis on the back of strong comparable restaurant sales growth and new restaurant openings.McDonald's Corporation (MCD Quick QuoteMCD  -  Free Report)     posted mixed first-quarter 2024 results, with earnings missing the Zacks Consensus Estimate and revenues beating the same. The top and the bottom line increased on a year-over-year basis.During the quarter, MCD reported McDonald's reported adjusted EPS of $2.70, missing the Zacks Consensus Estimate of $2.71. EPS increased 2% year over year.
Quarterly net revenues of $6,169 million beat the consensus mark of $6,168 million. The top line rose 5% year over year.
McDonald's Corporation (MCD) - free report >>
Chipotle Mexican Grill, Inc. (CMG) - free report >>
The Cheesecake Factory Incorporated (CAKE) - free report >>
Yum China (YUMC) - free report >>
Our experts picked 7 Zacks Rank #1 Strong Buy stocks with the best chance to skyrocket within the next 30-90 days.
Recent stocks from this report have soared up to +67.5% within 30 days - this month's picks could be even better. See our report's fresh new picks today - it's really free!
Privacy Policy  |  No cost, no obligation to buy anything ever.
Past performance is no guarantee of future results.
This page has not been authorized, sponsored, or otherwise approved or endorsed by the companies represented herein. Each of the company logos represented herein are trademarks of Microsoft Corporation; Dow Jones & Company; Nasdaq, Inc.; Forbes Media, LLC; Investor's Business Daily, Inc.; and Morningstar, Inc.
Copyright 2024 Zacks Investment Research | 10 S Riverside Plaza Suite #1600 | Chicago, IL 60606
At the center of everything we do is a strong commitment to independent research and sharing its profitable discoveries with investors. This dedication to giving investors a trading advantage led to the creation of our proven Zacks Rank stock-rating system. Since 1988 it has more than doubled the S&P 500 with an average gain of +23.68%  per year. These returns cover a period from January 1, 1988 through August 5, 2024. Zacks Rank stock-rating system returns are computed monthly based on the beginning of the month and end of the month Zacks Rank stock prices plus any dividends received during that particular month. A simple, equally-weighted average return of all Zacks Rank stocks is calculated to determine the monthly return. The monthly returns are then compounded to arrive at the annual return. Only Zacks Rank stocks included in Zacks hypothetical portfolios at the beginning of each month are included in the return calculations. Zacks Ranks stocks can, and often do, change throughout the month. Certain Zacks Rank stocks for which no month-end price was available, pricing information was not collected, or for certain other reasons have been excluded from these return calculations. Zacks may license the Zacks Mutual Fund rating provided herein to third parties, including but not limited to the issuer.
Visit Performance Disclosure for information about the performance numbers displayed above.
Visit www.zacksdata.com to get our data and content for your mobile app or website.
Real time prices by BATS. Delayed quotes by Sungard.
NYSE and AMEX data is at least 20 minutes delayed. NASDAQ data is at least 15 minutes delayed.
This site is protected by reCAPTCHA and the Google Privacy Policy, DMCA Policy and Terms of Service apply.
",
2024-05-09 15:14:00,"Noodles & Company  ( NDLS )  Q1 Earnings Beat Estimates, Fall Y/Y",https://www.zacks.com/stock/news/2271675/noodles-company-ndls-q1-earnings-beat-estimates-fall-yy,Noodles & Company's (NDLS) fiscal first-quarter top line reflects dismal comps owing to a fall in traffic.,www.zacks.com,0.081559,Neutral,MCD,0.136888,-0.026642,Neutral,2024-05-09 15:14:00,"We use cookies to understand how you use our site and to improve your experience. This includes personalizing content and advertising. To learn more, click here. By continuing to use our site, you accept our use of cookies, revised Privacy Policy and Terms of Service.
New to Zacks? Get started here.
Don't Know Your Password?

Don't Know Your Password?

You are being directed to ZacksTrade, a division of LBMZ Securities and licensed broker-dealer. ZacksTrade and Zacks.com are separate companies. The web link between the two companies is not a solicitation or offer to invest in a particular security or type of security. ZacksTrade does not endorse or adopt any particular investment strategy, any analyst opinion/rating/report or any approach to evaluating individual securities.
If you wish to go to ZacksTrade, click OK. If you do not, click Cancel.
OK Cancel
Image: Bigstock
Zacks Equity Research
                    May 09, 2024

MCD Quick QuoteMCD CMG Quick QuoteCMG NDLS Quick QuoteNDLS YUMC Quick QuoteYUMC 



Better trading starts here.



You follow Analyst Blog - edit


You follow Zacks Equity Research - edit



Zacks Equity Research



Analyst Blog

Noodles & Company (NDLS Quick QuoteNDLS  -  Free Report)     reported mixed results in first-quarter fiscal 2024, with earnings topping the Zacks Consensus Estimate and revenues missing the same. The top and the bottom line declined on a year-over-year basis. Following the results, the company’s shares fell 9.8% during after-hours trading on May 8.
During the fiscal first quarter, the company reported an adjusted loss per share of 13 cents, narrower than the Zacks Consensus Estimate of a loss of 20 cents. The company reported a loss of 5 cents in the prior-year quarter.Quarterly revenues of $121.4 million missed the consensus mark of $122 million. The top line declined 3.7% on a year-over-year basis. Attributes of a seasonally slower quarter, adverse weather conditions and tough year-ago comparisons added to the downside.
 
Noodles & Company price-consensus-eps-surprise-chart | Noodles & Company Quote
 
During the quarter, restaurant revenues came in at $119 million compared with $123.2 million reported in the prior-year quarter. Franchise royalties and fees and other during the quarter came in at $2.3 million compared with $2.9 million reported in the prior-year quarter.
In the fiscal first quarter, system-wide comparable restaurant sales declined 5.4% year over year against growth of 6.4% reported in the prior-year quarter. The downside was primarily caused by a fall in traffic.Company-owned comparable restaurant sales during the quarter fell 5.7% year over year against 6.9% growth reported in the prior-year quarter.    Franchise comparable restaurant sales in the fiscal first quarter fell 4.5% year over year against 4.1% growth reported in the prior-year quarter.
During the fiscal first quarter, general and administrative expenses came in at $13 million compared with $13.6 million reported in the prior-year quarter.
During the quarter, restaurant contribution margin declined 60 basis points year over year to 13.1%. In the fiscal first quarter, operating margin came in at (3.4%) compared with (1.8%) reported in the year-ago quarter.
Adjusted net loss during the quarter came in at $5.8 million compared with $2.7 million reported in the prior-year quarter.
Adjusted EBITDA in the fiscal first quarter came in at $5.5 million compared with $6.2 million reported in the prior-year quarter.
As of Apr 2, 2024, cash and cash equivalents totaled $1.3 million compared with $3 million as of Jan 2, 2024. At the end of the fiscal first quarter, outstanding debt amounted to $83 million compared with $82.2 million at the end of fourth-quarter fiscal 2023.
For the fiscal 2024, the company anticipates total revenues to be between $510 million and $525 million, with comparable restaurant sales growth remaining steady or potentially increasing by up to 3%.Restaurant-level contribution margins are projected in the range of 14-15%. General and administrative expenses are estimated to amount between $52 million and $55 million. Depreciation and amortization costs are expected to range from $32-$34 million, while net interest expenses are forecast to be between $8 million and $9 million.The company plans to open 10-12 new company-owned restaurants and up to three franchise-owned establishments during the fiscal 2024.
Noodles & Company currently has a Zacks Rank #3 (Hold).You can see the complete list of today’s Zacks Rank #1 (Strong Buy) stocks here.
Yum China Holdings, Inc. (YUMC Quick QuoteYUMC  -  Free Report)     reported impressive first-quarter 2024 results, with earnings and revenues beating the Zacks Consensus Estimate. The top and the bottom line increased on a year-over-year basis. The upside can be attributed to robust total system sales growth and new unit contribution.
During the quarter, YUMC reported adjusted earnings per share (EPS) of 71 cents, beating the Zacks Consensus Estimate of 66 cents. The bottom line moved up 2.9% from 69 cents reported a year ago.Quarterly revenues of $2.96 billion outpaced the consensus mark of $2.94 billion. The top line inched up 1% on a year-over-year basis. Excluding foreign currency translation, revenues increased 7% year over year.Chipotle Mexican Grill, Inc. (CMG Quick QuoteCMG  -  Free Report)     released stellar first-quarter 2024 results, with earnings and revenues beating the Zacks Consensus Estimate. The top and the bottom line increased on a year-over-year basis. During the quarter, the company reported benefits from enhanced throughput and effective marketing initiatives like Braised Beef Barbacoa and Chicken Al Pastor, leading to strong sales and transaction growth. The company stated that the momentum continued into April.During the quarter, CMG reported adjusted EPS of $13.37, outpacing the Zacks Consensus Estimate of $11.63. The bottom line increased 27.3% from $10.50 reported in the year-ago quarter.Quarterly revenues of $2.7 billion surpassed the consensus mark of $2.68 billion by 1%. The top line rose 14.1% on a year-over-year basis on the back of strong comparable restaurant sales growth and new restaurant openings.McDonald's Corporation (MCD Quick QuoteMCD  -  Free Report)     posted mixed first-quarter 2024 results, with earnings missing the Zacks Consensus Estimate and revenues beating the same. The top and the bottom line increased on a year-over-year basis.During the quarter, MCD reported McDonald's reported adjusted EPS of $2.70, which missed the Zacks Consensus Estimate of $2.71. EPS increased 2% year over year.
Quarterly net revenues of $6,169 million beat the consensus mark of $6,168 million. The top line rose 5% year over year.
McDonald's Corporation (MCD) - free report >>
Chipotle Mexican Grill, Inc. (CMG) - free report >>
Noodles & Company (NDLS) - free report >>
Yum China (YUMC) - free report >>
Our experts picked 7 Zacks Rank #1 Strong Buy stocks with the best chance to skyrocket within the next 30-90 days.
Recent stocks from this report have soared up to +67.5% within 30 days - this month's picks could be even better. See our report's fresh new picks today - it's really free!
Privacy Policy  |  No cost, no obligation to buy anything ever.
Past performance is no guarantee of future results.
This page has not been authorized, sponsored, or otherwise approved or endorsed by the companies represented herein. Each of the company logos represented herein are trademarks of Microsoft Corporation; Dow Jones & Company; Nasdaq, Inc.; Forbes Media, LLC; Investor's Business Daily, Inc.; and Morningstar, Inc.
Copyright 2024 Zacks Investment Research | 10 S Riverside Plaza Suite #1600 | Chicago, IL 60606
At the center of everything we do is a strong commitment to independent research and sharing its profitable discoveries with investors. This dedication to giving investors a trading advantage led to the creation of our proven Zacks Rank stock-rating system. Since 1988 it has more than doubled the S&P 500 with an average gain of +23.68%  per year. These returns cover a period from January 1, 1988 through August 5, 2024. Zacks Rank stock-rating system returns are computed monthly based on the beginning of the month and end of the month Zacks Rank stock prices plus any dividends received during that particular month. A simple, equally-weighted average return of all Zacks Rank stocks is calculated to determine the monthly return. The monthly returns are then compounded to arrive at the annual return. Only Zacks Rank stocks included in Zacks hypothetical portfolios at the beginning of each month are included in the return calculations. Zacks Ranks stocks can, and often do, change throughout the month. Certain Zacks Rank stocks for which no month-end price was available, pricing information was not collected, or for certain other reasons have been excluded from these return calculations. Zacks may license the Zacks Mutual Fund rating provided herein to third parties, including but not limited to the issuer.
Visit Performance Disclosure for information about the performance numbers displayed above.
Visit www.zacksdata.com to get our data and content for your mobile app or website.
Real time prices by BATS. Delayed quotes by Sungard.
NYSE and AMEX data is at least 20 minutes delayed. NASDAQ data is at least 15 minutes delayed.
This site is protected by reCAPTCHA and the Google Privacy Policy, DMCA Policy and Terms of Service apply.
",
2024-05-10 14:51:00,"Papa John's  ( PZZA )  Q1 Earnings Beat Estimates, Stock Down",https://www.zacks.com/stock/news/2272364/papa-johns-pzza-q1-earnings-beat-estimates-stock-down,Papa John's (PZZA) fiscal first-quarter top line reflects lower contributions in the North American commissary segment owing to lower transaction volumes and commodity price declines.,www.zacks.com,-0.009714,Neutral,MCD,0.123951,-0.025293,Neutral,2024-05-10 14:51:00,"We use cookies to understand how you use our site and to improve your experience. This includes personalizing content and advertising. To learn more, click here. By continuing to use our site, you accept our use of cookies, revised Privacy Policy and Terms of Service.
New to Zacks? Get started here.
Don't Know Your Password?

Don't Know Your Password?

You are being directed to ZacksTrade, a division of LBMZ Securities and licensed broker-dealer. ZacksTrade and Zacks.com are separate companies. The web link between the two companies is not a solicitation or offer to invest in a particular security or type of security. ZacksTrade does not endorse or adopt any particular investment strategy, any analyst opinion/rating/report or any approach to evaluating individual securities.
If you wish to go to ZacksTrade, click OK. If you do not, click Cancel.
OK Cancel
Image: Shutterstock
Zacks Equity Research
                    May 10, 2024

MCD Quick QuoteMCD CMG Quick QuoteCMG PZZA Quick QuotePZZA YUMC Quick QuoteYUMC 



Better trading starts here.



You follow Analyst Blog - edit


You follow Zacks Equity Research - edit



Zacks Equity Research



Analyst Blog

Papa John’s International, Inc. (PZZA Quick QuotePZZA  -  Free Report)     recorded mixed first-quarter fiscal 2024 results, with earnings beating the Zacks Consensus Estimate and revenues missing the same. The top and the bottom line declined on a year-over-year basis.Following the results, the company’s shares fell 6.8% during trading hours on May 9. Negative investor sentiments were witnessed as the company cited sales pressure in the short term due to the persistent challenging macroeconomic conditions and a decline in consumer confidence. For 2024, the company anticipates North America comps to be flat to down low single digits.
During the fiscal first quarter, the company reported adjusted earnings per share (EPS) of 67 cents, beating the Zacks Consensus Estimate of 58 cents. The company reported an adjusted EPS of 68 cents in the prior-year quarter.
 
Papa John's International, Inc. price-consensus-eps-surprise-chart | Papa John's International, Inc. Quote
 
Quarterly revenues of $513.9 million missed the consensus mark of $546 million. The top line declined 2.5% on a year-over-year basis. The downside was primarily driven by lower contributions in the North American commissary segment owing to lower transaction volumes and commodity price declines.
In the fiscal first quarter, total comparable sales declined 2% year over year compared with a 1.3% fall reported in the prior year quarter. We projected the metric to decline 4% year over year.Domestic company-owned restaurant comps in the quarter under review declined 3% year over year against 3.4% growth reported in the year-ago quarter. We projected the metric to fall 5.5% year over year.At North America franchised restaurants, comps fell 1.5% year over compared with a 0.8% decline reported in the year-ago quarter. Comps growth at North America restaurants declined 1.8% year over year.Comps at international restaurants were down 2.6% year over year compared with a 5.8% fall reported in the prior-year quarter. During the fiscal first quarter, total global system-wide restaurant sales declined 0.9% year over year against a 2% rise reported in the prior-year quarter.
Adjusted operating income in the fiscal fourth quarter totaled $43.2 million compared with $39.2 million reported in the prior-year quarter. Equity forfeitures, savings in local marketing and improved margins in Domestic company-owned restaurants and North America commissary segments primarily drove the increase. However, this was partially offset by the impact of the U.K. franchisee acquisition, higher depreciation costs related to the acquisition and technology investments and lower North America comparable sales.During the quarter under review, total costs and expenses amounted to $480.2 million compared with $489.3 million reported in the prior-year quarter. Our estimate for the metric was $505.9 million.
As of Mar 31, 2024, cash and cash equivalents totaled $27.8 million compared with $40.6 million as of Dec 31, 2023. At the end of the fiscal first quarter, the long-term debt net totaled $761.3 million compared with $757.4 million at the end of fourth-quarter fiscal 2023.As of Mar 31, 2024, inventories were $38.1 million compared with $36.1 million on Dec 31, 2023. Free cash flow (as of Mar 31, 2024) totaled ($1.1) million against $22.4 million reported in the prior-year period.
Papa John’s opened eight net new restaurants in North America during the fiscal first quarter. As of Mar 31, the company had a global restaurant count of 5,914, with operations in 49 countries and territories worldwide.
Papa John’s currently has a Zacks Rank #4 (Sell).You can see the complete list of today’s Zacks Rank #1 (Strong Buy) stocks here.
Yum China Holdings, Inc. (YUMC Quick QuoteYUMC  -  Free Report)     reported impressive first-quarter 2024 results, with earnings and revenues beating the Zacks Consensus Estimate. The top and the bottom line increased on a year-over-year basis. The upside can be attributed to robust total system sales growth and new unit contribution.
During the quarter, YUMC reported adjusted earnings per share (EPS) of 71 cents, beating the Zacks Consensus Estimate of 66 cents. The bottom line moved up 2.9% from 69 cents reported a year ago.Quarterly revenues of $2.96 billion outpaced the consensus mark of $2.94 billion. The top line inched up 1% on a year-over-year basis. Excluding foreign currency translation, revenues increased 7% year over year.Chipotle Mexican Grill, Inc. (CMG Quick QuoteCMG  -  Free Report)     released stellar first-quarter 2024 results, with earnings and revenues beating the Zacks Consensus Estimate. The top and the bottom line increased on a year-over-year basis. During the quarter, the company reported benefits from enhanced throughput and effective marketing initiatives like Braised Beef Barbacoa and Chicken Al Pastor, leading to strong sales and transaction growth. The company stated that the momentum continued into April.During the quarter, CMG reported adjusted EPS of $13.37, outpacing the Zacks Consensus Estimate of $11.63. The bottom line increased 27.3% from $10.50 reported in the year-ago quarter.Quarterly revenues of $2.7 billion surpassed the consensus mark of $2.68 billion by 1%. The top line rose 14.1% on a year-over-year basis on the back of strong comparable restaurant sales growth and new restaurant openings.McDonald's Corporation (MCD Quick QuoteMCD  -  Free Report)     posted mixed first-quarter 2024 results, with earnings missing the Zacks Consensus Estimate and revenues beating the same. The top and the bottom line increased on a year-over-year basis.During the quarter, MCD reported McDonald's reported adjusted EPS of $2.70, missing the Zacks Consensus Estimate of $2.71. EPS increased 2% year over year.
Quarterly net revenues of $6,169 million beat the consensus mark of $6,168 million. The top line rose 5% year over year.
McDonald's Corporation (MCD) - free report >>
Chipotle Mexican Grill, Inc. (CMG) - free report >>
Papa John's International, Inc. (PZZA) - free report >>
Yum China (YUMC) - free report >>
Our experts picked 7 Zacks Rank #1 Strong Buy stocks with the best chance to skyrocket within the next 30-90 days.
Recent stocks from this report have soared up to +67.5% within 30 days - this month's picks could be even better. See our report's fresh new picks today - it's really free!
Privacy Policy  |  No cost, no obligation to buy anything ever.
Past performance is no guarantee of future results.
This page has not been authorized, sponsored, or otherwise approved or endorsed by the companies represented herein. Each of the company logos represented herein are trademarks of Microsoft Corporation; Dow Jones & Company; Nasdaq, Inc.; Forbes Media, LLC; Investor's Business Daily, Inc.; and Morningstar, Inc.
Copyright 2024 Zacks Investment Research | 10 S Riverside Plaza Suite #1600 | Chicago, IL 60606
At the center of everything we do is a strong commitment to independent research and sharing its profitable discoveries with investors. This dedication to giving investors a trading advantage led to the creation of our proven Zacks Rank stock-rating system. Since 1988 it has more than doubled the S&P 500 with an average gain of +23.68%  per year. These returns cover a period from January 1, 1988 through August 5, 2024. Zacks Rank stock-rating system returns are computed monthly based on the beginning of the month and end of the month Zacks Rank stock prices plus any dividends received during that particular month. A simple, equally-weighted average return of all Zacks Rank stocks is calculated to determine the monthly return. The monthly returns are then compounded to arrive at the annual return. Only Zacks Rank stocks included in Zacks hypothetical portfolios at the beginning of each month are included in the return calculations. Zacks Ranks stocks can, and often do, change throughout the month. Certain Zacks Rank stocks for which no month-end price was available, pricing information was not collected, or for certain other reasons have been excluded from these return calculations. Zacks may license the Zacks Mutual Fund rating provided herein to third parties, including but not limited to the issuer.
Visit Performance Disclosure for information about the performance numbers displayed above.
Visit www.zacksdata.com to get our data and content for your mobile app or website.
Real time prices by BATS. Delayed quotes by Sungard.
NYSE and AMEX data is at least 20 minutes delayed. NASDAQ data is at least 15 minutes delayed.
This site is protected by reCAPTCHA and the Google Privacy Policy, DMCA Policy and Terms of Service apply.
",
2024-05-10 17:13:07,"Cheesecake Factory Q1 Earnings Beat Estimates, Rise Y/Y - Cheesecake Factory  ( NASDAQ:CAKE ) , Chipotle Mexican Grill  ( NYSE:CMG ) ",https://www.benzinga.com/news/earnings/24/05/38737352/cheesecake-factory-q1-earnings-beat-estimates-rise-yy,"The Cheesecake Factory Incorporated CAKE reported impressive first-quarter fiscal 2024 results, with earnings and revenues beating the Zacks Consensus Estimate. The top and the bottom line increased from the prior-year quarter's figure.",www.benzinga.com,0.178249,Somewhat-Bullish,MCD,0.1331,-0.028866,Neutral,2024-05-10 17:13:07,"The Cheesecake Factory Incorporated CAKE reported impressive first-quarter fiscal 2024 results, with earnings and revenues beating the Zacks Consensus Estimate. The top and the bottom line increased from the prior-year quarter's figure.
In the quarter under review, the company reported adjusted earnings per share of 73 cents, beating the Zacks Consensus Estimate of 63 cents by 15.9%. In the year-ago period, the company reported adjusted EPS of 61 cents.
Quarterly revenues of $891.2 million beat the consensus estimate of $888 million by 0.3%. The top line increased 2.9% on a year-over-year basis. The upside was backed by strong consumer demand and traffic.
 
The Cheesecake Factory Incorporated price-consensus-eps-surprise-chart | The Cheesecake Factory Incorporated Quote
In the reported quarter, comps at Cheesecake Factory restaurants dropped 0.6% year over year against growth of 5.7% reported in the prior-year quarter. We projected comps to decline 0.4% year over year.
North Italia comps rose 3% year over year compared with 9% growth reported in the year-ago quarter. Our model suggested the metric to rise 0.7% year over year.
The cost of food and beverage, as a percentage of revenues, declined 100 basis points (bps) year over year to 22.8% in the fiscal first quarter.
Labor expenses, as a percentage of total revenues, amounted to 36%, flat year over year. We expected the metric to be 36.2% of revenues in the quarter.
Other operating costs, as a percentage of total revenues, were 26.3%, down 40 bps from the prior-year quarter's level. In the quarter, we anticipated the metric to be 26.8% of revenues.
General and administrative expenses accounted for 6.8% of revenues, up 60 bps year over year. Our model predicted the metric to be 6.4% of revenues in the fiscal first quarter.
In the fiscal first quarter, pre-opening expenses accounted for 0.6% of revenues, up 30 bps year over year.
As of Apr 2, 2024, Cheesecake Factory's cash and cash equivalents totaled $60.2 million compared with $56.3 million as of Jan 2, 2024. Long-term debt (net of issuance costs) was $470.6 million compared with $470 million in the prior quarter. As of Apr 2, the company had a total available liquidity of $296.7 million.
Management declared a quarterly cash dividend of 27 cents per share. The dividend will be payable on Jun 4 to shareholders of record as of May 22, 2024. In the fiscal first quarter, CAKE repurchased approximately 359,400 shares for $12.5 million.
In the quarter under review, Cheesecake Factory opened five new restaurants. The openings included two North Italia restaurants, two FRC restaurants and one Flower Child location. Internationally, the company opened a Cheesecake Factory restaurant under licensing agreements in Mexico. Subsequent to the quarter-end, the company opened one Cheesecake Factory restaurant internationally under a licensing agreement in Asia.
In the fiscal 2024, the management expects to open 22 new restaurants. This includes three to four Cheesecake factories, six to seven North Italia's, six to seven Flower Child and six to seven FRC restaurants.
Cheesecake Factory currently has a Zacks Rank #4 (Sell).
Yum China Holdings, Inc. YUMC reported impressive first-quarter 2024 results, with earnings and revenues beating the Zacks Consensus Estimate. The top and the bottom line increased on a year-over-year basis. The upside can be attributed to robust total system sales growth and new unit contribution.
During the quarter, YUMC reported adjusted EPS of 71 cents, beating the Zacks Consensus Estimate of 66 cents. The bottom line moved up 2.9% from 69 cents reported a year ago.
Quarterly revenues of $2.96 billion outpaced the consensus mark of $2.94 billion. The top line inched up 1% on a year-over-year basis. Excluding foreign currency translation, revenues increased 7% year over year.
Chipotle Mexican Grill, Inc. CMG released stellar first-quarter 2024 results, with earnings and revenues beating the Zacks Consensus Estimate. The top and the bottom line increased on a year-over-year basis. During the quarter, the company reported benefits from enhanced throughput and effective marketing initiatives like Braised Beef Barbacoa and Chicken Al Pastor, leading to strong sales and transaction growth. The company stated that the momentum continued into April.
During the quarter, CMG reported adjusted EPS of $13.37, outpacing the Zacks Consensus Estimate of $11.63. The bottom line increased 27.3% from $10.50 reported in the year-ago quarter.
Quarterly revenues of $2.7 billion surpassed the consensus mark of $2.68 billion by 1%. The top line rose 14.1% on a year-over-year basis on the back of strong comparable restaurant sales growth and new restaurant openings.
McDonald's Corporation MCD posted mixed first-quarter 2024 results, with earnings missing the Zacks Consensus Estimate and revenues beating the same. The top and the bottom line increased on a year-over-year basis.
During the quarter, MCD reported McDonald's reported adjusted EPS of $2.70, missing the Zacks Consensus Estimate of $2.71. EPS increased 2% year over year.
Quarterly net revenues of $6,169 million beat the consensus mark of $6,168 million. The top line rose 5% year over year.
To read this article on Zacks.com click here.
© 2024 Benzinga.com. Benzinga does not provide investment advice. All rights reserved.
Sort by estimates, projected upside, profit surprises, and more to easily find new stocks to invest in or check up on your portfolio.
Trade confidently with insights and alerts from analyst ratings, free reports and breaking news that affects the stocks you care about.
",
2024-05-10 19:28:10,McDonald's Ready To Launch $5 Meal Deal: Everything You Need To Know - McDonald's  ( NYSE:MCD ) ,https://www.benzinga.com/markets/equities/24/05/38769271/mcdonalds-ready-to-launch-5-meal-deal-everything-you-need-to-know,Fast food giant McDonald's Corp. MCD appears to be preparing the launch of a $5 meal deal as a value proposition to cash-squeezed customers despite its recent price increases.,www.benzinga.com,0.145967,Neutral,MCD,0.357293,0.282339,Somewhat-Bullish,2024-05-10 19:28:10,"Fast food giant McDonald’s Corp. MCD appears to be preparing the launch of a $5 meal deal as a value proposition to cash-squeezed customers despite its recent price increases.
What Happened: McDonald’s shares rose on Friday following a report from Bloomberg signaling the company was eying a launch of a $5 meal deal, citing an anonymous source. The deal may include items such as the McChicken or the McDouble, fries and a soft drink.
A prior attempt by McDonald’s to introduce the $5 deal failed earlier in the year after franchisees vetoed the promotion, according to the anonymous source. Franchise operators were reportedly concerned the deal could be unprofitable while wage hikes and store improvement costs hit locations.
McDonald’s new attempt was reported to enlist help from long-standing partner Coca-Cola Co KO. The beverage conglomerate would provide additional funds to the marketing campaign to soften the possible blow to franchisees.
See Also: McDonald’s Tries Out Bigger Burger To Boost Sluggish Sales
Why It Matters: Customers of McDonald’s have long associated the brand with value. However, the company is currently faced with a predicament as low-income customers struggling to afford to pay the rising prices of items at the chain. 
Menu prices of popular items at McDonald’s have increased 100% since 2014, according to a study by Finance Buzz. This rapid increase outpaced not only inflation but the increases at other chains such as Chipotle Mexican Grill, Inc. CMG and Starbucks Corp SBUX.
The $5 meal deal could give customers who might have avoided the chain a reason to return to the Golden Arches.
MCD Price Action: Shares of McDonald’s jumped 2.6% shortly after the report and is currently trading at $273.84 at the time of publication on Friday.
Read Next: Why Burgers In California Cost More Than Other States?
Photo: nlinnlin via Shutterstock.
© 2024 Benzinga.com. Benzinga does not provide investment advice. All rights reserved.
Trade confidently with insights and alerts from analyst ratings, free reports and breaking news that affects the stocks you care about.
",
2024-05-10 23:08:00,McDonald's considering $5 meal deal to lure back inflation-hit customers,https://www.foxbusiness.com/markets/mcdonalds-considering-5-meal-deal-lure-back-inflation-hit-consumers,McDonald's Corp. is asking its U.S. franchisees to consider offering a $5 meal deal in an effort to convince price-conscious customers to return as fast food restaurants see sales dip due to inflation driving more folks to eat at home.,www.foxbusiness.com,0.110907,Neutral,MCD,0.179788,0.034372,Neutral,2024-05-10 23:08:00,"
          Quotes displayed in real-time or delayed by at least 15 minutes. Market data provided by Factset.
          Powered and implemented by FactSet Digital Solutions. 
            Legal Statement.
          
This material may not be published, broadcast, rewritten, or redistributed. ©2024 FOX News Network, LLC. All rights reserved. FAQ - New Privacy Policy
California McDonald’s franchisee Scott Rodrick joins ‘Varney & Co.’ to discuss California’s highly controversial $20 minimum wage hike.
McDonald's Corp.'s anticipated $5 meal deal will be available for U.S. customers starting in June, but will only last for a month, according to a new report on Wednesday.
The budget-friendly combo will include the choice of a McDouble or a McChicken, along with four chicken nuggets, fries and a drink, a source told told CNBC.
Fast food restaurants are seeing sales dip as more inflation-hit consumers opt to eat at home. (Reuters/Joshua Roberts / Reuters Photos)
Bloomberg first reported last week that the fast food giant was in talks with its U.S. franchisees to consider offering the budget deal in an effort to convince price-conscious customers to return as fast food restaurants see sales dip due to inflation driving more folks to eat at home.
Global restaurant chains such as McDonald's and Starbucks have seen lower-income customers opting to eat more meals at home amid a cost-of-living crisis, forcing the companies to offer steeper promotions to attract them to their outlets.
MCDONALD'S LOOKING TO BEEF UP WITH LARGER BURGERS
McDonald's, which has a higher exposure to the lower-income cohort, saw its global sales growth slowing for the fourth straight quarter.
McDonald's plans for a budget-friendly combo come as fast food stores see customers opting to eat more meals at home. (Mohd Samsul Mohd Said/Getty Images / Getty Images)
MCDONALD'S CEO: CALIFORNIA MINIMUM WAGE HIKE DRIVING LABOR INFLATION
""I think it's important to recognize that all income cohorts are seeking value,"" CEO Chris Kempczinski said last month on a post-earnings call.
McDonald's Corp.
GET FOX BUSINESS ON THE GO BY CLICKING HERE
McDonald's shares were up about 1% at $273.87 on Wednesday afternoon following the news. The company did not immediately respond to FOX Business' request for comment.
Reuters contributed to this report.
Get a brief on the top business stories of the week, plus CEO interviews, market updates, tech and money news that matters to you.
We've added you to our mailing list.
By clicking subscribe, you agree to the Fox News Privacy Policy and Terms of Use, and agree to receive content and promotional communications from Fox News. You understand that you can opt-out at any time.
           

            Quotes displayed in real-time or delayed by at least 15 minutes. Market data provided by Factset.
            Powered and implemented by FactSet Digital Solutions. 
            Legal Statement.
        
This material may not be published, broadcast, rewritten, or redistributed. ©2024 FOX News Network, LLC. All rights reserved. FAQ - New Privacy Policy
",
2024-05-13 16:14:00,Jack in the Box  ( JACK )  to Post Q2 Earnings: What's in Store?,https://www.zacks.com/stock/news/2273090/jack-in-the-box-jack-to-post-q2-earnings-whats-in-store,"Jack in the Box's (JACK) fiscal second-quarter performance is likely to have benefited from menu innovation, focus on delivery channels and marketing strategies.",www.zacks.com,0.22013,Somewhat-Bullish,MCD,0.159922,0.030406,Neutral,2024-05-13 16:14:00,"We use cookies to understand how you use our site and to improve your experience. This includes personalizing content and advertising. To learn more, click here. By continuing to use our site, you accept our use of cookies, revised Privacy Policy and Terms of Service.
New to Zacks? Get started here.
Don't Know Your Password?

Don't Know Your Password?

You are being directed to ZacksTrade, a division of LBMZ Securities and licensed broker-dealer. ZacksTrade and Zacks.com are separate companies. The web link between the two companies is not a solicitation or offer to invest in a particular security or type of security. ZacksTrade does not endorse or adopt any particular investment strategy, any analyst opinion/rating/report or any approach to evaluating individual securities.
If you wish to go to ZacksTrade, click OK. If you do not, click Cancel.
OK Cancel
Image: Bigstock
Zacks Equity Research
                    May 13, 2024

JACK Quick QuoteJACK MCD Quick QuoteMCD CMG Quick QuoteCMG YUMC Quick QuoteYUMC 



Better trading starts here.



You follow Analyst Blog - edit


You follow Zacks Equity Research - edit



Zacks Equity Research



Analyst Blog

Jack in the Box (JACK Quick QuoteJACK  -  Free Report)     is scheduled to report second-quarter fiscal 2024 results on May 14, before the opening bell. In the last reported quarter, the company’s earnings matched the Zacks Consensus Estimate of $1.95.
The Zacks Consensus Estimate for fiscal second-quarter earnings is pegged at $1.43 per share, indicating a decline of 2.7% from $1.47 reported in the year-ago quarter.For revenues, the consensus mark is pegged at $369.7 million. The metric suggests a 6.6% decline from the year-ago quarter’s figure.Let's take a look at how things have shaped up in the quarter.
Jack in the Box’s fiscal second-quarter performance is likely to have benefited from menu innovation, focus on delivery channels and marketing strategies. This and strategic investments in store improvements and new store build are likely to have aided restaurant-level economics in the to-be-reported quarter.The company is focused on addressing opportunities within the breakfast segment, including reintroducing previously removed items. Efforts to enhance breakfast market share involve integrating breakfast into regular marketing activities, introducing innovative breakfast offerings, and experimenting with new promotions, primarily through digital platforms, to attract and re-engage customers. The initiatives are anticipated to have positively influenced the company's performance in the fiscal second quarter.However, soft restaurant contributions due to a decline in transactions and menu mix are likely to have negatively influenced the top line in the fiscal second quarter. Our model predicts restaurant sales and franchise royalties & other revenues to depreciate 13% and 2.4% year over year to $176.2 million and $52.7 million, respectively.Wage inflation and increases in food and packaging costs and utilities are discouraging. The headwinds are likely to have affected the company’s fiscal second-quarter bottom line on a year-over-year basis.
Our proven model predicts an earnings beat for Jack in the Box this time around. The combination of a positive Earnings ESP and a Zacks Rank #1 (Strong Buy), 2 (Buy) or 3 (Hold) increases the odds of an earnings beat.Earnings ESP: Jack in the Box has an Earnings ESP of +0.38%. You can uncover the best stocks to buy or sell before they’re reported with our Earnings ESP Filter.Zacks Rank: The company has a Zacks Rank #3. You can see the complete list of today’s Zacks #1 Rank stocks here.
Yum China Holdings, Inc. (YUMC Quick QuoteYUMC  -  Free Report)     reported impressive first-quarter 2024 results, with earnings and revenues beating the Zacks Consensus Estimate. The top and the bottom line increased on a year-over-year basis. The upside can be attributed to robust total system sales growth and new unit contribution.
During the quarter, YUMC reported adjusted earnings per share (EPS) of 71 cents, beating the Zacks Consensus Estimate of 66 cents. The bottom line moved up 2.9% from 69 cents reported a year ago. Quarterly revenues of $2.96 billion outpaced the consensus mark of $2.94 billion. The top line inched up 1% on a year-over-year basis. Excluding foreign currency translation, revenues increased 7% year over year.Chipotle Mexican Grill, Inc. (CMG Quick QuoteCMG  -  Free Report)     released stellar first-quarter 2024 results, with earnings and revenues beating the Zacks Consensus Estimate. The top and the bottom line increased on a year-over-year basis. During the quarter, the company reported benefits from enhanced throughput and effective marketing initiatives like Braised Beef Barbacoa and Chicken Al Pastor, leading to strong sales and transaction growth. CMG stated that the momentum continued into April.During the quarter, CMG reported adjusted EPS of $13.37, outpacing the Zacks Consensus Estimate of $11.63. The bottom line increased 27.3% from $10.50 reported in the year-ago quarter. Quarterly revenues of $2.7 billion surpassed the consensus mark of $2.68 billion by 1%. The top line rose 14.1% on a year-over-year basis on the back of strong comparable restaurant sales growth and new restaurant openings.McDonald's Corporation (MCD Quick QuoteMCD  -  Free Report)     posted mixed first-quarter 2024 results, with earnings missing the Zacks Consensus Estimate and revenues beating the same. The top and the bottom line increased on a year-over-year basis.During the quarter, MCD reported McDonald's reported adjusted EPS of $2.70, missing the Zacks Consensus Estimate of $2.71. EPS increased 2% year over year. Quarterly net revenues of $6,169 million beat the consensus mark of $6,168 million. The top line rose 5% year over year.
Stay on top of upcoming earnings announcements with the Zacks Earnings Calendar.
Janus Henderson Sustainable & Impact Core Bond ETF (JACK) - free report >>
McDonald's Corporation (MCD) - free report >>
Chipotle Mexican Grill, Inc. (CMG) - free report >>
Yum China (YUMC) - free report >>
Our experts picked 7 Zacks Rank #1 Strong Buy stocks with the best chance to skyrocket within the next 30-90 days.
Recent stocks from this report have soared up to +67.5% within 30 days - this month's picks could be even better. See our report's fresh new picks today - it's really free!
Privacy Policy  |  No cost, no obligation to buy anything ever.
Past performance is no guarantee of future results.
This page has not been authorized, sponsored, or otherwise approved or endorsed by the companies represented herein. Each of the company logos represented herein are trademarks of Microsoft Corporation; Dow Jones & Company; Nasdaq, Inc.; Forbes Media, LLC; Investor's Business Daily, Inc.; and Morningstar, Inc.
Copyright 2024 Zacks Investment Research | 10 S Riverside Plaza Suite #1600 | Chicago, IL 60606
At the center of everything we do is a strong commitment to independent research and sharing its profitable discoveries with investors. This dedication to giving investors a trading advantage led to the creation of our proven Zacks Rank stock-rating system. Since 1988 it has more than doubled the S&P 500 with an average gain of +23.68%  per year. These returns cover a period from January 1, 1988 through August 5, 2024. Zacks Rank stock-rating system returns are computed monthly based on the beginning of the month and end of the month Zacks Rank stock prices plus any dividends received during that particular month. A simple, equally-weighted average return of all Zacks Rank stocks is calculated to determine the monthly return. The monthly returns are then compounded to arrive at the annual return. Only Zacks Rank stocks included in Zacks hypothetical portfolios at the beginning of each month are included in the return calculations. Zacks Ranks stocks can, and often do, change throughout the month. Certain Zacks Rank stocks for which no month-end price was available, pricing information was not collected, or for certain other reasons have been excluded from these return calculations. Zacks may license the Zacks Mutual Fund rating provided herein to third parties, including but not limited to the issuer.
Visit Performance Disclosure for information about the performance numbers displayed above.
Visit www.zacksdata.com to get our data and content for your mobile app or website.
Real time prices by BATS. Delayed quotes by Sungard.
NYSE and AMEX data is at least 20 minutes delayed. NASDAQ data is at least 15 minutes delayed.
This site is protected by reCAPTCHA and the Google Privacy Policy, DMCA Policy and Terms of Service apply.
",
2024-05-13 17:07:49,"Starbucks' Sales Slump Due To Social Media Boycott, Says Analyst - Starbucks  ( NASDAQ:SBUX ) ",https://www.benzinga.com/analyst-ratings/analyst-color/24/05/38796481/starbucks-sales-slump-due-to-social-media-boycott-says-analyst,"BofA Securities analyst Sara Senatore reiterated a Buy rating on the shares of Starbucks Corp SBUX with a price target of $108.00. The analyst rejects management's explanation of consumer caution, value seeking, and lagging throughput for the same store sales growth collapse in second-quarter ...",www.benzinga.com,0.041435,Neutral,MCD,0.213988,-0.22092,Somewhat-Bearish,2024-05-13 17:07:49,"BofA Securities analyst Sara Senatore reiterated a Buy rating on the shares of Starbucks Corp SBUX with a price target of $108.00.
The analyst rejects management's explanation of consumer caution, value seeking, and lagging throughput for the same store sales growth collapse in second-quarter FY24 earnings.
Instead, the analyst attributes the precipitous slowdown to social media calls to boycott Starbucks over tensions in the Middle-East.
Boycott related hashtags were 10,000x higher on the Oct. 23 peak (21,800) than they were on the Oct. 3 trough. Volume spiked to an all-time high on Jan.13 (47,000) before reaching lower peaks in early Feb., mid-March and early-April, noted the analyst.
A 2017 incident where Chipotle Mexican Grill Inc CMG was under intense media scrutiny after a Virginia store was identified as the source of a Norovirus outbreak led to a spike in tweets but it did not dent sales as traffic driving initiatives like innovation, advertising propelled the business forward.
Also Read: Former CEO Schultz Urges Starbucks Overhaul Amid Sales Slump: Report
Some subset of SBUX customers are choosing not to patronize the brand, but SBUX serves 80 million unique customers annually, suggesting ample room to increase purchase frequency among the remaining customer base, said the analyst.
Marketing is critical, both through the app and through paid channels and the analyst is optimistic about the expansion of the app to non-rewards members and mobile ordering to platforms outside the app.
According to the analyst, Starbucks now trades at forward earnings multiples (EV/EBITDA and P/FE) lower than that of Wendy's Co WEN and Papa John's International Inc PZZA and 15-25% lower than global limited service restaurants like McDonald's Corp MCD, Restaurants Brands International QSR, and Yum! Brands Inc YUM.
Given the intrinsic value of the brand, the analyst views this discount as unwarranted.
Price Action: SBUX shares are trading lower  by 0.12% at $76.02 at the last check Monday.
Photo by Manu Padilla on Shutterstock
© 2024 Benzinga.com. Benzinga does not provide investment advice. All rights reserved.
Join Benzinga Edge and unlock all the major upgrades, downgrades, and changes to the market's most accurate analysts.
Trade confidently with insights and alerts from analyst ratings, free reports and breaking news that affects the stocks you care about.
",
2024-05-16 12:39:00,"Arcos Dorados  ( ARCO )  Q1 Earnings Fall Y/Y, Sales Top Estimates",https://www.zacks.com/stock/news/2274699/arcos-dorados-arco-q1-earnings-fall-yy-sales-top-estimates,"Arcos Dorados' (ARCO) Q1 performance reflects benefits from the integration of the business model with the Three-D's strategy. Also, focus on pricing and guest traffic management bodes well.",www.zacks.com,0.142793,Neutral,MCD,0.143131,0.006484,Neutral,2024-05-16 12:39:00,"We use cookies to understand how you use our site and to improve your experience. This includes personalizing content and advertising. To learn more, click here. By continuing to use our site, you accept our use of cookies, revised Privacy Policy and Terms of Service.
New to Zacks? Get started here.
Don't Know Your Password?

Don't Know Your Password?

You are being directed to ZacksTrade, a division of LBMZ Securities and licensed broker-dealer. ZacksTrade and Zacks.com are separate companies. The web link between the two companies is not a solicitation or offer to invest in a particular security or type of security. ZacksTrade does not endorse or adopt any particular investment strategy, any analyst opinion/rating/report or any approach to evaluating individual securities.
If you wish to go to ZacksTrade, click OK. If you do not, click Cancel.
OK Cancel
Image: Bigstock
Zacks Equity Research
                    May 16, 2024

MCD Quick QuoteMCD CMG Quick QuoteCMG ARCO Quick QuoteARCO YUMC Quick QuoteYUMC 



Better trading starts here.



You follow Analyst Blog - edit


You follow Zacks Equity Research - edit



Zacks Equity Research



Analyst Blog

Arcos Dorados Holdings Inc. (ARCO Quick QuoteARCO  -  Free Report)     reported first-quarter 2024 results, with revenues beating the Zacks Consensus Estimate. The top line increased year-over-year, while the bottom line fell from the prior-year quarter’s figure.During the quarter, the company stated benefits from the integration of the business model with the Three-D's strategy (Digital, Delivery, and Drive-thru). Also, the emphasis on pricing, product assortment and guest traffic management resulted in comparable sales growth exceeding inflation rates across its operations.Following the results, the company’s shares fell 5.7% during trading hours on May 15. Negative investor sentiments were witnessed as the company cited sales pressure in the short term due to the persistent challenging macroeconomic conditions.
During the first quarter, the company reported adjusted earnings per share (EPS) of 14 cents. The bottom line fell 22% year over year from 18 cents reported in the year-ago quarter.
 
Arcos Dorados Holdings Inc. price-consensus-eps-surprise-chart | Arcos Dorados Holdings Inc. Quote
 
During the quarter, the company reported revenues of $1.08 billion, beating the consensus mark of $1.04 billion. The top line increased 9.1% on a year-over-year basis.Off-premise sales, including Delivery and Drive-thru, rose 14% (in U.S. dollars), contributing 44% to systemwide sales. On-premise sales rose by 7% year over year and contributed 56% to systemwide sales.Digital channel sales during the quarter rose 30% year over year and represented 55% of systemwide sales. The Company’s Digital platform benefitted from strong penetration of sales through Self-order kiosks and the Own Delivery and Mobile Order and Pay functionalities on the Mobile App.During the first quarter, comparable restaurant sales increased 38.6% year over year, courtesy of strong guest volume growth.
During the first quarter, operating income amounted to $67.6 million compared with $66.3 million reported in the prior-year quarter.During the quarter, food and paper costs came in at $361 million compared with $333.9 million reported in the prior-year quarter. General and administrative expenses in the first quarter came in at $68.7 million compared with $65.6 million in the prior-year period.Adjusted EBITDA in the first quarter came in at $108.9 million compared with $100.5 million reported in the prior-year quarter.
Total cash and cash equivalents as of Mar 31, 2024, totaled $127.5 million compared with $196.7 million on Dec 31, 2023.Net debt (total financial debt minus total cash and cash equivalents) as of Mar 31, 2024, was $577.5 million, up from $481.3 million at 2023-end.
During the first quarter, the company opened 22 Experience of the Future (EOTF) restaurants, including 19 free-standing units. The Brazil division opened 11 EOTF restaurants with 10 new free-standing units.
Arcos Dorados currently carries a Zacks Rank #3 (Hold).
You can see the complete list of today’s Zacks Rank #1 (Strong Buy) stocks here.
Yum China Holdings, Inc. (YUMC Quick QuoteYUMC  -  Free Report)     reported impressive first-quarter 2024 results, with earnings and revenues beating the Zacks Consensus Estimate. The top and the bottom line increased on a year-over-year basis. The upside can be attributed to robust total system sales growth and new unit contribution.
During the quarter, YUMC reported adjusted EPS of 71 cents, beating the Zacks Consensus Estimate of 66 cents. The bottom line moved up 2.9% from 69 cents reported a year ago. Quarterly revenues of $2.96 billion outpaced the consensus mark of $2.94 billion. The top line inched up 1% on a year-over-year basis. Excluding foreign currency translation, revenues increased 7% year over year.Chipotle Mexican Grill, Inc. (CMG Quick QuoteCMG  -  Free Report)     released stellar first-quarter 2024 results, with earnings and revenues beating the Zacks Consensus Estimate. The top and the bottom line increased on a year-over-year basis. During the quarter, the company reported benefits from enhanced throughput and effective marketing initiatives like Braised Beef Barbacoa and Chicken Al Pastor, leading to strong sales and transaction growth. The company stated that the momentum continued into April.During the quarter, CMG reported adjusted EPS of $13.37, outpacing the Zacks Consensus Estimate of $11.63. The bottom line increased 27.3% from $10.50 reported in the year-ago quarter. Quarterly revenues of $2.7 billion surpassed the consensus mark of $2.68 billion by 1%. The top line rose 14.1% on a year-over-year basis on the back of strong comparable restaurant sales growth and new restaurant openings.McDonald's Corporation (MCD Quick QuoteMCD  -  Free Report)     posted mixed first-quarter 2024 results, with earnings missing the Zacks Consensus Estimate and revenues beating the same. The top and the bottom line increased on a year-over-year basis.During the quarter, MCD registered adjusted EPS of $2.70, missing the Zacks Consensus Estimate of $2.71. EPS increased 2% year over year. Quarterly net revenues of $6,169 million beat the consensus mark of $6,168 million. The top line rose 5% year over year.
McDonald's Corporation (MCD) - free report >>
Chipotle Mexican Grill, Inc. (CMG) - free report >>
Arcos Dorados Holdings Inc. (ARCO) - free report >>
Yum China (YUMC) - free report >>
Our experts picked 7 Zacks Rank #1 Strong Buy stocks with the best chance to skyrocket within the next 30-90 days.
Recent stocks from this report have soared up to +67.5% within 30 days - this month's picks could be even better. See our report's fresh new picks today - it's really free!
Privacy Policy  |  No cost, no obligation to buy anything ever.
Past performance is no guarantee of future results.
This page has not been authorized, sponsored, or otherwise approved or endorsed by the companies represented herein. Each of the company logos represented herein are trademarks of Microsoft Corporation; Dow Jones & Company; Nasdaq, Inc.; Forbes Media, LLC; Investor's Business Daily, Inc.; and Morningstar, Inc.
Copyright 2024 Zacks Investment Research | 10 S Riverside Plaza Suite #1600 | Chicago, IL 60606
At the center of everything we do is a strong commitment to independent research and sharing its profitable discoveries with investors. This dedication to giving investors a trading advantage led to the creation of our proven Zacks Rank stock-rating system. Since 1988 it has more than doubled the S&P 500 with an average gain of +23.68%  per year. These returns cover a period from January 1, 1988 through August 5, 2024. Zacks Rank stock-rating system returns are computed monthly based on the beginning of the month and end of the month Zacks Rank stock prices plus any dividends received during that particular month. A simple, equally-weighted average return of all Zacks Rank stocks is calculated to determine the monthly return. The monthly returns are then compounded to arrive at the annual return. Only Zacks Rank stocks included in Zacks hypothetical portfolios at the beginning of each month are included in the return calculations. Zacks Ranks stocks can, and often do, change throughout the month. Certain Zacks Rank stocks for which no month-end price was available, pricing information was not collected, or for certain other reasons have been excluded from these return calculations. Zacks may license the Zacks Mutual Fund rating provided herein to third parties, including but not limited to the issuer.
Visit Performance Disclosure for information about the performance numbers displayed above.
Visit www.zacksdata.com to get our data and content for your mobile app or website.
Real time prices by BATS. Delayed quotes by Sungard.
NYSE and AMEX data is at least 20 minutes delayed. NASDAQ data is at least 15 minutes delayed.
This site is protected by reCAPTCHA and the Google Privacy Policy, DMCA Policy and Terms of Service apply.
",
2024-05-16 16:00:00,Corporate Officers Face Expanded Oversight: What To Know,https://www.forbes.com/sites/priyacherianhuskins/2024/05/16/corporate-officers-face-expanded-oversight-what-to-know/,Everyone knows that directors of companies-both public and private-can be personally liable for certain breaches of fiduciary duties.,www.forbes.com,-0.105521,Neutral,MCD,0.044469,-0.252849,Somewhat-Bearish,2024-05-16 16:00:00,"Corporate Officers Face Expanded Oversight
Everyone knows that directors of companies—both public and private—can be personally liable for certain breaches of fiduciary duties.
In a concerning turn of events, it’s now clear that the same is true for corporate officers for risks within their scope of responsibility—an especially difficult charge for CEOs, CFOs and general counsel, given the enterprise-wide nature of their jobs.
Proving in a Delaware court of law that directors and officers utterly failed to oversee compliance at their company is difficult. But that doesn’t mean that shareholders won’t sue them for allegedly failing to do so.
In this article, I’ll discuss a brief background on the duty of oversight and Caremark litigation. I’ll then discuss how a recent case involving McDonald's has expanded the scope of liability for oversight beyond directors to include corporate officers.
In the 1990s, a pivotal moment in corporate governance occurred with the landmark case involving healthcare provider Caremark International Inc. (Stone v. Ritter).
Caremark established clear expectations for corporate directors and their oversight duties to manage mission-critical risks of the company.
Under the legal standards set by Caremark, directors must make a good-faith effort to effectively oversee a company's operations.
Caremark claims, however, have been historically hard to prove. To win a motion to dismiss, Caremark claims must show that directors didn’t just drop the ball but utterly failed to put any systems in place to oversee risk.
For years, this standard meant that shareholders bringing these claims were unsuccessful. That changed in 2019 with Marchand v. Barnhill in 2019, which involved a listeria outbreak in Blue Bell Creameries ice cream.
That case was encouraging for plaintiffs because it provided a roadmap for risk oversight claims.
The court focused on the fact that the company did one thing: produce ice cream—and as such, food safety was the most critical risk Blue Bell Creameries faced.
But the record showed no evidence of the board’s implementing a system reasonably likely to bring food safety issues to its attention, much less any evidence of the board addressing food safety risks in a proactive way.
Because of this, the defendant directors did not win their motion to dismiss the case, and the case settled for millions, as discussed in this article in Bloomberg Law.
After the Blue Bell Creameries case, plaintiffs have become increasingly aggressive about bringing Caremark claims, and some of these have also survived defendants’ motions to dismiss, garnering millions in settlement payments.
(As a reminder, corporations incorporated under Delaware law and the laws of many other states as well are not permitted to pay the settlements in these types of claims, hence the critical need for D&O insurance. More on that later.)
Plaintiffs have not been content to limit themselves to directors in Caremark claims, however.
In McDonald’s Corp. Stockholder Derivative Litigation, a pivotal 2023 Delaware case, the court broadened the scope of liability by holding that executives, not just board directors, can be liable for failing to oversee risks related to their areas of direct control.
While the situational application of oversight duties might differ between officers and directors, the fundamental responsibilities remain.
McDonald’s former head of HR, David Fairhurst, was accused of fostering a culture of sexual harassment at McDonald’s and personally engaging in misconduct.
Fairhurst lost his initial motion to dismiss because the court was focused on what plaintiffs asserted were ""red flag"" claims.
The plaintiffs alleged that Fairhurst was aware of sexual misconduct issues but failed to act, embodying a pattern of neglect that could be construed as bad faith—a crucial element for establishing a claim under Caremark principles. Fairhurst's own involvement in sexual misconduct was certainly a bad fact as well.
The court emphasized that corporate officers, like directors, have a duty of oversight when addressing compliance risks within their domains. Because his role specifically involved handling human resources functions—including sexual harassment prevention—Fairhurst had a duty of oversight for this type of risk.
This case was ultimately dismissed for a technical procedural reason as explained in an article by Duane Morris. That does not, however, mitigate the importance of this case for corporate officers.
The McDonald’s case notably broadens the potential liability corporate officers face. It emphasizes the critical role that officers play in implementing and responding to risk oversight systems.
Corporate officers can reduce their liability by:
● Engaging in effective risk oversight. You want a clear record that shows you have implemented systems reasonably designed to bring issues to your attention and that you have responded to address issues once raised.
● Securing a personal indemnification agreement. A personal indemnification agreement is a contract between individual officers and the companies they serve. These agreements promise to advance legal fees and, where allowed by law, pay losses on your behalf if you are named in a lawsuit in your capacity as an officer of the company.
● Ensuring sufficient D&O insurance coverage. State corporate law may prevent corporations from settling McDonald’s-type oversight claims. This is where D&O insurance really matters. You will want to make sure your company purchases adequate Side A insurance. Side A is the part of a D&O insurance policy that can pay settlements in McDonald’s type cases.
The McDonald's case serves as a critical reminder of the evolving landscape of corporate governance and the importance of proactive risk management and legal preparedness by corporate officers.

One Community. Many Voices. Create a free account to share your thoughts. 
Our community is about connecting people through open and thoughtful conversations. We want our readers to share their views and exchange ideas and facts in a safe space.
In order to do so, please follow the posting rules in our site's Terms of Service.  We've summarized some of those key rules below. Simply put, keep it civil.
Your post will be rejected if we notice that it seems to contain:
User accounts will be blocked if we notice or believe that users are engaged in:
So, how can you be a power user?
Thanks for reading our community guidelines.  Please read the full list of posting rules found in our site's Terms of Service.
",
2024-05-17 11:13:00,"The Zacks Analyst Blog Highlights Oracle, Bank of America, McDonald's, Miller Industries and Via Renewables",https://www.zacks.com/stock/news/2275187/the-zacks-analyst-blog-highlights-oracle-bank-of-america-mcdonalds-miller-industries-and-via-renewables,"Oracle, Bank of America, McDonald's, Miller Industries and Via Renewables are included in this Analyst Blog.",www.zacks.com,0.390225,Bullish,MCD,0.144275,0.05686,Neutral,2024-05-17 11:13:00,"We use cookies to understand how you use our site and to improve your experience. This includes personalizing content and advertising. To learn more, click here. By continuing to use our site, you accept our use of cookies, revised Privacy Policy and Terms of Service.
New to Zacks? Get started here.
Don't Know Your Password?

Don't Know Your Password?

You are being directed to ZacksTrade, a division of LBMZ Securities and licensed broker-dealer. ZacksTrade and Zacks.com are separate companies. The web link between the two companies is not a solicitation or offer to invest in a particular security or type of security. ZacksTrade does not endorse or adopt any particular investment strategy, any analyst opinion/rating/report or any approach to evaluating individual securities.
If you wish to go to ZacksTrade, click OK. If you do not, click Cancel.
OK Cancel
Image: Bigstock
Zacks Equity Research
                    May 17, 2024

BAC Quick QuoteBAC MCD Quick QuoteMCD ORCL Quick QuoteORCL MLR Quick QuoteMLR 



Better trading starts here.



You follow Press Releases - edit


You follow Zacks Equity Research - edit



Zacks Equity Research



Press Releases

Chicago, IL – May 17, 2024 – Zacks.com announces the list of stocks featured in the Analyst Blog. Every day the Zacks Equity Research analysts discuss the latest news and events impacting stocks and the financial markets. Stocks recently featured in the blog include: Oracle Corp. (ORCL Quick QuoteORCL  -  Free Report)    , Bank of America Corp. (BAC Quick QuoteBAC  -  Free Report)    , McDonald's Corp. (MCD Quick QuoteMCD  -  Free Report)    , Miller Industries, Inc. (MLR Quick QuoteMLR  -  Free Report)     and Via Renewables, Inc. .
The Zacks Research Daily presents the best research output of our analyst team. Today's Research Daily features new research reports on 16 major stocks, including Oracle Corp., Bank of America Corp. and McDonald's Corp., as well as two micro-cap stocks Miller Industries, Inc. and Via Renewables, Inc. These research reports have been hand-picked from the roughly 70 reports published by our analyst team today.You can see all of today’s research reports here >>>Oracle shares have outperformed the Zacks Computer - Software industry over the year-to-date period (+16.1% vs. +10.1%). The company is gaining from the ongoing momentum across its cloud business, driven by the strong uptake of Oracle Cloud Infrastructure and Autonomous Database offerings. The solid adoption of cloud-based applications, comprising NetSuite Enterprise Resource Planning (ERP) and Fusion ERP bodes well.Oracle’s Gen 2 Cloud is delivering better performance at a lower cost due to high bandwidth and low-latency RDMA networks. ORCL’s continued investment in cloud infrastructure positions it well for sustained growth in the dynamic software industry. The company’s partnership with Microsoft and Nvidia is noteworthy. We expect fiscal 2024 net sales to grow 6.3% from 2023.However, higher spending on product enhancements, especially toward the cloud platform amid increasing competition in the cloud domain, is likely to limit margin expansion.(You can read the full research report on Oracle here >>>)Shares of Bank of America have gained +16.3% over the year-to-date period against the Zacks Banks - Major Regional industry’s gain of +17.8%. The company’s first-quarter 2024 results were aided by strength in the investment banking (IB) business. While higher funding costs are a concern, the company’s net interest income (NII) will likely be positively impacted in the current high-rate environment.The opening of financial centers and improved digital capabilities will support the top line. While the capital markets activity improved of late, the challenging macroeconomic environment might once again weigh on the IB business. Due to investments in franchise, overall costs will remain high.(You can read the full research report on Bank of America here >>>)McDonald's shares have underperformed the Zacks Retail - Restaurants industry over the year-to-date period (-7.1% vs. -2.4%). The company’s increased costs and expenses negatively impacted the first quarter’s bottom line. McDonald’s expectation of increased commodity and labor inflation is concerning for its prospects.Nevertheless, the top and bottom lines increased year over year by 5% and 2%, respectively. The company’s results showcase increasing global comparable sales and systemwide sales to loyalty members.The uptrend was backed by average check growth driven by strategic menu price increases, effective marketing campaigns, along with continued digital and delivery growth. Also, its focus on Accelerating the Arches strategy is encouraging.(You can read the full research report on McDonald’s here >>>)Shares of Miller Industries have outperformed the Zacks Automotive - Original Equipment industry over the past year (+76.7% vs. -10.4%). The company showcases strong growth, with Q1 2024 revenues hitting $349.9 million, up 24% year over year, driven by increased demand and chassis shipments. Gross profit rose 45.5% to $44.2 million, with margins expanding to 12.6% due to enhanced manufacturing and supply chain efficiencies.The firm boosts shareholder value with a 5.6% dividend increase and a $25 million share repurchase plan, reflecting confidence in its financial stability and long-term strategy. Positioned as a leader in the growing global towing equipment market, Miller benefits from its broad product range and strong brand while continuing to innovate, like their patented LCG design in car carriers.However, challenges include intense competition, volatile raw material costs, regulatory uncertainties, and reliance on specific market sectors, posing risks to profitability.(You can read the full research report on Miller Industries here >>>)Via Renewables’ shares have gained +24.8% over the past six months against the Zacks Alternative Energy - Other industry’s gain of +36.3%. The company demonstrates robust customer growth, adding 41,000 RCEs in first-quarter 2024, reaching 338,000. This, coupled with a recent acquisition of 12,500 RCEs, indicates effective growth strategies.Financially, VIA rebounded with a first-quarter net income of $19.1 million, reversing a previous loss in the prior-year quarter on favorable hedge gains. VIA boosted its net cash from operations in the first quarter, signaling improved efficiency and capital management.However, challenges persist with a decrease in adjusted EBITDA and retail gross margins, primarily in the electricity and natural gas segments. Rising G&A expenses and high competition, alongside customer acquisition costs, further pressure profitability. These factors, combined with credit risks in certain utility territories, may impact long-term financial health.(You can read the full research report on Via Renewables here >>>)
Since 2000, our top stock-picking strategies have blown away the S&P's +7.0 average gain per year. Amazingly, they soared with average gains of +44.9%, +48.4% and +55.2% per year.
Today you can access their live picks without cost or obligation.
See Stocks Free >>
Media Contact
Zacks Investment Research
800-767-3771 ext. 9339
support@zacks.com
https://www.zacks.com
Past performance is no guarantee of future results. Inherent in any investment is the potential for loss. This material is being provided for informational purposes only and nothing herein constitutes investment, legal, accounting or tax advice, or a recommendation to buy, sell or hold a security. No recommendation or advice is being given as to whether any investment is suitable for a particular investor. It should not be assumed that any investments in securities, companies, sectors or markets identified and described were or will be profitable. All information is current as of the date of herein and is subject to change without notice. Any views or opinions expressed may not reflect those of the firm as a whole. Zacks Investment Research does not engage in investment banking, market making or asset management activities of any securities. These returns are from hypothetical portfolios consisting of stocks with Zacks Rank = 1 that were rebalanced monthly with zero transaction costs. These are not the returns of actual portfolios of stocks. The S&P 500 is an unmanaged index. Visit https://www.zacks.com/performance for information about the performance numbers displayed in this press release.
Bank of America Corporation (BAC) - free report >>
McDonald's Corporation (MCD) - free report >>
Oracle Corporation (ORCL) - free report >>
Miller Industries, Inc. (MLR) - free report >>
Our experts picked 7 Zacks Rank #1 Strong Buy stocks with the best chance to skyrocket within the next 30-90 days.
Recent stocks from this report have soared up to +67.5% within 30 days - this month's picks could be even better. See our report's fresh new picks today - it's really free!
Privacy Policy  |  No cost, no obligation to buy anything ever.
Past performance is no guarantee of future results.
This page has not been authorized, sponsored, or otherwise approved or endorsed by the companies represented herein. Each of the company logos represented herein are trademarks of Microsoft Corporation; Dow Jones & Company; Nasdaq, Inc.; Forbes Media, LLC; Investor's Business Daily, Inc.; and Morningstar, Inc.
Copyright 2024 Zacks Investment Research | 10 S Riverside Plaza Suite #1600 | Chicago, IL 60606
At the center of everything we do is a strong commitment to independent research and sharing its profitable discoveries with investors. This dedication to giving investors a trading advantage led to the creation of our proven Zacks Rank stock-rating system. Since 1988 it has more than doubled the S&P 500 with an average gain of +23.68%  per year. These returns cover a period from January 1, 1988 through August 5, 2024. Zacks Rank stock-rating system returns are computed monthly based on the beginning of the month and end of the month Zacks Rank stock prices plus any dividends received during that particular month. A simple, equally-weighted average return of all Zacks Rank stocks is calculated to determine the monthly return. The monthly returns are then compounded to arrive at the annual return. Only Zacks Rank stocks included in Zacks hypothetical portfolios at the beginning of each month are included in the return calculations. Zacks Ranks stocks can, and often do, change throughout the month. Certain Zacks Rank stocks for which no month-end price was available, pricing information was not collected, or for certain other reasons have been excluded from these return calculations. Zacks may license the Zacks Mutual Fund rating provided herein to third parties, including but not limited to the issuer.
Visit Performance Disclosure for information about the performance numbers displayed above.
Visit www.zacksdata.com to get our data and content for your mobile app or website.
Real time prices by BATS. Delayed quotes by Sungard.
NYSE and AMEX data is at least 20 minutes delayed. NASDAQ data is at least 15 minutes delayed.
This site is protected by reCAPTCHA and the Google Privacy Policy, DMCA Policy and Terms of Service apply.
",
2024-05-17 16:09:00,Here's Why Investors Must Hold McDonald's  ( MCD )  Stock for Now,https://www.zacks.com/stock/news/2275625/heres-why-investors-must-hold-mcdonalds-mcd-stock-for-now,"McDonald's (MCD) benefits from loyalty program, footprint expansion efforts and strategic menu offerings. However, persisting inflation and macroeconomic risks hurt prospects.",www.zacks.com,0.263398,Somewhat-Bullish,MCD,0.262522,0.391098,Bullish,2024-05-17 16:09:00,"We use cookies to understand how you use our site and to improve your experience. This includes personalizing content and advertising. To learn more, click here. By continuing to use our site, you accept our use of cookies, revised Privacy Policy and Terms of Service.
New to Zacks? Get started here.
Don't Know Your Password?

Don't Know Your Password?

You are being directed to ZacksTrade, a division of LBMZ Securities and licensed broker-dealer. ZacksTrade and Zacks.com are separate companies. The web link between the two companies is not a solicitation or offer to invest in a particular security or type of security. ZacksTrade does not endorse or adopt any particular investment strategy, any analyst opinion/rating/report or any approach to evaluating individual securities.
If you wish to go to ZacksTrade, click OK. If you do not, click Cancel.
OK Cancel
Image: Bigstock
Zacks Equity Research
                    May 17, 2024

MCD Quick QuoteMCD WING Quick QuoteWING PDD Quick QuotePDD 



Better trading starts here.



You follow Analyst Blog - edit


You follow Zacks Equity Research - edit



Zacks Equity Research



Analyst Blog

McDonald's Corporation (MCD Quick QuoteMCD  -  Free Report)     is benefiting from increasing comparable sales on the back of its focus on loyalty programs, expansion efforts and affordable menu offerings.The Zacks Consensus Estimate for this current Zacks Rank #3 (Hold) company’s 2024 earnings per share is pegged at $12.17, depicting 1.9% growth from the prior year’s reported levels. MCD delivered a trailing four-quarter earnings surprise of 6.4%, on average. The positive trend signifies bullish analysts’ sentiments, robust fundamentals and the chances of an outperformance in the near term.Shares of MCD have dwindled 7.8% in the year-to-date period compared with the Zacks Retail - Restaurants industry’s 2.9% decline. Over the past month, the stock has demonstrated resilience, showing a modest 1% improvement.The company’s prospects are hindered by ongoing inflationary pressures, especially commodity and labor inflation. Also, the negative impact of geopolitical tension in the Middle East market is an additional headwind.
Image Source: Zacks Investment Research
Let’s delve deeper and analyze the factors.
Loyalty Program Bodes Well: McDonald's continuously seeks opportunities to enhance its top-tier loyalty program. Upon the launch of its loyalty program, the company has been able to transform its offerings across drive-thru, takeaway, delivery, curbside pick-up and dine-in. The program has not only helped in retaining the existing customers but also in expanding the customer base. During the first quarter 2024, the company declared loyalty system-wide sales of more than $6 billion and approximately $25 billion in the trailing 12-month period.Also, during the quarter, MCD revealed its expectation to deploy “Ready on Arrival”, which is a digital enhancement initiative in the United States, to boost its loyalty program participants and encourage customers to avail the digital platform. This initiative is expected to be launched across the top six markets by 2025-end. Given a rise in digital adoption, the company is optimistic about reaching 90-day active users to 250 million and $45 billion in annual loyalty system-wide sales by 2027.Footprint Expansion Plans: Being a globally operating fast-food chain, McDonald's is always considering its investment opportunities regarding the expansion to new as well as existing markets. Despite unfavorable global economic scenarios, the company continues to expand its global footprint, which can be evidenced by the opening of its 6,000th restaurant in China during the first quarter of 2024.The company is planning to open more than 2,100 new restaurants globally in 2024, including 500 openings in the United States and IOM segment and 1,600 (including nearly 1000 in China) inaugurations in the IDL market. The new unit growth aim showcases about 4% contribution to new unit growth (net of closures). Also, the company expects net restaurant unit expansion to contribute nearly 2% to 2024 systemwide sales growth. It targets to open 50,000 restaurants by 2027.Budget Menu Offerings: Apart from diversifying its menu items or adding new ones, MCD focuses on offering pocket-friendly menu items. This strategic move is undertaken after consideration of its customer’s demand patterns and the ongoing macroeconomic uncertainties. The company aims to deliver scrumptious meals at affordable pricing, thus gaining the confidence of its customer base.During the first quarter of 2024 earnings call, the company declared high returns from its McSmart menu in Germany, reporting strong performance with record units sold. The McSmart value menu has been now been established in France and is driving progress in the market’s business trends. Furthermore, McDonald’s’ Everyday Value menu continued to drive results during the quarter in markets including Spain.
High-Cost Environment: McDonald’s is facing headwinds in the form of increased inflationary pressures and this scenario is expected to continue for some time. During the first quarter, McDonald’s company-operated restaurant expenses were $2.04 billion, up 6% from $1.92 billion reported in the prior-year quarter. A challenging macro environment, including rising interest rates, remains headwinds.Given the ongoing inflationary headwinds, the company expects the operating margin to remain pressurized in the near term. It expects commodity and food and paper inflation to be at the higher end in 2024. Also, it expects labor inflation to be in the high single digits.
Here are some better-ranked stocks from the Zacks Retail-Wholesale sector.Wingstop Inc. (WING Quick QuoteWING  -  Free Report)     currently sports a Zacks Rank #1 (Strong Buy). You can see the complete list of today’s Zacks Rank #1 stocks here.WING has a trailing four-quarter earnings surprise of 21.4%, on average. The stock has risen 90.6% in the past year. The Zacks Consensus Estimate for WING’s 2024 sales and earnings per share (EPS) suggests growth of 27.5% and 36.7%, respectively, from the year-ago period’s levels.PDD Holdings Inc. (PDD Quick QuotePDD  -  Free Report)     currently sports a Zacks Rank of 1. PDD has a trailing four-quarter earnings surprise of 39.1%, on average. The stock has hiked 132.8% in the past year.The consensus estimate for PDD’s 2024 sales and EPS indicates a 49.8% and a 29.1% rise, respectively, from the year-ago period’s levels.The Gap, Inc.  currently sports a Zacks Rank of 1. GPS has a trailing four-quarter earnings surprise of 180.9%, on average. The stock has surged 168.3% in the past year.The Zacks Consensus Estimate for GPS’ fiscal 2024 sales and EPS suggests a decline of 0.3% and 4.2%, respectively, from the year-ago period’s levels.
McDonald's Corporation (MCD) - free report >>
Wingstop Inc. (WING) - free report >>
PDD Holdings Inc. Sponsored ADR (PDD) - free report >>
Our experts picked 7 Zacks Rank #1 Strong Buy stocks with the best chance to skyrocket within the next 30-90 days.
Recent stocks from this report have soared up to +67.5% within 30 days - this month's picks could be even better. See our report's fresh new picks today - it's really free!
Privacy Policy  |  No cost, no obligation to buy anything ever.
Past performance is no guarantee of future results.
This page has not been authorized, sponsored, or otherwise approved or endorsed by the companies represented herein. Each of the company logos represented herein are trademarks of Microsoft Corporation; Dow Jones & Company; Nasdaq, Inc.; Forbes Media, LLC; Investor's Business Daily, Inc.; and Morningstar, Inc.
Copyright 2024 Zacks Investment Research | 10 S Riverside Plaza Suite #1600 | Chicago, IL 60606
At the center of everything we do is a strong commitment to independent research and sharing its profitable discoveries with investors. This dedication to giving investors a trading advantage led to the creation of our proven Zacks Rank stock-rating system. Since 1988 it has more than doubled the S&P 500 with an average gain of +23.68%  per year. These returns cover a period from January 1, 1988 through August 5, 2024. Zacks Rank stock-rating system returns are computed monthly based on the beginning of the month and end of the month Zacks Rank stock prices plus any dividends received during that particular month. A simple, equally-weighted average return of all Zacks Rank stocks is calculated to determine the monthly return. The monthly returns are then compounded to arrive at the annual return. Only Zacks Rank stocks included in Zacks hypothetical portfolios at the beginning of each month are included in the return calculations. Zacks Ranks stocks can, and often do, change throughout the month. Certain Zacks Rank stocks for which no month-end price was available, pricing information was not collected, or for certain other reasons have been excluded from these return calculations. Zacks may license the Zacks Mutual Fund rating provided herein to third parties, including but not limited to the issuer.
Visit Performance Disclosure for information about the performance numbers displayed above.
Visit www.zacksdata.com to get our data and content for your mobile app or website.
Real time prices by BATS. Delayed quotes by Sungard.
NYSE and AMEX data is at least 20 minutes delayed. NASDAQ data is at least 15 minutes delayed.
This site is protected by reCAPTCHA and the Google Privacy Policy, DMCA Policy and Terms of Service apply.
",
2024-05-24 10:10:41,"McDonald's, KFC Bearing Brunt Of Boycotts In Asia, Middle East Amid Israel-Gaza Conflict - Yum Brands  ( NYSE:YUM ) , McDonald's  ( NYSE:MCD ) ",https://www.benzinga.com/news/24/05/39003612/mcdonalds-kfc-bearing-brunt-of-boycotts-in-asia-middle-east-amid-israel-gaza-conflict,"U.S.-based fast-food giants McDonald's Corp MCD and Yum! Brands, Inc's YUM subsidiary KFC are grappling with a challenging business environment in Asia, the Middle East, and parts of Europe due to boycotts linked to the Israel-Gaza conflict.",www.benzinga.com,-0.036239,Neutral,MCD,0.206685,-0.132141,Neutral,2024-05-24 10:10:41,"U.S.-based fast-food giants McDonald’s Corp MCD and Yum! Brands, Inc‘s YUM subsidiary KFC are grappling with a challenging business environment in Asia, the Middle East, and parts of Europe due to boycotts linked to the Israel-Gaza conflict.
What Happened: The boycotts, fueled by the perceived association of these brands with Israel, have led to a significant drop in sales for McDonald’s and KFC in Muslim-majority countries, reported Bloomberg on Wednesday.
McDonald’s, in particular, has been targeted after its Israeli franchisees provided meals to the country’s soldiers following an attack on Oct. 7. This led to a widespread boycott, with franchisees in other Muslim-majority countries expressing solidarity with Palestinians.
""Everybody got impacted, this is something not many people realized, not just western brands, everybody got impacted by the conflict post Oct. 7,"" Brandon Guthrie, co-founder and general partner at Shatranj Capital Partners, said in a podcast with Bloomberg Intelligence. 
The impact of these boycotts was most pronounced in Egypt, Jordan, and Morocco, according to Guthrie.
McDonald’s CEO Chris Kempczinski acknowledged the significant impact of the boycotts in the Middle East, as well as in Muslim countries like Indonesia and Malaysia.
See Also: Nickel Could Ride The Wave Of Rising Demand For Clean Energy And EVs
Why It Matters: The impact of the Israel-Gaza conflict on international businesses has been a recurring theme. In February, McDonald’s reported a sales miss due to the ongoing conflict. 
The company’s decision to buy back all its Israeli restaurants in April was seen as an attempt to mitigate the impact of the conflict on its international operations. However, the latest report suggests that the boycotts continue to have a significant impact on the company’s operations in the region.
Even KFC outlets in Southeast Asia have not been spared, with over 100 outlets in Malaysia temporarily closing due to the boycotts.
In Pakistan, local water and soft drink brands are being given preference over Coca-Cola and Pepsi, leading to an 11% drop in sales for the can maker of these beverage giants, according to the report. 
Read Next: Smartest Banker In The World Sends A Message To Investors – Are You Listening?
Image Via Shutterstock 
This story was generated using Benzinga Neuro and edited by Kaustubh Bagalkote
© 2024 Benzinga.com. Benzinga does not provide investment advice. All rights reserved.
Trade confidently with insights and alerts from analyst ratings, free reports and breaking news that affects the stocks you care about.
",
2024-05-24 14:22:00,Photos show what it was like to eat at McDonald's in the 1970s,https://www.businessinsider.com/vintage-photos-mcdonalds-restaurant-food-menu-1970s,"• The first McDonald's franchise opened in Des Plaines, Illinois, on April 15, 1955. • By the 1970s, McDonald's had grown into an increasingly popular fast-food establishment. • The Quarter Pounder, Quarter Pounder with cheese, and Egg McMuffin were also added to the menu.",www.businessinsider.com,0.141614,Neutral,MCD,0.165031,0.0,Neutral,2024-05-24 14:22:00,"National Burger Day is May 28, and no fast-food chain knows burgers quite like McDonald's. 
In the 1970s, less than a decade into its operation under businessman Ray Kroc, McDonald's was already a thriving company that had served millions of customers.
Richard and Maurice ""Mac"" McDonald opened the first McDonald's in 1940 as a barbecue restaurant, and Kroc opened its first franchise location in Des Plaines, Illinois, on April 15, 1955. That year, he also founded McDonald's System, Inc., which would become the McDonald's Corporation we know today.
By 1958, McDonald's had sold 100 million burgers, and the restaurants had adopted a signature design style prominently featuring the chain's iconic ""golden arches."" In 1961, Kroc bought the McDonald brothers out, and by the 1970s, the company was going from strength to strength.
Today, there are around 34,000 McDonald's locations around the world, but there are also new challenges. Consumers are being more cautious about their spending, so the brand's focus this year is on offering affordable meal options amid surging global food prices, its execs said in May.
Here's what it was like to eat at McDonald's in the 1970s.
By the 1970s, the company was well-established and beginning its global expansion. In 1967, the first McDonald's restaurant outside the US opened in Richmond, British Columbia, according to McDonald's website. By 1970, the chain had sold over 6 billion burgers.
McDonald's meals were served on plastic trays, which customers could then bring over to a dining-room table to enjoy.
While chains like In-N-Out Burger already had drive-thru windows, McDonald's didn't have one until 1975, when a franchisee in Sierra Vista, Arizona, skirted around an Army regulation that prevented military members from entering local businesses in fatigues. 
According to Fast Company, he got around the regulation by knocking down a wall in his restaurant's kitchen and installing a drive-thru window in order to serve them.
Before the 1960s, the McDonald's menu was simple. It included burgers, cheeseburgers, fries, milkshakes, and other fast-food classics. The first new item to be added to the national menu was the Filet-O-Fish sandwich in 1965, followed by the iconic Big Mac in 1968.
In 1973, the chain added two more signature burgers to its menu: the Quarter Pounder and Quarter Pounder with cheese.
In 1979, Happy Meals were introduced to attract parents who wanted to feed all family members at a great price.
The introduction of the Egg McMuffin marked a turning point for the brand, attracting a wide customer base at a new time of day. 
In this photo, a family plays cards at a McDonald's in Mill Valley, California, in 1973.
Ronald McDonald was introduced in 1963 during a Washington, DC-marketed advertisement for the restaurant. In the ad, Ronald McDonald pulled hamburgers out of his belt and had a McDonald's cup for a nose. His hat was a tray with a Styrofoam hamburger, fries, and a milkshake on top of it.
McDonald's considered changing Ronald McDonald's character to a cowboy or spaceman, but those ideas were quickly discarded.
 
Fast Company reported that the first McDonald's PlayPlace was introduced in 1971, forever changing the McDonald's dining experience for families and children. While parents relaxed and ate their meals, kids could play in colorful climbing structures, jungle gyms, and slides. 
The introduction of the PlayPlace solidified McDonald's reputation as a destination for families on a budget, as many were during the 1970s amid a time of financial insecurity, high inflation, and the Vietnam War. 
Annette Scaramozza and Anthony Francis are pictured at their wedding ceremony in a McDonald's in 1975. 
Jump to
",
2024-05-31 09:31:06,Why This McDonald's Analyst Shoots For Nearly 25% Upside In Stock - McDonald's  ( NYSE:MCD ) ,https://www.benzinga.com/analyst-ratings/analyst-color/24/05/39106055/5-meal-frenzy-not-enough-why-this-analyst-sees-appetite-for-mcdonalds-stock-despite,"McDonald's Corp. MCD shares are down year-to-date despite the fast-food chain being counted among defensive stocks, which typically generate decent returns even when the economy is going through a downturn. An analyst at KeyBanc Capital Markets on Friday weighed in on what's ailing the stock.",www.benzinga.com,0.146548,Neutral,MCD,0.140076,-0.018166,Neutral,2024-05-31 09:31:06,"McDonald’s Corp. MCD shares are down year-to-date despite the fast-food chain being counted among defensive stocks, which typically generate decent returns even when the economy is going through a downturn. An analyst at KeyBanc Capital Markets on Friday weighed in on what’s ailing the stock.
The McDonald’s Analyst: Eric Gonzalez reiterated an Overweight rating and $310 price target for the shares of McDonald’s, suggesting scope for about 23% upside.
The McDonald’s Thesis: Present Tense, Future Perfect?
The 15% year-to-date decline in McDonald’s stock vis-a-vis roughly flat performance for its peer group and the 10% gain for the S&P 500 Index, is uncharacteristic of a brand that has proven resilient through cycles, said Gonzalez in the note.
The stock’s underperformance is attributable to softening global same-store sales trends, including in the U.S., the analyst said, adding that this was the result of consumers getting more circumspect.
Citing proprietary data and industry conversations, the analyst lowered his second-quarter same-store sales estimate for McDonald’s U.S. from 1% to 0%. The year-over-year comparisons for the quarter will likely remain difficult, as it laps the ""Grimace Birthday Shake"", which went viral last June, he added.
See Also: How To Buy McDonald’s (MCD) Stock
Gonzalez, however, expects domestic same-store sales trends to improve in the second half as year-over-year comparisons ease. The well-publicized $5 meal and a credible replacement of the D123 menu will likely help the company address the affordability gap, he said.
Bloomberg reported earlier this month that McDonald’s was considering the launch of a $5 meal deal, which will likely include a McChicken or a McDouble along with fries and a drink. The rumor came close on the heels of the company reporting weaker-than-expected results for the first quarter.
“We suspect the $5 meal, which is scheduled to run through July, could be extended until a more permanent national value platform is solidified in the fall,” Gonzalez said.
Value War: KeyBanc expects a looming value war like the one seen in 2018. The firm noted that McDonald’s aggressiveness has rubbed off on competitors including Wendy’s Company WEN, Restaurant Brands International Inc.’s QSR Burger King unit, and Jack in the Box Inc. JACK. “It would appear like the industry has engaged in a value war—something we last saw in 2018,” it said.
That said, the firm sees differences between the two. “Today's value push is seemingly born out of necessity following year of inflationary pressure that is increasingly weighing on cost-conscious consumers,” it said.
Relative to 2018, McDonald’s is currently in a relatively stronger position, having “remodeled its footprint, invested in digital technology, improved speed of service, reinvigorated its marketing efforts, and driven near record store level cash flows last year—providing headroom to improve affordability,” Gonzalez said.
“These advantages either did not exist or were in their early stages in 2018, suggesting McDonald's is in a better position to drive share gains.”
The analyst said McDonald’s recent underperformance could be an opportunity for investors to get more constructive, adding that its recent underperformance may be an opportunity to get more constructive.
In premarket trading on Friday, McDonald’s edged up 0.33% to $252.90, according to Benzinga Pro data.
Read Next: Not So Happy Meal: McDonald’s Menu Price Has Increased By More Than 100%, Some More Than 200% In The Past Decade
Image via Shutterstock
© 2024 Benzinga.com. Benzinga does not provide investment advice. All rights reserved.
Join Benzinga Edge and unlock all the major upgrades, downgrades, and changes to the market's most accurate analysts.
Trade confidently with insights and alerts from analyst ratings, free reports and breaking news that affects the stocks you care about.
",
2024-05-31 14:44:32,Can Krispy Kreme Overcome Ozempic Fears And Become The Next Chipotle? - Krispy Kreme  ( NASDAQ:DNUT ) ,https://www.benzinga.com/trading-ideas/technicals/24/05/39113145/can-krispy-kreme-overcome-ozempic-fears-and-become-the-next-chipotle,Krispy Kreme Inc. DNUT is facing a critical juncture as it seeks to overcome market challenges and position itself as a dominant player in the fast-food industry.,www.benzinga.com,0.350501,Bullish,MCD,0.116631,0.0,Neutral,2024-05-31 14:44:32,"Krispy Kreme Inc. DNUT is facing a critical juncture as it seeks to overcome market challenges and position itself as a dominant player in the fast-food industry. Despite its current stock price hovering near a 52-week low, several analysts and investors see significant potential for growth, drawing parallels with the success of companies like Wingstop Inc WING and Chipotle Mexican Grill Inc CMG.
Krispy Kreme's strategic partnership with McDonald’s Corp MCD could be a game-changer. Starting in the second half of 2024, Krispy Kreme will begin rolling out its donuts to McDonald’s locations nationwide. 
Related: Krispy Kreme-McDonald’s Deal Spikes Insulin Stock Interest: ‘We’re About To Cash In On The Aftermath’
The pilot program has already shown promising results, with McDonald’s customers responding favorably to the sweet addition. By 2026, Krispy Kreme is expected to be present in 12,000 McDonald’s restaurants, nearly doubling its current number of locations.
This expansion aligns with Krispy Kreme's shift in business strategy. Instead of relying solely on customers visiting standalone stores, the company is focusing on delivering fresh donuts to where people already are, such as McDonald’s locations. This approach seeks to broaden their market reach as well as capitalize on the convenience factor for consumers.
Despite the promising partnership, Krispy Kreme is navigating several market challenges. The stock is at an all-time low, driven by fears surrounding the Ozempic mania—a weight loss trend that could impact demand for sugary treats. 
Additionally, weakening consumer confidence and high interest rates have contributed to a lack of demand for unprofitable companies.
However, Krispy Kreme’s management is determined to turn the tide. By investing in infrastructure to ensure the delivery of fresh pastries nationwide, they aim to leverage their superior product quality and strategic partnerships to drive growth. If successful, this could significantly enhance the company's valuation and position it closer to industry leaders like Chipotle.
Analyst ratings suggest a strong upside for Krispy Kreme. With a consensus price target of $16.28 and an implied 58% upside based on the latest ratings from B of A Securities, Piper Sandler, and Citigroup, there is considerable optimism about the stock's potential.
These ratings reflect confidence in Krispy Kreme’s ability to execute its growth strategy and overcome current market headwinds.
From a technical perspective, Krispy Kreme is experiencing bearish trends.
The stock price is below its 5, 20, and 50-day exponential moving averages, indicating a strong bearish trend. However, the stock is also experiencing buying pressure, which could be a positive indicator for future bullish movement. 
Currently, the stock price of $10.53 is below key moving averages, suggesting that it is technically a bearish signal. Yet, for long-term investors, this could represent a buying opportunity if they believe in the company’s strategic vision and growth potential.
Krispy Kreme’s journey to becoming the next Chipotle hinges on its ability to navigate market challenges and execute its strategic partnerships effectively. The expansion into McDonald’s locations presents a significant growth opportunity, and if management can deliver on its promises, Krispy Kreme could see substantial valuation growth. While technical indicators suggest caution, the underlying business strategy and analyst confidence point to a potentially sweet future for Krispy Kreme and its investors.
As one Reddit user, pareofdocks, optimistically notes, ""Krispy Kreme could become valued closer to something like Wingstop or Chipotle"" if management executes well on their strategic initiatives. 
Investor pareofdocks is banking on Krispy Kreme’s ability to beat the competition and rise above current market fears. Only time will tell if Krispy Kreme can turn these challenges into opportunities and achieve the next level of success.
Now Read: Bill Ackman Plans To Take Pershing Square Public By 2025, Following $10.5B Valuation Deal: Report
Photo: Shutterstock
© 2024 Benzinga.com. Benzinga does not provide investment advice. All rights reserved.
Trade confidently with insights and alerts from analyst ratings, free reports and breaking news that affects the stocks you care about.
",
2024-06-05 12:36:32,McDonald's Loses Chicken Big Mac Trademark In European Union - McDonald's  ( NYSE:MCD ) ,https://www.benzinga.com/news/24/06/39182942/mcdonalds-loses-chicken-big-mac-trademark-in-european-union,"McDonald's Corp. MCD has lost the trademark rights to its chicken-based Big Mac in the European Union. What Happened: The ruling was made by the EU's General Court in Luxembourg on Wednesday, Bloomberg reported.",www.benzinga.com,0.151832,Somewhat-Bullish,MCD,0.25168,-0.245033,Somewhat-Bearish,2024-06-05 12:36:32,"McDonald's Corp. MCD has lost the trademark rights to its chicken-based Big Mac in the European Union. 
What Happened: The ruling was made by the EU's General Court in Luxembourg on Wednesday, Bloomberg reported. The court determined that McDonald's did not provide sufficient evidence of continuous use of the Chicken Big Mac trademark over the past five years within the 27-nation bloc. The ruling does not affect the trademark for the traditional beef Big Mac.
The decision can still be appealed to the EU's highest court. The case was initiated by Irish rival Supermac's, which argued that McDonald's had not genuinely used the Chicken Big Mac trademark in the EU. Supermac's managing director, Pat McDonagh, called the ruling a significant victory for small businesses.
McDonald's stated that the ruling does not impact their right to use the “BIG MAC” trademark and emphasized their commitment to serving communities across Europe.
See Also: Berkshire Hathaway, Chipotle, More NYSE Stocks Hit With Trading Halts Triggered By Technical Issues (UPDA
Why It Matters: The loss of the Chicken Big Mac trademark in the EU is a notable setback for McDonald's, especially as the company has been actively expanding its brand presence in various innovative ways. In February 2022, McDonald's filed trademarks for its brands in the metaverse, indicating a strategic move to protect its intellectual property and explore new digital avenues. The filings included potential virtual food and beverage products, downloadable multimedia files like non-fungible tokens, and hosting virtual entertainment services such as concerts. 
Read Next: Massive Shiba Inu Burn Ignites Hope For Price Recovery Despite Market Downturn
Photo by nlinnlin on Shutterstock.
This story was generated using Benzinga Neuro and edited by Pooja Rajkumari
© 2024 Benzinga.com. Benzinga does not provide investment advice. All rights reserved.
Trade confidently with insights and alerts from analyst ratings, free reports and breaking news that affects the stocks you care about.
",
2024-06-11 18:57:28,Starbucks Is The Latest Chain To Add Value Menu: What You Need To Know - Starbucks  ( NASDAQ:SBUX ) ,https://www.benzinga.com/news/24/06/39277964/starbucks-is-the-latest-chain-to-add-value-menu-what-you-need-to-know,"Starbucks Corp's SBUX brand is not synonymous with bargains. However, the coffee chain could be poised to change that with the release of a new value menu meant to appeal to the cash-squeezed consumer. What Happened: Starbucks rolled out its ""Starbucks Pairings Menu"" to customers on Tuesday.",www.benzinga.com,0.131315,Neutral,MCD,0.306963,0.143556,Neutral,2024-06-11 18:57:28,"Starbucks Corp‘s SBUX brand is not synonymous with bargains. However, the coffee chain could be poised to change that with the release of a new value menu meant to appeal to the cash-squeezed consumer.
What Happened: Starbucks rolled out its “Starbucks Pairings Menu” to customers on Tuesday.
The deal offers a tall iced/hot coffee or tea paired with a butter croissant for $5​ or a tall iced/hot coffee or tea paired with a breakfast sandwich​ for $6. The offer is available all day. Prices will be higher if customers order drinks in a larger size or if customizations are made.
The deal is a significant discount, almost 30%, if the two items were ordered separately.
Why it Matters: Starbucks’ stock tumbled in early May after disappointing quarterly financial data. Starbucks has struggled to maintain customers amid increased prices and broader market inflation.
The Seattle-based coffee chain joins several other chains, including McDonald’s Corp MCD, which have introduced deals in recent months as value propositions to customers. McDonald’s will have a similar $5 meal deal promotion for this summer.
A study from Finance Buzz found that prices at fast food chains have increased more than inflation since 2014. At Starbucks, prices have increased by 39% in that timeframe.
Also Read: Starbucks Heats Up Delivery Wars: Grubhub Partnership Promises Exclusive Perks For Coffee Lovers
Photo: Harun Ozmen for Shutterstock
© 2024 Benzinga.com. Benzinga does not provide investment advice. All rights reserved.
Trade confidently with insights and alerts from analyst ratings, free reports and breaking news that affects the stocks you care about.
",
2024-06-17 16:40:43,Would You Like AI With Those Fries? McDonald's Ends Drive-Thru Artificial Intelligence Test - McDonald's  ( NYSE:MCD ) ,https://www.benzinga.com/news/24/06/39362031/would-you-like-ai-with-those-fries-mcdonalds-ends-drive-thru-artificial-intelligence-test,"Leading fast food chain McDonald's Corp MCD is ending a drive-thru test that utilized artificial intelligence technology. What Happened: With the growth in artificial intelligence use cases, the restaurant sector is looking for ways it can use the technology to boost productivity, help with job ...",www.benzinga.com,0.287224,Somewhat-Bullish,MCD,0.128822,0.413249,Bullish,2024-06-17 16:40:43,"Leading fast food chain McDonald's Corp MCD is ending a drive-thru test that utilized artificial intelligence technology.
What Happened: With the growth in artificial intelligence use cases, the restaurant sector is looking for ways it can use the technology to boost productivity, help with job shortages and improve the customer experience.
Customers who order fast food often want it quick, with the right items and at the proper temperature. Upset customers who have experienced trouble with correct orders from the drive-thru may find out that AI couldn't get their order correct.
McDonald's is ending a test of AI in its drive-thrus, according to a report from Restaurant Business. The partnership with International Business Machines IBM used AI to test automated order-taking at more than 100 locations.
The report said McDonald's did not explain why it was ending the test and emailed franchisees last week.
""While there have been successes to date, we feel there is an opportunity to explore voice ordering solutions more broadly,"" McDonald's USA Chief Restaurant Officer Mason Smoot said in the email viewed by Restaurant Business. ""After a thoughtful review, McDonald's has decided to end our current partnership with IBM on AOT and the technology will be shut off in all restaurants currently testing it no later than July 26, 2024.""
McDonald's may not be done with future AI use cases in its drive-thrus with Smoot saying the company would look to make ""an informed decision on a future voice ordering solution by the end of the year.""
The restaurant company has been testing AI drive-thru voice technology since 2021, according to the report.
McDonald's told Restaurant Business the goal of the drive-thru tests was to see if automated voice ordering could help speed up service.
Related Link: AI Gunning For Fast Food Jobs Next? KFC, Taco Bell Operator Yum Brands Planning ChatGPT-Like Bots To Boost Operations
What's Next: The restaurant company said IBM will remain a ""trusted partner"" with several products from the technology giant utilized in its global systems.
""As we move forward, our work with IBM has given us the confidence that a voice-ordering solution for drive-thru will be part of our restaurants' future,"" McDonald's said. ""We see tremendous opportunity in advancing our restaurant technology.""
IBM said it is talking to other fast food companies about the potential use of the drive-thru technology.
""This technology is proven to have some of the most comprehensive capabilities in the industry, fast and accurate in some of the most demanding conditions,"" IBM said in a statement.
McDonald's is not the only company that had been testing or using drive-thru AI technology. Restaurant Business names Checkers, Hardee's, Carl's Jr., Wendy's, Dunkin’ and Taco Johns as companies that are using or testing AI technology in drive-thrus.
The Verge reported that White Castle was testing AI technology from publicly traded SoundHound AI Inc SOUN.
McDonald's announced a deal with Alphabet Inc GOOGGOOGL owned Google in December for a chatbot named ""Ask Pickles."" The technology was expected to help with hardware and software enhancements to improve operations.
Google also partnered with Wendy's on drive-thru AI technology.
McDonad's doesn't appear to be shying away from using AI in its drive-thrus, but perhaps looking for a new partner like Google. Future details could point to why McDonald's moved on from IBM and who they chose next.
Read Next: Terminator In Real Life? AI ‘Godfather’ Warns Of Human ‘Wipe Out’ In 5 To 20 Years
This image was created using artificial intelligence MidJourney.
© 2024 Benzinga.com. Benzinga does not provide investment advice. All rights reserved.
Trade confidently with insights and alerts from analyst ratings, free reports and breaking news that affects the stocks you care about.
",
2024-06-18 12:33:00,McDonald's  ( MCD )  Loyalty Program & Comps Aid Amid Cost Woes,https://www.zacks.com/stock/news/2289706/mcdonalds-mcd-loyalty-program-comps-aid-amid-cost-woes,"McDonald's (MCD) benefits from the robust loyalty program, menu innovation, expansion efforts and global comps growth. However, high costs hurt.",www.zacks.com,0.334575,Somewhat-Bullish,MCD,0.18046,0.103572,Neutral,2024-06-18 12:33:00,"We use cookies to understand how you use our site and to improve your experience. This includes personalizing content and advertising. To learn more, click here. By continuing to use our site, you accept our use of cookies, revised Privacy Policy and Terms of Service.
New to Zacks? Get started here.
Don't Know Your Password?

Don't Know Your Password?

You are being directed to ZacksTrade, a division of LBMZ Securities and licensed broker-dealer. ZacksTrade and Zacks.com are separate companies. The web link between the two companies is not a solicitation or offer to invest in a particular security or type of security. ZacksTrade does not endorse or adopt any particular investment strategy, any analyst opinion/rating/report or any approach to evaluating individual securities.
If you wish to go to ZacksTrade, click OK. If you do not, click Cancel.
OK Cancel
Image: Bigstock
Zacks Equity Research
                    June 18, 2024

MCD Quick QuoteMCD EAT Quick QuoteEAT LOCO Quick QuoteLOCO WING Quick QuoteWING 



Better trading starts here.



You follow Analyst Blog - edit


You follow Zacks Equity Research - edit



Zacks Equity Research



Analyst Blog

McDonald's Corporation (MCD Quick QuoteMCD  -  Free Report)     benefits from the robust loyalty program, menu innovation, expansion efforts and global comps growth. McDonald’s expects its velocity accelerators of Experience of the Future, digital and delivery to drive growth in the long term.Despite the aforementioned factors, the company’s shares have lost 13.7% in the past year, compared with the industry’s decline of 7.2%. Inflationary pressures and macroeconomic woes are the reasons behind the decline. Let’s delve deeper.
Ever since the launch of the loyalty program in the United States, the company has been able to transform its offerings across drive-thru, takeaway, delivery, curbside pick-up and dine-in. The program has not only helped in retaining the existing customers but also in expanding the customer base. MCD has already introduced a loyalty program in more than 50 markets, including the United States, Germany, Canada, the U.K., Australia and France.In the first-quarter 2024 earnings call, the company stated its notable improvements in digital penetration across  markets thanks to increased loyalty sales and record mobile app orders, leading to greater frequency and increased spending by loyal customers. It also stated the success of McDonald's World-Famous Fries feature at the center of a digital campaign in Australia. The alignment of seamless digital experience with campaigning resulted in incremental customer acquisition and increased the market's loyalty sales.
Also, the U.K. market showcased loyalty results with the return of the Winning Sips digital experience, encouraging customers to add a drink to their order with a chance to win on every cup.To boost its loyalty program participants and encourage customers to avail the digital platform, McDonald's is expecting to deploy “Ready on Arrival,” which is a digital enhancement initiative in the United States. This initiative will focus on enabling the crew to begin assembling a customer’s mobile order before their arrival at the restaurant and is expected to be launched across the top six markets by 2025 end.McDonald’s believes that there is a huge opportunity to grow all its brands globally by expanding the company’s presence in existing markets and entering new ones. Its expansion efforts continue to drive performance. In the first quarter of 2024, the company opened 6,000th restaurant in China, on track to fulfill its global expansion plan.
MCD is planning to open more than 2,100 new restaurants globally in 2024, including 500 openings in the United States and IOM segment and 1,600 (including nearly 1000 in China) inaugurations in the IDL market. The new unit growth aim for 2024 showcases about 4% contribution to new unit growth (net of closures). Also, the company expects net restaurant unit expansion to contribute nearly 2% to 2024 systemwide sales growth. It targets to open 50,000 restaurants by 2027.This Zacks Rank #3 (Hold) company continues to impress investors with robust comps growth. In the first quarter of 2024, global comps increased 1.9% compared with a rise of 12.6% reported in the prior-year quarter. In the quarter, the company’s comparable sales grew more than 30%, marking the 13th consecutive quarter of positive comparable sales growth, compared with the past four years.
The uptrend was backed by average check growth driven by strategic menu price increases, successful restaurant-level execution, effective marketing campaigns featuring the core menu and continued digital and delivery growth. Also, the effective implementation of the Accelerating the Arches strategy added to the uptick.
Image Source: Zacks Investment Research
The persisting inflationary pressures are likely to hurt the company’s margins. In the first quarter of 2024, margins suffered due to continued pressure from elevated commodities and wages. In the first quarter, McDonald’s company-operated restaurant expenses were $2.04 billion, up 6% from $1.92 billion reported in the prior-year quarter. A challenging macro environment, including rising interest rates, remains headwinds. Given the ongoing inflationary headwinds, MCD expects the operating margin to remain pressurized in the near term. The company expects commodity and food and paper inflation to be at the higher end in 2024. Also, it expects labor inflation to be in the high single digits.
Wingstop Inc. (WING Quick QuoteWING  -  Free Report)     sports a Zacks Rank #1 (Strong Buy) at present. You can see the complete list of today’s Zacks #1 Rank stocks here.It has a trailing four-quarter negative earnings surprise of 21.4%, on average. The stock has surged 112% in the past year. The Zacks Consensus Estimate for WING’s 2024 sales and earnings per share (EPS) indicates a rise of 27.5% and 36.7%, respectively, from the year-ago levels.Brinker International, Inc. (EAT Quick QuoteEAT  -  Free Report)     currently sports a Zacks Rank #1. It has a trailing four-quarter earnings surprise of 213.4%, on average. EAT’s shares have risen 85.4% in the past year.The Zacks Consensus Estimate for EAT’s 2024 sales and EPS indicates 5% and 41.3% growth, respectively, from the year-earlier actuals.El Pollo Loco Holdings, Inc. (LOCO Quick QuoteLOCO  -  Free Report)     currently carries a Zacks Rank #2 (Buy). It has a trailing four-quarter earnings surprise of 19.4%, on average. LOCO’s shares have risen 5.2% in the past year.The Zacks Consensus Estimate for LOCO’s 2025 sales and EPS indicates 3.8% and 9.9% growth, respectively, from the prior-year figures.
McDonald's Corporation (MCD) - free report >>
Brinker International, Inc. (EAT) - free report >>
El Pollo Loco Holdings, Inc. (LOCO) - free report >>
Wingstop Inc. (WING) - free report >>
Our experts picked 7 Zacks Rank #1 Strong Buy stocks with the best chance to skyrocket within the next 30-90 days.
Recent stocks from this report have soared up to +67.5% within 30 days - this month's picks could be even better. See our report's fresh new picks today - it's really free!
Privacy Policy  |  No cost, no obligation to buy anything ever.
Past performance is no guarantee of future results.
This page has not been authorized, sponsored, or otherwise approved or endorsed by the companies represented herein. Each of the company logos represented herein are trademarks of Microsoft Corporation; Dow Jones & Company; Nasdaq, Inc.; Forbes Media, LLC; Investor's Business Daily, Inc.; and Morningstar, Inc.
Copyright 2024 Zacks Investment Research | 10 S Riverside Plaza Suite #1600 | Chicago, IL 60606
At the center of everything we do is a strong commitment to independent research and sharing its profitable discoveries with investors. This dedication to giving investors a trading advantage led to the creation of our proven Zacks Rank stock-rating system. Since 1988 it has more than doubled the S&P 500 with an average gain of +23.68%  per year. These returns cover a period from January 1, 1988 through August 5, 2024. Zacks Rank stock-rating system returns are computed monthly based on the beginning of the month and end of the month Zacks Rank stock prices plus any dividends received during that particular month. A simple, equally-weighted average return of all Zacks Rank stocks is calculated to determine the monthly return. The monthly returns are then compounded to arrive at the annual return. Only Zacks Rank stocks included in Zacks hypothetical portfolios at the beginning of each month are included in the return calculations. Zacks Ranks stocks can, and often do, change throughout the month. Certain Zacks Rank stocks for which no month-end price was available, pricing information was not collected, or for certain other reasons have been excluded from these return calculations. Zacks may license the Zacks Mutual Fund rating provided herein to third parties, including but not limited to the issuer.
Visit Performance Disclosure for information about the performance numbers displayed above.
Visit www.zacksdata.com to get our data and content for your mobile app or website.
Real time prices by BATS. Delayed quotes by Sungard.
NYSE and AMEX data is at least 20 minutes delayed. NASDAQ data is at least 15 minutes delayed.
This site is protected by reCAPTCHA and the Google Privacy Policy, DMCA Policy and Terms of Service apply.
",
2024-06-18 13:33:13,Krispy Kreme's 'F.R.I.E.N.D.S' Frenzy: New UK-Exclusive Doughnuts Spark Outcry Among US Fans - Krispy Kreme  ( NASDAQ:DNUT ) ,https://www.benzinga.com/trading-ideas/long-ideas/24/06/39380016/krispy-kremes-f-r-i-e-n-d-s-frenzy-new-uk-exclusive-doughnuts-spark-outcry-among-us-fans,"Krispy Kreme Inc DNUT faces a sticky situation as it launches four new ""F.R.I.E.N.D.S""-themed doughnuts, tantalizingly named after iconic show moments, like ""WE WERE ON A COFFEE BREAK"" and ""HOW YOU DOIN'?"". The twist? These treats are exclusively available in the UK, leaving American fans feeling ...",www.benzinga.com,0.276237,Somewhat-Bullish,MCD,0.233556,0.340134,Somewhat-Bullish,2024-06-18 13:33:13,"Editor’s Note: The article has been updated with additional information.
Krispy Kreme Inc DNUT faces a sticky situation as it launches four new “F.R.I.E.N.D.S”-themed doughnuts, tantalizingly named after iconic show moments, like “WE WERE ON A COFFEE BREAK” and “HOW YOU DOIN’?”. The twist? These treats are exclusively available in the UK, leaving American fans feeling glazed and confused.
The announcement, filled with Friends references, exclaimed, “COULD WE ‘BE’ ANY MORE EXCITED?!?!” However, the excitement quickly turned to disappointment for U.S. fans as they realized these delicious tributes to the beloved TV show are not available in America. One Reddit user expressed surprise at the news, commenting, “Wait – they better do this in the US.” 
The limited-time offering is set to run until July 21, leaving fans across the pond craving a taste of their favorite show.
Krispy Kreme’s decision to launch these doughnuts only in the UK comes amid a challenging period for the company’s stock, which is down 15.97% over the past year and is 21.54% lower year-to-date.
Despite this setback, Krispy Kreme is banking on its partnership with McDonald’s to sweeten its prospects, aiming to double its presence in McDonald’s Corp MCD restaurants nationwide by 2026.
Related: Krispy Kreme-McDonald’s Deal Spikes Insulin Stock Interest: ‘We’re About To Cash In On The Aftermath’
However, market challenges loom, including concerns over the impact of the Ozempic weight loss trend on sugary treat demand. Krispy Kreme’s stock is currently experiencing slight buying pressure, with mixed technical indicators suggesting a stagnant trend.
This isn’t the first time the company has released special edition doughnuts outside the U.S. The FRIENDS-themed doughnuts recall the Pokémon doughnuts that Krispy Kreme introduced in May, which were exclusively available in Korea, much to the dismay of U.S.-based Pokémon fans.
As Krispy Kreme navigates these challenges and aims to capitalize on its McDonald’s partnership, the FRIENDS doughnut situation serves as a reminder of the importance of understanding local markets and the power of nostalgia in consumer preferences.
Will Krispy Kreme find a way to satisfy its American fans’ cravings and boost its stock performance? Only time will tell.
Read Next: Can Krispy Kreme Overcome Ozempic Fears And Become The Next Chipotle?
Photo: Shutterstock
© 2024 Benzinga.com. Benzinga does not provide investment advice. All rights reserved.
Trade confidently with insights and alerts from analyst ratings, free reports and breaking news that affects the stocks you care about.
",
2024-06-20 11:45:00,Datadog and Builders FirstSource have been highlighted as Zacks Bull and Bear of the Day,https://www.zacks.com/stock/news/2290731/datadog-and-builders-firstsource-have-been-highlighted-as-zacks-bull-and-bear-of-the-day,Datadog and Builders FirstSource are part of the Zacks Bull and Bear of the Day article.,www.zacks.com,0.224315,Somewhat-Bullish,MCD,0.080188,0.064473,Neutral,2024-06-20 11:45:00,"We use cookies to understand how you use our site and to improve your experience. This includes personalizing content and advertising. To learn more, click here. By continuing to use our site, you accept our use of cookies, revised Privacy Policy and Terms of Service.
New to Zacks? Get started here.
Don't Know Your Password?

Don't Know Your Password?

You are being directed to ZacksTrade, a division of LBMZ Securities and licensed broker-dealer. ZacksTrade and Zacks.com are separate companies. The web link between the two companies is not a solicitation or offer to invest in a particular security or type of security. ZacksTrade does not endorse or adopt any particular investment strategy, any analyst opinion/rating/report or any approach to evaluating individual securities.
If you wish to go to ZacksTrade, click OK. If you do not, click Cancel.
OK Cancel
Image: Bigstock
Zacks Equity Research
                    June 20, 2024

MCD Quick QuoteMCD EAT Quick QuoteEAT BLDR Quick QuoteBLDR WING Quick QuoteWING DDOG Quick QuoteDDOG 



Better trading starts here.



You follow Press Releases - edit


You follow Zacks Equity Research - edit



Zacks Equity Research



Press Releases

Chicago, IL – June 20, 2024 – Zacks Equity Research shares Datadog (DDOG Quick QuoteDDOG  -  Free Report)     as the Bull of the Day and Builders FirstSource (BLDR Quick QuoteBLDR  -  Free Report)     as the Bear of the Day. In addition, Zacks Equity Research provides analysis on McDonald's Corp. (MCD Quick QuoteMCD  -  Free Report)    , Wingstop Inc. (WING Quick QuoteWING  -  Free Report)     and Brinker International, Inc. (EAT Quick QuoteEAT  -  Free Report)    .
Here is a synopsis of all five stocks:
Datadog, a data analytics company that makes tools for monitoring infrastructure and application performance, surfaced back on my ""buy radar"" this month after we last took profits on the stock on the big move from $80 to $120.Here's what I told my TAZR Trader group on June 11...Portfolio is buying Datadog (DDOG Quick QuoteDDOG  -  Free Report)    .I've been eyeing our re-entry here and things have lined up pretty decent...1. Back to Zacks #1 Rank after earnings, despite a stock sell-off2. Software/Cloud getting killed elsewhere with CRM, MDB, SNOW, and SQ still in penalty box3. Chart stabilizing at $110 support4. Baillie Gifford still big holders, only selling 3% of shares in Q15. Valuation back to reasonable at 13X sales growing at 21-22% and EPS growing 17%6. Goldman noted yesterday on DDOG's ""clear AI vision"" as described here...Management indicated that the hyperscaler growth witnessed in the first quarter ""is attributable to AI value largely accruing at the infrastructure layer as limited GPU capacity comes online for model training (where Datadog has less exposure),"" analyst Kash Rangan wrote.The Goldman analyst observed that management has plans to expand the company beyond model providers ""as more use cases emerge and inferencing workloads grow,"" he added.Rangan also tried to explain some commentary from Datadog CEO Olivier Pomel about how Gen-AI is expected to increase data quantity and complexity, noting that Pomel believes ""Datadog's core applications (ITIM, APM, Logs) should capitalize on this durable tailwind. Further, with a new category of AI-enabled applications emerging, the CEO noted that new tooling will be required, which Datadog is investing against.""The Goldman analyst reiterated his $143 PT, which is the Street average, offering 26% upside potential.Finding Footing Above $110 After the QuarterAfter Datadog's May 8 earnings report, there was some concern about growth leveling off. Here's what the Wedbush analyst team, led by Dan Ives, wrote about the numbers which highlight Net New ARR added that was the highest in almost 2 years...One of the data points that we and investors have been using to estimate DDOG revenues has been its correlation with AWS revenues. For the past few quarters, we have seen AWS Revenues and DDOG Revenues being in sync tracking similar growth trajectories and the ""attach rate"" (DDOG Revenues/ AWS Revenues) follow a predictable path.That math had led us and others to estimate DDOG Revenues in FQ1'24 could be ~$620m+. But that correlation broke down this quarter and DDOG revenues came in lower than those expectations, and in-line with the ""typical"" beat of ~$20m. Even though broadly speaking longer-term growth in Cloud and AWS is a positive for DDOG, the company had been cautioning that AWS revenues and DDOG revenues are unlikely to be in perfect sync every single quarter.Despite these concerns, more than a dozen Wall Street analysts raised their EPS estimates for this year, driving the Zacks Consensus up 8.5% from $1.42 to $1.54.And next year saw a bump from $1.73 to $1.80. These boosts represent nearly 17% annual profit growth for this year and next.The Wedbush team maintained their conservative $155 price target for DDOG. And they sound ready for upside surprises in the coming quarters. So while the stock drifts between $110 and $120, I think data-centric investors are getting good risk/reward on an AI future where hyperscale datacenters are one of the fastest growing segments of industrial real estate.
Builders FirstSource is an $18 billion enterprise that calls itself ""the nation's largest supplier of structural building products, value-added components and services to the professional market for new residential construction and repair and remodeling.""
You could think of it as the ""wholesale"" Home Depot. For comparison's sake, Home Depot is a $350 billion market cap company doing about $155 billion in annual sales.
But in a strong housing market, BLDR beat all comps, rising out of the bear market lows of late 2022 to post stock performance of over +225% by March of this year.
And even after a stock correction of 30% since then, BLDR shares are still up nearly double that of the SPDR S&P Homebuilders ETF (XHB) and the iShares U.S. Home Construction ETF (ITB), the two major SFR (single family residential) indexes.
The driver of that rally was an EPS trailing twelve-month (TTM) moonshot from $2 to $18 that occurred from 2020 through 2022.
During that same period, TTM revenues tripled from $7.5 billion to $23 billion.
This seems extraordinary, but I think two major forces explain it: one macro and one company-specific.
First, the macro supply/demand situation can best be described by data from Lance Lambert who goes by @NewsLambert on Twitter. Here's how he previewed his new research service in October of 2023...
We are in a historically significant chapter for housing, one that has witnessed affordability deteriorate to levels unseen in decades. That's why I just quit Fortune to launch ResiClub, a news and research outlet that'll track the U.S. housing market.
And here's the quick data picture he posted just two days ago...
May 2021: 0 of the nation's 200 largest housing markets were back to pre-pandemic inventory levels
May 2023: 7 of 200
May 2024: 32 of 200 (with 19 in Florida/Texas)
(end of Lambert data view)
So we hear about the rise in interest rates and housing prices keeping affordability out of reach for many buyers.
And we see that many of the ""hotter"" markets are cooling off, with rising inventory levels.
But the big picture remains one of an overall housing shortage. Still. And those sunbelt markets will continue to attract new migrating homeowners this decade.
When I dove into studying this company, I knew very little about them. But when I went to their website, I started getting intrigued their Digital Tools.
As an NVIDIA (NVDA) shareholder and avid fan of how electronic and system design capabilities have transformed most engineering and manufacturing processes into what I call ""CAD/CAM on steroids,"" I should not have been surprised to see that this key builder supplier has embraced the digital age for its hammer and saw customers.
Then, I felt really in the dark as I started seeing tabs and video links about someone called Matt Risinger, host of the BuildShow. I assumed this was another HGTV ""rehab"" show I never saw (as I watch very little TV).
But then I played part of an ""episode"" of what appears to be the BFS network with Matt and I was drawn further in. It turns out...
Matt Risinger is a nationally recognized expert in building science and high-performance construction, gaining fame as host of The Build Show on YouTube. Matt regularly works with Builders FirstSource (aka ""BFS"") on all sorts of projects, including building houses with their READY-FRAME® system, taking advantage of BFS Digital Tools, and even appearing at their live events.
Matt started learning about construction by working summers at an inner-city ministry that fixed up row houses for elderly people. After graduating from college, the national mold crisis in 2002 inspired him to become fluent in Building Science. In 2005, Matt relocated to Austin where he founded Risinger & Company, and has since become a leader in the industry.
When I watched episode 5, I learned how fanatic Matt is about preventing mold -- and how BFS helps him design materials and construction strategies to do so. Their flatbed delivery of precisely labeled pre-cut lumber and custom materials is amazing -- and important since they admit that many home-building crews will have new, inexperienced members who benefit greatly from on-site ""wood prints"" for how the puzzle gets nailed together.
To see the episode #5 that I watched, use this link. Here's how they describe it...
Matt's team begins framing the house in this episode, and he showcases how BFS's READY-FRAME® system streamlines framing with pre-cut, labeled lumber packages. He also demonstrates how our myBLDR.com digital homebuilding platform uses 3D modeling to identify and solve MEP clashes before construction even begins. See how these innovations save time, reduce waste, and lead to a smoother building process!
On May 7, BLDR delivered another ""top and bottom beats"" quarter, but the growth slowdown was confirmed after a meteoric ramp.
The company came out with quarterly earnings of $2.65 per share, beating the Zacks Consensus Estimate of $2.42 per share. But this comps to earnings of $2.96 per share a year ago.
This quarterly report represents an earnings surprise of only 9.50%. A quarter ago, it was expected that this construction supply company would post earnings of $2.70 per share when it actually produced earnings of $3.55, delivering a surprise of 31.48%.
It appears that the slowdown in BLDR growth, and rising home inventories, has propelled Wall Street analysts to take down EPS estimates.
Mind you, the downward revisions to growth are hardly a blip, like 1%. But both the top and bottom lines look ""flatish"" for this year and next.
So the real ""adjustment"" is about how far the stock ran into this growth as it levels off.
I would expect BLDR to continue to be a winner of the digital home-builder revolution and we should look to buy shares on dips into $120-140. The Zacks Rank will give us a heads up about the earnings turnaround.
McDonald's Corp.benefits from the robust loyalty program, menu innovation, expansion efforts and global comps growth. McDonald's expects its velocity accelerators of Experience of the Future, digital and delivery to drive growth in the long term.
Despite the aforementioned factors, the company's shares have lost 13.7% in the past year, compared with the industry's decline of 7.2%. Inflationary pressures and macroeconomic woes are the reasons behind the decline. Let's delve deeper.
Ever since the launch of the loyalty program in the United States, the company has been able to transform its offerings across drive-thru, takeaway, delivery, curbside pick-up and dine-in. The program has not only helped in retaining the existing customers but also in expanding the customer base. MCD has already introduced a loyalty program in more than 50 markets, including the United States, Germany, Canada, the U.K., Australia and France.
In the first-quarter 2024 earnings call, the company stated its notable improvements in digital penetration across markets thanks to increased loyalty sales and record mobile app orders, leading to greater frequency and increased spending by loyal customers. It also stated the success of McDonald's World-Famous Fries feature at the center of a digital campaign in Australia. The alignment of seamless digital experience with campaigning resulted in incremental customer acquisition and increased the market's loyalty sales.
Also, the U.K. market showcased loyalty results with the return of the Winning Sips digital experience, encouraging customers to add a drink to their order with a chance to win on every cup.
To boost its loyalty program participants and encourage customers to avail the digital platform, McDonald's is expecting to deploy ""Ready on Arrival,"" which is a digital enhancement initiative in the United States. This initiative will focus on enabling the crew to begin assembling a customer's mobile order before their arrival at the restaurant and is expected to be launched across the top six markets by 2025 end.
McDonald's believes that there is a huge opportunity to grow all its brands globally by expanding the company's presence in existing markets and entering new ones. Its expansion efforts continue to drive performance. In the first quarter of 2024, the company opened 6,000th restaurant in China, on track to fulfill its global expansion plan.
MCD is planning to open more than 2,100 new restaurants globally in 2024, including 500 openings in the United States and IOM segment and 1,600 (including nearly 1000 in China) inaugurations in the IDL market. The new unit growth aim for 2024 showcases about 4% contribution to new unit growth (net of closures). Also, the company expects net restaurant unit expansion to contribute nearly 2% to 2024 systemwide sales growth. It targets to open 50,000 restaurants by 2027.
This Zacks Rank #3 (Hold) company continues to impress investors with robust comps growth. In the first quarter of 2024, global comps increased 1.9% compared with a rise of 12.6% reported in the prior-year quarter. In the quarter, the company's comparable sales grew more than 30%, marking the 13th consecutive quarter of positive comparable sales growth, compared with the past four years.
The uptrend was backed by average check growth driven by strategic menu price increases, successful restaurant-level execution, effective marketing campaigns featuring the core menu and continued digital and delivery growth. Also, the effective implementation of the Accelerating the Arches strategy added to the uptick.
The persisting inflationary pressures are likely to hurt the company's margins. In the first quarter of 2024, margins suffered due to continued pressure from elevated commodities and wages. In the first quarter, McDonald's company-operated restaurant expenses were $2.04 billion, up 6% from $1.92 billion reported in the prior-year quarter. A challenging macro environment, including rising interest rates, remains headwinds.
Given the ongoing inflationary headwinds, MCD expects the operating margin to remain pressurized in the near term. The company expects commodity and food and paper inflation to be at the higher end in 2024. Also, it expects labor inflation to be in the high single digits.
Wingstop Inc.sports a Zacks Rank #1 (Strong Buy) at present. You can see the complete list of today's Zacks #1 Rank stocks here.
It has a trailing four-quarter negative earnings surprise of 21.4%, on average. The stock has surged 112% in the past year. The Zacks Consensus Estimate for WING's 2024 sales and earnings per share (EPS) indicates a rise of 27.5% and 36.7%, respectively, from the year-ago levels.
Brinker International, Inc.currently sports a Zacks Rank #1. It has a trailing four-quarter earnings surprise of 213.4%, on average. EAT's shares have risen 85.4% in the past year.
The Zacks Consensus Estimate for EAT's 2024 sales and EPS indicates 5% and 41.3% growth, respectively, from the year-earlier actuals.
Why Haven't You Looked at Zacks' Top Stocks? 
Since 2000, our top stock-picking strategies have blown away the S&P's +7.0 average gain per year. Amazingly, they soared with average gains of +44.9%, +48.4% and +55.2% per year.
Today you can access their live picks without cost or obligation.
See Stocks Free >>
Media Contact
Zacks Investment Research
800-767-3771 ext. 9339
 
https://www.zacks.com
 
Zacks.com provides investment resources and informs you of these resources, which you may choose to use in making your own investment decisions. Zacks is providing information on this resource to you subject to the Zacks ""Terms and Conditions of Service"" disclaimer. www.zacks.com/disclaimer.
 
Past performance is no guarantee of future results. Inherent in any investment is the potential for loss.This material is being provided for informational purposes only and nothing herein constitutes investment, legal, accounting or tax advice, or a recommendation to buy, sell or hold a security. No recommendation or advice is being given as to whether any investment is suitable for a particular investor. It should not be assumed that any investments in securities, companies, sectors or markets identified and described were or will be profitable. All information is current as of the date of herein and is subject to change without notice. Any views or opinions expressed may not reflect those of the firm as a whole. Zacks Investment Research does not engage in investment banking, market making or asset management activities of any securities. These returns are from hypothetical portfolios consisting of stocks with Zacks Rank = 1 that were rebalanced monthly with zero transaction costs. These are not the returns of actual portfolios of stocks. The S&P 500 is an unmanaged index. Visit https://www.zacks.com/performancefor information about the performance numbers displayed in this press release.
McDonald's Corporation (MCD) - free report >>
Brinker International, Inc. (EAT) - free report >>
Builders FirstSource, Inc. (BLDR) - free report >>
Wingstop Inc. (WING) - free report >>
Datadog, Inc. (DDOG) - free report >>
Our experts picked 7 Zacks Rank #1 Strong Buy stocks with the best chance to skyrocket within the next 30-90 days.
Recent stocks from this report have soared up to +67.5% within 30 days - this month's picks could be even better. See our report's fresh new picks today - it's really free!
Privacy Policy  |  No cost, no obligation to buy anything ever.
Past performance is no guarantee of future results.
This page has not been authorized, sponsored, or otherwise approved or endorsed by the companies represented herein. Each of the company logos represented herein are trademarks of Microsoft Corporation; Dow Jones & Company; Nasdaq, Inc.; Forbes Media, LLC; Investor's Business Daily, Inc.; and Morningstar, Inc.
Copyright 2024 Zacks Investment Research | 10 S Riverside Plaza Suite #1600 | Chicago, IL 60606
At the center of everything we do is a strong commitment to independent research and sharing its profitable discoveries with investors. This dedication to giving investors a trading advantage led to the creation of our proven Zacks Rank stock-rating system. Since 1988 it has more than doubled the S&P 500 with an average gain of +23.68%  per year. These returns cover a period from January 1, 1988 through August 5, 2024. Zacks Rank stock-rating system returns are computed monthly based on the beginning of the month and end of the month Zacks Rank stock prices plus any dividends received during that particular month. A simple, equally-weighted average return of all Zacks Rank stocks is calculated to determine the monthly return. The monthly returns are then compounded to arrive at the annual return. Only Zacks Rank stocks included in Zacks hypothetical portfolios at the beginning of each month are included in the return calculations. Zacks Ranks stocks can, and often do, change throughout the month. Certain Zacks Rank stocks for which no month-end price was available, pricing information was not collected, or for certain other reasons have been excluded from these return calculations. Zacks may license the Zacks Mutual Fund rating provided herein to third parties, including but not limited to the issuer.
Visit Performance Disclosure for information about the performance numbers displayed above.
Visit www.zacksdata.com to get our data and content for your mobile app or website.
Real time prices by BATS. Delayed quotes by Sungard.
NYSE and AMEX data is at least 20 minutes delayed. NASDAQ data is at least 15 minutes delayed.
This site is protected by reCAPTCHA and the Google Privacy Policy, DMCA Policy and Terms of Service apply.
",
2024-06-21 09:00:17,"McDonald's Announces $5 Value Meal As It Looks To Win Back Customers: 'We're Committed To Winning The Value War' - Restaurant Brands Intl  ( NYSE:QSR ) , McDonald's  ( NYSE:MCD ) ",https://www.benzinga.com/news/24/06/39428015/mcdonalds-announces-5-value-meal-as-it-looks-to-win-back-customers-were-committed-to-winning-the-val,"McDonald's Corp. MCD is set to launch a new $5 meal deal, intensifying the ongoing price war among U.S. fast-food chains. What Happened: McDonald's is introducing a $5 meal deal, which includes a McDouble cheeseburger, small fries, four-piece chicken nuggets, and a small soft drink, reported ...",www.benzinga.com,0.072143,Neutral,MCD,0.201523,-0.263209,Somewhat-Bearish,2024-06-21 09:00:17,"McDonald’s Corp. MCD is set to launch a new $5 meal deal, intensifying the ongoing price war among U.S. fast-food chains.
What Happened: McDonald’s is introducing a $5 meal deal, which includes a McDouble cheeseburger, small fries, four-piece chicken nuggets, and a small soft drink, reported Bloomberg on Friday. The promotion is set to begin on Jun. 25, as the company aims to entice customers who have cut back on fast food due to rising prices.
“We’re committed to winning the value war,” said Joe Erlinger, president of McDonald’s U.S.
Competitors have already responded to McDonald’s plans. Burger King QSR pledged to roll out its $5 value meal before McDonald’s, while Wendy’s Co. WEN introduced a $3 breakfast offer and mocked its competitors on social media. Even Starbucks SBUX announced a $6 breakfast sandwich and coffee combo.
See Also: Dogecoin, Shiba Inu, XRP Flagged By Analytics Firm As Buying Opportunities Amid 2024 Sentiment Low
Erlinger, however, is not concerned about the competition. He believes McDonald’s size and marketing muscle give the company an edge over smaller rivals and the ability to minimize any impact on franchisee profits.
Despite the promotion, some franchisees are concerned about customers trading down from pricier options, like the $9 Big Mac combo.
Why It Matters: McDonald’s has been under scrutiny for its price increases. The menu has seen historic price hikes of more than 200% in some cases over the past decade. This has led to criticism from customers and a decrease in fast-food consumption, even among traditionally loyal customers.
McDonald’s also recently lost the trademark rights to its chicken-based Big Mac in the European Union. The company’s decision to end a drive-thru AI test also suggests that the fast-food giant is adapting to changing consumer demands.
Price Action: McDonald’s Corp’s stock closed at $253.80 on Thursday, up 1.20% for the day. In pre-market trading, the stock remained unchanged. Year to date, McDonald’s stock has declined by 14.56%, according to the data from Benzinga Pro.
Read Next: Discovering The Potential Of An Unconventional Oil Play With TAG Oil In Egypt
Image Via Shutterstock 
This story was generated using Benzinga Neuro and edited by Kaustubh Bagalkote
© 2024 Benzinga.com. Benzinga does not provide investment advice. All rights reserved.
Trade confidently with insights and alerts from analyst ratings, free reports and breaking news that affects the stocks you care about.
",
2024-06-21 19:03:16,Why Are McDonald Shares Trading Higher Friday? - McDonald's  ( NYSE:MCD ) ,https://www.benzinga.com/news/24/06/39439346/why-are-mcdonald-shares-trading-higher-friday,"McDonald's Corp. MCD shares were trading higher Friday afternoon after the company announced a new $5 meal deal to attract price-conscious customers amid rising fast-food prices. What Happened: Launching on June 25, this initiative aims to entice customers who have cut back on fast food due to ...",www.benzinga.com,0.327481,Somewhat-Bullish,MCD,0.488777,0.548227,Bullish,2024-06-21 19:03:16,"McDonald's Corp. MCD shares were trading higher Friday afternoon after the company announced a new $5 meal deal to attract price-conscious customers amid rising fast-food prices.
What Happened: Launching on June 25, this initiative aims to entice customers who have cut back on fast food due to inflation. Joe Erlinger, president of McDonald's U.S., emphasized the company's commitment to “winning the value war.” 
This move comes as competitors like Burger King QSR and Wendy's WEN introduce their own value meals, intensifying the competition. Despite concerns from franchisees about potential downsizing from higher-priced options, McDonald's aims to leverage its scale and marketing power to outpace rivals.
What Else: The fast-food giant has faced criticism for significant price hikes over the past decade, leading to a decrease in customer loyalty. Additionally, McDonald's has navigated other challenges, including losing trademark rights to its chicken-based Big Mac in the European Union and ending a drive-thru AI test. 
MCD Price Action: McDonald shares were up by 2.41% at $29.87 according to Benzinga Pro.
See Also: Will Netflix Save Shopping Malls? New Experiences A Potential Game Changer For Retail Centers
Image via Shutterstock.
© 2024 Benzinga.com. Benzinga does not provide investment advice. All rights reserved.
Trade confidently with insights and alerts from analyst ratings, free reports and breaking news that affects the stocks you care about.
",
2024-06-24 02:47:27,"Nvidia's Brand Recognition Lags Behind Apple, Microsoft, Despite Leading AI Revolution And Market Capitalization Crossing $3 Trillion - Microsoft  ( NASDAQ:MSFT ) , NVIDIA  ( NASDAQ:NVDA ) ",https://www.benzinga.com/markets/equities/24/06/39449022/nvidias-brand-recognition-lags-behind-apple-microsoft-despite-leading-ai-revolution-and-market-c,"NVIDIA Corp NVDA has surged past a $3 trillion market cap, but it has some distance to cover as far as brand recognition is concerned. According to a consulting firm, Apple Inc., Microsoft Corp., Amazon.com Inc., and Alpbabet Inc.'s Google were the four leading global brands at the end of 2023.",www.benzinga.com,0.167777,Somewhat-Bullish,MCD,0.070517,0.0,Neutral,2024-06-24 02:47:27,"NVIDIA Corp NVDA has surged past a $3 trillion market cap, but it has some distance to cover as far as brand recognition is concerned. According to a consulting firm, Apple Inc., Microsoft Corp., Amazon.com Inc., and Alpbabet Inc.’s Google were the four leading global brands at the end of 2023. They are also among the world’s five most valuable companies.
What Happened: Nvidia’s market capitalization crossed the $3 trillion mark and even surpassed, surpassing Microsoft for a brief period last week. However, the company’s brand recognition doesn’t reflect its market capitalization, as it doesn’t even make it to the top 100 most iconic names on Interbrand’s latest list of iconic names, reported CNBC.
The list includes names like McDonald’s Corp., Starbucks Corp., The Walt Disney Co., and Netflix Inc., among others.
Nvidia’s rapid valuation growth, which has seen its stock climb nearly eight-fold since the end of 2022, is primarily driven by the demand for its GPUs, which are crucial to the AI boom. Despite this, the company’s brand recognition on Main Street lags far behind its allure on Wall Street.
""As a product company recently moving onto a global stage, Nvidia has not had time, nor has it dedicated resources, to change its role of brand and strengthen its brand to protect future revenue,"" said Greg Silverman, Interbrand's global director of brand economics, according to the report.
Silverman added that the risk for Nvidia is that its ""weak brand strength will limit how valuable it will be, despite its market cap heights.""
See Also: Nvidia To Acquire Shoreline.Io For $100M As Jensen Huang-Led AI Stalwart Aims To Cut Revenue Reliance On Microsoft, Amazon And More: Report
Despite its lack of recognition on Interbrand’s list, Nvidia’s brand value is catching up to that of its peers. In a recent ranking of the 100 most valuable global brands by Kantar BrandZ, Nvidia landed at No. 6, jumping 18 places from its previous survey.
""Nvidia is pound for pound as relevant and meaningful to that B2B buyer that's looking to make big, large purchases in-house for their company as Apple is to the consumer who's buying an iPad or a Mac,"" Marc Glovsky, senior brand strategist at Kantar, said, according to the report. 
Why It Matters: Nvidia’s rise to the top of the market cap charts is a significant achievement for the company, which has undergone a dramatic transformation from a specialized graphics card manufacturer to a pivotal player in the generative AI surge. 
However, more recently, Nvidia’s CEO, Jensen Huang, has been offloading shares oof the company. He sold Nvidia shares worth over $90 million in the last week. This comes amid concerns about the company’s future earnings, with veteran tech investor Paul Wick voicing his reservations about Nvidia’s growth prospects.
Meanwhile, Masayoshi Son, the founder of SoftBank Group, expressed regret over the decision to sell the company’s stake in Nvidia, which resulted in SoftBank missing out on a potential $157 billion windfall.
Nvidia’s shares closed at $126.57 on Friday, after a 3.22% decline, according to Benzinga Pro.
Read Next: ‘Dogecoin Killer’ Shiba Inu’s Burn Rate Soars 459%, Large Transactions Witness A Twofold Jump
Image Via Shutterstock
This story was generated using Benzinga Neuro and edited by Kaustubh Bagalkote
© 2024 Benzinga.com. Benzinga does not provide investment advice. All rights reserved.
Trade confidently with insights and alerts from analyst ratings, free reports and breaking news that affects the stocks you care about.
",
2024-06-24 11:55:43,"McDonald's, Alphabet And 2 Other Stocks Insiders Are Selling - Alphabet  ( NASDAQ:GOOGL ) ",https://www.benzinga.com/news/24/06/39453524/mcdonalds-alphabet-and-2-other-stocks-insiders-are-selling,"The Nasdaq 100 closed lower by over 50 points on Friday. Investors, meanwhile, focused on some notable insider trades. When insiders sell shares, it could be a preplanned sale, or could indicate their concern in the company's prospects or that they view the stock as being overpriced.",www.benzinga.com,0.115019,Neutral,MCD,0.162255,0.106615,Neutral,2024-06-24 11:55:43,"The Nasdaq 100 closed lower by over 50 points on Friday. Investors, meanwhile, focused on some notable insider trades.
When insiders sell shares, it could be a preplanned sale, or could indicate their concern in the company's prospects or that they view the stock as being overpriced. Insider sales should not be taken as the only indicator for making an investment or trading decision. At best, it can lend conviction to a selling decision.
Below is a look at a few recent notable insider sales. For more, check out Benzinga’s insider transactions platform.
Have a look at our premarket coverage here 
Check This Out: $2M Bet On Exxon Mobil? Check Out These 3 Stocks Insiders Are Buying
© 2024 Benzinga.com. Benzinga does not provide investment advice. All rights reserved.
Trade confidently with insights and alerts from analyst ratings, free reports and breaking news that affects the stocks you care about.
",
2024-06-27 12:57:43,McDonald's Customers Prefer Chicken Over Plant-Based Options: Report - McDonald's  ( NYSE:MCD ) ,https://www.benzinga.com/news/24/06/39524167/mcdonalds-customers-prefer-chicken-over-plant-based-options-report,"McDonald's Corp. MCD confirmed that its previous attempts to introduce plant-based meat in the U.S. were unsuccessful. The burger chain's customers do not frequent its restaurants for salads or plant-based options, according to Joe Erlinger, McDonald's U.S. chief, who spoke at the Wall Street ...",www.benzinga.com,0.191622,Somewhat-Bullish,MCD,0.426225,-0.026063,Neutral,2024-06-27 12:57:43,"McDonald’s Corp. MCD confirmed that its previous attempts to introduce plant-based meat in the U.S. were unsuccessful.
The burger chain’s customers do not frequent its restaurants for salads or plant-based options, according to Joe Erlinger, McDonald’s U.S. chief, who spoke at the Wall Street Journal’s Global Food Forum in Chicago.
The trial of the McPlant burger in San Francisco and Dallas did not meet expectations, wrapping up in 2022, reported Bloomberg.
Erlinger stated that American consumers are not seeking plant-based proteins from McDonald’s, although such products have seen more success in Europe.
Also Read: McDonald’s Announces $5 Value Meal As It Looks To Win Back Customers
Erlinger noted that if there is a strong demand for salads at McDonald’s, the company would consider relaunching them.
Instead, McDonald’s is focusing on expanding its chicken offerings as this protein has become more popular among its customers.
McDonald’s sells more chicken than beef, driven by the affordability of chicken production. “Chicken is less expensive to produce, and so for a consumer that's looking for more affordable food, chicken is a great option right now,” Erlinger explained.
It is to be noted that Beyond Meat Inc. BYND, provider of plant-based meats, such as burgers, sausage, ground beef and chicken has partnered with McDonald’s for the McPlant burger.
Price Action: MCD shares closed higher by 0.17% at $257.83 on Wednesday.
Read Next: 
Disclaimer: This content was partially produced with the help of AI tools and was reviewed and published by Benzinga editors.
© 2024 Benzinga.com. Benzinga does not provide investment advice. All rights reserved.
Trade confidently with insights and alerts from analyst ratings, free reports and breaking news that affects the stocks you care about.
",
2024-07-01 18:24:56,"AI In The Drive-Thru: Chipotle, Starbucks, McDonald's Lead The Charge - Starbucks  ( NASDAQ:SBUX ) , Chipotle Mexican Grill  ( NYSE:CMG ) , McDonald's  ( NYSE:MCD ) ",https://www.benzinga.com/analyst-ratings/analyst-color/24/07/39581676/ai-in-the-drive-thru-chipotle-starbucks-mcdonalds-lead-the-charge,"Artificial intelligence ( AI ) is revolutionizing the restaurant industry. The burgeoning sub-sector of the tech industry is bringing new, and personalized, customer experiences to restaurants in a once unimaginable way.",www.benzinga.com,0.279512,Somewhat-Bullish,MCD,0.144275,0.04694,Neutral,2024-07-01 18:24:56,"Artificial intelligence (AI) is revolutionizing the restaurant industry.
The burgeoning sub-sector of the tech industry is bringing new, and personalized, customer experiences to restaurants in a once unimaginable way. 
From the back of the house to the front, AI is transforming operations, and major players like Chipotle Mexican Grill Inc CMG, Starbucks Corp SBUX, and McDonald’s Corp MCD are at the forefront of this tech-driven shift.
A BofA Securities report highlighted this in an industry primer on restaurant stocks. Below are key takeaways for investors in Chipotle, Starbucks and McDonald’s, from the research note.
Chipotle is embracing AI with open arms, focusing on both efficiency and innovation. The company is testing PreciTaste, an AI system that monitors food production and signals when it’s time to restock. 
Additionally, Chipotle is trialing an AI-powered robot, Chippy, to fry tortilla chips, ensuring consistency and reducing waste. 
These technologies not only speed up production but also help minimize waste, which accounts for about 10% of total production. 
Chipotle’s AI-generated voice assistant, Pepper, enhances customer interactions by answering questions and taking orders, further streamlining the dining experience.
Read Also: Chipotle Mexican Grill’s Pricing Study Affirms Strong Value Proposition, Says Analyst
Starbucks has long been a pioneer in integrating technology into its operations, and AI is no exception. 
Its Deep Brew platform uses AI to manage inventory, predict staffing needs, and even anticipate equipment maintenance, significantly reducing downtime. Starbucks’ AI-enabled espresso machine, Mastrena II, is part of this initiative, ensuring that every cup of coffee meets the company’s high standards. 
The company’s AI-driven personalization efforts, such as suggesting new items based on past orders, enhance the customer experience, making each visit unique and tailored to individual preferences.
McDonald’s has made significant strides with AI, particularly in its drive-thru operations. 
The fast-food giant partnered with IBM to develop AI-enabled order technology, aiming to streamline the ordering process and reduce errors. Although McDonald’s has paused this initiative in over 100 locations, the company continues to explore AI’s potential. The focus remains on leveraging AI to enhance operational efficiency and customer satisfaction. 
McDonald’s foray into AI shows the company’s commitment to staying ahead in the competitive fast-food landscape.
As AI technology continues to evolve, its impact on the restaurant industry will only grow. Operators like Chipotle, Starbucks, and McDonald’s are setting the stage for a future where AI-driven efficiency and personalized customer experiences become the norm. With AI managing everything from kitchen operations to customer interactions, these companies are not only enhancing their operational efficiency, but also reinvesting gains to further distance themselves from competitors.
The AI-tization of restaurants is more than just a trend; it’s a transformative shift that’s here to stay. As these industry leaders continue to innovate, the gap between scaled operators and their competitors will only widen, promising a future of enhanced efficiency and customer satisfaction in the dining experience.
Read Next:
Image: Shutterstock
© 2024 Benzinga.com. Benzinga does not provide investment advice. All rights reserved.
Join Benzinga Edge and unlock all the major upgrades, downgrades, and changes to the market's most accurate analysts.
Trade confidently with insights and alerts from analyst ratings, free reports and breaking news that affects the stocks you care about.
",
2024-07-09 10:30:00,The One Reason Warren Buffett Isn't The World's Richest Person,https://www.forbes.com/sites/chasewithorn/2024/07/09/the-one-reason-warren-buffett-isnt-the-worlds-richest-person/,Here's How Rich Warren Buffett Would Be If He Never Donated To Charity Forbes ...,www.forbes.com,0.29346,Somewhat-Bullish,MCD,0.049322,0.169841,Somewhat-Bullish,2024-07-09 10:30:00,"Warren Buffett shocked the world in 2006, when he pledged to give away nearly all of his vast fortune. Since then, Buffett has donated more than $55 billion worth of his Berkshire Hathaway to charity, including a $5.3 billion gift in late June that knocked him down two spots on Forbes’ list of the world’s richest people, from 8th to 10th, his lowest ranking in more than two decades. Forbes estimates his net worth to be $128.9 billion.
But what if Buffett, perhaps the greatest philanthropist in history, had instead decided to keep all his Berkshire shares for himself?
Buffett owned 474,998 class A shares, then worth around $43 billion, when he made that historic announcement in the summer of 2006. If he still owned all that stock today, he’d be sitting on a pile of stock worth $292 billion.
Add in another $1 billion or so worth of class B shares and personal investments, and a less charitable Buffett would have a fortune of around $293 billion. That would make him some $41 billion richer than the planet’s current No. 1, Elon Musk (net worth: $252.4 billion); $77 billion ahead of No. 2 Jeff Bezos ($215.9 billion); and $102 billion above No. 3 Bernard Arnault ($191 billion). Instead of being $6 billion poorer than his friend Bill Gates ($135.2 billion), Buffett would be worth more than two Bill Gateses combined.
In other words, if Warren Buffett didn’t decide to start giving away his wealth, he would easily be the richest person on Earth. In fact, by Forbes’ estimates, he would be just a hair shy of breaking the record for having the largest fortune ever recorded, set in 2021 when Musk briefly surpassed $300 billion. With his theoretical $293 billion fortune, Buffett could personally buy the entire McDonald’s Corporation, all of Coca-Cola’s stock or all 50 of the world’s 50 most valuable sports teams.
Instead, the famously frugal Buffett has been working to give away more than 99% of his fortune, mainly through a summer tradition of donations worth billions of dollars to five handpicked foundations from his stash of stock, with each year’s gift being 5% fewer shares than the previous year’s. “My family and I will give up nothing we need or want by fulfilling this 99% pledge,” he once wrote. “I will continue to live in a manner that gives me everything that I could possibly want in life.”
The majority of Buffett’s gifts have gone to a trust that funds the Bill & Melinda Gates Foundation, which has gotten stock worth more than $43 billion at the time it was gifted. The $75 billion (endowment) charity launched by Buffett’s friend and bridge partner Bill Gates and his then-wife Melinda French Gates in 2000 has put the money to use on poverty and healthcare initiatives in developing countries and education and economic mobility in America. In 2010, Buffett cofounded The Giving Pledge alongside the Gateses to encourage other billionaires to donate at least half their fortunes to charitable causes as well. Buffett stepped down as a trustee of the Gates Foundation in 2021. French Gates divorced Gates that same year and left the foundation earlier this month to branch out on her own.
Buffett’s three children and a foundation named for his late wife have gotten the rest of the shares as gifts designated specifically to go to the charities of their choice. More than $4.8 billion worth of shares (at the time of his gifts) went to the foundation named for his late wife, the Susan Thompson Buffett Foundation, which focuses on healthcare and education. (That sum does not include at least $2.9 billion given to the foundation by Susan’s estate following her death in 2004.) And Buffett has given more than $8 billion in total (at the time of his gifts) to his childrens’ three charities: the Sherwood Foundation, the Howard G. Buffett Foundation and the NoVo Foundation.
After nearly two decades of giving, the 93-year-old investor has whittled his Berkshire stake down to 207,963 class A shares, still worth around $128 billion as of July 8. He plans to keep gifting stock to the five foundations each year until his death. But, in a November letter and an interview with The Wall Street Journal published in late June, he said he has decided that what’s left of the Buffett fortune at his death will pass almost entirely to a charitable trust overseen by his children, rather than mainly to the Gates Foundation, as previously believed. When all’s said and done, Buffett and the executors of his estate will have moved more than 99% of his wealth to charity.
“Society has a use for my money,” Buffett—who has lived in the same relatively modest home in Omaha, Nebraska since 1958 and who often stops at McDonald’s for meals, paying in exact change—wrote in 2021. “I don’t.”

",
2024-07-09 12:12:31,Daily: Who Is Trump's Unlikely Top Campaign Donor?,https://www.forbes.com/sites/daniellechemtob/2024/07/09/forbes-daily-who-is-trumps-unlikely-top-campaign-donor/,"This is a published version of the Forbes Daily newsletter, you can sign-up to get Forbes Daily in your inbox here. As companies race to capture the weight loss drug market Goldman Sachs analysts predict will soon be worth $100 billion, one drug has a new advantage when it comes to shedding pounds.",www.forbes.com,0.129316,Neutral,MCD,0.028023,0.162493,Somewhat-Bullish,2024-07-09 12:12:31,"Plus: Billionaire Warren Buffett would be the richest person in the world had he not committed to giving away nearly all of his fortune to charitable causes.
Good morning,
As companies race to capture the weight loss drug market Goldman Sachs analysts predict will soon be worth $100 billion, one drug has a new advantage when it comes to shedding pounds.
New research shows that tirzepatide, the generic name for Zepbound and Mounjaro, was “associated with significantly greater weight loss” than semaglutide, the generic name for Wegovy and Ozempic, in overweight or obese adults.
The research is a boon for Zepbound, manufactured by pharma giant Eli Lilly, but that doesn’t mean it’s going to replace dominant player Novo Nordisk’s Wegovy anytime soon. Both drugs have been hailed as game changers for treating obesity—and both are in short supply.
SCOTT OLSON/GETTY IMAGES
No one has spent more trying to reinstall Donald Trump in the White House than Timothy Mellon: The grandson of banking titan Andrew Mellon has given $76.5 million to Trump groups, Forbes recently reported. But Mellon doesn’t have as vast of a fortune as billionaires like Michael Bloomberg, worth $106.2 billion, or Miriam Adelson, who along with her family is worth $28.5 billion, according to Forbes’ real-time billionaires tracker. He only appears to be worth about $1 billion, based on his estimated inheritance and proceeds from the sale of his railroad company.
Bitcoin prices briefly fell to a four-month low on Monday, dropping over 6% before recovering to about $57,400 as of Tuesday morning. Bitcoin’s weeks-long downturn has been driven by diminishing interest in cryptocurrency ETFs, uncertainty over monetary policy, and fears of a massive bitcoin selloff from the bankrupt Mt. Gox exchange, which could spark further declines.
US business tycoon Michael Bloomberg
Michael Bloomberg plans to donate $1 billion to Johns Hopkins University, making medical school tuition-free for most students and increasing financial aid for other graduate programs. This donation, part of Bloomberg’s $4.55 billion in total contributions to the university, aims to attract top talent and allow students to pursue their passions without the burden of loan repayment.
White House physician Kevin O’Connor on Monday night said Parkinson’s specialist and neurologist Kevin Cannard visited the White House multiple times last year to treat staff, adding that his work with President Joe Biden was limited to his routine annual physical as he pushed back against concerns about the president’s physical health and mental acuity. The statement followed multiple reports about Cannard visiting the White House 10 times between November 2022 and March 2024.
The Republican National Committee is preparing to adopt a new platform that doesn’t include a national abortion ban, shifting the GOP’s 40-year-old stance on abortion to align with Donald Trump. The former president said earlier this year he believes abortion policies should be left up to states to decide, though he had previously signaled support for a national ban after 15 weeks of pregnancy.
Eli Lilly and Company, Pharmaceutical company headquarters in Alcobendas, Madrid, Spain.
Eli Lilly will acquire biopharmaceutical firm Morphic Holding in a deal valued at $3.2 billion, both companies announced Monday, a transaction that includes an experimental medication for inflammatory bowel disease and treatments for other chronic diseases. An estimated 3.1 million adults in the U.S. have been diagnosed with IBD, including Crohn’s disease and ulcerative colitis, according to the CDC.
MORE: Harvard professor Timothy Springer, founder of Morphic, is set to receive a nine-digit windfall from the acquisition, and Forbes estimates his net worth to be $2 billion as of Monday afternoon. The announcement of the deal sent shares of the Massachusetts-based company surging by 75%.
Three administrators at Columbia University were permanently removed from their positions as deans after sending text messages the university said “disturbingly touched on ancient antisemitic tropes”—following months of turmoil on campus related to the Israel-Hamas war and student protests. The three administrators on the text chain are still employed but have been on indefinite leave since the messages were first reported last month.
Warren Buffett
TOPLINE Warren Buffett shocked the world in 2006 when he pledged to give away nearly all of his vast fortune. Since then, Buffett has donated more than $55 billion worth of his Berkshire Hathaway shares to charity, including a $5.3 billion gift in late June that knocked him down two spots on Forbes’ list of the world’s richest people, from 8th to 10th, his lowest ranking in more than two decades. Forbes estimates his net worth to be $128.9 billion.
But what if Buffett, perhaps the greatest philanthropist in history, had instead decided to keep all his Berkshire shares for himself?
Buffett owned 474,998 class A shares, then worth around $43 billion, when he made that historic announcement. If he still owned all that stock today, he’d be sitting on a pile of stock worth $292 billion.
Add in another $1 billion or so worth of class B shares and personal investments, and a less charitable Buffett would have a fortune of around $293 billion. That would make him some $41 billion richer than the planet’s current No. 1, Elon Musk (net worth: $252.4 billion); $77 billion ahead of No. 2 Jeff Bezos ($215.9 billion); and $102 billion above No. 3 Bernard Arnault ($191 billion).
In other words, if Warren Buffett didn’t decide to start giving away his wealth, he would easily be the richest person on Earth. In fact, by Forbes’ estimates, he would be just a hair shy of breaking the record for having the largest fortune ever recorded, set in 2021 when Musk briefly surpassed $300 billion. With his theoretical $293 billion fortune, Buffett could personally buy the entire McDonald’s Corporation, all of Coca-Cola’s stock or all 50 of the world’s 50 most valuable sports teams.
Instead, the famously frugal Buffett has been working to give away more than 99% of his fortune, mainly through a summer tradition of donations worth billions of dollars to five handpicked foundations from his stash of stock, with each year’s gift being 5% fewer shares than the previous year’s.
WHY IT MATTERS “Warren Buffett has amassed one of the greatest fortunes in history, and how he’s chosen to spend it—not as the planet’s richest person, but instead as its biggest philanthropist—has made a huge dent in his wallet, but has had even bigger consequences for the business and philanthropy worlds,” says Forbes senior editor Chase Peterson-Withorn.
MORE Warren Buffett Just Gave Another $5.3 Billion To Charity

The release of Despicable Me 4 helped the AMC Theatres chain break records for attendance, movie-themed merchandise, and food and beverage sales over the Fourth of July weekend. The animated movie is the latest addition to the most lucrative animated film franchise of all time:
4.2 million: The number of AMC visitors Wednesday through Sunday, its busiest domestic stretch of those days in 2024 so far
$122.6 million: The amount the film grossed domestically in its first five days
2022: The year AMC launched its online merch store. Despicable Me 4 sold more AMC merch than any other film since then, with the exception of merch made for the Taylor Swift: The Eras Tour film
Being too flexible as a leader can be as detrimental as trying to run a marathon in flip-flops. When leaders are overly hands-off, they risk devaluing their team’s contributions, leading to disengagement and reduced performance. To prevent this, strike a balance by setting clear expectations, holding team members accountable, and maintaining high standards while still providing support and recognizing their efforts.
Taylor Swift’s latest album, The Tortured Poets Department, has sat at No. 1 on the Billboard 200 since it was released in April—that’s 11 consecutive weeks. The billionaire pop star has faced criticism from other artists for putting out a steady stream of collectible physical and digital versions to bolster sales. Which of the following artists did not launch an album during Swift’s latest domination of the charts?
A. Beyoncé
B. Bon Jovi
C. Billie Eilish
D. Megan Thee Stallion
Check your answer.
Forbes’ CMO newsletter offers the latest news for chief marketing officers and other communications and brand strategy experts. Click here to sign up.
Thanks for reading! This edition of Forbes Daily was edited by Sarah Whitmire and Chris Dobstaff, with writing contributions by Tavon Thomasson.

One Community. Many Voices. Create a free account to share your thoughts. 
Our community is about connecting people through open and thoughtful conversations. We want our readers to share their views and exchange ideas and facts in a safe space.
In order to do so, please follow the posting rules in our site's Terms of Service.  We've summarized some of those key rules below. Simply put, keep it civil.
Your post will be rejected if we notice that it seems to contain:
User accounts will be blocked if we notice or believe that users are engaged in:
So, how can you be a power user?
Thanks for reading our community guidelines.  Please read the full list of posting rules found in our site's Terms of Service.
",
2024-07-10 13:42:00,3 Popular Stocks Trading at 52 Week Lows,https://www.fool.com/investing/2024/07/10/3-popular-stocks-trading-at-52-week-lows/,"Stocks at 52 week lows could provide value, but it's not always a sure thing.",www.fool.com,-0.152765,Somewhat-Bearish,MCD,0.535653,-0.636066,Bearish,2024-07-10 13:42:00,"Founded in 1993, The Motley Fool is a financial services company dedicated to making the world smarter, happier, and richer. The Motley Fool reaches millions of people every month through our premium investing solutions, free guidance and market analysis on Fool.com, top-rated podcasts, and non-profit The Motley Fool Foundation.
Founded in 1993, The Motley Fool is a financial services company dedicated to making the world smarter, happier, and richer. The Motley Fool reaches millions of people every month through our premium investing solutions, free guidance and market analysis on Fool.com, top-rated podcasts, and non-profit The Motley Fool Foundation.

You're reading a free article with opinions that may differ
from The Motley Fool's Premium Investing Services. Become a Motley Fool member today to
get instant access to our top analyst recommendations, in-depth research, investing resources,
and more. Learn More


You’re reading a free article with opinions that may differ from The Motley Fool’s Premium Investing Services. Become a Motley Fool member today to get instant access to our top analyst recommendations, in-depth research, investing resources, and more.
Learn More

Stocks at 52 week lows could provide value, but it's not always a sure thing.
Stocks that trade at or near their 52 week lows could provide investors a list of stocks that could be cheap, but that alone does not warrant a cheap stock. As such, in today's video we will look at these 3 popular companies to see if they are cheap from a valuation perspective or rather cheap for a reason.
A low stock price does not necessarily translate to a cheap stock. One of those stocks trading at a 52wk low is McDonald's Corp (MCD 1.13%).
Check out this short video to learn more, consider subscribing to the channel, and check out the special offer in the link below.
*Stock prices used were end-of-day prices of July 5, 2024. The video was published on July 6, 2024.
Mark Roussin, CPA has positions in Bristol Myers Squibb & McDonald's. The Motley Fool has positions in and recommends Bristol Myers Squibb. The Motley Fool has a disclosure policy.
Mark Roussin, CPA has positions in Starbucks. The Motley Fool has positions in and recommends Costco Wholesale, Nvidia, and Starbucks. The Motley Fool has a disclosure policy. Mark Roussin is an affiliate of The Motley Fool and may be compensated for promoting its services. If you choose to subscribe through their link, they will earn some extra money that supports their channel. Their opinions remain their own and are unaffected by The Motley Fool.
Related Articles

Invest better with The Motley Fool. Get stock recommendations, portfolio guidance, and more from The Motley Fool's premium services.

Making the world smarter, happier, and richer.
© 1995 - 2024 The Motley Fool. All rights reserved.
Market data powered by Xignite and Polygon.io.
About The Motley Fool
Our Services
Around the Globe
Free Tools
Affiliates & Friends
",
2024-07-17 13:44:00,"The Zacks Analyst Blog Berkshire Hathaway, McDonald's, American Express and Steel Partners Holdings",https://www.zacks.com/stock/news/2303384/the-zacks-analyst-blog-berkshire-hathaway-mcdonalds-american-express-and-steel-partners-holdings,"Berkshire Hathaway, McDonald's, American Express and Steel Partners Holdings are included in this Analyst Blog.",www.zacks.com,0.211408,Somewhat-Bullish,MCD,0.150906,0.058381,Neutral,2024-07-17 13:44:00,"We use cookies to understand how you use our site and to improve your experience. This includes personalizing content and advertising. To learn more, click here. By continuing to use our site, you accept our use of cookies, revised Privacy Policy and Terms of Service.
New to Zacks? Get started here.
Don't Know Your Password?

Don't Know Your Password?

You are being directed to ZacksTrade, a division of LBMZ Securities and licensed broker-dealer. ZacksTrade and Zacks.com are separate companies. The web link between the two companies is not a solicitation or offer to invest in a particular security or type of security. ZacksTrade does not endorse or adopt any particular investment strategy, any analyst opinion/rating/report or any approach to evaluating individual securities.
If you wish to go to ZacksTrade, click OK. If you do not, click Cancel.
OK Cancel
Image: Bigstock
Zacks Equity Research
                    July 17, 2024

AXP Quick QuoteAXP MCD Quick QuoteMCD BRK.B Quick QuoteBRK.B SPLP Quick QuoteSPLP 



Better trading starts here.



You follow Press Releases - edit


You follow Zacks Equity Research - edit



Zacks Equity Research



Press Releases

Chicago, IL – July 17, 2024 – Zacks.com announces the list of stocks featured in the Analyst Blog. Every day the Zacks Equity Research analysts discuss the latest news and events impacting stocks and the financial markets. Stocks recently featured in the blog include: Berkshire Hathaway Inc. (BRK.B Quick QuoteBRK.B  -  Free Report)    , McDonald's Corp. (MCD Quick QuoteMCD  -  Free Report)     and American Express Co. (AXP Quick QuoteAXP  -  Free Report)    , Steel Partners Holdings L.P. (SPLP Quick QuoteSPLP  -  Free Report)    .
The Zacks Research Daily presents the best research output of our analyst team. Today's Research Daily features new research reports on 16 major stocks, including Berkshire Hathaway Inc., McDonald's Corp.  and American Express Co., as well as a micro-cap stock Steel Partners Holdings L.P. The Zacks microcap research is unique as our research content on these small and under-the-radar companies is the only research of its type in the country.These research reports have been hand-picked from the roughly 70 reports published by our analyst team today.You can see all of today’s research reports here >>>Shares of Berkshire Hathaway have outperformed the Zacks Insurance - Property and Casualty industry over the year-to-date period (+21.8% vs. +19.9%). The company is one of the largest property and casualty insurance companies with numerous diverse business activities. A strong cash position supports earnings-accretive bolt-on buyouts and is indicative of its financial flexibility.Continued insurance business growth fuels increase in float, drive earnings and generates maximum return on equity. The non-insurance businesses have also been doing well in the last few years. The addition of Pilot Travel Centers (PTC) has strengthened its energy business. A sturdy capital level provides further impetus.However, exposure to cat loss induces earnings volatility and also affects the underwriting results. Huge capital expenditure remains a headwind. With the demise of Charles Munger, uncertainty looms over the company's performance.(You can read the full research report on Berkshire Hathaway here >>>)McDonald's shares have underperformed the Zacks Retail - Restaurants industry over the past year (-14.8% vs. -12.4%). The company is witnessing macroeconomic challenges and commodity and wage inflation are primary headwinds. Earnings estimates for 2024 have declined in the past 60 days, depicting analysts' concern regarding the stock growth potential.Nevertheless, McDonald’s is likely to benefit from marketing campaigns, unit expansion and a loyalty program. McDonald’s is increasing its focus on menu innovation, as it believes that the strengthening of the core menu and solid marketing are likely to pave the way for additional growth in the upcoming periods.Also, emphasis on Accelerating the Arches strategy bodes well. McDonald’s expects its velocity accelerators of Experience of the Future, digital and delivery to drive growth over the long term.(You can read the full research report on McDonald’s here >>>)Shares of American Express have outperformed the Zacks Financial - Miscellaneous Services industry over the past year (+39.3% vs. +13.0%). The company’s growth initiatives, like launching new products, reaching new agreements and forging alliances, are boosting its revenues.Consumer spending on T&E, which carries higher margins for AmEx, is advancing well. Its balance sheet looks strong with ample cash. Solid cash-generation abilities enable the pursuit of business investments and prudent deployment of capital via buybacks and dividends.However, with higher utilization of the firm’s cards, costs in the form of card member services and card member rewards are likely to go up. Rising marketing costs are straining its margins. Its current debt level amid a high-interest rate environment induces a rise in interest expenses. The stock is overvalued at the moment. As such, the stock warrants a cautious stance.(You can read the full research report on American Express here >>>)Steel Partners' shares have underperformed the Zacks Diversified Operations industry over the past year (-3.8% vs. +9.9%). This microcap company with market capitalization of $734.16 million have seen EBITDA margin declined from 14.2% to 12.3% in the first quarter of 2024 due to an underperformance in the Energy and Diversified Industrial segments. Energy revenues fell 33.7% and Diversified Industrial sales decreased 3.9%, impacting profitability. Also, fluctuations due to geopolitical tensions impact operational costs and investor confidence.Nevertheless, Steel Partners' revenues rose 7% year over year to $476.3 million in the first quarter of 2024, driven by a consolidation in its supply chain and an 18.5% rise in Financial Services revenues.With a diversified portfolio across various sectors and the inclusion of Steel Connect, SPLP mitigates risks and boosts growth. As of Mar 31, 2024, SPLP had $273.9 million in cash, with debt reduced to $92.8 million. SPLP also reduced interest expenses by 76.7% in the first quarter.(You can read the full research report on Steel Partners here >>>)
Since 2000, our top stock-picking strategies have blown away the S&P's +7.0 average gain per year. Amazingly, they soared with average gains of +44.9%, +48.4% and +55.2% per year.
Today you can access their live picks without cost or obligation.
See Stocks Free >>
Media Contact
Zacks Investment Research
800-767-3771 ext. 9339
support@zacks.com                                     
https://www.zacks.com                                                
Past performance is no guarantee of future results. Inherent in any investment is the potential for loss. This material is being provided for informational purposes only and nothing herein constitutes investment, legal, accounting or tax advice, or a recommendation to buy, sell or hold a security. No recommendation or advice is being given as to whether any investment is suitable for a particular investor. It should not be assumed that any investments in securities, companies, sectors or markets identified and described were or will be profitable. All information is current as of the date of herein and is subject to change without notice. Any views or opinions expressed may not reflect those of the firm as a whole. Zacks Investment Research does not engage in investment banking, market making or asset management activities of any securities. These returns are from hypothetical portfolios consisting of stocks with Zacks Rank = 1 that were rebalanced monthly with zero transaction costs. These are not the returns of actual portfolios of stocks. The S&P 500 is an unmanaged index. Visit https://www.zacks.com/performance  for information about the performance numbers displayed in this press release.
American Express Company (AXP) - free report >>
McDonald's Corporation (MCD) - free report >>
Berkshire Hathaway Inc. (BRK.B) - free report >>
Steel Partners Holdings LP (SPLP) - free report >>
Our experts picked 7 Zacks Rank #1 Strong Buy stocks with the best chance to skyrocket within the next 30-90 days.
Recent stocks from this report have soared up to +67.5% within 30 days - this month's picks could be even better. See our report's fresh new picks today - it's really free!
Privacy Policy  |  No cost, no obligation to buy anything ever.
Past performance is no guarantee of future results.
This page has not been authorized, sponsored, or otherwise approved or endorsed by the companies represented herein. Each of the company logos represented herein are trademarks of Microsoft Corporation; Dow Jones & Company; Nasdaq, Inc.; Forbes Media, LLC; Investor's Business Daily, Inc.; and Morningstar, Inc.
Copyright 2024 Zacks Investment Research | 10 S Riverside Plaza Suite #1600 | Chicago, IL 60606
At the center of everything we do is a strong commitment to independent research and sharing its profitable discoveries with investors. This dedication to giving investors a trading advantage led to the creation of our proven Zacks Rank stock-rating system. Since 1988 it has more than doubled the S&P 500 with an average gain of +23.68%  per year. These returns cover a period from January 1, 1988 through August 5, 2024. Zacks Rank stock-rating system returns are computed monthly based on the beginning of the month and end of the month Zacks Rank stock prices plus any dividends received during that particular month. A simple, equally-weighted average return of all Zacks Rank stocks is calculated to determine the monthly return. The monthly returns are then compounded to arrive at the annual return. Only Zacks Rank stocks included in Zacks hypothetical portfolios at the beginning of each month are included in the return calculations. Zacks Ranks stocks can, and often do, change throughout the month. Certain Zacks Rank stocks for which no month-end price was available, pricing information was not collected, or for certain other reasons have been excluded from these return calculations. Zacks may license the Zacks Mutual Fund rating provided herein to third parties, including but not limited to the issuer.
Visit Performance Disclosure for information about the performance numbers displayed above.
Visit www.zacksdata.com to get our data and content for your mobile app or website.
Real time prices by BATS. Delayed quotes by Sungard.
NYSE and AMEX data is at least 20 minutes delayed. NASDAQ data is at least 15 minutes delayed.
This site is protected by reCAPTCHA and the Google Privacy Policy, DMCA Policy and Terms of Service apply.
",
2024-07-22 15:43:55,What's Going On With Fast-Food Giant McDonald's Shares Today? - McDonald's  ( NYSE:MCD ) ,https://www.benzinga.com/markets/equities/24/07/39888178/whats-going-on-with-fast-food-giant-mcdonalds-shares-today,"McDonald's Corp. MCD reportedly plans to extend its $5 meal deal across most U.S. locations to attract cost-conscious diners. Launched on June 25, this initiative aims to entice customers who have cut back on fast food due to inflation.",www.benzinga.com,0.167183,Somewhat-Bullish,MCD,0.318897,0.382259,Bullish,2024-07-22 15:43:55,"McDonald’s Corp. MCD reportedly plans to extend its $5 meal deal across most U.S. locations to attract cost-conscious diners.
Launched on June 25, this initiative aims to entice customers who have cut back on fast food due to inflation.
Approximately 93% of McDonald’s restaurants have committed to offering the bundle beyond the initial four-week window, with some locations planning to continue through August, reported Bloomberg.
Early results show the meal deal is successfully drawing customers back to the restaurants, per the report.
McDonald’s Chief Marketing Officer Tariq Hassan and National Field President Myra Doria noted in a memo that increasing guest counts is crucial for sustained growth.
The company is also considering extending the meal deal further and extending hours of operation to meet demand during off-peak times.
The company aims to enhance its affordability strategies for the rest of the year, addressing consumer spending limitations due to shrinking disposable incomes.
Also Read: McDonald’s Customers Prefer Chicken Over Plant-Based Options: Report
The company’s $5 meal deal includes a McDouble cheeseburger, small fries, four-piece chicken nuggets, and a small soft drink. The fast-food chain’s menu has seen historic price hikes of more than 200% in some cases in the past decade.
McDonald’s is set to announce its second-quarter earnings on July 29. The extended meal deal and other affordability measures are part of the company’s efforts to maintain customer traffic amid economic pressures.
In April, the company reported first-quarter FY24 sales growth of 4.6% year-on-year to $6.17 billion and an adjusted EPS of $2.70.
McDonald’s stock has lost more than 12% in the last 12 months. Investors can gain exposure to the stock via Consumer Discretionary Select Sector SPDR Fund XLY and Vanguard Consumer Discretionary ETF VCR.
Price Action: MCD shares are trading higher by 0.33% at $258.13 at last check Monday.
Disclaimer: This content was partially produced with the help of AI tools and was reviewed and published by Benzinga editors.
Photo by nlinnlin on Shutterstock
© 2024 Benzinga.com. Benzinga does not provide investment advice. All rights reserved.
Trade confidently with insights and alerts from analyst ratings, free reports and breaking news that affects the stocks you care about.
",
2024-07-26 16:56:09,Not Lovin' It: McDonald's Stock Faces Bearish Headwinds Ahead Of Q2 Earnings - McDonald's  ( NYSE:MCD ) ,https://www.benzinga.com/news/earnings/24/07/39989716/not-lovin-it-mcdonalds-stock-faces-bearish-headwinds-ahead-of-q2-earnings,"McDonald's Corp MCD will be reporting its second-quarter earnings on Monday. Wall Street expects $3.09 in EPS and $6.6 billion in revenues as the company reports before market hours. The stock is down 13.33% over the past year, and is trading 14.55% lower YTD.",www.benzinga.com,-0.012082,Neutral,MCD,0.22595,0.0,Neutral,2024-07-26 16:56:09,"McDonald’s Corp MCD will be reporting its second-quarter earnings on Monday. Wall Street expects $3.09 in EPS and $6.6 billion in revenues as the company reports before market hours.
The stock is down 13.33% over the past year, and is trading 14.55% lower YTD.
Let’s look at what the charts indicate for McDonald’s stock, and how the stock currently maps against Wall Street estimates.
McDonald’s stock is currently exhibiting bearish signals as it approaches its Q2 earnings announcement, with the share price at $251.46 positioned below the 5-day, 20-day, and 50-day exponential moving averages. This indicates strong selling pressure and the risk of further bearish movement.
Chart created using Benzinga Pro
The 8-day simple moving average (SMA) is at $255.96, while the 20-day SMA is at $253.15, both of which suggest bearish momentum as the stock price sits below these key averages.
Additionally, the 50-day and 200-day SMAs are at $256.62 and $274.43, respectively, reinforcing the bearish sentiment given the stock’s significant gap below these longer-term trends. 
Chart created using Benzinga Pro
The Moving Average Convergence Divergence (MACD) indicator is at 0.67, underscoring the bearish outlook, although the Relative Strength Index (RSI) of 44.41 (treading downwards) indicates that McDonald’s is nearing oversold territory but still lacks the bullish momentum needed for a reversal.
Furthermore, the Bollinger Bands range from $245.67 to $262.83, with the stock price near the lower band, suggesting limited upside potential and continued selling interest. 
Overall, McDonald’s stock faces a challenging technical environment, indicating the possibility of continued weakness ahead of its earnings release.
Read Also: What’s Going On With Fast-Food Giant McDonald’s Shares Today?
Ratings & Consensus Estimates: The consensus analyst rating on McDonald’s stock stands at a Buy, with a price target of $307.62. Stifel, Wedbush, and TD Cowen’s recent ratings suggest McDonald’s stock has an 11.37% upside, with a $281.67 average target.
Price Action: McDonald’s stock was up 0.71% to $253.24 at the time of publication Friday.
Read Next: 
Photo: ATIKAN PORNCHAIPRASIT/Shutterstock.com
© 2024 Benzinga.com. Benzinga does not provide investment advice. All rights reserved.
Sort by estimates, projected upside, profit surprises, and more to easily find new stocks to invest in or check up on your portfolio.
Trade confidently with insights and alerts from analyst ratings, free reports and breaking news that affects the stocks you care about.
",
2024-07-29 07:25:16,McDonald's Earnings Are Imminent; These Most Accurate Analysts Revise Forecasts Ahead Of Earnings Call - McDonald's  ( NYSE:MCD ) ,https://www.benzinga.com/news/earnings/24/07/40004537/mcdonalds-earnings-are-imminent-these-most-accurate-analysts-revise-forecasts-ahead-of-earnings-cal,"McDonald's Corporation MCD will release its second-quarter financial results, before the opening bell on Monday, July 29. Analysts expect quarterly earnings at $3.07 per share. That's down from $3.17 per share in the year-ago period.",www.benzinga.com,0.075624,Neutral,MCD,0.255641,0.0,Neutral,2024-07-29 07:25:16,"McDonald's Corporation MCD will release its second-quarter financial results, before the opening bell on Monday, July 29.
Analysts expect quarterly earnings at $3.07 per share. That's down from $3.17 per share in the year-ago period. McDonald's expects to post revenue of $6.61 billion, compared to $6.27 billion a year earlier, according to data from Benzinga Pro.
McDonald's just declared a quarterly cash dividend of $1.67 per share of common stock payable on Sept. 17 to shareholders of record on Sept. 3.
McDonald's shares rose 0.2% to close at $252.00 on Friday.
Benzinga readers can access the latest analyst ratings on the Analyst Stock Ratings page. Readers can sort by stock ticker, company name, analyst firm, rating change or other variables.
Let's have a look at how Benzinga's most-accurate analysts have rated the company in the recent period.
Read This Next: 
© 2024 Benzinga.com. Benzinga does not provide investment advice. All rights reserved.
Sort by estimates, projected upside, profit surprises, and more to easily find new stocks to invest in or check up on your portfolio.
Trade confidently with insights and alerts from analyst ratings, free reports and breaking news that affects the stocks you care about.
",
2024-07-29 08:11:19,Dow Jumps Over 650 Points Following Inflation Data: Fear & Greed Index Moves To 'Neutral' Zone - Bristol-Myers Squibb  ( NYSE:BMY ) ,https://www.benzinga.com/news/earnings/24/07/40004774/dow-jumps-over-650-points-following-inflation-data-fear-greed-index-moves-to-neutral-zone,"The CNN Money Fear and Greed index showed an improvement in the overall market sentiment, with the index moving to the ""Neutral"" zone on Friday. U.S. stocks closed higher on Friday, with the Dow Jones index jumping around 650 points during the session following the release of recent inflation data.",www.benzinga.com,-0.009798,Neutral,MCD,0.206685,0.0,Neutral,2024-07-29 08:11:19,"The CNN Money Fear and Greed index showed an improvement in the overall market sentiment, with the index moving to the “Neutral” zone on Friday.
U.S. stocks closed higher on Friday, with the Dow Jones index jumping around 650 points during the session following the release of recent inflation data.
The headline Personal Consumption Expenditure (PCE) price index fell to 2.5% year-on-year in June, as expected. The core component remained steady at 2.6%, countering expectations of a drop to 2.5%. The headline index’s decline to 2.5% marks the lowest point since February 2021, a level also seen in January and February 2024.
The S&P 500 fell 0.8% last week, while the Nasdaq dipped 2.1%, with both the indices recording posted back-to-back weekly losses. However, the Dow outperformed, with the index gaining 0.8% to record its fourth straight positive week.
Shares of Bristol Myers Squibb & Co BMY surged over 11% on Friday after the company posted strong second-quarter earnings and increased 2024 guidance. 3M Company MMM shares jumped around 23% on Friday after the company posted better-than-expected second-quarter financial results and raised its FY24 EPS outlook.
All sectors on the S&P 500 closed on a positive note, with industrials, materials, and real estate stocks recording the biggest gains on Friday
The Dow Jones closed higher by around 654 points to 40,589.34 on Friday. The S&P 500 surged 1.11% to close at 5,459.10, while the Nasdaq Composite climbed 1.03% at 17,357.88 during Friday's session.
Investors are awaiting earnings results from McDonald’s Corporation MCD, ON Semiconductor Corporation ON, and Sprouts Farmers Market, Inc. SFM today.
What is CNN Business Fear & Greed Index?
At a current reading of 45.3, the index moved to the “Neutral” zone on Friday, versus a prior reading of 42.2.
The Fear & Greed Index is a measure of the current market sentiment. It is based on the premise that higher fear exerts pressure on stock prices, while higher greed has the opposite effect. The index is calculated based on seven equal-weighted indicators. The index ranges from 0 to 100, where 0 represents maximum fear and 100 signals maximum greediness.
Read Next: 
© 2024 Benzinga.com. Benzinga does not provide investment advice. All rights reserved.
Sort by estimates, projected upside, profit surprises, and more to easily find new stocks to invest in or check up on your portfolio.
Trade confidently with insights and alerts from analyst ratings, free reports and breaking news that affects the stocks you care about.
",
2024-07-29 10:25:11,"Apple, Amazon, Microsoft, Meta Lead The Charge As Investors Bank On Tech Cheer For Rally's Reacceleration: Week Ahead In Earnings - SPDR S&P 500  ( ARCA:SPY ) ",https://www.benzinga.com/analyst-ratings/analyst-color/24/07/40006542/apple-amazon-microsoft-meta-lead-the-charge-as-investors-bank-on-tech-cheer-for-ral,"The earnings reports of last week were a mixed bag, with some Tesla, Inc. TSLA, Alphabet, Inc. GOOGL GOOG and STMicroelectronics N.V. STM, among companies disappointing to the downside.",www.benzinga.com,0.113434,Neutral,MCD,0.070002,0.0,Neutral,2024-07-29 10:25:11,"The earnings reports of last week were a mixed bag, with some Tesla, Inc. TSLA, Alphabet, Inc. GOOGL GOOG and STMicroelectronics N.V. STM, among companies disappointing to the downside. As the focus shifts to the unfolding week, more tech companies are lined up to disclose their quarterly results, potentially offering cues regarding the health of the sector.
The Week That Was: Most on Wall Street viewed Tesla’s earnings as lacking quality because a significant portion of them came from one-time regulatory credits. On the other hand, Google-parent Alphabet alienated investors by flagging higher capex that will likely weigh down on margins and in turn the bottom line.
Franco-Italian chipmaker, which is a key supplier to the automotive market, cut its full-year guidance. But not all tech tidings were received with pessimism. International Business Machines Co. IBM rose as investors cheered the company’s strong artificial intelligence bookings. 
Healthy Trend: Data from financial data analytics company FactSet showed that about 14% of the S&P 500 companies have reported their quarterly results so far. The percentage of S&P 500 names that reported upside earnings surprise is 80%, above the one-year average (78%), five-year average (77%), and 10-year average (74%). But the percentage of upside was sub-part at 5.5%, below the one-year average (+6.5%), five-year average (+8.6%), and 10-year average (+6.8%).
The blended earnings of S&P 500 companies are expected to grow by 9.7%, the fastest pace since the fourth quarter of 2021. Eight of the 11 S&P 500 companies are on track to report year-over-year earnings growth for the June quarter, with communication Services, healthcare, IT, and financials likely reporting double-digit growth.
On the other hand, the materials space is expected to witness the steepest earnings decline.
See Also: Best Tech Stocks Right Now
The Week Ahead: According to FactSet, this week will feature earnings reports from 138 S&P 500 companies, including seven components of the Dow 30. Some heavily-weighted companies such as Apple, Inc. AAPL, Microsoft Corp. MSFT and Meta Platforms, Inc. META are all in the mix.
Meta is expected to be the largest contributor to earnings per share growth, given the consensus models nearly 60% increase.
After last week’s brutal tech sell-off, a bullish analyst is optimistic concerning the the sector, its prospects and the stock trajectory. “We believe the tech sell-off seen last week will be short-lived as the Street better digests results and commentary from the broader tech sector over the coming weeks during 2Q earnings season,” Wedbush’s Daniel Ives said in a note published Sunday.
“This is the start….not the end of this tech bull run we expect the next few years,” he said, adding that companies, utilities,governments will spend over $1 trillion combined in AI capex over the coming years fueling this AI Revolution.
The analyst said investors will likely look for clues around the pace of AI revolution from the earnings reports of  Microsoft, Amazon, Inc. AMZN, Meta and Apple and others.
Tech stocks extended their weekly declines in the week ended July 26 amid the disappointment from early tech reporters. The Invesco QQQ Trust QQQ, an index that tracks the performance of the Nasdaq 100 Index, ended Friday’s session down 1.03% to $462.97, according to Benzinga Pro data. The ETF is trading off its record close of $502.96 reached on July 10. The SPDR S&P 500 ETF Trust SPY climbed 1.12% on Friday before closing at $5544.44. The QQQ and SPY climbed 0.48% and 0.25%, respectively, in premarket trading Monday.
Notable among the companies reporting this week are:
Monday
Before market open:
After close:
Tuesday
Before market open:
After close:
Wednesday
Before market open:
After close:
Thursday
Before market open:
After close:
Friday
Before market open:
After close:
Read Next:
Image via Shutterstock
© 2024 Benzinga.com. Benzinga does not provide investment advice. All rights reserved.
Sort by estimates, projected upside, profit surprises, and more to easily find new stocks to invest in or check up on your portfolio.
Trade confidently with insights and alerts from analyst ratings, free reports and breaking news that affects the stocks you care about.
",
2024-07-29 11:43:26,"Nasdaq, S&P 500 To Start New Week In The Green: What's Driving Sentiment - Invesco QQQ Trust, Series 1  ( NASDAQ:QQQ ) , SPDR S&P 500  ( ARCA:SPY ) ",https://www.benzinga.com/news/earnings/24/07/40008162/us-stocks-look-to-extend-gains-ahead-of-key-tech-earnings-fomc-meeting-analyst-says-this-could-serv,"Index futures trading indicates cautious optimism as traders anticipate a busy week, with a slew of earnings reports, the two-day Federal Open Market Committee meeting starting Tuesday, and Friday's non-farm payrolls report.",www.benzinga.com,0.076552,Neutral,MCD,0.085173,0.0,Neutral,2024-07-29 11:43:26,"Index futures trading indicates cautious optimism as traders anticipate a busy week, with a slew of earnings reports, the two-day Federal Open Market Committee meeting starting Tuesday, and Friday’s non-farm payrolls report. Traders may look to take a position in stocks that have pulled back during the recent market retreat ahead of what they perceive to be a strong reporting season.
Microsoft Corp. MSFT, Apple, Inc. AAPL, Amazon, Inc. AMZN and Meta Platforms, Inc. AMZN are among the key tech earnings due this week, potentially setting the tempo for the market.

In premarket trading on Monday, the SPDR S&P 500 ETF Trust SPY moved up 0.38% to $546.50, and the Invesco QQQ ETF QQQ gained 0.57% to $465.63, according to Benzinga Pro data.
Cues From Last Week:
U.S. stocks meandered to a mixed close in the week ended July 26, with the Nasdaq Composite and the S&P 500 declining for a second straight week amid some disappointing tech earnings. The blue-chip Dow Jones Industrial Average rose moderately, while the Russell 2,000 Index advanced notably for the week. 
The major averages started the week on a positive note but negative reactions to earnings from the likes of Tesla, Inc. TSLA and Alphabet, Inc. GOOGL GOOG pushed the tech-heavy Nasdaq Composite and the S&P 500 Index lower for the next three sessions. With the Fed’s favorite inflation gauge released Friday coming in tamer than expected, the indices rebounded and yet ended the week notably lower. 
The small-cap rally continued unabated as rate-cut bets prompted investors to bid up these stocks. 
Insights From Analysts:
LPL Financial Chief Global Strategist Quincy Krosby sees the small-cap rally as more than a function of mere expectations that the Fed will cut interest rates. In a note released Friday, the strategist said attractive valuations have also underpinned sentiment. He pointed to another narrative. “There's also a strong narrative that the ongoing de-globalization could serve as a fundamental catalyst for small and mid-cap names,” he said.
Also, small-caps continue to see inflows despite the political ebb and flow, and mixed economic signals, and this according to Krosby is an indication that “they see a solid economic backdrop coupled with lower interest rates.” “The small caps – with a higher risk profile than the S&P 500 – is known to sell off quickly when they perceive a material change in direction,” he added.
Yardeni Research’s President and Chief Investment Strategist Ed Yardeni said the market will likely churn around the current levels under the July 16 high (closing) of 5667.20 through the presidential election before pushing toward new highs by the end of the year. 
Upcoming Economic Data:
The Fed meeting scheduled for July 30-31 and the July non-farm payrolls report due Friday are the key Main Street catalysts for the week. ADP’s private payrolls data for July released Wednesday could also evince some interest. Traders may also focus on S&P Global’s final July manufacturing activity data, the Institute for Supply Management’s manufacturing purchasing managers’ index for July and a regional business barometer.
Twin May house prices data, the weekly jobless claims data, the June Job Openings and Labor Turnover survey results, the second-quarter employment cost index, and the June pending home sales as well as the June factory goods orders data round up the economic events of the week.
On Monday, the Dallas Fed will release its manufacturing business index for July at 10:30 a.m. EDT.
The Treasury will auction three- and six-month notes at 11:30 a.m. EDT.
See Also: How To Trade Futures
Stocks In Focus:
Commodities, Bonds And Global Equity Markets:
Crude oil futures have started the week on a weak note, as they pulled back below the $77-a-barrel mark and gold futures also fell modestly. The yield on the 10-year Treasury note fell 4.1 points to 4.158%. Bitcoin BTC/USD climbed over 3% and approached the $70K psychological barrier.
Most Asian markets rallied, led by the Japanese and Hong Kong markets, as regional investors cheered the rebound of U.S. stocks last Friday. The Japanese also awaited the Bank of Japan’s rate decision due this week. The Chinese market ended with a more muted gain, while the New Zealand market bucked the trend and ended modestly lower.
European stocks rallied sharply as traders digested positive earnings reports from the region.
Read Next: 
Image via Shutterstock.
© 2024 Benzinga.com. Benzinga does not provide investment advice. All rights reserved.
Sort by estimates, projected upside, profit surprises, and more to easily find new stocks to invest in or check up on your portfolio.
Trade confidently with insights and alerts from analyst ratings, free reports and breaking news that affects the stocks you care about.
",
2024-07-29 12:04:10,"McDonald's Q2 Earnings: Consumer Spending Shifts Hit Revenue And Operating Margins, Franchise Revenue Remains Flat - McDonald's  ( NYSE:MCD ) ",https://www.benzinga.com/news/earnings/24/07/40008869/mcdonalds-q2-earnings-consumer-spending-shifts-hit-revenue-and-operating-margins-franchise-revenue-,"McDonald's Corp MCD reported a second-quarter FY24 sales decline of 0.12% year-on-year to $6.490 billion, missing the analyst consensus of $6.608 billion. Global comparable sales decreased 1.0%, reflecting negative comparable sales across all segments.",www.benzinga.com,0.199464,Somewhat-Bullish,MCD,0.379051,-0.181014,Somewhat-Bearish,2024-07-29 12:04:10,"McDonald's Corp MCD reported a second-quarter FY24 sales decline of 0.12% year-on-year to $6.490 billion, missing the analyst consensus of $6.608 billion.
Global comparable sales decreased 1.0%, reflecting negative comparable sales across all segments. 
U.S. comparable sales slipped 0.7%, and systemwide sales decreased 1%.
The International Operated Markets segment decreased by 1.1%, and the International Developmental Licensed Markets segment decreased by 1.3%.
Sales by company-owned and operated restaurants declined 1% Y/Y to $2.46 billion, while sales from franchised restaurants remained flat at $3.94 billion.
Systemwide sales to loyalty members across 50 loyalty markets were over $26 billion for the trailing twelve-month period and approximately $7 billion for the quarter.
Total operating costs and expenses increased 5% to $3.57 billion. Operating income for the quarter declined 6% to $2.92 billion, with an operating margin of 44.99%, down from 47.8% year-over-year.
Adjusted EPS of $2.97 missed the analyst consensus estimate of $3.07.
""We are confident that Accelerating the Arches is the right playbook for our business and as consumers are more discriminating with their spend, we are focused on the outstanding execution of delivering reliable, everyday value and accelerating strategic growth drivers like chicken and loyalty,"" said CEO Chris Kempczinski.
Guidance: McDonald's expects net restaurant unit expansion to contribute nearly 2% to 2024 Systemwide sales growth in constant currencies.
It anticipates that the full-year 2024 Selling, general and administrative expenses will be about 2.2% of Systemwide sales, and the 2024 operating margin will be in the mid-to-high 40% range.
Price Action: MCD shares are trading higher by 0.65% at $263.65 premarket at the last check on Monday.
Photo by nlinnlin on Shutterstock.
© 2024 Benzinga.com. Benzinga does not provide investment advice. All rights reserved.
Sort by estimates, projected upside, profit surprises, and more to easily find new stocks to invest in or check up on your portfolio.
Trade confidently with insights and alerts from analyst ratings, free reports and breaking news that affects the stocks you care about.
",
2024-07-29 14:12:22,Nasdaq Gains 1%; McDonald's Posts Downbeat Results - McDonald's  ( NYSE:MCD ) ,https://www.benzinga.com/news/earnings/24/07/40013326/nasdaq-gains-1-mcdonalds-posts-downbeat-results,"U.S. stocks traded higher this morning, with the Nasdaq Composite gaining around 1% on Monday. Following the market opening Monday, the Dow traded up 0.06% to 40,612.10 while the NASDAQ rose 1% to 17,529.39. The S&P 500 also rose, gaining, 0.50% to 5,486.56.",www.benzinga.com,0.185559,Somewhat-Bullish,MCD,0.16117,0.0,Neutral,2024-07-29 14:12:22,"U.S. stocks traded higher this morning, with the Nasdaq Composite gaining around 1% on Monday.
Following the market opening Monday, the Dow traded up 0.06% to 40,612.10 while the NASDAQ rose 1% to 17,529.39. The S&P 500 also rose, gaining, 0.50% to 5,486.56.
Check This Out: Top 4 Energy Stocks That May Rocket Higher In Q3
Leading and Lagging SectorsConsumer discretionary shares jumped by 1.1% on Monday.
In trading on Monday, energy shares fell by 0.9%.
Top Headline
McDonald’s Corp MCD posted worse-than-expected second-quarter financial results.
McDonald’s reported a second-quarter FY24 sales decline of 0.12% year-on-year to $6.490 billion, missing the analyst consensus of $6.608 billion. Adjusted EPS of $2.97 missed the analyst consensus estimate of $3.07.
Global comparable sales decreased 1.0%, while U.S. comparable sales slipped 0.7%.
Equities Trading UP                       
Equities Trading DOWN
Also Check This Out: This Analyst With 84% Accuracy Rate Sees More Than 10% Upside In Apple – Here Are 5 Stock Picks For Last Week From Wall Street’s Most Accurate Analysts
CommoditiesIn commodity news, oil traded up 0.1% to $77.18 while gold traded up 0.4% at $2,389.90.
Silver traded up 0.2% to $28.075 on Monday, while copper fell 1.1% to $4.0775.
Euro zone
European shares were mixed today. The eurozone's STOXX 600 gained 1%, Germany's DAX fell 0.2% and France's CAC 40 fell 0.8%. Spain's IBEX 35 Index fell 0.2%, while London's FTSE 100 rose 0.5%.
UK's net consumer credit increased by £1.2 billion over a month during June, a decline from the £1.5 billion gain recorded in May.
Asia Pacific Markets
Asian markets closed higher on Monday, with Japan's Nikkei 225 surging 2.13%, Hong Kong's Hang Seng Index gaining 1.28%, China's Shanghai Composite Index gaining 0.03% and India's S&P BSE Sensex rising 0.03%.
Singapore's Domestic Supply Price Index increased by 4.3% year-over-year in June, accelerating from a revised 2.7% gain in the prior month. Producer prices in Malaysia increased to 1.6% year-over-year for June. Profits earned by Chinese industrial firms climbed by 3.5% year-over-year to CNY 3,511.03 billion during the first six months of 2024.
Economics
The Dallas Fed Manufacturing index will be released today.
Now Read This:  
© 2024 Benzinga.com. Benzinga does not provide investment advice. All rights reserved.
Sort by estimates, projected upside, profit surprises, and more to easily find new stocks to invest in or check up on your portfolio.
Trade confidently with insights and alerts from analyst ratings, free reports and breaking news that affects the stocks you care about.
",
2024-07-29 14:55:00,McDonald's  ( MCD )  Q2 Earnings and Revenues Lag Estimates,https://www.zacks.com/stock/news/2311064/mcdonalds-mcd-q2-earnings-and-revenues-lag-estimates,"McDonald's (MCD) second-quarter U.S. comps have been hurt by the decline in guest counts, though this has been somewhat balanced by higher average checks thanks to strategic menu price increases.",www.zacks.com,0.241082,Somewhat-Bullish,MCD,0.338582,0.434983,Bullish,2024-07-29 14:55:00,"We use cookies to understand how you use our site and to improve your experience. This includes personalizing content and advertising. To learn more, click here. By continuing to use our site, you accept our use of cookies, revised Privacy Policy and Terms of Service.
New to Zacks? Get started here.
Don't Know Your Password?

Don't Know Your Password?

You are being directed to ZacksTrade, a division of LBMZ Securities and licensed broker-dealer. ZacksTrade and Zacks.com are separate companies. The web link between the two companies is not a solicitation or offer to invest in a particular security or type of security. ZacksTrade does not endorse or adopt any particular investment strategy, any analyst opinion/rating/report or any approach to evaluating individual securities.
If you wish to go to ZacksTrade, click OK. If you do not, click Cancel.
OK Cancel
Image: Bigstock
Zacks Equity Research
                    July 29, 2024

MCD Quick QuoteMCD EAT Quick QuoteEAT TXRH Quick QuoteTXRH LOCO Quick QuoteLOCO 



Better trading starts here.



You follow Analyst Blog - edit


You follow Zacks Equity Research - edit



Zacks Equity Research



Analyst Blog

McDonald's Corporation (MCD Quick QuoteMCD  -  Free Report)     reported second-quarter 2024 results, with earnings and revenues missing the Zacks Consensus Estimate. The top and bottom lines decreased on a year-over-year basis.Chairman and CEO Chris Kempczinski expressed strong belief in the company's ""Accelerating the Arches"" strategy, emphasizing its suitability for the business. Kempczinski noted that as consumers become more selective with their spending, the company remains dedicated to consistently delivering dependable value. Additionally, MCD is committed to driving strategic growth in areas such as its chicken offerings and loyalty programs.
In second-quarter 2024, McDonald's reported adjusted earnings per share (EPS) of $2.97, missing the Zacks Consensus Estimate of $3.08. Moreover, adjusted earnings decreased 6% year over year.Quarterly net revenues of $6,490 million lagged the consensus mark of $6,651 million. The top line declined 0.1% year over year.At company-operated restaurants, sales were $2.46 billion, down 1% year over year. Sales at franchise-operated restaurants amounted to $3.94 billion, which increased 0.2% year over year. Other revenues rose 16% year over year to $89 million. Our model predicted sales by company-operated and franchise-operated restaurants to rise 5.3% and 1.6% from the prior-year levels, respectively.
McDonald's Corporation price-consensus-eps-surprise-chart | McDonald's Corporation Quote
In the quarter under discussion, global comps declined 1% against 11.7% growth in the prior-year quarter. Our estimate was 1.8% growth year over year. The company’s comps decreased for the first time after increasing in thirteen straight quarters.
United States.: In the second quarter, segmental comps dropped 0.7% against 10.3% growth of  the prior year. Comparable sales were influenced by a decline in guest counts, though this was somewhat balanced by higher average checks thanks to strategic menu price increases. Effective execution at the restaurant level, along with ongoing growth in digital orders and delivery services, also contributed positively to the overall results. Our model estimated the U.S. comps to increase 0.3%.International Operated Markets: Segmental comps decreased 1.1% against 11.9% growth in the year-ago quarter. The performance of the segment was affected by declining comparable sales in several markets, with France being a significant contributor to this downturn. We anticipated a rise of 3.3% from the year-ago levels.International Developmental Licensed Segment: Segmental comparable sales registered a 1.3% decline against 14% growth in the prior-year quarter. The ongoing conflict in the Middle East and declining comparable sales in China outweighed the positive sales performance in Latin America and Japan.
In the second quarter, McDonald’s total operating costs and expenses were $3.57 billion, up 5% year over year.Operating income dropped 6% year over year to $2.92 billion. Net income totaled $2.02 billion, down 12% year over year.
MCD currently carries a Zacks Rank #3 (Hold).Some better-ranked stocks in the Zacks Retail – Restaurants industry are:Brinker International, Inc. (EAT Quick QuoteEAT  -  Free Report)     flaunts a Zacks Rank #1 (Strong Buy) at present. You can see the complete list of today’s Zacks #1 Rank stocks here.It has a trailing four-quarter earnings surprise of 213.4%, on average. EAT’s shares have surged 60.5% in the past year. The Zacks Consensus Estimate for EAT’s 2024 sales and EPS indicates 5.4% and 46.6% growth, respectively, from year-earlier actuals.Texas Roadhouse, Inc. (TXRH Quick QuoteTXRH  -  Free Report)     currently carries a Zacks Rank #2 (Buy). TXRH has a long-term earnings growth rate of 17.2%. Shares of TXRH have gained 47% in the past year.The Zacks Consensus Estimate for TXRH’s 2024 sales and EPS indicates a rise of 15.3% and 33.7%, respectively, from the year-ago period’s levels.El Pollo Loco Holdings, Inc. (LOCO Quick QuoteLOCO  -  Free Report)     carries a Zacks Rank #2 at present. LOCO has a trailing four-quarter earnings surprise of 19.4%, on average. The stock has moved up 12% in the past year.The Zacks Consensus Estimate for LOCO’s 2025 sales and EPS suggests growth of 3.8% and 9.9%, respectively, from the year-ago period’s levels.
McDonald's Corporation (MCD) - free report >>
Brinker International, Inc. (EAT) - free report >>
Texas Roadhouse, Inc. (TXRH) - free report >>
El Pollo Loco Holdings, Inc. (LOCO) - free report >>
Our experts picked 7 Zacks Rank #1 Strong Buy stocks with the best chance to skyrocket within the next 30-90 days.
Recent stocks from this report have soared up to +67.5% within 30 days - this month's picks could be even better. See our report's fresh new picks today - it's really free!
Privacy Policy  |  No cost, no obligation to buy anything ever.
Past performance is no guarantee of future results.
This page has not been authorized, sponsored, or otherwise approved or endorsed by the companies represented herein. Each of the company logos represented herein are trademarks of Microsoft Corporation; Dow Jones & Company; Nasdaq, Inc.; Forbes Media, LLC; Investor's Business Daily, Inc.; and Morningstar, Inc.
Copyright 2024 Zacks Investment Research | 10 S Riverside Plaza Suite #1600 | Chicago, IL 60606
At the center of everything we do is a strong commitment to independent research and sharing its profitable discoveries with investors. This dedication to giving investors a trading advantage led to the creation of our proven Zacks Rank stock-rating system. Since 1988 it has more than doubled the S&P 500 with an average gain of +23.68%  per year. These returns cover a period from January 1, 1988 through August 5, 2024. Zacks Rank stock-rating system returns are computed monthly based on the beginning of the month and end of the month Zacks Rank stock prices plus any dividends received during that particular month. A simple, equally-weighted average return of all Zacks Rank stocks is calculated to determine the monthly return. The monthly returns are then compounded to arrive at the annual return. Only Zacks Rank stocks included in Zacks hypothetical portfolios at the beginning of each month are included in the return calculations. Zacks Ranks stocks can, and often do, change throughout the month. Certain Zacks Rank stocks for which no month-end price was available, pricing information was not collected, or for certain other reasons have been excluded from these return calculations. Zacks may license the Zacks Mutual Fund rating provided herein to third parties, including but not limited to the issuer.
Visit Performance Disclosure for information about the performance numbers displayed above.
Visit www.zacksdata.com to get our data and content for your mobile app or website.
Real time prices by BATS. Delayed quotes by Sungard.
NYSE and AMEX data is at least 20 minutes delayed. NASDAQ data is at least 15 minutes delayed.
This site is protected by reCAPTCHA and the Google Privacy Policy, DMCA Policy and Terms of Service apply.
",
2024-07-30 07:45:44,"US Stocks Close Mixed Ahead Of Big Earnings, Fed Decision: Investor Optimism Improves Further - Tesla  ( NASDAQ:TSLA ) ",https://www.benzinga.com/news/earnings/24/07/40029782/us-stocks-close-mixed-ahead-of-big-earnings-fed-decision-investor-optimism-improves-further,"The CNN Money Fear and Greed index showed some improvement in the overall market sentiment, with the index remaining in the ""Neutral"" zone on Monday. U.S. stocks closed mixed on Monday, ahead of earnings results from major companies and the Federal Reserve's policy decision this week.",www.benzinga.com,-0.002448,Neutral,MCD,0.211191,0.19314,Somewhat-Bullish,2024-07-30 07:45:44,"The CNN Money Fear and Greed index showed some improvement in the overall market sentiment, with the index remaining in the “Neutral” zone on Monday.
U.S. stocks closed mixed on Monday, ahead of earnings results from major companies and the Federal Reserve’s policy decision this week.
The S&P 500 fell 0.8% last week, while the Nasdaq dipped 2.1%, with both indices recording posting back-to-back weekly losses. However, the Dow outperformed, with the index gaining 0.8% to record its fourth straight positive week.
On the economic data front, the Dallas Fed Manufacturing index declined to -17.5 in July versus a reading of -15.1 in the prior month.
Shares of ON Semiconductor Corp ON rose 11.5% in Monday’s session after the company reported better-than-expected second-quarter financial results. McDonald's Corp MCD posted worse-than-expected second-quarter financial results. Tesla, Inc. TSLA shares jumped 5.6% on Monday after Morgan Stanley reiterated an Overweight rating and maintained a price target of $310.
Most sectors on the S&P 500 closed on a positive note, with consumer discretionary, communication services, and real estate stocks recording the biggest gains on Monday. However, energy and information technology stocks bucked the overall market trend, closing the session lower.
The Dow Jones closed lower by around 49 points to 40,539.93 on Monday. The S&P 500 gained 0.08% at 5,463.54, while the Nasdaq Composite climbed 0.07% at 17,370.20 during Monday's session.
Investors are awaiting earnings results from Microsoft Corporation MSFT, Pfizer Inc. PFE, and The Procter & Gamble Company PG today.
What is CNN Business Fear & Greed Index?
At a current reading of 45.7, the index remained in the “Neutral” zone on Monday, versus a prior reading of 45.
The Fear & Greed Index is a measure of the current market sentiment. It is based on the premise that higher fear exerts pressure on stock prices, while higher greed has the opposite effect. The index is calculated based on seven equal-weighted indicators. The index ranges from 0 to 100, where 0 represents maximum fear and 100 signals maximum greediness.
Read Next: 
© 2024 Benzinga.com. Benzinga does not provide investment advice. All rights reserved.
Sort by estimates, projected upside, profit surprises, and more to easily find new stocks to invest in or check up on your portfolio.
Trade confidently with insights and alerts from analyst ratings, free reports and breaking news that affects the stocks you care about.
",
2024-07-30 13:26:56,McDonald's Analysts Cut Their Forecasts After Downbeat Earnings - McDonald's  ( NYSE:MCD ) ,https://www.benzinga.com/news/earnings/24/07/40038432/mcdonalds-analysts-cut-their-forecasts-after-downbeat-earnings,"McDonald's Corp MCD posted worse-than-expected second-quarter financial results on Monday. McDonald's reported a second-quarter FY24 sales decline of 0.12% year-on-year to $6.490 billion, missing the analyst consensus of $6.608 billion.",www.benzinga.com,0.186324,Somewhat-Bullish,MCD,0.272788,0.0,Neutral,2024-07-30 13:26:56,"McDonald's Corp MCD posted worse-than-expected second-quarter financial results on Monday.
McDonald's reported a second-quarter FY24 sales decline of 0.12% year-on-year to $6.490 billion, missing the analyst consensus of $6.608 billion. Adjusted EPS of $2.97 missed the analyst consensus estimate of $3.07, according to data from Benzinga Pro.
Global comparable sales decreased 1.0%, while U.S. comparable sales slipped 0.7%.
“We are confident that Accelerating the Arches is the right playbook for our business and as consumers are more discriminating with their spend, we are focused on the outstanding execution of delivering reliable, everyday value and accelerating strategic growth drivers like chicken and loyalty,” said CEO Chris Kempczinski.
McDonald’s expects net restaurant unit expansion to contribute nearly 2% to 2024 Systemwide sales growth in constant currencies. It anticipates that the full-year 2024 Selling, general and administrative expenses will be about 2.2% of Systemwide sales, and the 2024 operating margin will be in the mid-to-high 40% range.
McDonald’s shares gained 3.7% to close at $261.42 on Monday.
These analysts made changes to their price targets on McDonald’s following the announcement.
Read More: 
© 2024 Benzinga.com. Benzinga does not provide investment advice. All rights reserved.
Sort by estimates, projected upside, profit surprises, and more to easily find new stocks to invest in or check up on your portfolio.
Trade confidently with insights and alerts from analyst ratings, free reports and breaking news that affects the stocks you care about.
",
2024-08-01 15:34:00,"Cheesecake Factory  ( CAKE )  Q2 Earnings Beat Estimates, Rise Y/Y",https://www.zacks.com/stock/news/2314534/cheesecake-factory-cake-q2-earnings-beat-estimates-rise-yy,Cheesecake Factory's (CAKE) fiscal second-quarter performance benefits from strong consumer demand and new restaurant openings.,www.zacks.com,0.060089,Neutral,MCD,0.079261,-0.219855,Somewhat-Bearish,2024-08-01 15:34:00,"We use cookies to understand how you use our site and to improve your experience. This includes personalizing content and advertising. To learn more, click here. By continuing to use our site, you accept our use of cookies, revised Privacy Policy and Terms of Service.
New to Zacks? Get started here.
Don't Know Your Password?

Don't Know Your Password?

You are being directed to ZacksTrade, a division of LBMZ Securities and licensed broker-dealer. ZacksTrade and Zacks.com are separate companies. The web link between the two companies is not a solicitation or offer to invest in a particular security or type of security. ZacksTrade does not endorse or adopt any particular investment strategy, any analyst opinion/rating/report or any approach to evaluating individual securities.
If you wish to go to ZacksTrade, click OK. If you do not, click Cancel.
OK Cancel
Image: Shutterstock
Zacks Equity Research
                    August 01, 2024

SBUX Quick QuoteSBUX MCD Quick QuoteMCD CMG Quick QuoteCMG CAKE Quick QuoteCAKE 



Better trading starts here.



You follow Analyst Blog - edit


You follow Zacks Equity Research - edit



Zacks Equity Research



Analyst Blog

The Cheesecake Factory Incorporated (CAKE Quick QuoteCAKE  -  Free Report)     reported second-quarter fiscal 2024 results, with earnings beating the Zacks Consensus Estimate and revenues missing the same. The top and the bottom line increased from the prior-year quarter’s figure.During the quarter, CAKE stated benefits from strong demand and sales performance of new restaurant openings. Also, improvements in food efficiencies, labor productivity, overtime and wage management enhanced restaurant-level profitability. The company emphasizes strengthening its operational service to drive long-term growth.
In the quarter under review, the company reported adjusted earnings per share (EPS) of $1.09, beating the Zacks Consensus Estimate of $1 by 9%. In the year-ago period, the company reported adjusted EPS of 88 cents.
 
The Cheesecake Factory Incorporated price-consensus-eps-surprise-chart | The Cheesecake Factory Incorporated Quote
 
Quarterly revenues of $904 million missed the consensus estimate of $907 million by 0.4%. The top line increased 4.4% on a year-over-year basis.
In the reported quarter, comps at Cheesecake Factory restaurants inched up 1.4% year over year compared with 1.5% rise reported in the prior-year quarter. We projected comps to decline 0.4% year over year.North Italia comps rose 2% year over year compared with 8% growth reported in the year-ago quarter. Our model suggested the metric to rise 4% year over year.
The cost of food and beverage, as a percentage of revenues, contracted 90 basis points (bps) year over year to 22.3% in the fiscal first quarter. We expected the metric to be 22.6% of revenues in the quarter.Labor expenses, as a percentage of total revenues, amounted to 35.1%, down 20 bps year over year. We expected the metric to be 35.4% of revenues in the quarter.Other operating costs, as a percentage of total revenues, were 26.4%, up 20 bps from the prior-year quarter’s level. In the quarter, we anticipated the metric to be 26% of revenues.General and administrative expenses accounted for 6% of revenues, down 40 bps year over year. Our model predicted the metric to be 6.4% of revenues in the fiscal second quarter.In the fiscal second quarter, pre-opening expenses accounted for 0.8% of revenues, up 10 bps year over year.
As of Jul 2, 2024, Cheesecake Factory’s cash and cash equivalents totaled $40.7 million compared with $56.3 million as of Jan 2, 2024. Long-term debt (net of issuance costs) was $471.1 million compared with $470 million as of Jan 2, 2024. As of Jul 2, the company had a total available liquidity of $277.2 million compared with $296.7 million reported in the previous quarter.Management declared a quarterly cash dividend of 27 cents per share. The dividend will be payable on Aug 27 to shareholders of record as of Aug 14, 2024. In the fiscal second quarter, CAKE repurchased approximately 111,400 shares for $3.9 million.
In the quarter under review, the company opened five new restaurants. The openings included one Cheesecake Factory, one North Italia restaurant, two Flower Child locations and one Culinary Dropout.Internationally, the company opened a Cheesecake Factory restaurant under licensing agreements in China. Subsequent to the quarter-end, the company opened a Blanco location in Southern California.In the fiscal 2024, the management expects to open 22 new restaurants. This includes three Cheesecake factories, six to seven North Italia's, six to seven Flower Child and seven to eight FRC restaurants.
Cheesecake Factory currently has a Zacks Rank #2 (Buy). You can see the complete list of today’s Zacks Rank #1 (Strong Buy) stocks here.
Starbucks Corporation (SBUX Quick QuoteSBUX  -  Free Report)     reported mixed third-quarter fiscal 2024 results, with earnings meeting the Zacks Consensus Estimate, but revenues missing the same. The top and the bottom line declined on a year-over-year basis. The downside can be attributed to the competitive market dynamics in China, macro challenges, and price wars.
In the fiscal third quarter, the company reported adjusted EPS of 93 cents, in line with the Zacks Consensus Estimate. The bottom line declined 7% year over year from $1.00. Quarterly revenues of $9,113.9 million missed the Zacks Consensus Estimate of $9,224 million. The top line dropped 0.6% on a year-over-year basis due to dismal international revenues. Global comparable store sales declined 3% year over year. The downside was backed by a decline of 5% in comparable transactions, partially overshadowed by a 2% increase in average tickets.
Chipotle Mexican Grill, Inc. (CMG Quick QuoteCMG  -  Free Report)     released impressive second-quarter 2024 results, with earnings and revenues beating the Zacks Consensus Estimate. The top and the bottom line increased on a year-over-year basis. During the quarter, the company benefited from successful promotions regarding Chicken Al Pastor driving significant engagement and sales. Also, the emphasis on throughput and staff training proved effective in meeting heightened demand and supported transaction growth.
During the second quarter, CMG reported adjusted EPS of 34 cents, outpacing the Zacks Consensus Estimate of 31 cents. The bottom line increased 36% from 25 cents reported in the year-ago quarter. Quarterly revenues of $2.97 billion surpassed the consensus mark of $2.94 billion by 1.3%. The top line rose 18.2% on a year-over-year basis. The upside was driven by strong comparable restaurant sales growth backed by increased transactions (8.7%) and average checks (2.4%).
McDonald's Corporation (MCD Quick QuoteMCD  -  Free Report)     reported drab second-quarter 2024 results, with earnings and revenues missing the Zacks Consensus Estimate. The top and bottom lines decreased on a year-over-year basis. The dismal performance was caused by a pressured industry landscape and the war in the Middle East.
During the second quarter, McDonald's reported adjusted EPS of $2.97, missing the Zacks Consensus Estimate of $3.08. Moreover, adjusted earnings decreased 6% year over year. Quarterly net revenues of $6,490 million lagged the consensus mark of $6,651 million. The top line declined 0.1% year over year. Global comps declined 1% against 11.7% growth in the prior-year quarter.
Starbucks Corporation (SBUX) - free report >>
McDonald's Corporation (MCD) - free report >>
Chipotle Mexican Grill, Inc. (CMG) - free report >>
The Cheesecake Factory Incorporated (CAKE) - free report >>
Our experts picked 7 Zacks Rank #1 Strong Buy stocks with the best chance to skyrocket within the next 30-90 days.
Recent stocks from this report have soared up to +67.5% within 30 days - this month's picks could be even better. See our report's fresh new picks today - it's really free!
Privacy Policy  |  No cost, no obligation to buy anything ever.
Past performance is no guarantee of future results.
This page has not been authorized, sponsored, or otherwise approved or endorsed by the companies represented herein. Each of the company logos represented herein are trademarks of Microsoft Corporation; Dow Jones & Company; Nasdaq, Inc.; Forbes Media, LLC; Investor's Business Daily, Inc.; and Morningstar, Inc.
Copyright 2024 Zacks Investment Research | 10 S Riverside Plaza Suite #1600 | Chicago, IL 60606
At the center of everything we do is a strong commitment to independent research and sharing its profitable discoveries with investors. This dedication to giving investors a trading advantage led to the creation of our proven Zacks Rank stock-rating system. Since 1988 it has more than doubled the S&P 500 with an average gain of +23.68%  per year. These returns cover a period from January 1, 1988 through August 5, 2024. Zacks Rank stock-rating system returns are computed monthly based on the beginning of the month and end of the month Zacks Rank stock prices plus any dividends received during that particular month. A simple, equally-weighted average return of all Zacks Rank stocks is calculated to determine the monthly return. The monthly returns are then compounded to arrive at the annual return. Only Zacks Rank stocks included in Zacks hypothetical portfolios at the beginning of each month are included in the return calculations. Zacks Ranks stocks can, and often do, change throughout the month. Certain Zacks Rank stocks for which no month-end price was available, pricing information was not collected, or for certain other reasons have been excluded from these return calculations. Zacks may license the Zacks Mutual Fund rating provided herein to third parties, including but not limited to the issuer.
Visit Performance Disclosure for information about the performance numbers displayed above.
Visit www.zacksdata.com to get our data and content for your mobile app or website.
Real time prices by BATS. Delayed quotes by Sungard.
NYSE and AMEX data is at least 20 minutes delayed. NASDAQ data is at least 15 minutes delayed.
This site is protected by reCAPTCHA and the Google Privacy Policy, DMCA Policy and Terms of Service apply.
",
2024-08-02 12:34:00,Wendy's  ( WEN )  Q2 Earnings and Revenues Lag Estimates,https://www.zacks.com/stock/news/2315181/wendys-wen-q2-earnings-and-revenues-lag-estimates,"Wendy's (WEN) second-quarter fiscal 2024 results benefit from solid same-restaurant sales, strength in U.S. breakfast sales and digital sales momentum.",www.zacks.com,0.040857,Neutral,MCD,0.068306,-0.256569,Somewhat-Bearish,2024-08-02 12:34:00,"We use cookies to understand how you use our site and to improve your experience. This includes personalizing content and advertising. To learn more, click here. By continuing to use our site, you accept our use of cookies, revised Privacy Policy and Terms of Service.
New to Zacks? Get started here.
Don't Know Your Password?

Don't Know Your Password?

You are being directed to ZacksTrade, a division of LBMZ Securities and licensed broker-dealer. ZacksTrade and Zacks.com are separate companies. The web link between the two companies is not a solicitation or offer to invest in a particular security or type of security. ZacksTrade does not endorse or adopt any particular investment strategy, any analyst opinion/rating/report or any approach to evaluating individual securities.
If you wish to go to ZacksTrade, click OK. If you do not, click Cancel.
OK Cancel
Image: Bigstock
Zacks Equity Research
                    August 02, 2024

SBUX Quick QuoteSBUX MCD Quick QuoteMCD CMG Quick QuoteCMG WEN Quick QuoteWEN 



Better trading starts here.



You follow Analyst Blog - edit


You follow Zacks Equity Research - edit



Zacks Equity Research



Analyst Blog

The Wendy’s Company (WEN Quick QuoteWEN  -  Free Report)     reported dismal second-quarter fiscal 2024 results, with earnings and revenues missing the Zacks Consensus Estimate. On a year-over-year basis, the top line rose while the bottom line declined. Solid same-restaurant sales and strength in U.S. breakfast sales and digital sales momentum aided the company’s performance.The company continues to focus on industry-leading quality, innovation and value. It aims to maintain a customer-first approach while driving its restaurant economic model throughout the year and beyond.Following the announcement, the stock moved up 0.2% during the trading session on Aug 1, 2024.
WEN reported adjusted earnings per share (EPS) of 27 cents, missing the Zacks Consensus Estimate of 28 cents. In the prior-year quarter, it reported adjusted EPS of 28 cents.Revenues of $570.7 million missed the consensus mark of $577.3 million. However, the top line inched up 1.6% on a year-over-year basis on the back of net new restaurant development and higher same-restaurant sales. Also, a rise in franchise royalty revenues and advertising funds revenues added to the upside.
 
  
The Wendy's Company price-consensus-eps-surprise-chart | The Wendy's Company Quote
 
Same-restaurant sales at international restaurants (excluding Argentina) rose 2.5% year over year compared with 7.2% a year ago. Our estimate was pegged at 2.1%.Comps at global restaurants inched up 0.8% year over year compared with 5.1% in the prior-year quarter. Comps in the United States registered a 0.6% year-over-year improvement compared with 4.9% in the year-ago quarter.In the quarter under review, Wendy’s inaugurated 64 restaurants globally, marking an increase of 13 net new units.
During the reported quarter, global system-wide sales — including company-operated and franchise restaurants — rose 2.6% year over year. System-wide sales in the U.S. and International segments were up 1.7% and 8.3% year over year, respectively.
During the quarter under review, the company-operated restaurant margin came in at 16.5% compared with 17.3% in the prior-year quarter. The downside was due to higher labor costs and reduced customer count, though this was partly offset by an increased average check.General and administrative expenses were $61.5 million compared with $62.7 million a year ago. The downside was caused by reduced incentive compensation accruals and lower outside professional services, driven by the previous year’s costs for implementing the company’s human capital management system. This was partially offset by an increase in employee compensation and benefits. We projected the metric to be $68.6 million.Quarterly operating profit amounted to $99.5 million, down 9% from the year-ago levels. The downside was caused by incremental investment in breakfast advertising, higher depreciation, higher amortization of cloud-computing arrangement costs and lower U.S. company-operated restaurant margin. However, this was partially offset by higher franchise royalty revenues and an increase in U.S. company-operated restaurant margin.Net income was $54.6 million, down 8.4% from $59.6 million in the year-ago quarter.Adjusted EBITDA totaled $143.1 million, down 1% from $144.5 million in the prior-year quarter. The downtick was primarily due to an incremental investment in breakfast advertising, higher depreciation, higher amortization of cloud-computing arrangement costs and lower U.S. company-operated restaurant margin. This was partially offset by higher franchise royalty revenues and lower general and administrative expenses. Our projection was $141.3 million.
Cash and cash equivalents as of Jun 30, 2024, totaled $465.5 million compared with $516 million on Dec 31, 2023. Inventories at the end of the fiscal second quarter amounted to $6.4 million compared with $6.7 million as of Dec 31, 2023. As of Jun 30, 2024, long-term debt was $2.72 billion compared with $2.73 billion at the end of Dec 31, 2023.Management declared a quarterly dividend of 25 cents per share. The dividend will be paid out on Sep 17, 2024, to shareholders on record as of Sep 3, 2024.
For 2024, WEN expects global system-wide sales growth in the range of 3-5% compared with the prior estimate of 5-6%. Adjusted EBITDA is still projected in the band of $535-$545 million.Adjusted EPS for 2024 is anticipated to be between 98 cents and $1.02. The Zacks Consensus Estimate is pegged at 99 cents.The company suggests cash flow from operations in the band of $365-$385 million compared with the prior estimate of $370-$390. Capital expenditures are envisioned to be between $90 million and $100 million. Free cash flow is forecast in the range of $275-$285 million compared with the prior estimate of $280-$290 million.
Wendy's currently has a Zacks Rank #3 (Hold). You can see the complete list of today’s Zacks #1 Rank (Strong Buy) stocks here.
Starbucks Corporation (SBUX Quick QuoteSBUX  -  Free Report)     reported mixed third-quarter fiscal 2024 results, with earnings meeting the Zacks Consensus Estimate and revenues missing the same. The top and the bottom line declined on a year-over-year basis. The downside was caused by the competitive market dynamics in China, macro challenges and price wars.In the fiscal third quarter, the company reported adjusted EPS of 93 cents, in line with the Zacks Consensus Estimate. The bottom line declined 7% year over year from $1.00. Quarterly revenues of $9,113.9 million missed the Zacks Consensus Estimate of $9,224 million. The top line dropped 0.6% on a year-over-year basis due to dismal international revenues. Global comparable store sales declined 3% year over year. The downside was backed by a decline of 5% in comparable transactions, partially overshadowed by a 2% increase in average tickets.Chipotle Mexican Grill, Inc. (CMG Quick QuoteCMG  -  Free Report)     released impressive second-quarter 2024 results, with earnings and revenues beating the Zacks Consensus Estimate. The top and the bottom line increased on a year-over-year basis. During the quarter, the company benefited from successful promotions regarding Chicken Al Pastor driving significant engagement and sales. Also, the emphasis on throughput and staff training proved effective in meeting heightened demand and supported transaction growth.During the second quarter, CMG reported adjusted EPS of 34 cents, outpacing the Zacks Consensus Estimate of 31 cents. The bottom line increased 36% from 25 cents reported in the year-ago quarter. Quarterly revenues of $2.97 billion surpassed the consensus mark of $2.94 billion by 1.3%. The top line rose 18.2% on a year-over-year basis. The upside was driven by strong comparable restaurant sales growth backed by increased transactions (8.7%) and average checks (2.4%).McDonald's Corporation (MCD Quick QuoteMCD  -  Free Report)     reported drab second-quarter 2024 results, with earnings and revenues missing the Zacks Consensus Estimate. The top and the bottom line declined on a year-over-year basis. The dismal performance was caused by a pressured industry landscape and the war in the Middle East.During the second quarter, McDonald's reported adjusted EPS of $2.97, missing the Zacks Consensus Estimate of $3.08. Adjusted earnings fell 6% year over year. Quarterly net revenues of $6,490 million lagged the consensus mark of $6,651 million. The top line dropped 0.1% year over year. Global comps declined 1% against 11.7% growth in the prior-year quarter.
Starbucks Corporation (SBUX) - free report >>
McDonald's Corporation (MCD) - free report >>
Chipotle Mexican Grill, Inc. (CMG) - free report >>
The Wendy's Company (WEN) - free report >>
Our experts picked 7 Zacks Rank #1 Strong Buy stocks with the best chance to skyrocket within the next 30-90 days.
Recent stocks from this report have soared up to +67.5% within 30 days - this month's picks could be even better. See our report's fresh new picks today - it's really free!
Privacy Policy  |  No cost, no obligation to buy anything ever.
Past performance is no guarantee of future results.
This page has not been authorized, sponsored, or otherwise approved or endorsed by the companies represented herein. Each of the company logos represented herein are trademarks of Microsoft Corporation; Dow Jones & Company; Nasdaq, Inc.; Forbes Media, LLC; Investor's Business Daily, Inc.; and Morningstar, Inc.
Copyright 2024 Zacks Investment Research | 10 S Riverside Plaza Suite #1600 | Chicago, IL 60606
At the center of everything we do is a strong commitment to independent research and sharing its profitable discoveries with investors. This dedication to giving investors a trading advantage led to the creation of our proven Zacks Rank stock-rating system. Since 1988 it has more than doubled the S&P 500 with an average gain of +23.68%  per year. These returns cover a period from January 1, 1988 through August 5, 2024. Zacks Rank stock-rating system returns are computed monthly based on the beginning of the month and end of the month Zacks Rank stock prices plus any dividends received during that particular month. A simple, equally-weighted average return of all Zacks Rank stocks is calculated to determine the monthly return. The monthly returns are then compounded to arrive at the annual return. Only Zacks Rank stocks included in Zacks hypothetical portfolios at the beginning of each month are included in the return calculations. Zacks Ranks stocks can, and often do, change throughout the month. Certain Zacks Rank stocks for which no month-end price was available, pricing information was not collected, or for certain other reasons have been excluded from these return calculations. Zacks may license the Zacks Mutual Fund rating provided herein to third parties, including but not limited to the issuer.
Visit Performance Disclosure for information about the performance numbers displayed above.
Visit www.zacksdata.com to get our data and content for your mobile app or website.
Real time prices by BATS. Delayed quotes by Sungard.
NYSE and AMEX data is at least 20 minutes delayed. NASDAQ data is at least 15 minutes delayed.
This site is protected by reCAPTCHA and the Google Privacy Policy, DMCA Policy and Terms of Service apply.
",
2024-08-02 12:37:00,"Shake Shack  ( SHAK )  Q2 Earnings Meet Estimates, Revenues Top",https://www.zacks.com/stock/news/2315187/shake-shack-shak-q2-earnings-meet-estimates-revenues-top,"Shake Shack's (SHAK) fiscal second-quarter performance reflects benefits from product innovations, strategic menu pricing, technology implementations and promotions.",www.zacks.com,0.093208,Neutral,MCD,0.118257,-0.196031,Somewhat-Bearish,2024-08-02 12:37:00,"We use cookies to understand how you use our site and to improve your experience. This includes personalizing content and advertising. To learn more, click here. By continuing to use our site, you accept our use of cookies, revised Privacy Policy and Terms of Service.
New to Zacks? Get started here.
Don't Know Your Password?

Don't Know Your Password?

You are being directed to ZacksTrade, a division of LBMZ Securities and licensed broker-dealer. ZacksTrade and Zacks.com are separate companies. The web link between the two companies is not a solicitation or offer to invest in a particular security or type of security. ZacksTrade does not endorse or adopt any particular investment strategy, any analyst opinion/rating/report or any approach to evaluating individual securities.
If you wish to go to ZacksTrade, click OK. If you do not, click Cancel.
OK Cancel
Image: Bigstock
Zacks Equity Research
                    August 02, 2024

SBUX Quick QuoteSBUX MCD Quick QuoteMCD CMG Quick QuoteCMG SHAK Quick QuoteSHAK 



Better trading starts here.



You follow Analyst Blog - edit


You follow Zacks Equity Research - edit



Zacks Equity Research



Analyst Blog

Shake Shack Inc. (SHAK Quick QuoteSHAK  -  Free Report)     posted decent second-quarter fiscal 2024 results, with earnings meeting the Zacks Consensus Estimate and revenues beating the same. The top and the bottom line increased on a year-over-year basis. During the quarter, the company benefited from product innovations, strategic menu pricing, technology implementations and promotions.Looking ahead, SHAK is committed to achieving efficiency across regions and formats by utilizing drive-throughs and third-party delivery. The company plans to reduce build costs by 10% in 2024 and further lower costs in 2025, enabling the exploration of new real estate options while maintaining returns. It intends to achieve strong unit-level economics and boost ROI, fostering long-term shareholder value creation.Following the results, the company’s shares moved up 16.9% during trading hours on Aug 1.
SHAK’s fiscal second-quarter adjusted earnings per share (EPS) came in at 27 cents, in line with the Zacks Consensus Estimate. In the prior-year quarter, the company reported adjusted EPS of 18 cents.
 
Shake Shack, Inc. price-consensus-eps-surprise-chart | Shake Shack, Inc. Quote
 
Quarterly revenues of $316.5 million beat the consensus mark of $314 million. The top line increased 16.4% on a year-over-year basis.Same-Shack sales increased 4% year over year compared with 1.6% growth reported in the previous quarter. Our estimate for the metric was 2.5%.Shack sales rose 16.7% year over year to $305.5 million. We suggested the metric to be $302.4 million.Licensing revenues increased 10.2% year over year to $11 million. We suggested the metric to be $11.3 million. Shack system-wide sales rose 13.5% year over year to $483.7 million.
During the quarter, operating income came in at $10.8 million compared with $4.7 million reported in the prior-year quarter. Restaurant-level profit margin was 22%, up 100 basis points (bps) year over year.In the fiscal second quarter, food and paper costs (as percentages of company revenues) contracted 120 bps year over year to 27.8%. Labor and related costs (as percentages of company revenues) contracted 30 bps year over year to 28.4%.Total expenses during the quarter came in at $305.7 million compared with $267.1 million reported in the prior-year quarter. Our estimate for the metric was $302.2 million.Adjusted EBITDA in the reported quarter amounted to $47.2 million compared with $37.1 million reported in the year-ago quarter. Adjusted EBITDA margin expanded 130 bps year over year to 14.9%.
As of Jun 26, 2024, cash and cash equivalents totaled $301.8 million compared with $224.7 million as of Dec 27, 2023. Total long-term debt at the end of the fiscal second quarter came in at $246.2 million from $245.6 million as of Dec 27, 2023.
For third-quarter fiscal 2024, the company expects total revenues to be between $311.6 million and $317 million. Licensing revenues are projected in the range of $11.6-$12 million. The company anticipates fiscal second quarter Restaurant-level profit margin to be 20-20.5%.For the fiscal 2024, the company expects revenues in the range of $1.24-$1.25 billion compared with the previous expectation of $1.22-$1.25 billion. Licensing revenues are projected in the range of $44-$45 million compared with the previous expectation of $45-$47 million. Restaurant-level profit margins are projected to reach 20.6-21% compared with the previous projection of 20.2-21%. The company expects Adjusted EBITDA in the range of $165-$170 million.The company expects approximately 40 company-operated openings during the fiscal 2024. It also anticipates approximately 40 licensed Shack openings in the same time frame.
Shake Shack currently carries a Zacks Rank #3 (Hold).
You can see the complete list of today’s Zacks #1 Rank (Strong Buy) stocks here.
Starbucks Corporation (SBUX Quick QuoteSBUX  -  Free Report)     reported mixed third-quarter fiscal 2024 results, with earnings meeting the Zacks Consensus Estimate and revenues missing the same. The top and the bottom line declined on a year-over-year basis. The downside can be attributed to the competitive market dynamics in China, macro challenges and price wars.
In the fiscal third quarter, the company reported adjusted EPS of 93 cents, in line with the Zacks Consensus Estimate. The bottom line declined 7% year over year from $1.00. Quarterly revenues of $9,113.9 million missed the Zacks Consensus Estimate of $9,224 million. The top line dropped 0.6% on a year-over-year basis due to dismal international revenues. Global comparable store sales declined 3% year over year. The downside was backed by a decline of 5% in comparable transactions, partially overshadowed by a 2% increase in average tickets.
Chipotle Mexican Grill, Inc. (CMG Quick QuoteCMG  -  Free Report)     released impressive second-quarter 2024 results, with earnings and revenues beating the Zacks Consensus Estimate. The top and the bottom line increased on a year-over-year basis. During the quarter, the company benefited from successful promotions regarding Chicken Al Pastor driving significant engagement and sales. Also, the emphasis on throughput and staff training proved effective in meeting heightened demand and supported transaction growth.
During the second quarter, CMG reported adjusted EPS of 34 cents, outpacing the Zacks Consensus Estimate of 31 cents. The bottom line increased 36% from 25 cents reported in the year-ago quarter. Quarterly revenues of $2.97 billion surpassed the consensus mark of $2.94 billion by 1.3%. The top line rose 18.2% on a year-over-year basis. The upside was driven by strong comparable restaurant sales growth backed by increased transactions (8.7%) and average checks (2.4%).
McDonald's Corporation (MCD Quick QuoteMCD  -  Free Report)     reported drab second-quarter 2024 results, with earnings and revenues missing the Zacks Consensus Estimate. The top and the bottom line declined on a year-over-year basis. The dismal performance was caused by a pressured industry landscape and the war in the Middle East.
During the second quarter, MCD reported adjusted EPS of $2.97, missing the Zacks Consensus Estimate of $3.08. Adjusted earnings fell 6% year over year. Quarterly net revenues of $6,490 million lagged the consensus mark of $6,651 million. The top line inched down 0.1% year over year. Global comps declined 1% against 11.7% growth in the prior-year quarter.
Starbucks Corporation (SBUX) - free report >>
McDonald's Corporation (MCD) - free report >>
Chipotle Mexican Grill, Inc. (CMG) - free report >>
Shake Shack, Inc. (SHAK) - free report >>
Our experts picked 7 Zacks Rank #1 Strong Buy stocks with the best chance to skyrocket within the next 30-90 days.
Recent stocks from this report have soared up to +67.5% within 30 days - this month's picks could be even better. See our report's fresh new picks today - it's really free!
Privacy Policy  |  No cost, no obligation to buy anything ever.
Past performance is no guarantee of future results.
This page has not been authorized, sponsored, or otherwise approved or endorsed by the companies represented herein. Each of the company logos represented herein are trademarks of Microsoft Corporation; Dow Jones & Company; Nasdaq, Inc.; Forbes Media, LLC; Investor's Business Daily, Inc.; and Morningstar, Inc.
Copyright 2024 Zacks Investment Research | 10 S Riverside Plaza Suite #1600 | Chicago, IL 60606
At the center of everything we do is a strong commitment to independent research and sharing its profitable discoveries with investors. This dedication to giving investors a trading advantage led to the creation of our proven Zacks Rank stock-rating system. Since 1988 it has more than doubled the S&P 500 with an average gain of +23.68%  per year. These returns cover a period from January 1, 1988 through August 5, 2024. Zacks Rank stock-rating system returns are computed monthly based on the beginning of the month and end of the month Zacks Rank stock prices plus any dividends received during that particular month. A simple, equally-weighted average return of all Zacks Rank stocks is calculated to determine the monthly return. The monthly returns are then compounded to arrive at the annual return. Only Zacks Rank stocks included in Zacks hypothetical portfolios at the beginning of each month are included in the return calculations. Zacks Ranks stocks can, and often do, change throughout the month. Certain Zacks Rank stocks for which no month-end price was available, pricing information was not collected, or for certain other reasons have been excluded from these return calculations. Zacks may license the Zacks Mutual Fund rating provided herein to third parties, including but not limited to the issuer.
Visit Performance Disclosure for information about the performance numbers displayed above.
Visit www.zacksdata.com to get our data and content for your mobile app or website.
Real time prices by BATS. Delayed quotes by Sungard.
NYSE and AMEX data is at least 20 minutes delayed. NASDAQ data is at least 15 minutes delayed.
This site is protected by reCAPTCHA and the Google Privacy Policy, DMCA Policy and Terms of Service apply.
",
2024-08-02 13:25:00,"The Zacks Analyst Blog Highlights Walmart, McDonald's, Booking Holdings and Oil-Dri",https://www.zacks.com/stock/news/2315352/the-zacks-analyst-blog-highlights-walmart-mcdonalds-booking-holdings-and-oil-dri,"Walmart, McDonald's, Booking Holdings and Oil-Dri are part of the Zacks top Analyst Blog.",www.zacks.com,0.297527,Somewhat-Bullish,MCD,0.166169,0.059376,Neutral,2024-08-02 13:25:00,"We use cookies to understand how you use our site and to improve your experience. This includes personalizing content and advertising. To learn more, click here. By continuing to use our site, you accept our use of cookies, revised Privacy Policy and Terms of Service.
New to Zacks? Get started here.
Don't Know Your Password?

Don't Know Your Password?

You are being directed to ZacksTrade, a division of LBMZ Securities and licensed broker-dealer. ZacksTrade and Zacks.com are separate companies. The web link between the two companies is not a solicitation or offer to invest in a particular security or type of security. ZacksTrade does not endorse or adopt any particular investment strategy, any analyst opinion/rating/report or any approach to evaluating individual securities.
If you wish to go to ZacksTrade, click OK. If you do not, click Cancel.
OK Cancel
Image: Bigstock
Zacks Equity Research
                    August 02, 2024

WMT Quick QuoteWMT MCD Quick QuoteMCD ODC Quick QuoteODC BKNG Quick QuoteBKNG 



Better trading starts here.



You follow Press Releases - edit


You follow Zacks Equity Research - edit



Zacks Equity Research



Press Releases

Chicago, IL – August 2, 2024 – Zacks.com announces the list of stocks featured in the Analyst Blog. Every day the Zacks Equity Research analysts discuss the latest news and events impacting stocks and the financial markets. Stocks recently featured in the blog include: Walmart Inc. (WMT Quick QuoteWMT  -  Free Report)    , McDonald's Corp. (MCD Quick QuoteMCD  -  Free Report)    , Booking Holdings Inc. (BKNG Quick QuoteBKNG  -  Free Report)     and Oil-Dri Corp. of America (ODC Quick QuoteODC  -  Free Report)    .
Here are highlights from Thursday’s Analyst Blog:
The Zacks Research Daily presents the best research output of our analyst team. Today's Research Daily features new research reports on 16 major stocks, including Walmart Inc., McDonald's Corp. and Booking Holdings Inc., as well a microcap stock Oil-Dri Corp. of America. The Zacks microcap research is unique as our research content on these small and under-the-radar companies is the only research of its type in the country.These research reports have been hand-picked from the roughly 70 reports published by our analyst team today.You can see all of today's research reports here >>>Walmart's shares have outperformed the Zacks Retail - Supermarkets industry over the past year (+77.0% vs. +46.8%). The company is gaining from its highly diversified business with contributions from various segments, channels and formats. The company's robust omnichannel initiatives have driven increased traffic in both in-store and digital channels.Walmart's strategic focus on enhancing delivery services has been particularly rewarding, leading to a consistent rise in market share for groceries. Upsides like these, along with growth in the advertising business, fueled Walmart's first-quarter results, wherein the top and bottom lines increased year over year, and e-commerce penetration grew across all markets.Management has raised its fiscal 2025 guidance. However, the retail landscape continues to be dynamic due to challenges like inflation and volatile consumer spending. High operating expenses are also a concern.(You can read the full research report on Walmart here >>>)Shares of McDonald's have declined -2.8% over the past three months against the Zacks Retail - Restaurants industry's decline of -4.6%. The company's top and the bottom line declined on a year-over-year basis due to lower global and U.S. comps. The company's comps dropped for the first time after increasing in 13 straight quarters. Also, high costs and stiff competition are potent headwinds.However, higher average checks, thanks to strategic menu price increases somewhat balanced the downside. The company is likely to benefit from menu innovation, a loyalty program and unit expansion.It believes that the strengthening of the core menu and solid marketing are likely to pave the way for additional growth in the upcoming periods.(You can read the full research report on McDonald's here >>>)Booking Holdings' shares have gained +4.7% over the year-to-date period against the Zacks Internet - Commerce industry's gain of +16.6%. The company is benefiting from a favorable travel demand environment, owing to the growing demand for global leisure travel demand.Substantial improvement in its booking trends remains a major tailwind. Solid momentum in booked room nights is contributing well to the gross bookings growth. Strong growth in rental car and airline ticket units is a major positive. Also, strong momentum across the merchant, and advertising and other businesses are other positives.The growing alternative accommodation business and flight capabilities are tailwinds for the company. However, the declining trend in agency bookings is negatively affecting its top-line growth. Also, geopolitical tensions in the Middle East region remained concerning for the company.(You can read the full research report on Booking Holdings here >>>)Shares of Oil-Dri Corporation of America have outperformed the Zacks Chemical - Diversified industry over the past year (+2.3% vs. -8.1%). This microcap company with market capitalization of $474.34 million have acquired Ultra Pet Company on May 2024, which is strengthens its position in the high-growth crystal cat litter segment and is expected to boost earnings.ODC's third-quarter fiscal 2024 sales reached $106.8 million, marking 12 consecutive quarters of year-over-year growth. The company increased its dividend 7% for the 21st consecutive year. Product launches like Cat's Pride Antibacterial Clumping Litter enhance its competitive edge.Yet, SG&A expenses grew 51% year over year in third-quarter fiscal 2024, reducing operating income 28%. Agricultural and animal health product sales fell 24% and 17% year over year, respectively. ODC's heavy reliance on Walmart for a significant portion of its sales makes its revenues vulnerable to volatility. High advertising costs impacted the company's profitability.(You can read the full research report on Ori-Dri Corporation of America here >>>)
Media Contact
Zacks Investment Research
800-767-3771 ext. 9339
support@zacks.com                                      
https://www.zacks.com                                                   
Past performance is no guarantee of future results. Inherent in any investment is the potential for loss. This material is being provided for informational purposes only and nothing herein constitutes investment, legal, accounting or tax advice, or a recommendation to buy, sell or hold a security. No recommendation or advice is being given as to whether any investment is suitable for a particular investor. It should not be assumed that any investments in securities, companies, sectors or markets identified and described were or will be profitable. All information is current as of the date of herein and is subject to change without notice. Any views or opinions expressed may not reflect those of the firm as a whole. Zacks Investment Research does not engage in investment banking, market making or asset management activities of any securities. These returns are from hypothetical portfolios consisting of stocks with Zacks Rank = 1 that were rebalanced monthly with zero transaction costs. These are not the returns of actual portfolios of stocks. The S&P 500 is an unmanaged index. Visit https://www.zacks.com/performance for information about the performance numbers displayed in this press release.
Walmart Inc. (WMT) - free report >>
McDonald's Corporation (MCD) - free report >>
Oil-Dri Corporation Of America (ODC) - free report >>
Booking Holdings Inc. (BKNG) - free report >>
Our experts picked 7 Zacks Rank #1 Strong Buy stocks with the best chance to skyrocket within the next 30-90 days.
Recent stocks from this report have soared up to +67.5% within 30 days - this month's picks could be even better. See our report's fresh new picks today - it's really free!
Privacy Policy  |  No cost, no obligation to buy anything ever.
Past performance is no guarantee of future results.
This page has not been authorized, sponsored, or otherwise approved or endorsed by the companies represented herein. Each of the company logos represented herein are trademarks of Microsoft Corporation; Dow Jones & Company; Nasdaq, Inc.; Forbes Media, LLC; Investor's Business Daily, Inc.; and Morningstar, Inc.
Copyright 2024 Zacks Investment Research | 10 S Riverside Plaza Suite #1600 | Chicago, IL 60606
At the center of everything we do is a strong commitment to independent research and sharing its profitable discoveries with investors. This dedication to giving investors a trading advantage led to the creation of our proven Zacks Rank stock-rating system. Since 1988 it has more than doubled the S&P 500 with an average gain of +23.68%  per year. These returns cover a period from January 1, 1988 through August 5, 2024. Zacks Rank stock-rating system returns are computed monthly based on the beginning of the month and end of the month Zacks Rank stock prices plus any dividends received during that particular month. A simple, equally-weighted average return of all Zacks Rank stocks is calculated to determine the monthly return. The monthly returns are then compounded to arrive at the annual return. Only Zacks Rank stocks included in Zacks hypothetical portfolios at the beginning of each month are included in the return calculations. Zacks Ranks stocks can, and often do, change throughout the month. Certain Zacks Rank stocks for which no month-end price was available, pricing information was not collected, or for certain other reasons have been excluded from these return calculations. Zacks may license the Zacks Mutual Fund rating provided herein to third parties, including but not limited to the issuer.
Visit Performance Disclosure for information about the performance numbers displayed above.
Visit www.zacksdata.com to get our data and content for your mobile app or website.
Real time prices by BATS. Delayed quotes by Sungard.
NYSE and AMEX data is at least 20 minutes delayed. NASDAQ data is at least 15 minutes delayed.
This site is protected by reCAPTCHA and the Google Privacy Policy, DMCA Policy and Terms of Service apply.
",
2024-08-03 13:58:56,Big Tech's AI promises become a 'show me' story for investors: Report,https://www.business-standard.com/companies/news/big-tech-s-ai-promises-become-a-show-me-story-for-investors-report-124080300894_1.html,"Results from Microsoft Corp., Meta Platforms Inc., Amazon.com Inc. and Apple Inc. this week signaled that biggest companies in world are still heavily investing in artificial intelligence ...",www.business-standard.com,0.081822,Neutral,MCD,0.060694,-0.137336,Neutral,2024-08-03 13:58:56,"There were some bright spots in the week that signaled the AI trade isn’t completely dead | Representational Image
 Click here to connect with us on WhatsApp
Don't miss the most important news and views of the day. Get them on our   Telegram channel
First Published: Aug 03 2024 | 7:28 PM IST
",
2024-08-15 13:10:00,"Shake Shack  ( SHAK )  Rides on Expansion Efforts, High Costs Ail",https://www.zacks.com/stock/news/2322480/shake-shack-shak-rides-on-expansion-efforts-high-costs-ail,"Shake Shack (SHAK) benefits from robust same-shack sales, strategic expansion and innovative menu offerings.",www.zacks.com,0.28009,Somewhat-Bullish,MCD,0.165031,0.177714,Somewhat-Bullish,2024-08-15 13:10:00,"We use cookies to understand how you use our site and to improve your experience. This includes personalizing content and advertising. To learn more, click here. By continuing to use our site, you accept our use of cookies, revised Privacy Policy and Terms of Service.
New to Zacks? Get started here.
Don't Know Your Password?

Don't Know Your Password?

You are being directed to ZacksTrade, a division of LBMZ Securities and licensed broker-dealer. ZacksTrade and Zacks.com are separate companies. The web link between the two companies is not a solicitation or offer to invest in a particular security or type of security. ZacksTrade does not endorse or adopt any particular investment strategy, any analyst opinion/rating/report or any approach to evaluating individual securities.
If you wish to go to ZacksTrade, click OK. If you do not, click Cancel.
OK Cancel
Image: Bigstock
Zacks Equity Research
                    August 15, 2024

BJRI Quick QuoteBJRI MCD Quick QuoteMCD RRGB Quick QuoteRRGB SHAK Quick QuoteSHAK 



Better trading starts here.



You follow Analyst Blog - edit


You follow Zacks Equity Research - edit



Zacks Equity Research



Analyst Blog

Shake Shack Inc. (SHAK Quick QuoteSHAK  -  Free Report)     has seen substantial success, driven by robust same-shack sales, strategic expansion and innovative menu offerings. However, high costs remain a concern for the company.Shake Shack is committed to effectively strategizing its expansion plans. In fiscal 2023, the company opened 41 new domestic Company-operated Shacks and 44 new licensed Shacks. In 2024, it remains on track to open around 80 new Shacks system-wide, representing approximately 15% growth in the number of units.
Additionally, the company is developing a strong pipeline for future. SHAK is dedicated to reducing the costs of its new builds, with a goal of cutting build expenses by 10% in 2024. It is also working on setting up a 2025 pipeline with even better cost efficiencies. These improvements will allow the company to consider new real estate opportunities while striving to maintain its current levels of return and profitability.
Shake Shack continues to impress investors with robust global same-shack sales growth. In the first, second, third and fourth quarters of fiscal 2023, the metric increased 10.3%, 3%, 2.3% and 2.8%, respectively, year over year. The uptrend continued in first and second-quarter fiscal 2024, with the metric increasing 1.6% and 4%, respectively, year over year. For fiscal 2024, the metric is estimated to grow by low single digits year over year. Our model predicts same-shack sales to gain 2.4% year over year in 2024.The company, which shares space with McDonald's Corporation (MCD Quick QuoteMCD  -  Free Report)    , Red Robin Gourmet Burgers, Inc. (RRGB Quick QuoteRRGB  -  Free Report)     and BJ's Restaurants, Inc. (BJRI Quick QuoteBJRI  -  Free Report)     has been making more investments in digitization to sustain its digital guest enhancement strategies in the near term. The company’s main focus for digital investment will be to improve the Kiosk experience through greater omnichannel adoption and long-term guest connection with all the new features and offers made available on the platform. These updates are expected to enhance guest experience and convenience, resulting in higher average checks.However, inflationary pressure is likely to hurt the company’s performance. Its premium ingredients have witnessed a significant increase in price in a very short period. Total expenses in the second quarter were $305.7 million compared with $267.1 million in the prior-year quarter. Commodity inflation was in the low single digits, with mid-single-digit increases in beef costs and ongoing pressure on fries. The inflationary pressures and wages, food and paper costs might hurt the company’s margins.Commodity inflation in third-quarter 2024 is anticipated to be in the low single digits, while the forecast for 2024 commodity inflation has been revised down from low single digits to flat or slightly positive. Labor inflation outside of California and other regions with high wage growth is expected to remain in the low single digits. Additionally, a 1% decrease in menu prices is scheduled for October.Year-over-year increases in marketing spend and promotional efforts, along with slightly higher pricing in the second half than anticipated and throughput initiatives, are expected to counterbalance additional macroeconomic challenges.
McDonald's: The company is likely to benefit from menu innovation, a loyalty program and unit expansion. It believes that the strengthening of the core menu and solid marketing are likely to pave the way for additional growth in the upcoming periods.The company stated achieving loyalty system-wide sales of approximately $7 billion and $26 billion in second-quarter 2024 and the trailing twelve-month period, respectively. MCD is expanding its $17 billion brands across the company’s core menu and experiencing growth in digital sales. However, it is facing challenges with weaker comparable store sales growth. In second-quarter 2024, global comps declined 1% against a rise of 11.7% reported in the prior-year quarter. Robin Gourmet Burgers: Red Robin is benefiting from its guest loyalty program and strategic plans. On May 22, 2024, the company launched the revamped Red Robin Royalty Program, marking a successful step in its strategy to revitalize the brand within the casual dining industry. The loyalty program’s membership is set to reach 14 million guests soon.BJ's Restaurants: The company is benefiting from productivity and margin enhancement initiatives and operational excellence across its restaurants. Also, BJRI’s expansion, remodeling and digital initiatives are encouraging for its prospects.
BJ's Restaurants, Inc. (BJRI) - free report >>
McDonald's Corporation (MCD) - free report >>
Red Robin Gourmet Burgers, Inc. (RRGB) - free report >>
Shake Shack, Inc. (SHAK) - free report >>
Our experts picked 7 Zacks Rank #1 Strong Buy stocks with the best chance to skyrocket within the next 30-90 days.
Recent stocks from this report have soared up to +67.5% within 30 days - this month's picks could be even better. See our report's fresh new picks today - it's really free!
Privacy Policy  |  No cost, no obligation to buy anything ever.
Past performance is no guarantee of future results.
This page has not been authorized, sponsored, or otherwise approved or endorsed by the companies represented herein. Each of the company logos represented herein are trademarks of Microsoft Corporation; Dow Jones & Company; Nasdaq, Inc.; Forbes Media, LLC; Investor's Business Daily, Inc.; and Morningstar, Inc.
Copyright 2024 Zacks Investment Research | 10 S Riverside Plaza Suite #1600 | Chicago, IL 60606
At the center of everything we do is a strong commitment to independent research and sharing its profitable discoveries with investors. This dedication to giving investors a trading advantage led to the creation of our proven Zacks Rank stock-rating system. Since 1988 it has more than doubled the S&P 500 with an average gain of +23.68%  per year. These returns cover a period from January 1, 1988 through August 5, 2024. Zacks Rank stock-rating system returns are computed monthly based on the beginning of the month and end of the month Zacks Rank stock prices plus any dividends received during that particular month. A simple, equally-weighted average return of all Zacks Rank stocks is calculated to determine the monthly return. The monthly returns are then compounded to arrive at the annual return. Only Zacks Rank stocks included in Zacks hypothetical portfolios at the beginning of each month are included in the return calculations. Zacks Ranks stocks can, and often do, change throughout the month. Certain Zacks Rank stocks for which no month-end price was available, pricing information was not collected, or for certain other reasons have been excluded from these return calculations. Zacks may license the Zacks Mutual Fund rating provided herein to third parties, including but not limited to the issuer.
Visit Performance Disclosure for information about the performance numbers displayed above.
Visit www.zacksdata.com to get our data and content for your mobile app or website.
Real time prices by BATS. Delayed quotes by Sungard.
NYSE and AMEX data is at least 20 minutes delayed. NASDAQ data is at least 15 minutes delayed.
This site is protected by reCAPTCHA and the Google Privacy Policy, DMCA Policy and Terms of Service apply.
",
2024-08-20 10:48:09,"Nasdaq, S&P 500 Futures Climb After 8-Session Market Rally: What's Going On - Invesco QQQ Trust, Series 1  ( NASDAQ:QQQ ) , SPDR S&P 500  ( ARCA:SPY ) ",https://www.benzinga.com/news/earnings/24/08/40457537/us-stocks-may-take-a-breather-after-s-p-500s-impressive-8-session-winning-streak-strategist-says-ma,"The gravity-defying climb faces risk, as the index futures trade narrowly mixed in early trading on Tuesday. That said, the recent gains could keep traders wary of a potential pullback.",www.benzinga.com,0.041002,Neutral,MCD,0.072765,0.164391,Somewhat-Bullish,2024-08-20 10:48:09,"The gravity-defying climb faces risk, as the index futures trade narrowly mixed in early trading on Tuesday. That said, the recent gains could keep traders wary of a potential pullback. A couple of speeches by Federal Reserve officials are the lone Main Street catalysts for the day even as the market has set its eyes on Fed Chair Jerome Powell’s Jackson Hole Symposium address due Friday. Until such time, the market may remain in a wait-and-watch mode.
Given the bounce in cryptocurrencies, stocks exposed to these digital assets could gain some ground and tech stocks appear on track to preserve their upward momentum. 
In premarket trading on Tuesday, the SPDR S&P 500 ETF Trust SPY edged up 0.04% to $559.82, and the Invesco QQQ ETF QQQ gained 0.10% to $481.76, according to Benzinga Pro data.
Cues From Last Session: 
Stocks climbed solidly on Monday as the multi-session run-up continued, with support coming from weak economic data and a Fed speech that perked up hopes of an incoming Fed rate cut. Minneapolis Fed President Neel Kashkari, who is considered more of a hawk, said in an exclusive interview with the Wall Street Journal, “The balance of risks has shifted, so the debate about potentially cutting rates in September is an appropriate one to have.”
 The major averages opened higher and moved roughly sideways in early trading before climbing steadily through much of the remainder of the session. The buying interest accelerated in the final few minutes of trading. 
The tech-heavy Nasdaq Composite index and the broader S&P 500 index extended their winning streak to eight, and in the process, these averages settled at their highest closing levels since July 23 and July 16, respectively. The S&P 500 is now just under 60 points away from its all-time highs. 
The 30-stock Dow Jones Industrial Average is on a five-session winning run, with Monday’s gains coming on the back of the rally in the shares of McDonald’s Corp. MCD, Amgen, Inc. AMGN and Intel Corp. INTC. The blue-chip is now at the highest level since July 17.
The gains were across the board, with all 11 S&P 500 sector classes gaining ground. Communication services, IT and consumer discretionary stocks found notable buying interest.
The Nasdaq Composite, which fell into correction territory -defined as a pullback of over 10% from recent highs, on Aug. 5 amid the market collapse set in by yen carry trade unwinding, has quickly sprung back up. The intraday low hit on Aug. 5 (15,708.54) marked a roughly 16% pullback from the July 11 intraday high of 18,671.07. The index exited correction territory in merely 11 sessions, the fastest recovery since Oct. 2011, Barron’s reported.
Insights From Analysts:
The stock market is entering a “very positive four-week equity trading window,” Goldman Sachs Trading Desk’s Managing Director Scott Rubner said in a note to clients on Monday, Bloomberg reported. The strength could come from the following:
That said, the strategist flagged pain ahead for the market. “The pain trade for equities is higher and the bar for being bearish at the beach into a Labor Day barbecue party is high,” he reportedly said. He sees the stock market turning negative after Sept. 16, given the second half of the month has historically been the worst two-week trading period of the year.
Previewing the Jackson Hole Symposium that kickstarts Thursday, WisdomTree Senior Economist and Wharton Professor Emeritus Jeremy Siegel said, Powell’s speech at 10 a.m. on Friday is the big event. “I expect him to clear the path for a rate cut in September, but not divulge the size,” the economist said.
Powell will likely say that the central bank is becoming more confident that inflation is moving towards its target and that it can afford to loosen the degree of monetary restrictiveness, Siegel said, while also cautioning that there is still much data to come, including August inflation and payrolls as well as four more jobless claims.
Upcoming Economic Data
See Also: How To Trade Futures
Stocks In Focus:
Commodities, Bonds And Global Equity Markets:
Crude oil futures fell yet again and traded around the $73.5 level, while gold futures climbed past the $2,560 mark. Bitcoin gained ground over the past 24 hours and approached the $61K mark.
The Asian markets ended Tuesday’s session on a mixed note, with the Japanese Nikkei 225 average rising sharply, while the Hong Kong, Chinese, Malaysia and Indonesian markets retreated.
The sentiment is fluid in Europe, with the Euro STOXX Index rising slightly in early trading, while the U.K.’s FTSE Index is pulling back sharply.
Read Next: 
Image Via Shutterstock
© 2024 Benzinga.com. Benzinga does not provide investment advice. All rights reserved.
Sort by estimates, projected upside, profit surprises, and more to easily find new stocks to invest in or check up on your portfolio.
Trade confidently with insights and alerts from analyst ratings, free reports and breaking news that affects the stocks you care about.
",
2024-08-20 12:43:00,"CAVA Group  ( CAVA )  to Post Q2 Earnings: Buy, Sell or Wait?",https://www.zacks.com/stock/news/2324363/cava-group-cava-to-post-q2-earnings-buy-sell-or-wait,CAVA Group's (CAVA) second-quarter 2024 top line is likely to have been aided by an increase in visitation and menu price.,www.zacks.com,0.2772,Somewhat-Bullish,MCD,0.128822,-0.052564,Neutral,2024-08-20 12:43:00,"We use cookies to understand how you use our site and to improve your experience. This includes personalizing content and advertising. To learn more, click here. By continuing to use our site, you accept our use of cookies, revised Privacy Policy and Terms of Service.
New to Zacks? Get started here.
Don't Know Your Password?

Don't Know Your Password?

You are being directed to ZacksTrade, a division of LBMZ Securities and licensed broker-dealer. ZacksTrade and Zacks.com are separate companies. The web link between the two companies is not a solicitation or offer to invest in a particular security or type of security. ZacksTrade does not endorse or adopt any particular investment strategy, any analyst opinion/rating/report or any approach to evaluating individual securities.
If you wish to go to ZacksTrade, click OK. If you do not, click Cancel.
OK Cancel
Image: Bigstock
Harendra Ray
                    August 20, 2024

MCD Quick QuoteMCD DRI Quick QuoteDRI QSR Quick QuoteQSR CAVA Quick QuoteCAVA 



Better trading starts here.



You follow Analyst Blog - edit


You follow Harendra Ray - edit



Harendra Ray



Analyst Blog

CAVA Group, Inc. (CAVA Quick QuoteCAVA  -  Free Report)     is slated to release second-quarter 2024 financial numbers on Aug 22, after the closing bell.In the last reported quarter, the company’s earnings beat the Zacks Consensus Estimate by 200%. CAVA surpassed earnings in all of the trailing four quarters, the surprise being 450%, on average.
The Zacks Consensus Estimate for second-quarter earnings per share (EPS) has remained flat at 12 cents. The estimated figure indicates a 42.9% decline from the year-ago EPS of 21 cents. However, the consensus mark for revenues is pegged at $220.6 million, indicating 27.6% year-over-year growth.
Our proven model doesn't conclusively predict an earnings beat for CAVA Group this time around. The combination of a positive Earnings ESP and a Zacks Rank #1 (Strong Buy), 2 (Buy) or 3 (Hold) increases the odds of an earnings beat.Earnings ESP: The company has an Earnings ESP of 0.00%. You can uncover the best stocks to buy or sell before they’re reported with our Earnings ESP Filter.Zacks Rank: The company carries a Zacks Rank #3 (Hold) at present.
CAVA Group, Inc. price-eps-surprise | CAVA Group, Inc. Quote
The company’s performance is likely to be aided by strategic initiatives such as the nationwide introduction of premium-priced steak and a revamped loyalty program. Menu price increases, robust digitalization, a favorable product mix and new restaurant openings continue to drive growth. Its performance is also likely to have been aided by robust visitation. CAVA is committed to maintaining high standards of restaurant operations, ensuring excellence at every location and during every shift, which is aiding the company.The company's emphasis on category-defining brands and highly-differentiated product offerings bolstered growth prospects to some extent. A sequential improvement in visitation is likely to have driven the top line. The Zacks Consensus Estimate for CAVA Group’s restaurant sales is pegged at $218.4 million, suggesting an increase of 25.7% year over year. The consensus mark for CAVA’s same restaurant sales is pegged at growth of 7.2% year over year.However, increases in food, beverage and packaging expenses, along with labor inflation due to higher average hourly wages, are likely to have negatively impacted the bottom line. Commodity inflation is also likely to have been an overhang.
This year, CAVA stock has outperformed the industry and the S&P 500. Year to date, the stock has skyrocketed 133.1% against the industry’s decline of 2.4%. However, other major players have also seen declines — Darden Restaurants, Inc. (DRI Quick QuoteDRI  -  Free Report)     is down 8.9%, McDonald's Corporation (MCD Quick QuoteMCD  -  Free Report)     is down 3% and Restaurant Brands International Inc. (QSR Quick QuoteQSR  -  Free Report)     is down 8.4%. 
Image Source: Zacks Investment Research
The company is currently valued at a premium compared with the industry on a forward 12-month P/S basis. CAVA’s forward 12-month price-to-sales ratio stands at 11.18, significantly higher than the industry’s ratio of 3.79 and the S&P 500's ratio of 5.28. This suggests that investors might be paying a high price relative to the company's expected earnings growth.
Image Source: Zacks Investment Research
For existing shareholders, holding onto the CAVA stock is a prudent choice, given the company’s strong market position, strategic growth initiatives and impressive earnings record. The company’s robust growth, enhanced by technological advancements and a focus on customer experience, bodes well. However, potential new investors might want to wait for a pullback or a more attractive valuation before initiating a position, as the current premium pricing and potential cost pressures could limit near-term gains.Stay on top of upcoming earnings announcements with the Zacks Earnings Calendar.
McDonald's Corporation (MCD) - free report >>
Darden Restaurants, Inc. (DRI) - free report >>
Restaurant Brands International Inc. (QSR) - free report >>
CAVA Group, Inc. (CAVA) - free report >>
Our experts picked 7 Zacks Rank #1 Strong Buy stocks with the best chance to skyrocket within the next 30-90 days.
Recent stocks from this report have soared up to +67.5% within 30 days - this month's picks could be even better. See our report's fresh new picks today - it's really free!
Privacy Policy  |  No cost, no obligation to buy anything ever.
Past performance is no guarantee of future results.
This page has not been authorized, sponsored, or otherwise approved or endorsed by the companies represented herein. Each of the company logos represented herein are trademarks of Microsoft Corporation; Dow Jones & Company; Nasdaq, Inc.; Forbes Media, LLC; Investor's Business Daily, Inc.; and Morningstar, Inc.
Copyright 2024 Zacks Investment Research | 10 S Riverside Plaza Suite #1600 | Chicago, IL 60606
At the center of everything we do is a strong commitment to independent research and sharing its profitable discoveries with investors. This dedication to giving investors a trading advantage led to the creation of our proven Zacks Rank stock-rating system. Since 1988 it has more than doubled the S&P 500 with an average gain of +23.68%  per year. These returns cover a period from January 1, 1988 through August 5, 2024. Zacks Rank stock-rating system returns are computed monthly based on the beginning of the month and end of the month Zacks Rank stock prices plus any dividends received during that particular month. A simple, equally-weighted average return of all Zacks Rank stocks is calculated to determine the monthly return. The monthly returns are then compounded to arrive at the annual return. Only Zacks Rank stocks included in Zacks hypothetical portfolios at the beginning of each month are included in the return calculations. Zacks Ranks stocks can, and often do, change throughout the month. Certain Zacks Rank stocks for which no month-end price was available, pricing information was not collected, or for certain other reasons have been excluded from these return calculations. Zacks may license the Zacks Mutual Fund rating provided herein to third parties, including but not limited to the issuer.
Visit Performance Disclosure for information about the performance numbers displayed above.
Visit www.zacksdata.com to get our data and content for your mobile app or website.
Real time prices by BATS. Delayed quotes by Sungard.
NYSE and AMEX data is at least 20 minutes delayed. NASDAQ data is at least 15 minutes delayed.
This site is protected by reCAPTCHA and the Google Privacy Policy, DMCA Policy and Terms of Service apply.
",
2024-08-22 16:32:22,McDonald's Bold £1 Billion Investment Plan To Open Over 200 New Locations In The UK As The Stock Propels Up 9% - McDonald's  ( NYSE:MCD ) ,https://www.benzinga.com/trading-ideas/24/08/40512601/mcdonalds-bold-1-billion-investment-plan-to-open-over-200-new-locations-in-the-uk-as-the-stock-prop,"McDonald's has announced its largest regional expansion in over two decades, planning to open more than 200 new restaurants in the UK. This expansion is expected to create approximately 24,000 new jobs. McDonald's stock has shown resilience, experiencing a 9% increase in August after a ...",www.benzinga.com,0.225191,Somewhat-Bullish,MCD,0.194242,0.0,Neutral,2024-08-22 16:32:22,"McDonald's Corp MCD has announced a plan to open over 200 new restaurants in the UK and Ireland, marking its largest regional expansion in over 20 years.
This £1 billion investment will take place over the next few years, showing McDonald’s dedication to expanding its presence and serving more customers in these areas.
The plan aims to increase the number of locations and make a significant economic impact by creating around 24,000 new jobs, boosting employment opportunities in the region.
This will add to the current workforce of over 170,000 people across 1,435 existing McDonald’s outlets in the UK, with 80% operated by franchisees.
McDonald’s is also planning to innovate its restaurant formats to meet changing consumer habits and preferences.
The introduction of smaller sites and ""drive to"" locations reflects a strategic response to the growing demand in the UK’s food-to-go sector, expected to grow by 40% by 2028.
Additionally, McDonald’s global strategy includes opening 10,000 new restaurants worldwide by 2027, supporting a bold vision for the future.
From an investment standpoint, McDonald’s stock tells a story of resilience and potential. Although its value dropped by 2% this year, August saw a 9% rise, signaling a positive change in investor sentiment.
This followed a long consolidation period beginning in June 2023, with the stock moving between a $243 support level and a $350 resistance level.

Historically, McDonald’s stock has experienced notable volatility, from a low of $124 in March 2020 to a high of $299 in June 2023, marked by significant corrections.
Despite this, the current bullish momentum during this consolidation phase might push the stock beyond its previous highs, setting new records.
After the closing bell on Wednesday, August 21, the stock closed at $289.71, trading up by 1.39%.
This article is from an unpaid external contributor. It does not represent Benzinga's reporting and has not been edited for content or accuracy.
© 2024 Benzinga.com. Benzinga does not provide investment advice. All rights reserved.
Trade confidently with insights and alerts from analyst ratings, free reports and breaking news that affects the stocks you care about.
",
2024-08-23 05:41:07,Kamala Harris And Doug Emhoff's McDonald's Work Experience Acts As Working-Class Vote Magnet; Democrats Slam Trump's 'Silver Spoon' Background - McDonald's  ( NYSE:MCD ) ,https://www.benzinga.com/news/24/08/40521488/kamala-harris-and-doug-emhoffs-mcdonalds-work-experience-acts-as-working-class-vote-magnet-democrats,Democrats have highlighted Vice President and Democratic presidential nominee Kamala Harris and her husband Doug Emhoff's previous work at McDonald's Corp. MCD during the Democratic National Convention. What Happened: The couple's shared history with McDonald's is being used to connect with ...,www.benzinga.com,0.205207,Somewhat-Bullish,MCD,0.179788,-0.050827,Neutral,2024-08-23 05:41:07,"Democrats have highlighted Vice President and Democratic presidential nominee Kamala Harris and her husband Doug Emhoff‘s previous work at McDonald's Corp. MCD during the Democratic National Convention.
What Happened: The couple’s shared history with McDonald’s is being used to connect with working-class voters. Harris and Emhoff’s experiences resonate with the 13% of Americans who have worked at the fast-food giant, according to the company, reported CNN.
In speeches and ads, Democrats have highlighted Harris’s summer job at McDonald’s, which helped her pay for college. Former President Bill Clinton humorously noted Harris might break his record for time spent at McDonald’s.
Rep. Jasmine Crockett (D-Texas)  contrasted Harris’s background with that of former President Donald Trump, who started in real estate with a $1 million loan from his father. Emhoff also shared his McDonald’s experience, mentioning his “employee of the month” award.
""One candidate worked at McDonald's … The other was born with a silver spoon in his mouth, and helped his daddy in the family business: Housing discrimination,"" Crockett said in her convention speech Tuesday.
Democrats are using these narratives to portray Harris and Emhoff as relatable and grounded, hoping to appeal to voters who have worked in similar low-paying, demanding jobs.
Democratic vice presidential nominee Tim Walz has also tapped into this sentiment, questioning if Trump could handle working at McDonald’s. This strategy aligns with the party’s broader pro-worker narrative under President Joe Biden.
See Also: Nvidia Stock To Surge To $340 In Medium Term? Portfolio Manager Sees Strong Rally Interspersed By 35-80% Pullbacks
Why It Matters: The emphasis on Harris and Emhoff’s McDonald’s roots comes at a critical time. Recent polling data shows  Trump leading Harris by five points after a significant turnaround in election odds. This narrative aims to bolster Harris’s relatability amid her proposed tax policies, which have faced criticism from Wall Street.
At the same time, McDonald’s is making headlines with its ambitious £1 billion investment plan to open over 200 new locations in the UK and Ireland. This expansion is expected to create around 24,000 new jobs, further highlighting the company’s significant role in the job market.
Additionally, the narrative of working at McDonald’s resonates with many Americans, including notable figures like Jeff Bezos, who also started his career at the fast-food chain. 
Read Next: 
Image Via Shutterstock 
This story was generated using Benzinga Neuro and edited by Kaustubh Bagalkote
© 2024 Benzinga.com. Benzinga does not provide investment advice. All rights reserved.
Trade confidently with insights and alerts from analyst ratings, free reports and breaking news that affects the stocks you care about.
",
2024-08-23 15:00:00,"Red Robin  ( RRGB )  Q2 Earnings Lag Estimates, Revenues Beat",https://www.zacks.com/stock/news/2326559/red-robin-rrgb-q2-earnings-lag-estimates-revenues-beat,Red Robin's (RRGB) second-quarter fiscal 2024 results are negatively impacted by the broader industry slowdown.,www.zacks.com,0.014587,Neutral,MCD,0.095138,-0.2713,Somewhat-Bearish,2024-08-23 15:00:00,"We use cookies to understand how you use our site and to improve your experience. This includes personalizing content and advertising. To learn more, click here. By continuing to use our site, you accept our use of cookies, revised Privacy Policy and Terms of Service.
New to Zacks? Get started here.
Don't Know Your Password?

Don't Know Your Password?

You are being directed to ZacksTrade, a division of LBMZ Securities and licensed broker-dealer. ZacksTrade and Zacks.com are separate companies. The web link between the two companies is not a solicitation or offer to invest in a particular security or type of security. ZacksTrade does not endorse or adopt any particular investment strategy, any analyst opinion/rating/report or any approach to evaluating individual securities.
If you wish to go to ZacksTrade, click OK. If you do not, click Cancel.
OK Cancel
Image: Bigstock
Zacks Equity Research
                    August 23, 2024

SBUX Quick QuoteSBUX MCD Quick QuoteMCD CMG Quick QuoteCMG RRGB Quick QuoteRRGB 



Better trading starts here.



You follow Analyst Blog - edit


You follow Zacks Equity Research - edit



Zacks Equity Research



Analyst Blog

Red Robin Gourmet Burgers, Inc. (RRGB Quick QuoteRRGB  -  Free Report)     posted mixed second-quarter fiscal 2024 results, with earnings missing the Zacks Consensus Estimate and revenues beating the same. The top line increased year over year, while the bottom line fell from the prior-year quarter’s levels.Following the results, the company’s shares declined 14% during the after-hours trading session on Aug 22. Negative investor sentiments were witnessed as the company lowered its 2024 guidance on account of a broader industry slowdown.
In the fiscal second quarter, RRGB recorded an adjusted loss per share of 48 cents, wider than the Zacks Consensus Estimate of a loss of 41 cents. The company reported an adjusted loss per share of 24 cents in the prior-year quarter.
 
Red Robin Gourmet Burgers, Inc. price-consensus-eps-surprise-chart | Red Robin Gourmet Burgers, Inc. Quote
 
Quarterly revenues of $300.2 million beat the consensus mark of $296 million. The top line inched up 0.5% year over year. In the quarter under review, comparable restaurant revenues increased 1.4% year over year.
The restaurant-level operating profit margin was 11.8% in the fiscal second quarter (compared with 12.6% in the prior-year quarter). The figure compares to our projection of 11.9%.In the fiscal second quarter, restaurant labor costs increased 3.9% year over year to $113.9 million. The figure compares to our projection of $112.2 million.Other operating costs came in at $51.7 million compared with $51.8 million reported in the prior-year quarter. The figure compares to our projection of $54.3 million.Adjusted earnings before interest expenses, income taxes, depreciation and amortization (EBITDA) in the fiscal second quarter amounted to $11.8 million compared with $15.5 million in the prior-year quarter. Our estimate for the metric was $14.1 million.
As of Jul 14, 2024, RRGB had cash and cash equivalents of $23.1 million compared with $23.6 million as of Dec 31, 2023. Long-term debt, as of Jul 14, 2024, was $162.3 million compared with $182.6 million in the prior-year quarter. Inventories in the quarter were $27.3 million compared with $27.1 million in the previous quarter.
For the fiscal 2024, the company expects total revenues to be approximately $1.25 billion compared with the previous expectation of $1.25-$1.275 billion. Restaurant-level operating profit is anticipated in the range of 11-11.5% down from the previous expectation of 12.5-13.5%. Capital expenditures are anticipated to be between $25 million and $30 million. In 2024, adjusted EBITDA is expected in the range of $40-$45 million, down from the previous expectation of $60-$70 million.
Red Robin currently has a Zacks Rank #4 (Sell).You can see the complete list of today’s Zacks Rank #1 (Strong Buy) stocks here.
Starbucks Corporation (SBUX Quick QuoteSBUX  -  Free Report)     reported mixed third-quarter fiscal 2024 results, with earnings meeting the Zacks Consensus Estimate and revenues missing the same. The top and the bottom line declined on a year-over-year basis. The downside was due to the competitive market dynamics in China, macro challenges and price wars.
In the fiscal third quarter, the company reported adjusted EPS of 93 cents, in line with the Zacks Consensus Estimate. The bottom line declined 7% year over year from $1.00. Quarterly revenues of $9,113.9 million missed the Zacks Consensus Estimate of $9,224 million. The top line dropped 0.6% on a year-over-year basis due to dismal international revenues. Global comparable store sales declined 3% year over year. The downside was accompanied by a decline of 5% in comparable transactions, partially overshadowed by a 2% increase in average tickets.
Chipotle Mexican Grill, Inc. (CMG Quick QuoteCMG  -  Free Report)     released impressive second-quarter 2024 results, with earnings and revenues beating the Zacks Consensus Estimate. The top and the bottom line increased on a year-over-year basis. During the quarter, CMG benefited from successful promotions regarding Chicken Al Pastor driving significant engagement and sales. Also, the emphasis on throughput and staff training proved effective in meeting heightened demand and supported transaction growth.
During the second quarter, CMG reported adjusted EPS of 34 cents, outpacing the Zacks Consensus Estimate of 31 cents. The bottom line increased 36% from 25 cents reported in the year-ago quarter. Quarterly revenues of $2.97 billion surpassed the consensus mark of $2.94 billion by 1.3%. The top line rose 18.2% on a year-over-year basis. The upside was driven by strong comparable restaurant sales growth backed by increased transactions (8.7%) and average checks (2.4%).
McDonald's Corporation (MCD Quick QuoteMCD  -  Free Report)     reported drab second-quarter 2024 results, with earnings and revenues missing the Zacks Consensus Estimate. The top and the bottom line declined on a year-over-year basis. The dismal performance was caused by a pressured industry landscape and the war in the Middle East.
During the second quarter, McDonald's reported adjusted EPS of $2.97, missing the Zacks Consensus Estimate of $3.08. Moreover, adjusted earnings declined 6% year over year. Quarterly net revenues of $6,490 million lagged the consensus mark of $6,651 million. The top line dropped 0.1% year over year. Global comps declined 1% against 11.7% growth in the prior-year quarter.
Starbucks Corporation (SBUX) - free report >>
McDonald's Corporation (MCD) - free report >>
Chipotle Mexican Grill, Inc. (CMG) - free report >>
Red Robin Gourmet Burgers, Inc. (RRGB) - free report >>
Our experts picked 7 Zacks Rank #1 Strong Buy stocks with the best chance to skyrocket within the next 30-90 days.
Recent stocks from this report have soared up to +67.5% within 30 days - this month's picks could be even better. See our report's fresh new picks today - it's really free!
Privacy Policy  |  No cost, no obligation to buy anything ever.
Past performance is no guarantee of future results.
This page has not been authorized, sponsored, or otherwise approved or endorsed by the companies represented herein. Each of the company logos represented herein are trademarks of Microsoft Corporation; Dow Jones & Company; Nasdaq, Inc.; Forbes Media, LLC; Investor's Business Daily, Inc.; and Morningstar, Inc.
Copyright 2024 Zacks Investment Research | 10 S Riverside Plaza Suite #1600 | Chicago, IL 60606
At the center of everything we do is a strong commitment to independent research and sharing its profitable discoveries with investors. This dedication to giving investors a trading advantage led to the creation of our proven Zacks Rank stock-rating system. Since 1988 it has more than doubled the S&P 500 with an average gain of +23.68%  per year. These returns cover a period from January 1, 1988 through August 5, 2024. Zacks Rank stock-rating system returns are computed monthly based on the beginning of the month and end of the month Zacks Rank stock prices plus any dividends received during that particular month. A simple, equally-weighted average return of all Zacks Rank stocks is calculated to determine the monthly return. The monthly returns are then compounded to arrive at the annual return. Only Zacks Rank stocks included in Zacks hypothetical portfolios at the beginning of each month are included in the return calculations. Zacks Ranks stocks can, and often do, change throughout the month. Certain Zacks Rank stocks for which no month-end price was available, pricing information was not collected, or for certain other reasons have been excluded from these return calculations. Zacks may license the Zacks Mutual Fund rating provided herein to third parties, including but not limited to the issuer.
Visit Performance Disclosure for information about the performance numbers displayed above.
Visit www.zacksdata.com to get our data and content for your mobile app or website.
Real time prices by BATS. Delayed quotes by Sungard.
NYSE and AMEX data is at least 20 minutes delayed. NASDAQ data is at least 15 minutes delayed.
This site is protected by reCAPTCHA and the Google Privacy Policy, DMCA Policy and Terms of Service apply.
",
2024-08-23 20:01:10,"Red Robin Q2 Earnings Lag Estimates, Revenues Beat - Chipotle Mexican Grill  ( NYSE:CMG ) , McDonald's  ( NYSE:MCD ) ",https://www.benzinga.com/news/earnings/24/08/40531846/red-robin-q2-earnings-lag-estimates-revenues-beat,"Red Robin Gourmet Burgers, Inc. RRGB posted mixed second-quarter fiscal 2024 results, with earnings missing the Zacks Consensus Estimate and revenues beating the same. The top line increased year over year, while the bottom line fell from the prior-year quarter's levels.",www.benzinga.com,0.043761,Neutral,MCD,0.091509,-0.289126,Somewhat-Bearish,2024-08-23 20:01:10,"Red Robin Gourmet Burgers, Inc. RRGB posted mixed second-quarter fiscal 2024 results, with earnings missing the Zacks Consensus Estimate and revenues beating the same. The top line increased year over year, while the bottom line fell from the prior-year quarter's levels.
Following the results, the company's shares declined 14% during the after-hours trading session on Aug 22. Negative investor sentiments were witnessed as the company lowered its 2024 guidance on account of a broader industry slowdown.
In the fiscal second quarter, RRGB recorded an adjusted loss per share of 48 cents, wider than the Zacks Consensus Estimate of a loss of 41 cents. The company reported an adjusted loss per share of 24 cents in the prior-year quarter.

Red Robin Gourmet Burgers, Inc. price-consensus-eps-surprise-chart | Red Robin Gourmet Burgers, Inc. Quote
Quarterly revenues of $300.2 million beat the consensus mark of $296 million. The top line inched up 0.5% year over year. In the quarter under review, comparable restaurant revenues increased 1.4% year over year.
The restaurant-level operating profit margin was 11.8% in the fiscal second quarter (compared with 12.6% in the prior-year quarter). The figure compares to our projection of 11.9%.
In the fiscal second quarter, restaurant labor costs increased 3.9% year over year to $113.9 million. The figure compares to our projection of $112.2 million.
Other operating costs came in at $51.7 million compared with $51.8 million reported in the prior-year quarter. The figure compares to our projection of $54.3 million.
Adjusted earnings before interest expenses, income taxes, depreciation and amortization (EBITDA) in the fiscal second quarter amounted to $11.8 million compared with $15.5 million in the prior-year quarter. Our estimate for the metric was $14.1 million.
As of Jul 14, 2024, RRGB had cash and cash equivalents of $23.1 million compared with $23.6 million as of Dec 31, 2023. Long-term debt, as of Jul 14, 2024, was $162.3 million compared with $182.6 million in the prior-year quarter. Inventories in the quarter were $27.3 million compared with $27.1 million in the previous quarter.
For the fiscal 2024, the company expects total revenues to be approximately $1.25 billion compared with the previous expectation of $1.25-$1.275 billion. Restaurant-level operating profit is anticipated in the range of 11-11.5% down from the previous expectation of 12.5-13.5%. Capital expenditures are anticipated to be between $25 million and $30 million. In 2024, adjusted EBITDA is expected in the range of $40-$45 million, down from the previous expectation of $60-$70 million.
Red Robin currently has a Zacks Rank #4 (Sell).
Starbucks Corporation SBUX reported mixed third-quarter fiscal 2024 results, with earnings meeting the Zacks Consensus Estimate and revenues missing the same. The top and the bottom line declined on a year-over-year basis. The downside was due to the competitive market dynamics in China, macro challenges and price wars.
In the fiscal third quarter, the company reported adjusted EPS of 93 cents, in line with the Zacks Consensus Estimate. The bottom line declined 7% year over year from $1.00. Quarterly revenues of $9,113.9 million missed the Zacks Consensus Estimate of $9,224 million. The top line dropped 0.6% on a year-over-year basis due to dismal international revenues. Global comparable store sales declined 3% year over year. The downside was accompanied by a decline of 5% in comparable transactions, partially overshadowed by a 2% increase in average tickets.
Chipotle Mexican Grill, Inc. CMG released impressive second-quarter 2024 results, with earnings and revenues beating the Zacks Consensus Estimate. The top and the bottom line increased on a year-over-year basis. During the quarter, CMG benefited from successful promotions regarding Chicken Al Pastor driving significant engagement and sales. Also, the emphasis on throughput and staff training proved effective in meeting heightened demand and supported transaction growth.
During the second quarter, CMG reported adjusted EPS of 34 cents, outpacing the Zacks Consensus Estimate of 31 cents. The bottom line increased 36% from 25 cents reported in the year-ago quarter. Quarterly revenues of $2.97 billion surpassed the consensus mark of $2.94 billion by 1.3%. The top line rose 18.2% on a year-over-year basis. The upside was driven by strong comparable restaurant sales growth backed by increased transactions (8.7%) and average checks (2.4%).
McDonald's Corporation MCD reported drab second-quarter 2024 results, with earnings and revenues missing the Zacks Consensus Estimate. The top and the bottom line declined on a year-over-year basis. The dismal performance was caused by a pressured industry landscape and the war in the Middle East.
During the second quarter, McDonald's reported adjusted EPS of $2.97, missing the Zacks Consensus Estimate of $3.08. Moreover, adjusted earnings declined 6% year over year. Quarterly net revenues of $6,490 million lagged the consensus mark of $6,651 million. The top line dropped 0.1% year over year. Global comps declined 1% against 11.7% growth in the prior-year quarter.
To read this article on Zacks.com click here.
© 2024 Benzinga.com. Benzinga does not provide investment advice. All rights reserved.
Sort by estimates, projected upside, profit surprises, and more to easily find new stocks to invest in or check up on your portfolio.
Trade confidently with insights and alerts from analyst ratings, free reports and breaking news that affects the stocks you care about.
",
2024-08-26 12:46:24,"McDonald's, Philip Morris And 2 Other Stocks Executives Are Selling - McDonald's  ( NYSE:MCD ) ",https://www.benzinga.com/news/24/08/40551086/mcdonalds-philip-morris-and-2-other-stocks-executives-are-selling,"The Nasdaq 100 closed higher by over 1% during Friday's session. Investors, meanwhile, focused on some notable insider trades. When insiders sell shares, it could be a preplanned sale, or could indicate their concern in the company's prospects or that they view the stock as being overpriced.",www.benzinga.com,0.167221,Somewhat-Bullish,MCD,0.226301,0.176675,Somewhat-Bullish,2024-08-26 12:46:24,"The Nasdaq 100 closed higher by over 1% during Friday's session. Investors, meanwhile, focused on some notable insider trades.
When insiders sell shares, it could be a preplanned sale, or could indicate their concern in the company's prospects or that they view the stock as being overpriced. Insider sales should not be taken as the only indicator for making an investment or trading decision. At best, it can lend conviction to a selling decision.
Below is a look at a few recent notable insider sales. For more, check out Benzinga’s insider transactions platform.
Check This Out: 
© 2024 Benzinga.com. Benzinga does not provide investment advice. All rights reserved.
Trade confidently with insights and alerts from analyst ratings, free reports and breaking news that affects the stocks you care about.
",
2024-08-28 13:14:00,Domino's Stock Falls 18% in 3 Months: Should You Buy the Dip?,https://www.zacks.com/stock/news/2328306/dominos-stock-falls-18-in-3-months-should-you-buy-the-dip,"DPZ is hurt by the struggle in international markets for opening stores. The loyalty program, menu innovation and the Hungry for MORE strategy bode well.",www.zacks.com,0.164167,Somewhat-Bullish,MCD,0.087185,0.0,Neutral,2024-08-28 13:14:00,"We use cookies to understand how you use our site and to improve your experience. This includes personalizing content and advertising. To learn more, click here. By continuing to use our site, you accept our use of cookies, revised Privacy Policy and Terms of Service.
New to Zacks? Get started here.
Don't Know Your Password?

Don't Know Your Password?

You are being directed to ZacksTrade, a division of LBMZ Securities and licensed broker-dealer. ZacksTrade and Zacks.com are separate companies. The web link between the two companies is not a solicitation or offer to invest in a particular security or type of security. ZacksTrade does not endorse or adopt any particular investment strategy, any analyst opinion/rating/report or any approach to evaluating individual securities.
If you wish to go to ZacksTrade, click OK. If you do not, click Cancel.
OK Cancel
Image: Bigstock
Harendra Ray
                    August 28, 2024

SBUX Quick QuoteSBUX MCD Quick QuoteMCD YUM Quick QuoteYUM DPZ Quick QuoteDPZ 



Better trading starts here.



You follow Analyst Blog - edit


You follow Harendra Ray - edit



Harendra Ray



Analyst Blog

Shares of Domino's Pizza, Inc. (DPZ Quick QuoteDPZ  -  Free Report)     have disappointed investors in the past three months, underperforming the S&P 500 and its Industry. The company’s struggle in international markets for opening and closing stores and high costs has significantly dented the stock.In the past three months, Domino's stock has declined by 18% against the industry’s 7.1% rise. In sharp contrast, the S&P 500 increased 6.2% during the same period. As of Aug 27, the stock closed at $418.41, significantly below its 52-week high of $542.75 but above its 52-week low of $330.05. The company also underperformed other industry players like McDonald's Corporation (MCD Quick QuoteMCD  -  Free Report)    , up 16.1%, Yum! Brands, Inc. (YUM Quick QuoteYUM  -  Free Report)    , down 0.1%, and Starbucks Corporation (SBUX Quick QuoteSBUX  -  Free Report)    , up 28.3%, in the past three months.
Image Source: Zacks Investment Research
Domino's faced a notable setback in its international markets during the recent quarter, with global net new units significantly underperforming the company's and analysts' expectations. This underperformance was mainly caused by slower net growth in Japan and France, regions managed by one of Domino's key master franchisees.DPZ had set its international unit targets based on agreements with its master franchisees, but the company observed that the number of new store openings and closures during the quarter diverged significantly from plans discussed after the first quarter. This unexpected decline raises concerns about the transparency and reliability of Domino's planning process. As a result, the company decided to suspend its guidance on future unit growth.Inflationary pressures in commodity and labor costs continue to hurt the company. The industry players expect to witness higher costs for quite some time due to labor shortages. It has been witnessing labor challenges in a handful of markets. During second-quarter fiscal 2024, the general and administrative expenses (as a percentage of revenues) expanded 100 basis points to 10.5% year over year, driven by higher labor costs and expenses for the company’s Worldwide Rally that takes place every two years.The company anticipates a high inflationary environment for food and labor to persist for some time. For the third and the fourth quarter of fiscal 2024, the company expects supply chain margins to be roughly flat and down, respectively, year over year, factoring in an inflationary food basket for the rest of the year, with a full-year range of up 1-3%.
Although the company’s near-term stock performance is disappointing, the new loyalty program, menu innovation and the Hungry for MORE strategy bode well.The company is benefiting from the Hungry for MORE strategy, which primarily focuses on generating MORE sales, MORE stores and MORE profits. The strategic imperatives of this strategy include showcasing the most delicious food (M), driving operational excellence (O), delivering renowned value (R) and engaging best-in-class franchisees (E).The company is also benefiting from its partnership with Uber to drive sales. For the first six months of fiscal 2024, its same-store sales largely benefited from the sales mix from Uber, which grew to 1.4% in the first quarter and 1.9% in the second quarter. DPZ is optimistic about the incrementality of Uber sales throughout the fiscal 2024. The company expects the U.S. comps to be more than 3% in the fiscal 2024, with the third and the fourth quarter’s comp expectations being 3% or above. Uber sales are expected to grow on the back of accretive marketing and increasing awareness, with Domino’s expecting to finish the fiscal 2024 with an overall sales mix of 3% or more.Domino’s consistently focuses on diversifying its menu offerings through innovation to reach peak customer satisfaction and expand its market position. During the fiscal second quarter, the company newly launched the New York-Style pizza, which it intends to permanently keep on the menu. This menu offering is said to be outside the deliciousness idea of the prior Domino's Pizza Offerings. This innovation aims to increase sales and enhance flavor with unique toppings. The company’s Mix & Match offer includes a thin crust option and Domino's Rewards members can redeem 60 points for a free medium two-topping New York-style pizza. This move demonstrates Domino’s’ commitment to value and customer loyalty.
Estimates for DPZ’s 2024 earnings have moved up from $16.00 to $16.23 in the past 60 days. The company’s earnings and sales in 2024 are expected to witness growth of 10.7% and 7.3%, respectively, year over year.
Image Source: Zacks Investment Research
The stock is trading at 24.16 times forward earnings, which is slightly lower than the industry average of 24.51 and below its one-year median of 26.46.
 
Image Source: Zacks Investment Research
 
 
Despite Domino's recent stock decline, there are compelling reasons for existing investors to hold onto their shares. Domino's commitment to innovation, such as the introduction of the New York-Style pizza, demonstrates its focus on customer satisfaction and market expansion. The Zacks Rank #3 (Hold) company's earnings estimates for 2024 have also been revised upward, indicating potential growth despite current headwinds.For new investors, it may be wise to wait for more stability in the company’s international operations and for inflationary pressures to ease before making a fresh investment. The current challenges and uncertainties suggest that there could be better entry points in the future as DPZ's works to overcome its recent obstacles.You can see the complete list of today’s Zacks #1 Rank (Strong Buy) stocks here.
Starbucks Corporation (SBUX) - free report >>
McDonald's Corporation (MCD) - free report >>
Yum! Brands, Inc. (YUM) - free report >>
Domino's Pizza Inc (DPZ) - free report >>
Our experts picked 7 Zacks Rank #1 Strong Buy stocks with the best chance to skyrocket within the next 30-90 days.
Recent stocks from this report have soared up to +67.5% within 30 days - this month's picks could be even better. See our report's fresh new picks today - it's really free!
Privacy Policy  |  No cost, no obligation to buy anything ever.
Past performance is no guarantee of future results.
This page has not been authorized, sponsored, or otherwise approved or endorsed by the companies represented herein. Each of the company logos represented herein are trademarks of Microsoft Corporation; Dow Jones & Company; Nasdaq, Inc.; Forbes Media, LLC; Investor's Business Daily, Inc.; and Morningstar, Inc.
Copyright 2024 Zacks Investment Research | 10 S Riverside Plaza Suite #1600 | Chicago, IL 60606
At the center of everything we do is a strong commitment to independent research and sharing its profitable discoveries with investors. This dedication to giving investors a trading advantage led to the creation of our proven Zacks Rank stock-rating system. Since 1988 it has more than doubled the S&P 500 with an average gain of +23.68%  per year. These returns cover a period from January 1, 1988 through August 5, 2024. Zacks Rank stock-rating system returns are computed monthly based on the beginning of the month and end of the month Zacks Rank stock prices plus any dividends received during that particular month. A simple, equally-weighted average return of all Zacks Rank stocks is calculated to determine the monthly return. The monthly returns are then compounded to arrive at the annual return. Only Zacks Rank stocks included in Zacks hypothetical portfolios at the beginning of each month are included in the return calculations. Zacks Ranks stocks can, and often do, change throughout the month. Certain Zacks Rank stocks for which no month-end price was available, pricing information was not collected, or for certain other reasons have been excluded from these return calculations. Zacks may license the Zacks Mutual Fund rating provided herein to third parties, including but not limited to the issuer.
Visit Performance Disclosure for information about the performance numbers displayed above.
Visit www.zacksdata.com to get our data and content for your mobile app or website.
Real time prices by BATS. Delayed quotes by Sungard.
NYSE and AMEX data is at least 20 minutes delayed. NASDAQ data is at least 15 minutes delayed.
This site is protected by reCAPTCHA and the Google Privacy Policy, DMCA Policy and Terms of Service apply.
",
